clip_id,frame_id,method,one_handed_class_0,tr_all_mm,tr_left_hand_mm,tr_right_hand_mm,tr_upper_body_minus_face_mm,tr_upper_body_minus_head_mm,tr_upper_body_mm,v2v_left_wrist_mm,v2v_right_wrist_mm
Ablehnen,149,SignDomainRawInit,False,37.98917063558944,15.840186888672056,23.396724720810642,25.147708067567574,37.772756890161276,22.372458230194592,15.840186888672056,23.396724720810642
Ablehnen,151,SignDomainRawInit,False,36.87324462037046,17.787590404027206,26.26488210168779,24.29123844145278,36.28499305971999,21.463058477534506,17.787590404027203,26.26488210168779
Ablehnen,153,SignDomainRawInit,False,35.90046962439201,18.64658772134516,12.799530598228657,22.33788138365269,31.52113634892814,20.217833571647226,18.64658772134516,12.799530598228657
Ablehnen,155,SignDomainRawInit,False,40.269059653821586,15.702633571688523,15.00112799364716,30.67010570894829,44.44629107275943,26.837420898264018,15.702633571688523,15.001127993647156
Ablehnen,157,SignDomainRawInit,False,38.75523834661658,17.054098429662094,9.290389973725441,31.600105586782224,45.691789179194174,27.463296844622086,17.054098429662094,9.29038997372544
Ablehnen,159,SignDomainRawInit,False,39.62412739519672,23.316067260222546,9.690514816228362,29.943804055230935,45.74866611861155,25.594001706343214,23.316067260222546,9.690514816228365
Ablehnen,161,SignDomainRawInit,False,39.46803930470437,23.394173511306438,10.406469066874177,29.758340334532413,44.95196100760035,25.44222341021931,23.394173511306438,10.406469066874179
Ablehnen,163,SignDomainRawInit,False,40.09320400336411,23.16259996581983,8.580944017504997,32.05579694943509,46.14130601539853,27.731167572301228,23.16259996581983,8.580944017504997
Ablehnen,165,SignDomainRawInit,False,39.6614130965322,25.20860244798702,7.672943717185065,31.123869068342277,43.718951071473214,27.02866183406719,25.20860244798702,7.672943717185065
Ablehnen,167,SignDomainRawInit,False,39.251185646225565,22.871705946357725,7.0401810597994325,30.859817079714688,42.13330584146439,26.966435810515367,22.871705946357725,7.040181059799433
Ablehnen,169,SignDomainRawInit,False,38.97004361369573,20.817555434952627,6.673515332838704,30.37885754742058,41.6543652355907,26.531268199991892,20.817555434952627,6.673515332838704
Ablehnen,171,SignDomainRawInit,False,38.852230887900724,21.683371833061468,6.605412938867607,29.709569403734015,40.39168534322816,26.05375744293197,21.683371833061468,6.605412938867606
Ablehnen,173,SignDomainRawInit,False,40.10675215665624,20.505308247967086,6.584272682175341,32.99497708256346,45.21211188573634,28.82658163979198,20.505308247967086,6.584272682175341
Ablehnen,175,SignDomainRawInit,False,40.231063393966146,20.247444770278747,6.170069513225863,32.26707518337909,45.430957920471066,28.097351387034834,20.24744477027875,6.170069513225863
Akzeptieren,124,SignDomainRawInit,False,36.166625783606065,13.317629116990298,8.782328474511173,27.967302976382452,32.485295800784336,25.902115837821494,13.317629116990298,8.78232847451117
Akzeptieren,126,SignDomainRawInit,False,36.09533766378571,11.195701599149457,6.380099336693643,27.60567814195333,31.60377167691601,25.72237419126639,11.195701599149457,6.3800993366936485
Akzeptieren,128,SignDomainRawInit,False,37.42794032105523,10.687819185548557,7.432453620529777,28.684002087706087,34.04107784915304,26.317690681445296,10.68781918554856,7.432453620529776
Akzeptieren,130,SignDomainRawInit,False,37.268225171947044,7.236953507450155,6.187724345585755,25.858748889890094,28.71506810046687,24.261834327347636,7.236953507450152,6.187724345585759
Akzeptieren,132,SignDomainRawInit,False,39.037332245792854,6.939750258298061,9.230576109289773,27.10243475498983,29.08576880839184,25.163820432443387,6.93975025829806,9.230576109289773
Akzeptieren,134,SignDomainRawInit,False,37.024820546421786,6.108171143517267,9.452594887553802,27.636717474975832,28.533022948163868,25.558801181646235,6.108171143517269,9.4525948875538
Akzeptieren,136,SignDomainRawInit,False,39.17676490237442,6.231081114144813,8.945641488604421,27.225799632565636,29.622550728084263,24.865402552206696,6.231081114144813,8.945641488604421
Akzeptieren,138,SignDomainRawInit,False,37.814402877511114,7.959633798995243,9.219363457353609,29.936954609702862,30.971696546420404,27.313592340505313,7.9596337989952435,9.21936345735361
Akzeptieren,140,SignDomainRawInit,False,37.61207506082937,6.8428284138653295,9.082853639299156,26.639406984144593,29.15215233954963,24.45289848843432,6.84282841386533,9.08285363929916
Akzeptieren,142,SignDomainRawInit,False,36.57655254301391,6.299660922949567,7.164266167478789,24.402235926974463,27.806512923907,22.341222149984908,6.299660922949569,7.164266167478788
Akzeptieren,144,SignDomainRawInit,False,36.62615654566746,7.603594072610736,7.289709509170349,22.045469490234094,26.92021859425446,19.980848997382772,7.603594072610737,7.289709509170346
Akzeptieren,146,SignDomainRawInit,False,35.443618529424185,7.253640133993661,6.240176419001224,21.573591877655684,28.810149668103158,19.346629741339495,7.2536401339936605,6.240176419001224
Akzeptieren,148,SignDomainRawInit,False,39.76303602389029,7.593723862675034,7.480071259869583,19.997391201776143,27.03287832420738,18.18806669274639,7.593723862675034,7.480071259869581
Akzeptieren,150,SignDomainRawInit,False,39.95089346068683,8.088832792473337,6.848857169794754,20.623664792452367,27.77095136440775,18.799757703020042,8.088832792473337,6.848857169794754
Akzeptieren,152,SignDomainRawInit,False,40.48509126239307,7.420746180447956,7.877868111097167,21.527607738330897,28.263641539623393,19.61815651176346,7.420746180447955,7.877868111097167
Akzeptieren,154,SignDomainRawInit,False,38.20516084902224,6.294559238957954,8.325675593421769,23.417752781386078,26.7190384622821,21.77193091459907,6.294559238957957,8.325675593421769
Akzeptieren,156,SignDomainRawInit,False,37.09379072992118,6.2977670979693485,6.620918502674783,23.88696795584629,26.702494268985728,22.28347877317932,6.297767097969348,6.620918502674785
Akzeptieren,158,SignDomainRawInit,False,35.95240591614674,6.9313099390825,7.895358396314828,23.633183510168305,26.094800963642356,22.14315031070742,6.931309939082499,7.895358396314828
Akzeptieren,160,SignDomainRawInit,False,36.36128752821915,6.356086274401807,6.762652755261252,24.111438019689313,26.52001324248605,22.590357309069553,6.356086274401804,6.762652755261252
Akzeptieren,162,SignDomainRawInit,False,37.38309595569502,6.934483830134907,6.678740040801353,23.65455858534198,26.45515558231876,22.086470276046995,6.934483830134906,6.678740040801349
Akzeptieren,164,SignDomainRawInit,False,37.81295175513283,7.157450758886539,6.915811894383191,23.330587476725047,26.63608663294503,21.740419954231132,7.1574507588865375,6.915811894383189
Akzeptieren,166,SignDomainRawInit,False,38.034874158661104,7.636437422440503,7.366038751009129,23.272840792457185,27.108483971825024,21.634572151413916,7.6364374224405,7.36603875100913
Akzeptieren,168,SignDomainRawInit,False,37.7023972454317,7.632732323626216,7.501040969349993,23.230775408942577,27.27356715213083,21.535718750028337,7.632732323626217,7.501040969349995
Akzeptieren,170,SignDomainRawInit,False,38.37908958471225,7.720047297102963,7.7065779500326785,22.934586058788476,27.319166187660525,21.22208472865288,7.720047297102961,7.706577950032677
Akzeptieren,172,SignDomainRawInit,False,38.60631292485624,8.357049980909977,7.58804123390137,22.884834771776067,27.235537302441706,21.12587769591641,8.357049980909975,7.58804123390137
Akzeptieren,174,SignDomainRawInit,False,38.92038976949862,8.30175620095263,7.442495218141935,22.932450307423817,27.455205634345173,21.148538072498845,8.30175620095263,7.442495218141935
Akzeptieren,176,SignDomainRawInit,False,37.99677269615776,8.309321427870472,7.8208810485633515,22.803720594922616,27.934235805112184,20.911297115513147,8.309321427870476,7.820881048563348
Akzeptieren,178,SignDomainRawInit,False,38.1583689953206,7.892577894001253,7.406467507360591,22.729500531352784,27.525277863802433,20.901981628437973,7.892577894001251,7.406467507360591
Akzeptieren,180,SignDomainRawInit,False,37.16280977416551,7.786479300369469,7.989307294138633,22.459887957242152,26.995790665608446,20.67511846596093,7.786479300369471,7.989307294138631
Akzeptieren,182,SignDomainRawInit,False,37.30474700893854,7.44710395348884,7.943934469154762,22.615896038549014,26.97301623235937,20.889609362680503,7.447103953488842,7.943934469154762
Akzeptieren,184,SignDomainRawInit,False,37.36533606956001,7.247927405374905,7.855456746682893,22.844464906662555,26.444693638695377,21.11630195246688,7.247927405374905,7.855456746682893
Arzt,166,SignDomainRawInit,False,39.2856940737348,11.424458209340772,12.550990042889254,23.073991354901164,27.518279038063266,21.874327566813164,11.424458209340775,12.550990042889255
Arzt,168,SignDomainRawInit,False,39.11425826627753,18.574072350300018,12.811725481911427,24.384828328937402,29.894906247535552,22.967375650550437,18.57407235030002,12.811725481911427
Arzt,170,SignDomainRawInit,False,41.449533304450654,16.64548477239443,12.511204008348566,24.832897277197006,29.475254853410355,23.390258522933916,16.645484772394433,12.511204008348564
Arzt,172,SignDomainRawInit,False,41.23671106093137,23.529850768215958,12.716256923933457,24.448927018554578,29.925022269830627,22.821713193774322,23.529850768215965,12.716256923933463
Arzt,174,SignDomainRawInit,False,42.036671450535486,23.09235688192563,12.464234731241461,24.49580597496164,30.14932770999592,22.94744781206028,23.09235688192563,12.46423473124146
Arzt,176,SignDomainRawInit,False,43.223034651792204,21.981829269910005,11.780725434937532,25.254968663983426,31.43487046170528,23.53563157367483,21.981829269909998,11.780725434937528
Arzt,178,SignDomainRawInit,False,43.76102393088288,26.374887714504496,12.43443096523522,25.998536252201323,32.097628882409495,24.22558692958748,26.3748877145045,12.434430965235219
Arzt,180,SignDomainRawInit,False,43.92421335349257,23.751712236753686,14.03008020324282,26.060081008536546,32.48243799043147,24.272439712280438,23.751712236753686,14.030080203242825
Arzt,182,SignDomainRawInit,False,44.13395170074067,21.10118972282598,16.315589290673135,26.2049448874787,31.177660840892713,24.43132064392119,21.10118972282598,16.315589290673127
Arzt,184,SignDomainRawInit,False,42.5492041227682,27.98088240669217,12.110457110836947,23.87158898529142,30.09936935861191,22.139931789011527,27.98088240669217,12.11045711083695
Arzt,186,SignDomainRawInit,False,43.07091115446798,29.890943558064638,14.176943458361295,24.033114809660784,31.05965016955979,22.103338825996516,29.890943558064645,14.176943458361295
Arzt,188,SignDomainRawInit,False,41.152691815109684,31.920306549591526,12.704932411345737,23.801915490862456,31.64919559202286,21.838529836876294,31.920306549591526,12.704932411345737
Arzt,190,SignDomainRawInit,False,42.36728203298865,27.17810100085138,12.872052485240497,22.988518752309357,29.748528133463676,21.23366030520022,27.17810100085137,12.872052485240497
Arzt,192,SignDomainRawInit,False,44.86604899285057,26.328551693842936,13.05480738720371,24.423461545126703,30.10417362241486,22.639186933455996,26.328551693842936,13.054807387203711
Arzt,194,SignDomainRawInit,False,43.86421154062166,26.18259321480793,14.242410029071268,24.2350612411149,30.004356276334853,22.427724309239938,26.182593214807923,14.24241002907127
Arzt,196,SignDomainRawInit,False,43.09260708256571,26.027810800399383,12.9133605720033,24.076775331227932,30.1928995017669,22.28026331013223,26.027810800399383,12.9133605720033
Arzt,198,SignDomainRawInit,False,43.146454904927054,28.711835645610524,14.037792121870677,22.822864924040235,29.390255608042168,21.123909810162235,28.711835645610524,14.037792121870678
Arzt,200,SignDomainRawInit,False,43.251200871984366,31.42243997415333,13.460693265950479,23.336227610407235,30.704007216892972,21.53377428306939,31.42243997415333,13.460693265950475
Arzt,202,SignDomainRawInit,False,43.11379255482513,29.669873968628842,13.205721084556034,23.90375681446114,30.837405347194547,22.114968614214167,29.669873968628846,13.205721084556034
Arzt,204,SignDomainRawInit,False,42.53249475025076,29.56803916431106,13.808720330685723,23.8676653237943,30.988168328412762,22.0229281885375,29.568039164311063,13.808720330685723
Arzt,206,SignDomainRawInit,False,46.134870218501504,31.23006482069309,12.259856512395926,24.320204053533008,31.4727054189911,22.42143566516766,31.230064820693084,12.259856512395922
AufgebenResignieren,122,SignDomainRawInit,False,47.73226202801102,29.449629959886348,24.577418842885535,43.85558966267571,35.955298516633825,41.140826661488596,29.449629959886348,24.577418842885535
AufgebenResignieren,124,SignDomainRawInit,False,48.499671904111494,42.10820946572961,27.0154934220125,45.09224016153508,39.29792588989281,42.157014460920124,42.10820946572961,27.0154934220125
AufgebenResignieren,126,SignDomainRawInit,False,47.43290793354903,41.46134871209271,39.271027332262044,43.8718400112212,39.67663402088106,40.90222518637672,41.46134871209271,39.27102733226205
AufgebenResignieren,128,SignDomainRawInit,False,47.315710747067925,41.719328243787075,42.027280480865485,43.74620301505291,39.13311907807913,40.87693287202729,41.719328243787075,42.027280480865485
AufgebenResignieren,130,SignDomainRawInit,False,47.02964032434271,44.73669212784736,41.84262825920845,43.201713715965965,39.30576476748894,40.407958290823984,44.73669212784736,41.84262825920845
AufgebenResignieren,132,SignDomainRawInit,False,42.17859087382,42.18850327871929,44.69840066395626,37.22526163467172,37.80223754589427,34.42954699429621,42.18850327871929,44.69840066395626
AufgebenResignieren,134,SignDomainRawInit,False,41.426444681515605,32.67138152572982,37.770822694119396,35.36845300669951,35.501386275161636,32.82118494722725,32.67138152572982,37.7708226941194
AufgebenResignieren,136,SignDomainRawInit,False,43.43438404194927,25.942537907935836,27.873273019220974,36.44319819954429,34.17454883111319,34.195202694263955,25.942537907935836,27.873273019220974
AufgebenResignieren,138,SignDomainRawInit,False,40.12115788423584,31.07058435568773,32.16776978718491,33.5779493142774,36.62239931701501,30.736936099500173,31.07058435568773,32.16776978718491
AufgebenResignieren,140,SignDomainRawInit,False,40.29804627285959,22.897024157582354,19.711795023303242,33.384178977903225,32.63252426566203,31.03906063439703,22.897024157582354,19.711795023303242
AufgebenResignieren,142,SignDomainRawInit,False,35.98584726214876,18.831529977806966,16.212016584710288,28.205386394652887,28.902665630943407,26.017875423178833,18.831529977806966,16.212016584710288
AufgebenResignieren,144,SignDomainRawInit,False,35.421585145095115,13.073244674094637,12.615027181643836,26.867823011831867,31.489643824414806,24.218058788659555,13.073244674094633,12.615027181643836
AufgebenResignieren,146,SignDomainRawInit,False,36.506735201167736,18.099487364376028,14.62572181594481,28.21455879894059,36.08169961077245,25.115179044689924,18.09948736437603,14.625721815944813
AufgebenResignieren,148,SignDomainRawInit,False,38.314049041952444,32.729706161361754,31.85078572314209,29.540612559671427,34.686526640654215,26.757443171992843,32.729706161361754,31.85078572314209
AufgebenResignieren,150,SignDomainRawInit,False,41.290315713069646,36.72157409036525,48.38021310820023,35.165493809719706,37.94460181372668,32.023235045969344,36.72157409036525,48.38021310820023
AufgebenResignieren,152,SignDomainRawInit,False,42.13350606356998,42.383348238823274,53.67779712033676,35.54808870141161,39.14549021197098,32.43020062856841,42.383348238823274,53.67779712033676
AufgebenResignieren,154,SignDomainRawInit,False,44.26345599050104,47.12923781405117,60.64526599587613,39.25535113845224,41.44085502921847,35.98971343920396,47.12923781405117,60.64526599587613
AufgebenResignieren,156,SignDomainRawInit,False,47.272516304055436,50.29518039845779,66.11317044867201,43.3848088511795,42.79538122301072,40.15234209199299,50.29518039845779,66.11317044867201
AufgebenResignieren,158,SignDomainRawInit,False,48.5849391912665,37.848220783677,60.48585251237751,44.90448471870118,40.38607013272377,41.963487315546445,37.84822078367701,60.485852512377505
AufgebenResignieren,160,SignDomainRawInit,False,48.374086446134804,37.90526329222527,59.33265665371637,43.901322717154116,39.874329973704825,41.09785418520586,37.905263292225285,59.332656653716384
AufgebenResignieren,162,SignDomainRawInit,False,49.032413871878546,35.38335419273635,60.85203358452054,44.934193881492206,39.859043177146894,42.19479929432115,35.38335419273635,60.85203358452054
AufgebenResignieren,164,SignDomainRawInit,False,48.88957669828295,31.86239340014045,58.232378857959084,44.40619547694883,38.540634564338085,41.8410277740931,31.86239340014045,58.232378857959084
AufgebenResignieren,166,SignDomainRawInit,False,48.149982173292585,31.538453133773764,60.26795313985504,43.677495673143795,38.47805832476582,41.04694882170472,31.53845313377377,60.26795313985504
AufgebenResignieren,168,SignDomainRawInit,False,48.208648243323566,36.40451453307183,62.48118308567749,44.30613915476967,40.2495293016013,41.46163965506877,36.40451453307183,62.48118308567749
AufgebenResignieren,170,SignDomainRawInit,False,48.09779748797775,34.89778086124,63.28333927899571,43.697750674734415,40.49657282182991,40.75830551928109,34.89778086124,63.2833392789957
AufgebenResignieren,172,SignDomainRawInit,False,46.253920145781805,34.23690014836274,63.57363522818868,41.26452174911668,40.35666193322543,38.24119072279539,34.23690014836274,63.57363522818868
AufgebenResignieren,174,SignDomainRawInit,False,46.53795748171844,29.404950333239086,61.03781768939409,41.852972245552884,39.43289930544784,38.897647591856476,29.404950333239082,61.037817689394096
AufgebenResignieren,176,SignDomainRawInit,False,47.4233397629747,28.212907282796415,61.40199257620006,42.616906835139325,39.53202069017668,39.68267253784566,28.212907282796415,61.40199257620006
AufgebenResignieren,178,SignDomainRawInit,False,46.31432715991864,27.640551174163786,60.211266346706246,41.241912086198965,38.80317128522887,38.35782664192537,27.640551174163786,60.211266346706246
AufgebenResignieren,180,SignDomainRawInit,False,45.86848775665432,26.867776496419253,58.6167099058815,41.002162907631536,38.08188290820512,38.13998201433454,26.867776496419253,58.61670990588151
AufgebenResignieren,182,SignDomainRawInit,False,45.196178864868635,29.84915977786338,59.65891349797038,39.90915151074362,38.38821209273705,36.96311311593163,29.84915977786338,59.65891349797038
AufgebenResignieren,184,SignDomainRawInit,False,45.54718383639086,32.64983315617063,59.09708161504351,40.04151056913612,39.23369372914044,36.99157927904757,32.64983315617064,59.09708161504351
AufgebenResignieren,186,SignDomainRawInit,False,44.939734551425694,33.23618265966113,58.69328633956899,39.725261160958716,39.77055020297799,36.587511730966646,33.23618265966113,58.69328633956898
AufgebenResignieren,188,SignDomainRawInit,False,44.12798228769325,31.157411508469625,56.706969986206616,38.467237294104415,38.56765993782319,35.43230999821985,31.157411508469625,56.70696998620663
AusgebenGeldVerschwenden,120,SignDomainRawInit,False,42.52011673857178,20.643345053677564,35.381473185442275,29.564358250719017,35.96965728766856,26.939875406152044,20.64334505367756,35.38147318544227
AusgebenGeldVerschwenden,122,SignDomainRawInit,False,43.630407853422966,15.150314399439111,25.998347063435034,32.23002783747253,35.21687662915313,29.817655384565942,15.150314399439115,25.998347063435034
AusgebenGeldVerschwenden,124,SignDomainRawInit,False,46.2854314710575,18.86974817362284,30.946828810982662,38.80769237386733,44.36613938800787,35.37929890945389,18.86974817362284,30.946828810982662
AusgebenGeldVerschwenden,126,SignDomainRawInit,False,45.307558590213404,16.825739023139075,27.672944166150383,36.883479415248345,45.576614186395474,33.12584336406196,16.825739023139075,27.67294416615038
AusgebenGeldVerschwenden,128,SignDomainRawInit,False,42.28599769317563,12.863411321805483,14.35959729981506,34.50074786129644,41.73706939067021,31.158612838205414,12.863411321805481,14.359597299815062
AusgebenGeldVerschwenden,130,SignDomainRawInit,False,41.18544880066014,11.723847475343613,12.742542531484872,33.44897850046068,42.93310482116971,29.94665058490701,11.72384747534361,12.742542531484872
AusgebenGeldVerschwenden,132,SignDomainRawInit,False,42.26191380100389,13.023075767238511,20.089051563524528,34.46857633454694,44.85634593622708,30.855538591515987,13.023075767238508,20.08905156352453
AusgebenGeldVerschwenden,134,SignDomainRawInit,False,39.443524449352616,21.387083557404004,27.414258859001947,33.05870956657633,39.936153881155946,29.898140813134646,21.387083557404004,27.414258859001947
AusgebenGeldVerschwenden,136,SignDomainRawInit,False,41.93797014719343,25.40019444828695,38.081415379586666,34.204314274203035,43.77375330585041,30.728402537139267,25.400194448286946,38.081415379586666
AusgebenGeldVerschwenden,138,SignDomainRawInit,False,37.94874493663213,24.708147848682465,43.22562664621791,30.770276385511774,40.05957910842959,27.479017166196513,24.708147848682465,43.22562664621791
AusgebenGeldVerschwenden,140,SignDomainRawInit,False,37.892151109247536,20.066873175377797,38.60569454502803,28.7429345660472,36.82460070198795,25.978760937820816,20.0668731753778,38.605694545028044
AusgebenGeldVerschwenden,142,SignDomainRawInit,False,38.24325216311128,20.99845241634658,33.11672902371005,27.815850949060234,34.96014083258407,25.349434413531277,20.99845241634658,33.11672902371005
AusgebenGeldVerschwenden,144,SignDomainRawInit,False,37.043791266055464,17.687489323562144,26.076019631062806,26.70233718504405,33.061392951857854,24.380572466250708,17.687489323562144,26.076019631062803
AusgebenGeldVerschwenden,146,SignDomainRawInit,False,37.148452042513874,14.425762406209966,15.385191531513883,26.88276867355223,29.40638464171924,24.91804039661888,14.425762406209971,15.385191531513883
AusgebenGeldVerschwenden,148,SignDomainRawInit,False,39.78246909745947,20.076043050165655,21.875021292866567,30.344266927742716,32.84410098688544,27.997576845287007,20.076043050165655,21.875021292866563
AusgebenGeldVerschwenden,150,SignDomainRawInit,False,42.02770947971645,15.891269553035366,25.869254592368904,30.69900809359654,37.52809621893769,27.848184780160615,15.891269553035366,25.869254592368904
AusgebenGeldVerschwenden,152,SignDomainRawInit,False,42.55813705937852,15.77998957213371,25.86141309086128,33.63911255922394,41.376476499248355,30.490727797392406,15.77998957213371,25.861413090861276
AusgebenGeldVerschwenden,154,SignDomainRawInit,False,40.03741915901915,17.35217117698614,18.463311544994745,29.951298207155755,37.32038014911071,27.229988951659095,17.352171176986136,18.463311544994742
AusgebenGeldVerschwenden,156,SignDomainRawInit,False,37.70216800573862,14.849410813204853,12.001720392652945,26.29312263674772,31.590071346436932,24.01191299995401,14.849410813204853,12.001720392652945
Auto,104,SignDomainRawInit,False,37.51661926127375,12.34448203201004,15.058607567386156,28.616246788575452,38.81914038399115,25.731884554264138,12.344482032010042,15.058607567386156
Auto,106,SignDomainRawInit,False,36.73187875328083,12.074912128387835,14.671714671017607,27.630300582269776,37.3801264506219,24.79323632465405,12.074912128387835,14.671714671017604
Auto,108,SignDomainRawInit,False,36.49039344424102,11.508824020733536,15.985978225258615,26.76016958710985,36.78117431177548,24.207181453278775,11.508824020733536,15.985978225258615
Auto,110,SignDomainRawInit,False,36.541778161045016,12.28233341253161,13.52792752108937,27.563492453308704,41.31633223916199,24.735482232276286,12.282333412531607,13.52792752108937
Auto,112,SignDomainRawInit,False,34.24986122701989,12.242518652794127,13.93293640190847,26.13409447891622,38.98386284377087,23.112246038154336,12.242518652794127,13.93293640190847
Auto,114,SignDomainRawInit,False,35.2860360316681,12.814730424643686,12.276069023873964,27.513787515850908,40.37129333034946,24.464123776641163,12.814730424643686,12.276069023873962
Auto,116,SignDomainRawInit,False,34.81105214865237,12.658834987416029,12.337802717380669,27.707342350911592,39.11291632672305,24.661882605953398,12.658834987416029,12.33780271738067
Auto,118,SignDomainRawInit,False,35.1649572459415,12.132514290827316,12.06779369565609,28.61024709616448,39.50314259193754,25.37508685379354,12.132514290827316,12.06779369565609
Auto,120,SignDomainRawInit,False,34.394166630056596,12.590303921811387,12.419012276336947,28.924453076812878,39.32255136638207,25.558952048285576,12.590303921811389,12.419012276336947
Auto,122,SignDomainRawInit,False,37.92405046602901,12.384013978748655,12.937748037113261,31.93052767138103,43.429299228320616,28.34845849783916,12.384013978748655,12.937748037113261
Auto,124,SignDomainRawInit,False,34.97521941467763,11.484294494639125,12.94713069027966,28.268365203902935,40.015435280369736,24.821216635189874,11.484294494639128,12.94713069027966
Auto,126,SignDomainRawInit,False,33.72789270618582,10.649945934107244,12.74749978245374,26.284425856965576,37.8940794838874,23.268812217215764,10.649945934107247,12.747499782453739
Auto,128,SignDomainRawInit,False,34.47055435431494,10.163070388394333,13.688585201270927,25.39517384464506,38.33396548565808,22.546944663024654,10.163070388394333,13.688585201270927
Auto,130,SignDomainRawInit,False,35.15217997262692,11.37697551253873,14.726464278084133,26.257168363557238,38.405842350380595,23.596267342873837,11.37697551253873,14.726464278084133
Auto,132,SignDomainRawInit,False,33.51553184268026,13.338526073984612,12.395626827296658,23.667793529277436,34.26601156233452,21.328592174537807,13.338526073984614,12.395626827296658
Auto,134,SignDomainRawInit,False,32.946695526444834,11.977645450508968,14.758389645708581,22.89473308043112,32.71019343836032,20.553439503036262,11.977645450508968,14.758389645708581
Auto,136,SignDomainRawInit,False,32.493814800519445,10.989249964997791,14.058794389330078,23.869642416445185,33.40006599136085,21.460779223366973,10.989249964997791,14.058794389330075
Auto,138,SignDomainRawInit,False,33.153286728917635,11.669153055857107,14.344948380343688,23.242046819933464,34.0999704267145,20.82623326076473,11.669153055857107,14.34494838034369
Auto,140,SignDomainRawInit,False,34.11527512335799,11.192568751733827,13.765938828389846,23.31992995688903,34.36164855332748,21.12080438019311,11.192568751733827,13.765938828389846
Auto,142,SignDomainRawInit,False,34.54053106680012,10.719968667909544,13.709178346160598,23.819981009747753,35.997341203355155,21.319872545444433,10.719968667909546,13.7091783461606
Auto,144,SignDomainRawInit,False,31.937651450855164,10.869696565634168,13.30614213684894,24.050250233317566,32.03601810574434,21.366012397702324,10.869696565634168,13.30614213684894
Auto,146,SignDomainRawInit,False,33.521442266723824,11.413752309862685,13.582682475298398,24.452518058631465,35.92552188678545,21.57281857287728,11.413752309862685,13.582682475298398
Auto,148,SignDomainRawInit,False,32.2214951446084,12.145488134281754,15.117549227581337,24.942947793385105,32.88179780124902,22.17267567848858,12.145488134281754,15.117549227581339
Auto,150,SignDomainRawInit,False,33.11207189625717,11.067866977700728,14.330387603798064,25.969590507358067,32.105442705670605,23.324199430552547,11.06786697770073,14.330387603798066
Auto,152,SignDomainRawInit,False,33.35756043980111,11.182160850456016,13.746111959194703,27.40194852931219,31.83994104950704,24.736793251810784,11.182160850456015,13.746111959194701
Auto,154,SignDomainRawInit,False,36.0953502467546,11.028878051996688,14.975696816471842,29.24202079765471,35.893813071078924,26.213543091312058,11.028878051996688,14.97569681647184
Auto,156,SignDomainRawInit,False,35.22398377749992,11.023580948398678,14.756439625433165,28.02049150326329,35.831193500028355,24.993066110407558,11.023580948398678,14.756439625433162
Auto,158,SignDomainRawInit,False,36.414660420567024,11.775055476791556,14.420283349462757,28.052739423919842,39.75112328453672,24.86432150766418,11.775055476791556,14.420283349462757
Auto,160,SignDomainRawInit,False,35.26708655598156,12.146343441661315,15.039206255088777,27.114641335012546,37.42688919688261,24.161268854187195,12.146343441661315,15.039206255088777
Auto,162,SignDomainRawInit,False,35.0152422889134,11.041499526192487,14.501845291295103,26.250065635021517,37.866008757263465,23.20894932385771,11.041499526192487,14.501845291295101
Auto,164,SignDomainRawInit,False,36.22835343708827,11.019109049459624,14.283932267173697,26.81855370546919,40.90339301321056,23.855109111136603,11.019109049459624,14.283932267173693
Auto,166,SignDomainRawInit,False,36.63657038124349,11.6674304088958,15.265597718144985,27.614551273236547,42.56258195318749,24.470870116174563,11.6674304088958,15.265597718144985
Auto,168,SignDomainRawInit,False,35.96001293918936,11.4412499497784,14.30690691387434,26.935655208527827,41.55635374539132,23.894428188846014,11.4412499497784,14.30690691387434
Auto,170,SignDomainRawInit,False,38.17196072292604,11.444150227238627,14.740122039463778,28.472657823699542,43.53303324094068,25.405805148903077,11.444150227238628,14.740122039463778
Auto,172,SignDomainRawInit,False,37.30588826339691,11.648369315294895,14.59159830179208,27.957844650359355,42.86105241363118,24.883602229215533,11.648369315294895,14.591598301792079
BesuchenEinmischen,172,SignDomainRawInit,False,38.390628394894115,16.863342853457596,14.294331549822088,25.228553325255426,36.66400377743685,22.7876952955665,16.8633428534576,14.294331549822088
BesuchenEinmischen,174,SignDomainRawInit,False,38.07985338193157,11.323156464798128,13.886483539168601,26.782831794963744,39.447179250227165,23.98096742137959,11.323156464798126,13.886483539168603
BesuchenEinmischen,176,SignDomainRawInit,False,40.64943923766374,13.709538557320304,10.104230948283037,26.829133990567595,40.27365350755777,24.205910000027373,13.7095385573203,10.104230948283037
BesuchenEinmischen,178,SignDomainRawInit,False,39.184914250197345,13.688483731041131,11.30805669507841,27.35779969100282,40.97435652421965,24.473503025032148,13.688483731041131,11.30805669507841
BesuchenEinmischen,180,SignDomainRawInit,False,39.4750527560479,12.756169017236902,10.193390354372477,25.540532365640086,37.90243441662783,23.06760727349885,12.756169017236902,10.193390354372477
BesuchenEinmischen,182,SignDomainRawInit,False,37.02568285856862,11.616642325246907,16.0688205787215,23.022075252602328,32.98698686803441,21.02828016287807,11.616642325246907,16.0688205787215
BesuchenEinmischen,184,SignDomainRawInit,False,36.22648568614772,11.890712112799108,17.691635780448532,23.27210502735294,32.67702509999847,21.55574367613138,11.890712112799108,17.691635780448532
BesuchenEinmischen,186,SignDomainRawInit,False,36.45608020969034,15.147125932585112,21.76713906607238,24.704771522739847,34.28082722647453,22.78409353620848,15.14712593258511,21.76713906607238
BesuchenEinmischen,188,SignDomainRawInit,False,37.501193082931394,17.455821487064156,25.17561723431706,25.29972098606285,35.85081098420866,23.00787304578803,17.455821487064153,25.175617234317055
BesuchenEinmischen,190,SignDomainRawInit,False,35.33027358312077,19.23494573390992,22.048524309470192,26.67185939997956,35.143838414297996,24.450899439332115,19.234945733909925,22.048524309470192
BesuchenEinmischen,192,SignDomainRawInit,False,35.683184820765455,18.907544261399455,27.6977909066264,26.938408936270015,36.69581995602853,24.532175487624873,18.907544261399455,27.6977909066264
BesuchenEinmischen,194,SignDomainRawInit,False,36.07948748614031,18.489724451443603,27.03337836911864,27.40994288808682,38.328052823003,24.979172395600834,18.489724451443603,27.03337836911864
BesuchenEinmischen,196,SignDomainRawInit,False,35.87644416827777,18.14969005430559,30.812841722413392,27.706820711779113,37.77186567208225,25.302449126994624,18.149690054305587,30.812841722413392
BesuchenEinmischen,198,SignDomainRawInit,False,38.617999188374114,20.360146219313602,26.36620463304159,30.39405268098387,38.97317721162113,27.944563713138287,20.3601462193136,26.36620463304159
BesuchenEinmischen,200,SignDomainRawInit,False,38.644925592086864,18.49485407614231,26.924235453486975,30.062660746399764,38.56320883419404,27.485490820360184,18.49485407614231,26.924235453486975
BesuchenEinmischen,202,SignDomainRawInit,False,38.809645768463646,20.896822175484992,21.344998617038545,30.571173848913478,38.735215464525545,27.917591680820145,20.896822175484992,21.344998617038545
BesuchenEinmischen,204,SignDomainRawInit,False,38.65822508778644,21.22099285416024,20.774734769584185,30.381416059312972,38.93040146587497,27.686163310505847,21.22099285416024,20.774734769584185
BesuchenEinmischen,206,SignDomainRawInit,False,38.165173855356585,21.364505430411338,20.04858575137125,29.906907360025116,38.76051932900681,27.277422356460576,21.364505430411338,20.04858575137125
BesuchenEinmischen,208,SignDomainRawInit,False,38.48011524360405,20.787656063194692,28.96764655553462,30.05620913913753,38.955382541980725,27.435476465563518,20.787656063194692,28.96764655553462
Blitz,131,SignDomainRawInit,True,29.927432092907697,,19.30813366995385,22.64408633205248,34.904925759368545,19.30818683846101,,19.30813366995385
Blitz,133,SignDomainRawInit,True,30.039213667428438,,19.868653458033105,22.35206836745617,33.8121428708674,19.04378971876426,,19.868653458033105
Blitz,135,SignDomainRawInit,True,30.153766671782233,,18.665951180651646,22.378171864943795,33.188487726738046,19.13797665292597,,18.665951180651646
Blitz,137,SignDomainRawInit,True,30.155010917674137,,15.14777280808383,22.293991069266593,30.31918135402636,19.294118061925246,,15.14777280808383
Blitz,139,SignDomainRawInit,True,33.47702628586679,,16.913980820865184,27.247352711823428,32.36626986716773,23.99145864807146,,16.91398082086518
Blitz,141,SignDomainRawInit,True,35.08922276409392,,23.57084790187883,30.324983897603012,36.81705268660494,26.644201385378775,,23.57084790187883
Blitz,143,SignDomainRawInit,True,32.696816970621576,,22.42789714300182,24.061637867101833,31.962355788654715,20.9120394099957,,22.42789714300182
Blitz,145,SignDomainRawInit,True,32.22750888877267,,18.627253487563053,23.33129249922253,28.91291839288196,20.64780621597787,,18.62725348756305
Blitz,147,SignDomainRawInit,True,33.763943900640534,,23.12096092272886,25.58172299572553,30.67477200674781,22.783838028808983,,23.12096092272886
Blitz,149,SignDomainRawInit,True,32.61045837994053,,17.780314859574176,23.930231982777084,28.889547185868192,21.261110601123264,,17.780314859574176
Blitz,151,SignDomainRawInit,True,32.120950127662034,,18.317764686967017,22.776837057535136,28.741703463218112,20.0839515475142,,18.317764686967017
Blitz,153,SignDomainRawInit,True,32.58065912220544,,15.700469941943355,26.15542351732418,30.836187227001197,23.167671910898775,,15.700469941943352
Blitz,155,SignDomainRawInit,True,31.909294760677874,,16.376097199566104,24.526934298198263,28.953878358939033,21.825018899954788,,16.376097199566104
Blitz,157,SignDomainRawInit,True,34.031890066825476,,13.904555695356855,27.509658283692833,32.116206077204495,24.48497800016559,,13.904555695356855
Blitz,159,SignDomainRawInit,True,35.10612266517026,,13.381436124017986,29.269268527561106,32.638653378029744,25.95774249178112,,13.381436124017984
Blitz,161,SignDomainRawInit,True,36.110286846989126,,17.281327197458065,32.02914461822783,32.29576407838938,28.858050350862023,,17.28132719745807
Blitz,163,SignDomainRawInit,True,34.68314774776078,,15.148601451409641,30.186619595981504,30.736618896829228,27.1798151742598,,15.148601451409641
Blitz,165,SignDomainRawInit,True,36.890094288703736,,13.863342587315255,31.952523177956035,28.88168724896475,29.180403978542913,,13.863342587315255
Blitz,167,SignDomainRawInit,True,34.54362931146098,,16.59522463963202,28.39749176422116,27.39887168999933,25.811381528417673,,16.59522463963202
Blitz,169,SignDomainRawInit,True,37.42562146362674,,17.7408699980059,31.884397751149645,29.060469924847272,29.075340351268075,,17.7408699980059
Blitz,171,SignDomainRawInit,True,35.79344371768473,,20.15075533692493,30.575084803404327,29.31853656399026,27.761311405845216,,20.15075533692493
Blitz,173,SignDomainRawInit,True,34.712432576794065,,17.474255007563634,29.86710321535865,28.29314358091862,27.02571332523601,,17.474255007563638
Blitz,175,SignDomainRawInit,True,33.91623793549367,,18.871251952552853,29.23961224462208,28.135858862391988,26.38471616075482,,18.871251952552853
Blitz,177,SignDomainRawInit,True,33.92758214480686,,19.524785506011007,29.2145237279192,28.45387011322165,26.342746049127744,,19.524785506011007
Blume,121,SignDomainRawInit,False,37.64456574235486,16.26615756541386,22.42485525890654,28.20109778639536,28.62631967844673,26.436051129669327,16.26615756541386,22.42485525890654
Blume,123,SignDomainRawInit,False,37.98862890702526,15.414933727060594,34.075659745495145,29.405147112276623,31.816404827049762,27.486997929015914,15.414933727060594,34.075659745495145
Blume,125,SignDomainRawInit,False,38.689946725567744,13.11602751020641,38.765007437702344,28.024295221438987,31.769082361384463,26.13600606948422,13.11602751020641,38.765007437702344
Blume,127,SignDomainRawInit,False,39.4264858417977,10.383248317712447,31.34724222821009,29.191353156439234,33.06636644419232,27.22422100678894,10.383248317712447,31.34724222821009
Blume,129,SignDomainRawInit,False,41.645711282586795,12.99382549515326,44.199893697539224,30.17165726370191,38.97356319656228,27.592570109348294,12.99382549515326,44.199893697539224
Blume,131,SignDomainRawInit,False,41.22697141603755,13.285619102377373,23.624932343639568,29.242405572320827,36.40055922038192,26.7466537199263,13.285619102377371,23.624932343639568
Blume,133,SignDomainRawInit,False,40.40050611563483,16.493733116875603,20.341910082700316,29.26881730150914,34.71661342073821,26.823992084110692,16.493733116875603,20.341910082700316
Blume,135,SignDomainRawInit,False,40.598762253166036,16.99548864039291,20.716680527580493,27.88147727601814,34.48159099110806,25.587465967755733,16.99548864039291,20.716680527580493
Blume,137,SignDomainRawInit,False,43.72822199690171,20.70122330018692,23.019124478538707,30.160408873480296,41.93157109160791,27.4340040321585,20.70122330018692,23.019124478538703
Blume,139,SignDomainRawInit,False,41.3989506589636,21.001637449684026,20.43616378591603,29.013582412688304,39.21743878925246,25.940605054103905,21.001637449684026,20.43616378591603
Blume,141,SignDomainRawInit,False,40.06782704288933,23.08127702376741,22.67419497942155,28.27975423293457,38.84267184392064,25.475128348812813,23.08127702376741,22.67419497942155
Blume,143,SignDomainRawInit,False,39.082186270186,26.625693680785126,23.478715357978448,29.576682478508555,38.87103889812284,26.64221738317293,26.625693680785126,23.478715357978448
Blume,145,SignDomainRawInit,False,39.03538303146834,26.871466128170383,30.448781192811076,30.303078607109477,41.09511402768917,27.03480230461423,26.87146612817038,30.448781192811072
Blume,147,SignDomainRawInit,False,39.19722579932357,26.692385924542556,28.292919481825148,30.582033522355,41.65807516087112,27.24689447491108,26.692385924542556,28.29291948182515
Blume,149,SignDomainRawInit,False,39.35074797287616,27.352119706386468,31.256175638447978,30.40419395612376,41.23426344107168,26.880504611912627,27.352119706386468,31.256175638447978
Blume,151,SignDomainRawInit,False,38.56164032485387,23.33111486443466,34.923437598644156,29.777934817271795,38.750251462038825,26.421348693872247,23.33111486443466,34.923437598644156
Blume,153,SignDomainRawInit,False,38.85566804021987,26.43937093314725,39.67383221364261,30.000828806669528,40.25842388952857,26.589201491440573,26.439370933147245,39.67383221364261
Blume,155,SignDomainRawInit,False,39.33092270906006,28.865751649234188,38.4860405689832,31.75753807697653,42.55112571220418,28.206977264524937,28.865751649234188,38.4860405689832
Blume,157,SignDomainRawInit,False,40.295755010757276,28.12368027311173,41.267267914354434,31.356597987584994,41.47281293047154,27.948723074999318,28.12368027311173,41.267267914354434
Blume,159,SignDomainRawInit,False,40.68467255754489,28.32992861324931,40.80069643053663,31.841079153633796,42.38549905691827,28.34200652457928,28.329928613249308,40.80069643053664
Blume,161,SignDomainRawInit,False,41.41548204251908,28.23725417858178,43.03987278462538,32.573359500417965,43.25365196864181,28.989342588000724,28.23725417858178,43.03987278462538
Boese,127,SignDomainRawInit,True,36.68922912557537,,23.33749467209937,30.491433176670984,45.09136667285691,25.714998259934582,,23.33749467209937
Boese,129,SignDomainRawInit,True,40.395980439713654,,25.790845814502255,35.51191020417105,49.782623610550104,30.20079701109445,,25.790845814502255
Boese,131,SignDomainRawInit,True,37.166573916997876,,14.541902905966829,31.683956939187908,42.478826034661665,27.08688206325164,,14.541902905966825
Boese,133,SignDomainRawInit,True,37.45976108180776,,20.95194285994283,32.28085125849921,47.92543635792202,27.321129315931913,,20.95194285994283
Boese,135,SignDomainRawInit,True,43.06465840591136,,23.634998618648872,40.115321105455166,66.71946199018218,33.31391350167115,,23.634998618648872
Boese,137,SignDomainRawInit,True,41.45982347436998,,23.505370030263997,38.55410959322039,59.77732980543557,32.47113323957347,,23.505370030263997
Boese,139,SignDomainRawInit,True,40.49014389229403,,20.17660659201302,35.064301108063894,53.67272637514676,29.464853649250696,,20.176606592013023
Boese,141,SignDomainRawInit,True,40.835230620456834,,21.902091086980615,34.42387375057964,50.93699024879684,29.0900573610109,,21.902091086980615
Boese,143,SignDomainRawInit,True,41.39463876963628,,18.426110884165656,35.42168091809791,49.91452185540269,30.19908004948192,,18.426110884165656
Boese,145,SignDomainRawInit,True,38.60428632077504,,23.87694211103382,32.95508413661807,50.687084082631,27.63729265505272,,23.876942111033824
Boese,147,SignDomainRawInit,True,40.65683452104616,,22.862393686447387,36.59153864590747,61.53064097616694,30.273196084605438,,22.862393686447387
Boese,149,SignDomainRawInit,True,39.91314246962505,,26.28678584880614,37.08956896924432,62.52283274271722,30.80538716368306,,26.286785848806133
Boese,151,SignDomainRawInit,True,40.39939219067152,,21.921680586197176,36.251233626742376,57.07489698586736,30.455309722582342,,21.921680586197176
Boese,153,SignDomainRawInit,True,37.307001407708604,,18.319131495506745,31.636770437986677,49.77907333887721,26.47638491442685,,18.31913149550675
Boese,155,SignDomainRawInit,True,36.618357478721215,,20.35969390835094,32.255649291609544,49.741162719092635,27.187172943143807,,20.35969390835095
Boese,157,SignDomainRawInit,True,39.48454629081597,,21.804967701450256,34.284170264927766,54.33020246628209,28.68457371079913,,21.80496770145026
Boese,159,SignDomainRawInit,True,37.707266018788815,,22.4407445011741,33.33989725568199,55.75953851219863,27.638603335760862,,22.4407445011741
Boese,161,SignDomainRawInit,True,39.965506612353444,,23.326294844247197,34.91233887987491,59.04852939103005,28.931374981076367,,23.326294844247194
Boese,163,SignDomainRawInit,True,37.950673997155995,,21.237347032037178,32.73576127507252,54.11796977159828,27.205453365634007,,21.237347032037174
BroetchenAufschneiden,151,SignDomainRawInit,False,28.779863361205525,13.640657778722309,38.58094970265637,21.690148886130483,32.35862227553934,19.093282040427436,13.640657778722309,38.58094970265637
BroetchenAufschneiden,153,SignDomainRawInit,False,28.904159370427706,13.701175510291502,43.08009683074887,22.328856474380288,32.431282630382704,19.714430702317355,13.701175510291502,43.08009683074888
BroetchenAufschneiden,155,SignDomainRawInit,False,31.461289586228514,18.21791929237507,60.121641612936564,24.609537571348266,36.25958431812376,21.62021596358653,18.217919292375072,60.121641612936564
BroetchenAufschneiden,157,SignDomainRawInit,False,28.996865652112934,13.951169467939554,43.76091682389652,22.052515553963193,32.310953621363424,19.41875249890448,13.951169467939554,43.760916823896515
BroetchenAufschneiden,159,SignDomainRawInit,False,29.400967976908753,15.128030945997434,49.88080741230621,23.11982057306306,32.845383152481794,20.445573774186503,15.128030945997436,49.88080741230621
BroetchenAufschneiden,161,SignDomainRawInit,False,30.970922805474363,14.65333235607213,57.56383207590444,24.01416987144359,35.59290769409456,21.0012584000569,14.65333235607213,57.56383207590444
BroetchenAufschneiden,163,SignDomainRawInit,False,32.17989861965513,15.236931426448077,61.33494040689306,27.88221488813072,40.05497909154754,24.446445090471723,15.236931426448077,61.33494040689305
BroetchenAufschneiden,165,SignDomainRawInit,False,32.946037845972015,13.730133626842253,44.18268373153903,27.897333624145745,41.383466207061566,24.429134955199526,13.730133626842253,44.18268373153903
BroetchenAufschneiden,167,SignDomainRawInit,False,35.225204087502284,13.423597484558325,29.4348396296286,30.64604878017348,46.36199715603874,26.743491550940927,13.423597484558325,29.4348396296286
BroetchenAufschneiden,169,SignDomainRawInit,False,37.640952154392544,12.666110537752198,54.3421508112855,31.919796814115,48.49812330436228,27.703638611759292,12.666110537752198,54.3421508112855
BroetchenAufschneiden,171,SignDomainRawInit,False,39.78180964448022,11.506000163573335,36.53567666755568,35.7412875738067,53.99284982580704,30.972710056497498,11.506000163573333,36.535676667555684
BroetchenAufschneiden,173,SignDomainRawInit,False,42.094808823907165,13.675437897485343,39.94061665235252,36.20671649454922,53.88386968077603,31.55059243243482,13.675437897485345,39.94061665235252
BroetchenAufschneiden,175,SignDomainRawInit,False,37.17483732474343,13.924574685167043,36.14542947229689,29.701167396441875,45.147517050843675,25.871891871215176,13.924574685167043,36.1454294722969
BroetchenAufschneiden,177,SignDomainRawInit,False,30.08845117093173,14.45467683651166,43.33192312838737,25.152525519044858,37.37690108400664,21.887690157381854,14.45467683651166,43.33192312838738
BroetchenAufschneiden,179,SignDomainRawInit,False,34.42814689691441,14.052659538915405,48.83222512925884,27.66394123550552,42.296622441701324,24.025932498827075,14.052659538915405,48.83222512925883
BroetchenAufschneiden,181,SignDomainRawInit,False,33.712048763636226,14.09177990904212,45.284442254791855,27.710393131088978,43.06362081541925,24.042325277867885,14.09177990904212,45.28444225479184
BroetchenAufschneiden,183,SignDomainRawInit,False,35.10980789333973,15.837729292913979,62.73054399545473,29.267066034695155,45.77839460315536,25.301081496931857,15.837729292913982,62.73054399545473
BroetchenAufschneiden,185,SignDomainRawInit,False,36.34832861567745,17.752305352073428,51.84243158779629,31.698462413079344,48.876512955028204,27.499177838709837,17.752305352073424,51.84243158779629
BroetchenAufschneiden,187,SignDomainRawInit,False,40.40889346918598,12.636686051412294,40.52561301653173,32.41233980798822,51.09559475780312,28.13874794739142,12.636686051412294,40.52561301653173
BroetchenAufschneiden,189,SignDomainRawInit,False,37.81875691414645,13.501101607280308,38.98910489702379,29.013590931527744,44.866473748336816,25.46582323017434,13.50110160728031,38.98910489702379
BroetchenAufschneiden,191,SignDomainRawInit,False,36.85884662744963,13.393841016927658,62.24147354209013,30.47923285891542,47.606224314643136,26.68639207962712,13.393841016927661,62.24147354209013
BroetchenAufschneiden,193,SignDomainRawInit,False,34.138426035300114,13.148641129295475,59.01159101935519,27.689726660161273,42.99258914752764,24.403345019004686,13.148641129295475,59.01159101935519
BroetchenAufschneiden,195,SignDomainRawInit,False,33.88256714974612,12.963418262031492,61.30527423861361,26.980152352770375,42.33965329792179,23.876516252373257,12.963418262031492,61.30527423861361
BroetchenAufschneiden,197,SignDomainRawInit,False,33.751408280638564,14.617161279858903,68.29310447755155,26.927209189072972,41.045301959754845,23.87677287305635,14.617161279858903,68.29310447755155
BroetchenAufschneiden,199,SignDomainRawInit,False,35.671777458064625,14.61127267695644,66.77392278349271,28.376101410274195,44.02665579923031,25.066460533402935,14.61127267695644,66.77392278349271
BroetchenAufschneiden,201,SignDomainRawInit,False,37.3002912368479,12.46434639591931,43.878905888691406,30.978872300234325,48.422061578568645,27.147087169685648,12.46434639591931,43.878905888691406
BroetchenAufschneiden,203,SignDomainRawInit,False,37.79429942000157,13.948889245226505,60.636983962894256,29.20820665914124,43.40591031680867,25.70300885692142,13.948889245226505,60.636983962894256
BroetchenAufschneiden,205,SignDomainRawInit,False,38.21612657631596,14.018259969821564,74.34702007611098,30.073180526423297,45.37492325575828,26.348844442168453,14.018259969821564,74.34702007611097
BroetchenAufschneiden,207,SignDomainRawInit,False,39.03308848604671,15.68822480093716,74.321056828053,30.44389763787644,46.18409829899487,26.563647050464894,15.688224800937164,74.321056828053
BroetchenAufschneiden,209,SignDomainRawInit,False,36.82739792204116,15.060403167587124,68.78847788237103,29.489535511599197,44.18358336772622,25.65860362028928,15.060403167587122,68.78847788237103
BroetchenAufschneiden,211,SignDomainRawInit,False,38.219875309968,13.763477925276886,69.66010971934645,30.01080815356995,46.13438803164424,26.112998499543515,13.763477925276886,69.66010971934645
BroetchenAufschneiden,213,SignDomainRawInit,False,35.98385189810462,14.737628745543804,75.80825410754053,30.123118924841485,44.858245317752306,26.245365637109522,14.737628745543804,75.80825410754053
BroetchenAufschneiden,215,SignDomainRawInit,False,37.7452035019202,15.522926931150439,69.15580881920401,29.60448346849177,44.77947363525051,25.841741421689246,15.522926931150439,69.15580881920401
BroetchenAufschneiden,217,SignDomainRawInit,False,37.339153497016845,14.363274394470789,49.35650966852156,28.883559282906123,44.89573622401667,25.110662452396163,14.363274394470789,49.35650966852156
BroetchenAufschneiden,219,SignDomainRawInit,False,37.16828754632578,11.15792245139682,27.769470054435445,27.966013315028118,43.8639207267423,24.644497959404177,11.157922451396821,27.769470054435445
BroetchenAufschneiden,221,SignDomainRawInit,False,39.85759477012142,11.763176570191362,32.641936136337215,29.35599859123794,45.79422422410226,25.90703155075875,11.76317657019136,32.641936136337215
BroetchenAufschneiden,223,SignDomainRawInit,False,38.51123350912188,11.329842803064972,33.74602458354699,28.40740569394772,43.771403136459135,24.934642426327525,11.329842803064972,33.74602458354699
BroetchenAufschneiden,225,SignDomainRawInit,False,38.07191220258589,12.119437189088789,39.3197449579583,28.996061237377496,43.741030235433854,25.485505914694254,12.119437189088789,39.3197449579583
BroetchenAufschneiden,227,SignDomainRawInit,False,39.3743328721272,12.484588124914497,53.6758219748487,30.712981717060305,46.82283851661211,26.78836654377936,12.484588124914499,53.6758219748487
BroetchenAufschneiden,229,SignDomainRawInit,False,40.324379616227695,12.177286598592035,54.00960108475546,31.128350711500698,47.81547212554036,27.112834143604108,12.177286598592032,54.00960108475546
BroetchenAufschneiden,231,SignDomainRawInit,False,40.25877432730519,11.55246316977413,40.0563429533789,29.80036049268844,46.577394844483536,25.982750018755787,11.552463169774125,40.05634295337891
BroetchenAufschneiden,233,SignDomainRawInit,False,39.156117543317464,10.980452284140046,26.20594833383093,29.61936069391988,47.39812549090484,25.978739218205046,10.980452284140043,26.20594833383093
BroetchenAufschneiden,235,SignDomainRawInit,False,40.47779354979735,11.281827895790986,23.94981932007656,29.1886948545103,46.06627423526395,25.574347073288926,11.281827895790984,23.949819320076568
BroetchenAufschneiden,237,SignDomainRawInit,False,41.00137866491922,12.395988826133387,30.95242173671713,29.896711508422047,47.13733644176786,26.217154675900986,12.395988826133383,30.952421736717135
BroetchenAufschneiden,239,SignDomainRawInit,False,42.860842084104775,12.771781841529089,41.153618729862806,30.847680564040886,48.45084987557668,26.865825682568023,12.771781841529089,41.1536187298628
BroetchenAufschneiden,241,SignDomainRawInit,False,44.815430045280976,12.35587399778399,37.33217026777936,30.455360111239383,47.46197676841781,26.74475865307504,12.355873997783986,37.33217026777936
BroetchenAufschneiden,243,SignDomainRawInit,False,44.901375813891896,11.425623482650172,27.738370804407793,31.276322457643698,48.39127029823601,27.513163069609874,11.425623482650176,27.738370804407793
BroetchenAufschneiden,245,SignDomainRawInit,False,44.98400768318945,11.122708216032617,27.88931069702675,31.807129518207375,49.18650797142974,28.005556323001787,11.122708216032617,27.889310697026758
Dort,171,SignDomainRawInit,True,34.90556768510827,,13.736883841985312,27.120572844508526,35.592773750216516,23.483530658191988,,13.736883841985312
Dort,173,SignDomainRawInit,True,37.904675044819584,,13.574487047228555,33.587148403373135,40.52625118941152,29.5737767472857,,13.574487047228553
Dort,175,SignDomainRawInit,True,39.744402607758886,,16.48052012892989,36.76453567997971,48.07165268083093,32.029104470199066,,16.480520128929893
Dort,177,SignDomainRawInit,True,40.72539768546966,,15.815601517707393,37.5466222194995,46.1988887873125,32.92101890276713,,15.815601517707393
Dort,179,SignDomainRawInit,True,38.61386212900531,,15.391077322739772,35.47297391579253,43.55470637775778,30.994917919866875,,15.391077322739774
Dort,181,SignDomainRawInit,True,39.1125600761824,,12.373649340756305,35.298417902155215,41.43133304263783,31.202285935562763,,12.373649340756312
Dort,183,SignDomainRawInit,True,38.10601349317322,,11.264613029871732,34.03507053715023,40.11177494256627,30.030214105954656,,11.264613029871724
Dort,185,SignDomainRawInit,True,37.00072172556208,,11.53328082306157,32.74505028461281,38.67413109717629,28.877612496438463,,11.533280823061565
Dort,187,SignDomainRawInit,True,36.96150816331258,,12.11930335628204,33.10411213804468,39.26953504482633,29.184435295859668,,12.119303356282044
Dort,189,SignDomainRawInit,True,36.37422330349028,,11.897477133885609,32.110239929252344,39.71031466421422,28.167673130167273,,11.897477133885607
Dort,191,SignDomainRawInit,True,36.408654692813684,,12.337845322200467,32.213976164354044,40.75062791759471,28.107157598019217,,12.337845322200467
Dort,193,SignDomainRawInit,True,35.30680593300729,,12.08770118623799,30.756945695010806,39.62293287127739,26.73609423240811,,12.08770118623799
Dort,195,SignDomainRawInit,True,35.175133052183966,,11.663256132879598,30.464286509529064,38.251730167038644,26.622245211486153,,11.663256132879598
Duenn,156,SignDomainRawInit,True,37.503481888123105,,20.801638255828134,32.84301870967153,38.99066424424929,28.84164384836246,,20.801638255828134
Duenn,158,SignDomainRawInit,True,37.77138387223359,,23.729003857896142,32.462869493385575,37.0338034341477,28.688210788248544,,23.729003857896142
Duenn,160,SignDomainRawInit,True,37.88048162620685,,20.61434337325668,33.38082882068328,37.699629895500124,29.523268803564953,,20.61434337325668
Duenn,162,SignDomainRawInit,True,37.38338769210196,,25.32812214684359,32.39775094550194,37.42961800565681,28.59680489927113,,25.32812214684359
Duenn,164,SignDomainRawInit,True,38.118561280387524,,23.57890483035656,34.26586099072248,39.252132564112124,30.228545812523134,,23.57890483035656
Duenn,166,SignDomainRawInit,True,40.23111715373484,,21.347084219803197,37.15523067218787,40.34677373409395,32.952921567691895,,21.347084219803197
Duenn,168,SignDomainRawInit,True,39.49457527082524,,23.108655685737173,36.359861811758776,39.47864459389482,32.26149845028964,,23.108655685737173
Duenn,170,SignDomainRawInit,True,40.73160254290344,,25.202295449904593,36.58966279030035,37.72683523518703,32.75024749609767,,25.202295449904593
Duenn,172,SignDomainRawInit,True,37.991781201799974,,23.16376911778248,33.12435383521345,33.42472195292656,29.71087598833118,,23.16376911778248
Duenn,174,SignDomainRawInit,True,37.407269225000086,,23.52155406878712,32.051774765936294,31.85351335407998,28.79163585333339,,23.52155406878712
Duenn,176,SignDomainRawInit,True,36.96608189283172,,22.749513161777486,32.22554262834393,31.631136471076363,28.911144064518957,,22.749513161777486
Duenn,178,SignDomainRawInit,True,37.001086591898016,,29.199517133508113,31.13480318567636,31.79802636584718,27.936933369746743,,29.199517133508113
Duenn,180,SignDomainRawInit,True,36.93024581316033,,22.314190009642104,31.53203595242337,29.58073324268314,28.5201941370375,,22.314190009642104
Duenn,182,SignDomainRawInit,True,36.79291195090885,,23.248666164126682,31.171437870325395,30.26913215853602,28.061317827292996,,23.24866616412668
Duenn,184,SignDomainRawInit,True,39.053766566086175,,21.989275408942394,33.87626355054484,31.57955975411083,30.6675655659217,,21.98927540894239
Duenn,186,SignDomainRawInit,True,38.70752502992958,,21.038618092580286,33.632676711963285,31.770224464571818,30.43253127569702,,21.03861809258029
Duenn,188,SignDomainRawInit,True,37.14253603272096,,21.622639823465914,31.57466426990389,30.4530966181994,28.485663288935307,,21.622639823465907
Duenn,190,SignDomainRawInit,True,37.69301299487401,,20.8950696364326,32.43927941018935,30.436304373207832,29.346485959999033,,20.89506963643259
Duenn,192,SignDomainRawInit,True,38.95965516381749,,21.403204390354205,34.07351714214262,31.46112094770262,30.845753346979333,,21.403204390354205
Duenn,194,SignDomainRawInit,True,36.74640526322362,,23.97157049947895,30.692782095654827,30.347588355667774,27.553045134506476,,23.97157049947895
Duenn,196,SignDomainRawInit,True,36.37189423601302,,25.143964078615507,30.601373088026797,30.544224789909723,27.45268335644373,,25.143964078615507
Duenn,198,SignDomainRawInit,True,36.373477083909854,,25.02697213307638,29.972069763150984,30.378583159488837,26.85378806219976,,25.026972133076384
Duenn,200,SignDomainRawInit,True,36.61858326338182,,24.505079917291386,30.82545272376977,30.279641248582962,27.696925248724213,,24.505079917291386
Einkaufen,142,SignDomainRawInit,False,40.995922180049476,39.17325397993259,15.424217083947838,27.018504526334194,36.109433135762046,24.33692677571048,39.17325397993259,15.424217083947836
Einkaufen,144,SignDomainRawInit,False,40.59391270174932,19.280034315419133,13.329578709521536,25.206722846475795,34.08350140900568,22.832830709376516,19.280034315419133,13.329578709521536
Einkaufen,146,SignDomainRawInit,False,40.14387579135228,18.888591475942857,14.7902719730264,24.598474997505047,33.42918329294113,22.335652092711555,18.888591475942857,14.7902719730264
Einkaufen,148,SignDomainRawInit,False,38.37002505650164,20.592930767211158,19.449362240400166,23.908531190511706,31.27704245624792,21.956517062306094,20.592930767211158,19.449362240400166
Einkaufen,150,SignDomainRawInit,False,38.82883170500407,18.83755981835338,14.22824855224805,23.72377057708814,31.558478326728626,21.585849604228564,18.83755981835338,14.228248552248052
Einkaufen,152,SignDomainRawInit,False,37.76631121495827,18.077085229206432,17.36161821994636,26.753930645183882,33.49712875363633,24.355594962165984,18.077085229206432,17.361618219946365
Einkaufen,154,SignDomainRawInit,False,37.203674038998784,19.72176151504212,18.173587513369498,27.23541202203635,32.12719898162679,25.066393692627315,19.721761515042115,18.173587513369494
Einkaufen,156,SignDomainRawInit,False,35.36748217707809,16.389832920838032,17.822460786454258,25.53112744707247,29.806198258509045,23.490762551411944,16.389832920838032,17.822460786454258
Einkaufen,158,SignDomainRawInit,False,36.59289048200317,16.901559597008482,17.514070960517543,24.229395112307657,29.94154805242695,22.13014594001286,16.901559597008482,17.51407096051755
Einkaufen,160,SignDomainRawInit,False,36.45625988309772,17.54591964910205,16.22896275853339,23.62628707094673,28.61404462505971,21.700966616389287,17.545919649102046,16.228962758533388
Einkaufen,162,SignDomainRawInit,False,34.96858206675999,16.895277052694716,15.4271285534579,23.66255600522182,27.744482108635115,21.97707142740394,16.89527705269472,15.4271285534579
Einkaufen,164,SignDomainRawInit,False,38.00972931721706,16.761762716236298,15.852924250874423,23.5185077133937,29.006155627267233,21.60987981484687,16.761762716236298,15.852924250874423
Einkaufen,166,SignDomainRawInit,False,37.86761776700278,15.086482676041955,15.518109050160602,24.704490333290302,29.15627997926812,22.66598787517822,15.086482676041959,15.518109050160602
Einkaufen,168,SignDomainRawInit,False,38.12761557789277,16.914249101968128,14.204198000086203,25.314163528344114,30.598996286534355,23.04363462791639,16.914249101968128,14.204198000086203
Einkaufen,170,SignDomainRawInit,False,36.63498653864646,17.152323875876775,14.19814486831268,24.218496483253215,29.497464489624548,21.94260724546304,17.152323875876778,14.19814486831268
Einkaufen,172,SignDomainRawInit,False,36.822486997644596,16.32242429217422,17.71778361829087,24.457517941823355,29.849739214004604,22.4885291908871,16.32242429217422,17.71778361829087
Einkaufen,174,SignDomainRawInit,False,36.58083728834492,14.988290475414832,16.759701576516214,24.42675775503883,31.12934385139631,22.23471684219927,14.988290475414832,16.759701576516218
Einkaufen,176,SignDomainRawInit,False,36.178855007525165,15.93672804725367,18.196576054566894,26.329047243525892,33.010047931240756,24.117076390782522,15.93672804725367,18.19657605456689
Einkaufen,178,SignDomainRawInit,False,39.31761196802807,18.01982107111013,41.72960651713817,30.016428288613064,36.68825555047181,27.2793906579182,18.01982107111013,41.72960651713816
Einkaufen,180,SignDomainRawInit,False,38.203911644915095,15.549604219247183,40.67494235936785,28.919799454086238,34.65751638735036,26.304626799208368,15.549604219247183,40.67494235936785
Einkaufen,182,SignDomainRawInit,False,37.12878389502658,11.171654037849459,39.37661350103625,27.77221379314645,34.09613436890555,25.335954749694913,11.171654037849459,39.37661350103625
Einnehmen,161,SignDomainRawInit,False,45.1393503039571,22.813245879165567,14.1942738442584,38.657991404139146,32.573082942035114,36.89279289267825,22.813245879165567,14.194273844258394
Einnehmen,163,SignDomainRawInit,False,42.95989675966743,24.335728252570085,13.426621031309425,36.520979186621645,31.972479597890985,34.44091798916425,24.335728252570085,13.426621031309425
Einnehmen,165,SignDomainRawInit,False,42.278590039521056,24.58771910400315,12.965270699815648,35.530270175924265,30.455719827103408,33.83428238854518,24.58771910400315,12.965270699815651
Einnehmen,167,SignDomainRawInit,False,43.26616870057791,28.44247382960995,11.583451790551385,36.03809125023232,30.87772076525647,34.11095611716538,28.442473829609956,11.583451790551383
Einnehmen,169,SignDomainRawInit,False,43.60155916990937,23.05323832064551,10.760721924857902,36.29958018310253,31.362148733231148,34.47330753457521,23.053238320645505,10.7607219248579
Einnehmen,171,SignDomainRawInit,False,45.277076693424185,31.44483231274627,11.982741704915542,37.38342862082587,33.13495594600911,35.423040089479024,31.44483231274627,11.982741704915542
Einnehmen,173,SignDomainRawInit,False,49.156028164517984,24.5265341971135,14.872167818917402,41.21712671306719,34.35196763587002,39.32552901244969,24.5265341971135,14.872167818917402
Einnehmen,175,SignDomainRawInit,False,48.66099338195292,28.451572417247228,13.237723073387977,40.63417632682444,32.829712842582,38.82628760890798,28.451572417247228,13.237723073387981
Einnehmen,177,SignDomainRawInit,False,47.90077679506832,32.3870591167793,12.946507214907937,39.39814962781916,33.680571660601736,37.46862653180719,32.3870591167793,12.946507214907937
Einnehmen,179,SignDomainRawInit,False,50.40727682226349,28.753338194243696,11.94914830465914,41.106217241222915,35.04805960613935,39.036376413258,28.753338194243696,11.94914830465914
Einnehmen,181,SignDomainRawInit,False,51.61041718990674,30.832660599459082,11.854675049443816,42.122225482059136,37.782279648053894,39.77447876606173,30.832660599459082,11.854675049443816
Einnehmen,183,SignDomainRawInit,False,50.414708330044995,28.618648147127615,11.005708587241935,41.22866823663971,38.09911955068423,38.58626983646366,28.61864814712761,11.005708587241935
Einnehmen,185,SignDomainRawInit,False,46.42198250032986,27.947297140013145,12.87892140511841,37.816918381674256,38.58424818369091,34.77510713610903,27.947297140013145,12.878921405118408
Einnehmen,187,SignDomainRawInit,False,45.9769205806205,27.795556173005863,14.585681771261347,38.04150262284382,40.76795597328877,34.67900511712101,27.795556173005856,14.585681771261347
Einnehmen,189,SignDomainRawInit,False,41.911010104219045,27.480017162574917,14.079663946372223,34.531303722142226,37.209724827276844,31.499078398136966,27.480017162574917,14.079663946372227
Einnehmen,191,SignDomainRawInit,False,41.14921113027507,28.947461323869312,15.597126730073915,34.11873274029993,38.292849439732045,30.969306303550656,28.94746132386931,15.597126730073915
Einnehmen,193,SignDomainRawInit,False,41.29962154783408,27.502759577871025,16.375513280851674,34.78457317579259,40.8831667269893,31.306158695559564,27.502759577871025,16.375513280851674
Einnehmen,195,SignDomainRawInit,False,40.2192825559565,27.68176394410989,19.440811219326868,33.85852359539191,38.35944278411492,30.634250574802124,27.681763944109896,19.440811219326868
Einnehmen,197,SignDomainRawInit,False,40.018049740112666,27.42087403716558,20.975000989262785,33.81184771771911,38.64735025489094,30.530944139676432,27.420874037165575,20.97500098926279
Einnehmen,199,SignDomainRawInit,False,45.61574487093426,30.889200660658926,18.890891164886753,37.60654645464968,39.40120066285427,34.535822922560754,30.889200660658926,18.890891164886753
Einnehmen,201,SignDomainRawInit,False,44.832404845249684,31.175467340426806,18.85151905092124,36.954176627495066,38.312818382763176,33.99533856172837,31.1754673404268,18.851519050921244
Einnehmen,203,SignDomainRawInit,False,44.97239886601102,30.180934580436944,20.993999297134202,37.26386255248286,39.727286585734525,34.138698555309205,30.18093458043694,20.993999297134202
Einnehmen,205,SignDomainRawInit,False,46.036010257101715,30.621881706589345,20.613962889997254,38.197987141415275,40.55572297243971,34.98272659455518,30.621881706589345,20.613962889997254
Einnehmen,207,SignDomainRawInit,False,45.29234113429657,29.83668199233521,20.758009396863162,38.078801874523826,40.49312513498688,34.782933199755476,29.83668199233521,20.758009396863166
Einnehmen,209,SignDomainRawInit,False,44.25112011438639,28.08547975372972,21.30485174114077,36.92345695495661,40.96969347775937,33.50742570383642,28.08547975372972,21.30485174114077
Einnehmen,211,SignDomainRawInit,False,43.70050832943013,31.198993126382213,20.701303789500763,36.28825027304037,40.02289608943011,33.03532833890922,31.198993126382216,20.701303789500756
Einnehmen,213,SignDomainRawInit,False,44.44988200594435,31.08143719227662,20.690539771530972,36.96812890848302,40.49828372143513,33.65119476181916,31.08143719227662,20.690539771530972
Einnehmen,215,SignDomainRawInit,False,45.549668013082034,30.505068227523413,20.76834403613529,37.70455932727827,40.76011759384325,34.392664604383114,30.505068227523417,20.76834403613529
Einnehmen,217,SignDomainRawInit,False,45.39211529784669,30.321093435853783,20.59885901236838,37.70602626021795,40.85373747984144,34.35516727836049,30.321093435853783,20.59885901236838
Einnehmen,219,SignDomainRawInit,False,47.67605281680059,30.325019720687358,20.945555275600793,39.815543340801604,42.604567235012794,36.32618736299015,30.32501972068737,20.945555275600793
Einnehmen,221,SignDomainRawInit,False,46.06498579491847,26.12990914211934,19.187083372110443,39.14470375427119,40.813144755967826,35.75957121869858,26.12990914211934,19.187083372110443
EinstellenJob,140,SignDomainRawInit,False,45.16707930228262,47.336249394798635,15.105009095044375,30.909344529500977,41.695948345255836,27.644635693673532,47.33624939479865,15.105009095044375
EinstellenJob,142,SignDomainRawInit,False,46.95094957725767,51.244487422240475,15.55008427179713,32.44659508786282,43.24883595863783,29.030604727513733,51.244487422240475,15.55008427179713
EinstellenJob,144,SignDomainRawInit,False,44.958643045208994,49.16934656107765,15.669361442067517,31.434723133451456,41.59546089339785,28.089279809340457,49.16934656107767,15.669361442067517
EinstellenJob,146,SignDomainRawInit,False,45.422174582002555,45.92124062645259,14.375753398093932,31.81489320930835,41.37590133403949,28.594238028547167,45.92124062645258,14.375753398093932
EinstellenJob,148,SignDomainRawInit,False,46.02658048008273,44.65029056089502,15.91261667886331,30.83008893066231,39.80551362775404,27.877363845424146,44.65029056089502,15.912616678863307
EinstellenJob,150,SignDomainRawInit,False,39.26140659038624,41.99900009237014,13.521081862489435,29.357429056953155,37.98934835220411,26.35431881823044,41.99900009237014,13.521081862489437
EinstellenJob,152,SignDomainRawInit,False,40.40282294594572,49.07710686820077,21.026988676574184,30.81643538101464,39.53889694704499,27.61308877256166,49.077106868200765,21.026988676574184
EinstellenJob,154,SignDomainRawInit,False,35.930290581160165,41.234066963338606,22.72475448850348,29.406219398000594,36.54491418364366,26.282361694277583,41.234066963338606,22.72475448850348
EinstellenJob,156,SignDomainRawInit,False,37.88087145080862,39.41235765163519,17.823160982214954,29.50944303254969,35.193369635705416,26.546455655435857,39.4123576516352,17.823160982214954
EinstellenJob,158,SignDomainRawInit,False,37.055142142290705,35.825248792938694,13.633788652906206,28.882347573899473,32.47130695648742,26.24390859719349,35.825248792938694,13.633788652906205
EinstellenJob,160,SignDomainRawInit,False,37.59933966860079,32.58812072229584,12.651687636770566,29.61894176738816,31.655215095238873,27.13306891737475,32.588120722295834,12.651687636770571
EinstellenJob,162,SignDomainRawInit,False,38.34892208358666,36.33902704978199,12.519318769590534,31.087687409432622,32.54989774016152,28.572056555940176,36.33902704978199,12.519318769590534
EinstellenJob,164,SignDomainRawInit,False,38.02123916378878,34.6162047428755,15.422190966945125,31.121545010083942,32.39538013744702,28.63358848806705,34.61620474287551,15.422190966945125
EinstellenJob,166,SignDomainRawInit,False,37.391916034932116,31.744281575578036,17.0078415661329,30.715527114178368,31.197157637952454,28.22702806414269,31.744281575578036,17.0078415661329
EinstellenJob,168,SignDomainRawInit,False,37.23998321133463,32.54459299498423,16.435257610484733,30.5009579807966,31.16290258668424,28.01461642659553,32.54459299498423,16.43525761048474
EinstellenJob,170,SignDomainRawInit,False,37.24175407110552,34.394639685025254,16.421343160057187,30.121937402899437,31.523388327255034,27.563378530148896,34.394639685025254,16.421343160057187
EinstellenJob,172,SignDomainRawInit,False,36.67471551697957,34.75222077218006,15.663361243371309,29.31782681539923,31.38319312266055,26.787930403336915,34.75222077218006,15.663361243371309
EinstellenJob,174,SignDomainRawInit,False,36.836598308129346,37.51511031399761,15.687486405199065,29.524716341810795,31.96695191615386,26.956124047364533,37.51511031399761,15.687486405199065
EinstellenJob,176,SignDomainRawInit,False,36.99565910494686,36.945103551593725,15.944899907775152,29.574494503147044,32.06571212219424,27.004371053636955,36.94510355159373,15.944899907775152
EinstellenJob,178,SignDomainRawInit,False,37.11227217024546,35.71291877415196,15.414697867694818,29.68495371331334,31.55775899913269,27.136402600851657,35.71291877415196,15.414697867694818
EinstellenJob,180,SignDomainRawInit,False,37.042924068017264,35.21121840637629,14.879617427037198,29.817599743184548,31.403469711229004,27.280989241990348,35.2112184063763,14.879617427037198
EinstellenJob,182,SignDomainRawInit,False,37.25740884814732,37.807214161578976,14.88642135627022,29.87736552392855,32.09201950172818,27.286926762136947,37.80721416157898,14.88642135627022
EinstellenJob,184,SignDomainRawInit,False,36.73778661094396,36.698023021504454,14.245882461146174,29.40509847469856,31.983141962238232,26.81020285289936,36.69802302150446,14.245882461146174
EinstellenJob,186,SignDomainRawInit,False,36.761633150767864,38.29205672540908,14.36046160296053,29.030875634480058,32.221886149109274,26.386518822894114,38.29205672540908,14.36046160296053
EinstellenJob,188,SignDomainRawInit,False,36.7271581302695,36.79049345170545,14.154167060062973,29.339847201069375,31.723380779520394,26.755548764283358,36.79049345170545,14.15416706006297
EinstellenJob,190,SignDomainRawInit,False,39.50426482109223,33.559207337334584,14.30518586206415,32.56853767084873,31.47629244239502,30.079953860468635,33.559207337334584,14.30518586206415
EinstellenJob,192,SignDomainRawInit,False,39.8756985852159,32.31759535462559,14.758164666109879,33.56839791595987,31.74408540440713,31.079194355566358,32.31759535462559,14.758164666109879
EinstellenJob,194,SignDomainRawInit,False,39.494500603500356,32.00866254596183,14.505789834793296,32.92799661097102,31.7073213380348,30.427486542196032,32.00866254596183,14.505789834793296
EinstellenJob,196,SignDomainRawInit,False,39.34259469512792,32.12344665118027,14.111678823002942,32.69705498354841,31.71350107892009,30.195784153987354,32.12344665118027,14.111678823002942
EinstellenJob,198,SignDomainRawInit,False,39.29887819517517,32.235002953257165,13.922275255714695,32.75242257227314,31.85383196652728,30.213338586967062,32.235002953257165,13.922275255714695
EinstellenJob,200,SignDomainRawInit,False,39.88365650280896,30.61399828702754,13.39730886409137,33.1283925425425,31.7517328000944,30.616146736751187,30.61399828702754,13.39730886409137
EinstellenJob,202,SignDomainRawInit,False,39.9364241596515,30.101045565813692,12.746298404783706,33.31015379420737,31.930344994200567,30.767939875021884,30.101045565813692,12.746298404783706
EinstellenJob,204,SignDomainRawInit,False,36.712484387959805,34.52841560450559,14.015209980934241,29.112086149599744,31.46052933252105,26.51802137206484,34.52841560450559,14.015209980934241
EinstellenJob,206,SignDomainRawInit,False,37.11895260515528,36.06152469718745,14.12575162648595,29.387921151801482,31.815118600797852,26.767897505009927,36.06152469718746,14.125751626485954
EisGefroren,182,SignDomainRawInit,False,32.042240384705195,23.565157124451094,15.625373318137504,20.499410574023404,28.19182194860533,18.31624985822592,23.56515712445109,15.625373318137504
EisGefroren,184,SignDomainRawInit,False,31.543363148487444,27.422241930448664,18.088902646679653,19.323724473024853,27.616959700823333,17.172228765143018,27.422241930448664,18.088902646679653
EisGefroren,186,SignDomainRawInit,False,35.05897967767772,27.65818528070156,18.74385085021175,23.66404280670306,33.60449624198752,20.823279901823973,27.658185280701556,18.743850850211757
EisGefroren,188,SignDomainRawInit,False,34.008183738826716,21.883211503550644,15.876484527274345,22.811612335783025,30.69498318710369,20.378605295498726,21.883211503550637,15.876484527274341
EisGefroren,190,SignDomainRawInit,False,32.90048109991268,21.888228464446417,17.198128385645454,25.389285708404824,36.56458743213745,22.279834877114467,21.888228464446417,17.198128385645454
EisGefroren,192,SignDomainRawInit,False,32.542419715221044,13.629763096121437,14.267402809611896,27.569664220283617,34.36565684380001,24.74966136681211,13.62976309612144,14.267402809611896
EisGefroren,194,SignDomainRawInit,False,35.25225795364326,16.775888546827165,13.725898654207679,31.220312812839552,38.95933113926142,27.98793754422561,16.775888546827172,13.725898654207677
EisGefroren,196,SignDomainRawInit,False,35.96347439158325,16.257765887263098,15.336012337733449,30.954282650067903,40.71518868319096,27.628295157380013,16.2577658872631,15.33601233773345
EisGefroren,198,SignDomainRawInit,False,34.83026565617199,16.830590082682782,15.08266989153945,28.975230133510934,39.601242195547364,25.695990275779476,16.830590082682782,15.082669891539448
EisGefroren,200,SignDomainRawInit,False,35.64799555926886,16.511274377100378,14.097395162726349,28.865114689455762,40.17095916656602,25.48751437851646,16.511274377100378,14.097395162726349
EisGefroren,202,SignDomainRawInit,False,37.22637369431227,14.297225401261116,13.300064503211031,28.293063766611873,39.31588560009111,25.16986729454898,14.297225401261116,13.30006450321103
EisGefroren,204,SignDomainRawInit,False,34.29560819400848,17.14890187418717,17.230761458364324,24.226679021882028,35.06261594605735,21.406812706972826,17.14890187418717,17.23076145836432
EisGefroren,206,SignDomainRawInit,False,33.92957584093111,16.71680220617916,21.295680961449676,24.854773585625814,36.297790470092615,21.82207932099393,16.71680220617916,21.295680961449676
EisGefroren,208,SignDomainRawInit,False,34.668843137970754,17.91900333513264,18.683664116660857,24.85855095347987,35.4164468850615,21.949572660100323,17.919003335132643,18.68366411666086
EisGefroren,210,SignDomainRawInit,False,33.058731002021624,17.54965191129669,17.868259704808565,24.881463124069516,35.20664253265365,21.916548250228285,17.549651911296692,17.868259704808565
EisGefroren,212,SignDomainRawInit,False,34.056912891948315,16.848395071915988,19.092919094064705,25.62153793103781,37.56678134307537,22.35640550759587,16.84839507191598,19.092919094064705
EisGefroren,214,SignDomainRawInit,False,34.53809376037764,16.2055086002486,19.313876594782624,25.882429912027447,37.680826291579535,22.679423524378848,16.2055086002486,19.313876594782613
EisGefroren,216,SignDomainRawInit,False,34.13134334557523,16.29321465709615,20.396933319379386,25.750190305937625,38.044433286103256,22.41625842107142,16.293214657096158,20.396933319379382
EisGefroren,218,SignDomainRawInit,False,34.57215789775055,16.818124907151432,22.83355101505232,26.040391592661013,37.61524429356705,22.875481328382673,16.818124907151432,22.833551015052322
EisGefroren,220,SignDomainRawInit,False,35.82325991102825,15.996892266099543,22.62818977567427,27.08312201661685,39.65221801805537,23.74343663880259,15.996892266099543,22.62818977567427
EisGefroren,222,SignDomainRawInit,False,34.532609182938664,15.358828852510467,21.79170642840915,26.137567536729673,39.17205067040964,22.70668776621351,15.35882885251047,21.791706428409157
EisGefroren,224,SignDomainRawInit,False,34.960631955077105,15.883222599799122,21.598259589502785,26.622453897757797,39.44294320800772,23.17541171137146,15.883222599799122,21.59825958950279
EisGefroren,226,SignDomainRawInit,False,34.76228476889891,15.747926616694885,21.661342289940062,26.357873288767554,38.42880651723841,23.05395663364625,15.747926616694885,21.661342289940062
EisGefroren,228,SignDomainRawInit,False,34.88954164142477,15.352940623819135,21.35830360153719,26.30809274441045,38.725827232845184,22.964779804402053,15.352940623819135,21.358303601537195
EisGefroren,230,SignDomainRawInit,False,35.82249125890723,15.692729780142006,21.723976965207573,27.331881941891382,40.48912446520891,23.69548980977603,15.692729780142006,21.723976965207576
EisGefroren,232,SignDomainRawInit,False,35.02693673069648,15.671706415111046,22.433407318133767,27.156843544230995,40.34660277818347,23.607441957622434,15.671706415111046,22.433407318133767
EisGefroren,234,SignDomainRawInit,False,35.24951614132102,15.511090856787114,22.204108947215264,27.03969389221326,40.13551644246916,23.551291585297033,15.511090856787114,22.204108947215264
EisGefroren,236,SignDomainRawInit,False,34.006579186585874,16.47415650488876,23.35778060895046,25.889742493377447,38.324304658246724,22.47779617525813,16.47415650488876,23.35778060895046
EisGefroren,238,SignDomainRawInit,False,34.1380224944081,17.374467749490407,23.387233857972145,26.343574436637216,38.252229443520086,22.969955428691275,17.374467749490407,23.387233857972145
EisGefroren,240,SignDomainRawInit,False,33.55695428554044,16.999649715886484,22.403206285576697,25.5870073561989,37.28775944159928,22.329103529372844,16.999649715886484,22.403206285576697
Empathie,136,SignDomainRawInit,False,42.45152329614143,7.04564279747694,24.07728085447714,34.37990358637226,46.86239111978163,31.071009890447723,7.04564279747694,24.07728085447714
Empathie,138,SignDomainRawInit,False,40.388901700617104,7.597830253470553,26.296084904799606,31.755410392153447,43.9926173888177,28.69649401245655,7.597830253470553,26.29608490479961
Empathie,140,SignDomainRawInit,False,38.13784664841076,6.567796605660004,20.426879772688352,29.181136695686867,37.38690161880872,26.8477366862751,6.567796605660005,20.426879772688352
Empathie,142,SignDomainRawInit,False,37.82585420118307,7.46880364256916,17.399593213111242,29.580166648750918,37.772951457720545,27.305297338630993,7.468803642569163,17.399593213111242
Empathie,144,SignDomainRawInit,False,36.051508977212265,8.695734382166705,16.17637562803113,27.655455426939834,33.43218239378769,25.81723900182184,8.695734382166703,16.17637562803113
Empathie,146,SignDomainRawInit,False,32.71703226133192,8.81086018394453,15.554178845951018,23.804853832551153,27.35529588899472,22.543335506430953,8.810860183944529,15.554178845951013
Empathie,148,SignDomainRawInit,False,33.01664602901778,9.669218425591033,14.38752754301575,24.66367635720088,26.72678614077412,23.14835591002271,9.669218425591035,14.387527543015752
Empathie,150,SignDomainRawInit,False,32.97730763183133,10.838669811839887,15.06079863270972,25.577725940829396,29.207204816407156,23.833377693184335,10.838669811839887,15.06079863270972
Empathie,152,SignDomainRawInit,False,33.64254897760081,9.559393657453768,14.644462186540638,26.193830114072522,29.897523780352717,24.505277677430463,9.55939365745377,14.644462186540636
Empathie,154,SignDomainRawInit,False,36.38474982555387,10.371686464972363,14.695445712525661,29.019414537936434,35.01678200204233,26.767403833712407,10.371686464972361,14.695445712525661
Empathie,156,SignDomainRawInit,False,39.339274998772446,13.488882592082795,16.386762000379466,31.954700776383966,41.057783982769045,28.982221706019807,13.48888259208279,16.386762000379466
Empathie,158,SignDomainRawInit,False,39.059437714932045,11.25328425940949,14.24052400918309,32.23003471760772,40.8193876328283,29.34334057628448,11.253284259409492,14.240524009183096
Empathie,160,SignDomainRawInit,False,42.32099107123494,13.03411704239671,12.377855838363097,35.036626336122374,44.91201538052701,31.77086881066497,13.03411704239671,12.377855838363097
Empathie,162,SignDomainRawInit,False,41.3490482790552,18.1574070089476,12.264925544892861,33.408729798287915,43.28007124176082,30.23174226932544,18.157407008947597,12.264925544892861
Empathie,164,SignDomainRawInit,False,41.78435300521661,17.210443573947526,10.867896167157516,33.38496752453444,43.992389433774925,30.05328684001136,17.210443573947522,10.867896167157522
Empathie,166,SignDomainRawInit,False,41.87856671988424,12.039136523982423,12.436784446121434,32.23868906953706,43.73949945829983,28.900098472753555,12.039136523982426,12.436784446121434
Empathie,168,SignDomainRawInit,False,40.98131660938943,18.30472106281489,13.440846034989264,31.179245557803345,41.14465216293324,28.18128004384627,18.30472106281489,13.440846034989262
Empathie,170,SignDomainRawInit,False,44.62138865401486,19.467437224115248,12.851187148884899,32.12326912261476,44.28514529149004,28.823792880447286,19.467437224115248,12.8511871488849
Empathie,172,SignDomainRawInit,False,44.78636633387247,18.49162269708096,12.498625385049966,35.82608382621721,50.698592359653865,31.696900937125143,18.491622697080956,12.498625385049962
Empathie,174,SignDomainRawInit,False,45.883002153928636,21.101471209938104,15.256071797391826,34.86117046767902,50.060213071643894,30.856878208901687,21.1014712099381,15.256071797391826
Empathie,176,SignDomainRawInit,False,45.791670242215275,20.92470718307986,15.909255918110585,34.43430406139414,49.46840735246664,30.356887875780124,20.924707183079867,15.909255918110581
Empathie,178,SignDomainRawInit,False,45.32883519037603,21.169010838398695,14.941517939243223,34.776779188987064,49.68040967352281,30.68054981785299,21.169010838398695,14.94151793924322
Empathie,180,SignDomainRawInit,False,45.39420150653335,20.102474825877312,15.134005384660862,35.029525529401354,50.114394545069516,30.870883508323253,20.102474825877316,15.134005384660862
Entschuldigung,129,SignDomainRawInit,False,35.81836421466281,21.26259857503366,16.671966285114834,25.385198592713646,31.440851057122096,23.145614355633494,21.26259857503366,16.671966285114834
Entschuldigung,131,SignDomainRawInit,False,34.75520189988854,20.151096071396026,11.004426685633964,25.410850211543547,34.160402118289134,23.22168622706257,20.15109607139603,11.004426685633964
Entschuldigung,133,SignDomainRawInit,False,34.71938935068506,18.1683075986034,11.037962869213139,25.760587434886077,32.46591141297541,23.663136416167827,18.16830759860339,11.037962869213139
Entschuldigung,135,SignDomainRawInit,False,32.46426798046764,15.199128222022296,10.414798232076247,23.616402085776798,29.702721479424735,21.726769692201913,15.199128222022296,10.414798232076249
Entschuldigung,137,SignDomainRawInit,False,32.85161777335877,19.620377467588245,11.282961420221456,24.174261065120284,31.35673200705233,22.03672059659258,19.62037746758825,11.282961420221458
Entschuldigung,139,SignDomainRawInit,False,33.416998518506915,16.948400148943925,10.658296662537374,23.833064990642477,29.22432654403064,22.074218558486272,16.94840014894392,10.658296662537374
Entschuldigung,141,SignDomainRawInit,False,33.609195864746496,20.176987543167126,12.40894834484204,24.105492500173785,28.821562213512273,22.373711232692056,20.176987543167122,12.40894834484204
Entschuldigung,143,SignDomainRawInit,False,33.51885725543144,16.90102013836003,12.353961160713473,22.39444292125816,28.349281833969386,20.642591958359443,16.901020138360035,12.353961160713473
Entschuldigung,145,SignDomainRawInit,False,33.710523260663116,20.135179358013865,14.116216916115206,24.494423329032134,30.35979057768803,22.53749245714693,20.135179358013872,14.116216916115206
Entschuldigung,147,SignDomainRawInit,False,34.964372659526795,21.33868471428964,12.355236013574817,25.920478526430017,32.47732690557367,23.797704757866107,21.33868471428965,12.355236013574817
Entschuldigung,149,SignDomainRawInit,False,34.45417714594035,17.71367585469991,12.263283220405416,24.67348548699126,30.658978264350452,22.704609727609917,17.713675854699915,12.26328322040542
Entschuldigung,151,SignDomainRawInit,False,34.031716566000775,16.984184886804872,10.40962090704116,23.765180620302623,30.710615557161056,21.583468809993118,16.984184886804872,10.40962090704116
Entschuldigung,153,SignDomainRawInit,False,32.832129720352874,20.7604906803372,9.826441960178036,24.68457930710255,32.31059190271228,22.40299390027188,20.7604906803372,9.826441960178036
Entschuldigung,155,SignDomainRawInit,False,31.901051861884106,17.061977493474924,10.23972676384335,24.150386909913482,31.257945292157785,22.053527772111185,17.061977493474924,10.23972676384335
Entschuldigung,157,SignDomainRawInit,False,33.75009972960817,20.811881808733673,12.461573166499107,25.21207202251741,33.21699229378824,22.78951380064481,20.811881808733673,12.461573166499106
Entschuldigung,159,SignDomainRawInit,False,34.80808139681502,20.142863672707204,10.819214611558728,26.33690706901041,34.46512271625152,24.180789139921636,20.142863672707207,10.819214611558726
Entschuldigung,161,SignDomainRawInit,False,34.73914245415708,20.38456158609243,12.083671431032455,25.12795815900979,32.49286686808109,23.12371591164102,20.38456158609243,12.083671431032455
Entschuldigung,163,SignDomainRawInit,False,32.70724464717158,17.43724435652121,11.034145358930243,23.604742880614086,29.028674785386126,21.947445179478677,17.437244356521205,11.034145358930243
Entschuldigung,165,SignDomainRawInit,False,32.872748451690576,19.129963896896964,12.751946564383617,24.448973354566775,29.228656303333093,22.642782326302193,19.129963896896964,12.751946564383612
Entschuldigung,167,SignDomainRawInit,False,33.801412617391506,20.880271382042338,13.999083754796235,24.844163911399978,30.11927890679417,22.941950058158266,20.880271382042338,13.99908375479624
Entschuldigung,169,SignDomainRawInit,False,33.65309832517221,22.236027696503907,14.396755115266453,24.534251164139818,30.86506802563506,22.500560388453724,22.236027696503907,14.396755115266453
Entschuldigung,171,SignDomainRawInit,False,34.27269731686873,22.164399856197704,14.630138679376065,25.8084309723679,33.02870350452814,23.5559303629691,22.164399856197704,14.630138679376063
Entschuldigung,173,SignDomainRawInit,False,31.556302409550263,23.10726761850876,11.419326742611783,23.554503963250596,31.395110094828524,21.303586669283842,23.10726761850876,11.419326742611783
Entschuldigung,175,SignDomainRawInit,False,32.06438690513416,23.113134153858642,10.382125636625364,24.183099302560276,32.43479685094593,21.933595001464393,23.113134153858635,10.382125636625364
Entschuldigung,177,SignDomainRawInit,False,32.97429278270428,28.528568712353135,13.134121545223612,24.420944908075533,33.888154961771924,21.991898801541158,28.528568712353135,13.134121545223607
Entschuldigung,179,SignDomainRawInit,False,32.339889964483845,23.94799740950203,14.910288528375716,23.919146228902658,32.45509087997873,21.60607885928065,23.94799740950203,14.91028852837572
Entschuldigung,181,SignDomainRawInit,False,35.596488786997185,23.487184003402668,15.429395313601653,24.920341323123626,33.412827826273194,22.684769090816747,23.487184003402668,15.429395313601653
Entschuldigung,183,SignDomainRawInit,False,34.55445894062082,22.025905215951923,15.233551311581405,25.549730529487082,32.5154650607564,23.377246602820207,22.025905215951923,15.233551311581405
Entschuldigung,185,SignDomainRawInit,False,33.92006258082771,18.19232287922082,12.413588481897918,24.970119494133254,30.221978591212288,22.88952621184919,18.192322879220818,12.413588481897914
Entschuldigung,187,SignDomainRawInit,False,33.47061202351134,15.217440863182748,11.978957724395425,24.374609995315367,29.21650238964834,22.38600728404847,15.217440863182752,11.978957724395421
Entschuldigung,189,SignDomainRawInit,False,34.51661347231847,15.443966240434461,11.659067764488306,24.861597602538453,28.73586171209266,22.854058054365197,15.443966240434456,11.659067764488306
FestellenDiagnose,141,SignDomainRawInit,False,52.407528444399624,29.645904039607956,30.6461197680216,46.397644172705135,44.64377013483409,43.172454155304926,29.645904039607956,30.6461197680216
FestellenDiagnose,143,SignDomainRawInit,False,52.173689691097756,31.85745202820764,31.387309799241294,43.56303742604022,44.543034456044445,40.1963863177188,31.85745202820764,31.387309799241294
FestellenDiagnose,145,SignDomainRawInit,False,50.69525722172092,32.2933632277793,32.26781837358427,42.69525856720367,44.98052244401419,39.178411763681396,32.2933632277793,32.26781837358428
FestellenDiagnose,147,SignDomainRawInit,False,49.5481176254942,30.390426657112627,31.61266170867464,41.58947218938824,43.89432367935111,38.16494087849219,30.390426657112627,31.61266170867464
FestellenDiagnose,149,SignDomainRawInit,False,45.94298187105858,24.081827401046574,28.216450491775603,35.777786405610094,38.634566962357674,32.758160378198966,24.081827401046585,28.2164504917756
FestellenDiagnose,151,SignDomainRawInit,False,45.23138650577602,20.954602075475076,17.156996275377438,34.58307775013573,36.07087995743931,31.80162644589727,20.954602075475076,17.156996275377434
FestellenDiagnose,153,SignDomainRawInit,False,44.027598713913456,20.54449733584136,19.053605332931127,34.6412910284669,36.065169080700585,31.914530550857773,20.544497335841363,19.053605332931127
FestellenDiagnose,155,SignDomainRawInit,False,41.33884925359307,17.68197204820768,9.715754988367015,28.933022980153638,31.195362884320197,26.649794257977568,17.68197204820768,9.71575498836701
FestellenDiagnose,157,SignDomainRawInit,False,43.35480546617441,39.83811975418949,17.474203429916074,29.674530351615843,35.061635945571176,26.941612129088032,39.83811975418949,17.474203429916074
FestellenDiagnose,159,SignDomainRawInit,False,41.3418482797448,29.0871049643096,8.358248635771787,25.50346421874288,33.62899122790794,22.91798273211899,29.0871049643096,8.358248635771785
FestellenDiagnose,161,SignDomainRawInit,False,38.31399496673145,12.840009868002763,14.90883868508025,25.995343359940556,35.28885122787042,23.20264531421282,12.840009868002763,14.90883868508025
FestellenDiagnose,163,SignDomainRawInit,False,39.294897514013186,12.459188569595828,15.578135436519833,27.740308379047388,37.7703918520982,24.62976474042608,12.459188569595826,15.578135436519833
FestellenDiagnose,165,SignDomainRawInit,False,39.85255724020662,12.479851216889035,15.250776262088703,27.76529215005375,37.89628032750741,24.675303170253187,12.479851216889035,15.250776262088703
FestellenDiagnose,167,SignDomainRawInit,False,38.55939946071808,11.481224897227882,14.367256171559337,26.59214880971158,36.08430392093612,23.705968806184753,11.481224897227879,14.367256171559335
FestellenDiagnose,169,SignDomainRawInit,False,40.38071612927938,13.431918972359947,14.285146838101078,27.494247737340213,36.81492784467272,24.438122603165674,13.431918972359947,14.285146838101078
FestellenDiagnose,171,SignDomainRawInit,False,40.94220784327062,16.996070912521027,13.174473521723948,27.40032512247431,35.9845955370706,24.575433126460055,16.996070912521027,13.174473521723948
FestellenDiagnose,173,SignDomainRawInit,False,42.80107604618995,18.750719638413294,14.038796066580009,26.713351640285012,34.12708468504396,24.102781130037087,18.750719638413294,14.038796066580005
FestellenDiagnose,175,SignDomainRawInit,False,41.52243931336948,15.672965703770053,14.749652697251934,28.10465691485338,35.10915957079983,25.287118596159164,15.672965703770053,14.749652697251934
FestellenDiagnose,177,SignDomainRawInit,False,42.375748526157075,19.5651754678074,14.039894008143717,27.369747435910654,33.44864525973057,24.713528485824078,19.565175467807403,14.039894008143717
FestellenDiagnose,179,SignDomainRawInit,False,42.10085576521198,17.82190333231342,13.511189643966937,27.813923173190453,33.22970828699381,25.210905860319663,17.82190333231342,13.511189643966935
FestellenDiagnose,181,SignDomainRawInit,False,42.20203474320126,14.432702968810558,13.518258348122298,27.75467466494414,33.29963648096475,25.149326821961306,14.432702968810558,13.518258348122298
FestellenDiagnose,183,SignDomainRawInit,False,40.66181441441797,14.857723939055575,13.344941311781701,27.19311411975899,32.094286868769814,24.778889294913387,14.857723939055571,13.344941311781705
FestellenDiagnose,185,SignDomainRawInit,False,40.98688869604606,15.229196088115504,13.10933959281136,26.370883285564208,31.732368871927914,23.975185414610326,15.229196088115506,13.10933959281136
FestellenDiagnose,187,SignDomainRawInit,False,41.04567638090448,16.00249081326692,12.869172469110818,26.80961773153719,32.06837826026095,24.354089992969485,16.002490813266917,12.869172469110818
FestellenDiagnose,189,SignDomainRawInit,False,41.28579882020576,15.7317050038276,12.468704644564655,27.850520660097473,33.46892192185466,25.205240917242154,15.731705003827596,12.468704644564655
FestellenDiagnose,191,SignDomainRawInit,False,41.513724506538566,15.160487252457317,12.51805895619269,27.365482255479318,33.49278088875941,24.693173828120752,15.160487252457317,12.518058956192693
FestellenDiagnose,193,SignDomainRawInit,False,41.30898567314152,14.943529973371156,12.895485060328506,26.58940471494278,33.05516756495669,23.906092388191787,14.943529973371156,12.895485060328506
FestellenDiagnose,195,SignDomainRawInit,False,42.08260049035958,14.698478440076238,12.677512529472663,28.09213593915337,34.08698105713325,25.329797035855,14.698478440076238,12.677512529472665
Frech,153,SignDomainRawInit,True,32.335524497160286,,16.51788726442063,23.25548200036561,34.971621851131644,20.04765106794892,,16.51788726442063
Frech,155,SignDomainRawInit,True,31.524043526424474,,12.884002222556994,24.257928165051492,36.32067397770927,20.87674016827577,,12.884002222556996
Frech,157,SignDomainRawInit,True,32.17196414094238,,14.38424186683518,23.610617878860854,35.707883547591116,20.29977997199146,,14.384241866835183
Frech,159,SignDomainRawInit,True,33.23047843887411,,12.815270538830905,25.712499164651103,39.05241184682282,22.032531735090082,,12.815270538830903
Frech,161,SignDomainRawInit,True,32.77271702677272,,12.90039357705025,25.248125233429906,37.12460693617306,21.670867288293767,,12.90039357705025
Frech,163,SignDomainRawInit,True,33.491451925933774,,12.828321789204452,26.509618519857515,38.48635098051437,22.794485975412048,,12.828321789204454
Frech,165,SignDomainRawInit,True,32.7627030770251,,14.647382665934499,24.918332688920955,35.29134456879282,21.517615399014357,,14.647382665934497
Frech,167,SignDomainRawInit,True,33.00442624557839,,17.088445093294634,24.53345485431733,35.00826290766872,21.26101904688233,,17.088445093294634
Frech,169,SignDomainRawInit,True,32.92140021878344,,15.276996767448425,24.601424811791976,34.66969140734012,21.49647839039441,,15.276996767448427
Frech,171,SignDomainRawInit,True,33.01217014722979,,16.346832446577782,25.279398663935257,35.73770453123764,22.180211860986308,,16.346832446577782
Frech,173,SignDomainRawInit,True,32.37885582096689,,18.76983718743782,24.442940309126264,36.42324746251004,21.264259464009744,,18.76983718743782
Frech,175,SignDomainRawInit,True,33.20524799232923,,20.606105301342534,25.954021970986187,37.264783438490205,22.347676266177228,,20.606105301342534
Frech,177,SignDomainRawInit,True,33.49949599920839,,17.636521048364592,25.710898699257037,35.149685605821496,22.655658793587378,,17.636521048364592
Frech,179,SignDomainRawInit,True,35.661634173729794,,13.603644965683461,27.966154650128548,36.64967818726544,24.95224691968005,,13.603644965683461
Frech,181,SignDomainRawInit,True,34.82268396198185,,12.597984068246616,27.571532412120874,35.85109367288481,24.929040004623445,,12.59798406824662
Frech,183,SignDomainRawInit,True,35.01337340225891,,17.629395187767344,27.875709885768124,35.582279394499736,25.169370754336438,,17.629395187767344
Frech,185,SignDomainRawInit,True,35.77615092531206,,13.548909537057627,28.339038658856246,37.18180187408868,25.423581527742634,,13.548909537057627
Frech,187,SignDomainRawInit,True,35.072111565512806,,14.694262641162188,27.927908628791826,34.66683335899959,25.149841023181555,,14.694262641162188
Frech,189,SignDomainRawInit,True,34.77491460094989,,15.070023200585661,27.49592147314876,35.01065912287281,24.54230973981725,,15.070023200585663
Frech,191,SignDomainRawInit,True,35.12006865573835,,15.028890535672641,27.70940374801106,35.34906820130359,24.796472932119894,,15.028890535672641
Frech,193,SignDomainRawInit,True,34.73978862717868,,14.670320267653684,26.965075080080652,34.73643373867006,24.05921320962025,,14.670320267653683
Frech,195,SignDomainRawInit,True,34.030400669678635,,15.932823555779786,26.624967244226916,34.25103707224629,23.831602864278363,,15.93282355577979
Frech,197,SignDomainRawInit,True,34.19229397836105,,14.90121812684849,26.894520425325805,34.52505382551634,24.015214712712446,,14.90121812684849
Frech,199,SignDomainRawInit,True,34.40014293911748,,15.22477475307013,27.01033320009866,35.16818413965305,24.075792300380055,,15.224774753070136
Frech,201,SignDomainRawInit,True,33.639172513579794,,15.682361174856187,25.906017642763917,33.26076616788184,23.0684960353344,,15.682361174856187
Frieren,152,SignDomainRawInit,False,36.15198530940969,12.475142155938176,18.82167656564796,28.670890906506962,37.82677142835259,25.3640372304362,12.475142155938176,18.821676565647955
Frieren,154,SignDomainRawInit,False,36.486499940167036,12.798410476849368,17.65497388967722,28.71184577822894,38.496733686554435,25.303925864827573,12.798410476849368,17.654973889677223
Frieren,156,SignDomainRawInit,False,36.896451917463786,12.664407816043225,15.920504649956973,27.600093813421093,38.319214497980376,24.261633067024153,12.664407816043225,15.920504649956973
Frieren,158,SignDomainRawInit,False,37.06027981073527,13.238728887856256,17.134973892154967,27.128053667548343,38.133273770169154,23.922385595761963,13.238728887856256,17.134973892154967
Frieren,160,SignDomainRawInit,False,36.05643341215001,13.296036637866736,17.295232304700022,27.475686611206218,36.61906040203825,24.35316945302066,13.296036637866733,17.295232304700022
Frieren,162,SignDomainRawInit,False,36.67101835753444,12.097658653650946,17.173005352531913,29.02882869797223,38.02241416388502,25.680970191027516,12.097658653650946,17.173005352531913
Frieren,164,SignDomainRawInit,False,37.51873068080664,12.343841413587201,16.219882774807903,28.5944868066848,38.396639529787436,25.180753241652788,12.343841413587201,16.219882774807903
Frieren,166,SignDomainRawInit,False,38.17861868517168,12.095583287462697,16.400480554162847,28.584440913133392,39.66900044761828,25.152837558143744,12.095583287462695,16.400480554162847
Frieren,168,SignDomainRawInit,False,38.322727100604595,12.41980214754286,18.147661135526032,29.367665344807886,39.89551247334935,25.993460199968162,12.41980214754286,18.14766113552603
Frieren,170,SignDomainRawInit,False,38.55709897341231,12.295007133771778,17.017055053344045,30.02167489717833,41.11673813695539,26.51756660257853,12.295007133771781,17.01705505334404
Frieren,172,SignDomainRawInit,False,39.03273580940738,11.486266537380272,15.312994419602218,29.815789830434742,41.0152955603947,26.397687897113933,11.486266537380272,15.312994419602218
Frieren,174,SignDomainRawInit,False,38.37477060039646,11.964764490996792,15.983620174319517,29.64522325954557,40.299996669151376,26.273356547658505,11.964764490996794,15.983620174319514
Frieren,176,SignDomainRawInit,False,38.035703542641386,11.02800649779981,15.419049795115022,29.720343159872925,39.98759573692388,26.332800737969954,11.02800649779981,15.419049795115022
Frieren,178,SignDomainRawInit,False,38.93831581832573,11.519135409782475,15.422441751345946,30.529383194668668,41.07729825366537,27.070844131135043,11.519135409782479,15.422441751345946
Frieren,180,SignDomainRawInit,False,38.97645499863208,11.983981724532859,14.8453709703865,30.154445643946584,40.11226324999652,26.78040988724209,11.983981724532859,14.845370970386497
Frieren,182,SignDomainRawInit,False,37.31649601130544,12.346789202953675,16.00737501593986,28.63456239484777,39.55158597008823,25.2585975602282,12.346789202953673,16.00737501593986
Frieren,184,SignDomainRawInit,False,37.42936062025364,12.732931610660792,15.500158875820384,28.64664974928388,38.592284247332785,25.30920401510398,12.732931610660792,15.500158875820384
Frieren,186,SignDomainRawInit,False,36.540317252053384,12.677141712769885,15.123886947236432,27.868426025109994,38.07356487992455,24.548555097851704,12.67714171276988,15.123886947236432
Frieren,188,SignDomainRawInit,False,35.9466639622192,13.23356475073858,16.193217901552877,26.93776688297606,36.58509742870415,23.727968047078587,13.233564750738578,16.193217901552877
Frisch,137,SignDomainRawInit,False,38.996363706769486,37.841548126498516,42.769839326865494,33.53590957563226,36.326925447476704,30.399433371048307,37.841548126498516,42.769839326865494
Frisch,139,SignDomainRawInit,False,37.5430181018625,34.97858783169886,45.58237621398168,31.976581926119714,35.598347787283146,28.83995839416268,34.97858783169886,45.58237621398168
Frisch,141,SignDomainRawInit,False,38.834157429866856,39.173419532174684,45.824935933138654,33.56628185645334,37.0191503588617,30.283955302534856,39.17341953217468,45.82493593313867
Frisch,143,SignDomainRawInit,False,39.97569820884996,35.614371044955746,45.270017474850995,34.84723192835585,38.05730760757502,31.43547016860542,35.614371044955746,45.270017474850995
Frisch,145,SignDomainRawInit,False,40.99105558642833,33.78744138751685,37.22810586546672,36.41397744274886,38.28620829349075,32.96304947454019,33.78744138751685,37.22810586546672
Frisch,147,SignDomainRawInit,False,39.904115339012186,27.092273391954095,32.307202292649876,34.03531220399414,36.72200499650538,30.83149320601916,27.09227339195409,32.307202292649876
Frisch,149,SignDomainRawInit,False,34.427295406692394,20.166656203675526,24.994780256213854,26.341266758655248,32.85503809685012,23.345111122703106,20.166656203675526,24.994780256213854
Frisch,151,SignDomainRawInit,False,34.099660293727986,17.130992975164883,17.522413828630473,24.709732127334856,32.94147750686178,21.924489514022824,17.130992975164883,17.522413828630476
Frisch,153,SignDomainRawInit,False,31.294228000922324,16.69854652875576,16.455756325734633,21.05606724716303,32.36491833011153,18.40159498762556,16.69854652875576,16.455756325734633
Frisch,155,SignDomainRawInit,False,35.9370881770867,17.79284294682439,21.97881972644317,27.891833637359994,38.49722114708087,24.667663125108874,17.792842946824383,21.97881972644317
Frisch,157,SignDomainRawInit,False,38.143202913401936,20.86071812780152,42.14195525818154,31.32675304638808,42.42929964488748,27.903553779085055,20.86071812780152,42.141955258181554
Frisch,159,SignDomainRawInit,False,37.21534581386471,26.168053050382927,35.39864494087628,31.50103914777444,41.8683618037063,27.963265913465392,26.168053050382927,35.39864494087628
Frisch,161,SignDomainRawInit,False,37.72644570812061,27.670755880787492,40.81513931407329,31.637551158955848,43.25412260653058,28.166643003710664,27.670755880787492,40.81513931407329
Frisch,163,SignDomainRawInit,False,37.5428104637946,24.148326924461333,54.61185633444444,31.584422913425428,41.48378535960233,28.105384510509403,24.14832692446133,54.61185633444443
Frisch,165,SignDomainRawInit,False,34.909809619433524,22.304391764972603,46.575218278598335,27.445698567864437,38.110644032612164,24.34602983788933,22.304391764972603,46.57521827859834
Frisch,167,SignDomainRawInit,False,34.435159206484215,22.975799637523252,43.259062900621956,26.963346691473546,37.07490424980083,23.960364070316583,22.975799637523252,43.259062900621956
Frisch,169,SignDomainRawInit,False,34.99186712836234,23.48939731332253,48.342969635076344,27.133666457028834,37.509369970541705,24.184942446665662,23.489397313322527,48.34296963507634
Frisch,171,SignDomainRawInit,False,37.8289761655202,35.097754125118655,54.758930523320025,30.882093565522545,43.54671455023184,27.400601477195686,35.09775412511865,54.758930523320025
Frisch,173,SignDomainRawInit,False,36.75703960084946,28.765516080419648,50.868925142989475,29.45456773347975,40.35272137400709,26.24693437681034,28.765516080419648,50.868925142989475
Frisch,175,SignDomainRawInit,False,37.40434639901878,37.706858879972785,57.37743240166196,30.22760858750623,42.87952201965167,26.78255136182328,37.706858879972785,57.37743240166195
Frisch,177,SignDomainRawInit,False,37.01408329769532,37.86035788965344,56.19385721639487,30.178924676171903,42.643880662755485,26.757367675511457,37.860357889653436,56.19385721639487
Frisch,179,SignDomainRawInit,False,37.770128475616666,26.972564170415552,50.92052055851693,30.510634569376688,41.96703090438464,27.1259971395886,26.972564170415552,50.92052055851693
Frisch,181,SignDomainRawInit,False,37.572612614289554,24.515270947800534,46.28654216608643,30.667172049822927,41.78889170083018,27.302372731688635,24.515270947800538,46.28654216608643
Frisch,183,SignDomainRawInit,False,37.06766774942848,23.501652252533656,42.71602540366829,29.893905140363824,40.377845276753504,26.679724104389184,23.501652252533663,42.71602540366829
Frisch,185,SignDomainRawInit,False,37.034848501044564,23.980589377018497,44.28186511354006,30.121519431353676,40.978540570550116,26.83048961173397,23.980589377018493,44.28186511354005
Frisch,187,SignDomainRawInit,False,37.16391689936652,25.287406979872443,46.64718824199231,30.154686866113646,41.01009100235261,26.871048402667945,25.287406979872443,46.64718824199231
Froh,126,SignDomainRawInit,False,48.913381155156095,14.011512709520211,17.74660932973914,41.91887600679055,56.87851711473065,37.15437279909655,14.011512709520211,17.746609329739144
Froh,128,SignDomainRawInit,False,54.524443464293874,22.51075755338242,22.954182092282387,48.30467606046105,64.65543969357442,42.8071509941057,22.51075755338242,22.954182092282387
Froh,130,SignDomainRawInit,False,50.66366396838881,20.984129174586652,27.91700911260045,42.08383903438193,59.81527401877723,36.93921061033671,20.984129174586652,27.91700911260045
Froh,132,SignDomainRawInit,False,46.87382463878323,19.88832440616757,25.122730664696707,41.37243831588717,58.880046195007424,36.36498320842604,19.888324406167566,25.122730664696704
Froh,134,SignDomainRawInit,False,50.07027665711612,26.675327748136613,29.554807998316235,45.135537235271826,63.8000110846566,39.45052010807811,26.675327748136613,29.55480799831624
Froh,136,SignDomainRawInit,False,41.08886619571089,19.11416326215867,25.90747912849663,35.84193331305304,55.023655387276904,31.116862150686092,19.11416326215867,25.907479128496632
Froh,138,SignDomainRawInit,False,42.925368329709215,15.86916088382603,18.739798674974697,35.89238089398928,52.84844146241884,31.514461039778897,15.86916088382603,18.739798674974697
Froh,140,SignDomainRawInit,False,40.96574332878452,14.137110663756193,14.02954677579369,33.95745853499011,49.40385560320405,29.979259745119386,14.137110663756195,14.029546775793689
Froh,142,SignDomainRawInit,False,36.90859037131941,12.39547850767176,12.346740906438946,29.009700456511585,43.910883418038445,25.624066586161835,12.39547850767176,12.346740906438946
Froh,144,SignDomainRawInit,False,36.87455645808386,12.430657222493398,11.982434227516416,29.328028259005432,44.70155570111469,25.829604655795574,12.430657222493398,11.982434227516421
Froh,146,SignDomainRawInit,False,38.200236346533906,12.842048852118827,13.244503173347804,29.3230765875395,43.95320937480855,25.938164603521184,12.842048852118827,13.244503173347805
Froh,148,SignDomainRawInit,False,42.86723505758533,19.14519841655676,16.463620793064443,34.725601669502694,50.71461889537107,30.950446083642998,19.14519841655676,16.463620793064447
Froh,150,SignDomainRawInit,False,47.127296728681635,24.148957946650317,25.993873615277533,41.71989840380483,61.217387678508516,36.80807523620737,24.148957946650324,25.993873615277543
Froh,152,SignDomainRawInit,False,52.78265015256267,23.61895854624367,29.273662368057927,45.69354740475906,64.06252860996894,40.274712719933675,23.61895854624367,29.273662368057924
Froh,154,SignDomainRawInit,False,45.7185186517501,18.493649762783374,26.84987297195338,39.04622308062178,56.01535240701028,34.504334718629536,18.493649762783374,26.84987297195338
Froh,156,SignDomainRawInit,False,43.85569194352998,17.89695512419719,28.891459630922377,38.97690116873284,56.734574340063006,34.20050076532776,17.89695512419719,28.891459630922377
Froh,158,SignDomainRawInit,False,41.05015533053507,19.58140156175463,27.351297892761725,35.091816596131295,53.68128113670027,30.670099763806977,19.58140156175463,27.35129789276173
Froh,160,SignDomainRawInit,False,40.118800108105894,16.736215044176348,21.144735792466356,33.94220613211214,50.21130957710279,29.833804107627376,16.736215044176348,21.144735792466356
Froh,162,SignDomainRawInit,False,38.672919757239924,15.619666959978685,17.211797636355,31.369015200167624,46.40522639086401,27.661025119229055,15.619666959978684,17.211797636355
Froh,164,SignDomainRawInit,False,38.88998378307231,15.194506578114433,13.385487293078372,31.948368505137214,47.693271157362226,28.213685397312616,15.194506578114433,13.385487293078372
Froh,166,SignDomainRawInit,False,37.08025472109092,14.787705301576025,12.131698863147948,29.585132344069315,44.91565861187663,26.215002430681032,14.787705301576025,12.131698863147951
Froh,168,SignDomainRawInit,False,36.28547639285495,13.683170747590555,14.120121673224316,29.008630010417676,42.92558100414615,25.69825204382718,13.683170747590555,14.120121673224313
Froh,170,SignDomainRawInit,False,42.423717123567734,15.713612052020338,16.86203545851549,36.17552481455987,51.296742353633796,32.13143183678678,15.713612052020338,16.86203545851549
Froh,172,SignDomainRawInit,False,48.15452687550756,20.691525603375812,28.101757973831162,42.628081602690365,59.21547467351367,37.65822157072368,20.691525603375812,28.101757973831162
Froh,174,SignDomainRawInit,False,54.0777371231834,24.499493219984593,30.136491576816674,47.70004680753026,64.2820455656923,42.35001492244427,24.499493219984593,30.136491576816674
Froh,176,SignDomainRawInit,False,48.27986787209043,24.23400750221208,25.844412083411314,40.78882715261347,56.56224379154576,36.2291731681546,24.234007502212076,25.844412083411314
Froh,178,SignDomainRawInit,False,47.24039829504853,20.39401418957248,29.225061018569267,42.116035207001545,56.487922716772665,37.33486972848631,20.39401418957248,29.225061018569267
Froh,180,SignDomainRawInit,False,46.13059930897673,22.61359783632923,27.375205066587828,44.93645161172701,61.5672717342129,39.54640411726798,22.613597836329227,27.375205066587828
Froh,182,SignDomainRawInit,False,45.85963001175057,22.890298142815507,22.611001679230544,42.91793265192586,57.97017188101214,37.92224563456083,22.890298142815507,22.611001679230544
Froh,184,SignDomainRawInit,False,41.78236111279306,21.40534710514693,21.000460984678245,35.86194709489161,50.55294129177218,31.75334502377839,21.40534710514693,21.00046098467825
Glas,104,SignDomainRawInit,False,32.83578984960511,10.803862700583768,8.259862088366384,20.479626235133242,26.217911242664304,18.924726893346378,10.803862700583768,8.259862088366386
Glas,106,SignDomainRawInit,False,34.31035582826318,13.58227199230943,9.642995411553915,20.661089777715205,27.4388762466415,19.212676313266744,13.582271992309428,9.642995411553915
Glas,108,SignDomainRawInit,False,33.909939021623764,13.951468654881864,8.795513950437957,21.208776937539987,26.976105067902296,19.576791608957464,13.951468654881864,8.795513950437957
Glas,110,SignDomainRawInit,False,34.186584679526426,13.685354573655184,9.975107110872793,24.41815896284841,28.28401846667769,22.638033442911464,13.685354573655186,9.975107110872795
Glas,112,SignDomainRawInit,False,34.392991697365886,10.956265329250506,9.107528191838414,23.396504674722976,28.14535802369121,21.74940173836095,10.956265329250506,9.107528191838416
Glas,114,SignDomainRawInit,False,33.547510441502006,11.469117167054186,11.963584955141291,24.517670768568994,29.13664214485767,22.493726884476036,11.469117167054184,11.963584955141291
Glas,116,SignDomainRawInit,False,34.51516823799216,11.57757664465764,12.92331841010053,25.469928336490423,30.8402231553068,23.32206149177405,11.577576644657643,12.92331841010053
Glas,118,SignDomainRawInit,False,33.78425578422079,11.013072055528815,12.697495291163236,26.99123668480283,29.924341953714304,24.91263268866565,11.013072055528811,12.697495291163234
Glas,120,SignDomainRawInit,False,34.7802698577313,20.55426220861688,12.636921484256867,28.259531996552397,33.90648715192006,25.81546376883368,20.55426220861688,12.636921484256867
Glas,122,SignDomainRawInit,False,33.2850252445824,18.803060558672296,13.434529109341238,26.637102126645896,31.592603543846806,24.327275286605218,18.803060558672293,13.434529109341238
Glas,124,SignDomainRawInit,False,32.93795544552927,18.068716496732875,12.997751756583556,26.390290710374924,30.72557955651267,24.25754684660857,18.06871649673288,12.99775175658356
Glas,126,SignDomainRawInit,False,33.63947843421446,19.35476822871907,12.868690831077567,27.10476809908511,31.079751498319087,24.998678124178696,19.35476822871907,12.868690831077563
Glas,128,SignDomainRawInit,False,34.154149665757416,18.655782674363177,12.38574909523162,27.51927772836276,32.75140532151797,25.248134200376118,18.655782674363177,12.385749095231617
Glas,130,SignDomainRawInit,False,32.41026853479417,21.0320898742023,12.41785405840356,26.108547780928724,31.135060748565248,23.985808078146512,21.032089874202303,12.41785405840356
Glas,132,SignDomainRawInit,False,32.49384268367133,21.318555025580785,12.136027639819172,25.14824973762187,30.66507621553872,23.04159504989621,21.318555025580785,12.136027639819169
Glas,134,SignDomainRawInit,False,32.70844421288929,21.41673661690651,12.74159340944798,25.180581662491864,30.932839931901142,22.953066198556897,21.41673661690651,12.74159340944798
Glas,136,SignDomainRawInit,False,32.39897453599193,21.92876118102408,12.71628022870179,24.520760233214634,30.758016834309682,22.288596536013372,21.92876118102408,12.716280228701791
Glas,138,SignDomainRawInit,False,32.109931162607374,22.064972415106393,12.71637987763529,23.574257968829674,30.25839854090701,21.388157033020544,22.064972415106393,12.71637987763529
IdiomPffIgnorieren,122,SignDomainRawInit,False,36.28135163350001,16.446137207917708,11.734196117312226,25.372006051045112,31.6177752612493,22.65835887265862,16.44613720791771,11.734196117312223
IdiomPffIgnorieren,124,SignDomainRawInit,False,38.50518730092272,12.184833194500452,15.00985692940378,27.787685263449248,31.4868329829606,25.25540150770398,12.184833194500452,15.009856929403782
IdiomPffIgnorieren,126,SignDomainRawInit,False,38.107878895584086,12.672836078883453,13.012673248326028,23.332854508502734,29.52828077774795,21.025755790472193,12.672836078883453,13.012673248326028
IdiomPffIgnorieren,128,SignDomainRawInit,False,40.761502513526025,13.35217680738402,16.40850314555815,22.70871269096356,33.38627418897797,20.256873283694812,13.35217680738402,16.40850314555815
IdiomPffIgnorieren,130,SignDomainRawInit,False,42.85808810471735,13.434104684517935,13.210388559783064,23.801351032503984,33.249020471492024,21.02646738184594,13.434104684517937,13.21038855978307
IdiomPffIgnorieren,132,SignDomainRawInit,False,43.28645905581831,14.493665640511589,12.129933716414946,24.54644242482114,33.51273598482133,21.781812749183697,14.493665640511589,12.12993371641495
IdiomPffIgnorieren,134,SignDomainRawInit,False,47.046624447740136,15.292286175688105,11.861708798642537,22.595603060164546,32.29617031608071,20.00744303616703,15.292286175688107,11.861708798642539
IdiomPffIgnorieren,136,SignDomainRawInit,False,46.168658373372104,15.57733705709554,13.619529195558595,23.43996253370314,33.12038931821193,20.776003553222534,15.57733705709554,13.619529195558595
IdiomPffIgnorieren,138,SignDomainRawInit,False,43.21944711524667,14.801482425231143,14.096486004872702,23.164567529266588,33.099288008392634,20.471582363767943,14.801482425231145,14.096486004872702
IdiomPffIgnorieren,140,SignDomainRawInit,False,40.94120827038039,14.82800025835893,14.66555061821134,25.529338923031258,33.72116050345333,22.736757948635542,14.828000258358932,14.665550618211343
IdiomPffIgnorieren,142,SignDomainRawInit,False,39.094882283891785,14.831689995635578,14.968966809859964,23.865487844384173,32.7104942418935,21.258923310874174,14.831689995635582,14.96896680985996
IdiomPffIgnorieren,144,SignDomainRawInit,False,40.02400092330508,14.62182815842093,15.311142557792842,24.072475595875463,33.14055527153057,21.373741246252383,14.62182815842093,15.311142557792842
IdiomPffIgnorieren,146,SignDomainRawInit,False,42.05048615416842,14.519465571629182,16.1055872915226,25.975615253842456,34.513255093718634,23.08002846430208,14.519465571629182,16.1055872915226
IdiomPffIgnorieren,148,SignDomainRawInit,False,41.69157661271561,14.48960348465601,14.877267048820164,25.523349351780972,34.17793669756452,22.67268679233029,14.489603484656007,14.877267048820162
IdiomPffIgnorieren,150,SignDomainRawInit,False,41.64975453632393,14.658269591010503,14.62030106681478,25.086854913204906,34.023585041785644,22.285227237129842,14.658269591010503,14.620301066814779
IdiomPffIgnorieren,152,SignDomainRawInit,False,39.384223478405,14.03957505398412,14.597425477091287,24.496810819068926,33.10315982668098,21.70871365076291,14.03957505398412,14.597425477091285
Jahr,162,SignDomainRawInit,True,36.382728357871535,,19.782863116627286,30.5481628025667,32.18278715466484,27.802844843870474,,19.782863116627286
Jahr,164,SignDomainRawInit,True,40.03900814104043,,22.07861046521605,35.35825981429634,35.78024272374562,32.196551158431234,,22.07861046521605
Jahr,166,SignDomainRawInit,True,43.23608427576316,,20.09459271654793,39.741381369126614,38.5895711447497,36.30464700792315,,20.09459271654793
Jahr,168,SignDomainRawInit,True,40.53448173856981,,19.174689513287536,38.32338087015255,36.921272420323085,34.72642951352735,,19.174689513287532
Jahr,170,SignDomainRawInit,True,42.64170442767752,,42.639789333499444,41.429069859401515,42.47471791376571,37.32511438053174,,42.63978933349945
Jahr,172,SignDomainRawInit,True,44.348627589386034,,46.50601909637992,43.83405112871208,46.999499003299626,39.22275266752481,,46.50601909637992
Jahr,174,SignDomainRawInit,True,40.07107497682432,,44.01318986386324,38.107159622160026,41.14297052668756,33.97944930640807,,44.01318986386324
Jahr,176,SignDomainRawInit,True,39.881233857336234,,41.297223974005306,37.24505754309213,40.884492741468534,33.23777687516488,,41.297223974005306
Jahr,178,SignDomainRawInit,True,41.15124945339169,,39.51212003148964,37.35949876898664,40.64304151050417,33.319001826892084,,39.51212003148964
Jahr,180,SignDomainRawInit,True,41.136252938141574,,12.565340456894294,36.82294614955787,41.015397352457214,32.848931408832385,,12.565340456894294
Jahr,182,SignDomainRawInit,True,42.167353834848726,,12.171041883386486,36.77920748683901,43.233691243696065,32.71338426109767,,12.171041883386486
Jahr,184,SignDomainRawInit,True,39.44411448321548,,12.866183775705535,33.47713827793096,45.683625579549826,29.136423817314245,,12.866183775705538
Jahr,186,SignDomainRawInit,True,38.83389711583253,,14.174348571387373,32.8054750696121,48.39427140779871,28.21761883440028,,14.17434857138737
Jahr,188,SignDomainRawInit,True,36.79704269009457,,15.841234549128048,30.59568002021266,42.86449838303569,26.52219802970563,,15.841234549128048
Jahr,190,SignDomainRawInit,True,34.91047075733997,,19.159229365056817,27.701154084051087,41.5151327489463,23.650136401897626,,19.159229365056813
Jahr,192,SignDomainRawInit,True,39.921713255044004,,22.405836056319732,32.12780149618775,46.103593079226314,27.55164147947152,,22.405836056319732
Jahr,194,SignDomainRawInit,True,36.648406297688986,,28.680909850841864,30.259818488738738,43.776707915935496,25.935305063873017,,28.680909850841864
Jahr,196,SignDomainRawInit,True,32.03309722816613,,31.43668204899211,25.870212475328323,42.07501380458692,21.757426221613485,,31.43668204899211
Jahr,198,SignDomainRawInit,True,32.43516714024542,,26.095117962544816,25.418517841016122,37.64732965246617,21.856641852394635,,26.095117962544816
Jahr,200,SignDomainRawInit,True,36.01663635345961,,28.20725610315927,27.433436996582884,36.63659601559228,24.078096862496864,,28.207256103159274
Jahr,202,SignDomainRawInit,True,38.82886314144019,,21.615237278724752,30.80613595484499,36.28549989121335,27.48758673076538,,21.615237278724752
Jahr,204,SignDomainRawInit,True,35.71605204210987,,28.91069653384236,29.195096182082317,36.443215837356036,25.80111369754073,,28.910696533842362
Jahr,206,SignDomainRawInit,True,34.714573004652,,27.027815746598392,28.437363322490516,34.03119966130844,25.195166449460547,,27.027815746598392
Jahr,208,SignDomainRawInit,True,33.12652238106351,,28.842326688172506,27.664290581983646,32.75599213610352,24.498296474796867,,28.842326688172502
Jahr,210,SignDomainRawInit,True,31.370596738853305,,33.38484501018639,26.308981917211554,32.756510203488475,23.22701045960552,,33.38484501018639
Jahr,212,SignDomainRawInit,True,33.547400462006316,,30.28424987546195,28.250783691079384,32.90034347395014,25.096560379706826,,30.28424987546195
Jahr,214,SignDomainRawInit,True,33.93951674319484,,25.325443543458313,29.48162560181544,33.869111805799115,26.24968893286945,,25.325443543458313
Jahr,216,SignDomainRawInit,True,33.6682857474977,,33.88608441555752,29.25714253331793,32.318097523447506,26.189276360275812,,33.88608441555752
Jahr,218,SignDomainRawInit,True,33.833411785024474,,28.506804703605635,28.00354876871798,31.38147552406074,25.038402699677093,,28.50680470360563
Jahr,220,SignDomainRawInit,True,33.42162037492243,,25.951517809891957,27.867049306528454,31.04354729576536,24.968161337617854,,25.951517809891957
Jahr,222,SignDomainRawInit,True,31.99595184399203,,29.21863748697802,26.16991510919046,31.536441490978667,23.251948217792876,,29.21863748697802
Jahr,224,SignDomainRawInit,True,32.21215994931248,,28.693480241989246,25.90039383807009,33.62307227850655,22.89238558749593,,28.693480241989246
Jahr,226,SignDomainRawInit,True,33.079870085714006,,23.619710341972006,25.7795151508506,36.352932976520954,22.63453165891282,,23.61971034197201
Jahr,228,SignDomainRawInit,True,31.70376700293122,,22.523302612724304,26.036851376956196,34.57940481155394,22.9801268987766,,22.523302612724304
Jahr,230,SignDomainRawInit,True,30.671103363386855,,20.478799334207224,25.61082032153285,30.16495087967846,22.679825630210892,,20.478799334207224
Jahr,232,SignDomainRawInit,True,31.89957038152723,,36.80658996905142,26.82635268816283,33.993473833155164,23.454071662022578,,36.80658996905142
Jahr,234,SignDomainRawInit,True,34.5018032847874,,46.74804654922167,29.20827034950752,37.77831005615854,25.515153289143022,,46.74804654922166
Jahr,236,SignDomainRawInit,True,33.89597910918869,,27.457450751821625,27.928164703847344,34.13401114158056,24.68844160985473,,27.45745075182163
Jahr,238,SignDomainRawInit,True,34.439915320715656,,27.46416559992043,28.64882642953518,32.99607876502739,25.523684276283145,,27.46416559992043
Jahr,240,SignDomainRawInit,True,35.0670190984153,,26.791521479502208,29.46983055634522,33.23040363991242,26.30306212760488,,26.791521479502208
Klar,122,SignDomainRawInit,True,32.693244431750145,,20.04102637096823,27.152929521138795,40.916172173561776,22.982285954279703,,20.04102637096823
Klar,124,SignDomainRawInit,True,30.076436094733022,,17.965281652948914,21.943319064692744,35.021551535467935,18.601704035731206,,17.96528165294891
Klar,126,SignDomainRawInit,True,30.61077885838907,,21.89723716249757,22.67916789890012,35.75412005383196,19.377234163431563,,21.89723716249757
Klar,128,SignDomainRawInit,True,28.748361739228915,,19.131035647149165,21.181770839751938,33.20733786308255,18.08371475741568,,19.13103564714917
Klar,130,SignDomainRawInit,True,29.285508881883242,,17.632975884838075,20.933412850274802,33.42110844387341,17.986337717914836,,17.632975884838075
Klar,132,SignDomainRawInit,True,30.3585927255936,,23.27638031909576,22.151284802220818,37.33243490420805,19.08389063776572,,23.27638031909576
Klar,134,SignDomainRawInit,True,31.686362209638073,,31.27188070263009,23.843982700770567,36.613842897853026,20.54977106055959,,31.27188070263009
Klar,136,SignDomainRawInit,True,32.453494287668725,,55.18029318301734,26.050127728209,38.69949523750791,22.402095975795376,,55.18029318301734
Klar,138,SignDomainRawInit,True,33.311662396896956,,67.17684079712225,27.328210278023214,42.055165920033396,23.387902879988825,,67.17684079712225
Klar,140,SignDomainRawInit,True,34.45895494903233,,67.78411523984374,28.940779898297976,43.444706020517245,24.842377369261552,,67.78411523984374
Klar,142,SignDomainRawInit,True,33.93493718900316,,65.0971747015299,28.3149748404077,42.43109475439091,24.513923423933143,,65.0971747015299
Klar,144,SignDomainRawInit,True,34.024444811940384,,64.46110879788267,28.062873898550123,43.425114618302416,24.094609683485817,,64.46110879788269
Klar,146,SignDomainRawInit,True,34.619653609152365,,65.60891626922202,28.759575353754045,44.41820385751566,24.76449457182302,,65.60891626922202
Klar,148,SignDomainRawInit,True,34.91893258300068,,66.91954893354139,29.033803568600234,44.640373669423006,24.96199368847603,,66.9195489335414
Klar,150,SignDomainRawInit,True,34.84547002875642,,67.22906135875103,29.47101014912294,43.85175099476775,25.453514861947056,,67.22906135875103
Klar,152,SignDomainRawInit,True,35.46613437302985,,66.29800104574012,29.70560644417063,44.29460767180513,25.617475248081124,,66.29800104574014
Kochen,135,SignDomainRawInit,False,39.09454440423336,17.044682049487186,15.513581491121197,30.19152825727201,34.76766500090647,27.523462824184826,17.044682049487186,15.513581491121197
Kochen,137,SignDomainRawInit,False,41.41048214208222,16.149660680113673,17.817490973531584,32.97351056756451,34.94963752295117,30.363818451315073,16.149660680113673,17.81749097353158
Kochen,139,SignDomainRawInit,False,41.90869074031533,15.989641367969796,17.329460729360175,34.01909082894088,36.86255535445086,31.02562737333907,15.989641367969796,17.32946072936018
Kochen,141,SignDomainRawInit,False,41.535095920226,15.955961259254504,16.724909929270154,33.98496535169133,38.78069549802608,30.639762957145297,15.9559612592545,16.72490992927015
Kochen,143,SignDomainRawInit,False,41.592568372395796,16.215416222118986,17.627562725376535,34.29719019009173,41.614986488878074,30.69471376360324,16.215416222118986,17.62756272537654
Kochen,145,SignDomainRawInit,False,45.113071370781086,16.14946840775166,15.943045963593816,37.98616820751763,45.13697763986988,33.89261906871172,16.149468407751655,15.94304596359382
Kochen,147,SignDomainRawInit,False,41.72820540714581,16.246687712154397,17.14125179723251,35.0682123964412,44.860347889075065,31.378437769562172,16.246687712154397,17.14125179723251
Kochen,149,SignDomainRawInit,False,39.44860776324341,15.360093461258367,17.946096505188656,31.317388769762463,39.70510053134282,28.234615286292048,15.360093461258367,17.946096505188656
Kochen,151,SignDomainRawInit,False,37.847631282476655,17.00985883586297,16.993109664630325,29.231862030294504,38.976006239719666,26.575250081814207,17.009858835862968,16.99310966463033
Kochen,153,SignDomainRawInit,False,37.59476671937281,16.290150424057476,18.362387399979387,29.54385234503495,39.44502476970418,26.5681770885826,16.29015042405747,18.362387399979387
Kochen,155,SignDomainRawInit,False,37.84382781830011,16.294470671086522,20.16220449585045,30.011228453195784,38.81735417337974,27.060890160291386,16.294470671086522,20.162204495850446
Kochen,157,SignDomainRawInit,False,36.80833387332686,18.53366950545057,18.48695579463365,28.671435525389136,37.06899024348358,25.89124246193319,18.53366950545057,18.48695579463365
Kochen,159,SignDomainRawInit,False,34.31237026399647,17.126504309004012,17.378830845576765,25.038325239306445,31.57878912871636,22.679533487791208,17.126504309004012,17.378830845576765
Kochen,161,SignDomainRawInit,False,34.59813404732048,15.295290525164512,17.123080142995473,25.59158438171263,31.613227941946167,23.30389353986407,15.295290525164512,17.123080142995473
Kochen,163,SignDomainRawInit,False,33.4442981518798,16.713933816031986,17.312176020312403,23.06901754377945,27.556877229893338,21.113379760469957,16.713933816031986,17.312176020312407
Kochen,165,SignDomainRawInit,False,35.674076216139106,13.894529534448171,16.913083341459252,25.26318469727743,28.644759068265106,23.12786951253549,13.894529534448171,16.91308334145925
Kochen,167,SignDomainRawInit,False,35.144199913965224,14.661561021930748,17.931989912425994,23.773918063404384,27.693627914041038,21.84852925083758,14.661561021930748,17.931989912425994
Kochen,169,SignDomainRawInit,False,36.435106677419824,15.340501673285255,17.950503076194593,26.81518022476882,28.3961311409379,24.878820814909872,15.340501673285253,17.950503076194593
Kochen,171,SignDomainRawInit,False,39.875078804694645,15.822285605743911,17.288729560382386,32.09342944057155,34.442097169242686,29.20352467224951,15.822285605743911,17.288729560382386
Kochen,173,SignDomainRawInit,False,39.23519925533292,15.927377004012959,18.025285013123334,31.325719844220412,34.90741726402834,28.353026436783583,15.927377004012959,18.025285013123337
Kochen,175,SignDomainRawInit,False,37.52640256696097,15.0184416144824,19.014477856806593,30.112437539012962,35.10958022149704,27.073965449258043,15.0184416144824,19.01447785680659
Kochen,177,SignDomainRawInit,False,40.84873127690782,16.121092292042167,16.811356401269652,33.017193304256494,38.80185625566678,29.563011514902538,16.121092292042167,16.811356401269656
Kochen,179,SignDomainRawInit,False,42.31450320630349,16.854854975127893,16.219184518424203,34.793307776662765,41.037410629381874,31.215120440452182,16.854854975127896,16.2191845184242
Kochen,181,SignDomainRawInit,False,36.9304308252369,16.688855896295486,17.88149404923877,27.937067274279375,35.936909799437494,25.005411375808066,16.688855896295486,17.88149404923877
Kochen,183,SignDomainRawInit,False,38.5300332502856,15.63165650349919,16.982234267378587,28.673364062216375,38.80664267363427,25.513679215204476,15.63165650349919,16.982234267378587
Kochen,185,SignDomainRawInit,False,37.42252570339415,14.35511065946354,16.833264781044512,28.286848535439415,37.838272295567904,25.120147712512587,14.35511065946354,16.833264781044512
Kochen,187,SignDomainRawInit,False,37.26999314909521,14.53308569798316,16.724802999801824,29.29333513895442,36.92531298056808,26.01937759721322,14.53308569798316,16.724802999801824
Kochen,189,SignDomainRawInit,False,34.73080803388221,16.898053910825443,15.423799176121525,23.65469055219734,29.579920664770654,21.293119019455176,16.898053910825443,15.423799176121525
Kochen,191,SignDomainRawInit,False,35.17281225204592,15.9849512281716,15.754735419259626,25.920123930150915,31.142858893758035,23.242160645199924,15.9849512281716,15.754735419259626
Kochen,193,SignDomainRawInit,False,34.279165238981435,16.030960751041405,16.271196169123904,24.675888805352525,29.71260837715279,22.190718675567968,16.030960751041402,16.271196169123904
Kochen,195,SignDomainRawInit,False,35.33176236735051,13.300310454122128,15.079296243745993,26.023818245973253,28.55244175898819,23.59525145835947,13.300310454122128,15.079296243745993
Kochen,197,SignDomainRawInit,False,36.05424070327697,13.459160240567511,15.61881857525511,26.09300774770707,28.28912654007751,23.713532872043032,13.459160240567517,15.61881857525511
Kochen,199,SignDomainRawInit,False,37.43068495827483,16.848168009572497,16.064270103995145,29.961208423755664,32.25180058624143,27.212358229993644,16.848168009572497,16.064270103995145
Kochen,201,SignDomainRawInit,False,35.47476159587644,19.619229027709306,16.174241141442206,25.939892053029745,31.42219468381919,23.350639565789223,19.619229027709306,16.174241141442206
Kochen,203,SignDomainRawInit,False,39.69031879599288,18.116791555701898,16.02311487677993,31.296235203426136,34.03345405582443,28.460471348060814,18.116791555701898,16.02311487677993
Kochen,205,SignDomainRawInit,False,37.68984365215091,15.748419732308644,16.39481877034146,29.17297116785899,34.12203406608794,26.237354797487775,15.74841973230864,16.39481877034146
Kochen,207,SignDomainRawInit,False,36.88696954413013,14.020209441985957,16.392102913538363,28.68274013254634,33.965521259174075,25.652024875274392,14.020209441985957,16.392102913538363
Kochen,209,SignDomainRawInit,False,37.52086355784972,15.434300491217913,16.727998146101694,28.799246686468642,36.610446960400914,25.506852470597995,15.43430049121791,16.727998146101694
Kochen,211,SignDomainRawInit,False,38.92328133020604,15.397330051210742,16.901919676419503,32.07556990260565,40.26467788359463,28.371648790257833,15.397330051210742,16.901919676419507
Kochen,213,SignDomainRawInit,False,38.697882502870264,16.756249993328435,19.015284757635317,30.06839945590755,41.34928205837513,26.578387851343415,16.75624999332844,19.015284757635314
Kochen,215,SignDomainRawInit,False,38.33974103133183,16.529162720411783,17.600040710650447,28.62294723626977,38.61858039589892,25.331038435389356,16.529162720411783,17.600040710650447
Kochen,217,SignDomainRawInit,False,36.748138624396226,19.88101701900204,18.169963011982823,26.590247335856066,36.55742637353134,23.852409650345553,19.881017019002037,18.169963011982826
Kochen,219,SignDomainRawInit,False,36.876575435834,19.172755620663224,18.925676982952417,26.38747797481795,36.308579273900435,23.570955090205437,19.172755620663224,18.925676982952417
Kochen,221,SignDomainRawInit,False,38.50408703187474,15.356191425036048,19.527496432089343,30.171776206078388,39.96621473649292,26.67283634520955,15.356191425036048,19.527496432089343
Kochen,223,SignDomainRawInit,False,39.029825242159994,15.246541655413456,19.45043430896672,30.66710735895403,40.729229833929125,27.097215942608653,15.246541655413454,19.450434308966724
Kochen,225,SignDomainRawInit,False,36.904120623691355,17.751390089788266,18.203279686547184,27.68785210336711,37.996239637495684,24.473430951880463,17.751390089788263,18.203279686547184
Lesen,153,SignDomainRawInit,False,36.297855045597956,10.28461465685551,16.525682061591233,29.428614218938527,35.267973043632864,26.524843827272882,10.284614656855506,16.525682061591237
Lesen,155,SignDomainRawInit,False,35.95228791167079,10.257111288780871,15.852458890020364,28.980698817852378,36.40346138277028,25.92473373688392,10.257111288780873,15.852458890020367
Lesen,157,SignDomainRawInit,False,39.6106145020232,11.308941731018647,17.516738890381383,29.78434305687462,42.282854322867834,26.09498716779298,11.308941731018647,17.51673889038138
Lesen,159,SignDomainRawInit,False,37.92171712869537,11.004090081170641,12.532054365462225,31.60485500529838,44.354196850664806,27.661631667845892,11.004090081170641,12.532054365462223
Lesen,161,SignDomainRawInit,False,35.02327222040043,9.062164989395756,16.229802701290566,25.249453368805803,34.44475510760596,22.086081516924963,9.062164989395757,16.229802701290563
Lesen,163,SignDomainRawInit,False,37.563219973313196,11.586830342486298,12.444110379290162,30.435203933670543,42.634965028491486,26.450326023045164,11.586830342486296,12.444110379290162
Lesen,165,SignDomainRawInit,False,36.29243078362733,9.822445835603583,14.419589939042329,27.753841743053705,38.88172860014359,24.310901718934222,9.822445835603583,14.419589939042332
Lesen,167,SignDomainRawInit,False,36.3706900242572,9.652448560938213,13.151817897138102,30.1659491494387,41.737927340578125,26.3853736393099,9.652448560938213,13.151817897138102
Lesen,169,SignDomainRawInit,False,38.15069477529867,8.630261164599847,15.248559252409253,29.481464036029372,39.495353513504455,25.933458043986317,8.630261164599851,15.248559252409247
Lesen,171,SignDomainRawInit,False,37.15253207821293,9.758874122066592,13.283806892862078,25.6866587399267,35.97524769776017,22.5482489300985,9.758874122066594,13.28380689286208
Lesen,173,SignDomainRawInit,False,38.95391199439352,11.539032392628243,12.262092462835081,26.56185381265741,36.93218408678391,23.336016794482262,11.539032392628238,12.262092462835081
Lesen,175,SignDomainRawInit,False,39.32117362018055,11.79601710195404,15.220726631850598,27.9947171294996,39.784354183212706,24.53778129141873,11.796017101954037,15.220726631850598
Lesen,177,SignDomainRawInit,False,35.938067006146525,10.899004474276873,13.214569647780962,26.4738404053269,35.53158256276765,23.37002170276124,10.899004474276875,13.214569647780964
Lesen,179,SignDomainRawInit,False,37.93574013681334,10.714971025904696,15.547785447117516,26.672446625341276,36.94405070316051,23.47388357160852,10.714971025904696,15.547785447117514
Lesen,181,SignDomainRawInit,False,37.52757505386656,11.70860185129598,11.801373859399284,26.692818070965412,38.73400908481382,23.40255412171311,11.708601851295983,11.801373859399284
Lesen,183,SignDomainRawInit,False,39.79236828275378,11.103178131673722,13.855706444143037,27.854336289955363,40.82734623666247,24.376916774706757,11.103178131673722,13.855706444143035
Lesen,185,SignDomainRawInit,False,39.776250497728896,10.313335488059609,12.143661911734082,27.19810316714788,39.90089254291408,23.844288301905646,10.313335488059609,12.143661911734084
Lesen,187,SignDomainRawInit,False,39.52042905638612,11.999945308442912,10.20747687388604,28.240823124014163,40.871348656636705,24.661565708432438,11.999945308442912,10.20747687388604
Lesen,189,SignDomainRawInit,False,40.81056902115741,10.844117323074506,11.915582735254722,27.93232465988226,40.43188260438169,24.458957238576744,10.844117323074505,11.915582735254722
Lesen,191,SignDomainRawInit,False,42.32304751217535,11.423013707666984,11.802030360566002,27.26848757143706,41.297520107931284,23.826669891142313,11.423013707666984,11.802030360566004
Lesen,193,SignDomainRawInit,False,39.007038514909155,13.690051801112956,11.89910329362219,28.443811952276338,40.4711175144281,24.92993576296625,13.690051801112956,11.899103293622195
Lesen,195,SignDomainRawInit,False,42.426534934868435,11.183155013894789,10.824071104207723,27.742701765093727,41.60409589411845,24.402334313553993,11.183155013894789,10.824071104207725
Lesen,197,SignDomainRawInit,False,40.70180108437773,9.995393034280106,13.025737994626718,27.597013917508722,40.672968040581374,24.29238055216962,9.995393034280106,13.025737994626713
Lesen,199,SignDomainRawInit,False,41.464517852614094,10.62394436677958,12.366462263361564,29.765422350563295,44.7488037664157,26.05638950641802,10.623944366779583,12.366462263361562
Lesen,201,SignDomainRawInit,False,38.93972116821614,8.882177237843434,13.12276607030174,27.58609753373279,39.587404082660235,24.309525118269157,8.882177237843438,13.122766070301742
Lesen,203,SignDomainRawInit,False,38.83403169398815,9.732261435386928,12.574425826987632,29.198969426450756,41.16014808491275,25.713327944359502,9.732261435386926,12.574425826987635
Lesen,205,SignDomainRawInit,False,38.72883999834545,9.045085162387677,11.55432123696533,30.682391893900665,42.93196754293423,26.944552151645667,9.045085162387675,11.55432123696533
Lesen,207,SignDomainRawInit,False,38.69577664272344,9.197423046439782,11.46220938279849,30.74207728403253,41.88933462794077,27.18439680022011,9.197423046439782,11.462209382798488
Lesen,209,SignDomainRawInit,False,38.316620663693115,10.151598851854954,14.199583776114137,30.332244115399792,42.01467706511972,26.856233693773664,10.151598851854953,14.199583776114133
Lesen,211,SignDomainRawInit,False,39.32982215868706,10.347500362721808,14.920452663503095,31.634620714137544,44.496619848417424,27.795892630041028,10.347500362721808,14.920452663503092
Lesen,213,SignDomainRawInit,False,38.8367592893516,8.785466678648095,14.810926409134126,31.66453143141007,44.213589922647756,27.90278615996177,8.785466678648099,14.810926409134128
LiebBitte,142,SignDomainRawInit,True,33.82202206659614,,16.270107851673828,28.712661579585273,48.193798185178245,24.208087379514136,,16.270107851673828
LiebBitte,144,SignDomainRawInit,True,34.24481083958581,,16.70183871393079,29.12656183174845,48.724298057185884,24.584782615329313,,16.70183871393079
LiebBitte,146,SignDomainRawInit,True,32.416981152812134,,17.811058369201497,27.527684377711164,45.02016382144816,23.183338630684226,,17.811058369201497
LiebBitte,148,SignDomainRawInit,True,32.07400749468534,,17.480913937718718,26.695998950874003,43.85903328076996,22.594593570909783,,17.480913937718718
LiebBitte,150,SignDomainRawInit,True,31.570816944267637,,19.26926132118563,26.652766721696473,42.14868512338703,22.768081050303273,,19.269261321185635
LiebBitte,152,SignDomainRawInit,True,33.67714656828229,,22.046202225347578,29.030745428836394,45.4387191803324,24.89300127099987,,22.046202225347578
LiebBitte,154,SignDomainRawInit,True,33.5231115635824,,14.470476228993293,28.91233940951481,46.33763756394995,24.487448147598588,,14.47047622899329
LiebBitte,156,SignDomainRawInit,True,36.63275695365652,,17.99945848780944,32.37484396061,51.78836870552754,27.614918996959183,,17.99945848780944
LiebBitte,158,SignDomainRawInit,True,34.53289849800222,,17.910902857579416,29.566198675784726,46.7322205321131,25.289982629760594,,17.910902857579416
LiebBitte,160,SignDomainRawInit,True,34.580828782024085,,18.113267352636083,29.677474799821113,47.31178067303083,25.371914542826453,,18.113267352636083
LiebBitte,162,SignDomainRawInit,True,33.86319969552113,,19.006843876205043,28.767642482894185,45.72757508324836,24.631714025205927,,19.006843876205043
LiebBitte,164,SignDomainRawInit,True,34.11880929786209,,18.797705970355576,29.078785017117035,46.27786867203751,24.872938489830666,,18.797705970355576
LiebBitte,166,SignDomainRawInit,True,34.259867151115,,18.78318344089014,29.424589558301527,47.259458211016366,25.11677503035951,,18.78318344089014
LiebBitte,168,SignDomainRawInit,True,34.15244095265856,,18.22612686277169,29.501078380268428,47.857232431462634,25.082828270865352,,18.226126862771693
Luegen,115,SignDomainRawInit,True,31.49628575241393,,20.01856333912986,23.18648047663583,33.941626870259995,19.87805607170384,,20.01856333912986
Luegen,117,SignDomainRawInit,True,31.62556517779598,,21.918504645716435,23.906508916582947,35.454346392733974,20.354620946640697,,21.918504645716432
Luegen,119,SignDomainRawInit,True,32.103083019523375,,22.608787146534002,24.527931811382842,36.510641769464705,21.075271441470377,,22.608787146534002
Luegen,121,SignDomainRawInit,True,30.89141396121912,,21.323132553541456,23.094934494717727,34.698275222522945,19.768931527106496,,21.32313255354145
Luegen,123,SignDomainRawInit,True,31.771905499922003,,18.858838504685405,24.00132158393192,35.43340351506758,20.643978666849584,,18.858838504685405
Luegen,125,SignDomainRawInit,True,32.739492178221354,,19.607452784195335,24.777115295804357,35.47413773214748,21.437236697336964,,19.60745278419534
Luegen,127,SignDomainRawInit,True,33.50281326128145,,18.523025604866337,26.444377802666335,38.19036357615492,23.069692275662124,,18.523025604866337
Luegen,129,SignDomainRawInit,True,32.21185278409288,,18.91896089231771,24.268072966444038,35.03187070001221,21.187639995012425,,18.91896089231771
Luegen,131,SignDomainRawInit,True,31.70899130376996,,16.71288528567958,22.85393913512287,33.59574126655914,19.742004506281084,,16.71288528567958
Luegen,133,SignDomainRawInit,True,31.341764306247683,,17.84144408202714,23.186141611017586,34.40513793147894,20.052669808957905,,17.84144408202714
Luegen,135,SignDomainRawInit,True,31.666783305556113,,16.74594054776696,23.290932086798,35.71906768541106,20.051063246131413,,16.74594054776696
Luegen,137,SignDomainRawInit,True,31.26436828804436,,18.543233201407553,23.546675049107094,35.02732052133594,20.274867939885095,,18.543233201407553
Luegen,139,SignDomainRawInit,True,32.63976746319315,,19.561757072895418,24.70063465196945,38.09146812945435,21.031814106033256,,19.561757072895414
Luegen,141,SignDomainRawInit,True,33.653100386314655,,22.503381373834113,25.273941753878418,38.199322154503825,21.717701998203896,,22.503381373834117
Luegen,143,SignDomainRawInit,True,31.825328462619538,,15.91872715243237,24.104433048405472,34.06523097740751,20.931856879131246,,15.91872715243237
Luegen,145,SignDomainRawInit,True,31.1042543017782,,15.282254122663831,24.3577791294151,32.242029199104365,21.41651946451506,,15.282254122663836
Luegen,147,SignDomainRawInit,True,32.309085319710285,,17.01352652851143,26.00846998109165,32.76201181738454,22.92902532420943,,17.013526528511434
Muell,116,SignDomainRawInit,True,33.06339112233466,,18.39219697291337,24.88698785010054,34.07866409929176,21.440638058772162,,18.39219697291337
Muell,118,SignDomainRawInit,True,32.75559903672972,,16.818640139993285,26.033185163166692,33.43688042627707,22.500851872480393,,16.818640139993285
Muell,120,SignDomainRawInit,True,33.27998996043579,,17.137697617319876,26.526587671321632,34.92176897201877,22.900479345061267,,17.13769761731987
Muell,122,SignDomainRawInit,True,32.41472526902021,,16.152056545412126,25.553725213745334,35.549795520618865,21.852616020864357,,16.152056545412123
Muell,124,SignDomainRawInit,True,31.826624984306008,,17.984923977352597,24.473331714110014,33.70854795206618,20.992484122913552,,17.984923977352597
Muell,126,SignDomainRawInit,True,36.61883238535743,,14.170211602517105,32.30337876148645,43.9719156756338,27.67956135970802,,14.170211602517105
Muell,128,SignDomainRawInit,True,40.40324068726289,,10.54331752016037,36.35202101782399,49.9824991217998,31.21464048506412,,10.543317520160373
Muell,130,SignDomainRawInit,True,36.31866845942912,,17.840582777027524,31.793363623920317,41.06387602788859,27.930073237454152,,17.840582777027524
Muell,132,SignDomainRawInit,True,35.68705441862875,,15.819263967964494,31.307503045534848,38.52629927281478,27.813945001066543,,15.819263967964494
Muell,134,SignDomainRawInit,True,37.91176362470637,,13.51247817867995,33.75462129291304,39.72259829445937,30.397005175135323,,13.51247817867995
Muell,136,SignDomainRawInit,True,36.428639921071344,,20.71986028367551,32.70303595494822,36.17942186669485,29.34618131258561,,20.719860283675516
Muell,138,SignDomainRawInit,True,34.86534724648955,,25.371399026895574,30.138726257248337,31.490469706575222,27.20919183291796,,25.371399026895574
Muell,140,SignDomainRawInit,True,35.02023387935868,,28.36561594682448,31.083112005289806,33.88561928501531,27.871321366219593,,28.365615946824484
Muell,142,SignDomainRawInit,True,36.11587360707346,,25.319252208794385,31.58060425876938,33.24764956689796,28.5931500401893,,25.319252208794385
Muell,144,SignDomainRawInit,True,37.343352773425366,,28.260754623877478,33.13148029257932,35.531093540395446,29.888649342972048,,28.260754623877485
Mutter,138,SignDomainRawInit,True,36.6053205552564,,21.92631339902872,28.712023389978324,43.09508647208431,24.668120130698107,,21.92631339902872
Mutter,140,SignDomainRawInit,True,35.60629557709704,,23.42627114644472,28.021459197750083,42.9906082207084,24.01338518592487,,23.426271146444712
Mutter,142,SignDomainRawInit,True,35.32784620123086,,22.302071756231104,27.810549983622376,42.71107051931345,23.759584275906438,,22.302071756231104
Mutter,144,SignDomainRawInit,True,34.78899414214936,,22.56640872471471,27.411011903618736,41.03205368370539,23.544969623280185,,22.56640872471471
Mutter,146,SignDomainRawInit,True,34.75421351733876,,24.369084918695975,26.774289989104478,39.26075481505215,23.013349203086097,,24.369084918695975
Mutter,148,SignDomainRawInit,True,34.89674070400816,,24.1449610301608,26.655342426983903,40.91622388064714,22.908187185840834,,24.1449610301608
Mutter,150,SignDomainRawInit,True,34.455672378262896,,23.360866178042166,26.996081713684053,38.59010925829883,23.11559351907846,,23.360866178042166
Mutter,152,SignDomainRawInit,True,33.43139906365399,,22.400254734812556,25.509710551388775,35.745116828871744,21.925674027651667,,22.400254734812556
Mutter,154,SignDomainRawInit,True,34.903195238649936,,30.275950590379022,28.1458822816084,40.844920140288764,23.932654103887558,,30.275950590379022
Mutter,156,SignDomainRawInit,True,33.29075050452695,,26.473508907177873,25.506143803079247,37.515411466847894,21.71150425726377,,26.473508907177873
Mutter,158,SignDomainRawInit,True,32.351199951571296,,22.95037935237554,23.879771443235214,36.217743532918185,20.09627564384148,,22.95037935237554
Mutter,160,SignDomainRawInit,True,32.095496435162666,,15.275718394763052,22.9019932020699,35.63626174519554,19.251852143006687,,15.27571839476305
Mutter,162,SignDomainRawInit,True,31.5561072756015,,12.51413883719942,23.50371213413874,36.01657711050065,19.684058505638202,,12.51413883719942
Mutter,164,SignDomainRawInit,True,31.716183918781415,,12.259299333410643,23.88434958087689,37.227866120284304,19.967743832038327,,12.259299333410642
Mutter,166,SignDomainRawInit,True,31.91033285993209,,10.295228626719641,24.03723331110747,37.530385410760445,20.107567813787046,,10.295228626719643
Mutter,168,SignDomainRawInit,True,32.464977535200646,,9.170521751170208,24.257638053119024,37.66481827638962,20.365081009024053,,9.17052175117021
Mutter,170,SignDomainRawInit,True,33.655562430021995,,15.506505802062339,24.795705428280108,38.80365462519892,20.968860160320432,,15.506505802062344
Mutter,172,SignDomainRawInit,True,33.3754718762672,,14.498901607675586,24.544823843081232,38.199301193886264,20.810827855669494,,14.498901607675588
Mutter,174,SignDomainRawInit,True,33.617390560572076,,15.509805496708296,24.540480698425696,38.30177796563851,20.83814010574922,,15.509805496708298
Mutter,176,SignDomainRawInit,True,34.313472196686696,,17.6156460353325,26.299005828063187,41.586086774638545,22.215155424748563,,17.6156460353325
Mutter,178,SignDomainRawInit,True,33.39437633899181,,18.871697992455935,25.67453924310961,41.17007225499321,21.581715728515725,,18.871697992455935
Mutter,180,SignDomainRawInit,True,33.38691176736678,,17.721008688741207,24.937912544686323,38.76696462183678,21.165045140018005,,17.721008688741204
Mutter,182,SignDomainRawInit,True,33.71759306461216,,19.37527552596285,25.57720934058801,40.58376284479802,21.65681214350938,,19.375275525962845
Mutter,184,SignDomainRawInit,True,32.21072776904231,,6.274578756094925,23.802116660142108,37.186970589077866,20.068679575358782,,6.274578756094925
Naehen,113,SignDomainRawInit,False,35.03352640258862,12.425160769528109,18.70962589613322,24.980390404259655,27.736494657002197,23.121793457539457,12.425160769528109,18.70962589613322
Naehen,115,SignDomainRawInit,False,35.847179102147,14.004564445786599,17.87440279585018,24.078888012700133,29.656998738957437,21.96035813236228,14.004564445786595,17.874402795850177
Naehen,117,SignDomainRawInit,False,35.06046380431489,15.379477408103757,11.738314110663445,24.308033042459254,30.855721549535154,22.031850992219745,15.379477408103757,11.738314110663444
Naehen,119,SignDomainRawInit,False,35.272993153820465,14.734638395770551,9.206287119524347,24.118507011576405,32.983116326566986,21.701949355208146,14.734638395770551,9.206287119524347
Naehen,121,SignDomainRawInit,False,37.21998667987654,15.467618773741222,11.133471939903533,22.336433182905623,31.479239290906257,20.04861468552136,15.467618773741226,11.13347193990353
Naehen,123,SignDomainRawInit,False,37.68264835923329,14.849750455163381,10.248541307812928,23.55970053160682,33.5811462012726,21.03105323628648,14.849750455163381,10.248541307812927
Naehen,125,SignDomainRawInit,False,37.88819281264324,14.940496633150307,13.919107327176384,23.716264287639053,33.65415032834632,21.208062125316943,14.940496633150303,13.919107327176384
Naehen,127,SignDomainRawInit,False,34.78262773012774,15.73729832068168,12.882925956798761,21.703558397000723,27.70303001010699,19.58265347693717,15.73729832068168,12.882925956798761
Naehen,129,SignDomainRawInit,False,34.22647625855147,13.551829326607704,25.847259617935343,22.233407253195942,27.204310501605818,20.21299865057958,13.551829326607704,25.847259617935347
Naehen,131,SignDomainRawInit,False,33.131704881600804,14.280409239609163,23.01486043165581,22.66624706248654,27.37785139333304,20.720976012621275,14.280409239609162,23.014860431655805
Naehen,133,SignDomainRawInit,False,34.3208733942387,13.682711361046806,28.47747993201571,24.72907400179088,29.74432474284197,22.612075219652365,13.682711361046808,28.47747993201571
Naehen,135,SignDomainRawInit,False,36.833685397436454,14.32235455005097,26.212154992394865,27.201778448660342,30.188759098929218,25.157548700305558,14.32235455005097,26.212154992394865
Naehen,137,SignDomainRawInit,False,37.9372390774551,12.840862401816201,23.25925359951658,29.516093186531194,29.863505261551758,27.557720408454077,12.840862401816201,23.25925359951658
Naehen,139,SignDomainRawInit,False,35.13808069679804,14.904714085406006,9.81886748031447,25.298556203241812,29.176476735956733,23.472961878274287,14.904714085406008,9.818867480314472
Naehen,141,SignDomainRawInit,False,36.11358481325881,12.66157056225273,14.519447260621094,26.19659244985078,28.159422728179685,24.484793279490773,12.66157056225273,14.519447260621098
Naehen,143,SignDomainRawInit,False,36.70763377014895,13.261517435509797,14.113483148488166,24.752977816564734,28.718719431880572,22.883126924955135,13.2615174355098,14.113483148488166
Naehen,145,SignDomainRawInit,False,37.826316185027906,15.811182568272047,14.670678791942374,26.984705303050823,31.56097350875687,24.790674913234056,15.811182568272047,14.67067879194237
Naehen,147,SignDomainRawInit,False,36.63585144591916,16.093370666777165,9.770363510367453,26.554754689838234,32.32221134424002,24.08911023580628,16.093370666777165,9.77036351036745
Naehen,149,SignDomainRawInit,False,37.413966269678795,13.420752679203064,9.701962847569911,24.59699606387269,33.255015460961914,22.28095178260834,13.420752679203066,9.70196284756991
Naehen,151,SignDomainRawInit,False,37.78966824373352,14.925698347063431,12.19357163980039,23.83960137008078,31.8327504913442,21.67184415188868,14.925698347063431,12.193571639800393
Naehen,153,SignDomainRawInit,False,37.440267083457314,13.31562742352679,10.635356535314965,24.945007936853436,34.49681992826016,22.45390989951601,13.31562742352679,10.635356535314962
Naehen,155,SignDomainRawInit,False,36.1579421976969,14.808284721751505,15.89943743529052,23.974074963701288,31.023863918555577,21.696703367046762,14.808284721751507,15.899437435290517
Naehen,157,SignDomainRawInit,False,34.77279700240107,13.829626024958431,22.22393852658236,22.012577087228532,26.964449484675296,20.029783642572152,13.829626024958431,22.22393852658236
Naehen,159,SignDomainRawInit,False,35.07010548665739,14.642450746815943,26.682154988165188,24.13580448394831,29.63443451254084,21.98316166627576,14.642450746815946,26.682154988165188
Naehen,161,SignDomainRawInit,False,35.54461694109084,13.412531830428646,25.581676169779357,24.50932624535246,29.46366079817106,22.37905779343383,13.412531830428646,25.581676169779357
Naehen,163,SignDomainRawInit,False,35.14517819324962,13.47185563337688,26.250410639082553,26.960517823117932,29.075951457195856,24.911898056348317,13.47185563337688,26.250410639082553
Naehen,165,SignDomainRawInit,False,38.15000819321152,13.973503426722493,25.344432095026495,29.649896919961083,30.82070160809577,27.39378209388308,13.973503426722495,25.344432095026487
Naehen,167,SignDomainRawInit,False,34.492005312122544,12.182261448158103,17.542611972893692,24.833393279213457,27.687573847710166,23.045419411183307,12.182261448158103,17.542611972893695
Naehen,169,SignDomainRawInit,False,35.74471811657649,13.426590079954725,17.09920212546114,24.703382293529383,29.860037283427594,22.77260915179334,13.426590079954725,17.099202125461144
Naehen,171,SignDomainRawInit,False,35.146033960011074,13.32933123048831,13.104447537383372,24.858679684925036,29.059547369940486,22.85259860819385,13.32933123048831,13.104447537383372
Naehen,173,SignDomainRawInit,False,34.74548674623886,13.30566619896854,10.621673126594082,24.361210895654214,28.1144321572736,22.46041312215898,13.305666198968542,10.621673126594082
Naehen,175,SignDomainRawInit,False,34.90567390601777,15.852086886458158,14.628200774602304,24.63767176596953,30.47698857624742,22.373353390194783,15.852086886458158,14.628200774602304
Naehen,177,SignDomainRawInit,False,35.88348000644349,14.611434647500058,10.19727201635392,25.60884029478136,31.922180496354272,23.189827987694592,14.61143464750006,10.197272016353923
Naehen,179,SignDomainRawInit,False,37.295483256139555,13.085440133985855,7.867438325004023,24.484233121761253,34.04213399790059,21.863046654076644,13.085440133985855,7.867438325004023
Naehen,181,SignDomainRawInit,False,35.963200920667646,16.163442763730348,12.635693490274166,23.960365280459293,33.7501843308416,21.29939420366922,16.163442763730348,12.635693490274171
Naehen,183,SignDomainRawInit,False,37.76532073278552,14.329217583460673,14.158329721167464,23.644747089070453,33.57755010290932,21.183929471054157,14.329217583460675,14.158329721167464
Naehen,185,SignDomainRawInit,False,35.34165470754816,14.180648598380726,13.622994834393275,23.03223625130223,30.94180242501862,20.691886824451156,14.180648598380728,13.62299483439327
Naehen,187,SignDomainRawInit,False,36.64775934643924,14.001504287984638,18.85881920509003,23.852437608354528,31.75977583494815,21.53588011631551,14.001504287984643,18.85881920509003
Naehen,189,SignDomainRawInit,False,34.56630028592893,15.213733383865115,17.18970394421586,23.518112696345817,30.309851018538435,21.247517305348968,15.21373338386512,17.18970394421586
Naehen,191,SignDomainRawInit,False,36.20323614892897,13.469603888103407,13.658468736543975,24.301686335305167,32.384513836143256,21.941172009848565,13.469603888103409,13.658468736543977
Naehen,193,SignDomainRawInit,False,35.31960358387678,13.227716613255394,12.390416811698959,24.475845646052697,32.76599486854455,22.060430494898984,13.227716613255394,12.390416811698959
Naehen,195,SignDomainRawInit,False,34.72766326349029,13.373008551384775,9.152386429243514,23.627676755537845,29.087931815341058,21.57677289323116,13.37300855138477,9.152386429243514
Naehen,197,SignDomainRawInit,False,34.53326105716724,13.007978251775365,8.699106903234187,23.029269242176113,29.932324608430275,20.919407351636167,13.007978251775365,8.699106903234188
Naehen,199,SignDomainRawInit,False,34.47082772550534,12.473398581352079,8.23362302567678,22.74314934798879,29.797359556751086,20.6231273161033,12.473398581352079,8.23362302567678
Nebel,118,SignDomainRawInit,False,30.4585562497892,26.70862613247008,20.277726504859686,24.116181453169776,35.31997396197059,20.94273422156332,26.708626132470076,20.277726504859686
Nebel,120,SignDomainRawInit,False,28.91893000354232,20.577790802763417,17.674540304842203,22.219296160851815,32.635358595265075,19.174872615177776,20.57779080276342,17.6745403048422
Nebel,122,SignDomainRawInit,False,28.344446988624643,19.27624659901029,19.03686120134662,20.492154246342405,31.115220599508564,17.8050303769684,19.27624659901029,19.03686120134662
Nebel,124,SignDomainRawInit,False,30.414128970370506,19.604758157570267,18.830543923567483,19.566091352662195,31.227467373994497,16.74164916250541,19.604758157570263,18.830543923567483
Nebel,126,SignDomainRawInit,False,33.54901381387473,21.751600940067433,18.90813783281358,20.463381154200267,31.596257163168577,17.62422011950991,21.751600940067437,18.908137832813576
Nebel,128,SignDomainRawInit,False,36.763364495553816,29.262694368213843,13.569881947683236,22.61551680126224,29.892421672658816,20.29058939480228,29.262694368213843,13.569881947683236
Nebel,130,SignDomainRawInit,False,39.11726252616834,47.508052820556756,10.977424129831011,24.600343126107514,35.54534846983311,21.89366175367463,47.50805282055674,10.977424129831011
Nebel,132,SignDomainRawInit,False,40.93530619869155,39.326184156650775,10.855558039152182,26.298527009172915,37.41766399108352,23.502151548813163,39.32618415665079,10.855558039152182
Nebel,134,SignDomainRawInit,False,41.31807405514097,49.36034513250703,10.962547800069602,27.110903065818224,38.64254098468725,24.08994288820294,49.36034513250703,10.962547800069602
Nebel,136,SignDomainRawInit,False,39.395420703053254,44.98969855214779,10.478612746683133,25.632750485888117,36.230260444440034,22.816675857925944,44.98969855214779,10.478612746683133
Nebel,138,SignDomainRawInit,False,35.639506227448756,29.61309691084743,14.650294046356445,23.234013664491393,33.188895198976255,20.541865171782632,29.61309691084743,14.650294046356446
Nebel,140,SignDomainRawInit,False,32.951850687364455,42.62223525638738,13.412228510807713,22.9579760583134,30.805395714196344,20.51009497145486,42.62223525638738,13.412228510807713
Nebel,142,SignDomainRawInit,False,34.53383198423637,25.863608750684154,15.738245875847817,22.58461319857499,29.82288234406629,20.104704729901247,25.863608750684154,15.73824587584782
Nebel,144,SignDomainRawInit,False,29.12808961099622,25.001371966626795,18.21418561859943,20.75793117006814,28.975922339548,18.26377075236581,25.00137196662679,18.21418561859943
Nebel,146,SignDomainRawInit,False,29.538959911172086,21.843329476857804,18.70811239053649,19.84659912026481,29.052669878676713,17.2265465605536,21.8433294768578,18.70811239053649
Nebel,148,SignDomainRawInit,False,28.27294475973316,20.642188540598116,18.347381002683324,21.978819408633527,29.50308908069776,19.36323398402578,20.642188540598116,18.347381002683328
Nebel,150,SignDomainRawInit,False,31.902117485213974,17.831121799686958,17.39789105575389,20.16066531972901,28.932777429056568,17.770871982106925,17.831121799686954,17.39789105575389
Nebel,152,SignDomainRawInit,False,31.837916213489198,21.87813445445393,17.913682112989253,22.782358479712695,33.75086699693257,19.806705888167922,21.878134454453928,17.91368211298925
Nebel,154,SignDomainRawInit,False,37.03174090517126,17.973214893993493,17.831321866466745,22.976017439269704,30.55118301142201,20.465178342268814,17.97321489399349,17.831321866466745
Nebel,156,SignDomainRawInit,False,36.806111618685726,21.15436135313667,14.4689176877449,22.473028308728924,27.643005284638374,20.244596288861192,21.15436135313667,14.468917687744899
Nebel,158,SignDomainRawInit,False,38.581725956428365,27.94642456221655,12.44096018789411,25.686217779482234,33.50897744914266,23.079878467084555,27.946424562216553,12.440960187894111
Nebel,160,SignDomainRawInit,False,43.8166533020135,41.36510380124748,12.72103382891256,28.376656577855503,39.66934932712602,25.189450507036568,41.36510380124748,12.72103382891256
Nebel,162,SignDomainRawInit,False,38.67275464513184,53.410309729797646,18.694908654586254,26.197851969547408,39.97284863653739,23.10760375787228,53.41030972979764,18.694908654586254
Nebel,164,SignDomainRawInit,False,37.81290478263189,38.4018926411947,15.653776624059347,24.512176774067115,36.0509798912491,21.75834879202677,38.401892641194706,15.653776624059347
Nebel,166,SignDomainRawInit,False,43.58907277538074,54.38085187962986,15.670580372103803,30.44461451014784,42.340707786056086,27.232524206544085,54.38085187962986,15.670580372103803
Nebel,168,SignDomainRawInit,False,46.445642735371116,48.80522341423157,28.711654983012124,30.58643684642482,40.744594033631095,27.55118392947956,48.80522341423157,28.711654983012124
Nebel,170,SignDomainRawInit,False,39.53711899923768,41.96129710188105,16.113547116107593,27.47943731249256,36.67072967346973,24.78607626053813,41.96129710188105,16.11354711610759
Nebel,172,SignDomainRawInit,False,39.32511818880222,26.269350124201978,15.040111704611084,27.421114891620714,33.47946110116974,25.0191730859642,26.269350124201978,15.04011170461108
Nebel,174,SignDomainRawInit,False,38.453512055748924,20.393997585323444,13.681025578663414,24.677115153318887,29.956022118497128,22.603493748564766,20.393997585323444,13.681025578663412
Nebel,176,SignDomainRawInit,False,33.396367105494875,24.449722934615544,13.493432441172736,21.60702358660296,29.31110270250918,19.313919615973145,24.449722934615547,13.49343244117274
Nebel,178,SignDomainRawInit,False,32.24776168558906,23.53997494357675,12.568846666488982,21.301302117749312,28.684230379943866,19.009603366729607,23.53997494357675,12.568846666488982
Nebel,180,SignDomainRawInit,False,33.305964861067004,23.910832277853785,13.044498566878659,22.650447725928473,28.634345511386776,20.46912924178416,23.910832277853785,13.044498566878657
Nebel,182,SignDomainRawInit,False,37.32907962358027,27.501202771283268,11.923861835840679,25.760027318009424,31.513375700615015,23.52158748690353,27.501202771283268,11.923861835840679
Nebel,184,SignDomainRawInit,False,35.9657344048627,47.32219618976248,13.13846900035276,25.853310050369256,38.68249917510259,22.920714108726486,47.32219618976249,13.13846900035276
Nebel,186,SignDomainRawInit,False,34.39693302782593,31.16072873201705,13.407395215521126,23.68994294960205,35.30403429947964,20.916859689611222,31.16072873201705,13.407395215521126
Nebel,188,SignDomainRawInit,False,33.77499367604141,39.61065401371984,14.505675575385792,24.429214046110943,37.182528619802305,21.44379931150173,39.61065401371984,14.505675575385792
Nebel,190,SignDomainRawInit,False,35.88603973919559,29.100422474355433,15.602685406930405,24.37374639828022,32.868125892545,21.926073491402693,29.100422474355426,15.602685406930402
Nebel,192,SignDomainRawInit,False,36.06673162883716,50.21347304338187,31.661290656954296,25.25049808073888,37.63042695880856,22.149479503077334,50.21347304338187,31.661290656954296
Nebel,194,SignDomainRawInit,False,35.85376050532918,40.227175332079305,22.815811725701657,29.735127819972597,39.15930262739059,26.279009685500164,40.22717533207932,22.815811725701664
Neu,108,SignDomainRawInit,False,37.264333435224266,9.624838947512075,31.10466680211918,29.86531020048139,29.11775948399758,28.084775549895163,9.624838947512073,31.104666802119187
Neu,110,SignDomainRawInit,False,37.36884422547559,10.060173614206596,19.700378993279703,28.02407346072105,30.15724980168312,26.204243585103303,10.060173614206594,19.700378993279706
Neu,112,SignDomainRawInit,False,39.7563915055428,11.47547872637324,17.77235108953343,30.60900091328256,34.65103189255525,28.31862326868315,11.47547872637324,17.772351089533434
Neu,114,SignDomainRawInit,False,45.968707969120274,13.670692707121184,40.513804209999144,33.86771682900028,41.945440397843335,30.89751161467022,13.670692707121184,40.513804209999144
Neu,116,SignDomainRawInit,False,41.73218977248154,17.880553102054698,25.96315397722998,33.90683447568359,44.914201998309984,30.73250405030805,17.880553102054694,25.96315397722999
Neu,118,SignDomainRawInit,False,43.44614098889687,20.668487458437074,26.20380193549667,32.89418787847815,45.206679293314195,29.808184214322406,20.668487458437074,26.20380193549667
Neu,120,SignDomainRawInit,False,44.014821045395294,20.98010226592896,25.860706769287276,35.50460675298749,48.24497555894546,32.00513304458016,20.980102265928963,25.860706769287276
Neu,122,SignDomainRawInit,False,41.7655829086652,23.32780588638756,24.175834977354555,35.09005654971818,43.56236336968806,31.518298790398234,23.32780588638756,24.175834977354558
Neu,124,SignDomainRawInit,False,42.02456078490019,22.660090689352444,27.2678477484442,36.903917046260425,47.65210972428852,32.63749289529332,22.660090689352437,27.267847748444204
Neu,126,SignDomainRawInit,False,41.55275646315943,21.8414101800079,31.281190098101227,35.907033924641006,48.22643492130595,31.81100591300077,21.8414101800079,31.281190098101234
Neu,128,SignDomainRawInit,False,40.47729034544524,22.119752708250864,23.881384825077436,33.687170641671514,45.298700366445864,29.821604905406943,22.119752708250864,23.881384825077436
Neu,130,SignDomainRawInit,False,40.865602494704596,22.002984178278023,24.087701642629494,34.537669508876526,46.73413694216361,30.433621334247835,22.002984178278023,24.087701642629494
Neu,132,SignDomainRawInit,False,40.1251373302975,21.64331093384113,24.85058765957145,33.75813879099767,45.677836394517556,29.772610706552516,21.64331093384112,24.85058765957145
Operieren,199,SignDomainRawInit,False,36.31267217077787,13.976990707192519,16.231192066314268,24.67637802214332,32.95628400655389,22.518656818455366,13.976990707192515,16.231192066314268
Operieren,201,SignDomainRawInit,False,42.70376886910345,15.287354675857515,15.301605386108587,23.589427956480517,32.47924055469502,21.51078081870854,15.287354675857515,15.301605386108587
Operieren,203,SignDomainRawInit,False,36.50529836460281,15.422927547693716,14.126255511459222,24.104545898045412,31.077187708476977,22.22347043277656,15.422927547693716,14.126255511459222
Operieren,205,SignDomainRawInit,False,34.79304851754653,13.174304340533773,14.462995553163669,23.984737388757875,30.67048139703362,22.042196012444332,13.174304340533777,14.462995553163669
Operieren,207,SignDomainRawInit,False,37.293432996936104,14.35747349894154,14.911890532172421,24.164756489249417,32.377976657008155,22.263413101395294,14.35747349894154,14.91189053217242
Operieren,209,SignDomainRawInit,False,36.021588226569996,13.927470253272178,12.712652919307311,24.35995009666667,32.63904523069671,22.310295105835674,13.927470253272176,12.712652919307311
Operieren,211,SignDomainRawInit,False,35.76603976461926,13.433510484082316,15.477697561975072,25.215375481998922,33.762296811550534,22.924021039440532,13.433510484082316,15.477697561975072
Operieren,213,SignDomainRawInit,False,32.89788263901116,13.707792532036649,11.163622912226177,24.071847274173145,31.327765434470972,22.17526548450274,13.707792532036645,11.163622912226181
Operieren,215,SignDomainRawInit,False,34.15785957549921,13.663278882543207,10.289194909381512,23.201704207592506,31.075403736483583,21.100823561710133,13.663278882543207,10.289194909381512
Operieren,217,SignDomainRawInit,False,38.041083791935414,12.760861742006117,10.922279232792688,22.885056484927485,29.26904798181712,20.964140340032223,12.760861742006117,10.92227923279269
Operieren,219,SignDomainRawInit,False,38.04340244678958,12.512306052099698,11.699864814940526,25.831066626739844,32.98543035289999,23.509987213366156,12.512306052099705,11.699864814940526
Operieren,221,SignDomainRawInit,False,34.80072300646257,13.940584452223897,10.453109356840907,23.727915495611963,32.50891268842211,21.425380242696594,13.940584452223895,10.453109356840907
Operieren,223,SignDomainRawInit,False,34.08579727064937,14.392631824256586,10.925376720471577,24.03161322711872,31.146347822705412,21.887035063941916,14.392631824256593,10.925376720471577
Operieren,225,SignDomainRawInit,False,35.72641676008021,12.910534325941597,10.413781179290394,24.36636862925881,31.079158592153288,22.282593139300932,12.910534325941597,10.413781179290394
Operieren,227,SignDomainRawInit,False,36.164930565183134,12.23676031860003,11.278238242522809,24.227862499867634,32.547082221806214,22.066517766728634,12.23676031860003,11.27823824252281
Operieren,229,SignDomainRawInit,False,33.89428288597088,13.813659396288779,10.549036245203531,24.003139237053652,32.079101483910975,21.73569911383642,13.813659396288772,10.549036245203531
Operieren,231,SignDomainRawInit,False,34.312633749241286,14.14866569335023,10.084748606627107,23.677294152399906,32.16278916919206,21.34437315022297,14.14866569335023,10.084748606627107
Operieren,233,SignDomainRawInit,False,35.17195609308647,14.466470978954316,10.60612668878504,23.53670179399816,32.497341545528194,21.075735383006062,14.466470978954318,10.60612668878504
Operieren,235,SignDomainRawInit,False,34.690101992400336,14.023510894459925,11.54375982100993,23.62883259641939,32.02481225795171,21.186072975779414,14.023510894459923,11.54375982100993
Operieren,237,SignDomainRawInit,False,35.73498039595588,14.572416488905485,12.064210840337513,23.686256428648665,32.059713614030045,21.22232028947762,14.572416488905484,12.064210840337507
Operieren,239,SignDomainRawInit,False,35.390030879714615,13.849539476764182,12.15725634042936,24.043247775044485,33.91677990409047,21.57048437950725,13.849539476764182,12.15725634042936
Operieren,241,SignDomainRawInit,False,36.004739240242806,15.122471054439995,10.254373070076879,23.68189900775841,32.81481254055305,21.26648211017582,15.122471054439997,10.254373070076879
Operieren,243,SignDomainRawInit,False,35.60923899048585,14.503323566990257,9.672877313407882,23.14804768475111,31.347332927879737,20.82641789022456,14.503323566990257,9.67287731340788
Operieren,245,SignDomainRawInit,False,36.63807094472487,14.015333875384677,12.088599961210114,23.072237622823188,30.632692745723,20.76903952015298,14.01533387538468,12.088599961210114
Operieren,247,SignDomainRawInit,False,35.58967431015013,14.012360298373576,12.362693488823743,23.081995514410064,30.30720055812657,20.82814051254641,14.012360298373576,12.362693488823746
Operieren,249,SignDomainRawInit,False,35.59937403347363,13.895924195679834,12.649909861397246,23.179319601165606,30.780470839925737,20.900028802190185,13.895924195679836,12.649909861397246
Operieren,251,SignDomainRawInit,False,37.65349518227516,13.870673042144995,11.882440208567344,23.51982154064337,30.970263007824382,21.325633014422703,13.870673042144995,11.88244020856734
Operieren,253,SignDomainRawInit,False,35.062435067301095,14.353427676744374,10.308667686944162,24.083966652774322,32.99699314654517,21.703437067217894,14.353427676744381,10.308667686944162
Operieren,255,SignDomainRawInit,False,34.54679809906566,14.218938870328685,10.033264098872715,23.617180017186133,32.1914460308347,21.28641160132796,14.218938870328685,10.033264098872717
Operieren,257,SignDomainRawInit,False,34.67929664800169,14.111267972290477,10.482483233788153,23.998525951126965,32.36957253910533,21.686558714562498,14.111267972290479,10.482483233788152
Operieren,259,SignDomainRawInit,False,33.44394196582522,13.963298114824656,10.443517685343213,23.43618303675875,31.181192768782612,21.238765010249903,13.963298114824653,10.443517685343211
Regen,112,SignDomainRawInit,False,32.86927170701501,11.030146038775555,12.750580402433267,22.336175085221917,33.89560456118946,19.590908419225368,11.030146038775555,12.750580402433267
Regen,114,SignDomainRawInit,False,32.47802627451118,12.857375281533443,11.73289642172596,22.345864899311287,33.579309303984594,19.620753160148826,12.85737528153344,11.732896421725957
Regen,116,SignDomainRawInit,False,29.77863169656853,15.540475765075731,12.881155744544397,21.994035929368692,31.051236708801706,19.648640651457885,15.540475765075731,12.881155744544397
Regen,118,SignDomainRawInit,False,30.50276847807788,18.81972617008269,16.51364309979506,23.455473382271354,31.702413195155682,20.8454779089781,18.819726170082692,16.513643099795065
Regen,120,SignDomainRawInit,False,30.54166101933911,23.144954012605414,21.529741221476122,25.474727864346097,33.35274866495124,22.473336445435873,23.144954012605414,21.529741221476115
Regen,122,SignDomainRawInit,False,37.96955909105594,26.723359023936364,25.651342478665644,24.613372855652468,30.599167578159584,21.950030428202712,26.723359023936364,25.651342478665644
Regen,124,SignDomainRawInit,False,40.169169254798895,23.339445594354878,20.363739704818965,23.20197552026342,28.62321644724733,21.13232203729521,23.339445594354874,20.363739704818965
Regen,126,SignDomainRawInit,False,35.89312299545137,17.96258902957123,19.992279081411024,22.076168803125196,28.093007360491026,20.29486749764175,17.962589029571227,19.99227908141102
Regen,128,SignDomainRawInit,False,40.21681010305099,19.83387475355857,20.7607300075936,20.751494041174887,27.542952500447587,18.980053647403093,19.833874753558568,20.7607300075936
Regen,130,SignDomainRawInit,False,39.00926519606775,25.726330061905497,19.934116379884742,21.9857589833294,31.601447974994194,19.796157581786392,25.726330061905497,19.934116379884745
Regen,132,SignDomainRawInit,False,40.522834284281934,22.42250660192548,22.437506899171485,26.10249245739553,29.45399658056763,23.878911284962474,22.422506601925488,22.43750689917148
Regen,134,SignDomainRawInit,False,32.79275962663074,21.191797678536908,21.602707409139477,22.662780210778543,30.72617083203317,20.010132242033038,21.191797678536908,21.602707409139477
Regen,136,SignDomainRawInit,False,29.883619632344168,28.01075421539309,19.868855565379373,23.16328841734404,33.93644009105798,20.17149973938744,28.01075421539309,19.868855565379377
Regen,138,SignDomainRawInit,False,29.680881621528524,18.31381367248943,22.791714390077058,22.483903164017516,32.74317696319163,19.57844987585527,18.31381367248943,22.791714390077058
Regen,140,SignDomainRawInit,False,30.332949258746417,20.47030030687791,21.737548304989296,23.51510140362996,33.71713060540689,20.478304014566575,20.470300306877906,21.737548304989296
Regen,142,SignDomainRawInit,False,30.268753602996696,22.172731702509466,24.094298845691508,23.47281532578668,33.29398339631155,20.477058475249507,22.172731702509466,24.094298845691508
Regen,144,SignDomainRawInit,False,29.905793848110765,39.64051414350143,19.909448744191632,24.59664007423495,34.01286306520402,21.698705597964725,39.64051414350143,19.909448744191636
Regen,146,SignDomainRawInit,False,31.545598306069714,35.00671093134613,23.617294592888754,25.581805827562857,33.78479908425107,22.50193684182407,35.00671093134613,23.617294592888747
Regen,148,SignDomainRawInit,False,41.55395381369663,25.22231949197691,24.660050875924927,29.753641003734554,32.422160596025684,26.986985254894584,25.22231949197691,24.660050875924927
Regen,150,SignDomainRawInit,False,40.12302566398261,24.83274396821098,30.218684524360654,25.19804553992718,31.520196855329154,22.516735250342435,24.83274396821098,30.218684524360658
Regen,152,SignDomainRawInit,False,37.509671172916505,19.4632829168075,26.13407121292117,23.632200641145044,28.776918353079044,21.589176614987426,19.463282916807504,26.13407121292117
Regen,154,SignDomainRawInit,False,34.74976771672803,19.540044547867637,22.599504553402166,24.101300297052664,30.235324250366233,21.887045691197507,19.540044547867637,22.599504553402166
Regen,156,SignDomainRawInit,False,33.930738435577105,17.656365793259003,25.343516774750338,23.962777474463458,31.352184087748572,21.6659504408457,17.656365793259003,25.343516774750338
Regen,158,SignDomainRawInit,False,37.810199864550896,20.90845564766528,31.958917277462383,22.909130165710152,29.646666890817237,20.62852970962478,20.908455647665285,31.95891727746239
Regen,160,SignDomainRawInit,False,35.31948075045242,26.45095315358445,27.140948348441466,21.731704625578725,32.72753438079849,18.964985090986374,26.450953153584454,27.140948348441466
Regen,162,SignDomainRawInit,False,38.81296549192142,31.666295481698455,22.617608149803466,26.907935983207025,31.42547464694847,24.32166748761889,31.66629548169847,22.617608149803466
Regen,164,SignDomainRawInit,False,34.93828216133052,29.105557610292372,26.586997785720374,24.53309886117439,31.42391043994635,21.7998947553665,29.105557610292372,26.586997785720367
Regen,166,SignDomainRawInit,False,28.842810874966613,22.415686600701985,24.460040540046034,23.177330920640582,31.671399311546068,20.254904241029315,22.415686600701985,24.460040540046034
Regen,168,SignDomainRawInit,False,28.652081184383086,21.77456657679474,25.185827987306823,23.8548077596354,32.50733022769254,20.82356797903608,21.774566576794737,25.18582798730682
Regen,170,SignDomainRawInit,False,30.770239892413507,29.600443880320604,22.10389861585578,25.79149995324521,34.31122541535444,22.618397422916726,29.60044388032061,22.10389861585578
Regen,172,SignDomainRawInit,False,33.722036536663055,23.663517993250203,26.369960991074617,26.5227471660629,34.323117575715635,23.395618068498813,23.663517993250203,26.369960991074617
Regen,174,SignDomainRawInit,False,33.80264016576246,39.16397139450006,22.065963566190167,25.47227433237604,33.523362322741164,22.648345544900984,39.16397139450006,22.065963566190167
Regen,176,SignDomainRawInit,False,34.67886728052694,41.96927491520396,32.732555154093525,26.263035787009883,36.34205807624655,23.13733173639546,41.96927491520396,32.732555154093525
Regen,178,SignDomainRawInit,False,36.37966270716424,29.420755973365157,32.415686256056766,28.795933990769417,37.71670963477616,25.75167667321981,29.420755973365157,32.415686256056766
Regen,180,SignDomainRawInit,False,38.107348395564806,16.478741427795722,34.30777986230787,30.55749284350587,36.03251055365262,27.858853684916337,16.478741427795722,34.30777986230787
Regen,182,SignDomainRawInit,False,35.01820253636287,11.367818711187466,19.391753140105095,27.807122936795043,27.308008562077436,26.20992190563867,11.36781871118747,19.3917531401051
Regen,184,SignDomainRawInit,False,35.548752631399935,11.515099562876943,12.784277630762249,30.196634256602476,23.982709329167594,28.501473843612548,11.515099562876943,12.784277630762247
Regen,186,SignDomainRawInit,False,38.97345187179623,15.839046301473477,13.518033318098194,34.23857569808829,25.949527533882144,32.59029348068463,15.839046301473477,13.518033318098194
Regen,188,SignDomainRawInit,False,39.18324053637243,14.968797996693313,18.003347576857823,34.86714449958508,28.035115276980612,32.82919461234751,14.968797996693313,18.00334757685782
SauerWuetend,147,SignDomainRawInit,True,31.89036077563435,,15.882255963768515,24.135948912635666,36.72641643932227,20.555949354361182,,15.882255963768515
SauerWuetend,149,SignDomainRawInit,True,33.193625726796895,,22.371402251692317,26.258590090411317,40.81696665381409,22.187595310296167,,22.37140225169232
SauerWuetend,151,SignDomainRawInit,True,32.797739328741905,,31.581908712854016,24.528842043919493,38.32715580284826,20.704494931336843,,31.581908712854016
SauerWuetend,153,SignDomainRawInit,True,33.24854403921556,,31.386313993112086,24.50210427707818,38.385219317376375,20.743175756014153,,31.386313993112086
SauerWuetend,155,SignDomainRawInit,True,35.25626850734772,,46.99099470141597,27.75631829464576,44.960904193158456,23.360981615172093,,46.99099470141597
SauerWuetend,157,SignDomainRawInit,True,31.688505314842867,,16.91117268297449,24.630358602304952,36.2165453713599,20.964746067317325,,16.91117268297449
SauerWuetend,159,SignDomainRawInit,True,33.241247254201355,,14.100728416978988,26.171700640760054,38.476975868075854,22.52350086135582,,14.100728416978988
SauerWuetend,161,SignDomainRawInit,True,35.62883849137756,,15.379265980425862,29.028290411102564,44.85833121252006,24.850098477933322,,15.379265980425862
SauerWuetend,163,SignDomainRawInit,True,34.0652177027813,,17.61533899081535,27.241625284035,41.10583627980213,23.161204985001802,,17.61533899081535
SauerWuetend,165,SignDomainRawInit,True,33.46344556847488,,22.730213305934075,25.721547422284864,40.384129846405806,21.78864285270325,,22.730213305934075
SauerWuetend,167,SignDomainRawInit,True,33.34520241703418,,21.79827426065275,26.07811879494738,39.96154699415594,22.113422847851464,,21.798274260652747
SauerWuetend,169,SignDomainRawInit,True,33.888825711775816,,17.959834650332997,27.763886422062956,41.452699463728315,23.53033279459261,,17.959834650332997
SauerWuetend,171,SignDomainRawInit,True,32.99936345968383,,17.7114906028844,26.16313924895639,38.60181222147245,22.233579077992562,,17.711490602884403
SauerWuetend,173,SignDomainRawInit,True,34.18470321473243,,19.22175269335986,26.55555671353274,39.90079114880826,22.560299291610338,,19.221752693359864
SauerWuetend,175,SignDomainRawInit,True,34.55663047619926,,18.37221201916946,28.4127721685035,42.889570692290974,24.012863241417584,,18.372212019169453
SauerWuetend,177,SignDomainRawInit,True,31.327158578532437,,20.273583265502435,24.548660918869036,35.775725803187164,20.80133240706147,,20.273583265502435
SauerWuetend,179,SignDomainRawInit,True,32.357981797808606,,18.637594840759576,25.819338414335455,37.42214997228538,21.886971316998267,,18.637594840759576
SauerWuetend,181,SignDomainRawInit,True,33.22433774645195,,19.754905476925003,26.787891071294066,40.068897966094035,22.695331704456116,,19.754905476925003
SauerWuetend,183,SignDomainRawInit,True,32.38464210673061,,19.550534993065785,25.377920683665817,36.487489965594456,21.564289581611643,,19.550534993065785
SauerWuetend,185,SignDomainRawInit,True,31.332574627475164,,19.3576754258334,24.12912415142618,34.640595613256274,20.57034188859241,,19.357675425833403
SauerWuetend,187,SignDomainRawInit,True,34.531690807802875,,17.557074961746352,28.519168063801086,42.89364186801502,24.14673887321741,,17.557074961746352
SauerWuetend,189,SignDomainRawInit,True,32.91490876796484,,16.679606684787185,26.352870037843008,39.4576615230665,22.37316321266232,,16.679606684787192
Schnee,159,SignDomainRawInit,False,31.93964567631317,14.455654537134283,20.285723862569146,23.938879679451716,37.949341497388,20.802876551222496,14.455654537134286,20.285723862569142
Schnee,161,SignDomainRawInit,False,31.725766267483696,14.606007744570391,18.965919469136324,23.374280463574678,36.37619708846559,20.38535201845595,14.606007744570396,18.965919469136328
Schnee,163,SignDomainRawInit,False,29.695642181483052,16.962180424118014,17.634275592396822,20.935485645108177,32.41486632231339,18.06607283792007,16.962180424118014,17.63427559239682
Schnee,165,SignDomainRawInit,False,32.942860531425836,17.769483029158863,16.528769805459635,22.983624688301024,34.524178874197474,20.02436030991688,17.769483029158867,16.528769805459635
Schnee,167,SignDomainRawInit,False,28.468714205492425,18.03369076061773,15.890591405479965,19.955007296231233,27.834054757401102,17.48585967437624,18.03369076061773,15.890591405479965
Schnee,169,SignDomainRawInit,False,30.111992087651068,19.034652558701282,16.562703917273797,22.383310886457608,28.576690731841854,20.030633238506148,19.034652558701286,16.562703917273797
Schnee,171,SignDomainRawInit,False,28.53498586983518,20.358472728391508,12.94260470636866,22.48200677916598,27.57624921559259,19.9471345061191,20.358472728391508,12.94260470636866
Schnee,173,SignDomainRawInit,False,28.42543954393563,18.014706954909236,13.351459716281486,21.121113732571878,27.966282884271653,18.623187120447522,18.01470695490924,13.351459716281486
Schnee,175,SignDomainRawInit,False,30.124837101769266,33.17785929688686,22.93627048708276,23.32310955328168,31.535945899222003,20.809385482412928,33.17785929688686,22.936270487082748
Schnee,177,SignDomainRawInit,False,31.113189178833835,33.51759228781653,23.670864622955275,23.03137283019951,33.51217878095953,20.084220733525743,33.51759228781653,23.67086462295528
Schnee,179,SignDomainRawInit,False,29.871914866198853,33.349190874402865,17.04712905193766,22.70988813957563,30.051907604714515,20.181372378236144,33.349190874402865,17.04712905193766
Schnee,181,SignDomainRawInit,False,28.47050153017166,30.461162565960883,14.424281771730278,21.75875007337898,27.137661870622416,19.549913125564657,30.461162565960887,14.424281771730282
Schnee,183,SignDomainRawInit,False,30.035331648460488,27.640999421887688,17.29108170913462,22.636319715732434,30.03098557562036,20.090032490288827,27.640999421887688,17.29108170913462
Schnee,185,SignDomainRawInit,False,29.300038016626644,18.551982303211613,17.447496481318442,21.672104017795455,27.910908456023154,19.368254863377818,18.551982303211613,17.447496481318442
Schnee,187,SignDomainRawInit,False,28.762450159632035,20.21161009305223,16.83170789097508,19.53516446747896,27.271552042134413,17.27275764241933,20.211610093052222,16.831707890975082
Schnee,189,SignDomainRawInit,False,27.315495134542935,18.070818264909626,17.796288241198027,19.298832893618886,25.915030806741147,16.9873733467512,18.070818264909626,17.796288241198027
Schnee,191,SignDomainRawInit,False,28.10298932002032,19.657113236850268,18.565948223863888,20.38425528101597,28.343070093134124,17.91332170723136,19.65711323685027,18.565948223863888
Schnee,193,SignDomainRawInit,False,27.078165406954533,19.515895174779107,20.584585184183354,20.128242019278293,27.008745389964925,17.71235123987592,19.515895174779107,20.584585184183354
Schnee,195,SignDomainRawInit,False,28.944609178748955,20.93507323089209,16.562854960690157,19.21255922013153,28.173582893354688,16.87477176451341,20.93507323089209,16.562854960690157
Schnee,197,SignDomainRawInit,False,31.195316775086166,20.041491402520933,17.966580523688645,21.065038849946305,27.579177490292683,18.731426344921207,20.041491402520933,17.966580523688645
Schnee,199,SignDomainRawInit,False,30.38560724749101,22.368579724057735,18.4106734416076,23.174817955277458,28.78781742537728,20.73188747831176,22.36857972405774,18.410673441607603
Schnee,201,SignDomainRawInit,False,31.883177071385806,29.371937629247757,13.617370934826363,25.915233700955145,31.93299949259902,23.254117613661577,29.371937629247757,13.617370934826363
Schnee,203,SignDomainRawInit,False,31.129907983089495,34.12801611716664,11.943670589476541,23.749459656758354,28.828187453061425,21.573274173591464,34.128016117166645,11.943670589476541
Schnee,205,SignDomainRawInit,False,35.944033437920766,46.42306003906325,14.630424170496214,27.256576399988493,36.89819926163369,24.433786412124018,46.42306003906325,14.63042417049621
Schnee,207,SignDomainRawInit,False,34.26139658169119,31.283037093082182,13.03101987809825,24.629637732563094,31.935180370905112,22.421622143624024,31.283037093082182,13.031019878098247
Schnee,209,SignDomainRawInit,False,37.62787556543042,47.861172561023295,31.60679316508093,29.61823203315355,42.45625302775898,26.36178121497519,47.861172561023295,31.60679316508093
Schnee,211,SignDomainRawInit,False,36.40116029352254,41.944335930480044,17.197616166396898,27.15829374798631,37.088532820377516,24.448900021611724,41.944335930480044,17.197616166396898
Schnee,213,SignDomainRawInit,False,36.63876925426106,47.83241546764523,22.621869186074527,28.815954314780534,37.266575904304446,26.07820660610862,47.832415467645234,22.621869186074523
Schnee,215,SignDomainRawInit,False,32.32052965359955,39.24794340555683,23.752301387030787,24.858520967082804,32.69548265681041,22.374335428825525,39.24794340555683,23.752301387030784
Schnee,217,SignDomainRawInit,False,34.5282010199,42.192294782914885,20.45431004968171,24.317900455938734,34.025940869438855,21.799471684726655,42.192294782914885,20.454310049681716
Schnee,219,SignDomainRawInit,False,34.82664943655152,42.81470874346949,13.837743611333478,24.55267513709741,33.34288605483416,22.046606584518386,42.814708743469495,13.837743611333478
Schnee,221,SignDomainRawInit,False,35.61202193652293,39.0144739189318,10.207368162529653,28.379311859657182,37.48825393949726,25.44349254106287,39.0144739189318,10.207368162529654
Schnee,223,SignDomainRawInit,False,32.54666501989111,38.11043914224201,11.58076321379915,25.421143950676704,33.91810868347211,22.80463080535997,38.11043914224201,11.58076321379915
Schnee,225,SignDomainRawInit,False,33.96210139844242,48.3936523279872,11.804117281986008,26.138460684201217,35.11603011135045,23.484994265553734,48.3936523279872,11.804117281986008
Schnee,227,SignDomainRawInit,False,33.715749774849485,36.01084849687005,11.128237428529946,26.269781153324224,33.22967077497095,23.752398909663327,36.01084849687004,11.128237428529943
Schnee,229,SignDomainRawInit,False,35.39471164907722,41.46816777394579,12.234171423091997,27.50140701095579,34.10963313520006,24.766006158768036,41.46816777394579,12.234171423091999
Schnee,231,SignDomainRawInit,False,39.05445467632012,38.203537797789885,14.91427680636722,35.15385623343006,37.936044221467085,32.2260940121705,38.203537797789885,14.91427680636722
Schnee,233,SignDomainRawInit,False,39.21206293008288,32.04931932311692,15.487403467733396,34.51885221824081,35.245841343134316,32.00086550964508,32.04931932311692,15.487403467733401
Schnee,235,SignDomainRawInit,False,38.239305717325244,18.838877261174304,12.799383508380155,32.8696065351936,29.355229966514283,31.054490769618077,18.838877261174307,12.799383508380155
Schnee,237,SignDomainRawInit,False,39.209453956795706,18.484930721661097,16.950207608698562,34.97307879426489,29.235565750214217,33.15725637575496,18.484930721661097,16.950207608698562
Schnee,239,SignDomainRawInit,False,40.13522868482871,17.5797880474058,16.039180388385493,36.14877303389899,28.152795600368563,34.21887718990094,17.579788047405806,16.039180388385496
Schnee,241,SignDomainRawInit,False,41.127588707684126,21.146116788246772,26.88838931765952,37.488430527193266,31.655947555588355,35.22569807884319,21.146116788246765,26.88838931765952
Schnee,243,SignDomainRawInit,False,41.862040112276176,20.877406575620704,31.492802641858,38.67705025367436,32.294078197836,36.38366239313273,20.877406575620697,31.492802641857992
Schreiben,121,SignDomainRawInit,False,37.714898335540994,38.87454829753005,11.839394023268174,26.325900866583027,35.315239812112516,23.659070651105004,38.87454829753005,11.839394023268174
Schreiben,123,SignDomainRawInit,False,39.06980341745178,46.03983693379007,13.824358110987163,27.431306901832276,37.475039768991685,24.212855062357203,46.03983693379007,13.824358110987161
Schreiben,125,SignDomainRawInit,False,35.1790582731177,27.43984445318915,12.83917317543149,26.24910154563496,34.52298808236883,23.31225495184773,27.43984445318915,12.839173175431485
Schreiben,127,SignDomainRawInit,False,40.94955663614392,60.94870758551358,14.508979979461467,29.631464431538433,42.48349305714644,26.04608262047973,60.948707585513596,14.508979979461467
Schreiben,129,SignDomainRawInit,False,42.505933727628936,53.352971342838465,13.070097860105655,27.926818687327383,40.34979402211064,24.79515303168683,53.352971342838465,13.070097860105655
Schreiben,131,SignDomainRawInit,False,41.55369161365161,39.09770835824377,15.757469052422257,27.5101952512055,39.38431327345024,24.53906909511752,39.09770835824377,15.757469052422257
Schreiben,133,SignDomainRawInit,False,42.85792773996549,57.83189615997933,13.958761874031486,29.96113699456505,42.666480952403674,26.58705462122345,57.83189615997934,13.958761874031486
Schreiben,135,SignDomainRawInit,False,45.125376876750664,54.01754902671226,12.119411303550658,27.539399963225637,39.862459655692675,24.78535849018118,54.01754902671225,12.119411303550658
Schreiben,137,SignDomainRawInit,False,45.563048761037365,53.169533444186584,12.469450974870194,27.9899734025287,39.60550354794329,25.190415912729765,53.169533444186584,12.469450974870194
Schreiben,139,SignDomainRawInit,False,40.62218922191506,46.706991321616904,12.590311008709994,28.65663764801811,38.048059036095694,25.781221318317023,46.706991321616904,12.590311008709994
Schreiben,141,SignDomainRawInit,False,42.93757164231386,46.43704609724882,11.57732756947989,28.379570970006228,39.05988754468991,25.451309439027487,46.4370460972488,11.577327569479893
Schreiben,143,SignDomainRawInit,False,40.04244296166945,44.996620226554036,12.13091535040488,28.99218648660461,38.2172941487972,25.967105035052573,44.996620226554036,12.130915350404877
Schreiben,145,SignDomainRawInit,False,40.916482444616676,42.369479052517406,11.186236568110656,28.11502886466864,37.90980705518477,25.13384896826069,42.369479052517406,11.186236568110658
Schreiben,147,SignDomainRawInit,False,41.19077039348195,47.235196669314995,11.150456376036207,29.308709798907493,40.51319648395234,25.846463107802133,47.235196669314995,11.150456376036201
Schreiben,149,SignDomainRawInit,False,40.87995304925365,42.68283462437042,9.732411795683374,27.834187886575798,39.17599595655807,24.435695647506396,42.68283462437041,9.732411795683374
Schreiben,151,SignDomainRawInit,False,43.239836784098905,40.81108383711885,11.020188082505642,27.789553903511404,39.7370937570138,24.58371836663183,40.81108383711886,11.020188082505642
Schreiben,153,SignDomainRawInit,False,42.92674068192425,41.985047759071875,9.840652393050586,27.44972511402963,38.78990231553771,24.311233105784957,41.985047759071875,9.840652393050588
Schreiben,155,SignDomainRawInit,False,43.58210700781613,42.38928188925764,11.187572394287635,27.415915441807034,37.928745702108415,24.492723995660235,42.38928188925764,11.187572394287637
Schreiben,157,SignDomainRawInit,False,43.258877198234586,45.65559658999126,11.516785169711115,28.072408650119442,38.55185233249387,25.1282773955529,45.65559658999126,11.516785169711115
Schreiben,159,SignDomainRawInit,False,41.375736078818086,33.81099360753524,8.63460554081862,26.801192076948336,37.50290251231083,23.992958464636832,33.81099360753524,8.634605540818619
Schreiben,161,SignDomainRawInit,False,41.97798760887154,35.229824230704935,9.679871739467393,27.635101430496167,37.01166513146512,24.87471461043481,35.229824230704935,9.67987173946739
Schreiben,163,SignDomainRawInit,False,42.67155518175134,43.63084674826895,10.088164452673565,29.98581884398584,39.15598857094018,26.997077950760293,43.63084674826895,10.088164452673563
Schreiben,165,SignDomainRawInit,False,41.339060896363804,43.644611856219115,8.429153139673481,28.518714409824398,37.627178033668336,25.81687885591729,43.644611856219115,8.429153139673481
Schreiben,167,SignDomainRawInit,False,42.139771728779515,38.95611466076939,8.559575344213922,27.79797872650491,37.655061868638136,24.991052118621415,38.95611466076939,8.559575344213922
Schreiben,169,SignDomainRawInit,False,41.973693152582136,37.09198083528395,10.84931401222269,28.796595468284963,38.27389702501576,25.691445444132565,37.09198083528395,10.849314012222688
Schreiben,171,SignDomainRawInit,False,42.92697353767164,36.21009023733553,8.752124041598412,27.92944882115237,38.35901752675782,24.902736949534937,36.21009023733553,8.752124041598412
Schreiben,173,SignDomainRawInit,False,43.0093509670976,36.69072348889116,11.79483374570262,26.316488580220003,36.86501876746075,23.329948983924858,36.69072348889116,11.794833745702615
Schreiben,175,SignDomainRawInit,False,43.3726497201372,48.21475056637028,8.64211279911305,27.50692753133846,39.10871472988605,24.337852576961332,48.21475056637028,8.64211279911305
Schreiben,177,SignDomainRawInit,False,42.970765723600195,44.57239775606126,9.108399665441715,29.87496173950802,39.83725747994726,26.641902362120884,44.57239775606126,9.108399665441716
Schreiben,179,SignDomainRawInit,False,39.84481466667488,29.378391069619678,11.628978671812936,28.193522299224124,37.69798732214534,25.107303704470578,29.378391069619678,11.628978671812938
Schreiben,181,SignDomainRawInit,False,40.61116121496851,41.243473738214625,8.679351980119641,28.990395169830677,38.97411818899358,25.96275446481839,41.243473738214625,8.679351980119641
Schreiben,183,SignDomainRawInit,False,39.59289391868364,37.14373351584355,13.046388988162942,30.144095131962267,39.47901105406981,26.903536151214894,37.14373351584354,13.046388988162938
Schreiben,185,SignDomainRawInit,False,39.86350222806932,31.224574668304438,34.544298542295046,31.612102637682714,43.319359775707056,27.95318994082378,31.224574668304438,34.544298542295046
Schreiben,187,SignDomainRawInit,False,39.312847455364604,38.70857147811829,9.576708768899865,31.13872846551378,39.82098743218939,27.792335380111307,38.70857147811829,9.576708768899865
Schreiben,189,SignDomainRawInit,False,39.39941772725501,33.66362128144959,34.641212365982234,31.8115823610891,43.82893047893894,28.00954754646102,33.66362128144959,34.64121236598223
Schreiben,191,SignDomainRawInit,False,38.14262117816079,29.14573710446973,16.385641679025795,29.55627243422007,39.46799628952375,26.12954409294998,29.14573710446973,16.385641679025795
Schreiben,193,SignDomainRawInit,False,39.60567928692772,33.27445231434112,26.397384325923696,31.134794660779466,42.48094766212911,27.447984159053732,33.27445231434112,26.397384325923696
Schreiben,195,SignDomainRawInit,False,40.183059827726396,31.186524039987944,35.19896435225043,31.725107134943517,44.01603493001272,27.947315428425952,31.18652403998794,35.198964352250414
Schreiben,197,SignDomainRawInit,False,38.939822700246175,26.470984004050536,13.573083697286313,28.426978096358695,38.66348212678266,25.20829665267215,26.470984004050536,13.573083697286318
Schreiben,199,SignDomainRawInit,False,38.741337984538085,25.21697049291737,29.08834287745485,29.311583537340166,41.02063841092331,25.79581289992795,25.21697049291737,29.08834287745485
Schreiben,201,SignDomainRawInit,False,39.162896729856755,32.45690979220142,23.81721736472558,29.411999438655876,41.546226987581306,25.89277982116964,32.45690979220142,23.817217364725582
Schreiben,203,SignDomainRawInit,False,38.0106221218683,34.163939620634736,19.93921260996827,29.402936098370247,41.22992403604855,25.91921684300093,34.163939620634736,19.939212609968266
Schreiben,205,SignDomainRawInit,False,37.6676876098651,33.72528546599016,17.321277359630372,28.57680684883766,40.23993849586885,25.208894400881363,33.72528546599017,17.321277359630376
Schreiben,207,SignDomainRawInit,False,37.69811061860203,33.264887472967295,19.130052048073274,28.220046208867995,39.79355601743704,24.866103473707078,33.264887472967295,19.130052048073274
Schwach,138,SignDomainRawInit,False,39.109127385621086,25.26650902341038,15.191240289735248,31.564598349741477,33.15771462817365,28.962161146992777,25.26650902341038,15.191240289735244
Schwach,140,SignDomainRawInit,False,39.08070847761938,24.32770834577699,13.435199077199412,31.63301383666578,31.475185893812895,29.268389118371886,24.32770834577699,13.435199077199412
Schwach,142,SignDomainRawInit,False,37.672327938171314,19.447992540297687,12.80728181589323,29.80125977802756,29.298664432673696,27.662485316753283,19.44799254029769,12.807281815893234
Schwach,144,SignDomainRawInit,False,38.95091297862719,22.297987680674762,12.108568411868081,31.014174154764223,28.81544289095491,29.083273521861123,22.29798768067476,12.10856841186808
Schwach,146,SignDomainRawInit,False,37.50572686444478,21.63381109176386,16.08746761572277,29.16253559926178,27.189971186322207,27.175953742595198,21.63381109176386,16.087467615722762
Schwach,148,SignDomainRawInit,False,40.32214390018345,32.15839657599302,28.76467724117836,33.36553468016387,34.37536212870442,30.68300723500476,32.15839657599302,28.764677241178358
Schwach,150,SignDomainRawInit,False,43.03857181549199,37.63132583953126,19.189291655203718,36.34236525754006,30.829922594813812,34.20229734865356,37.63132583953126,19.189291655203714
Schwach,152,SignDomainRawInit,False,49.32202281882566,48.251006099876456,35.96322185453127,45.04455006241603,38.497208880029326,42.31188757272103,48.25100609987646,35.96322185453127
Schwach,154,SignDomainRawInit,False,49.15845144362365,41.28280620574784,25.576337656990635,45.79072876779788,35.51026705298238,43.44489117252588,41.28280620574784,25.57633765699063
Schwach,156,SignDomainRawInit,False,47.79545274420082,37.91289416651651,42.923959441588025,44.96771809326539,38.88462104852369,42.249865041685,37.912894166516516,42.923959441588025
Schwach,158,SignDomainRawInit,False,50.15982430395319,38.86328487894783,37.54381414036187,47.95288006658541,41.451620317117154,45.12277801422205,38.86328487894784,37.54381414036187
Schwach,160,SignDomainRawInit,False,49.488500604819336,37.67136101999462,37.61665016601741,47.45490194988995,39.07641642402023,44.81124741361458,37.67136101999461,37.616650166017415
Schwach,162,SignDomainRawInit,False,51.03522858527146,39.7721355015991,38.73377146010725,49.57134624834952,41.79313214907099,46.692504149072754,39.77213550159911,38.73377146010725
Schwach,164,SignDomainRawInit,False,48.867966571983075,37.83382708914445,43.89884893994832,46.77505412730348,40.40062459098713,43.976445468358804,37.83382708914445,43.89884893994832
Schwach,166,SignDomainRawInit,False,48.42360324223476,45.69778927850688,47.9302270800802,45.91319830227195,38.497146848936225,43.246234851956515,45.69778927850688,47.93022708008019
Schwach,168,SignDomainRawInit,False,49.6845837167992,52.66556711598898,33.49845563141645,47.079001751070706,41.02106148580107,44.283675693545355,52.66556711598898,33.49845563141645
Schwach,170,SignDomainRawInit,False,47.530765754885,39.605592152544425,32.175894721419645,42.993483113063014,34.88870331052618,40.66348207812014,39.605592152544425,32.17589472141964
Schwach,172,SignDomainRawInit,False,46.891210123666994,39.05391177905663,32.36451641456406,42.45761233194683,34.8510080799949,40.06089694685933,39.05391177905663,32.36451641456406
Schwach,174,SignDomainRawInit,False,45.12098428281194,38.47460107102224,25.260883238929914,40.3600034468443,34.1585638932053,38.08043555869849,38.47460107102224,25.260883238929914
Schwach,176,SignDomainRawInit,False,45.19167401069278,38.32053284215026,24.755583576681538,40.46814634272069,33.22066989506065,38.27680800790272,38.32053284215026,24.755583576681538
Schwach,178,SignDomainRawInit,False,45.017799149705176,41.06691620105189,31.17614973704441,39.55264931860805,34.03482535929923,37.18619481905772,41.06691620105189,31.17614973704441
Schwach,180,SignDomainRawInit,False,45.81281154939118,46.4454359552612,35.25688641111525,41.15088882342646,35.931274559165665,38.582341348703814,46.4454359552612,35.25688641111525
Schwach,182,SignDomainRawInit,False,47.78331926463502,40.491969223694035,32.00927173709376,43.76292284664901,34.99540294788563,41.34909320493732,40.491969223694035,32.00927173709376
Schwach,184,SignDomainRawInit,False,48.54092631788453,39.837570384434464,34.161771921170086,45.11881731847822,35.45708112009532,42.66990200304566,39.837570384434464,34.161771921170086
Schwach,186,SignDomainRawInit,False,48.02161800738046,40.30865862710255,35.21177936314285,44.52384851293929,35.6334022482529,42.053898642454485,40.30865862710256,35.21177936314285
Schwer,157,SignDomainRawInit,False,49.93430499607176,64.84401547132406,56.12615529778236,47.006607244826405,47.069732659962234,43.31569331918705,64.84401547132406,56.12615529778236
Schwer,159,SignDomainRawInit,False,48.07095265944682,54.668567330930074,52.343442044296296,43.830745694520225,42.72077100846948,40.38787457883192,54.668567330930074,52.343442044296296
Schwer,161,SignDomainRawInit,False,46.22216642036421,55.65388298257809,54.709692206846114,41.86835159026433,43.18991206734179,38.22868150898558,55.65388298257809,54.7096922068461
Schwer,163,SignDomainRawInit,False,46.84481446397225,61.11955478336471,61.07836924970803,42.8795566540192,45.41530845084508,39.068218658735816,61.11955478336473,61.07836924970803
Schwer,165,SignDomainRawInit,False,46.412833669100465,64.43968088071686,56.87215651616918,42.951336137558314,45.74687141636611,39.12585899067431,64.43968088071686,56.87215651616918
Schwer,167,SignDomainRawInit,False,46.27360748504533,70.70870977731876,63.04878049140909,43.3148552181124,47.90337883223359,39.291577187679884,70.70870977731876,63.04878049140909
Schwer,169,SignDomainRawInit,False,45.24241441235793,49.83112808598734,65.21270714699503,41.96102633491242,44.282308850424485,38.23806766741244,49.83112808598734,65.21270714699503
Schwer,171,SignDomainRawInit,False,45.48404780904114,47.846708633151934,42.20215140594528,41.79039697121031,40.169933408960354,38.570228843173005,47.846708633151934,42.20215140594528
Schwer,173,SignDomainRawInit,False,46.59685242776956,43.693216125321335,30.219933699025134,42.54306147915586,38.20692348458783,39.54253107521264,43.693216125321335,30.21993369902513
Schwer,175,SignDomainRawInit,False,45.8809718789844,25.048074273459306,28.41806570197049,39.40836945959785,33.95506908489779,36.8547443903723,25.048074273459306,28.41806570197049
Schwer,177,SignDomainRawInit,False,42.421668974750794,34.87869892837012,29.126064951568853,35.21410617624902,35.72052763183445,32.327162461795204,34.87869892837012,29.126064951568853
Schwer,179,SignDomainRawInit,False,39.767378456792876,27.328409842644653,25.785989253215,32.029812506713014,36.18304706123721,29.004481361661295,27.328409842644653,25.785989253215
Schwer,181,SignDomainRawInit,False,39.5579030192123,18.96557250727446,20.348061444662118,30.72354813234552,34.08602750777952,27.94693735236381,18.965572507274455,20.348061444662118
Schwer,183,SignDomainRawInit,False,36.59479279372041,14.017495016729827,22.925250504227215,28.22925662676286,34.79655395785904,25.237697835315863,14.01749501672983,22.925250504227222
Schwer,185,SignDomainRawInit,False,35.13557513996002,19.998294580572242,26.93504575437726,27.369241948547952,37.46928218375441,23.976533717219336,19.998294580572242,26.935045754377263
Schwer,187,SignDomainRawInit,False,36.452723213521054,20.826121176859218,25.734136971162393,28.87419558272234,35.683465225401406,25.769434555929855,20.826121176859218,25.734136971162393
Schwer,189,SignDomainRawInit,False,36.571644432415006,24.190140849068555,24.471868719131,28.832999825046667,35.15047299906149,25.701962889179942,24.190140849068555,24.471868719131002
Schwer,191,SignDomainRawInit,False,36.042034465540034,19.569021346540502,28.258008304350938,27.503317944868797,34.82045670991245,24.525544340506805,19.569021346540502,28.258008304350938
Schwer,193,SignDomainRawInit,False,36.83881476107371,22.074543792192458,27.03691079230214,28.15918291146777,35.30634674269382,25.110496941398544,22.074543792192458,27.036910792302137
Schwer,195,SignDomainRawInit,False,36.57700969499844,21.896550502391005,30.345408184755467,28.37704232615033,35.34139460961131,25.31748364222648,21.896550502391005,30.34540818475547
Schwer,197,SignDomainRawInit,False,36.369231876033695,22.619514782376964,26.26725848362324,27.858375668386685,35.27783461924901,24.73368004273771,22.619514782376964,26.26725848362324
Sonne,148,SignDomainRawInit,True,35.14261597412229,,32.90261028139396,28.428925970064313,42.805209652027195,24.44802696858003,,32.90261028139396
Sonne,150,SignDomainRawInit,True,39.82295967822076,,37.28186455565922,31.711070381209787,56.38795815334537,27.0814787081015,,37.28186455565922
Sonne,152,SignDomainRawInit,True,39.620547612702154,,39.37273705273052,31.676178852217554,55.325709669366596,27.01887572664299,,39.37273705273053
Sonne,154,SignDomainRawInit,True,37.12744045492209,,39.303765809100426,30.16207669067856,51.80862643536574,25.533004439001033,,39.303765809100426
Sonne,156,SignDomainRawInit,True,35.871384438619515,,41.58008836203479,29.902012230823264,46.13383783477993,25.849186861463277,,41.58008836203479
Sonne,158,SignDomainRawInit,True,38.384351270179316,,42.717014846192384,29.7670575056203,51.01637120965612,25.361608114119804,,42.717014846192384
Sonne,160,SignDomainRawInit,True,36.75205821719041,,38.7148767386287,29.057698182845538,43.45837622534383,24.829193341754685,,38.7148767386287
Sonne,162,SignDomainRawInit,True,39.23420258971925,,44.819419801428474,32.329463999566066,43.407427031446105,28.126655729398138,,44.819419801428474
Sonne,164,SignDomainRawInit,True,40.20059029147394,,52.46819713299756,35.938240426321464,45.15317891885537,31.68727849574579,,52.46819713299756
Sonne,166,SignDomainRawInit,True,43.07816717221258,,50.34967763517684,40.552758391931846,46.384710668590664,36.20003472568082,,50.34967763517684
Sonne,168,SignDomainRawInit,True,38.550166837402436,,44.66353978491801,34.71860012718629,38.05353966979705,31.08757112602638,,44.66353978491801
Sonne,170,SignDomainRawInit,True,37.687732095457015,,42.44894676921927,33.420786618756814,37.3260019516938,29.812531593987128,,42.44894676921927
Sonne,172,SignDomainRawInit,True,37.42705304699493,,41.880830426341326,33.59781619829674,36.93262676307164,30.03553050446788,,41.880830426341326
Sonne,174,SignDomainRawInit,True,37.142069363588305,,36.776299470476424,33.00411797697555,37.07297620228734,29.512425946803425,,36.77629947047643
Sonne,176,SignDomainRawInit,True,37.201904169494796,,39.3334737102816,32.829372126351345,38.55908723600727,29.113421305787924,,39.33347371028161
Sonne,178,SignDomainRawInit,True,37.66053738496995,,37.976897414879474,33.725785761820646,39.31201967559078,29.950922403438003,,37.97689741487949
Sonne,180,SignDomainRawInit,True,38.14238124714818,,37.5325473957763,34.593973775151724,40.653384325758864,30.70306669563761,,37.5325473957763
Sonne,182,SignDomainRawInit,True,37.25048269684686,,38.07388727035062,33.66484922218544,39.215622639245545,29.85886989256882,,38.07388727035062
Sonne,184,SignDomainRawInit,True,37.9706323872608,,38.96029474964661,34.38754042951614,39.81292790926131,30.516400329736832,,38.9602947496466
Sonne,186,SignDomainRawInit,True,37.5129453495107,,39.05485877973271,34.04884443644875,38.846766353974836,30.30489302592872,,39.05485877973271
Sonne,188,SignDomainRawInit,True,37.54187062346977,,36.93208472998879,33.60412222525642,36.41722136754905,30.05298140259551,,36.93208472998879
Sonne,190,SignDomainRawInit,True,36.94262349392809,,38.297057443511044,33.037709174618385,36.97066852659232,29.458162588469875,,38.297057443511044
Sonne,192,SignDomainRawInit,True,37.487087791167454,,36.61232925565367,33.95149774471023,37.01019553148689,30.343551158224386,,36.61232925565366
Sonne,194,SignDomainRawInit,True,37.97587228801739,,40.65172683204157,34.32396229089565,38.83434116050368,30.57241974259255,,40.65172683204156
Sonne,196,SignDomainRawInit,True,38.452319092723755,,44.726382793290284,35.75584312133368,39.98412931125028,31.934273782587606,,44.726382793290284
Sorry,144,SignDomainRawInit,True,36.10975969403879,,14.34394208547399,29.035336587779025,45.74643897176629,24.61363960033957,,14.343942085473993
Sorry,146,SignDomainRawInit,True,34.262168303942666,,16.393818931480112,27.543158030358498,41.66830890240898,23.598189641220753,,16.393818931480112
Sorry,148,SignDomainRawInit,True,35.09330820521093,,18.822948504402813,28.5728975016602,43.910789267021485,24.429088680023966,,18.82294850440281
Sorry,150,SignDomainRawInit,True,35.11772837928573,,20.61531424756512,28.321153306034873,44.005560581418266,24.191031735172935,,20.615314247565113
Sorry,152,SignDomainRawInit,True,33.44806036940308,,20.101854039691812,26.77158700202574,42.07390840016373,22.688159602816967,,20.101854039691812
Sorry,154,SignDomainRawInit,True,33.61044826431938,,16.46304439835705,27.199576334726668,42.124878039546715,23.24016624211766,,16.463044398357045
Sorry,156,SignDomainRawInit,True,34.95991050498519,,15.688562277548654,28.837303092486746,44.640408394973186,24.632969748879702,,15.688562277548654
Sorry,158,SignDomainRawInit,True,35.337216128188636,,15.411049507766778,29.423906334995085,45.481738820520114,25.168948356494322,,15.411049507766778
Sorry,160,SignDomainRawInit,True,36.42594738790931,,13.883069307455346,29.48170225060173,45.58463909958452,25.070824057090576,,13.88306930745534
Sorry,162,SignDomainRawInit,True,36.240639720724424,,14.129991425697193,30.14688580828912,47.619083019357106,25.596398928801122,,14.129991425697193
Sorry,164,SignDomainRawInit,True,36.02325450252154,,14.079131238797643,29.766809991580956,47.13280385834159,25.321825021291826,,14.079131238797647
Sorry,166,SignDomainRawInit,True,38.32028058662434,,14.256288587306505,31.75732980649563,48.65948531956884,27.052213729334362,,14.256288587306505
Sorry,168,SignDomainRawInit,True,40.00822265142669,,14.551642499329231,32.59262532359345,48.71029142867669,27.868051382220695,,14.551642499329233
Sorry,170,SignDomainRawInit,True,39.82731505534765,,13.314701077756565,32.67375358162508,48.79706792464646,27.923926709043347,,13.314701077756565
Sorry,172,SignDomainRawInit,True,38.866627950446464,,14.381362997922214,31.931168355593854,48.91966794305914,27.150433519426553,,14.381362997922214
Sorry,174,SignDomainRawInit,True,38.62848074708889,,16.23944007746718,31.539645325373357,48.00114101408036,26.81581428089768,,16.23944007746718
Sorry,176,SignDomainRawInit,True,35.58428554322455,,17.40843544710019,29.232822727509514,44.72725969767853,25.044226291027826,,17.40843544710019
Sorry,178,SignDomainRawInit,True,35.595274251927385,,17.373504555542393,29.38592741019623,45.01815200110048,25.150281335931442,,17.373504555542393
Sorry,180,SignDomainRawInit,True,37.121322443574286,,14.890308628382439,29.645327692303336,45.08210372771812,25.099944732641287,,14.890308628382439
Sorry,182,SignDomainRawInit,True,37.85348033210829,,14.395456435689907,30.75509380906222,47.75510911376778,25.94556361130378,,14.395456435689903
Sorry,184,SignDomainRawInit,True,37.02652811714056,,13.66592579056447,30.164658482450946,46.678206947858754,25.508276608375503,,13.665925790564474
Sorry,186,SignDomainRawInit,True,35.68120625867016,,12.5814280996864,29.7194048964821,46.996383867104385,25.15434826163703,,12.581428099686399
Sorry,188,SignDomainRawInit,True,35.579475197916906,,12.643340385741922,29.98400399314068,47.628565370905456,25.30502276441227,,12.643340385741928
Sorry,190,SignDomainRawInit,True,36.15226966738269,,13.308949260179553,30.17491698430299,47.76350307845862,25.499985477536704,,13.308949260179558
Sorry,192,SignDomainRawInit,True,36.9712485825505,,14.38809843898538,30.753874778857398,49.151287488682996,26.028397799576343,,14.388098438985377
Sorry,194,SignDomainRawInit,True,36.19453441730103,,18.724122168569075,30.0629879344618,46.824866880596815,25.52224258881366,,18.724122168569075
SparenSparsam,133,SignDomainRawInit,False,34.780795702464786,21.986846755594055,14.437285332777948,24.571817945496672,31.21302142780865,22.16471024595775,21.986846755594062,14.437285332777948
SparenSparsam,135,SignDomainRawInit,False,34.59152563862423,24.30682572487182,15.073008129601627,23.660981729043645,31.644637667394836,21.48252612749462,24.306825724871818,15.073008129601625
SparenSparsam,137,SignDomainRawInit,False,39.57817430907239,31.99787154569675,13.14586809945359,28.377664344089276,37.96469584120855,25.711761650624858,31.997871545696743,13.145868099453589
SparenSparsam,139,SignDomainRawInit,False,41.321579273829094,39.07493048464362,13.940049990700599,31.087738340856326,40.91983673684634,28.01973205640604,39.07493048464363,13.940049990700599
SparenSparsam,141,SignDomainRawInit,False,42.210507714958446,43.857803468365525,17.54117262044628,33.19267403732023,42.56520396346734,29.867443187566288,43.85780346836552,17.54117262044628
SparenSparsam,143,SignDomainRawInit,False,42.33552252268277,35.8273514861581,37.72594218753079,33.14255437625122,44.34208963461559,29.54198796745264,35.8273514861581,37.72594218753079
SparenSparsam,145,SignDomainRawInit,False,42.10647588367828,31.934972226406323,37.6569322829179,33.03111858543932,43.73939833870468,29.505930173352468,31.934972226406323,37.65693228291789
SparenSparsam,147,SignDomainRawInit,False,39.57918547334496,26.661701782384128,15.883233407657432,29.819220490109174,38.902855776140264,26.599097714987032,26.661701782384128,15.883233407657436
SparenSparsam,149,SignDomainRawInit,False,41.209597857535094,24.500029032940237,16.571107823898064,31.96139427198389,39.71272114710594,28.530932519364576,24.500029032940237,16.571107823898064
SparenSparsam,151,SignDomainRawInit,False,40.01915218997318,25.107464609770567,16.687062009800204,30.732581721306573,37.74629858980271,27.49941745844547,25.107464609770567,16.687062009800204
SparenSparsam,153,SignDomainRawInit,False,39.139932307366124,26.26510682584139,16.222126538580127,29.867249527732678,36.093594346974776,26.828963147483925,26.26510682584139,16.222126538580127
SparenSparsam,155,SignDomainRawInit,False,38.36523291618126,25.748612356611446,14.97412816693951,29.029157350726148,35.854320261320275,26.125187200547586,25.748612356611442,14.97412816693951
SparenSparsam,157,SignDomainRawInit,False,37.23798240345432,24.695206860546307,15.300057378572873,27.514168323463295,33.34523396007439,24.91797856409176,24.695206860546307,15.300057378572875
SparenSparsam,159,SignDomainRawInit,False,40.49439034582349,22.988550650329476,30.233772155408836,29.729028067516552,35.40208813888104,26.860990354427432,22.988550650329483,30.233772155408836
SparenSparsam,161,SignDomainRawInit,False,42.746613789328336,21.161502357737895,44.184642248484025,32.51314123296981,40.177382536928754,29.177125574541762,21.161502357737895,44.184642248484025
SparenSparsam,163,SignDomainRawInit,False,43.0463192495621,24.276835839510174,54.026401785450076,33.987191881065954,43.977695036520004,30.240426532385193,24.27683583951017,54.02640178545006
SparenSparsam,165,SignDomainRawInit,False,40.47676593189422,23.716724662482953,28.84020354602684,30.63079992403304,39.201946504452756,27.373716733743674,23.716724662482953,28.84020354602684
SparenSparsam,167,SignDomainRawInit,False,40.24316870690628,23.445349062087686,15.620184587069536,30.94211172185397,39.43342345166293,27.616638491594053,23.445349062087686,15.620184587069536
SparenSparsam,169,SignDomainRawInit,False,40.067851072363666,25.48531794388617,15.431702454833676,31.105352172651475,38.454133695875385,27.85003982186284,25.48531794388617,15.431702454833676
SparenSparsam,171,SignDomainRawInit,False,40.82835065273291,24.799987633004793,13.99465863308557,30.83515363120879,36.08752421738391,27.759434411587,24.799987633004793,13.994658633085571
SparenSparsam,173,SignDomainRawInit,False,40.092544864767085,29.732982028902104,16.160959153138275,29.990438899769096,34.0752111946272,27.267053017465386,29.732982028902114,16.160959153138275
SparenSparsam,175,SignDomainRawInit,False,40.21830781044628,25.410262544434755,20.665213400449844,29.627320751125872,34.084497709305246,26.887029117661072,25.410262544434755,20.665213400449847
SparenSparsam,177,SignDomainRawInit,False,40.317478703567595,26.879105476401993,22.99743983696313,29.853193799883147,34.100636704837704,27.0932186900111,26.879105476401993,22.997439836963135
SparenSparsam,179,SignDomainRawInit,False,43.12994351276528,21.83993640981349,49.52972924556084,33.023478748923964,40.79379164839002,29.53073682705526,21.83993640981349,49.52972924556084
SparenSparsam,181,SignDomainRawInit,False,42.26821929383709,21.482880559139105,48.10704943120037,32.37114210392133,40.577371808312904,28.89782693536149,21.48288055913911,48.10704943120036
SparenSparsam,183,SignDomainRawInit,False,41.27433439286976,25.29247274232666,37.21922982323669,31.821044479062845,40.33576883540882,28.500666437352116,25.292472742326666,37.21922982323669
SparenSparsam,185,SignDomainRawInit,False,41.40660928516701,26.419400970851996,18.237833198404974,31.78635405131053,39.07058500965172,28.51572921259142,26.41940097085199,18.237833198404974
SparenSparsam,187,SignDomainRawInit,False,42.117528806544314,26.239215391635845,17.362416037693297,32.125059773272405,39.28267522430124,28.777139319656502,26.239215391635845,17.3624160376933
SparenSparsam,189,SignDomainRawInit,False,42.18907154817358,24.142581710584007,16.150028013699846,32.10299200475038,36.14765327050751,29.069282703788545,24.142581710584007,16.150028013699846
Spezial,125,SignDomainRawInit,False,51.730269840651,21.128316224175045,25.83438004184795,50.42057113440354,55.92366400652261,45.71662092235589,21.128316224175045,25.83438004184795
Spezial,127,SignDomainRawInit,False,52.66764031151586,20.06617878150572,24.649681769659924,51.274677524372144,57.690335262178316,46.392162548390885,20.06617878150572,24.64968176965992
Spezial,129,SignDomainRawInit,False,52.91619878499711,18.462338936106196,25.26681171859334,51.25911866841948,55.956525072292045,46.571124408227,18.4623389361062,25.26681171859334
Spezial,131,SignDomainRawInit,False,52.89100436723768,23.533815011384686,29.61682679621772,49.387148019676644,51.71273283865426,45.11802392134247,23.533815011384686,29.61682679621772
Spezial,133,SignDomainRawInit,False,52.480838525580914,22.647650774511483,22.81449658535734,46.93697352128141,51.63373570884476,42.590165173150325,22.647650774511487,22.81449658535734
Spezial,135,SignDomainRawInit,False,55.17472453379429,15.554838146226444,18.53027090216135,48.67911483541984,52.53656947803831,44.332734037021034,15.554838146226446,18.530270902161355
Spezial,137,SignDomainRawInit,False,48.31701082965529,19.509450707259205,19.086515764464263,39.25238748371106,45.04876569615169,35.670904519271744,19.509450707259205,19.086515764464263
Spezial,139,SignDomainRawInit,False,43.15784293031418,22.25836658358309,22.606290666882774,33.0836446878705,40.66440836503678,30.006955549024052,22.25836658358309,22.606290666882778
Spezial,141,SignDomainRawInit,False,36.81877940171432,25.16366068573174,29.726029826426842,29.56793059703834,37.14058432408585,26.715730823683487,25.16366068573175,29.72602982642685
Spezial,143,SignDomainRawInit,False,36.07327558216106,31.302933401135295,32.9746218343578,29.538429143150832,36.23266678856539,26.697216548683638,31.302933401135295,32.974621834357805
Spezial,145,SignDomainRawInit,False,33.96597269933108,25.02494349788029,22.617083137338504,26.702763307845117,32.485154545110696,24.21328229933746,25.02494349788029,22.617083137338504
Spezial,147,SignDomainRawInit,False,35.281555340110394,23.748098111625474,25.150255420487007,29.059919016943933,34.05628065561776,26.39167305312701,23.748098111625477,25.15025542048701
Spezial,149,SignDomainRawInit,False,35.71702145991398,22.176260711929547,23.840584709347358,28.849548194826347,33.84882795673454,26.309655085125105,22.176260711929547,23.840584709347358
Spezial,151,SignDomainRawInit,False,36.41271153751774,23.79072804735313,25.82428831637181,29.320001715477698,34.54701365946913,26.694768792021836,23.790728047353127,25.82428831637181
Spezial,153,SignDomainRawInit,False,36.77172665305257,23.45019329327905,27.520243679763183,29.637967474339682,34.44338960402693,27.01083920393589,23.450193293279046,27.520243679763183
Spezial,155,SignDomainRawInit,False,36.93657015106184,22.550375918750944,26.571420160106157,30.079028229287,33.59751554961678,27.54168102531131,22.55037591875094,26.571420160106154
Spezial,157,SignDomainRawInit,False,37.527229757062585,24.033974744040286,27.27013421846558,30.83667589989064,33.988570032899915,28.309735384216005,24.033974744040286,27.270134218465586
Spezial,159,SignDomainRawInit,False,35.70394739563024,25.900180605245904,23.762023421399487,28.761608322677873,35.78433396074906,25.950737768087887,25.900180605245904,23.762023421399487
Spezial,161,SignDomainRawInit,False,35.98128558758167,25.063044933505267,24.841465913021977,28.51090087503129,33.60058785957813,25.980317941404564,25.06304493350526,24.841465913021977
Spezial,163,SignDomainRawInit,False,36.71253293676324,25.793441982840175,27.84308059796847,29.812137029040933,36.62931666157089,26.939894563021973,25.793441982840175,27.84308059796846
Tisch,143,SignDomainRawInit,False,38.87021955023305,15.379582796330498,19.80774221861113,24.158999876197644,33.10583984901761,21.720635443807627,15.379582796330498,19.80774221861113
Tisch,145,SignDomainRawInit,False,40.54819068639537,15.93928481285124,20.316782402086265,25.751288877886786,35.45023170675243,23.274643216019257,15.939284812851243,20.316782402086265
Tisch,147,SignDomainRawInit,False,39.113655781379045,16.813394984981805,18.878969675141107,24.1393777170268,32.07888484707751,21.83879391990479,16.81339498498181,18.87896967514111
Tisch,149,SignDomainRawInit,False,37.43320425776274,18.038172995375607,17.55642605634657,25.588736780445966,32.43235711416874,23.35562513683872,18.0381729953756,17.556426056346574
Tisch,151,SignDomainRawInit,False,37.131124401066614,17.14367165171681,18.645913475077727,26.29736560260385,33.40407541812052,23.842007235454755,17.14367165171681,18.645913475077723
Tisch,153,SignDomainRawInit,False,35.69994255895195,22.89936106271693,19.666896615841427,26.808512350823356,32.79172655298631,24.328360111091882,22.899361062716924,19.666896615841427
Tisch,155,SignDomainRawInit,False,33.895230160911794,21.770268069753953,17.683671048474483,26.710582778871,31.874492144245202,24.422491013403967,21.77026806975396,17.683671048474483
Tisch,157,SignDomainRawInit,False,34.55344913109063,24.96296307429067,18.06222567828103,23.47002250690867,29.915558301913496,21.360237986033567,24.96296307429068,18.06222567828103
Tisch,159,SignDomainRawInit,False,35.013498199397404,23.627775262005244,13.751453793512125,22.428026529536552,30.059404493568334,20.575246091584493,23.627775262005237,13.751453793512125
Tisch,161,SignDomainRawInit,False,36.66674017577009,22.00280680237422,15.862490229534648,24.07740724868023,33.01004876144972,21.913083571187585,22.00280680237422,15.862490229534652
Tisch,163,SignDomainRawInit,False,36.88243044987688,25.092703033404874,14.969120685287926,23.800000792158322,33.35592299812603,21.461267303108713,25.092703033404874,14.969120685287923
Tisch,165,SignDomainRawInit,False,37.10451394036068,25.85341743615057,16.452875974222227,24.147732082955006,33.03679864357221,22.048897075964724,25.85341743615057,16.452875974222227
Tisch,167,SignDomainRawInit,False,35.480808463971435,27.00144863720553,19.327197213292685,22.21898821118352,32.59687038771163,20.321285555238244,27.001448637205524,19.32719721329269
Treffen,132,SignDomainRawInit,False,44.10262555057812,12.244869172283494,20.7139165058396,39.66807219715187,54.71265088545509,34.54031503515547,12.244869172283494,20.7139165058396
Treffen,134,SignDomainRawInit,False,41.44996551099654,13.503033652431995,20.23386542706242,33.044199609707725,47.54273521898868,28.475976316434043,13.503033652431995,20.233865427062423
Treffen,136,SignDomainRawInit,False,38.84362152745269,14.49593362676621,19.096542959387996,28.730344488746304,38.489256795220385,25.07967079848227,14.49593362676621,19.096542959387993
Treffen,138,SignDomainRawInit,False,38.05386844938266,14.231306714328225,16.97475491379104,29.337340422885188,37.39718970075795,25.745420229584017,14.231306714328225,16.97475491379104
Treffen,140,SignDomainRawInit,False,36.77977092517153,15.021455148614265,16.186752716255494,26.933527756868084,33.683756696441385,23.763791956218828,15.021455148614265,16.186752716255494
Treffen,142,SignDomainRawInit,False,39.56259786577171,13.208866136592686,13.846180262547433,23.24465734644084,30.50922749033078,20.284500988677486,13.208866136592686,13.846180262547433
Treffen,144,SignDomainRawInit,False,36.3655354631423,15.023168174332564,12.842709853134357,24.921034620355165,29.437851161766787,22.22533804239276,15.023168174332564,12.842709853134357
Treffen,146,SignDomainRawInit,False,39.54639255270739,13.196989574897373,12.23855242968801,24.487828767246917,27.82187600853703,21.950319433671446,13.196989574897373,12.238552429688008
Treffen,148,SignDomainRawInit,False,38.32981937061374,13.116843120585926,11.444741760022465,26.139534288972214,27.54075327355387,23.770963030408115,13.116843120585926,11.444741760022465
Treffen,150,SignDomainRawInit,False,42.958625341053,14.450688904221321,10.56599752686323,26.663347532908848,30.16380722256911,24.00022274054224,14.450688904221318,10.565997526863232
Treffen,152,SignDomainRawInit,False,38.03135188534093,15.875639358720061,9.55501724131943,26.03227239679666,30.273698610350408,23.41230040297001,15.875639358720061,9.55501724131943
Treffen,154,SignDomainRawInit,False,43.19655953543279,17.191937642962237,13.888130400659964,30.777251272224508,37.144341325471395,27.55366127459956,17.191937642962234,13.888130400659962
Treffen,156,SignDomainRawInit,False,44.905493946639034,16.751158742342106,13.39643033814709,29.562469067329246,33.2339713989496,26.841837836726942,16.75115874234211,13.396430338147086
Treffen,158,SignDomainRawInit,False,45.97560698369685,18.446279763847432,11.877544572501645,30.358107079152216,33.65980564689493,27.591675546679234,18.446279763847432,11.877544572501643
Treffen,160,SignDomainRawInit,False,45.791109774228225,19.38918944832875,12.753147127336115,30.924727087550394,32.844697424208256,28.320440653360016,19.38918944832875,12.753147127336113
Treffen,162,SignDomainRawInit,False,44.2592553812981,18.088285820539657,13.418888111701337,30.94970491629606,34.26288783780534,28.122984991638933,18.088285820539657,13.418888111701339
Treffen,164,SignDomainRawInit,False,45.47230247225058,18.55789000493302,13.709256255827777,31.228944754618965,34.97953585432506,28.340603210555468,18.55789000493302,13.709256255827777
Treffen,166,SignDomainRawInit,False,44.407064769537925,17.97453098290903,14.234640813804686,31.199390135029592,34.90247350132638,28.33699339913516,17.97453098290903,14.234640813804686
Treffen,168,SignDomainRawInit,False,44.39021690691969,17.510995521170283,13.891759604370327,30.4617370686367,34.37594577877045,27.62356433666272,17.51099552117028,13.891759604370327
Treffen,170,SignDomainRawInit,False,44.20061534353186,17.657848939155226,13.979623313419047,30.748888034923272,34.55816822726373,27.885762835729913,17.657848939155226,13.979623313419047
Treffen,172,SignDomainRawInit,False,43.33483078990443,17.153774154584404,14.43214667958236,30.138812675809422,33.05327731770327,27.431044877685846,17.153774154584404,14.432146679582356
Treffen,174,SignDomainRawInit,False,43.42362843933331,16.621816054563574,14.132251294284805,30.114179869639596,33.04327220697249,27.405800244839938,16.62181605456357,14.132251294284808
Treffen,176,SignDomainRawInit,False,43.98936913881584,16.304983283091637,14.000062356760026,30.849932951637623,33.667321766150735,28.095150880562855,16.304983283091634,14.000062356760026
Treffen,178,SignDomainRawInit,False,43.53961716395006,15.698372999715726,13.579564923735306,30.305081341047018,33.3267884243772,27.570796122385822,15.69837299971573,13.579564923735306
Treffen,180,SignDomainRawInit,False,43.40276008449302,16.18662421714871,14.280876213224007,30.226295836086795,33.061719364455406,27.483801969669997,16.18662421714871,14.280876213224007
Treffen,182,SignDomainRawInit,False,44.195286593854235,15.599616802016703,14.738816926705349,30.096456683787633,33.61311594527848,27.26510225894308,15.599616802016703,14.738816926705352
Treffen,184,SignDomainRawInit,False,44.313958706011256,14.912778142047308,14.289314969629158,29.547995571303293,33.26954858598414,26.724595057232957,14.912778142047305,14.289314969629157
Treffen,186,SignDomainRawInit,False,42.74945493048478,14.977289977408288,13.801362526216666,29.37593598983858,33.40222970369349,26.518978685780787,14.977289977408288,13.801362526216666
Vater,151,SignDomainRawInit,True,29.501093745361977,,13.414558076213805,22.22532302323955,35.88048163236315,18.696851070556285,,13.414558076213808
Vater,153,SignDomainRawInit,True,29.204349753829653,,14.268612018632298,21.254309321489934,33.964322503150164,17.967576617478514,,14.268612018632298
Vater,155,SignDomainRawInit,True,29.665004463149984,,12.668220097173537,22.248658800779562,35.71460410023491,18.683042874484943,,12.668220097173535
Vater,157,SignDomainRawInit,True,29.043528270441147,,13.58451124539605,21.709700805736116,33.455794380532545,18.322034682551088,,13.58451124539605
Vater,159,SignDomainRawInit,True,30.69353468236095,,15.97456439481728,24.114070647698714,35.311007232660714,20.497774369856447,,15.97456439481728
Vater,161,SignDomainRawInit,True,30.605183758909465,,14.976183521865956,24.510946166477872,33.94416123864786,21.0064047208126,,14.976183521865954
Vater,163,SignDomainRawInit,True,31.65062615284802,,15.55736163926477,25.83710654580446,35.57075007481052,22.14764399838074,,15.557361639264766
Vater,165,SignDomainRawInit,True,33.492785901505044,,15.611284991770166,27.954083345907307,34.889988135732736,24.449398008941454,,15.611284991770166
Vater,167,SignDomainRawInit,True,31.94663671166627,,17.582057089080358,23.007778755440203,32.73469612615717,19.772725777601945,,17.582057089080358
Vater,169,SignDomainRawInit,True,30.644236085460484,,13.238574397514077,22.942900342419506,30.865997091628785,19.85094636561811,,13.238574397514075
Vater,171,SignDomainRawInit,True,33.223807913857314,,11.193741056247624,24.92676668840863,32.19727110376598,21.964160157671614,,11.193741056247624
Vater,173,SignDomainRawInit,True,33.34700576131077,,13.191891283352742,25.63468672268866,32.54316937547294,22.595324960231704,,13.191891283352742
Vater,175,SignDomainRawInit,True,32.938376865953515,,13.690890409797245,25.34657431249468,32.45941212104902,22.362760327039734,,13.690890409797245
Vater,177,SignDomainRawInit,True,32.76979017631505,,12.43265234569129,23.159333970549145,33.008751037665306,20.081459654623757,,12.43265234569129
Vater,179,SignDomainRawInit,True,32.63038427142801,,11.114855405587763,23.74766132512363,35.62704279175937,20.473558585904566,,11.114855405587761
Vater,181,SignDomainRawInit,True,33.54163363722177,,12.381661879710432,25.383005930582243,38.77813371712467,21.820010419331943,,12.381661879710432
Vater,183,SignDomainRawInit,True,33.00204164190114,,12.824473020178479,25.640472583249796,39.33701129561303,21.98855052419053,,12.824473020178482
Vater,185,SignDomainRawInit,True,35.062973603294196,,13.996569449074732,28.62130512870636,45.30981622643472,24.365397505821246,,13.996569449074732
Vater,187,SignDomainRawInit,True,33.354384113330575,,12.071331000938027,27.33059283396964,42.317177296644864,23.368513049055206,,12.07133100093803
Vater,189,SignDomainRawInit,True,35.085026839964144,,14.490007194687927,28.99380639064952,46.37054885522071,24.558884055883567,,14.490007194687927
Vater,191,SignDomainRawInit,True,35.3201554792993,,13.029476314522844,30.93589341523542,49.778559011941155,26.069002906096408,,13.029476314522844
Vater,193,SignDomainRawInit,True,35.287618370314135,,12.872768224491915,30.625476741771546,49.511819670866544,25.817600910240802,,12.872768224491915
Vater,195,SignDomainRawInit,True,35.55387461929764,,12.738805656938608,30.790149498000545,49.80780860035967,25.95493090410369,,12.738805656938608
Vater,197,SignDomainRawInit,True,35.190268497553156,,12.501298930811542,29.809009393144226,48.99130204079156,25.044299319020638,,12.501298930811542
Vater,199,SignDomainRawInit,True,35.241459150116675,,12.96436583458488,30.639825987190143,49.68716734964897,25.825499026662317,,12.96436583458488
Vater,201,SignDomainRawInit,True,35.495681290338894,,13.202653744528282,31.099743325456696,50.40874594643489,26.196057334267177,,13.202653744528279
Vater,203,SignDomainRawInit,True,36.85687728804911,,13.21337023928055,31.525745644715588,51.62822676060646,26.52701415867915,,13.213370239280549
Verschieden,142,SignDomainRawInit,False,34.00118351311632,13.791948252683975,9.709024858043007,25.038250106507267,28.072703960046496,22.850526606080308,13.791948252683975,9.709024858043007
Verschieden,144,SignDomainRawInit,False,34.34392676783953,12.959003949328405,14.08505858504409,22.952039599215638,28.32257832234913,20.650209839253073,12.959003949328405,14.085058585044093
Verschieden,146,SignDomainRawInit,False,35.885576726760966,19.483440775074282,10.804034306009587,24.895578601178354,32.436112192907245,22.11449323559175,19.483440775074282,10.80403430600959
Verschieden,148,SignDomainRawInit,False,40.84387106438021,20.22015141016487,12.36347740767395,26.44714151769523,35.108172198566486,23.371838849140406,20.22015141016487,12.363477407673953
Verschieden,150,SignDomainRawInit,False,40.2400075577705,21.720818670306915,18.95791631321798,28.59611975097184,35.62631154061684,25.430923459088387,21.720818670306915,18.95791631321798
Verschieden,152,SignDomainRawInit,False,38.682665669188985,18.807281595773823,21.566330720138218,30.271076932438714,37.92988428891955,26.94056841213621,18.807281595773823,21.566330720138218
Verschieden,154,SignDomainRawInit,False,39.6764529668855,22.059340995116457,17.20752211781449,34.497610869914176,37.540602725641115,31.123463611161842,22.05934099511646,17.20752211781449
Verschieden,156,SignDomainRawInit,False,40.50605760423839,23.602523846995844,17.221619318899478,36.84259565480429,40.46881539565546,33.15893363293145,23.602523846995844,17.221619318899485
Verschieden,158,SignDomainRawInit,False,40.357263644101984,22.00589760494778,16.99481142685054,36.521852121798204,39.36880957101651,32.95791028514144,22.00589760494778,16.99481142685054
Verschieden,160,SignDomainRawInit,False,41.33133970100044,19.07880429098025,18.06799114806024,37.909069123109546,39.16480463500567,34.50133126844088,19.07880429098025,18.067991148060248
Verschieden,162,SignDomainRawInit,False,40.84859297537635,17.365209231707645,14.799724570687806,35.50473483249019,41.59291425969307,32.08999274856913,17.365209231707645,14.799724570687806
Verschieden,164,SignDomainRawInit,False,38.76475718499041,20.878292998428662,18.827858382577638,31.6153291371033,38.45155103232934,28.673183399607424,20.878292998428662,18.827858382577634
Verschieden,166,SignDomainRawInit,False,40.214837158504665,20.778084953544983,16.188009504985242,30.516109201625813,39.45524411045263,27.634060130785148,20.778084953544983,16.188009504985242
Verschieden,168,SignDomainRawInit,False,37.87955494639216,16.00931052355642,14.154397977911694,29.37678736630277,35.90187586711517,26.880037820140686,16.00931052355642,14.15439797791169
Verschieden,170,SignDomainRawInit,False,34.66967257778717,14.80318295752326,16.128987506237976,25.37257214449762,31.17062268358482,22.967684506948846,14.80318295752326,16.128987506237976
Verschieden,172,SignDomainRawInit,False,34.83758050680705,15.067183988542782,16.882709946005843,26.006657181182863,32.0701027602252,23.38740822658233,15.067183988542785,16.882709946005846
Verschieden,174,SignDomainRawInit,False,35.470701202849376,15.897705849715262,15.763320334601763,26.377799390368555,32.58191249360336,23.92321458545242,15.897705849715262,15.763320334601763
Verschieden,176,SignDomainRawInit,False,38.102242259954615,17.97684564653331,18.13296027056175,28.654000354075528,38.30165562238959,25.696946051626057,17.97684564653331,18.13296027056175
Verschieden,178,SignDomainRawInit,False,38.92908034745077,19.801951319063498,20.76952602344786,29.0335645462782,36.83944281385691,25.998981960759643,19.801951319063498,20.769526023447856
Verschieden,180,SignDomainRawInit,False,37.463706078545364,19.702015832374222,18.040273206876016,29.868229558029284,36.62981594395757,26.83613500888047,19.702015832374222,18.040273206876016
Verschieden,182,SignDomainRawInit,False,37.931385582148835,23.285159129030006,17.98199523895052,31.361088647470122,36.690487833627735,28.1113748282012,23.285159129030006,17.98199523895052
Verschieden,184,SignDomainRawInit,False,36.9995880735291,19.5153161368873,16.5391852582111,31.85667154098875,35.278376076186724,28.833442607194236,19.515316136887296,16.539185258211102
Verschieden,186,SignDomainRawInit,False,37.16580320445964,21.260405919729855,16.641520983297603,31.90453670312241,35.38201837309278,28.751312186363027,21.260405919729855,16.641520983297603
Verschieden,188,SignDomainRawInit,False,39.39637306251308,21.528674739063245,15.901031107433749,32.25522975292315,36.41931025810796,29.218802452906566,21.528674739063245,15.901031107433745
Verschieden,190,SignDomainRawInit,False,38.893576104857786,20.746098700903485,18.036815593438874,31.8225956718827,39.08030675561105,28.63527546557577,20.746098700903485,18.036815593438874
Verschieden,192,SignDomainRawInit,False,37.953402193078055,18.943681402711555,18.520674864989388,29.06387279646466,37.183889612575406,25.86513720159764,18.943681402711555,18.520674864989388
Verschieden,194,SignDomainRawInit,False,37.31500055308803,18.273517630091984,15.41744265212881,27.71826106648946,35.57792967337283,24.884180079996195,18.27351763009199,15.417442652128813
Verschieden,196,SignDomainRawInit,False,38.16838697617771,12.509672833689917,12.187092778278943,29.32841827943257,36.307219397529664,26.424122107343575,12.509672833689917,12.187092778278943
Verschieden,198,SignDomainRawInit,False,36.68004163974073,12.908574775606048,12.703282245779878,27.821524706022124,30.888607093968325,25.47166885291343,12.908574775606048,12.703282245779878
Verschieden,200,SignDomainRawInit,False,36.87576631199662,13.3836594059118,13.419340334156193,28.254623723422792,33.13193084644645,25.641708007796876,13.383659405911798,13.419340334156193
Verschieden,202,SignDomainRawInit,False,36.86220557834256,23.171373929336497,15.00691140524879,26.47539126262386,33.15597409377202,23.727661743263926,23.171373929336497,15.006911405248793
Verschieden,204,SignDomainRawInit,False,39.66765529787535,19.25647733210073,20.581983276781237,28.104723390599887,35.908262683062716,25.122927931933894,19.25647733210073,20.581983276781244
Verschieden,206,SignDomainRawInit,False,39.209260902101924,19.279948372528512,18.406235697320025,28.888128042618433,35.291388003452,25.91503448904284,19.279948372528512,18.40623569732002
Verschieden,208,SignDomainRawInit,False,40.048207418226134,19.012653661441473,16.702625347406393,31.93386167978729,35.615868961386866,28.93835970578594,19.012653661441473,16.702625347406393
Verschieden,210,SignDomainRawInit,False,39.50947696867545,22.72640970221868,17.594435724616595,33.85176369349023,35.59123428326556,30.86941744239768,22.72640970221868,17.59443572461659
Verschieden,212,SignDomainRawInit,False,39.50516616989735,21.70882960228176,17.380308434896417,34.02660769900175,35.85282953586988,31.051057559659984,21.70882960228176,17.38030843489642
Verschieden,214,SignDomainRawInit,False,39.68708270043087,18.181089564138908,16.977652742042558,34.96840005045745,38.74799992965827,31.790759600222373,18.181089564138915,16.97765274204256
Verschieden,216,SignDomainRawInit,False,39.21605238450415,18.872685008871205,17.078614873531734,34.695084703241925,38.359461305861274,31.496570826396606,18.872685008871205,17.078614873531734
Verschieden,218,SignDomainRawInit,False,38.081133157736375,18.75930858756128,16.808452645918678,31.285679313944616,33.90404998610585,28.635314582508823,18.75930858756128,16.808452645918678
Verschieden,220,SignDomainRawInit,False,38.61531899871057,17.788801678092124,16.70057139987654,32.95450794741853,35.9913916770081,30.036248151313305,17.78880167809212,16.70057139987654
Verschieden,222,SignDomainRawInit,False,38.46744798089399,17.659562544023665,16.98114186016058,32.30382482634943,35.291129104292885,29.424276448254517,17.659562544023665,16.98114186016058
VorsichtPassAuf,147,SignDomainRawInit,False,47.39676999124442,12.058884082124644,23.89704964870122,38.50881379767635,44.25735027557423,35.121067410978945,12.058884082124644,23.89704964870122
VorsichtPassAuf,149,SignDomainRawInit,False,55.20858440398887,11.66380837676748,21.547402387348516,42.489691152171225,43.93094290938158,39.29190469792412,11.66380837676748,21.547402387348516
VorsichtPassAuf,151,SignDomainRawInit,False,48.02328249782292,8.720767508663961,17.602197571732813,36.582060681555404,37.09842812570761,33.82793023072299,8.72076750866396,17.60219757173281
VorsichtPassAuf,153,SignDomainRawInit,False,42.954584452811076,7.311401507638521,16.588866800576113,29.99215638278575,30.950964654729674,27.714993731065643,7.311401507638525,16.588866800576113
VorsichtPassAuf,155,SignDomainRawInit,False,43.36087244146308,7.462833623172659,11.156270489824413,25.67080037922407,28.443094078226594,23.640869740787178,7.462833623172658,11.156270489824413
VorsichtPassAuf,157,SignDomainRawInit,False,30.2593957235239,8.393468247729484,11.38132179210855,18.986368347149227,27.884005031120356,16.70372070298477,8.393468247729482,11.381321792108546
VorsichtPassAuf,159,SignDomainRawInit,False,28.244460109720258,8.813059454745295,11.539242158329854,18.85142101831137,25.51813576629893,16.65986721985679,8.813059454745295,11.539242158329857
VorsichtPassAuf,161,SignDomainRawInit,False,27.228846261056454,10.06527339700749,10.820698578295909,17.362390976895217,25.362245910163214,15.314226383380438,10.06527339700749,10.820698578295906
VorsichtPassAuf,163,SignDomainRawInit,False,28.112935415648654,14.808042005934636,11.606634138228815,17.92687771615868,26.1098593832218,16.05964581302563,14.808042005934636,11.606634138228815
VorsichtPassAuf,165,SignDomainRawInit,False,26.650571020472658,18.27070611524146,12.09966402840803,18.490521678923617,27.26714477856137,16.53390722709433,18.270706115241463,12.09966402840803
VorsichtPassAuf,167,SignDomainRawInit,False,29.29254971758914,21.843620271330103,12.067110408494626,20.30963647740353,30.88027857126923,17.890987843648396,21.84362027133011,12.067110408494626
VorsichtPassAuf,169,SignDomainRawInit,False,30.14290828343423,21.26128255475492,12.50787454057439,19.737348736173715,29.378371031969802,17.419382108534403,21.26128255475492,12.50787454057439
Waschen,131,SignDomainRawInit,False,38.297694879549354,19.77521409501748,12.330529678714415,23.233954999551717,31.940782567483026,21.035825565727727,19.77521409501748,12.330529678714411
Waschen,133,SignDomainRawInit,False,39.060379882051876,19.475712150580048,13.180395046460559,24.02553558951766,33.08546983264623,21.6705549496307,19.475712150580048,13.180395046460559
Waschen,135,SignDomainRawInit,False,40.362466183164784,19.4003538056718,13.930507118743758,24.33917533406904,34.21495701730376,21.806373144542196,19.4003538056718,13.930507118743762
Waschen,137,SignDomainRawInit,False,41.64570531462377,20.87748595329342,12.552250613536998,24.4056158739417,34.615146521523144,21.8506995285991,20.87748595329342,12.552250613537
Waschen,139,SignDomainRawInit,False,41.63638971349558,21.91354820637672,11.269014819405143,23.148450553443478,32.702935394530016,20.9026248381103,21.91354820637672,11.26901481940514
Waschen,141,SignDomainRawInit,False,40.066069460596616,23.39852439002389,13.998223220447445,22.834804690222775,32.25824193472625,20.513999608138278,23.39852439002389,13.998223220447445
Waschen,143,SignDomainRawInit,False,40.37662613502706,24.230290415746413,13.876283779133049,23.074125063443113,33.029837794815336,20.8330750281181,24.230290415746413,13.876283779133049
Waschen,145,SignDomainRawInit,False,42.19052494414929,22.6311178339017,15.777492345697897,23.671188376649077,34.10347612773271,21.35164996162748,22.6311178339017,15.777492345697897
Waschen,147,SignDomainRawInit,False,41.32718692732685,23.342974227863643,11.641297007918764,23.635034584993406,33.22337133740363,21.40851737840117,23.342974227863643,11.641297007918764
Waschen,149,SignDomainRawInit,False,39.6831751586564,24.71503402946473,11.18906688753853,23.898905125999065,33.586961602026406,21.613002870034112,24.71503402946473,11.18906688753853
Waschen,151,SignDomainRawInit,False,41.5598021219365,24.38914840403527,13.549614792166423,23.113921256015956,34.32074784450115,20.98639691456106,24.38914840403527,13.549614792166423
Waschen,153,SignDomainRawInit,False,39.38221489084313,25.132565746586128,12.775095518199354,22.907529028016135,32.58630445968563,20.668691722543223,25.132565746586128,12.775095518199354
Waschen,155,SignDomainRawInit,False,38.97603186250623,24.35275886708077,12.411195468274611,23.19295709846239,33.08068730304967,20.913773066139825,24.35275886708077,12.411195468274608
Waschen,157,SignDomainRawInit,False,38.66731305505834,22.012128374129468,13.258212336824037,22.983861512711805,33.13135358012789,20.761337867450422,22.012128374129468,13.258212336824036
Waschen,159,SignDomainRawInit,False,41.09224395081144,21.679315070460508,12.148262148197798,23.423379717665405,34.29196196108842,21.187543502635208,21.679315070460508,12.148262148197798
Waschen,161,SignDomainRawInit,False,39.559040257514475,22.96926479175219,13.089922426991825,23.50288379824083,34.07764213079426,21.31516403812771,22.96926479175219,13.089922426991828
Waschen,163,SignDomainRawInit,False,39.71175232358825,23.053554655427128,13.031683099407076,23.6912453004098,34.8536581485982,21.347471140671654,23.053554655427128,13.031683099407076
Waschen,165,SignDomainRawInit,False,39.24282282762447,23.22267104704094,13.19040737812604,23.018206724802226,33.29617922152924,20.663773776734544,23.222671047040937,13.190407378126038
Waschen,167,SignDomainRawInit,False,37.69165155745246,23.376810001097127,12.688730547974588,23.484511181160606,32.86424360241321,21.05386375477888,23.376810001097127,12.68873054797459
Waschen,169,SignDomainRawInit,False,39.69854773228808,23.2468228619695,12.228110860865694,24.077270220835292,34.56044305817058,21.594463746006273,23.246822861969505,12.228110860865694
Waschen,171,SignDomainRawInit,False,39.85695279302296,22.886381490371054,13.207476615084348,23.456275269361043,34.511849696010714,20.89328454901465,22.886381490371054,13.20747661508435
Waschen,173,SignDomainRawInit,False,39.39017578821308,23.130243898417152,13.921252101608658,23.489320200561345,34.55601507428773,21.028200826127847,23.130243898417152,13.921252101608658
Waschen,175,SignDomainRawInit,False,40.286304997461805,22.943861258017122,13.480219836827244,23.505774018839137,34.723760737258885,21.029607967021374,22.94386125801712,13.480219836827244
Waschen,177,SignDomainRawInit,False,39.33044907834708,22.893178319279073,13.11638260086502,23.214435925218243,33.960426399926334,20.751184729481494,22.893178319279073,13.116382600865025
Waschen,179,SignDomainRawInit,False,39.62333423569243,22.24976287577196,13.160409470230016,23.417980909906973,34.146178516490366,20.953727415036788,22.249762875771953,13.160409470230016
Waschen,181,SignDomainRawInit,False,38.691502967337044,22.72706787244972,11.670970884059752,22.941651029415386,32.63790717533171,20.559677615898327,22.72706787244972,11.670970884059752
Waschen,183,SignDomainRawInit,False,39.906691677430054,22.414461915910007,11.553080969614015,22.85073817404188,32.9612176151677,20.463957062730216,22.414461915910007,11.553080969614012
Waschen,185,SignDomainRawInit,False,39.517071077632906,22.90436085173956,11.751575171504951,22.91171497499133,33.170576896125546,20.543384352141043,22.90436085173956,11.751575171504951
Waschen,187,SignDomainRawInit,False,39.16118170796999,23.009432677118024,11.897836754741768,23.029815516591658,33.46875365163624,20.63853387204979,23.009432677118028,11.897836754741768
Widerspruch,134,SignDomainRawInit,False,35.66539701859155,14.228949182602248,11.994994041309559,21.350806550714,31.867097728416486,18.795491777587124,14.228949182602248,11.994994041309559
Widerspruch,136,SignDomainRawInit,False,37.34322968924046,14.368554015211442,11.912930011270896,18.992994618894755,28.71831795372873,16.92918281049185,14.36855401521144,11.912930011270895
Widerspruch,138,SignDomainRawInit,False,37.956470007047606,13.839322703311048,8.645870298329589,19.435223086478548,27.880572753887353,17.423741679370423,13.839322703311053,8.645870298329589
Widerspruch,140,SignDomainRawInit,False,37.2793718947057,15.267949964246643,10.970329477427098,23.069294146368346,33.94605673899583,20.480107575325466,15.267949964246641,10.9703294774271
Widerspruch,142,SignDomainRawInit,False,34.69733100532174,14.275800072637212,8.426315371497953,23.260560423100387,34.44431175550817,20.641238818587517,14.275800072637214,8.426315371497953
Widerspruch,144,SignDomainRawInit,False,35.2683036522192,14.128308480392544,9.895277454802144,26.172235387005397,39.27635045746756,23.570784210336846,14.128308480392544,9.895277454802144
Widerspruch,146,SignDomainRawInit,False,36.13721023369521,13.640806215464158,9.757055151327355,24.47297617231502,37.21052047078952,21.964062866351195,13.640806215464158,9.757055151327355
Widerspruch,148,SignDomainRawInit,False,31.581546419464612,14.438358655074948,9.708532484650682,21.759656235150143,32.967262845745005,19.200701959662915,14.438358655074948,9.708532484650684
Widerspruch,150,SignDomainRawInit,False,30.7482111973671,14.49855557173474,11.543082324264288,21.077064155156677,32.222507192298394,18.783237043225682,14.49855557173474,11.54308232426429
Widerspruch,152,SignDomainRawInit,False,33.35126242362517,13.988684860498156,11.399106020316749,24.939701065913823,38.130427331172406,21.642191226841977,13.988684860498156,11.399106020316747
Widerspruch,154,SignDomainRawInit,False,33.10081703143972,14.400976430844786,12.286624466628357,24.187727468038347,36.64529914816108,21.12329176747075,14.400976430844784,12.286624466628357
Widerspruch,156,SignDomainRawInit,False,32.43021662555647,14.31924369840821,12.028318453256286,24.206541729366432,36.446564934408734,21.120089936473054,14.319243698408208,12.028318453256292
Widerspruch,158,SignDomainRawInit,False,32.16865944832871,14.272024432223203,11.597025904857073,24.203599963654664,35.598776710154084,21.266314461025274,14.272024432223201,11.597025904857073
Widerspruch,160,SignDomainRawInit,False,32.16559005202257,14.459559191149086,9.803348106817033,24.637669049233324,35.81795579473734,21.702952794650212,14.459559191149086,9.803348106817033
Ziel,126,SignDomainRawInit,False,46.55581292047379,15.584613965242019,18.01306115719438,45.62681803805426,71.64992807427463,39.094696630570965,15.584613965242017,18.01306115719438
Ziel,128,SignDomainRawInit,False,45.7066972040843,17.550969089444205,15.549476103154491,43.87080455751254,72.3644596955088,37.34127533582498,17.550969089444205,15.549476103154491
Ziel,130,SignDomainRawInit,False,46.297836279334625,17.47546113024678,14.159274210470043,42.56118269395438,71.68892665860035,36.150765764022495,17.475461130246778,14.159274210470045
Ziel,132,SignDomainRawInit,False,46.70665080798644,14.931500791945613,13.221616897717036,42.996645237755764,71.56285389721606,36.40682491242524,14.931500791945611,13.221616897717036
Ziel,134,SignDomainRawInit,False,47.1586733424326,15.352307740569726,12.886743816979367,42.03841504112811,70.0026488447335,35.655830634411984,15.352307740569726,12.886743816979362
Ziel,136,SignDomainRawInit,False,46.23358864822962,15.732483084478787,11.87776128579484,40.260947942657154,66.0292999985293,34.58597852114295,15.73248308447879,11.877761285794836
Ziel,138,SignDomainRawInit,False,42.451232198078976,18.203580929080058,11.556985105378859,34.41000681468344,54.833093330071996,29.566422056900485,18.203580929080054,11.556985105378859
Ziel,140,SignDomainRawInit,False,42.72740718607201,17.47362443377105,11.217018186601003,34.59938795848586,55.964883610739115,29.683852356302815,17.47362443377105,11.217018186601003
Ziel,142,SignDomainRawInit,False,38.95581816472722,16.922946247940303,11.002401828586482,32.276126998255506,47.113906532451104,28.122324945054526,16.922946247940303,11.002401828586486
Ziel,144,SignDomainRawInit,False,39.779184900246705,16.587627861312594,11.62487124638673,33.888975530998536,42.94629745232109,30.12161612124414,16.587627861312594,11.62487124638673
Ziel,146,SignDomainRawInit,False,39.7138194621434,15.32422152778618,12.333895534457236,32.748708236382676,42.00390172251133,29.20981912636939,15.324221527786177,12.33389553445724
Ziel,148,SignDomainRawInit,False,42.22510449218867,17.19703662903576,11.991500263889586,36.53100551447798,43.51902571314743,32.81938662377707,17.19703662903576,11.991500263889586
Ziel,150,SignDomainRawInit,False,40.566372976608285,18.074455793203608,12.10646678235016,33.844112681489605,39.03195216026658,30.62359598405773,18.07445579320361,12.10646678235016
Ziel,152,SignDomainRawInit,False,40.04340333132501,16.986086325579006,12.78649108767186,33.675280892442395,39.002728808287074,30.543650383277843,16.986086325579006,12.78649108767186
Ziel,154,SignDomainRawInit,False,38.616814518698334,16.865473515914786,14.159679847523343,31.808857063165185,39.078550151702544,28.56773916986601,16.865473515914786,14.159679847523343
Ziel,156,SignDomainRawInit,False,39.227242043479755,17.786001243453143,14.455763290034923,32.03672976086664,36.56026005025709,29.216393977256896,17.786001243453143,14.455763290034927
Ziel,158,SignDomainRawInit,False,39.55681303969361,15.581322307916688,15.108582149287708,32.95118900313706,39.4912315838876,29.71914694090706,15.581322307916684,15.108582149287702
Ziel,160,SignDomainRawInit,False,39.306728290256494,15.953342014547168,14.402335358775462,32.11943702962909,38.52326737639206,29.015581069549608,15.953342014547164,14.402335358775462
Ziel,162,SignDomainRawInit,False,38.67832978718141,17.773837718284753,13.932280508583517,31.830068132435898,38.622818693485684,28.6953340987674,17.773837718284756,13.932280508583517
Ziel,164,SignDomainRawInit,False,39.08599583105494,15.987864807968725,13.520469499681033,31.701523188020804,38.68750407023855,28.549927350351336,15.987864807968721,13.520469499681033
Ziel,166,SignDomainRawInit,False,38.716712318364245,16.97894833173601,13.921167483840147,30.212598376809797,36.62191547390326,27.27156350888955,16.97894833173601,13.921167483840147
Ziel,168,SignDomainRawInit,False,39.352664015117135,17.511759611405346,13.167121797812626,30.873936184347613,37.10152151568828,27.8242618504126,17.511759611405342,13.167121797812626
Ziel,170,SignDomainRawInit,False,40.39759276533809,18.627788906395544,13.281087006828422,32.029422865110696,38.252476806471236,28.849639604894154,18.627788906395544,13.281087006828422
Ziel,172,SignDomainRawInit,False,40.28564544773888,17.644003721181576,13.455711216655525,32.18575645876287,38.1749527499068,28.982645532159417,17.644003721181576,13.455711216655521
Ziel,174,SignDomainRawInit,False,39.9357160936291,17.852724137313903,14.027587774532737,33.46394021447951,38.54857366995054,30.275136234793607,17.852724137313906,14.027587774532737
Ziel,176,SignDomainRawInit,False,39.877353348040806,17.906119826155972,13.794781957169445,33.00724488698746,38.173358909899804,29.83824544302248,17.90611982615597,13.794781957169445
Ziel,178,SignDomainRawInit,False,40.37371028445367,17.98723517055468,13.661694435615633,33.281357005244416,38.82584377435199,30.00837793521712,17.987235170554683,13.661694435615633
Ziel,180,SignDomainRawInit,False,39.51938503598894,17.911869080302893,13.967594543118896,32.217242860008646,37.68421478296965,29.059761140560727,17.911869080302896,13.9675945431189
Ziel,182,SignDomainRawInit,False,38.976370934289264,18.092465087310618,14.194196659828014,32.106785244560136,37.656600367108936,28.937495355378207,18.092465087310618,14.194196659828012
Ziel,184,SignDomainRawInit,False,39.59607295101902,17.887810864628438,14.491452905956923,32.46349907530069,37.55364330749767,29.351781224071257,17.887810864628438,14.491452905956923
reparieren,119,SignDomainRawInit,False,37.72999624207336,15.214777129952981,10.221515848866552,21.666365362138674,27.632379559274213,20.012166383355886,15.214777129952981,10.221515848866554
reparieren,121,SignDomainRawInit,False,36.4220193171759,15.636951091369061,9.98630175297857,24.076999982081247,31.009713345792353,22.244641284405414,15.636951091369061,9.986301752978568
reparieren,123,SignDomainRawInit,False,38.0265847531066,14.710945334341826,8.791830903935558,22.50108842757018,31.198325834802795,20.817835008583156,14.710945334341822,8.791830903935562
reparieren,125,SignDomainRawInit,False,36.482322758131836,13.537230917799171,9.510779603879305,26.23185963815992,35.9729200007331,23.688239459847512,13.537230917799173,9.510779603879305
reparieren,127,SignDomainRawInit,False,36.32578635996929,13.974388609389548,10.162348052105974,27.363706228776692,37.80673745218746,24.550260631199833,13.974388609389546,10.162348052105974
reparieren,129,SignDomainRawInit,False,35.627865905462514,13.902490938721476,10.995359038865507,26.86982924679263,37.31879795373757,24.13215567487509,13.902490938721478,10.995359038865505
reparieren,131,SignDomainRawInit,False,35.05249392595574,12.987367838755953,10.682449237988722,24.84906305588557,34.10407057982719,22.56933409984153,12.987367838755953,10.68244923798872
reparieren,133,SignDomainRawInit,False,37.18656442934113,14.500094413583403,10.741448262509683,24.482459804889537,34.68552830255369,22.010312308010526,14.500094413583406,10.741448262509683
reparieren,135,SignDomainRawInit,False,39.573973200271496,15.01439918178384,9.762472602733675,22.33668188272794,32.34052388224103,20.249059944342534,15.01439918178384,9.762472602733675
reparieren,137,SignDomainRawInit,False,41.920386186893914,14.832590005981963,9.904113360358828,22.275743685582427,32.968614614346855,20.346763915664045,14.832590005981963,9.904113360358828
reparieren,139,SignDomainRawInit,False,38.51507935736971,16.123668216866538,9.020715517996448,21.577416062447853,29.578296707368445,19.890119905715707,16.123668216866538,9.020715517996447
reparieren,141,SignDomainRawInit,False,37.951055958262224,13.643667470506934,8.19182593768444,24.34707752521107,34.147094901697336,22.043580528830404,13.643667470506934,8.19182593768444
reparieren,143,SignDomainRawInit,False,37.28543635117203,14.05960730240794,10.492596213192703,24.802203926655892,34.37610615602304,22.60774137260332,14.05960730240794,10.492596213192703
reparieren,145,SignDomainRawInit,False,36.97572085583535,13.069066913310225,10.473713997113531,26.141381457747602,36.19329381983444,23.864512723005326,13.069066913310225,10.473713997113535
reparieren,147,SignDomainRawInit,False,36.74137399855035,13.248995831508644,12.095802077164873,25.784721110199424,35.352034919848826,23.628334887094198,13.248995831508648,12.095802077164873
reparieren,149,SignDomainRawInit,False,35.83947646508539,14.407036278207118,12.265305088718376,23.719292532357862,32.72779467611078,21.725768156610332,14.40703627820712,12.265305088718382
reparieren,151,SignDomainRawInit,False,36.67434937153531,14.459611259239969,10.764474937340472,23.37779242131659,32.817831492898975,21.25763131642336,14.459611259239967,10.764474937340472
reparieren,153,SignDomainRawInit,False,38.01910440870761,15.038893638401785,10.196401126470654,21.063449601334657,28.96904143917787,19.277069734845902,15.038893638401785,10.196401126470652
reparieren,155,SignDomainRawInit,False,38.24767953006321,15.519586915587666,9.286773986289669,21.39957570699587,31.301684585846466,19.464734878600233,15.519586915587666,9.286773986289667
reparieren,157,SignDomainRawInit,False,36.02295103572835,16.449395442052435,9.74242251492401,22.449014299677692,30.626510384994827,20.577557027843035,16.449395442052435,9.74242251492401
reparieren,159,SignDomainRawInit,False,35.704307860518576,15.01532599044336,12.173602812342395,23.50867585396839,32.383432714547304,21.3860125606139,15.015325990443356,12.1736028123424
reparieren,161,SignDomainRawInit,False,38.59571155141669,14.007978327235932,10.365474732583362,25.09191187970486,34.55290752602645,22.881429935504816,14.007978327235934,10.365474732583364
