clip_id,frame_id,method,one_handed_class_0,tr_all_mm,tr_left_hand_mm,tr_right_hand_mm,tr_upper_body_minus_face_mm,tr_upper_body_minus_head_mm,tr_upper_body_mm,v2v_left_wrist_mm,v2v_right_wrist_mm
Ablehnen,149,DexAvatar,False,44.241404741214815,12.472519421042119,17.844697994902173,25.754401167995557,37.25279851834932,23.21754497999211,12.472519421042119,17.844697994902173
Ablehnen,151,DexAvatar,False,43.17154247686516,13.355447626500341,19.777909405185195,26.88432189153828,39.05195759352156,24.07439669530207,13.35544762650034,19.777909405185195
Ablehnen,153,DexAvatar,False,45.47564716574462,13.667806272955236,13.041844856275329,28.199816407523677,39.98633662142139,25.27452779074826,13.667806272955236,13.041844856275326
Ablehnen,155,DexAvatar,False,45.90141176070041,14.017176709999958,15.86691186845628,32.18806112401287,49.672446124179984,27.950280260439005,14.017176709999958,15.86691186845628
Ablehnen,157,DexAvatar,False,44.15925882024523,14.40331667821567,13.525961880318274,32.3037206026411,54.551086348563906,27.04195758531695,14.403316678215667,13.525961880318274
Ablehnen,159,DexAvatar,False,47.292757380500916,13.81356782246336,8.17880894551631,30.817685322724614,52.55090801549741,25.740602628504472,13.813567822463359,8.178808945516309
Ablehnen,161,DexAvatar,False,49.949313878633546,15.131716553521672,7.9883813035889695,28.992089621163277,48.97607010593971,24.38534981777955,15.131716553521676,7.988381303588968
Ablehnen,163,DexAvatar,False,45.63236149255358,14.448455689088151,9.694425697694113,29.845914508782236,50.35549765408014,24.998200561650286,14.44845568908815,9.694425697694113
Ablehnen,165,DexAvatar,False,44.56543431974352,12.836291437481782,7.272681362739596,29.336989133135003,49.12897644622082,24.592836169186324,12.836291437481783,7.272681362739596
Ablehnen,167,DexAvatar,False,43.00918232375651,13.037790395707182,7.571904469013527,29.001918257662435,47.022610142772066,24.467901510187342,13.03779039570718,7.571904469013526
Ablehnen,169,DexAvatar,False,40.40993595692119,14.337392870936029,8.048470882811879,27.646340519362315,45.81388964916423,23.286381040646333,14.33739287093603,8.048470882811877
Ablehnen,171,DexAvatar,False,41.46027335103079,13.194590268151515,7.503519992166712,26.629529054319264,43.43895018763814,22.444778022783858,13.194590268151515,7.503519992166713
Ablehnen,173,DexAvatar,False,41.53581587764089,13.729158235554209,7.041516697819345,28.07521205595835,44.99539255738917,23.746133865735054,13.729158235554205,7.041516697819347
Ablehnen,175,DexAvatar,False,41.65691507605416,13.480124095617533,7.462586763272766,27.753897371818887,43.80389098112099,23.551203725883607,13.480124095617533,7.462586763272765
Akzeptieren,124,DexAvatar,False,36.84183398345671,7.060563799109251,6.775200264409856,27.066005618357988,38.87717914590462,23.199618553057018,7.060563799109254,6.775200264409853
Akzeptieren,126,DexAvatar,False,38.363525152545634,7.221611887144349,6.214356421899417,29.227791309691902,39.17769456804368,25.443222214391508,7.221611887144347,6.214356421899415
Akzeptieren,128,DexAvatar,False,38.49732360376217,7.346017930627739,5.964480447722256,30.901234030086716,39.958643561416494,27.095094976311426,7.346017930627735,5.964480447722255
Akzeptieren,130,DexAvatar,False,38.86624703254133,8.135161403287494,6.292515930255312,29.68685382899532,38.02542076403803,26.096823603196455,8.135161403287494,6.292515930255313
Akzeptieren,132,DexAvatar,False,43.27168928509625,9.058365358788409,6.176742042111724,32.323025144757516,38.071696852924774,28.803709042367164,9.058365358788409,6.1767420421117265
Akzeptieren,134,DexAvatar,False,39.26500200398644,8.45232508511392,6.214654839235794,31.678087654306033,37.20996988482571,28.27879690179521,8.452325085113921,6.214654839235791
Akzeptieren,136,DexAvatar,False,43.005837959632274,8.955426287008924,6.387536639112059,34.172611101100784,39.273743810512485,30.536155088711855,8.955426287008924,6.387536639112062
Akzeptieren,138,DexAvatar,False,43.50729092773987,9.645854730177154,6.788601436931415,38.961342565154034,41.90550433925359,35.13373370677443,9.645854730177158,6.788601436931415
Akzeptieren,140,DexAvatar,False,40.21101417007199,9.334833247223852,7.073302373212049,31.770963605053776,38.400994013086056,28.237755082829715,9.334833247223854,7.073302373212049
Akzeptieren,142,DexAvatar,False,39.04044290692143,9.365153000865654,6.73166525768475,28.604798113775402,34.83675931326533,25.466419217666175,9.365153000865652,6.731665257684749
Akzeptieren,144,DexAvatar,False,42.798660259326624,8.846128854396973,6.416572700778111,33.64756725325939,38.42132265118601,30.323206432885623,8.846128854396971,6.416572700778109
Akzeptieren,146,DexAvatar,False,40.93507894891065,7.830358613899241,6.4341943263378845,32.29299816211194,36.07440666837657,29.36334897225755,7.830358613899238,6.434194326337886
Akzeptieren,148,DexAvatar,False,45.534245526328945,7.750140959960692,6.862837793409115,28.604976302639255,36.45457695396577,25.500373713502952,7.750140959960695,6.862837793409114
Akzeptieren,150,DexAvatar,False,41.136978850693765,8.6904466906876,6.267710874751959,24.609786390731205,34.616980426288265,21.451576420430055,8.6904466906876,6.267710874751959
Akzeptieren,152,DexAvatar,False,43.60608549100874,9.085632335247048,6.8532987155869645,27.54376757345145,35.87849591176378,24.27140198179771,9.08563233524705,6.8532987155869645
Akzeptieren,154,DexAvatar,False,43.01844494159061,9.493035112631459,6.583621260883407,24.417384729246322,33.55323386550113,21.44584287668349,9.493035112631459,6.5836212608834055
Akzeptieren,156,DexAvatar,False,40.77541083674789,9.320941361182623,6.636874379111257,22.76037234011431,31.85607017320223,20.253340475532283,9.320941361182626,6.636874379111257
Akzeptieren,158,DexAvatar,False,39.70915188073383,9.415517982413624,6.310504585600281,22.372817561564656,31.209470417028903,19.820514390192738,9.415517982413624,6.310504585600282
Akzeptieren,160,DexAvatar,False,39.26936513604601,8.982841401931118,6.828582730116094,27.22188964236937,31.45056915584967,24.688416695355794,8.98284140193112,6.8285827301160955
Akzeptieren,162,DexAvatar,False,41.578605965131324,9.64104269732211,6.297526859801964,26.83763875355905,33.501781533387295,23.879059207887853,9.641042697322108,6.2975268598019625
Akzeptieren,164,DexAvatar,False,39.324773491365114,8.515211497536924,7.141456704944273,28.255733579855587,34.213586712643846,25.26370969773524,8.515211497536926,7.141456704944271
Akzeptieren,166,DexAvatar,False,41.46566085981528,8.957195494854842,6.5157347255765625,25.18164117786856,31.69797083282718,22.37338481441073,8.957195494854842,6.51573472557656
Akzeptieren,168,DexAvatar,False,42.08976206684198,8.471861402799028,6.777633053009624,24.591102500794218,31.280707438791563,21.83928625110761,8.471861402799028,6.777633053009626
Akzeptieren,170,DexAvatar,False,43.27724652231652,9.193080898041138,6.434333767899004,26.840791438749957,32.82266872000035,23.97594808040253,9.193080898041138,6.434333767899002
Akzeptieren,172,DexAvatar,False,42.39987478370499,8.371149575174709,6.232176179795845,28.19407248085073,33.29329344745709,25.278629536985445,8.371149575174709,6.232176179795842
Akzeptieren,174,DexAvatar,False,43.70301990405533,8.768367161110941,6.418545607582621,27.64623061495141,33.340949692376824,24.67695436000263,8.768367161110941,6.418545607582621
Akzeptieren,176,DexAvatar,False,42.232094126668464,8.886923097712733,6.602395795880425,26.701328998276484,33.275122336916894,23.712130699400245,8.886923097712732,6.602395795880427
Akzeptieren,178,DexAvatar,False,43.113665041191574,9.015794528861816,6.550069723678281,25.39098354941242,33.662533819799606,22.46172187864452,9.015794528861816,6.550069723678284
Akzeptieren,180,DexAvatar,False,41.80847303102165,9.0092509181454,6.518672865270892,26.112800229797415,34.7068240283359,23.092583403750098,9.009250918145401,6.518672865270892
Akzeptieren,182,DexAvatar,False,42.57314981095679,8.993947440583405,6.60906950723466,28.00259473648792,34.24037169014053,25.003661028323563,8.993947440583407,6.60906950723466
Akzeptieren,184,DexAvatar,False,39.38658848058848,8.325746469902159,7.587754156511968,26.065785630434203,33.014671650135064,23.092022683382375,8.325746469902157,7.587754156511967
Arzt,166,DexAvatar,False,41.283990023478886,9.18589509758053,8.644246266656793,21.864924881294108,31.512805361819808,19.855026593987173,9.18589509758053,8.644246266656795
Arzt,168,DexAvatar,False,40.515981062908736,9.757000530235649,8.798374123635156,21.154505681787665,30.79807400005101,19.26666413516682,9.757000530235649,8.798374123635156
Arzt,170,DexAvatar,False,43.185362886869505,9.59549378238642,8.864631324230455,22.11002148393757,31.04978385775025,20.00996625987563,9.595493782386423,8.864631324230457
Arzt,172,DexAvatar,False,43.357688073797526,9.575135370737964,8.418075957217043,21.30748399215906,30.530398614379358,19.215003840125142,9.575135370737963,8.418075957217043
Arzt,174,DexAvatar,False,45.907829278360786,9.522152336549059,8.682341949552713,23.68448042835768,32.19070740203529,21.436357055207704,9.522152336549059,8.682341949552713
Arzt,176,DexAvatar,False,45.417058128944085,9.87575316534646,8.181706045712474,21.78284160832607,31.912548557252737,19.70088229769085,9.875753165346461,8.181706045712474
Arzt,178,DexAvatar,False,44.89802113098454,9.74990539745613,7.802270860964565,21.14650971973912,31.68601833834942,18.94428586463565,9.749905397456136,7.802270860964565
Arzt,180,DexAvatar,False,43.76890866516805,9.854509811999128,7.925670396807161,21.01267047415021,31.257289165495493,19.122199114495565,9.854509811999128,7.925670396807161
Arzt,182,DexAvatar,False,45.655396469257,9.654745980019415,8.51209858885936,20.815603704997777,30.89502802832652,18.357367448722993,9.654745980019419,8.512098588859358
Arzt,184,DexAvatar,False,45.35933136933498,10.235216172897019,8.463038408320017,21.021108552184522,30.776604637408525,18.5241472084011,10.235216172897019,8.463038408320017
Arzt,186,DexAvatar,False,46.58474445404068,10.06574638971596,7.799587749820936,21.604234032223115,30.52300576322208,19.02443524720612,10.065746389715963,7.7995877498209385
Arzt,188,DexAvatar,False,44.980314496835604,9.527072418762176,8.024421535171797,21.23040047468188,31.770554256942724,18.56496640653909,9.527072418762176,8.024421535171797
Arzt,190,DexAvatar,False,47.51039649092356,9.451227698836075,7.6200831197648515,21.933713364418264,30.982263235048922,19.32394554831482,9.451227698836075,7.62008311976485
Arzt,192,DexAvatar,False,49.100828397840694,9.81723317813065,7.740191771711414,21.932546630338816,32.07192327582961,19.258278027880216,9.817233178130651,7.740191771711414
Arzt,194,DexAvatar,False,48.47148802228427,9.153254420576452,7.960178848952681,21.803498227289456,32.03927860788046,19.11605420113427,9.153254420576449,7.960178848952681
Arzt,196,DexAvatar,False,46.25141174136705,9.680439879687798,8.227229487311078,21.81270737899327,31.920916313957047,19.221520906842073,9.680439879687798,8.227229487311078
Arzt,198,DexAvatar,False,47.25850356975988,9.917437690701142,7.88229917233101,21.9979503419449,31.360531292111666,19.365005012985765,9.917437690701142,7.88229917233101
Arzt,200,DexAvatar,False,47.95618918421452,9.303523695278693,7.796170033576629,22.244906466548514,31.05887463930754,19.606311420156636,9.303523695278693,7.7961700335766295
Arzt,202,DexAvatar,False,47.833228219311785,9.558604844962025,7.81323738877201,22.804218131116706,31.75143848486209,20.092867693596588,9.558604844962025,7.81323738877201
Arzt,204,DexAvatar,False,46.88193052887107,9.890799641498226,7.945247580738994,22.36577278786695,31.78698959152132,19.6434773078306,9.890799641498226,7.945247580738996
Arzt,206,DexAvatar,False,50.6524360861185,10.14448327327735,7.396953480812885,23.038314491867734,31.998220202788467,20.308335327312047,10.14448327327735,7.396953480812886
AufgebenResignieren,122,DexAvatar,False,44.94682307402751,14.480641075120408,9.643160237778655,38.88213540263212,51.96899599934554,34.26311768908901,14.480641075120406,9.643160237778657
AufgebenResignieren,124,DexAvatar,False,51.90679421126087,17.413058469586037,12.382526164010107,44.71888177953648,51.80731175956383,40.20927397595659,17.413058469586037,12.382526164010113
AufgebenResignieren,126,DexAvatar,False,51.11669379757241,16.73737172826949,13.191566196003285,48.54467135227591,52.482074996155546,44.18748909150217,16.73737172826949,13.191566196003285
AufgebenResignieren,128,DexAvatar,False,51.810642428787986,16.27573718946344,13.569610868716005,46.45339704319983,50.76681616148305,42.36811087170738,16.27573718946344,13.569610868716003
AufgebenResignieren,130,DexAvatar,False,50.41300056143025,15.792135219139976,13.134527308923694,45.68668775042705,50.460571844116195,41.650902854809196,15.792135219139976,13.13452730892369
AufgebenResignieren,132,DexAvatar,False,33.23602211064696,13.657345867990669,13.06468347283148,21.85783846992695,26.609811185209683,20.561191193322557,13.657345867990669,13.06468347283148
AufgebenResignieren,134,DexAvatar,False,32.50453597453849,12.91710665322908,14.274991542689618,23.312843315777982,29.116341252984256,21.6453676021805,12.91710665322908,14.274991542689618
AufgebenResignieren,136,DexAvatar,False,34.69852273564208,11.433327820672536,13.13370180391724,21.885416043827107,30.41522805593358,20.461868860626712,11.433327820672536,13.133701803917235
AufgebenResignieren,138,DexAvatar,False,35.85066601832146,10.488512892221749,11.57121097795334,23.770752190045034,32.28270560377424,21.713394579931983,10.48851289222175,11.57121097795334
AufgebenResignieren,140,DexAvatar,False,36.50284292466398,9.33532889576046,10.101083025482097,22.353536336394043,30.81948780162483,20.592541401599902,9.33532889576046,10.1010830254821
AufgebenResignieren,142,DexAvatar,False,38.37947593244,8.814594848640999,7.218423320151727,26.921036872060867,32.76385418225089,24.665690053650795,8.814594848640997,7.218423320151728
AufgebenResignieren,144,DexAvatar,False,41.2295533285499,7.7262977594326125,7.684853605199631,32.89749875198017,35.85426470677726,30.184794622043917,7.72629775943261,7.684853605199632
AufgebenResignieren,146,DexAvatar,False,41.02296051101208,9.626959967457967,9.410877498340643,31.640862956598404,36.98496598514084,28.313225235074796,9.626959967457964,9.410877498340641
AufgebenResignieren,148,DexAvatar,False,42.477568277522835,11.124777184903984,10.311773487767153,34.59369339554071,41.67254703690329,30.59255952620172,11.124777184903984,10.311773487767152
AufgebenResignieren,150,DexAvatar,False,49.07920812258711,10.812658639395405,12.44179900243376,44.41749093132604,49.34685610188828,39.70217012241139,10.812658639395405,12.441799002433758
AufgebenResignieren,152,DexAvatar,False,43.421336751803324,9.884865439726552,10.887518936556393,35.90393400143743,43.39153238751728,31.789664272108727,9.884865439726553,10.887518936556392
AufgebenResignieren,154,DexAvatar,False,38.749947545767796,10.862235395400514,10.950460175223904,25.848384357729923,41.17800329449178,21.94885061114456,10.862235395400514,10.950460175223906
AufgebenResignieren,156,DexAvatar,False,40.8301985110479,10.995557731365913,10.12762996643834,27.186246712670364,42.18370814042639,23.41801036511384,10.995557731365912,10.127629966438342
AufgebenResignieren,158,DexAvatar,False,39.04044336377766,12.040771884878039,11.321062170903858,26.48300889677174,40.427228907614946,22.743251450832,12.04077188487804,11.321062170903858
AufgebenResignieren,160,DexAvatar,False,38.894492472633594,11.781424096203963,11.399479036308934,27.00022229459791,39.667152181972334,23.393015121656184,11.781424096203965,11.399479036308934
AufgebenResignieren,162,DexAvatar,False,39.94431466104331,10.747922427776262,11.650296688891771,27.72564447035617,41.82488047342945,24.057275757438834,10.74792242777626,11.650296688891771
AufgebenResignieren,164,DexAvatar,False,38.18646239651513,11.42992080513311,11.704478955151133,26.90173165375401,38.23033011589726,23.515601486626213,11.42992080513311,11.704478955151128
AufgebenResignieren,166,DexAvatar,False,39.88023167970118,11.074208151570577,10.720388286526745,26.69017555340817,38.62436318899197,23.208039576600036,11.074208151570577,10.720388286526745
AufgebenResignieren,168,DexAvatar,False,39.30487008257009,11.058600958416577,10.701535670257824,26.619300740929045,40.390266060101744,23.007639311645146,11.058600958416577,10.701535670257824
AufgebenResignieren,170,DexAvatar,False,40.303462706308544,11.28098109742768,10.743495541508734,25.616955023858864,39.77337656005025,21.821826321897486,11.28098109742768,10.743495541508736
AufgebenResignieren,172,DexAvatar,False,43.570052983163954,11.22742426751609,10.461079245127584,27.11498990042854,41.435102932612004,23.290890792994446,11.22742426751609,10.461079245127578
AufgebenResignieren,174,DexAvatar,False,41.87580969223674,11.232307096025,9.613737065330668,28.240965113476573,46.48897243979998,23.82767108527714,11.232307096025,9.613737065330668
AufgebenResignieren,176,DexAvatar,False,42.21474090220819,11.320634849403225,10.153561043611749,31.006543398568084,49.612153022393144,26.35838866836956,11.320634849403225,10.15356104361175
AufgebenResignieren,178,DexAvatar,False,40.67103086098505,11.393556069156112,10.384586125537304,25.839656064223426,39.77458900419696,22.12923035128936,11.393556069156112,10.3845861255373
AufgebenResignieren,180,DexAvatar,False,44.53704960822785,11.119567151741633,9.945382861641598,28.4316098939317,41.53425317874907,24.70226351264776,11.119567151741636,9.945382861641598
AufgebenResignieren,182,DexAvatar,False,37.09264337486841,11.813806562775138,10.926722359379674,27.799757161758357,39.43968652183102,24.115399804564326,11.813806562775138,10.926722359379673
AufgebenResignieren,184,DexAvatar,False,41.15835755471212,10.976005413960683,9.943758253588921,26.46482021482791,40.510920407659874,22.78328371125592,10.976005413960685,9.943758253588921
AufgebenResignieren,186,DexAvatar,False,42.7331610636099,10.740702063871566,10.383298602643746,28.67378976046962,42.16936626136834,24.93781847507307,10.740702063871566,10.383298602643743
AufgebenResignieren,188,DexAvatar,False,38.16443875575601,10.888811403880283,10.58654898481675,26.417095575046623,41.14908837170113,22.554992493953897,10.888811403880279,10.586548984816746
AusgebenGeldVerschwenden,120,DexAvatar,False,45.03102766305364,11.329854795333114,12.898246584581873,22.34860638824943,33.635638282580594,19.67612864489054,11.329854795333112,12.89824658458187
AusgebenGeldVerschwenden,122,DexAvatar,False,45.20228053923354,12.831929063970636,13.492144599300632,27.128573573313155,38.82276296290003,23.977768500561993,12.831929063970636,13.492144599300632
AusgebenGeldVerschwenden,124,DexAvatar,False,43.38036775805021,12.576307064244,12.74717698720714,33.35011200624019,44.7958711091283,29.557823976257705,12.576307064244,12.74717698720714
AusgebenGeldVerschwenden,126,DexAvatar,False,45.7058173356004,11.950969059979334,12.606202885816636,34.5213249919152,48.33919221260319,30.241571968926568,11.950969059979334,12.606202885816638
AusgebenGeldVerschwenden,128,DexAvatar,False,40.235494047299696,15.730405978455948,11.323535339267723,31.656478657400662,46.730924738954606,27.258445759663047,15.730405978455948,11.323535339267723
AusgebenGeldVerschwenden,130,DexAvatar,False,38.596907093241576,13.553529439054408,11.865631541780617,27.038853786577693,43.90751966122604,22.965038382944442,13.553529439054403,11.865631541780617
AusgebenGeldVerschwenden,132,DexAvatar,False,42.36570618839553,13.35007280981412,11.344392159983682,31.575037986339932,48.666127260921165,26.92595465372666,13.350072809814122,11.344392159983684
AusgebenGeldVerschwenden,134,DexAvatar,False,39.223283308881854,10.2723443346842,10.836759054105755,25.228586101125398,39.66097285715342,21.651637923981784,10.2723443346842,10.836759054105757
AusgebenGeldVerschwenden,136,DexAvatar,False,40.55533404885331,11.303117842397064,12.149787438586781,23.938142837680953,37.64735445993068,20.704738927001376,11.303117842397064,12.149787438586781
AusgebenGeldVerschwenden,138,DexAvatar,False,36.52277387834053,12.38084156583909,13.105214817854018,21.595258059037512,32.886189822343646,18.718862906698785,12.380841565839093,13.105214817854016
AusgebenGeldVerschwenden,140,DexAvatar,False,38.096724812106864,12.28806520450798,13.917724533273967,22.28414131535424,31.780886669703282,19.579374037909428,12.288065204507976,13.917724533273965
AusgebenGeldVerschwenden,142,DexAvatar,False,38.1926433761848,12.479617985092315,15.250209907162292,23.039642279096842,32.64131986776276,20.412582065466008,12.479617985092311,15.250209907162292
AusgebenGeldVerschwenden,144,DexAvatar,False,42.30486038094829,12.255080039580388,15.19715692512989,27.579275118113237,34.375785359994566,24.824107273469018,12.25508003958039,15.19715692512989
AusgebenGeldVerschwenden,146,DexAvatar,False,36.44347039236425,11.079251265343503,15.618485242538256,21.30280313795426,32.399471315603414,18.818448731374367,11.0792512653435,15.618485242538256
AusgebenGeldVerschwenden,148,DexAvatar,False,40.46814550765374,12.104648835623328,15.93626609531369,25.654664388320974,37.334114774265394,22.436416355214053,12.104648835623328,15.936266095313686
AusgebenGeldVerschwenden,150,DexAvatar,False,42.76292439429902,12.168399382312595,20.666065270661278,26.736369752946693,41.26976257097361,23.22133082150617,12.168399382312595,20.666065270661274
AusgebenGeldVerschwenden,152,DexAvatar,False,41.32398345290418,12.081325475404604,14.857512741581566,28.39606628262516,44.42503890588154,24.302234883989858,12.081325475404604,14.857512741581566
AusgebenGeldVerschwenden,154,DexAvatar,False,43.375179192069425,12.434461801199069,14.141636774560299,23.60044985948605,38.57225436895333,19.984506995761755,12.434461801199067,14.141636774560293
AusgebenGeldVerschwenden,156,DexAvatar,False,43.18372403510455,11.958998333089273,12.955607301807541,23.09369216256808,36.58631795162565,19.72770347423032,11.958998333089273,12.955607301807541
Auto,104,DexAvatar,False,41.10376364402677,12.190374961744439,15.052798278543612,26.5279961053207,40.950672660302956,23.089343838160094,12.190374961744439,15.052798278543612
Auto,106,DexAvatar,False,40.32579047626413,12.162038261080735,15.13411745576954,27.881141351506407,42.426089557228146,24.65021150071623,12.162038261080735,15.13411745576954
Auto,108,DexAvatar,False,40.54305733734794,12.38680328190704,15.018745642773657,28.671553033900082,39.60957988186193,25.771958820328376,12.386803281907042,15.018745642773656
Auto,110,DexAvatar,False,38.54032614864343,13.326584047677068,13.553084783944692,24.668695071667717,36.57473016996149,22.052004964006084,13.326584047677068,13.553084783944692
Auto,112,DexAvatar,False,35.42373572867394,13.251562535773813,13.768642001820103,25.831976982593435,38.57373251673814,23.106733557925406,13.251562535773807,13.768642001820107
Auto,114,DexAvatar,False,36.7511972014321,14.684765836562164,14.413041892629535,26.17793784875888,34.744080161690974,23.937636803313165,14.68476583656216,14.413041892629531
Auto,116,DexAvatar,False,40.04076926248356,14.998100422136643,13.740545046554656,27.88712270613638,39.17940972149759,25.25442085548558,14.998100422136641,13.740545046554656
Auto,118,DexAvatar,False,39.091183773573206,15.554220863868348,12.6929757746452,29.888831133051387,43.157488712009105,26.405875019945,15.554220863868348,12.692975774645202
Auto,120,DexAvatar,False,41.07965976143021,16.338415599510913,12.202380024578751,32.925555200579765,49.67203809552928,28.939397688849652,16.338415599510913,12.202380024578751
Auto,122,DexAvatar,False,40.76963436317451,15.402567605679023,11.99076542173679,30.257977866648595,46.62596640642306,26.28930307926363,15.402567605679026,11.99076542173679
Auto,124,DexAvatar,False,39.99620694578632,14.22826685423684,12.52990751985433,30.15878072393863,46.79472948325618,26.05861816179298,14.228266854236837,12.529907519854332
Auto,126,DexAvatar,False,38.73493183104241,12.9475293531638,12.741233398493453,28.213438693533117,42.718983373048744,24.358472454328755,12.9475293531638,12.74123339849345
Auto,128,DexAvatar,False,39.882788300860966,11.799652176814666,13.97561370869252,25.308620359881612,36.90597709674628,22.7203857105757,11.799652176814666,13.97561370869252
Auto,130,DexAvatar,False,39.686623344312146,12.150928311200293,14.73092530414781,23.233027412564127,34.54080570279691,20.99303600820443,12.150928311200294,14.73092530414781
Auto,132,DexAvatar,False,35.22814253255523,11.399021795360293,14.787659882987938,23.16129943613504,35.13130743198884,20.369488096760964,11.399021795360293,14.787659882987938
Auto,134,DexAvatar,False,34.2511043228216,11.333086560451932,13.490326100844683,22.145919344161168,31.74164338694712,19.542815199795776,11.333086560451932,13.490326100844685
Auto,136,DexAvatar,False,37.99241776473444,12.717484545927444,14.83972550308786,24.38929592488217,37.58138443696895,21.09041166675684,12.717484545927444,14.83972550308786
Auto,138,DexAvatar,False,36.49932110081145,12.424086779557,14.545472878163997,23.317383368840645,36.59967813703881,20.25323753194895,12.424086779557,14.545472878164
Auto,140,DexAvatar,False,38.15363237622903,12.373386680533153,14.497524591431953,23.352142536698754,35.04960470709313,20.256719073594795,12.373386680533153,14.497524591431954
Auto,142,DexAvatar,False,39.17576916595458,12.658997333059204,14.582619109014558,22.711351054113727,34.23360210439156,20.131936778846434,12.658997333059201,14.582619109014558
Auto,144,DexAvatar,False,36.588017337360384,13.27321595499607,14.504614889587149,22.02696656081502,32.473940318110465,19.788094373053625,13.273215954996072,14.504614889587149
Auto,146,DexAvatar,False,40.196326093368384,12.851164332261316,14.241731652526695,25.420523935672012,37.126003911636566,22.88777095602601,12.851164332261316,14.241731652526695
Auto,148,DexAvatar,False,37.36645431660421,13.626648535550489,14.126767239376539,26.61521690969727,39.27643947685317,23.49354828053333,13.626648535550492,14.126767239376539
Auto,150,DexAvatar,False,36.12226429895195,13.275605297962457,13.114795489183898,25.484177290994744,37.41928855269533,22.22659815191807,13.275605297962457,13.114795489183898
Auto,152,DexAvatar,False,34.29529909135279,13.199770910273392,13.404624748301744,25.196861442360163,36.192457288905814,22.204529763646686,13.199770910273392,13.404624748301744
Auto,154,DexAvatar,False,35.85566207549454,12.6124066500924,13.39595351865721,23.106556595317922,33.64200187379289,20.638299892248376,12.6124066500924,13.39595351865721
Auto,156,DexAvatar,False,35.68390954487298,11.948351751442276,13.061974967705524,24.714148091532355,35.64414754469565,21.850748126080624,11.948351751442273,13.061974967705527
Auto,158,DexAvatar,False,36.08924448745958,12.406956198745812,13.283214450982028,27.274276592984066,39.3098732796235,24.00625556703256,12.406956198745812,13.283214450982026
Auto,160,DexAvatar,False,36.17563695954074,12.603612581921402,13.814115613673112,26.87685585257244,39.77443134409355,23.51945783562446,12.6036125819214,13.814115613673112
Auto,162,DexAvatar,False,35.25412514228138,11.97054543819398,14.026482881827597,24.732574993403226,37.407916757326475,21.576846046063363,11.97054543819398,14.026482881827596
Auto,164,DexAvatar,False,37.76531350747086,13.395917853260375,14.237979135477794,24.431627304690103,37.04274547724354,21.818407251140066,13.395917853260377,14.237979135477794
Auto,166,DexAvatar,False,36.93751903495198,13.397966883942903,14.859341933525274,23.81835550846839,36.01518983196877,21.186818251211452,13.397966883942903,14.859341933525275
Auto,168,DexAvatar,False,38.110577777539966,12.407524821110396,14.01534208010918,25.855838456070565,37.36799994116883,22.80984962742424,12.407524821110396,14.015342080109178
Auto,170,DexAvatar,False,37.85735622334106,13.623461053307661,14.633178283506302,23.9228668467224,36.43029223563537,21.14227367137231,13.623461053307661,14.6331782835063
Auto,172,DexAvatar,False,38.868030477731445,12.886042879363501,14.53579925530515,26.89718639234006,39.40737040033356,23.680772032660254,12.886042879363501,14.53579925530515
BesuchenEinmischen,172,DexAvatar,False,40.786793359356736,19.469826006787795,11.72592816261682,23.08639472654942,35.2606757941779,20.59418573396401,19.469826006787795,11.725928162616817
BesuchenEinmischen,174,DexAvatar,False,38.82409867657618,20.22566188263969,11.386030372382525,24.911314638280388,38.65077323883402,22.210101962086277,20.22566188263969,11.386030372382525
BesuchenEinmischen,176,DexAvatar,False,44.356548858052875,17.519284173615805,10.62875043148881,28.07018576296364,42.08850763451731,24.69137168208179,17.519284173615805,10.628750431488807
BesuchenEinmischen,178,DexAvatar,False,41.877804535629764,19.532567364876623,11.121649742755121,25.77778428023465,40.427082333777776,22.6010637106453,19.532567364876623,11.121649742755121
BesuchenEinmischen,180,DexAvatar,False,40.6414085425916,15.928392432131574,21.82645519793153,22.700129154550133,34.35435309570201,20.186342987616367,15.928392432131574,21.82645519793153
BesuchenEinmischen,182,DexAvatar,False,42.69051092894897,14.297998092345948,12.364355719120926,22.169357587753826,32.90888329379498,19.722977156836226,14.297998092345948,12.364355719120926
BesuchenEinmischen,184,DexAvatar,False,38.19398112216985,14.41902871383109,13.059270206113212,22.445429824833095,33.065380269860555,20.033461494306586,14.419028713831088,13.05927020611321
BesuchenEinmischen,186,DexAvatar,False,37.98272529332662,16.308040518220633,10.734209270184964,21.538477238853776,31.16907329296844,19.235157867071567,16.30804051822063,10.734209270184964
BesuchenEinmischen,188,DexAvatar,False,39.719772577598356,14.769038371804436,12.375908642971968,21.873386309958423,30.849358203185716,19.73825697754179,14.769038371804436,12.375908642971968
BesuchenEinmischen,190,DexAvatar,False,33.332534251260796,16.34438460095759,13.688258793421566,23.708997955764815,31.5159158143068,21.483224460632034,16.34438460095759,13.688258793421562
BesuchenEinmischen,192,DexAvatar,False,34.53157243183506,18.497235668698536,14.46694689899919,24.150843353132487,32.60537760532905,21.7306155733156,18.49723566869854,14.466946898999188
BesuchenEinmischen,194,DexAvatar,False,33.184990293865425,14.847470075979112,10.565428212735661,21.509883788856822,31.9088713477107,19.202118252499247,14.84747007597911,10.565428212735661
BesuchenEinmischen,196,DexAvatar,False,34.923282021504804,18.94107161343656,15.63538651040641,23.538648372242655,33.02943765362393,21.044840401209342,18.94107161343656,15.63538651040641
BesuchenEinmischen,198,DexAvatar,False,34.63660347660068,19.496714746903212,16.246927115635273,24.937959192257175,34.22465482246639,22.336175292023704,19.49671474690321,16.24692711563527
BesuchenEinmischen,200,DexAvatar,False,35.930691992994454,17.51499937765609,16.322146540111106,27.378657385125933,34.33139629938793,24.843649778296445,17.51499937765609,16.322146540111113
BesuchenEinmischen,202,DexAvatar,False,31.305430167160626,15.318829013270134,12.066925089342215,21.21833405123221,31.01575249450176,18.79420050701582,15.31882901327013,12.066925089342215
BesuchenEinmischen,204,DexAvatar,False,34.83727306834323,17.992385451534606,16.955973339668322,25.67458306395482,35.316454005620116,22.993314975695956,17.992385451534606,16.95597333966832
BesuchenEinmischen,206,DexAvatar,False,34.428820285020656,17.297927009374117,16.068152984804264,25.143792373272074,33.642295754972054,22.56895041051527,17.297927009374117,16.068152984804264
BesuchenEinmischen,208,DexAvatar,False,37.249710725807354,18.42338283159531,16.487384045792705,30.00820314003219,36.49172062435777,27.252906692821103,18.42338283159531,16.4873840457927
Blitz,131,DexAvatar,True,34.16011024083943,,15.323048643519854,29.476852224157856,42.634852788160494,25.188920280326492,,15.323048643519854
Blitz,133,DexAvatar,True,35.09688572747516,,14.665373011623009,29.391425246104202,44.90900515382267,24.98720602386808,,14.665373011623009
Blitz,135,DexAvatar,True,33.20240456132568,,14.376534212005984,28.52870360393313,45.637865523022136,24.076994546730862,,14.376534212005986
Blitz,137,DexAvatar,True,37.478852973887186,,13.413960228463495,29.865927337431692,47.51647401894384,25.338910417314338,,13.413960228463495
Blitz,139,DexAvatar,True,33.96925298318124,,13.401981005026085,26.485338356555076,42.703854810045335,22.497672868956855,,13.401981005026087
Blitz,141,DexAvatar,True,36.20230013131455,,12.06758429758172,26.270935606360975,41.54045837429606,22.67388982676135,,12.067584297581716
Blitz,143,DexAvatar,True,37.68168089541651,,12.410379712803932,27.045047210373426,40.484754511727374,23.299145247694053,,12.410379712803927
Blitz,145,DexAvatar,True,37.78970840448483,,12.56825125285886,25.617618578406493,39.07975169145928,22.52929538726722,,12.56825125285886
Blitz,147,DexAvatar,True,39.61581172152637,,12.084570382507712,27.584287531228448,42.49818276510947,24.482394821372182,,12.084570382507712
Blitz,149,DexAvatar,True,37.80271615461417,,11.527500612856992,27.08403185237334,42.43777286866865,23.38100219718192,,11.527500612856988
Blitz,151,DexAvatar,True,39.97198862611882,,11.776932407299125,26.3878194535822,42.01796056919672,22.766136099108316,,11.776932407299125
Blitz,153,DexAvatar,True,39.08035641047159,,10.359827349105576,28.65007560695056,43.197170901068716,24.66614293912964,,10.359827349105574
Blitz,155,DexAvatar,True,36.19929716424099,,10.729081171289028,25.17970381630605,36.862543122951294,21.851540165012423,,10.72908117128903
Blitz,157,DexAvatar,True,35.3956770916401,,10.689474491441977,23.988052504499176,37.22868386331625,20.73679941036766,,10.689474491441977
Blitz,159,DexAvatar,True,40.943527516088565,,11.439672681953871,26.152221389364595,40.02415909408411,22.724304636655607,,11.439672681953866
Blitz,161,DexAvatar,True,39.90029290980182,,13.069088759249789,30.67403368005219,44.84844659052886,26.74705763958676,,13.069088759249789
Blitz,163,DexAvatar,True,35.95789359690356,,14.83557249005227,28.33394121266617,39.14406258459091,24.729722297654135,,14.83557249005227
Blitz,165,DexAvatar,True,39.80664081345695,,14.802377120324921,30.282112275851407,42.79877574789837,26.140764226570056,,14.802377120324927
Blitz,167,DexAvatar,True,44.12381580062357,,15.955421452819147,34.11403428149049,48.64151349806681,29.84644715921181,,15.955421452819147
Blitz,169,DexAvatar,True,44.420033142083376,,16.101852598294734,38.193904099413444,54.13517831384323,33.07556827163531,,16.101852598294734
Blitz,171,DexAvatar,True,44.558640316651136,,16.675680392446825,37.75177503807952,53.49631730683205,32.81534756206719,,16.67568039244683
Blitz,173,DexAvatar,True,44.90886335437435,,16.61420092784013,38.19493203432317,54.23496872963173,33.22532831338997,,16.614200927840134
Blitz,175,DexAvatar,True,42.09835503328574,,16.40887169635659,37.22248402159615,52.39547309089461,32.01246233224131,,16.408871696356595
Blitz,177,DexAvatar,True,40.89922336863034,,16.635251705823748,39.04290177777427,52.84629531884396,33.703360551150546,,16.635251705823748
Blume,121,DexAvatar,False,37.96851347076126,18.38666087083157,10.54573879095302,26.202522263243978,33.23042478372514,23.669364254281255,18.38666087083157,10.54573879095302
Blume,123,DexAvatar,False,43.0967389749259,19.61509186055837,11.173248680821242,26.523412465360177,38.45435099976978,23.789944067336624,19.61509186055837,11.173248680821242
Blume,125,DexAvatar,False,46.61854625108357,19.401364148184154,14.817403222051443,33.26678189232779,45.42079572703154,29.974241997472998,19.401364148184154,14.817403222051443
Blume,127,DexAvatar,False,44.34469465981826,20.282483115258422,8.79009469990764,31.842738217793194,35.96379798879715,29.54414502903944,20.282483115258422,8.79009469990764
Blume,129,DexAvatar,False,47.88345533073038,22.195404953193894,8.656575889477528,29.274976366753894,38.70329947233678,26.72748329272448,22.195404953193894,8.656575889477528
Blume,131,DexAvatar,False,48.79735148344377,21.379117891869427,9.529949190306994,29.229993900967084,38.713306717129846,26.72239802572508,21.37911789186943,9.529949190306997
Blume,133,DexAvatar,False,47.28749394589481,20.743801800402686,9.443623164401394,27.2142518031972,37.25594972926849,24.887842015388404,20.743801800402686,9.443623164401394
Blume,135,DexAvatar,False,51.36040265208419,20.149481749004575,9.309160124485679,26.748685571840433,37.823015693416686,24.41396859530145,20.149481749004575,9.309160124485679
Blume,137,DexAvatar,False,51.945515456259415,20.415669845745526,10.054679139142474,28.00117082889802,39.597524741867915,25.51382224604795,20.415669845745526,10.054679139142475
Blume,139,DexAvatar,False,53.161905462980464,20.36564796304819,10.479832731979858,29.61717216686736,41.085342194536274,26.877105079046853,20.365647963048197,10.479832731979858
Blume,141,DexAvatar,False,46.014576267644564,20.664673861603955,10.512380568754402,27.26842447067481,38.720686705893414,24.545702024725518,20.664673861603944,10.512380568754402
Blume,143,DexAvatar,False,48.94026001301548,21.206144277827903,10.555426594544036,28.289053593295176,39.300773054647856,25.846376531346685,21.20614427782791,10.555426594544036
Blume,145,DexAvatar,False,41.713975950098174,21.617053861048465,10.855191393669056,27.504009724262264,38.43143300351261,24.779357540495926,21.61705386104847,10.855191393669058
Blume,147,DexAvatar,False,47.03615466858774,21.719523444135607,10.513970344281347,27.335812478669098,38.49170375117381,25.0188544102041,21.7195234441356,10.513970344281347
Blume,149,DexAvatar,False,46.69623089312646,20.909979253505906,10.568593702735697,25.956058861405783,37.488206555761614,23.544130045609222,20.909979253505913,10.568593702735697
Blume,151,DexAvatar,False,40.442445677787,21.819289625717428,11.553570158549233,26.662074311020664,35.19056890074083,23.964426901218744,21.81928962571742,11.553570158549233
Blume,153,DexAvatar,False,42.26556250001817,21.944926816670073,10.619801738565242,25.5826773002199,36.23922481138717,23.179532509438083,21.944926816670066,10.61980173856524
Blume,155,DexAvatar,False,40.92947320388768,20.856989195010353,10.878228607045326,26.857089107566964,36.594443127342046,24.395020388213393,20.85698919501035,10.878228607045326
Blume,157,DexAvatar,False,43.71597782056071,21.48253071794485,10.827391285722095,27.05740374562582,37.14096634069703,24.458971080428018,21.48253071794485,10.827391285722095
Blume,159,DexAvatar,False,42.22487783103075,21.78851684234341,11.217917134956283,28.736473892256903,38.10639518800507,26.036265464313935,21.78851684234341,11.217917134956283
Blume,161,DexAvatar,False,43.09728117557646,21.86086147563075,11.236086863891197,28.872722764175684,38.44726572600066,26.212673196132894,21.860861475630745,11.236086863891193
Boese,127,DexAvatar,True,41.21002349537736,,23.326979348026825,34.81240134158808,52.099578189804156,30.12818938031136,,23.326979348026825
Boese,129,DexAvatar,True,45.22608065818738,,25.348863164845813,37.85759855294879,53.763236873445095,33.35391422753073,,25.348863164845813
Boese,131,DexAvatar,True,45.77469444738416,,22.657711988378946,35.255920765875864,46.37838481574026,31.37335990034735,,22.657711988378946
Boese,133,DexAvatar,True,48.63167493775745,,20.639754797113664,36.88932712598809,49.621913288180764,32.84363688983536,,20.639754797113664
Boese,135,DexAvatar,True,46.01335226095098,,22.557570941517437,42.029796462871246,64.35296708841288,36.48977472143574,,22.557570941517437
Boese,137,DexAvatar,True,49.456045922641685,,23.40403631999835,42.49822941186773,64.7431800162385,36.793565955877256,,23.40403631999835
Boese,139,DexAvatar,True,48.976634471391826,,21.900174982590613,39.486322533343966,59.651214691294804,34.4441066115421,,21.900174982590613
Boese,141,DexAvatar,True,41.55747751249296,,23.605470857697338,34.279749533744315,51.274905074952656,30.427699401148885,,23.605470857697338
Boese,143,DexAvatar,True,44.76072342513325,,23.51284858669683,36.39462446940211,50.80382961795567,32.44001632548002,,23.51284858669683
Boese,145,DexAvatar,True,49.25651510650801,,20.936791036645477,39.75275572094301,53.04133216330958,35.555549169900914,,20.936791036645477
Boese,147,DexAvatar,True,46.88900397421091,,21.643417778228173,40.83637730751134,62.85830470501344,35.47603248306732,,21.643417778228173
Boese,149,DexAvatar,True,47.98156727485816,,23.086736098713338,43.32915220600695,66.49504794608002,37.16760797630695,,23.086736098713338
Boese,151,DexAvatar,True,41.94198709028254,,20.60295753497404,36.521753995948835,58.04448366554881,31.155653833470808,,20.60295753497404
Boese,153,DexAvatar,True,44.43160495194487,,21.160388317688433,40.69925557778483,57.658575662294915,35.492739987619146,,21.160388317688433
Boese,155,DexAvatar,True,42.224840034601705,,21.70902077259491,33.351000713661556,49.05612658912626,29.07083832528405,,21.709020772594904
Boese,157,DexAvatar,True,46.19847244981391,,20.729913306509232,34.592881072371306,51.00093305396656,30.321410530922968,,20.729913306509232
Boese,159,DexAvatar,True,45.93842517190393,,21.368468281501944,38.84761600317305,57.94173783046376,33.53912707098342,,21.36846828150195
Boese,161,DexAvatar,True,46.12025392864625,,20.941690577328863,39.66210892718548,61.15500045075232,34.498269798895386,,20.941690577328867
Boese,163,DexAvatar,True,40.69789095376309,,19.963708650278996,35.706086114948896,56.06127621555128,30.654739105971395,,19.963708650278996
BroetchenAufschneiden,151,DexAvatar,False,30.774912070312435,11.163896804241327,10.327327262791552,21.083250282169818,29.97580452859051,18.592403730229577,11.163896804241327,10.327327262791554
BroetchenAufschneiden,153,DexAvatar,False,30.69221255228488,10.039343450709675,10.30729686378584,23.131269350674074,34.37244458896702,20.171134462985254,10.039343450709678,10.307296863785842
BroetchenAufschneiden,155,DexAvatar,False,31.904990361296576,10.358881780188584,9.841117456709647,22.32592255955474,33.27199298536164,19.29446090191915,10.358881780188582,9.841117456709643
BroetchenAufschneiden,157,DexAvatar,False,31.3656081211785,10.68232144931482,10.051826868546451,21.638043265425207,31.709251271220893,18.70418459509303,10.68232144931482,10.051826868546451
BroetchenAufschneiden,159,DexAvatar,False,32.55475016357473,10.561974840754509,9.84941767333115,23.33553341332867,32.75667062590196,20.50336367354401,10.561974840754509,9.849417673331153
BroetchenAufschneiden,161,DexAvatar,False,33.54671360649235,10.163382781516232,10.106812904190635,20.304191140187122,29.807183249292216,17.6898905536722,10.163382781516233,10.106812904190635
BroetchenAufschneiden,163,DexAvatar,False,31.86090339718204,10.791711987280747,9.33212944089303,23.78812484086836,32.0119561973685,20.89784976076071,10.791711987280753,9.332129440893032
BroetchenAufschneiden,165,DexAvatar,False,36.92710925641195,10.604878354981114,9.650992045638946,26.901281763532367,33.65451066185887,24.0047367381055,10.604878354981114,9.650992045638944
BroetchenAufschneiden,167,DexAvatar,False,42.24305306075445,11.220452011468986,9.339313662580427,33.37531007535582,43.81544920220727,29.456087990527088,11.220452011468986,9.339313662580425
BroetchenAufschneiden,169,DexAvatar,False,43.74926694751961,11.326908024808024,14.112806756064678,33.73056987241976,46.604242104698955,29.67460591065004,11.326908024808024,14.112806756064675
BroetchenAufschneiden,171,DexAvatar,False,49.66440600579413,12.042077508999506,10.765451339138302,41.52591669955165,51.05626080143795,37.14002797990455,12.042077508999506,10.765451339138298
BroetchenAufschneiden,173,DexAvatar,False,50.08143454236009,11.73941466101358,10.499846610084772,38.721576643694426,49.48542103050824,34.501987627019936,11.73941466101358,10.499846610084774
BroetchenAufschneiden,175,DexAvatar,False,40.96021093659763,11.185027163323225,9.762847051702435,26.747298413016644,37.93763847286992,23.384464331831612,11.185027163323227,9.762847051702433
BroetchenAufschneiden,177,DexAvatar,False,33.14597664595861,12.185495027479867,10.27909639684075,25.94443204598693,36.751060554770184,22.51877009206498,12.18549502747987,10.279096396840757
BroetchenAufschneiden,179,DexAvatar,False,35.51807884299407,12.270785312915477,9.200868099526595,22.64225021912882,30.702039269905285,19.831233272321988,12.270785312915478,9.200868099526591
BroetchenAufschneiden,181,DexAvatar,False,36.516185942607684,12.125266886599285,9.788359316669835,25.830075387268266,33.75954714701197,22.816496803136253,12.125266886599285,9.788359316669839
BroetchenAufschneiden,183,DexAvatar,False,45.43604094045975,12.149129779041449,9.553436631831126,37.98468946077334,48.95958132700829,33.70441721530087,12.149129779041452,9.553436631831127
BroetchenAufschneiden,185,DexAvatar,False,44.68873239464498,11.130560347208585,13.07283865156736,36.17442204258524,45.759549117113366,32.34881017044176,11.130560347208583,13.072838651567364
BroetchenAufschneiden,187,DexAvatar,False,47.43918429595902,11.086856619462957,15.040248328581033,36.71406718321527,50.41730902746098,32.128824838974595,11.086856619462955,15.040248328581034
BroetchenAufschneiden,189,DexAvatar,False,45.789999123556534,11.762590872114746,16.48123047182548,32.159072356173176,45.18263253089779,28.106197295796683,11.76259087211475,16.48123047182548
BroetchenAufschneiden,191,DexAvatar,False,42.73734528979641,11.773934973711945,12.279222263225007,30.545591470476232,40.30291296988238,26.980209273463213,11.773934973711945,12.279222263225002
BroetchenAufschneiden,193,DexAvatar,False,40.77358089956249,11.723712879342795,9.738526009782536,29.383836740962916,35.10096814744839,26.279538810827017,11.723712879342795,9.738526009782536
BroetchenAufschneiden,195,DexAvatar,False,46.407819444360165,11.852343219609974,9.77040064960003,35.56139489886291,43.261053773040906,31.99696483309013,11.85234321960997,9.770400649600028
BroetchenAufschneiden,197,DexAvatar,False,44.41577037174584,11.808250702822301,9.790625208702888,33.49213851535187,39.98648413900478,30.214110456388244,11.808250702822297,9.790625208702888
BroetchenAufschneiden,199,DexAvatar,False,40.87913196498175,11.909498221625865,10.305445590282053,27.952195200868196,34.63279933910407,25.03670178793668,11.909498221625865,10.305445590282057
BroetchenAufschneiden,201,DexAvatar,False,41.56322457856991,11.602656078554103,10.84092015733182,30.61209128317223,38.66677004778438,27.232547472139554,11.602656078554103,10.840920157331825
BroetchenAufschneiden,203,DexAvatar,False,43.42532768264247,11.372733450577163,17.205056701251195,29.962416102942566,39.53663913907619,26.4974352979908,11.37273345057716,17.205056701251195
BroetchenAufschneiden,205,DexAvatar,False,44.28677155917376,12.175991728660142,12.808421018160846,32.76839359068865,45.19485687719925,28.56700374729985,12.175991728660142,12.808421018160846
BroetchenAufschneiden,207,DexAvatar,False,43.813257041399126,12.411649616533069,12.929121525930581,28.585762882851082,43.00195122489669,24.571927904452696,12.411649616533067,12.929121525930581
BroetchenAufschneiden,209,DexAvatar,False,39.95825216461886,11.637099594884962,12.82270814688482,24.85689317766569,35.713042863235515,21.491683659910095,11.637099594884956,12.822708146884818
BroetchenAufschneiden,211,DexAvatar,False,39.17593197557691,11.797661781829945,12.233838252220052,24.354145522897333,35.28281630271487,21.01785961548201,11.797661781829941,12.23383825222005
BroetchenAufschneiden,213,DexAvatar,False,37.92824876766864,11.984795421350938,11.919224827823689,24.806854003579563,33.685444976425806,21.68872856702156,11.984795421350936,11.91922482782369
BroetchenAufschneiden,215,DexAvatar,False,41.208771888188856,12.204233239355178,11.823038980228509,27.380441045960033,38.712858354690646,23.78473347493123,12.204233239355178,11.823038980228509
BroetchenAufschneiden,217,DexAvatar,False,42.58264542875921,12.067503378293619,12.616712334476153,30.21056416108411,43.78511274431052,26.10927764551644,12.06750337829362,12.616712334476153
BroetchenAufschneiden,219,DexAvatar,False,46.23944169523018,11.966609334334596,12.659267700823616,33.76086616547013,48.6490017850977,29.17782466320249,11.966609334334597,12.659267700823616
BroetchenAufschneiden,221,DexAvatar,False,50.713112633624725,12.599696491304053,12.97256340704521,36.61655873694788,49.92973946208315,31.97958962838329,12.599696491304053,12.972563407045211
BroetchenAufschneiden,223,DexAvatar,False,50.2128647342204,12.663089004492887,13.828317257872706,36.52458615883979,49.78183795524572,31.91710622483266,12.663089004492889,13.828317257872706
BroetchenAufschneiden,225,DexAvatar,False,45.07843289554038,12.173507862626185,15.036074664860068,31.87420211918163,45.30488100972314,27.654932658314415,12.173507862626185,15.036074664860063
BroetchenAufschneiden,227,DexAvatar,False,43.5527134099396,11.869650598047553,12.712344030460052,29.189641834008224,42.94893152291063,25.184596404263836,11.869650598047553,12.712344030460052
BroetchenAufschneiden,229,DexAvatar,False,45.21463824582169,11.63110173622652,13.953788762458514,32.38782871461426,45.501542381408946,28.244085361097888,11.63110173622652,13.953788762458512
BroetchenAufschneiden,231,DexAvatar,False,48.012149552327486,11.973448471114247,15.293761061657515,33.991685460354105,49.87431836018838,29.35424768721547,11.973448471114251,15.293761061657515
BroetchenAufschneiden,233,DexAvatar,False,51.634046744494384,12.544440284159752,13.751052990135735,39.38396316780423,56.67582946822514,34.02671893113636,12.544440284159752,13.751052990135735
BroetchenAufschneiden,235,DexAvatar,False,46.815820862958915,12.171349962554338,13.458931167974807,31.768988536681565,47.55947166806224,27.285981738324626,12.171349962554338,13.458931167974807
BroetchenAufschneiden,237,DexAvatar,False,56.532181169197585,12.776093632063896,12.93148224597763,41.0551052209675,58.813695325160246,35.52432812726431,12.776093632063896,12.93148224597763
BroetchenAufschneiden,239,DexAvatar,False,54.14772896314235,12.285669748736138,13.638635270691616,37.21462707171288,48.56976619986426,32.80399148207166,12.285669748736137,13.638635270691616
BroetchenAufschneiden,241,DexAvatar,False,50.5851486925242,12.205657901775082,13.416904411045515,30.5916803862808,45.032850811850146,26.443363940233198,12.205657901775076,13.41690441104551
BroetchenAufschneiden,243,DexAvatar,False,55.207370402144974,12.757910424415815,15.787255991832591,37.098890488155746,48.9908692323221,32.696348636789004,12.757910424415815,15.787255991832595
BroetchenAufschneiden,245,DexAvatar,False,51.59189176305843,12.876625063186042,15.067394854077344,33.38447359324021,46.21372495940223,29.131323301834783,12.876625063186042,15.067394854077342
Dort,171,DexAvatar,True,37.6057921078241,,11.003681319252621,25.438418732530156,40.462521540500816,21.800607504071987,,11.003681319252621
Dort,173,DexAvatar,True,38.4898927472162,,11.057698726920142,25.562427114049953,41.019896039917164,22.37375900375066,,11.057698726920142
Dort,175,DexAvatar,True,37.6778789703631,,10.945239520670759,25.484974478822828,39.836699211530636,22.214679579119945,,10.945239520670764
Dort,177,DexAvatar,True,40.878110833575384,,13.346513055575265,29.43686756325069,46.41025189592638,25.332208287971653,,13.346513055575263
Dort,179,DexAvatar,True,37.882254002264325,,12.891334132122234,26.202591619926384,42.0401091771349,22.18741707835701,,12.891334132122237
Dort,181,DexAvatar,True,33.83301521461278,,13.537863006901565,26.19426927110642,40.81525779030483,22.379218696181344,,13.537863006901565
Dort,183,DexAvatar,True,35.7513749769997,,11.708855933353444,28.45148471506528,44.626684674135674,24.305279915085528,,11.70885593335344
Dort,185,DexAvatar,True,38.206136368592844,,11.849879522551555,29.402262324675732,46.52571171147547,25.3956874671297,,11.849879522551554
Dort,187,DexAvatar,True,36.855354295730464,,12.8164921154337,30.892035504527414,44.85482343250507,26.656332041620082,,12.816492115433704
Dort,189,DexAvatar,True,33.45645624903103,,12.05754056213901,28.167605203116935,41.83767372981767,24.10202996805936,,12.05754056213901
Dort,191,DexAvatar,True,36.67890874269401,,12.791088861521843,28.353932272778717,44.488849953476354,23.957883329493445,,12.791088861521843
Dort,193,DexAvatar,True,37.67142181475647,,12.178689209986457,26.316751170369802,44.02770654867633,22.316806124298513,,12.178689209986453
Dort,195,DexAvatar,True,36.97509478245882,,12.303743821956115,26.955789838869503,44.27785682148602,22.8048112030315,,12.303743821956115
Duenn,156,DexAvatar,True,37.95590609167698,,17.656507561928095,26.77668424493333,38.20674515460901,23.178927084143744,,17.656507561928095
Duenn,158,DexAvatar,True,35.25866297634476,,17.72506271338406,23.421037865393888,34.138157207359335,20.40003040150811,,17.725062713384062
Duenn,160,DexAvatar,True,35.57270231861761,,17.676581891682886,25.384316062207205,36.863911430041384,22.07772113146109,,17.676581891682886
Duenn,162,DexAvatar,True,37.68482977230478,,17.32134846809499,25.213817763010944,36.10870739447997,22.328938395013484,,17.32134846809499
Duenn,164,DexAvatar,True,40.98811258513557,,17.523191242870713,25.056104258992605,37.052704693558155,22.28927994301683,,17.523191242870713
Duenn,166,DexAvatar,True,40.21405142652798,,17.571609070910817,28.256247309211002,39.41890986529522,25.247158805013694,,17.571609070910817
Duenn,168,DexAvatar,True,40.49741575600124,,17.066784699584282,26.001198801065566,38.243663442491865,23.46892675409939,,17.066784699584282
Duenn,170,DexAvatar,True,43.80322833614268,,17.698492329860493,27.971486342224228,41.03714556427251,25.51944617164818,,17.698492329860493
Duenn,172,DexAvatar,True,43.38797529466226,,18.33844139267587,27.614395185363982,39.75694324049183,24.689475960792745,,18.33844139267587
Duenn,174,DexAvatar,True,40.778681975302455,,17.705135847305396,27.044273738497626,38.44338854593534,24.22806533933559,,17.705135847305396
Duenn,176,DexAvatar,True,41.45004304621413,,17.937418342054833,25.665270475481677,37.393249888482096,23.171671001521627,,17.937418342054826
Duenn,178,DexAvatar,True,43.1450743201514,,17.839980022019226,26.946322087113124,39.04050604657416,24.412126069770423,,17.83998002201923
Duenn,180,DexAvatar,True,39.00531206559943,,17.82207727535343,27.481494058758564,37.74344213589351,24.671827042241677,,17.822077275353426
Duenn,182,DexAvatar,True,43.909267115317284,,17.859083622336442,27.171796090108884,40.75880721675118,24.26246907316637,,17.859083622336442
Duenn,184,DexAvatar,True,39.42692973192887,,18.0288699137725,29.696362206539966,40.86863393066313,26.564783974816397,,18.028869913772503
Duenn,186,DexAvatar,True,44.1980894769535,,17.677051972171903,29.800712852469488,44.5701769514135,26.59669140359587,,17.677051972171903
Duenn,188,DexAvatar,True,41.840281098840634,,17.502893746588676,27.63376112646263,41.47601018831806,24.325899136058318,,17.502893746588676
Duenn,190,DexAvatar,True,39.33668608236643,,18.549063477853952,33.52189704906255,41.28939125823166,29.988383416228185,,18.549063477853956
Duenn,192,DexAvatar,True,36.933353730304496,,18.320924074370367,31.603304567776664,40.12323690554046,28.087811440643033,,18.32092407437037
Duenn,194,DexAvatar,True,36.23712830001577,,18.408017197662385,25.901795546614952,38.05121079412947,22.77467281485505,,18.408017197662385
Duenn,196,DexAvatar,True,36.91784728208609,,18.176783207635847,28.877958770324124,38.75846285084003,25.40088240383437,,18.176783207635843
Duenn,198,DexAvatar,True,39.21515319376177,,17.98357890490371,28.26544066151241,38.73435385566288,24.804338544963993,,17.983578904903712
Duenn,200,DexAvatar,True,34.8042608389508,,18.354810980691845,25.840416077683948,36.77862900875718,22.656681833686953,,18.35481098069184
Einkaufen,142,DexAvatar,False,45.2454864232672,13.086451965578327,14.077701036189426,23.009729378780456,33.29946119852735,20.900615826532043,13.086451965578327,14.077701036189424
Einkaufen,144,DexAvatar,False,44.13667703425869,13.484485924696088,13.2931072135206,23.848507966668304,34.64057484254535,21.410292384995373,13.484485924696088,13.2931072135206
Einkaufen,146,DexAvatar,False,44.03557868143126,13.215357313822084,13.931566988706717,23.47809694196561,34.43667576794183,21.02523426802967,13.215357313822084,13.931566988706722
Einkaufen,148,DexAvatar,False,43.51570203355143,11.67957680181837,15.077544692990722,24.37973900737745,33.84716718312352,22.12681571565313,11.67957680181837,15.077544692990722
Einkaufen,150,DexAvatar,False,40.762043607007676,11.541223484213548,16.438823878487405,22.689428831489167,32.21586189647051,20.442882930072265,11.541223484213548,16.4388238784874
Einkaufen,152,DexAvatar,False,38.689453883161775,13.776121345767475,18.41137055695846,24.352845545461555,34.580666285728526,21.9312558395467,13.776121345767477,18.411370556958456
Einkaufen,154,DexAvatar,False,38.66857891455336,13.795928818650282,18.86868505958565,22.494949429404656,32.48564471004333,19.91398375963706,13.795928818650282,18.86868505958565
Einkaufen,156,DexAvatar,False,36.70793581379917,12.726155717248911,18.330919632107904,22.613968569158555,32.68520746208042,19.975956736340514,12.726155717248911,18.330919632107907
Einkaufen,158,DexAvatar,False,40.22665186302485,13.765509367396952,17.475685114882587,22.55542684725387,32.342667035909315,19.91377332623121,13.765509367396952,17.47568511488259
Einkaufen,160,DexAvatar,False,41.01939158469565,14.44927539301594,16.448414576165625,20.995394323505202,30.481994705468566,18.63492170438045,14.44927539301594,16.448414576165625
Einkaufen,162,DexAvatar,False,40.53586803054286,13.617600341520655,14.62282137127005,21.91493280292625,31.583489722864808,19.387833386124566,13.617600341520655,14.62282137127005
Einkaufen,164,DexAvatar,False,43.01167105841404,13.086187186231752,15.47944161326498,21.794705479460877,31.601059274690307,19.618496618862196,13.086187186231754,15.479441613264981
Einkaufen,166,DexAvatar,False,39.96020631127313,13.566357488782694,14.397934893944225,22.577075566481025,31.342017557598982,20.23181239798205,13.566357488782694,14.397934893944225
Einkaufen,168,DexAvatar,False,41.51013247972549,13.427697401128496,11.459649344124138,24.734175933922597,32.16525168696229,22.14629129202533,13.427697401128496,11.45964934412414
Einkaufen,170,DexAvatar,False,41.60027585889549,13.215821059053388,13.378721091210355,24.6498902130176,32.7446861414685,21.928749583576263,13.21582105905339,13.378721091210354
Einkaufen,172,DexAvatar,False,39.509905270424255,13.512671825517149,15.03717586809971,21.938882826735554,32.525532886576634,19.482826089950272,13.512671825517149,15.037175868099709
Einkaufen,174,DexAvatar,False,39.78089599152567,13.607382254501125,18.955323529063485,22.450450925646784,32.95199035581703,20.03643751244553,13.607382254501125,18.95532352906348
Einkaufen,176,DexAvatar,False,34.89868735637077,13.904358917679053,18.802977090418377,23.4160452243091,32.77672554010943,20.886151706551427,13.904358917679053,18.802977090418377
Einkaufen,178,DexAvatar,False,36.21975893085744,13.292166245439695,17.129686789725135,22.738748780058273,32.66211005387583,20.39477522168299,13.292166245439695,17.129686789725138
Einkaufen,180,DexAvatar,False,37.03142775651891,13.062778634919818,16.001199767941362,21.845015108606724,31.35583974071935,19.63409804101204,13.062778634919821,16.001199767941362
Einkaufen,182,DexAvatar,False,35.9669147731486,13.456010115449551,15.091924213953389,23.463943660899332,33.97209931623831,20.73005798113272,13.456010115449551,15.091924213953389
Einnehmen,161,DexAvatar,False,38.93638171098646,16.316768585422235,11.9702450687761,27.197922963143352,35.38117891692076,24.512041346741114,16.316768585422235,11.970245068776093
Einnehmen,163,DexAvatar,False,40.70098536500178,15.33159658221385,12.383471093035764,32.196630410729696,37.90495489986575,29.37313154745448,15.331596582213852,12.383471093035764
Einnehmen,165,DexAvatar,False,43.75881218402459,15.248890182677,11.045182542334466,37.18257419590251,43.739108083301964,33.7792985968948,15.248890182677,11.045182542334468
Einnehmen,167,DexAvatar,False,50.69650695506664,16.55251510512053,11.722815008363897,43.33311424532816,51.00527298742256,39.472512037736344,16.552515105120534,11.722815008363895
Einnehmen,169,DexAvatar,False,49.85293098623281,17.868652302905225,14.086405799518165,41.73181111354693,50.88760785496093,37.77457859389341,17.868652302905225,14.086405799518168
Einnehmen,171,DexAvatar,False,46.92579531989819,15.43068854560412,15.091073021453274,40.788975979679186,43.9971584311649,37.71614424484258,15.430688545604122,15.091073021453271
Einnehmen,173,DexAvatar,False,44.2500509823498,14.887418090031513,11.90446652763843,38.09206148161058,39.66592350330049,35.286414818439766,14.887418090031513,11.90446652763843
Einnehmen,175,DexAvatar,False,42.78474945654736,15.336089030027946,10.03231439703917,37.81906339456104,35.69231301958286,35.32954817937056,15.336089030027944,10.032314397039169
Einnehmen,177,DexAvatar,False,44.189298505143796,15.027065580748696,9.940741393360552,36.12745085034376,34.876064457968035,33.6445150754909,15.027065580748697,9.940741393360552
Einnehmen,179,DexAvatar,False,45.25119292512491,16.58767376454568,10.50691681246898,38.76897291651766,35.690601392697474,36.17308636813597,16.587673764545677,10.506916812468978
Einnehmen,181,DexAvatar,False,44.64878608584073,16.030502672223022,11.684082161168813,38.16500204790632,36.52784742215619,35.42005857649107,16.030502672223022,11.684082161168813
Einnehmen,183,DexAvatar,False,45.70735761058317,16.546963065630543,14.224493308316395,39.2582845786779,39.635005770184364,36.08934386787762,16.546963065630543,14.224493308316395
Einnehmen,185,DexAvatar,False,41.38409594715408,15.554704026269166,14.75921461596286,34.359954231893695,37.355232906342145,31.256949383470207,15.554704026269166,14.759214615962861
Einnehmen,187,DexAvatar,False,39.428687380689446,15.656770005473865,15.401034040507799,31.09708212369084,37.1537421010957,27.936956721464128,15.656770005473868,15.401034040507799
Einnehmen,189,DexAvatar,False,39.62867453976871,15.735277621096724,16.679342331388867,27.4295256820753,37.177532172556084,24.09132373213805,15.735277621096724,16.679342331388867
Einnehmen,191,DexAvatar,False,38.372539874439994,15.853337397203452,17.720142629526496,25.61919130125704,36.88209968115938,22.492714397624766,15.853337397203456,17.720142629526496
Einnehmen,193,DexAvatar,False,36.96306580402341,16.891538789450028,18.958314503523173,26.94946742159715,37.542956388775835,23.663324367586064,16.891538789450024,18.958314503523173
Einnehmen,195,DexAvatar,False,39.77152266028115,16.43896177459873,18.976643180066286,28.38432666641012,36.562715462576676,25.332547157362722,16.43896177459873,18.976643180066286
Einnehmen,197,DexAvatar,False,37.049027182453905,17.045956638479186,18.955592106982984,27.882429968354426,35.51081964945058,24.854860124218845,17.045956638479186,18.955592106982984
Einnehmen,199,DexAvatar,False,43.602578906879536,17.56037862095296,18.2925737016825,35.280513167889495,37.927097761085456,32.18490687370719,17.56037862095296,18.2925737016825
Einnehmen,201,DexAvatar,False,42.219478749484715,17.052740580818526,18.506376280676527,33.18960987447853,35.389874053845745,30.38906709622918,17.052740580818526,18.506376280676527
Einnehmen,203,DexAvatar,False,43.919069203651915,17.597108302608927,18.019264768416694,36.02431306456463,35.72583348023387,33.253111592353804,17.597108302608927,18.01926476841669
Einnehmen,205,DexAvatar,False,44.69769369161092,18.699143124938214,18.340425558656342,36.98918528880725,37.24408160014504,34.02709767044058,18.69914312493821,18.34042555865634
Einnehmen,207,DexAvatar,False,40.64008063221931,17.69859073631111,18.347118037677326,31.75455175912667,36.3765414458217,28.71030837431913,17.69859073631111,18.347118037677326
Einnehmen,209,DexAvatar,False,39.8400820936607,17.259027412924603,18.17368209532726,28.64888440037551,36.32811336541311,25.539483295137387,17.2590274129246,18.17368209532726
Einnehmen,211,DexAvatar,False,40.56987728886846,18.172538051708543,18.556092580226696,29.352196870579938,37.226420538875075,26.1600947538831,18.172538051708543,18.556092580226693
Einnehmen,213,DexAvatar,False,40.54710092169062,17.059977644162853,18.699352984606442,29.424624056342594,36.665539720785915,26.298192566799,17.059977644162856,18.699352984606442
Einnehmen,215,DexAvatar,False,41.06932767770154,17.496223543775503,18.778181728432163,30.572019701960997,36.70749418255572,27.45019315476222,17.4962235437755,18.778181728432163
Einnehmen,217,DexAvatar,False,40.97825008598436,18.369437540935188,18.502952598748063,29.57742849073059,36.74259564775319,26.417436019990305,18.369437540935188,18.502952598748063
Einnehmen,219,DexAvatar,False,41.20711566838638,18.278895190700347,18.695759716274562,30.765583609625665,37.68464532660197,27.537085729151865,18.27889519070035,18.695759716274562
Einnehmen,221,DexAvatar,False,35.81849151290956,17.788639449650688,18.93854370585356,27.5079349683756,39.5934607063487,24.139247233621187,17.78863944965069,18.938543705853558
EinstellenJob,140,DexAvatar,False,48.989929020729754,16.129573194037555,10.194975035282852,29.86049801615694,48.16907972743923,25.350494860970596,16.129573194037555,10.194975035282852
EinstellenJob,142,DexAvatar,False,52.5240569781083,15.90298574892239,9.85562879652308,38.28820648345118,56.5873180049963,33.0670204476773,15.902985748922394,9.855628796523076
EinstellenJob,144,DexAvatar,False,47.342694855869226,15.739886419753677,9.82146965417493,33.292585601950464,53.95616467868129,28.25521225382065,15.739886419753677,9.821469654174933
EinstellenJob,146,DexAvatar,False,46.60362363890216,15.595603351773235,9.573870487787158,31.737673805589004,51.59985255218917,27.10939096278999,15.595603351773235,9.573870487787158
EinstellenJob,148,DexAvatar,False,49.351041370824,15.919466517055993,10.567353048621003,34.08336802120485,51.75113621554222,29.341026303798355,15.919466517055993,10.567353048621003
EinstellenJob,150,DexAvatar,False,40.09814314041398,15.410914681524766,9.606995709238326,27.420782383905117,42.01095558308341,23.71650905949129,15.41091468152477,9.606995709238326
EinstellenJob,152,DexAvatar,False,41.109648182946366,14.3164516337889,8.371086438379587,30.444414520411016,40.955096263943716,26.88555384155249,14.316451633788905,8.371086438379585
EinstellenJob,154,DexAvatar,False,33.86020814188239,14.341369603158068,6.013649463626391,23.890703947233277,35.225396831528535,20.81607367466858,14.341369603158068,6.013649463626388
EinstellenJob,156,DexAvatar,False,39.215764791330926,14.239637849744872,4.658739622006531,27.621882466703763,35.8927837831684,24.535692046594562,14.239637849744872,4.658739622006532
EinstellenJob,158,DexAvatar,False,40.095034051958194,13.967148625301297,6.979170142299356,21.876897444871883,32.00931787695648,18.979504184480696,13.967148625301297,6.979170142299356
EinstellenJob,160,DexAvatar,False,39.17649312701188,14.919661379719331,8.351917241300642,29.487020538405584,36.10926162343001,26.187178057318974,14.919661379719331,8.35191724130064
EinstellenJob,162,DexAvatar,False,38.32872113389947,15.481678257443356,8.065026032977768,28.91898593312445,37.75986927376611,25.36795357883303,15.48167825744335,8.065026032977768
EinstellenJob,164,DexAvatar,False,36.30493447909537,16.400047597027005,8.885873615493466,27.327182877887388,36.615254320212436,23.898306149801858,16.400047597027005,8.885873615493466
EinstellenJob,166,DexAvatar,False,38.04759840623576,15.674347790037205,8.935501382578673,25.10190024065988,35.98348041049617,21.82659891009631,15.674347790037208,8.935501382578675
EinstellenJob,168,DexAvatar,False,35.569503559232736,14.799996407431108,9.247622645296659,25.329355217930516,34.541291797952994,22.064861304340017,14.79999640743111,9.247622645296659
EinstellenJob,170,DexAvatar,False,39.342624621266914,15.673481761990082,8.835093195895807,23.79566341232986,35.23696211870653,20.83833322518809,15.673481761990082,8.835093195895807
EinstellenJob,172,DexAvatar,False,36.74560680505972,15.058257398890456,8.690748842027878,25.44873789705914,34.42220663474431,22.280136966004953,15.058257398890454,8.69074884202788
EinstellenJob,174,DexAvatar,False,38.538601510499916,15.57806974791854,9.148812797257454,23.381845838274955,33.997827372340396,20.532095371104504,15.57806974791854,9.14881279725746
EinstellenJob,176,DexAvatar,False,39.362076694913654,15.389725990181516,8.7511018716815,23.164065299394522,33.969041673499945,20.49645567359064,15.389725990181521,8.7511018716815
EinstellenJob,178,DexAvatar,False,39.9986702253764,15.45338439407938,8.66096883941396,24.026241789987964,35.49776773261553,21.211367158888994,15.45338439407938,8.660968839413956
EinstellenJob,180,DexAvatar,False,39.608857045988536,15.603858840552963,9.019335627399542,24.537890622034325,35.50219517560483,21.636842344183314,15.603858840552963,9.01933562739954
EinstellenJob,182,DexAvatar,False,38.96812736507623,16.432104059568907,8.83576413452992,24.67930759309242,35.321169746586165,21.639768761257923,16.432104059568907,8.835764134529922
EinstellenJob,184,DexAvatar,False,40.29430495883024,15.221204930025689,9.004209549342782,24.263072825652717,34.767540587590275,21.292324393632967,15.221204930025689,9.00420954934278
EinstellenJob,186,DexAvatar,False,38.83579400288305,15.5480956032766,9.077489530390627,25.59339028163227,35.042080489498105,22.401304304951147,15.5480956032766,9.07748953039063
EinstellenJob,188,DexAvatar,False,38.724209814936586,14.803253522888062,8.493508239367667,24.857578080613052,33.687783183552376,21.85349898189015,14.803253522888067,8.493508239367667
EinstellenJob,190,DexAvatar,False,37.57513983335946,15.31322405741323,8.60996113134486,28.17669999423418,34.61749735418036,24.94831734478549,15.313224057413228,8.609961131344862
EinstellenJob,192,DexAvatar,False,37.96030023269192,14.934059356128445,8.775130840342412,27.15616156518267,34.39271598590012,23.935190570578374,14.934059356128445,8.77513084034241
EinstellenJob,194,DexAvatar,False,37.453819637865436,14.975229620275696,9.032015644772024,26.9158428493269,33.69533453377857,23.783719587880743,14.975229620275693,9.032015644772024
EinstellenJob,196,DexAvatar,False,37.848083956487145,14.288071369736903,8.845732691268616,26.391113952943204,34.01221147076086,23.23645279821484,14.288071369736903,8.845732691268616
EinstellenJob,198,DexAvatar,False,37.84638348832478,14.19928535381639,8.952989965835686,26.618029063457506,33.63557586863869,23.502734139983207,14.19928535381639,8.952989965835686
EinstellenJob,200,DexAvatar,False,39.032014579590324,14.545233718376295,8.70455354344676,27.675085695689248,34.97563917332854,24.398111085137803,14.545233718376295,8.70455354344676
EinstellenJob,202,DexAvatar,False,39.2527042611977,14.411963700170729,8.954338233414028,28.7650228017031,36.18672093712476,25.378215489071902,14.411963700170729,8.954338233414028
EinstellenJob,204,DexAvatar,False,39.02050804395777,15.833925104769692,9.409105735798324,26.501259133150064,35.88475959258101,23.047650950950576,15.833925104769696,9.409105735798322
EinstellenJob,206,DexAvatar,False,39.22838942331682,14.228912538121453,8.75620758393807,25.69004967856324,35.244618083773034,22.462228728334868,14.228912538121453,8.756207583938073
EisGefroren,182,DexAvatar,False,41.030552338971006,16.25116162779015,18.8424671148907,33.6559394073352,47.99718673855866,28.955383415312262,16.25116162779015,18.8424671148907
EisGefroren,184,DexAvatar,False,42.46341803060262,16.29186376299512,18.6862442194665,39.30577628769592,49.59609421796093,34.524221305247806,16.29186376299512,18.6862442194665
EisGefroren,186,DexAvatar,False,37.506889235190044,14.032718846207906,18.006456155862097,30.45660315636045,44.80324153242633,26.0913605526139,14.032718846207906,18.006456155862104
EisGefroren,188,DexAvatar,False,36.887996863149304,11.66034352182807,15.734888081984005,25.905028536513342,40.90415158878352,21.922797307725574,11.66034352182807,15.734888081984005
EisGefroren,190,DexAvatar,False,33.949431523836246,10.414124805772518,12.173742973419856,27.056285317963994,41.39582619264426,23.03261070354377,10.414124805772522,12.173742973419856
EisGefroren,192,DexAvatar,False,32.65256920388841,11.58824730720285,11.455220025158715,22.765086053836562,33.75074480452895,19.52338755603676,11.58824730720285,11.455220025158715
EisGefroren,194,DexAvatar,False,32.04332902634707,11.561731913865382,12.714374194751898,22.304662339505544,33.5682001747765,19.207678315531002,11.561731913865382,12.714374194751898
EisGefroren,196,DexAvatar,False,32.07366105124138,12.27442157950352,11.019300781469893,23.89692927036419,36.206341701066336,20.43606593591575,12.274421579503517,11.019300781469891
EisGefroren,198,DexAvatar,False,33.382866859862354,12.630637019900163,7.953058908584299,23.93119270349924,37.1293219143615,20.57013878393241,12.630637019900163,7.953058908584297
EisGefroren,200,DexAvatar,False,40.28694002939248,13.145093179817747,6.8557578170052365,25.798099119214527,37.36505201917963,22.454107974650597,13.14509317981775,6.8557578170052365
EisGefroren,202,DexAvatar,False,43.89488551536499,13.498022860444474,7.155867521481251,27.611683043768046,38.2277879218286,24.286489023341424,13.498022860444474,7.15586752148125
EisGefroren,204,DexAvatar,False,41.99811163870338,10.616829707157608,5.312492256003611,26.2027081323996,35.7936469179513,23.038571146419947,10.61682970715761,5.312492256003611
EisGefroren,206,DexAvatar,False,41.93303444777954,11.55763019939582,4.747848232357354,26.6219428528307,36.809759715600116,23.32478083601769,11.55763019939582,4.747848232357354
EisGefroren,208,DexAvatar,False,41.15247989537235,11.026049999589175,4.5102306052182115,25.678004476127587,34.81010865548008,22.565003671534246,11.026049999589176,4.510230605218213
EisGefroren,210,DexAvatar,False,40.746168479873376,10.630820820216837,4.632395271385333,27.40140154918603,35.135247380997214,24.32070490546963,10.630820820216838,4.632395271385333
EisGefroren,212,DexAvatar,False,41.67281027142554,11.117100229590527,4.7294861275617635,26.450582546677673,35.528739893138706,23.319492813492282,11.117100229590521,4.729486127561763
EisGefroren,214,DexAvatar,False,39.96744284183048,10.64447796837292,4.533692489128102,25.928758045389863,35.66318399186846,22.7064703175289,10.64447796837292,4.533692489128102
EisGefroren,216,DexAvatar,False,40.18637487932248,10.503129789091723,9.159521025257975,26.972487017959377,34.461643257624125,23.925548583028874,10.503129789091723,9.159521025257975
EisGefroren,218,DexAvatar,False,40.26361428593101,10.331470479805448,13.441196365579527,26.997638910338367,35.56866239749231,23.802814682567355,10.331470479805448,13.441196365579529
EisGefroren,220,DexAvatar,False,41.59683319938425,10.174311093591129,15.70011551450794,27.42306155984562,37.74318867152464,24.055872271035536,10.174311093591133,15.700115514507944
EisGefroren,222,DexAvatar,False,41.35949071459473,10.205152453742219,15.726720888144984,28.2882142909429,38.74553599149291,24.777329999307227,10.205152453742217,15.72672088814499
EisGefroren,224,DexAvatar,False,40.90695357615078,10.055919243015824,15.884494765024675,29.186629774840583,39.23637554967028,25.63026064891481,10.055919243015826,15.884494765024678
EisGefroren,226,DexAvatar,False,42.202060581855044,10.265745252730643,15.496833361537146,30.098594023289014,38.56854937455463,26.653986217582347,10.265745252730644,15.496833361537146
EisGefroren,228,DexAvatar,False,42.80066506691702,10.257180116575304,14.934491449062282,29.753133832300552,39.106984444836705,26.286922479909954,10.257180116575302,14.93449144906229
EisGefroren,230,DexAvatar,False,41.9056578792792,9.85083376704582,15.512875527588427,27.210285597152566,39.61448765024942,23.57315666768737,9.850833767045819,15.51287552758843
EisGefroren,232,DexAvatar,False,40.26279149122017,10.042024140641082,15.481663081832641,27.096354522072193,39.89497203524004,23.431180483816853,10.042024140641084,15.481663081832641
EisGefroren,234,DexAvatar,False,40.90319181850955,10.015449037508025,14.941044213503998,28.14386678512161,40.821984491524255,24.416128288108688,10.015449037508027,14.941044213503998
EisGefroren,236,DexAvatar,False,40.37415027972047,9.575688473229409,15.232473954552582,27.587213300713806,39.75730132509162,23.946396877501037,9.57568847322941,15.232473954552589
EisGefroren,238,DexAvatar,False,40.185613393343054,10.178594414882049,14.631361922168912,27.47499818064898,39.013573498266545,24.007147420084866,10.178594414882047,14.631361922168912
EisGefroren,240,DexAvatar,False,39.61540241364547,10.218405924581667,14.646504827475901,27.806528264768293,39.83528179214045,24.22558377765464,10.218405924581667,14.646504827475901
Empathie,136,DexAvatar,False,42.51005836646122,11.311297048573604,20.27544293064724,30.631108137778877,46.24151853596126,27.70069004421816,11.311297048573604,20.27544293064724
Empathie,138,DexAvatar,False,39.05045950951724,11.431854829385578,27.147747663409632,29.933820213485717,43.37224917960857,27.08039878271501,11.431854829385578,27.147747663409632
Empathie,140,DexAvatar,False,45.892332104595525,10.969526926242688,23.386979446724506,38.6484987798091,59.58295012027873,34.16207705582606,10.969526926242688,23.386979446724506
Empathie,142,DexAvatar,False,40.75381360501726,11.304858136594392,15.191497449207091,26.11221878156974,37.067009151594064,23.68481210063368,11.304858136594394,15.191497449207091
Empathie,144,DexAvatar,False,37.082169550602465,10.854982017871178,17.441635442701433,25.480247912400618,36.24343851772032,23.09246498137902,10.85498201787118,17.441635442701433
Empathie,146,DexAvatar,False,37.375737245876465,10.634903533655397,15.647561913424365,23.936441267666588,36.328832604896874,21.253366434221434,10.634903533655393,15.647561913424369
Empathie,148,DexAvatar,False,37.542150688635445,10.324783046025777,12.74757822652134,26.820866870003737,40.630432065826035,23.626092924567555,10.324783046025777,12.747578226521336
Empathie,150,DexAvatar,False,36.930446174002334,10.854580592028793,11.314041609452936,28.905555001882853,44.90642528350866,25.087843055848627,10.854580592028793,11.314041609452936
Empathie,152,DexAvatar,False,42.81855494365507,10.792731790455248,9.50565565469484,28.058841869005814,41.13680375490496,24.419879875797857,10.792731790455244,9.50565565469484
Empathie,154,DexAvatar,False,44.203917382843805,10.888686407850432,9.82948133375138,27.151198814335064,42.49624973845639,23.420344322253193,10.888686407850429,9.82948133375138
Empathie,156,DexAvatar,False,44.9383250640732,10.72915455647842,9.641097936001122,28.28553779866389,46.278792369454926,24.00420635890671,10.729154556478424,9.641097936001122
Empathie,158,DexAvatar,False,42.91761070671524,11.001438208382183,9.001796707351403,30.823505887997957,48.46954165049698,26.64524342552298,11.001438208382183,9.001796707351405
Empathie,160,DexAvatar,False,49.472163807363444,11.511973558055496,8.556474118148888,35.68766482004749,57.91580774218566,30.35715977813791,11.511973558055496,8.55647411814889
Empathie,162,DexAvatar,False,46.237890846098715,11.522837685634984,8.242441579346814,37.57905160767073,57.92601547162146,32.25340636168396,11.522837685634984,8.242441579346814
Empathie,164,DexAvatar,False,44.911968057224115,11.598077566706639,8.105710073419502,36.5858977519254,53.81205198034309,31.80532564550282,11.598077566706637,8.1057100734195
Empathie,166,DexAvatar,False,46.908101174421994,11.631271216801924,8.820848123845835,35.89245767102299,49.934141562478246,31.81293909218217,11.631271216801924,8.820848123845835
Empathie,168,DexAvatar,False,49.30372502180536,15.611864586360735,9.33800392566943,37.00438158701638,50.80209664746312,32.869038508295766,15.611864586360735,9.338003925669424
Empathie,170,DexAvatar,False,48.42598174581576,15.120427099362981,9.424227611704167,31.902642856793882,44.9439959546521,28.16211545774884,15.120427099362981,9.424227611704165
Empathie,172,DexAvatar,False,47.38920919372612,17.170771405751807,9.760907175809585,33.561926120169595,47.44645134522597,29.44065975915373,17.170771405751807,9.760907175809587
Empathie,174,DexAvatar,False,51.028996069108594,16.130220805216148,9.644573716461952,29.370409105638743,47.02111539231253,25.39723684220744,16.130220805216148,9.644573716461954
Empathie,176,DexAvatar,False,48.65104045099632,15.2316896640126,9.715662852091892,29.614581549347914,48.30479088195731,25.266429050250718,15.2316896640126,9.715662852091885
Empathie,178,DexAvatar,False,47.081412954185474,15.762588191207815,9.119814975887165,30.710842009901462,48.21834553587237,26.29041667966945,15.762588191207815,9.119814975887161
Empathie,180,DexAvatar,False,47.54085808403805,15.795497160148116,9.629906214368027,31.66765483099239,48.07665696313396,27.29522516043984,15.795497160148116,9.629906214368027
Entschuldigung,129,DexAvatar,False,37.04031746498022,16.38013740610763,16.907932765558233,25.45956314353005,34.353615386267606,22.528704254549194,16.380137406107625,16.907932765558233
Entschuldigung,131,DexAvatar,False,42.095681381950605,17.801588500033436,19.26941582777094,23.80480866989792,36.27988832344693,21.28947308005858,17.801588500033436,19.269415827770942
Entschuldigung,133,DexAvatar,False,49.43019189191727,17.64599074389984,17.99845516888749,28.612985579538233,39.0805783082342,25.91269616466172,17.64599074389984,17.998455168887492
Entschuldigung,135,DexAvatar,False,40.80542593152429,16.75244032225795,17.37984472421844,22.392035969972525,32.5628901908626,19.958391828120703,16.75244032225795,17.379844724218444
Entschuldigung,137,DexAvatar,False,42.41527978678746,18.16940333544719,17.52808353002364,23.974185996344467,34.027436018273924,21.993983054159493,18.16940333544719,17.52808353002364
Entschuldigung,139,DexAvatar,False,44.328438888121326,17.732823964185908,18.441467438434675,24.625264978181733,36.37205287201656,22.298847504721273,17.73282396418591,18.441467438434678
Entschuldigung,141,DexAvatar,False,46.28924328305796,19.715839505083963,17.49810817226829,27.158203061016433,40.81493531139769,24.454687550292896,19.715839505083956,17.49810817226829
Entschuldigung,143,DexAvatar,False,45.05081545190163,20.450080302672912,18.405515314283637,25.06690254080194,38.443608569082244,22.56587264451035,20.450080302672912,18.40551531428364
Entschuldigung,145,DexAvatar,False,41.8877777152061,21.506171096468265,17.912482466671285,25.49543964350449,39.31605517787936,22.761546499799476,21.506171096468268,17.912482466671285
Entschuldigung,147,DexAvatar,False,41.29907500072995,20.00406252173337,18.440773509931127,25.35851963871348,38.456727865509166,22.49130765724031,20.004062521733367,18.440773509931127
Entschuldigung,149,DexAvatar,False,37.27622830975353,19.45568355462102,17.914134966862786,23.843487442551016,35.09665685846268,20.99604753062893,19.45568355462102,17.91413496686279
Entschuldigung,151,DexAvatar,False,38.32964944477476,12.934251413294076,17.958451465316355,22.324792751423985,33.5393817665766,19.830874529830727,12.934251413294076,17.958451465316358
Entschuldigung,153,DexAvatar,False,36.2017476584672,12.646227605201982,17.64210176091469,22.614701839486443,33.50153983757931,20.55554183506964,12.64622760520198,17.642101760914688
Entschuldigung,155,DexAvatar,False,34.39970610560511,13.31819944383875,17.05300559808672,21.945659690972747,32.52038185717062,19.618814481140532,13.318199443838752,17.05300559808672
Entschuldigung,157,DexAvatar,False,38.763807244501514,15.60791079501172,18.014843478190105,24.582202868672653,37.52226543265778,21.994276991232688,15.60791079501172,18.0148434781901
Entschuldigung,159,DexAvatar,False,37.06496112613921,15.35525303228012,17.65540676878189,24.54013004397342,37.71854495396015,21.851009157693596,15.35525303228012,17.65540676878189
Entschuldigung,161,DexAvatar,False,38.99677314325838,16.22450319760501,17.41528263879906,24.68918721176594,37.26686737868599,22.057192153953824,16.22450319760501,17.415282638799056
Entschuldigung,163,DexAvatar,False,35.66747670119724,15.406449848135608,17.34092529148789,23.673628530123967,35.66519924773772,21.184980704057224,15.406449848135606,17.34092529148789
Entschuldigung,165,DexAvatar,False,35.443109320491004,14.379364222691903,17.65795383630208,24.21958819459867,37.240211700812324,21.49469402736523,14.379364222691903,17.657953836302084
Entschuldigung,167,DexAvatar,False,36.26110301121931,14.200978257087677,17.299061629277855,23.57974671739308,36.285547199076106,21.033962939421176,14.200978257087673,17.299061629277855
Entschuldigung,169,DexAvatar,False,38.05253138762965,15.818384034155883,17.89140070091833,23.01222018855706,35.80660955437363,20.45902516549339,15.818384034155882,17.89140070091833
Entschuldigung,171,DexAvatar,False,37.17037267580314,14.66916874344901,17.828899333812878,22.318764093674776,34.2958227784404,19.90025921432827,14.669168743449006,17.828899333812885
Entschuldigung,173,DexAvatar,False,36.75401941251942,12.937960497486074,18.41505054557485,22.597241347971607,34.18721472967469,20.137684686474767,12.93796049748607,18.41505054557485
Entschuldigung,175,DexAvatar,False,35.97751762370568,12.30635496427256,18.057380069279798,21.757998854304855,32.7764701443368,19.336588352551463,12.306354964272561,18.05738006927979
Entschuldigung,177,DexAvatar,False,34.07779004384656,11.861162110815975,18.027776887267525,21.253020813012515,32.30961183275984,18.715404247462356,11.86116211081598,18.027776887267525
Entschuldigung,179,DexAvatar,False,35.958949605198235,12.733956140225501,17.43504470964315,22.044781377513733,33.56073746414888,19.6031712438223,12.7339561402255,17.43504470964315
Entschuldigung,181,DexAvatar,False,38.89103085890816,12.752808912321678,16.639820306997937,22.4788239057994,34.61973861575809,19.963185630443764,12.752808912321674,16.639820306997944
Entschuldigung,183,DexAvatar,False,38.371753402942964,11.350312076729733,17.035190675545543,23.07749442319181,35.613533956898436,20.581360079691027,11.35031207672973,17.03519067554554
Entschuldigung,185,DexAvatar,False,38.316801185527055,12.291634953604637,15.915972124386439,22.517758561755866,33.31018652727473,20.245492806873482,12.291634953604634,15.915972124386439
Entschuldigung,187,DexAvatar,False,39.3468138525209,12.984256173011941,16.39686410310941,23.375869902205817,35.20440882770037,21.13439067035298,12.984256173011941,16.39686410310941
Entschuldigung,189,DexAvatar,False,36.403236424626385,12.478838902004323,16.71002153363476,23.87814466854098,35.28028725919102,21.06936760753914,12.47883890200432,16.71002153363476
FestellenDiagnose,141,DexAvatar,False,44.72102933166177,9.169527741002204,12.325838133684032,29.64163577315568,34.66499441969453,26.636428954286828,9.169527741002204,12.325838133684034
FestellenDiagnose,143,DexAvatar,False,48.05641171595078,9.82881914377709,11.765719460743073,28.23565877943809,35.53689848978142,25.005750238779008,9.82881914377709,11.765719460743073
FestellenDiagnose,145,DexAvatar,False,47.97268316412076,9.680848486214167,11.880133326535452,27.167436555529754,36.151396750303796,23.785012891112245,9.680848486214165,11.880133326535454
FestellenDiagnose,147,DexAvatar,False,46.71879510348908,10.787723349561736,12.197765394899571,25.73196924959919,35.979549715414564,22.292827815441996,10.78772334956174,12.197765394899573
FestellenDiagnose,149,DexAvatar,False,47.44358847547343,11.808313143479374,12.000672966330741,24.262599481320237,37.69206815398141,20.677965503471423,11.808313143479378,12.000672966330741
FestellenDiagnose,151,DexAvatar,False,47.75163210753461,12.102262282277302,12.631418097461122,26.78088812632642,37.835863677782775,23.26953278986789,12.1022622822773,12.631418097461122
FestellenDiagnose,153,DexAvatar,False,44.58112095076383,12.101942234181843,12.650851555810311,27.511660091084167,37.28024879461134,24.11903672788123,12.101942234181843,12.650851555810311
FestellenDiagnose,155,DexAvatar,False,47.78390247907977,13.921187185717768,14.284818192407188,24.516747575870752,34.51619600247204,21.45536054686155,13.921187185717763,14.284818192407187
FestellenDiagnose,157,DexAvatar,False,53.93570512477837,38.51962820654826,15.806163627468276,25.777776461030655,39.597879806491186,22.359070774540236,38.51962820654826,15.806163627468276
FestellenDiagnose,159,DexAvatar,False,59.29931952359232,18.313492558716284,13.195756431640472,40.835304386045195,69.51042703871526,34.62969518214339,18.313492558716288,13.195756431640474
FestellenDiagnose,161,DexAvatar,False,52.59496472496754,12.783067850420252,17.826794004178186,28.088603168736036,46.39102968448032,23.95744803157956,12.783067850420249,17.826794004178186
FestellenDiagnose,163,DexAvatar,False,52.56631252716551,13.006243894751112,19.131668815531295,29.663712112239487,48.900644415389245,25.217841870590576,13.006243894751112,19.131668815531295
FestellenDiagnose,165,DexAvatar,False,56.286393747864544,13.027610537764511,18.702041444695144,30.95616719965122,47.816800842174224,26.63708339333504,13.02761053776451,18.702041444695144
FestellenDiagnose,167,DexAvatar,False,54.904335195657985,12.58011426387646,18.13229193242612,30.30986036582233,45.73008401398459,26.21782878048547,12.58011426387646,18.13229193242612
FestellenDiagnose,169,DexAvatar,False,57.52157226728881,12.566986455604386,18.42560540458899,29.565015797735356,46.46461429335076,25.390764918905084,12.566986455604388,18.42560540458899
FestellenDiagnose,171,DexAvatar,False,55.54918528969184,12.658364457396432,17.559221037274703,29.25159404712402,45.29683265300918,25.236507958347023,12.658364457396432,17.559221037274707
FestellenDiagnose,173,DexAvatar,False,53.394629537337714,12.751075289804977,17.085703360276646,26.82227638853183,45.05129057270302,22.816249903791,12.751075289804977,17.085703360276646
FestellenDiagnose,175,DexAvatar,False,50.85279097775311,12.979699331288586,16.439158485466958,26.584141098365492,44.78905127337408,22.467114449816798,12.979699331288588,16.43915848546696
FestellenDiagnose,177,DexAvatar,False,53.038654033188095,12.443251116333208,16.76021157461084,27.551548317265276,45.75137682753662,23.466110280820132,12.443251116333208,16.76021157461084
FestellenDiagnose,179,DexAvatar,False,52.132734315942045,12.9585925097382,17.05459776971287,27.710642293010785,44.481646610144836,23.723283629040804,12.958592509738201,17.05459776971287
FestellenDiagnose,181,DexAvatar,False,53.2270395591894,13.474345602808878,17.355336059879168,27.97800498035653,45.22483397473855,24.080168267677333,13.474345602808881,17.355336059879168
FestellenDiagnose,183,DexAvatar,False,48.716306198929544,12.534950932102866,16.673205337400688,28.49796315285916,43.51670989041475,24.571569151511675,12.534950932102866,16.673205337400688
FestellenDiagnose,185,DexAvatar,False,52.197268242056644,12.67617926013212,16.667440253120123,26.119675768631865,42.60787523408964,22.49844930532702,12.67617926013212,16.667440253120123
FestellenDiagnose,187,DexAvatar,False,50.74725334406268,12.939083952713682,16.66731991101601,27.422105394308108,44.23359996609601,23.533366857099622,12.939083952713684,16.66731991101601
FestellenDiagnose,189,DexAvatar,False,48.29175048525747,12.575262009909668,14.912984268098016,25.96394068460941,41.69209721046388,22.14441516975227,12.575262009909668,14.912984268098016
FestellenDiagnose,191,DexAvatar,False,49.87016577431641,12.854987651821283,15.895349041269398,26.678728168551284,43.003668106226975,22.72342959401708,12.854987651821283,15.895349041269395
FestellenDiagnose,193,DexAvatar,False,52.11839531824059,13.07475750633436,15.954798009112785,25.889139053410105,43.03340775456313,22.013146400138147,13.07475750633436,15.954798009112789
FestellenDiagnose,195,DexAvatar,False,51.56315111633612,13.268863913408262,14.683784818123403,25.88919802358314,43.23675195829513,21.96144724269301,13.268863913408262,14.683784818123405
Frech,153,DexAvatar,True,45.68472762820872,,11.028569396255932,37.418810917503286,51.494027671481646,32.85680595508729,,11.028569396255932
Frech,155,DexAvatar,True,46.64169377744866,,11.932735606691732,43.32327081809373,58.30175265765207,37.71742084015696,,11.932735606691732
Frech,157,DexAvatar,True,54.2381442424022,,12.672931726538943,50.52344062162727,65.00619753969136,44.390743280132426,,12.672931726538943
Frech,159,DexAvatar,True,58.2247234530619,,14.084163843028078,54.006312083507474,65.95035506460397,47.94024084910908,,14.08416384302808
Frech,161,DexAvatar,True,60.91633220011141,,13.420021293409201,59.33283584591464,75.01461695023039,52.319185736721806,,13.4200212934092
Frech,163,DexAvatar,True,58.772468546663795,,13.411881703316372,55.81185603829601,71.13395077107201,49.20363355236727,,13.41188170331637
Frech,165,DexAvatar,True,55.11542994077123,,12.915842388383714,53.30291919212013,69.83366906152852,46.80187036535971,,12.91584238838371
Frech,167,DexAvatar,True,60.337292656891144,,12.5600206977748,56.67677037105827,69.28882269745648,50.33361380654889,,12.5600206977748
Frech,169,DexAvatar,True,61.15311075432284,,12.759788108473202,57.571550389079604,68.93334223007426,51.34873230143271,,12.759788108473204
Frech,171,DexAvatar,True,61.68759511735109,,13.264877582021922,57.805620899482996,64.89095514432724,51.94519688314706,,13.264877582021922
Frech,173,DexAvatar,True,51.6311896625958,,14.078794911721426,46.69215245972212,55.50695918806367,41.58975862450875,,14.078794911721426
Frech,175,DexAvatar,True,46.03722071353879,,11.732881643097665,38.84800979230345,45.89137433925794,34.62501591069338,,11.732881643097665
Frech,177,DexAvatar,True,44.17377670024445,,15.337867291586603,31.6954100485708,40.89406578131576,28.914000139682145,,15.337867291586603
Frech,179,DexAvatar,True,43.43908164063552,,14.53277956047609,31.01443389550309,41.40270500140458,28.31097961801973,,14.53277956047609
Frech,181,DexAvatar,True,41.36418757468111,,14.55136074590504,30.76081188601239,40.69972079778941,27.67517252082274,,14.55136074590504
Frech,183,DexAvatar,True,42.35219518223247,,13.83007561305257,31.728206069097798,42.34581287472164,28.85434908968641,,13.830075613052568
Frech,185,DexAvatar,True,42.38905873579835,,13.944585266463458,31.210491915633902,42.459838123669336,28.363579130117394,,13.944585266463458
Frech,187,DexAvatar,True,41.38536216537759,,14.44667071638376,30.596138746368116,40.19646610133231,27.758183492221463,,14.446670716383762
Frech,189,DexAvatar,True,41.060376162311655,,15.184595612550172,29.63578298524208,40.50074702441025,26.876040172601947,,15.184595612550172
Frech,191,DexAvatar,True,39.49294409666593,,14.798657529794358,30.392549872267242,42.13560730741774,27.17336478383346,,14.798657529794358
Frech,193,DexAvatar,True,41.94253028436025,,13.793771197337696,30.745023188623385,42.19854962812658,27.799078630775924,,13.793771197337696
Frech,195,DexAvatar,True,41.127117643571836,,14.515366639844999,31.02083874691067,42.54776906699987,28.15176108870817,,14.515366639845004
Frech,197,DexAvatar,True,40.903104456487156,,14.238451432543895,29.8403529960991,40.78455537180639,27.094468010768708,,14.238451432543894
Frech,199,DexAvatar,True,40.02173770908248,,14.271133361056496,28.841269813771437,40.39517980349325,26.095890317805303,,14.271133361056494
Frech,201,DexAvatar,True,41.54071077551737,,14.544346813692743,29.678276740485387,41.23464936643671,26.951282657737575,,14.544346813692743
Frieren,152,DexAvatar,False,37.96550700234023,12.29138122709781,15.669711314533426,23.789529075187627,33.45309355395074,21.31452202249857,12.291381227097812,15.669711314533426
Frieren,154,DexAvatar,False,43.01737540029056,12.436632539490972,15.43070380144443,26.51467354581117,35.412886391851124,24.198936915205994,12.436632539490969,15.43070380144443
Frieren,156,DexAvatar,False,39.447863322712585,11.602483652857881,14.944789386462245,24.36664040237881,34.67212197306372,21.763710254834947,11.602483652857881,14.944789386462245
Frieren,158,DexAvatar,False,40.233376095726726,11.955673485621272,14.870496393776738,23.950272702400433,34.44474853738756,21.68477805077283,11.955673485621272,14.870496393776744
Frieren,160,DexAvatar,False,39.20079321722226,12.32705884697163,15.189095500716697,24.10672269746282,33.952144675294015,22.010481212175534,12.327058846971624,15.189095500716697
Frieren,162,DexAvatar,False,39.784980385087025,12.255191619008308,15.638367334676834,24.353770777806584,33.92765724715184,22.220779361217378,12.255191619008306,15.638367334676834
Frieren,164,DexAvatar,False,38.45545030851608,13.029053982599539,15.596462210880834,26.162348170510747,35.24112697202735,23.452160103440413,13.029053982599539,15.596462210880835
Frieren,166,DexAvatar,False,39.66514046139527,13.227176893231656,16.04624589844643,26.69064947412972,36.006420867350975,23.791223145238305,13.227176893231652,16.04624589844643
Frieren,168,DexAvatar,False,39.45287628962558,12.822238085236783,15.79120392595897,27.75223108528931,38.08841511927305,24.777039854064984,12.82223808523678,15.79120392595897
Frieren,170,DexAvatar,False,39.91322321118158,12.499679330247291,15.719522268826166,26.39407896959821,37.0431390532187,23.609440757031084,12.49967933024729,15.719522268826166
Frieren,172,DexAvatar,False,41.02430904198718,11.85432964833528,15.516319334727555,27.901544908461684,37.47818380419524,25.116973363526686,11.85432964833528,15.516319334727555
Frieren,174,DexAvatar,False,39.98302479298217,11.5283734602622,14.804082802485576,27.248503543652035,36.58215381254997,24.60821622403021,11.5283734602622,14.804082802485572
Frieren,176,DexAvatar,False,38.38874796026489,12.593610928586932,15.402219272540282,27.89173442630917,37.129618527773715,25.0982461461625,12.593610928586932,15.402219272540282
Frieren,178,DexAvatar,False,38.16185523487565,12.812447617355486,15.33029618953058,27.923517500940164,36.36076276328357,25.164905622665522,12.812447617355486,15.33029618953058
Frieren,180,DexAvatar,False,39.0913935400586,12.649283306256237,15.00656524388914,27.89997391535046,35.82876188715358,25.2148630594681,12.649283306256237,15.006565243889138
Frieren,182,DexAvatar,False,38.65609043548593,12.753796125295949,14.701123192003111,28.306196202717793,37.215933145996324,25.396681405070915,12.75379612529595,14.701123192003111
Frieren,184,DexAvatar,False,39.486059263284474,12.011787138268746,14.145862728450279,30.110109771567593,36.670900498996595,27.18050384905663,12.011787138268742,14.145862728450282
Frieren,186,DexAvatar,False,37.58556585803321,12.209869623226838,14.773628130932218,27.570660811844675,35.91397991428106,24.834810631004082,12.209869623226838,14.773628130932218
Frieren,188,DexAvatar,False,36.33851672890652,12.56941769325696,15.72824306037847,26.667770851985082,35.07642392477108,23.723634854744585,12.56941769325696,15.72824306037847
Frisch,137,DexAvatar,False,52.376148307150224,18.54807947446656,22.23060212605371,40.285435855609705,56.38605337897405,34.97764994207748,18.54807947446656,22.23060212605371
Frisch,139,DexAvatar,False,53.33790530458132,23.162253934267255,24.71987721030047,41.007824206764035,58.718208384448424,35.309002768278184,23.162253934267255,24.71987721030047
Frisch,141,DexAvatar,False,53.15000736352682,18.903533449704128,22.83915474449497,41.14960153911813,60.72330635635042,35.24681537383637,18.903533449704128,22.839154744494977
Frisch,143,DexAvatar,False,54.02158615982381,19.08765948668154,13.425265653884114,36.60686965616037,57.341906332225584,31.32992959894644,19.08765948668154,13.425265653884114
Frisch,145,DexAvatar,False,52.756820660209534,16.492464795242093,15.57182992463066,36.28667772090398,59.318874779516015,30.843538448045305,16.492464795242093,15.57182992463066
Frisch,147,DexAvatar,False,53.938457715737776,13.45285755326769,12.555529578656902,34.7578675789953,58.24190280388154,29.593338857545643,13.45285755326769,12.555529578656904
Frisch,149,DexAvatar,False,49.34843253025324,10.170753279035017,9.944696312683767,32.16254978654459,40.91053497935352,28.879599208230385,10.170753279035017,9.944696312683766
Frisch,151,DexAvatar,False,49.01261642221707,10.174972304745742,12.499236697651025,33.74321626543695,42.132088514469416,30.45263985001676,10.174972304745744,12.499236697651023
Frisch,153,DexAvatar,False,42.613790297559454,15.411850667301266,12.98290791152712,29.03344252340668,39.8301028882786,26.41718361528616,15.411850667301264,12.98290791152712
Frisch,155,DexAvatar,False,43.57691029644192,15.258815783773777,12.621751369865027,32.17146842409393,38.859488387805726,29.505791222702335,15.258815783773777,12.621751369865025
Frisch,157,DexAvatar,False,54.994230415603546,15.74145313822758,10.523957794392626,45.59342828223077,39.67128422733304,43.208002909868554,15.741453138227584,10.523957794392627
Frisch,159,DexAvatar,False,52.31879431939425,16.229705831757478,10.639383748696934,45.91435491084845,40.730592727691786,43.193917514238656,16.229705831757478,10.639383748696938
Frisch,161,DexAvatar,False,54.94491428217287,15.622428193680095,10.731266547694128,49.44249274634755,42.62224171370592,46.78175349579399,15.622428193680095,10.731266547694128
Frisch,163,DexAvatar,False,61.29764000621205,15.831509021577116,11.134447348540885,53.33638633837289,42.1079358127153,50.82412406153689,15.831509021577116,11.134447348540885
Frisch,165,DexAvatar,False,49.69930959334728,15.956265254496737,11.165384319485371,44.47751287063465,39.315116379076386,41.955836843736755,15.95626525449674,11.165384319485371
Frisch,167,DexAvatar,False,48.9230208805685,15.594427215642924,11.219841556135938,42.15645116905854,38.63398247935184,39.5788101099712,15.594427215642924,11.219841556135941
Frisch,169,DexAvatar,False,52.57412229409204,15.445099371916402,10.892855779927482,44.56261294814136,36.85290494169655,42.36557163880705,15.445099371916402,10.892855779927482
Frisch,171,DexAvatar,False,60.90745027996406,14.81190486868001,10.869822455626574,52.541064896252145,39.690621919313756,50.26019100776314,14.81190486868001,10.869822455626574
Frisch,173,DexAvatar,False,54.4143736727516,15.1598463002826,11.020138824325366,47.77075564020194,40.917987585073135,45.28135314869227,15.159846300282599,11.020138824325361
Frisch,175,DexAvatar,False,59.90873570452091,15.099653197389603,10.901519475687076,52.04330252720139,41.1585983407774,49.469253960920675,15.099653197389603,10.90151947568707
Frisch,177,DexAvatar,False,65.67413725260371,14.6629134104294,10.19764415161617,58.76394021061211,42.143809488470446,56.444548445539375,14.6629134104294,10.19764415161617
Frisch,179,DexAvatar,False,60.91018411603673,14.965001672874452,10.475212928850384,54.80540739778785,41.496151517995536,52.48621424402968,14.965001672874452,10.475212928850384
Frisch,181,DexAvatar,False,55.00743101175639,15.25486324942072,12.048923248682845,49.492514278651385,43.97776743113953,46.50917186732788,15.25486324942072,12.048923248682842
Frisch,183,DexAvatar,False,55.48470864945773,15.063336499269486,11.657174101353249,49.47564674371063,40.99542521113298,46.94292923513405,15.063336499269484,11.657174101353249
Frisch,185,DexAvatar,False,62.859048725237024,14.88688118671133,11.088270286114259,54.61599666053622,40.16855486906815,52.366297448510224,14.886881186711328,11.088270286114263
Frisch,187,DexAvatar,False,64.2522366717741,15.01531503648204,11.256563362375456,55.69432152595857,40.64355923027948,53.43227236496407,15.015315036482034,11.25656336237546
Froh,126,DexAvatar,False,45.46324514136098,11.554280647826088,13.988133974828893,33.11558020646623,38.54487152877806,30.030829630469192,11.554280647826088,13.988133974828893
Froh,128,DexAvatar,False,46.59136716927516,9.84930154951582,11.391390586591244,31.56584353613122,39.29021214425487,28.673410794770536,9.849301549515822,11.391390586591244
Froh,130,DexAvatar,False,49.55492861748554,9.541091188467005,13.69333386315879,31.055812096783143,39.180424446497604,28.10334916088885,9.541091188467007,13.69333386315879
Froh,132,DexAvatar,False,49.529490391592056,13.743607249323027,18.93837002078533,38.71619340437915,48.89038394832545,34.609638168859476,13.743607249323025,18.938370020785335
Froh,134,DexAvatar,False,51.44184318409684,10.79219769219711,15.184481560014467,40.8847003946555,55.08755679266327,36.177049266778894,10.792197692197112,15.184481560014467
Froh,136,DexAvatar,False,57.40902120673374,13.102382314923501,11.727522290481044,54.107255360240195,60.585060943465365,48.73668712147344,13.102382314923501,11.727522290481048
Froh,138,DexAvatar,False,59.43672679745825,15.833720354107202,9.991434444092507,53.96101022182635,60.922404487246645,48.4873377862287,15.833720354107202,9.991434444092507
Froh,140,DexAvatar,False,47.17154541471354,13.940060888758815,11.24282569884616,41.32564814914172,51.0750129317762,36.92880057284198,13.940060888758815,11.242825698846163
Froh,142,DexAvatar,False,48.82551122325997,12.969679013709923,12.785536813783493,41.91023027981516,49.69299993029803,37.816282870671905,12.969679013709925,12.78553681378349
Froh,144,DexAvatar,False,40.38338682309018,14.340040787981893,13.276399601545188,31.29295593984833,41.417178242130404,28.073223227096307,14.340040787981897,13.276399601545187
Froh,146,DexAvatar,False,40.17066850751107,12.929075293383246,12.923759443253672,24.48994924466429,34.34148758757526,22.14181242813747,12.929075293383246,12.923759443253672
Froh,148,DexAvatar,False,39.92488541962749,9.800234772571308,12.385479169204613,26.354872209295074,35.0987103487342,24.049715168228023,9.80023477257131,12.385479169204613
Froh,150,DexAvatar,False,41.04907818147281,11.017848252876083,13.147397105167007,26.27550664277808,34.363233896057075,23.790542013331418,11.017848252876083,13.147397105167009
Froh,152,DexAvatar,False,50.91300564760994,11.449340497602517,18.663704289232143,35.02466965524612,42.453477848234094,31.761847990550727,11.449340497602517,18.663704289232143
Froh,154,DexAvatar,False,53.57488038127801,12.585717340149056,17.849413867224886,42.742360642884776,48.235711408279364,38.95421161618806,12.585717340149056,17.849413867224882
Froh,156,DexAvatar,False,49.84206240942126,11.777864775613757,16.927006495896933,38.45516861963682,52.97311194140405,34.27992938477546,11.777864775613757,16.927006495896933
Froh,158,DexAvatar,False,49.96458530849644,11.704045649794203,15.885166403792072,39.452863040815366,55.650444304353314,34.46179024247193,11.704045649794203,15.885166403792068
Froh,160,DexAvatar,False,50.00430321602714,13.40372012890311,11.344354443715103,41.52803608941904,55.93370604433987,36.608549645279666,13.403720128903112,11.344354443715105
Froh,162,DexAvatar,False,62.47096103978583,14.076268928541134,8.956483169974106,60.76521623145431,61.999142512088895,55.045893041391366,14.076268928541134,8.956483169974108
Froh,164,DexAvatar,False,61.41118267973296,15.196510492989393,9.848004867194213,59.53082252501104,61.78222460424006,54.161164506916684,15.196510492989391,9.848004867194211
Froh,166,DexAvatar,False,49.861195646640105,15.104023048682906,11.662063588056544,42.98057865728558,46.62490668024857,39.08027577573007,15.104023048682906,11.662063588056544
Froh,168,DexAvatar,False,35.96712611505389,12.534095121141233,11.797681431828886,26.26791876364332,36.81526499758527,23.738701022146834,12.53409512114123,11.797681431828886
Froh,170,DexAvatar,False,42.56732396786918,11.746159604138283,11.8769204530373,27.654230613167886,36.32615537482448,24.959304221665665,11.746159604138283,11.876920453037298
Froh,172,DexAvatar,False,51.800122094229636,9.765076505031068,14.25840858846267,38.21213281537934,42.89070144781156,35.34199895589158,9.765076505031066,14.258408588462673
Froh,174,DexAvatar,False,56.45955766476204,10.88580825404436,15.17242587940421,43.36476128431798,46.02846874764304,39.46909171060043,10.885808254044363,15.17242587940421
Froh,176,DexAvatar,False,61.192762852284204,11.00701608554203,16.813935987563667,49.835435178947996,52.388750802633616,45.48631496588732,11.00701608554203,16.813935987563664
Froh,178,DexAvatar,False,52.00053465292191,13.30070348559761,18.726204075344278,40.79308263964715,51.61138106719496,36.75835312785347,13.300703485597612,18.726204075344274
Froh,180,DexAvatar,False,45.63405573487772,14.679391721267132,15.92596758476823,37.40147176181608,49.69031449959255,33.47328514287242,14.679391721267132,15.92596758476823
Froh,182,DexAvatar,False,59.54152930511324,11.567820601641417,12.385846318648287,55.256024748435024,62.436625068268725,50.26635602128508,11.56782060164142,12.385846318648287
Froh,184,DexAvatar,False,74.09202983121354,12.090127176737338,11.378473298972189,76.2624693613068,76.11329067696134,69.38841820973356,12.090127176737338,11.378473298972189
Glas,104,DexAvatar,False,37.318105967172485,12.618969102972958,12.406162308790991,21.26392605189725,30.15603939788852,19.238491947224578,12.618969102972958,12.406162308790988
Glas,106,DexAvatar,False,37.691281258993186,12.521050501455898,11.713156792317804,20.172212615830656,29.530948971921806,18.14659736594325,12.521050501455898,11.713156792317804
Glas,108,DexAvatar,False,36.51422110613781,14.992620899173906,10.778377733317582,21.419223211446734,29.43300490450655,19.321520324009196,14.992620899173906,10.778377733317582
Glas,110,DexAvatar,False,37.63487547355788,12.601159874167228,10.842126125229841,24.745516642281945,33.230476502890156,22.214435268252917,12.601159874167228,10.842126125229841
Glas,112,DexAvatar,False,37.56728580110847,11.562093329371306,11.619018132846499,23.552795296827117,33.1907666946133,21.1867057740119,11.562093329371306,11.619018132846493
Glas,114,DexAvatar,False,35.146973698968964,12.354389724777349,13.66475668645613,21.613911565117075,30.971143090016465,19.32334123727952,12.354389724777345,13.664756686456126
Glas,116,DexAvatar,False,36.17204526713157,12.574712085845638,13.935249325654391,22.888297677760804,31.779546572236168,20.865832773316594,12.574712085845638,13.935249325654395
Glas,118,DexAvatar,False,34.058183807582196,13.181009813302843,14.52692287697459,24.975341047983935,33.20077052986185,22.69635375791779,13.181009813302841,14.526922876974588
Glas,120,DexAvatar,False,35.72900267449276,14.239541537460426,14.212583587542584,22.87629886696333,31.59782534747179,20.469057424473995,14.239541537460424,14.21258358754258
Glas,122,DexAvatar,False,34.60180324052072,16.53837967180445,14.412057955911473,24.515393437153712,33.99622672061664,22.000920574699887,16.538379671804453,14.412057955911472
Glas,124,DexAvatar,False,35.14655729883975,14.777741431962042,14.172051535962185,25.427627352689164,34.525385705032576,22.785214014405586,14.777741431962042,14.172051535962186
Glas,126,DexAvatar,False,35.38641265920168,14.100609915791008,14.734771858605937,25.52383890868882,34.698598735981854,22.91144417687025,14.10060991579101,14.734771858605937
Glas,128,DexAvatar,False,35.92037573370575,13.786207868943874,14.15198429858338,25.372814049549817,34.130289784238144,22.818801469863043,13.786207868943874,14.151984298583383
Glas,130,DexAvatar,False,34.18761504068243,13.520566616307487,14.553367731926244,25.267736116870093,34.71420619517459,23.001940276817,13.520566616307491,14.553367731926246
Glas,132,DexAvatar,False,34.08082303303218,14.370063644792618,14.166457997252504,24.42086870108719,34.10912064275003,22.050225895458897,14.370063644792618,14.166457997252504
Glas,134,DexAvatar,False,36.489676333273216,14.10794794034781,14.530332514908768,24.011087956467353,34.92303869337058,21.30881862685586,14.107947940347808,14.530332514908771
Glas,136,DexAvatar,False,37.45069886756271,14.43974573479221,15.01348395668258,22.458962676180022,32.85463202214552,19.81146518097706,14.439745734792208,15.01348395668258
Glas,138,DexAvatar,False,35.08017279311604,14.140987969978276,14.250759579204207,22.25608372953121,32.661517930144534,19.656647995702137,14.140987969978276,14.250759579204207
IdiomPffIgnorieren,122,DexAvatar,False,44.15433427339499,17.775970809000075,13.303940326390386,25.170156314161307,39.54765321478564,21.626391377411572,17.775970809000075,13.303940326390387
IdiomPffIgnorieren,124,DexAvatar,False,44.883171326663934,13.217162534474745,12.621923710337569,25.233981463716557,40.69531432555135,21.553506781663636,13.217162534474745,12.621923710337573
IdiomPffIgnorieren,126,DexAvatar,False,47.29979866257127,12.280080083038216,11.898564123120746,22.694127429968958,36.115775519090604,19.584100380873075,12.280080083038216,11.898564123120744
IdiomPffIgnorieren,128,DexAvatar,False,48.59145742759013,13.406186344955817,16.16526381534445,20.44297216444456,31.850070700647777,17.56241497110689,13.406186344955813,16.16526381534445
IdiomPffIgnorieren,130,DexAvatar,False,52.09940891196263,14.526739590531484,15.437473386579704,22.28715251104293,35.60951572258403,19.072138965647287,14.526739590531484,15.437473386579706
IdiomPffIgnorieren,132,DexAvatar,False,52.089216977791644,15.931990356258627,13.900021627807872,21.60748149233686,34.23068142757063,18.633579545396373,15.931990356258627,13.900021627807867
IdiomPffIgnorieren,134,DexAvatar,False,56.12500703641884,16.550224439033848,15.344279889716296,21.68216672720823,34.889256540500966,18.5527160382659,16.550224439033844,15.344279889716294
IdiomPffIgnorieren,136,DexAvatar,False,54.67346591532233,15.857914970103835,14.411622532275866,21.182431132853047,34.01037492798251,18.066398510122067,15.857914970103831,14.411622532275866
IdiomPffIgnorieren,138,DexAvatar,False,51.48964011157865,16.00034978533951,14.518063915020615,22.884569747507257,36.53898194298342,19.72327730897346,16.000349785339505,14.518063915020615
IdiomPffIgnorieren,140,DexAvatar,False,47.81856948774521,16.12490284427519,13.693203610054546,23.592631790846152,37.656534024004856,20.365178079868,16.12490284427519,13.693203610054546
IdiomPffIgnorieren,142,DexAvatar,False,45.03612342827381,15.611649712440977,13.57639574286349,21.325778766978683,34.48550381279706,18.335593303591654,15.611649712440975,13.576395742863491
IdiomPffIgnorieren,144,DexAvatar,False,45.95184416794007,16.176887868263655,14.792185661415768,21.83825729564398,34.74813757850703,18.673970441247704,16.176887868263655,14.792185661415768
IdiomPffIgnorieren,146,DexAvatar,False,48.045283467644936,16.214532925865907,15.263109316728237,21.809207849543476,34.8687331979475,18.665461637630955,16.214532925865907,15.263109316728235
IdiomPffIgnorieren,148,DexAvatar,False,49.01861540648869,15.722908171219942,14.847748739748598,22.872091033581587,36.54284486172423,19.632050215692125,15.722908171219942,14.8477487397486
IdiomPffIgnorieren,150,DexAvatar,False,48.080242564083264,15.990496339441142,15.10731916136312,22.110444865225062,35.597375653505914,19.036304190903937,15.990496339441142,15.107319161363124
IdiomPffIgnorieren,152,DexAvatar,False,45.84857788672766,14.326247111902783,14.511065918015795,21.025278650204346,34.05762248751229,18.01066587116319,14.326247111902777,14.511065918015792
Jahr,162,DexAvatar,True,36.74602305266374,,17.47897687495246,29.528508233455913,41.28885854049179,25.647068468552504,,17.47897687495246
Jahr,164,DexAvatar,True,45.45866542825183,,16.639401894475185,40.44337852757419,51.6754827111767,35.58151369755203,,16.639401894475185
Jahr,166,DexAvatar,True,53.3875564869073,,17.805096046471693,52.92529618784541,69.96087573396763,46.17761613296454,,17.80509604647169
Jahr,168,DexAvatar,True,54.28061062176023,,18.712988080330348,60.114608865463474,77.62358856352455,52.50533869548297,,18.712988080330348
Jahr,170,DexAvatar,True,54.049922895666136,,22.506714909346957,60.33978409719701,78.75189816223562,52.72746153128994,,22.506714909346957
Jahr,172,DexAvatar,True,54.83372715295037,,19.643400429161456,59.58177832711731,79.61313444282693,51.97334882982483,,19.643400429161453
Jahr,174,DexAvatar,True,50.51857140286461,,19.874561263686083,55.140586667235624,74.0021147893524,47.91143022728377,,19.874561263686086
Jahr,176,DexAvatar,True,42.794326159150906,,19.873503546364436,45.25150248409516,59.695448815477995,39.460145392280666,,19.873503546364436
Jahr,178,DexAvatar,True,39.33798665162218,,19.726781343667284,34.43830601923093,48.379281986344665,29.972043629089278,,19.726781343667284
Jahr,180,DexAvatar,True,37.24376299011174,,14.418848668755766,30.111770184358708,44.23167173315405,26.18621044701242,,14.418848668755766
Jahr,182,DexAvatar,True,36.38835882261991,,14.283997659802196,26.883226996061506,42.23111897238302,23.13469458003888,,14.283997659802196
Jahr,184,DexAvatar,True,35.06379490294798,,17.241107106952587,23.936814346481288,38.585046979856706,20.34462766681138,,17.24110710695259
Jahr,186,DexAvatar,True,33.767227366249294,,16.208867457500236,25.719205618525326,41.99746493559389,22.101342971445813,,16.208867457500236
Jahr,188,DexAvatar,True,34.501502813231134,,15.435429251269442,23.76548417715718,37.40558508223543,20.542182789370635,,15.435429251269442
Jahr,190,DexAvatar,True,35.31815984375426,,16.033878009107703,24.491138902993846,37.921301130224045,21.26270397212556,,16.033878009107703
Jahr,192,DexAvatar,True,32.59241054174208,,14.817852333126664,25.620413472688092,40.02961014726047,22.53510044898046,,14.817852333126664
Jahr,194,DexAvatar,True,31.58433228476202,,16.135891630958728,23.817378056109995,36.853238679998604,20.539143048223856,,16.135891630958728
Jahr,196,DexAvatar,True,38.75937189712278,,15.204780821020318,33.52029027993468,38.30911182139168,30.1078150010413,,15.204780821020318
Jahr,198,DexAvatar,True,72.47211404599167,,16.08690378571932,64.00001325060957,35.644510756975514,64.29649300463484,,16.08690378571932
Jahr,200,DexAvatar,True,30.413415347260532,,15.537046442899982,25.394949839967786,36.92213476344169,22.415406889918632,,15.53704644289998
Jahr,202,DexAvatar,True,29.420620246181723,,15.711923680358751,24.453434095010664,38.07581204431743,20.807166493426497,,15.711923680358755
Jahr,204,DexAvatar,True,28.37138333518713,,16.940988399101222,24.21315873996788,36.64353573615454,20.615453666876917,,16.940988399101226
Jahr,206,DexAvatar,True,32.131369135995534,,14.790195680764821,27.12881391030345,43.427435170578335,22.830561681294522,,14.790195680764821
Jahr,208,DexAvatar,True,35.09110524543482,,12.161380154446347,28.33318594626568,45.8419384433485,23.952761203769015,,12.161380154446347
Jahr,210,DexAvatar,True,35.84857794199524,,13.425232335698272,31.97759804395006,51.42282061334941,26.96971655932861,,13.425232335698274
Jahr,212,DexAvatar,True,33.189938629458204,,13.694484857886993,26.50781913616315,40.12319766839834,22.59498751714096,,13.694484857886994
Jahr,214,DexAvatar,True,38.78801300156943,,16.060844782274238,30.758816433858396,47.05499478125767,26.324041156549697,,16.060844782274238
Jahr,216,DexAvatar,True,37.61615518514577,,15.11862629331139,32.54318462650703,49.9730648706497,27.69708776846532,,15.118626293311392
Jahr,218,DexAvatar,True,36.361785734273724,,16.461995567260576,30.301344190719742,45.6589990949892,25.888047041073666,,16.461995567260576
Jahr,220,DexAvatar,True,37.10871529049842,,15.92495198314442,29.540543581064032,42.4637644451001,25.689655943892205,,15.92495198314442
Jahr,222,DexAvatar,True,36.623397309542476,,15.36885850582112,29.844205246265222,40.93365046470166,25.941724557674625,,15.368858505821116
Jahr,224,DexAvatar,True,36.306661403840124,,18.310592232743293,28.25015352995386,39.193225620433516,24.563514151422623,,18.310592232743296
Jahr,226,DexAvatar,True,38.145713862898226,,16.776293513020708,28.687338845672503,40.937113098025605,24.751071539525846,,16.776293513020708
Jahr,228,DexAvatar,True,40.27523146733948,,15.90046041357945,29.434109897856896,42.96105258816604,25.409089295134507,,15.90046041357945
Jahr,230,DexAvatar,True,32.757292589087484,,15.147734768673352,29.020701708736926,41.510657558391934,24.83726463137997,,15.147734768673352
Jahr,232,DexAvatar,True,38.39896537624065,,14.093553967706406,31.930924067108297,45.788110415373566,27.644328493080998,,14.093553967706402
Jahr,234,DexAvatar,True,38.37322294727192,,14.794361868892498,30.665686594534062,45.42955438594263,26.468867798129658,,14.794361868892498
Jahr,236,DexAvatar,True,37.942061038136565,,14.761517023331159,30.45843456129561,45.23775296903305,26.126019612685912,,14.761517023331159
Jahr,238,DexAvatar,True,33.17339445819482,,15.194245111186623,27.826209352662005,41.07252531090564,23.848263499700817,,15.194245111186623
Jahr,240,DexAvatar,True,36.01754392147701,,15.223103945394024,31.24894675286999,44.02678754777943,26.844417253093805,,15.223103945394024
Klar,122,DexAvatar,True,41.95851967262192,,15.25717944603126,31.41599990497923,44.095962051698045,27.618474100469584,,15.25717944603126
Klar,124,DexAvatar,True,40.2046964791425,,14.791374627643457,30.378191116804647,39.97016772636647,26.859027711523133,,14.791374627643458
Klar,126,DexAvatar,True,43.091990795361625,,19.765202194502468,35.25509508690178,45.1828451362936,31.120985693006713,,19.765202194502468
Klar,128,DexAvatar,True,44.29577758879891,,19.966083003140024,37.30433621596075,45.332844602816394,32.971632961255374,,19.966083003140024
Klar,130,DexAvatar,True,46.69986457823406,,13.621167869917961,39.29114799309881,49.904993215572226,34.41168349106161,,13.621167869917961
Klar,132,DexAvatar,True,47.27677929690475,,17.84820077326543,42.565513855236965,54.74420389047829,37.38370629623336,,17.84820077326543
Klar,134,DexAvatar,True,48.0837930062451,,23.328161652312712,43.11965425283525,59.36182285672986,37.6394956814283,,23.328161652312712
Klar,136,DexAvatar,True,46.70021733271919,,21.281709630567345,41.72680425939259,58.02355679471702,36.26833281935285,,21.281709630567338
Klar,138,DexAvatar,True,43.384066338345264,,12.881379374100884,37.345840107243525,52.13467044706018,32.44351539790305,,12.881379374100886
Klar,140,DexAvatar,True,43.419209658224254,,10.979436350445496,39.31313246803121,51.227295377629375,34.39615290558057,,10.979436350445496
Klar,142,DexAvatar,True,37.19696139515376,,11.068225596194274,30.46916423854187,41.66145855280214,26.402998760486113,,11.068225596194274
Klar,144,DexAvatar,True,36.73250016708204,,10.295093472662195,30.213344409068814,40.909256339329616,26.550433905553948,,10.295093472662195
Klar,146,DexAvatar,True,43.54896054133777,,10.42028302187147,35.17650874757185,49.27432514200027,30.903222169998937,,10.420283021871475
Klar,148,DexAvatar,True,41.38038536753223,,10.143966816107914,34.27069624682916,48.82317860617861,29.901202393491744,,10.143966816107914
Klar,150,DexAvatar,True,36.581154174080346,,11.05779370331797,30.33861334541021,39.527114844220634,26.893538224074927,,11.057793703317966
Klar,152,DexAvatar,True,40.94702878995073,,9.6391415514111,32.019577905105784,46.32410814171404,28.014288324850906,,9.6391415514111
Kochen,135,DexAvatar,False,35.97204786993828,15.343567633241726,16.39756637260495,21.53684380323162,32.73788038527908,18.949146562195615,15.343567633241726,16.397566372604942
Kochen,137,DexAvatar,False,36.23395012221413,11.155649675355487,17.674444594414187,24.86905466639809,33.12021225206574,22.264043916879274,11.155649675355487,17.674444594414187
Kochen,139,DexAvatar,False,37.547843641481094,9.08394177483128,19.02812282358106,23.171509176567326,34.17207184464709,20.596552607757634,9.08394177483128,19.028122823581057
Kochen,141,DexAvatar,False,37.48999907915276,9.23147365715616,20.11649023907847,24.48117830864447,36.38869764592886,21.52604133256627,9.231473657156158,20.116490239078466
Kochen,143,DexAvatar,False,37.18619530428002,9.524442400066471,20.504702733139318,26.023578362504107,39.36978413034979,22.958542698219386,9.52444240006647,20.504702733139318
Kochen,145,DexAvatar,False,37.22196401772586,10.075912442117378,20.370267004618913,29.637720529337635,42.949653925558415,25.885605948237142,10.075912442117378,20.37026700461891
Kochen,147,DexAvatar,False,42.593423155644004,9.926826582329262,21.19467091720112,27.65796517983073,43.957106969637024,24.146753990062134,9.926826582329262,21.19467091720112
Kochen,149,DexAvatar,False,41.40383285212761,13.465467227312114,19.78679470796841,25.087654021844926,40.24165645072604,21.95690809858354,13.465467227312114,19.78679470796841
Kochen,151,DexAvatar,False,41.76853607440347,8.769449741085916,20.40418401025661,25.382657915556024,36.28260300027351,22.724478295802527,8.769449741085916,20.40418401025661
Kochen,153,DexAvatar,False,39.84080278721643,16.062700894815535,18.375678648779626,25.757705998286443,34.07255388657873,23.098983407452323,16.062700894815535,18.375678648779626
Kochen,155,DexAvatar,False,37.097576305232195,16.48903107774789,17.34209231296616,23.53672280228871,33.363456010669395,20.837729622641206,16.48903107774789,17.342092312966162
Kochen,157,DexAvatar,False,41.70308020464821,9.310198870754183,17.395429022183922,26.134348063500987,36.34314604744513,23.28241617465662,9.310198870754183,17.395429022183922
Kochen,159,DexAvatar,False,36.136404679521206,14.44408707324694,16.260210320785227,20.592429948099518,31.688852908220593,18.371341715663366,14.444087073246939,16.260210320785227
Kochen,161,DexAvatar,False,34.54030886153643,9.93240585815455,15.931653601408767,19.569571114079313,29.02933394194179,17.72539430533379,9.932405858154553,15.931653601408767
Kochen,163,DexAvatar,False,36.52393145445053,16.465490045632173,15.41944024551569,19.012838324802264,28.169892546172697,17.014983512653796,16.46549004563217,15.41944024551569
Kochen,165,DexAvatar,False,38.081625814383436,13.841515740091996,15.530995258738095,18.320309852606712,27.658902187184072,16.34457415984682,13.841515740092001,15.530995258738095
Kochen,167,DexAvatar,False,36.64960024134336,15.561028447463507,16.322433974541227,18.46017249841151,27.04389769667833,16.696804074612416,15.561028447463508,16.32243397454123
Kochen,169,DexAvatar,False,37.019728374024524,9.786259328420902,17.964085899429435,20.193477177358325,29.07476690257276,18.014930319403437,9.7862593284209,17.96408589942943
Kochen,171,DexAvatar,False,35.03729206339556,9.02901538587703,18.653503292769674,21.821251843991533,31.10704893282951,19.49420212158486,9.029015385877031,18.65350329276967
Kochen,173,DexAvatar,False,30.299267558497576,14.381178199556974,18.57013776066534,20.878257404424353,30.991328545381972,18.789698494842895,14.381178199556976,18.57013776066534
Kochen,175,DexAvatar,False,35.69533865154453,14.907105753051017,19.350080295348388,23.55088051214762,36.015984129544485,20.61871821177469,14.907105753051018,19.350080295348384
Kochen,177,DexAvatar,False,37.88282902379624,10.605011116776456,20.419347403707256,22.689530420055263,34.69542882188597,19.9696651087312,10.605011116776454,20.419347403707256
Kochen,179,DexAvatar,False,36.28022968991516,10.73897350002163,19.75533777177258,27.90513840562547,41.11230835440043,24.444892407949524,10.738973500021633,19.75533777177258
Kochen,181,DexAvatar,False,41.584533877139535,10.418252964339272,20.26374904801996,24.802968721697262,37.49601120245973,21.621453841889547,10.418252964339272,20.26374904801996
Kochen,183,DexAvatar,False,44.40663167823184,10.549922339918641,19.722893545181098,25.880708266575137,38.142635403609134,22.578062153363035,10.549922339918643,19.722893545181098
Kochen,185,DexAvatar,False,41.22821857973311,9.817799822923599,19.15195341786141,24.95073822184771,37.3938018680818,21.820430610729215,9.817799822923595,19.151953417861407
Kochen,187,DexAvatar,False,51.24480979943806,9.697752251089016,18.547658926814336,36.51902501872136,58.690068718030055,31.4073094770086,9.697752251089014,18.547658926814336
Kochen,189,DexAvatar,False,37.71509554463153,15.446330167496406,16.012679141640792,20.339676706885506,30.593118689797066,17.779564588709864,15.446330167496406,16.012679141640792
Kochen,191,DexAvatar,False,37.298839929335486,10.358286086079543,16.49318345109552,20.43264394415881,31.714464148558843,17.596316508376574,10.358286086079543,16.49318345109552
Kochen,193,DexAvatar,False,38.288561989042236,9.878432034457125,16.106192305474224,19.914284659444423,30.208004479057827,17.252218364365078,9.878432034457125,16.106192305474224
Kochen,195,DexAvatar,False,37.92373327450917,10.130662612889868,16.9790192704295,19.54238294351353,29.845325259601594,16.896980020032817,10.130662612889866,16.9790192704295
Kochen,197,DexAvatar,False,37.13827177159799,9.924111794549662,17.217033577080784,19.35996596592873,29.055452709289113,17.118248161094517,9.924111794549662,17.217033577080787
Kochen,199,DexAvatar,False,32.99268707465878,9.223175137324027,17.861458512758283,19.762606081032494,29.793505665569242,17.5283573338209,9.223175137324027,17.861458512758283
Kochen,201,DexAvatar,False,38.28654113102029,8.8791261863899,18.539196644386053,20.885312926602506,31.564543308094628,18.458720612895245,8.879126186389897,18.539196644386053
Kochen,203,DexAvatar,False,32.44689720294339,9.687379461183403,18.5455821871046,20.93128316774161,31.80091175730676,18.36752007422751,9.687379461183403,18.5455821871046
Kochen,205,DexAvatar,False,36.355162963133466,9.848155920658431,18.869375070411873,21.631137717860774,32.57695683526971,19.077841124709344,9.848155920658431,18.869375070411873
Kochen,207,DexAvatar,False,34.87754672563942,14.882866000740956,18.65543468048153,20.74548124405653,31.88942708027164,18.122280648159546,14.882866000740956,18.655434680481534
Kochen,209,DexAvatar,False,38.03144666362946,10.890751426456463,19.590990164940585,22.660609319469124,34.975411374068706,19.91743845608371,10.890751426456463,19.59099016494059
Kochen,211,DexAvatar,False,33.98739083763838,16.22709079801269,17.952488415273532,23.583863004265154,36.36109975522954,20.745891264149122,16.227090798012686,17.952488415273532
Kochen,213,DexAvatar,False,40.75331506191399,11.46138048574555,18.206417183048643,24.0929906705295,37.530041005981374,20.96116438902503,11.461380485745549,18.206417183048643
Kochen,215,DexAvatar,False,48.182727198653396,10.938228311800929,18.094516117839614,35.116253000338645,55.43148373937368,30.298200790778143,10.938228311800927,18.094516117839618
Kochen,217,DexAvatar,False,40.19794615937246,11.712806704000053,17.376135928297778,22.11406784662083,34.58074471916286,19.50728231546529,11.712806704000053,17.376135928297778
Kochen,219,DexAvatar,False,50.94507824028627,9.24298053892686,17.547362173197136,40.230214746295424,67.63105268728819,34.3524546923047,9.24298053892686,17.547362173197136
Kochen,221,DexAvatar,False,49.308163010385265,9.810504980076713,17.382999808700202,40.3794856645061,67.74392673660648,34.409120192650114,9.810504980076713,17.382999808700205
Kochen,223,DexAvatar,False,50.3717645639101,10.66864842367494,16.608048363487235,39.94165989606349,67.56750555879675,34.21579762795905,10.668648423674936,16.608048363487235
Kochen,225,DexAvatar,False,49.71655807611182,9.425758593143586,17.059056890930574,42.25519111966338,70.06157005529599,35.98556016512854,9.425758593143584,17.059056890930574
Lesen,153,DexAvatar,False,38.939434656279616,12.130284074853387,11.127661902550013,28.429565440032064,47.048720490647966,23.98124643026581,12.130284074853387,11.127661902550013
Lesen,155,DexAvatar,False,37.82617572321173,12.613977037245679,11.082339135370564,28.785185343271927,46.127991643421346,24.405633349924265,12.613977037245682,11.082339135370564
Lesen,157,DexAvatar,False,47.48707040441445,13.148598188000669,11.02480708292697,30.93130407724636,51.74818503645003,26.119239065979638,13.148598188000669,11.02480708292697
Lesen,159,DexAvatar,False,41.47738946392166,11.746176071046667,10.853766780268332,33.548980332844934,50.69541720423838,28.723602114186093,11.74617607104667,10.853766780268332
Lesen,161,DexAvatar,False,42.05871809691943,11.829155163047584,10.238337702231195,28.64206089128381,46.77034127405444,24.15638811056987,11.829155163047584,10.238337702231199
Lesen,163,DexAvatar,False,42.496588536703634,11.951068940271115,12.212278610878851,32.6661021222217,50.36793904089243,28.01972663835358,11.951068940271114,12.21227861087885
Lesen,165,DexAvatar,False,42.036563966946495,13.107872899166365,11.688640922692358,31.23238615343957,49.579734128049004,26.787257640593864,13.107872899166365,11.68864092269236
Lesen,167,DexAvatar,False,40.473220234518216,11.48331035969219,12.098989675778043,32.2626043525434,49.05099376813021,27.70349524740865,11.483310359692188,12.098989675778046
Lesen,169,DexAvatar,False,42.55057562362317,10.586497039400347,10.827151813404953,34.892184769124285,49.408943588283044,30.364588268113874,10.58649703940035,10.827151813404953
Lesen,171,DexAvatar,False,43.47510053309711,11.105184888315607,10.648862389580184,27.93293007944952,46.401888404251714,23.786022372556165,11.105184888315605,10.648862389580183
Lesen,173,DexAvatar,False,43.33479738743692,12.424150407554349,11.174312536117109,26.767018888562806,43.7748493662924,22.77708731707263,12.424150407554349,11.174312536117109
Lesen,175,DexAvatar,False,43.85565769577922,10.664823550987995,10.661900845175674,27.272102214087628,43.786833847787584,23.09942018640322,10.664823550987995,10.661900845175674
Lesen,177,DexAvatar,False,43.52823210958399,11.809170928654785,10.684150581478864,28.404009782645357,42.79586345591096,24.46964877121245,11.809170928654781,10.684150581478864
Lesen,179,DexAvatar,False,44.775940520740775,11.268860205967519,10.912256024406238,29.32892776066145,46.72205267288088,25.159224484044763,11.268860205967519,10.912256024406233
Lesen,181,DexAvatar,False,41.49556205219439,11.223849947484709,11.194058217321622,30.6317557513259,47.67468339739945,26.493355598378667,11.223849947484709,11.19405821732162
Lesen,183,DexAvatar,False,42.05661468205556,11.821519967029815,10.739616337871732,32.41576334828625,44.90174529803159,28.32711240266231,11.821519967029811,10.739616337871732
Lesen,185,DexAvatar,False,41.741316626959495,12.144276491703168,11.280748575114163,30.28793427388205,44.74725301154844,26.337323579291603,12.144276491703168,11.280748575114162
Lesen,187,DexAvatar,False,42.808549186388525,10.897976475463041,11.057625287715178,31.80148646190413,44.61176869148152,27.778169719793194,10.897976475463045,11.057625287715176
Lesen,189,DexAvatar,False,45.253781184378795,8.872520456436556,11.707653574405855,31.811290311448833,51.24271076278421,27.288199289231404,8.872520456436556,11.707653574405855
Lesen,191,DexAvatar,False,46.62193174817578,10.036084920659212,11.064642115257557,32.400184161245384,51.27007908195306,27.955421395650806,10.03608492065921,11.064642115257556
Lesen,193,DexAvatar,False,45.92375520622715,9.92585411598552,10.688003690341262,31.280076419251074,52.459075086125736,26.333284284418298,9.925854115985517,10.688003690341267
Lesen,195,DexAvatar,False,46.61063346864839,11.509527142212205,11.682712812008464,30.74433583862514,50.52303482366442,26.388483459753115,11.509527142212205,11.682712812008464
Lesen,197,DexAvatar,False,45.88508549179809,9.121745086800022,13.7847063200497,29.95534900089901,49.40985766559193,25.657068885990306,9.12174508680002,13.7847063200497
Lesen,199,DexAvatar,False,41.60255649410082,10.705324102748213,12.453043275695263,27.484478734906947,44.10028448908521,23.372229672408846,10.705324102748211,12.453043275695263
Lesen,201,DexAvatar,False,40.16942942811736,10.878493898168824,12.836288174160066,27.92467266337263,41.711232471075505,24.102960213272322,10.878493898168825,12.83628817416006
Lesen,203,DexAvatar,False,42.208034290821644,11.7358869201829,13.932923182218307,26.032824713327813,42.95501059967236,22.248208426717785,11.735886920182901,13.93292318221831
Lesen,205,DexAvatar,False,45.75529420052193,10.368880376015262,13.979094130583196,32.001260194352525,54.267452900437256,27.159259601253282,10.368880376015262,13.97909413058319
Lesen,207,DexAvatar,False,46.09194443012876,10.659146747203128,13.179595742199488,31.334860680485306,51.97091253559528,26.701159544165858,10.659146747203128,13.179595742199492
Lesen,209,DexAvatar,False,43.14955687287353,8.10038718811187,14.08858561642489,29.167654075460295,48.30914729029886,25.005423115282525,8.10038718811187,14.08858561642489
Lesen,211,DexAvatar,False,42.392888647626705,9.062970625593879,13.989857158120069,30.152934906375624,49.44615557498531,25.66329134942309,9.062970625593879,13.989857158120067
Lesen,213,DexAvatar,False,38.58781617279233,8.145322437134277,13.666146998891755,28.212369819403424,46.28841907188875,23.86471852873255,8.145322437134277,13.666146998891753
LiebBitte,142,DexAvatar,True,51.41751307634317,,13.14055138645677,49.042622346309535,59.38838790905665,43.570930973679815,,13.14055138645677
LiebBitte,144,DexAvatar,True,56.7909636405698,,12.989967392895736,54.77157076776759,69.1588714921462,48.19919062176489,,12.989967392895736
LiebBitte,146,DexAvatar,True,57.74332136085462,,13.748103093868028,54.52017944237821,67.96377123267666,48.22301868381122,,13.748103093868027
LiebBitte,148,DexAvatar,True,58.62333703206617,,13.69394650822065,55.45686060660939,70.3201387089845,48.9329893198941,,13.69394650822065
LiebBitte,150,DexAvatar,True,56.341664211811555,,15.842432587258381,52.77325141665851,66.59649714353466,46.43614102275013,,15.842432587258374
LiebBitte,152,DexAvatar,True,56.332911748790735,,14.538970858427831,50.90380664927977,64.470577678506,44.79571801192109,,14.538970858427833
LiebBitte,154,DexAvatar,True,49.616920435497164,,12.239456342181832,43.42980406933614,54.756887100742986,38.596310268751246,,12.239456342181835
LiebBitte,156,DexAvatar,True,51.472259940947204,,12.865133389922761,42.889838490469245,51.68460803608716,38.173906363914,,12.86513338992276
LiebBitte,158,DexAvatar,True,49.479682000374666,,12.869166655339892,41.258567038941976,51.0031517191977,36.50856134705666,,12.869166655339896
LiebBitte,160,DexAvatar,True,55.93984863843259,,14.517801413412238,47.656350646736875,59.40847673287541,41.98785288530824,,14.517801413412244
LiebBitte,162,DexAvatar,True,54.061012541647855,,13.924992710334918,46.261948604675226,56.27386781095959,40.89030622778267,,13.924992710334916
LiebBitte,164,DexAvatar,True,52.13303258899335,,14.627095730651671,44.95204495084289,53.85629799823895,39.733746315796445,,14.627095730651671
LiebBitte,166,DexAvatar,True,54.64608309771965,,15.129208809863579,48.013982899707216,60.38698831208802,42.225376400969665,,15.129208809863583
LiebBitte,168,DexAvatar,True,54.11130229281439,,15.263077240515983,47.19776577928311,59.03840413080791,41.59161107542824,,15.263077240515983
Luegen,115,DexAvatar,True,40.2872912292137,,15.677464852535152,31.231728514398203,45.17296021184938,27.326934162171646,,15.677464852535152
Luegen,117,DexAvatar,True,44.9384437237564,,16.406427821506686,36.156216237376526,51.28755004381022,31.993271131099448,,16.40642782150669
Luegen,119,DexAvatar,True,48.4473656818922,,16.361923572467607,41.67598236428508,55.28570865926766,36.74069659621233,,16.3619235724676
Luegen,121,DexAvatar,True,53.51917507738008,,16.45771035224501,45.13227609248438,55.19299361786981,40.239682945814415,,16.457710352245005
Luegen,123,DexAvatar,True,54.44816425557622,,14.821247258837857,44.7996053106345,57.33246168462921,39.550206432134594,,14.821247258837854
Luegen,125,DexAvatar,True,42.10814727128402,,13.308120778857147,34.141627925299844,50.79342225434031,30.080451405017925,,13.308120778857147
Luegen,127,DexAvatar,True,43.92582884388716,,15.312655150534875,35.47416877421953,50.81244593900333,31.430799433127294,,15.312655150534878
Luegen,129,DexAvatar,True,44.58882299838696,,13.27715813202338,35.34784813903653,51.75918568951919,31.310424635967017,,13.27715813202338
Luegen,131,DexAvatar,True,41.430373617585346,,12.79733341260341,31.290472336336716,46.548021931648705,27.34535450498669,,12.79733341260341
Luegen,133,DexAvatar,True,46.3980407169248,,13.920584246472721,39.297072513323705,51.74630410029294,34.54062868977786,,13.920584246472721
Luegen,135,DexAvatar,True,48.08763702081545,,15.543279979057521,39.950630244271004,50.23362462161524,35.58542859096224,,15.543279979057525
Luegen,137,DexAvatar,True,50.226761896993175,,16.45402813592862,43.43514543340723,55.52766422170028,38.549772123057075,,16.454028135928617
Luegen,139,DexAvatar,True,55.13780600261941,,16.481311293187403,47.23738651394051,60.04603907797147,42.05064544930238,,16.481311293187407
Luegen,141,DexAvatar,True,64.69427386622661,,15.38046184000716,53.8189109562549,62.91485700430599,47.949428472173544,,15.380461840007161
Luegen,143,DexAvatar,True,48.35362792429735,,13.91651514034335,39.33777642757517,55.57686396187934,34.65828623336599,,13.91651514034335
Luegen,145,DexAvatar,True,40.52453567813159,,13.27184687003255,34.02620855638972,49.01244953933616,30.034200053401886,,13.27184687003255
Luegen,147,DexAvatar,True,35.37649020912094,,12.080819048369758,28.55527773856333,41.34409135677242,25.283724869105292,,12.080819048369756
Muell,116,DexAvatar,True,44.366129394717795,,10.14776705504931,27.023872095727032,42.694679503546745,23.761268135036293,,10.147767055049314
Muell,118,DexAvatar,True,45.06447483204493,,11.23946335762087,26.67054646698966,40.32865476092456,23.448649006214804,,11.239463357620869
Muell,120,DexAvatar,True,44.748737805144636,,10.96678663010155,25.934866679275732,36.124286726975164,22.893219539726044,,10.96678663010155
Muell,122,DexAvatar,True,48.41741424057578,,12.139973762951577,28.88104379496833,41.38998551602614,25.45173614575931,,12.139973762951577
Muell,124,DexAvatar,True,48.30115120686109,,12.217355011324052,30.04346564271528,39.57031611152786,26.727789628428678,,12.217355011324052
Muell,126,DexAvatar,True,41.73774762345529,,11.93080002614696,28.37650043955726,44.56777260933088,24.952645555419625,,11.930800026146958
Muell,128,DexAvatar,True,55.175116904969514,,10.24041437772506,35.12143453759235,55.27963979605148,30.627973365256043,,10.24041437772506
Muell,130,DexAvatar,True,48.11299631438744,,16.044544620073616,32.09739124687676,50.698547044064505,27.985667450099058,,16.044544620073616
Muell,132,DexAvatar,True,48.106929096246084,,18.367491044165433,32.22746948902619,47.707326634972866,28.74121016583605,,18.36749104416543
Muell,134,DexAvatar,True,40.978545965999075,,16.7823281289583,27.908641219986137,42.24546619214251,24.790565818015406,,16.782328128958294
Muell,136,DexAvatar,True,37.55210475878345,,15.409331249081172,28.22644479524375,39.801712318138364,25.712223878547206,,15.409331249081172
Muell,138,DexAvatar,True,45.589868727668446,,16.505541981269765,30.762147540274814,43.62908563614679,27.74013905824141,,16.50554198126977
Muell,140,DexAvatar,True,42.17021565879721,,28.17405861647022,31.056087979225016,44.410706741706306,27.554783129345164,,28.17405861647022
Muell,142,DexAvatar,True,41.57246413545042,,28.105800385419677,31.031321597241583,44.26225591282296,28.159157538715824,,28.105800385419677
Muell,144,DexAvatar,True,39.90542709481864,,27.629462424641364,30.45451066605513,42.445969230434414,27.647349199319255,,27.629462424641357
Mutter,138,DexAvatar,True,47.264574163817855,,12.404465114185998,35.37408160073095,47.892362373929224,31.116884348804643,,12.404465114185998
Mutter,140,DexAvatar,True,50.42902459484639,,13.133089898045949,38.228396587248234,51.26892883238652,33.721104383149104,,13.133089898045949
Mutter,142,DexAvatar,True,46.528891605401476,,12.936354080523385,36.52153392962137,50.34192222364119,31.920618038874352,,12.936354080523387
Mutter,144,DexAvatar,True,50.191439776062175,,12.74354434605014,36.89108173709241,49.358161723261176,32.690168605797645,,12.74354434605014
Mutter,146,DexAvatar,True,51.404843783552124,,9.17383522340927,38.80706385015736,52.57021726697711,34.17827259595491,,9.173835223409272
Mutter,148,DexAvatar,True,52.75025931682236,,9.065816958463296,38.597094272492605,49.75013793928203,34.45506424013221,,9.065816958463294
Mutter,150,DexAvatar,True,54.937021226428314,,9.555901716969695,39.62620356954191,46.06059711392165,36.11903773432551,,9.555901716969693
Mutter,152,DexAvatar,True,46.707719645793986,,10.648075939905963,35.30814020498259,46.44099704073666,31.346914481683857,,10.648075939905963
Mutter,154,DexAvatar,True,45.81215756516608,,10.934726851834926,36.40015801940546,48.43174376729603,32.1370728684183,,10.934726851834922
Mutter,156,DexAvatar,True,45.020167097857765,,10.18658429314303,35.05727864717377,47.888558341871025,30.83421570140594,,10.18658429314303
Mutter,158,DexAvatar,True,44.59539658969951,,10.674772331527487,37.29847242621313,49.75719200779056,32.66851363996186,,10.674772331527487
Mutter,160,DexAvatar,True,46.31546435457094,,11.603622210098496,38.69979994796611,52.06133886597836,33.87750023118267,,11.603622210098496
Mutter,162,DexAvatar,True,47.036465043614335,,11.159550989035399,39.76866724929498,52.1694939121951,34.85618200709892,,11.159550989035399
Mutter,164,DexAvatar,True,45.15188088028292,,12.32135235573535,39.84833429675214,54.00447132632916,34.74248660037758,,12.32135235573535
Mutter,166,DexAvatar,True,46.475596419882095,,11.434381907318645,43.18402355544132,58.73977142577001,37.5514185694144,,11.434381907318645
Mutter,168,DexAvatar,True,49.38610160066229,,12.353535252259622,43.717346850146896,59.93378383559236,38.05960614563341,,12.353535252259622
Mutter,170,DexAvatar,True,51.192187277554,,12.860395615389818,41.95193854658084,57.46913835079314,36.78920185499009,,12.860395615389816
Mutter,172,DexAvatar,True,51.60439397398799,,11.532653201384225,41.12680791240139,56.49106969044694,36.19839555270562,,11.532653201384225
Mutter,174,DexAvatar,True,50.064842818445186,,11.56626655564514,40.375217592650664,57.269438164220325,35.42468514966255,,11.566266555645143
Mutter,176,DexAvatar,True,50.856127299119635,,11.549845108565885,42.65827014133908,59.58195945011669,37.46798165509266,,11.549845108565883
Mutter,178,DexAvatar,True,51.69423565913992,,11.127559266497759,44.73581494944305,60.49074348405949,39.22502076865484,,11.127559266497762
Mutter,180,DexAvatar,True,51.38374970921574,,11.640749177049871,42.69310126795701,58.42564453646129,37.4680001301546,,11.640749177049868
Mutter,182,DexAvatar,True,47.51119360211222,,11.048113727102393,40.8085413087094,57.04903478326866,35.69952746771842,,11.048113727102395
Mutter,184,DexAvatar,True,48.725818249955125,,8.668788365705433,43.720494233218794,56.50638047497047,38.159565157070546,,8.668788365705439
Naehen,113,DexAvatar,False,38.63724758356824,17.600533554927967,11.554741326105564,22.320900888622372,29.865905375535394,20.126326381050735,17.600533554927964,11.554741326105567
Naehen,115,DexAvatar,False,39.73524806432156,19.163620911282482,13.76411940048024,25.09583742919657,32.68058724112801,22.594441210058022,19.16362091128248,13.764119400480242
Naehen,117,DexAvatar,False,39.408599094997285,18.508927020674495,16.05242276073907,22.357774481203798,32.33299046381167,19.90255513482309,18.508927020674495,16.05242276073907
Naehen,119,DexAvatar,False,38.482531062202,18.826677456211307,15.527551477252429,22.462018608332336,33.778223436447526,19.877892407182614,18.826677456211307,15.527551477252429
Naehen,121,DexAvatar,False,44.68649597704356,18.185016015066754,15.769836190757047,22.800720745942083,34.57357035762068,20.179869482496432,18.18501601506675,15.769836190757047
Naehen,123,DexAvatar,False,41.40049239592216,19.481524846202777,16.220184335569755,22.286209792746146,34.30161668885606,19.68050501860563,19.48152484620278,16.220184335569755
Naehen,125,DexAvatar,False,43.045915715334594,19.343161825077136,15.664932210172227,23.15349810988048,34.88936358648468,20.483837831630634,19.34316182507714,15.664932210172227
Naehen,127,DexAvatar,False,38.597616947322734,19.009094046554605,14.847236508921448,24.072183790426802,35.235414864588755,21.270508733677097,19.009094046554605,14.847236508921448
Naehen,129,DexAvatar,False,39.82052328404796,18.033264838684406,11.763485715668086,22.211501220825824,32.822850353224425,20.000707204835294,18.033264838684406,11.763485715668088
Naehen,131,DexAvatar,False,36.62837911231031,18.572363668765718,11.154222400419474,21.73654668086858,31.176031662809677,19.433111806209386,18.572363668765718,11.154222400419474
Naehen,133,DexAvatar,False,37.40604210990851,17.595042051679304,9.626667294075366,21.609424832586026,30.266291293301148,19.418619294379745,17.595042051679307,9.626667294075366
Naehen,135,DexAvatar,False,37.75601393893315,18.379493196094224,10.19212007224307,23.35034085807561,30.1122897241898,21.07018812272664,18.37949319609422,10.19212007224307
Naehen,137,DexAvatar,False,38.71670479889314,18.372264906537204,8.826729785590965,29.42880227441337,32.296111673782455,27.029032535331535,18.372264906537204,8.826729785590967
Naehen,139,DexAvatar,False,39.10731669424335,18.007648556320184,9.911486257866716,24.93737255274904,30.757571237396213,22.667479911403912,18.007648556320184,9.911486257866716
Naehen,141,DexAvatar,False,39.92930769078785,18.400597646396104,11.370002155940695,30.361150169081004,32.91946733570058,27.836182961334824,18.400597646396104,11.370002155940695
Naehen,143,DexAvatar,False,41.11943713064542,18.720559749062307,13.501436434661073,25.19319650956703,31.39810854990742,22.672897438219604,18.720559749062307,13.501436434661073
Naehen,145,DexAvatar,False,41.654699085865985,18.139488288242934,14.138988735809455,27.483830387387126,32.64874667152118,24.967414650662494,18.139488288242934,14.138988735809455
Naehen,147,DexAvatar,False,43.30542659236155,18.33416698724637,14.026912404328444,26.421315260053206,32.978842632894874,23.85815250320796,18.334166987246366,14.026912404328444
Naehen,149,DexAvatar,False,43.8176274184173,17.83990614252621,14.867220435342908,22.05367666612169,31.665450304482015,19.612136418474684,17.83990614252621,14.867220435342912
Naehen,151,DexAvatar,False,39.73678797616329,18.930586303098885,14.363503570240185,23.454069454824385,35.16220627869756,20.723822972201603,18.930586303098885,14.363503570240185
Naehen,153,DexAvatar,False,41.453352596081444,18.614090587354287,15.50808566492161,22.21671871106829,32.48438635246431,19.665935015743333,18.614090587354287,15.50808566492161
Naehen,155,DexAvatar,False,39.45801071389801,19.308389843090893,12.455591216383645,23.23069386663712,32.998223931406514,20.74446601432827,19.30838984309089,12.455591216383642
Naehen,157,DexAvatar,False,37.10480200031481,19.08399672829248,11.83612722458263,21.863510619350716,31.130029738599436,19.460098873721318,19.083996728292483,11.836127224582633
Naehen,159,DexAvatar,False,37.70119407692517,19.09764823926554,11.358842423059935,20.88180836212053,30.221544831653556,18.50168712598709,19.097648239265535,11.358842423059935
Naehen,161,DexAvatar,False,35.09497771758378,19.99308357564074,10.06787504430944,20.641527795637444,29.354603462846892,18.299257334556987,19.99308357564074,10.06787504430944
Naehen,163,DexAvatar,False,35.64470103192353,18.969909103362014,9.198214159966039,26.366849200579164,32.26536376592567,23.854439241471912,18.969909103362014,9.198214159966039
Naehen,165,DexAvatar,False,35.82834874468732,19.778999130772807,9.288767730131697,25.06001077959498,31.644228914351924,22.50514091683337,19.778999130772807,9.288767730131696
Naehen,167,DexAvatar,False,35.51499906135981,18.49678631774227,9.661469166059526,23.21831708095557,30.229654291824687,20.81142639780488,18.49678631774227,9.661469166059527
Naehen,169,DexAvatar,False,39.993202093240136,18.35566707180243,10.723835796002248,24.63931220574957,32.00793414302836,22.170498358879026,18.355667071802426,10.723835796002248
Naehen,171,DexAvatar,False,37.90747300022047,18.012219769956136,12.489360482816688,27.310299287285787,32.42598028264337,24.702615826925157,18.01221976995614,12.489360482816684
Naehen,173,DexAvatar,False,37.27637854520563,19.229951251362177,13.179741369814645,24.083793540594765,31.16377193434795,21.460245121189427,19.229951251362174,13.179741369814645
Naehen,175,DexAvatar,False,37.24488679221929,18.64240575215416,13.880874830075001,22.43993174691102,31.317382452776833,19.83022643167733,18.64240575215416,13.880874830075
Naehen,177,DexAvatar,False,38.42171135841084,19.671411990007318,14.864258715743613,23.453305958296927,32.70883211857732,20.69087376381001,19.671411990007318,14.864258715743613
Naehen,179,DexAvatar,False,40.10071933963476,19.885161299363524,15.06571233723059,21.8282628036546,32.90714850868269,19.036731928365345,19.885161299363524,15.065712337230591
Naehen,181,DexAvatar,False,39.710517726397285,20.325004384630493,15.394519918783297,21.955809693633118,33.385718775769625,19.158655863779884,20.325004384630496,15.394519918783297
Naehen,183,DexAvatar,False,42.24566071191846,19.319044935096453,14.750607578745521,21.52077211166769,32.374289380846584,18.99010922227355,19.319044935096457,14.750607578745521
Naehen,185,DexAvatar,False,38.46883581776251,19.43798129805963,12.349820264628914,22.60941400439379,32.26547218989795,19.950797721830412,19.43798129805963,12.349820264628908
Naehen,187,DexAvatar,False,40.89988895612016,19.89354914785101,11.625405263147158,22.93970611748072,31.605775454902613,20.464814248208643,19.89354914785101,11.625405263147158
Naehen,189,DexAvatar,False,37.17043318011798,19.094313778558416,11.801184408844046,24.47443502107327,31.256228208376132,22.00831314810766,19.094313778558416,11.801184408844046
Naehen,191,DexAvatar,False,37.572541023934555,20.456237485711693,12.793691649987995,22.645999196019837,31.625795946678046,20.11740918227214,20.456237485711696,12.793691649987995
Naehen,193,DexAvatar,False,36.326417180192024,20.466577206827893,12.166857091317283,21.497762898610496,31.19485091652408,18.89625117636113,20.466577206827893,12.166857091317283
Naehen,195,DexAvatar,False,37.88331424425666,19.571866517453103,12.419436882113999,22.98688478414395,31.418877323187154,20.392962849188308,19.571866517453103,12.419436882114
Naehen,197,DexAvatar,False,37.65518006930382,18.752922695285356,12.682680537628926,22.80334307816108,31.06533834901786,20.2674664774868,18.752922695285356,12.68268053762892
Naehen,199,DexAvatar,False,37.708681429835735,18.98113148230677,13.076257721268082,22.966429517310523,31.562661937485476,20.482460067158307,18.981131482306772,13.076257721268082
Nebel,118,DexAvatar,False,35.35609150076462,12.630808072000093,10.584855990193036,29.189600558518705,31.167688468798826,26.835955494355044,12.630808072000097,10.584855990193036
Nebel,120,DexAvatar,False,33.10625302581795,11.532088479031753,10.398826514694022,27.200068436208234,29.750849279858663,24.85267298715014,11.532088479031751,10.398826514694022
Nebel,122,DexAvatar,False,34.87919853037818,11.626697970606136,9.439928870830258,27.439938747411546,33.52257078767567,24.71144755110925,11.626697970606134,9.439928870830261
Nebel,124,DexAvatar,False,37.26813491932074,12.30145595137515,9.133057795011558,27.20080161070234,33.774131465392934,24.400075452404053,12.301455951375152,9.133057795011558
Nebel,126,DexAvatar,False,42.41265591716081,10.994165290349951,8.648904347930296,30.315889680239906,35.01148723199843,27.36402556073717,10.994165290349951,8.648904347930293
Nebel,128,DexAvatar,False,43.34923957768113,8.613281543349414,8.276729457645015,28.7800425510221,34.27505578021529,25.9707373078245,8.613281543349414,8.276729457645015
Nebel,130,DexAvatar,False,38.40204194121171,7.840664062328457,7.89001365482361,23.730317036916276,37.00414189771207,20.780364918607177,7.840664062328457,7.890013654823612
Nebel,132,DexAvatar,False,39.27342800769622,7.886313027804804,8.427341373884257,23.601759543839638,36.5822518049111,20.53414061754902,7.886313027804801,8.427341373884257
Nebel,134,DexAvatar,False,40.17231265464615,8.253480546826772,8.449810000661333,23.319336107176294,34.90412811416129,20.527518233291826,8.253480546826772,8.44981000066133
Nebel,136,DexAvatar,False,38.51076694810549,9.41312282504007,8.178799524199786,22.088245007807554,33.3483328640021,19.33173721453384,9.413122825040066,8.178799524199786
Nebel,138,DexAvatar,False,37.45364193852726,10.157107285610785,7.780691858869995,23.07764313298306,34.546648280642074,20.182418359766356,10.157107285610781,7.780691858869995
Nebel,140,DexAvatar,False,37.08714444968405,8.948761214243524,8.04861088151877,23.944779043674668,33.4567333051754,21.08157878347146,8.948761214243524,8.04861088151877
Nebel,142,DexAvatar,False,40.98913281339492,10.76703590198304,8.00530477219791,26.747791643669178,35.05243868053746,23.58122641304821,10.767035901983041,8.005304772197908
Nebel,144,DexAvatar,False,36.25379150956875,10.244571972145556,8.009346552243072,25.897604501529848,33.47015945900636,22.95616220811845,10.244571972145557,8.009346552243072
Nebel,146,DexAvatar,False,42.62014318133284,9.71080543933277,7.600769150972886,30.176517577272207,31.06720784934528,27.858891133153293,9.71080543933277,7.600769150972886
Nebel,148,DexAvatar,False,36.73757781292729,9.32012949558467,6.989374275695338,28.865975335214134,33.78011316604805,26.09891148832276,9.320129495584673,6.989374275695338
Nebel,150,DexAvatar,False,38.71756049767757,9.986829460030746,7.245488211607114,25.269303528590275,33.40813018538164,22.382062685731665,9.986829460030744,7.245488211607113
Nebel,152,DexAvatar,False,37.786252805593314,10.006527522731071,7.104322196546498,26.850288757319788,35.5967658130189,23.677993879710872,10.00652752273107,7.104322196546497
Nebel,154,DexAvatar,False,44.963607589181024,9.337488825520174,7.409586645719622,32.1017749358482,33.88531115304061,29.388179645452208,9.337488825520175,7.409586645719623
Nebel,156,DexAvatar,False,43.7277506169053,8.403710706255842,6.938025204691688,29.04426200435453,34.567060490553224,26.253246232269078,8.40371070625584,6.938025204691689
Nebel,158,DexAvatar,False,41.410680535626305,7.763411474936879,7.394598808581565,26.71404521115129,36.181028902993525,23.78854703899392,7.76341147493688,7.394598808581565
Nebel,160,DexAvatar,False,44.40999059332539,8.127167193845345,7.628971172844363,26.022280538255195,36.49576992594668,22.969823633709268,8.127167193845345,7.628971172844363
Nebel,162,DexAvatar,False,38.0105040012091,8.104020145177822,7.777336711200168,28.508471194917526,35.92709318410213,25.131198572219773,8.104020145177822,7.777336711200168
Nebel,164,DexAvatar,False,35.99164032376935,8.559089131829301,7.717419098265743,25.712512173987754,35.55598407915299,22.26436636545252,8.559089131829301,7.717419098265744
Nebel,166,DexAvatar,False,43.890340630201266,8.722444009835746,7.53922993283958,26.95173372252386,36.27525201345423,23.803821156512463,8.722444009835746,7.53922993283958
Nebel,168,DexAvatar,False,45.898092635028185,8.888676469533342,7.147588731211334,26.140490428101366,36.85833298002062,22.975032823040188,8.888676469533337,7.147588731211335
Nebel,170,DexAvatar,False,37.86798147155542,11.374817595853022,9.03407981996999,24.099239789940004,33.533977540430875,21.354437763373777,11.374817595853022,9.03407981996999
Nebel,172,DexAvatar,False,40.667915865272164,9.150242061598034,7.192083930434398,26.829090739129953,36.007525457609766,23.868586157133578,9.150242061598034,7.192083930434396
Nebel,174,DexAvatar,False,41.74388322978765,9.13386270415074,6.780107761445613,25.13691209847943,34.71867505372984,22.3948912402114,9.133862704150737,6.780107761445611
Nebel,176,DexAvatar,False,37.67223189224011,8.285094441477327,7.0217711513429775,23.895375419139462,32.26803272694327,21.40463930558373,8.285094441477327,7.021771151342976
Nebel,178,DexAvatar,False,37.60728541904166,8.602343152616712,7.0055595527034935,24.6793399443186,31.935427627756237,22.096522044186155,8.60234315261671,7.005559552703496
Nebel,180,DexAvatar,False,34.535627622833424,8.259946989843733,6.8853901100573545,23.012552578503843,33.207004856275056,20.373669248010557,8.259946989843737,6.885390110057354
Nebel,182,DexAvatar,False,35.16826702914912,8.083444179760319,7.025306115245023,21.68426263690019,33.50376565531369,18.609632061230585,8.083444179760319,7.02530611524502
Nebel,184,DexAvatar,False,33.13553253405152,9.019083634698536,7.723483298234875,22.369420235979437,35.900762355121174,19.19861599752224,9.019083634698536,7.723483298234873
Nebel,186,DexAvatar,False,35.702902630884886,8.280072535719151,8.147937093500941,26.98834040434118,37.18824090227704,23.510505495673794,8.28007253571915,8.14793709350094
Nebel,188,DexAvatar,False,35.12605269077973,8.451913635483772,7.558680169371342,24.043923518668258,36.71506584065461,20.63454581591377,8.451913635483773,7.558680169371344
Nebel,190,DexAvatar,False,40.78873188482848,8.914480556425755,8.103497224649388,23.90151535440632,36.33559427210503,20.68865172848275,8.914480556425758,8.103497224649388
Nebel,192,DexAvatar,False,40.51466642337008,9.075528483411487,8.560400430996616,22.82969432688173,34.921274404837334,19.49561212728592,9.075528483411484,8.560400430996618
Nebel,194,DexAvatar,False,36.076214634799456,8.61168292902285,8.568078952360983,31.38272975980895,42.56663230647632,27.41339793763561,8.611682929022848,8.56807895236098
Neu,108,DexAvatar,False,38.94140888274098,16.260118714609764,8.107484657208905,30.54384195631314,37.11418317208987,27.541639841507095,16.260118714609764,8.107484657208905
Neu,110,DexAvatar,False,39.03469808499636,14.915585320013966,8.123872627396949,24.91230718079061,34.00883390972853,21.93859934875606,14.915585320013962,8.123872627396947
Neu,112,DexAvatar,False,43.275706100517034,15.383577452723438,10.277055574737117,28.595846994955487,40.45394143179753,25.332186039032802,15.383577452723438,10.27705557473712
Neu,114,DexAvatar,False,46.71676504757433,17.938404789960913,10.752413694178548,31.383212557762636,39.321616472642305,28.57893611476251,17.938404789960913,10.752413694178543
Neu,116,DexAvatar,False,41.354727586196205,17.42665997652653,10.66337218303248,27.296984126670896,39.666081389720965,24.744332717255062,17.42665997652653,10.66337218303248
Neu,118,DexAvatar,False,44.410512024672705,18.669864799187724,11.512655043742347,28.609658818666734,43.040308806118716,25.67199340023814,18.66986479918772,11.512655043742349
Neu,120,DexAvatar,False,44.491531258486106,18.078149373533112,11.525364100197145,28.15526844343429,42.54208600365347,25.15451761008233,18.078149373533112,11.525364100197145
Neu,122,DexAvatar,False,40.45268837224787,18.333231857260326,11.956525901323827,27.647067598554745,41.282841192178694,24.767189428072175,18.333231857260326,11.956525901323827
Neu,124,DexAvatar,False,39.87501576706193,17.772128548124524,12.193303210259444,27.929682006120434,41.73882851679734,25.237277135997005,17.772128548124524,12.193303210259446
Neu,126,DexAvatar,False,39.81487091368778,15.801998193476326,11.297869984222881,27.898728378552885,41.910009133760596,25.007693429730097,15.801998193476326,11.29786998422288
Neu,128,DexAvatar,False,41.09251166535484,16.784336334630307,10.854283584757301,28.03388679360998,41.942881201135926,24.907023509345823,16.784336334630307,10.854283584757301
Neu,130,DexAvatar,False,42.74389002492164,16.384426049214646,11.33722522951165,29.614669921467822,43.090584025438716,26.30561720373537,16.384426049214643,11.33722522951165
Neu,132,DexAvatar,False,41.34918062360916,16.501026693303455,11.305819010822129,29.547927836635733,44.24442683176127,26.122579725855935,16.50102669330345,11.305819010822125
Operieren,199,DexAvatar,False,39.487596549379944,15.496300335730046,10.406996126790112,24.73611008113124,35.840287745726485,22.244127394850224,15.496300335730046,10.406996126790112
Operieren,201,DexAvatar,False,45.68562593569897,14.823594640224707,10.131491895649726,24.098900340635552,34.2315768958562,21.51449999661013,14.823594640224707,10.131491895649724
Operieren,203,DexAvatar,False,39.93298451664441,14.742492198755796,10.333764450757155,23.57968927584108,34.80150677097171,21.174716574207377,14.7424921987558,10.333764450757155
Operieren,205,DexAvatar,False,37.66007871626502,14.736830837485146,10.44948065213158,23.1780527008264,34.64737297356647,20.90827307077574,14.736830837485144,10.449480652131582
Operieren,207,DexAvatar,False,39.840914844355765,14.269578529402427,10.247117730119541,23.459638269365676,33.65521294455537,21.151102198396174,14.269578529402425,10.24711773011954
Operieren,209,DexAvatar,False,38.79800954036641,14.348376811820378,9.668584726888952,23.83470724472756,34.294154629974734,21.548784903839888,14.348376811820378,9.668584726888948
Operieren,211,DexAvatar,False,36.46994317448741,14.28658564142958,9.872358307521004,23.024719567566567,33.86512248696568,20.75149625108856,14.28658564142958,9.872358307521004
Operieren,213,DexAvatar,False,33.78870837864084,14.935492289351366,9.296859181442276,22.76638228256665,33.131218768977675,20.18148570380333,14.93549228935136,9.296859181442278
Operieren,215,DexAvatar,False,34.58844183582267,14.705533562732292,9.540933295463402,20.586687106061426,32.03156736193627,17.91574749327326,14.705533562732292,9.540933295463402
Operieren,217,DexAvatar,False,39.611836933603,14.881919802187236,9.94001908259308,20.862312042578615,33.30826174409076,18.00744864331342,14.881919802187236,9.94001908259308
Operieren,219,DexAvatar,False,38.81776287991709,14.56458686296272,9.970528799316007,21.772197012918543,34.843718904914496,18.785462181078177,14.564586862962722,9.970528799316007
Operieren,221,DexAvatar,False,36.21205103421407,14.747707703697177,9.83056413448792,22.392837385660226,34.97160103242495,19.469334702734905,14.747707703697177,9.83056413448792
Operieren,223,DexAvatar,False,35.3060588898051,14.422683537898767,9.518095693179736,22.80659614093023,34.672090979420155,19.936926049816925,14.42268353789877,9.518095693179736
Operieren,225,DexAvatar,False,36.85458024907149,14.18446238648653,9.070410912994047,21.762007673126757,33.51082293091459,19.185481882574887,14.184462386486533,9.070410912994047
Operieren,227,DexAvatar,False,36.273559610317676,13.986945004157144,8.87245758769247,21.422283345293536,33.504992596565955,18.655508938296624,13.98694500415715,8.87245758769247
Operieren,229,DexAvatar,False,34.60545373342056,14.26083049775238,9.297639046177443,22.02950296031771,33.45571837324224,19.321892947100206,14.260830497752373,9.297639046177443
Operieren,231,DexAvatar,False,36.625701990102,14.227469229815918,9.537714437952873,23.51287726537521,35.265213116980235,20.545377254015808,14.227469229815918,9.537714437952872
Operieren,233,DexAvatar,False,36.263969654415675,14.440222520314398,9.256191269447369,23.101673752537955,34.77177034684565,20.157961706730497,14.440222520314398,9.256191269447369
Operieren,235,DexAvatar,False,35.19366387207753,14.331634729385955,9.721490235916963,23.390202948754496,34.01381812005851,20.464399520706213,14.331634729385957,9.721490235916963
Operieren,237,DexAvatar,False,37.296644304820326,14.475058601580924,9.890853445633214,23.423308458707268,34.796887492178485,20.373536168279415,14.475058601580924,9.890853445633214
Operieren,239,DexAvatar,False,36.765457188098715,13.905492620303137,9.345754350838417,24.784095760664677,37.523285960541436,21.658356064291176,13.905492620303137,9.345754350838414
Operieren,241,DexAvatar,False,37.256083065540395,14.907711271675208,9.291321505518654,23.98231278740103,36.54413333139043,20.84266825518485,14.90771127167521,9.291321505518656
Operieren,243,DexAvatar,False,36.33194570542356,14.864735684776607,9.375473193585208,22.66602219555554,34.33505280550639,19.733745121478446,14.864735684776607,9.375473193585211
Operieren,245,DexAvatar,False,37.56004311472591,14.70113763206638,9.549628807294193,22.577537627245317,34.96765482685577,19.45125914312581,14.701137632066384,9.54962880729419
Operieren,247,DexAvatar,False,37.027381594561916,14.666150858082219,9.480865266621402,21.228574480700942,32.920388084581866,18.288427863009037,14.666150858082215,9.480865266621405
Operieren,249,DexAvatar,False,36.87211980923085,14.78171263067061,9.732140208378537,22.838557166480797,34.22377058489951,19.894964698567513,14.781712630670613,9.732140208378537
Operieren,251,DexAvatar,False,38.887846414777506,14.37844026758153,9.540893035408466,22.88235042355104,34.92882589728099,19.849682604612752,14.37844026758153,9.540893035408468
Operieren,253,DexAvatar,False,35.36906974576825,14.529526266894248,9.7774392872779,23.631609952395348,35.67183262956436,20.71025766659186,14.529526266894253,9.777439287277899
Operieren,255,DexAvatar,False,34.96646561330049,14.642498917769508,9.193582176931425,24.702417508463704,36.559050743473456,21.685901765636224,14.642498917769508,9.193582176931425
Operieren,257,DexAvatar,False,35.62411758785847,14.363117477481257,9.33202680854507,24.30670689363491,35.387138189432605,21.320518400199937,14.363117477481257,9.33202680854507
Operieren,259,DexAvatar,False,34.16261042452845,14.346099284802905,9.500779529313524,24.342931572577978,35.29947264980848,21.39078186539245,14.346099284802905,9.500779529313524
Regen,112,DexAvatar,False,36.60966185431353,6.556483103428909,9.673880334647595,36.56055061205842,39.94219801570995,33.21616730383982,6.556483103428911,9.673880334647595
Regen,114,DexAvatar,False,39.69757287896482,6.321272130666342,10.634701865236543,40.48649720771269,42.75999723241808,36.82258293299415,6.321272130666346,10.634701865236549
Regen,116,DexAvatar,False,34.53125715245237,10.341923154809784,8.431579786968843,31.717853840209038,33.240819862977276,28.87863813815254,10.341923154809784,8.431579786968845
Regen,118,DexAvatar,False,32.21060558173262,8.64958909561705,10.141882243965327,28.50890310439942,31.268264792594334,26.10630781202504,8.64958909561705,10.141882243965327
Regen,120,DexAvatar,False,37.930731407383156,7.67556895046448,10.931449208862864,33.77062168311532,32.883909848366535,31.310153039873686,7.6755689504644815,10.931449208862864
Regen,122,DexAvatar,False,42.85927681773323,7.379386684914448,8.60005281455627,32.299202491072464,35.55748798575614,29.475146868340126,7.379386684914452,8.600052814556266
Regen,124,DexAvatar,False,44.97031383648777,7.011594459598855,9.866934758573263,28.634376431677683,31.791066523320477,26.271307703361092,7.0115944595988555,9.866934758573263
Regen,126,DexAvatar,False,38.26526929056245,8.687504769865534,11.218230957758683,23.544711589913234,29.71433408559764,21.60536379682492,8.687504769865532,11.218230957758681
Regen,128,DexAvatar,False,43.914332567984275,8.471473469566567,11.422213764037746,21.952732006418422,32.093832062527284,19.79167065390119,8.471473469566567,11.42221376403775
Regen,130,DexAvatar,False,51.87805444356019,7.650932448979716,12.636755009604656,35.162091982536744,48.89086793534133,31.138654435884995,7.650932448979717,12.636755009604656
Regen,132,DexAvatar,False,46.4777175660541,7.924937770048382,9.753301134427854,34.070839286890916,38.267041411941435,30.93981439854717,7.924937770048384,9.753301134427854
Regen,134,DexAvatar,False,44.77274781070149,6.912353917066827,8.934012487361693,35.18829378293179,40.759900169471074,31.935002466173668,6.912353917066827,8.934012487361693
Regen,136,DexAvatar,False,35.23251726591377,7.207236482194928,9.020479925960863,34.949253994444064,38.55954728419675,31.69096485712461,7.207236482194929,9.02047992596086
Regen,138,DexAvatar,False,36.970355566911294,7.245454756575088,7.6831897268666385,35.685650583130034,39.85959967804785,32.18298780116079,7.245454756575091,7.683189726866638
Regen,140,DexAvatar,False,37.151277026384584,8.778321103899748,7.856091899589281,35.47286260766108,37.65427910729243,32.19144824501485,8.778321103899748,7.856091899589281
Regen,142,DexAvatar,False,38.58671907151864,8.489865171451351,9.4141868357037,36.213034000628106,38.41122152867814,32.88231302164386,8.489865171451353,9.414186835703699
Regen,144,DexAvatar,False,37.09342963467029,7.756873611475701,8.900259848018692,34.12298489353663,32.88328179673748,31.56377970288776,7.7568736114757,8.900259848018694
Regen,146,DexAvatar,False,44.5097612838632,6.900317827381133,7.681594721260507,40.220764497921316,38.97486440232367,37.02721205914732,6.900317827381135,7.681594721260505
Regen,148,DexAvatar,False,45.22492696211132,6.885617323547418,8.098100280203687,33.77364387260663,32.53891181407474,30.992573200539763,6.885617323547417,8.098100280203687
Regen,150,DexAvatar,False,40.2767364700164,7.7541801737655724,9.031800174361427,22.225003261003664,26.209007032615553,20.23595560449084,7.75418017376557,9.03180017436143
Regen,152,DexAvatar,False,38.88307548991158,9.865477141847162,8.262232758374124,20.823579798158462,28.402887345089248,18.6747946853931,9.86547714184716,8.262232758374124
Regen,154,DexAvatar,False,38.38943897074208,12.280495627411756,10.133481314102236,23.180972489428974,27.169981622328383,20.981822980481724,12.280495627411756,10.133481314102234
Regen,156,DexAvatar,False,34.544975232916826,12.874024994318482,10.707123975936438,23.165125273058685,30.411171795900007,20.668875620413502,12.874024994318482,10.707123975936438
Regen,158,DexAvatar,False,40.9843328711342,10.980570854945814,12.770939172818892,22.263133027407147,32.777214358281235,19.616413112310163,10.980570854945814,12.770939172818894
Regen,160,DexAvatar,False,41.10534669616276,7.457980914220783,11.804612564888005,25.797486525513005,41.32399937761636,22.350240784672682,7.45798091422078,11.804612564888005
Regen,162,DexAvatar,False,44.77290764658462,7.67999333013051,9.06541870017406,33.21593729952052,36.883309984023974,30.265401125554604,7.6799933301305074,9.06541870017406
Regen,164,DexAvatar,False,46.18997869811345,7.304939828006711,8.669717577425276,36.46794822542714,36.42409502426,33.79584973146345,7.3049398280067095,8.669717577425276
Regen,166,DexAvatar,False,38.82189819043766,7.210352327995952,7.006367502648333,34.24440295876145,36.90894991242387,31.200878425762433,7.210352327995952,7.006367502648334
Regen,168,DexAvatar,False,40.1596298402745,7.165312530913482,7.125303945364998,37.588714070560954,37.92264761300172,34.399804526193954,7.165312530913482,7.125303945364996
Regen,170,DexAvatar,False,39.52933018442793,7.349768433000027,6.788308721765376,33.25445094852248,32.318354597975976,30.70055421679744,7.349768433000026,6.788308721765376
Regen,172,DexAvatar,False,39.286792636895505,7.821640325826324,7.179802889141858,29.877107812464626,33.051290100122,27.399834928266166,7.821640325826325,7.1798028891418575
Regen,174,DexAvatar,False,39.81291380451485,6.773577946715727,7.254504783246294,28.629169000157543,30.773780765671802,26.3366939583254,6.773577946715726,7.254504783246292
Regen,176,DexAvatar,False,35.21018385521768,6.89056354820461,7.399163636030728,21.23408156636756,25.623418190206966,19.262639144371846,6.890563548204607,7.3991636360307265
Regen,178,DexAvatar,False,31.178367170328116,7.434796175675415,6.345631173007986,19.367197333884054,27.466927760816564,17.176030844342712,7.434796175675417,6.345631173007983
Regen,180,DexAvatar,False,39.80525162402239,11.360434621999376,9.889816889081017,21.1113138461727,28.0022005418837,19.10733640017401,11.360434621999376,9.889816889081017
Regen,182,DexAvatar,False,36.81847199510405,12.237110353015694,12.58543452145679,25.389730276955287,32.76458828197609,23.131776349905607,12.2371103530157,12.585434521456786
Regen,184,DexAvatar,False,39.08914071770776,13.043877693821871,12.577783988196309,27.093396938684517,37.502137118715524,24.295226799735655,13.043877693821871,12.577783988196312
Regen,186,DexAvatar,False,43.29765451952202,12.037961304602492,11.454022756714599,34.550988327831575,41.54224622604886,31.368970266573683,12.037961304602488,11.454022756714599
Regen,188,DexAvatar,False,44.68020061884363,21.097383074267885,19.89233981153123,38.71674309050389,48.23518442733481,34.47773856875502,21.097383074267885,19.89233981153123
SauerWuetend,147,DexAvatar,True,40.84731688956812,,17.154913444476282,31.71770773504959,45.068058018820736,27.363705597981138,,17.15491344447629
SauerWuetend,149,DexAvatar,True,44.33260114453953,,17.586264182400814,35.180757828114075,50.68985542523449,30.681077973701726,,17.586264182400814
SauerWuetend,151,DexAvatar,True,41.70941735581818,,17.183065545542046,32.5210428041535,47.54995033637619,28.134764814834618,,17.183065545542043
SauerWuetend,153,DexAvatar,True,43.84590958579053,,14.770316190794858,34.39847870598909,46.8096622197062,30.03280277439783,,14.770316190794855
SauerWuetend,155,DexAvatar,True,38.165967923090186,,10.070047574364938,28.019840363042317,40.07395481766394,24.46217902983576,,10.070047574364938
SauerWuetend,157,DexAvatar,True,47.98346478641244,,8.284316462587787,34.85515303417558,39.023098469016745,31.348462322649894,,8.284316462587787
SauerWuetend,159,DexAvatar,True,48.93409110044818,,8.173191809762278,36.09202589542603,44.78913824363833,32.34304100121375,,8.173191809762276
SauerWuetend,161,DexAvatar,True,41.47784523159549,,8.795724776071065,33.009292846027854,45.93083437359286,28.994428773186215,,8.795724776071065
SauerWuetend,163,DexAvatar,True,50.66838627279407,,9.493489905802752,37.975661775772366,48.0365701846142,33.69563777124107,,9.49348990580275
SauerWuetend,165,DexAvatar,True,44.46890818253594,,9.984619910293063,37.00480105071285,44.035822281290166,33.02567074006204,,9.984619910293063
SauerWuetend,167,DexAvatar,True,52.54682729053248,,8.040810575300458,40.24891197031932,47.09801760302072,36.031006781455645,,8.04081057530046
SauerWuetend,169,DexAvatar,True,51.816791088408046,,8.792568477883968,40.97714555132829,48.04604280422232,36.37054012845128,,8.792568477883968
SauerWuetend,171,DexAvatar,True,53.032353369951345,,9.03988406884417,42.267546649418335,49.40188483616357,37.86019712815844,,9.03988406884417
SauerWuetend,173,DexAvatar,True,57.10563067465689,,8.349530127788466,45.859542716144695,55.878418253499134,40.70466683226111,,8.349530127788466
SauerWuetend,175,DexAvatar,True,49.129109857825014,,11.69816365994063,39.171330613498995,52.15970529940665,34.531311825833065,,11.69816365994063
SauerWuetend,177,DexAvatar,True,57.42502724173124,,12.461415056542043,45.2487786202071,53.61630090410988,40.19345172390966,,12.461415056542043
SauerWuetend,179,DexAvatar,True,58.82235167829733,,16.10462244185631,50.42147704380996,60.8022749507565,44.64424764710096,,16.104622441856314
SauerWuetend,181,DexAvatar,True,53.61814613118904,,15.373983402311776,44.6729105622051,56.04460310265447,39.96470248412696,,15.37398340231177
SauerWuetend,183,DexAvatar,True,51.557053674177844,,16.162120075038374,44.94772612749165,57.95472513924167,39.2643926546748,,16.16212007503837
SauerWuetend,185,DexAvatar,True,56.68365816729727,,16.66921888424173,48.623604953096965,59.81144902120772,42.8824629990573,,16.66921888424173
SauerWuetend,187,DexAvatar,True,50.34996646005238,,17.1509266590537,42.574421865549155,56.20981007088775,37.423660932846396,,17.1509266590537
SauerWuetend,189,DexAvatar,True,47.035603653673185,,17.12625081312714,39.133181902340375,50.387385605770135,34.948582316137305,,17.12625081312714
Schnee,159,DexAvatar,False,39.47101782318137,10.342535386361849,12.123861576086206,35.73609133982,41.259284038262464,32.19272510933815,10.342535386361849,12.123861576086206
Schnee,161,DexAvatar,False,39.340460224673606,9.527762573300965,14.669236511368704,36.20445085736423,42.751259393831475,32.533141930187554,9.527762573300963,14.669236511368707
Schnee,163,DexAvatar,False,36.30381370458998,16.779876161371778,10.522385506022147,30.14568855673941,34.02083006485895,27.3428828818375,16.779876161371778,10.522385506022145
Schnee,165,DexAvatar,False,32.588932048351175,15.841455008890032,10.365309356242328,28.09376661626484,32.14938110264853,25.371033575216696,15.841455008890032,10.365309356242328
Schnee,167,DexAvatar,False,31.89403438516091,14.269874203053877,8.5545665704354,24.15109611313377,28.713780662190526,21.745608276708143,14.26987420305388,8.5545665704354
Schnee,169,DexAvatar,False,32.724981882344956,8.656846068063313,9.894545022708225,27.065981097703524,36.33978080149846,23.946094822057734,8.656846068063313,9.894545022708225
Schnee,171,DexAvatar,False,30.7750325067582,8.246206575757984,9.557280415642913,25.774873843208212,34.177643036729016,22.835282311171632,8.246206575757979,9.557280415642909
Schnee,173,DexAvatar,False,34.628469244541186,7.257401755517111,7.137832081872268,27.562165504248664,29.490547377474144,25.341276977545025,7.257401755517112,7.1378320818722685
Schnee,175,DexAvatar,False,31.369058338176497,6.296968861500562,7.0140449889025085,24.819490408906965,30.855697371804673,22.17916116886327,6.296968861500561,7.014044988902507
Schnee,177,DexAvatar,False,30.84781891557801,6.184686960319637,7.069358356442771,18.29226227957217,29.304813146556107,15.70337472944753,6.184686960319636,7.06935835644277
Schnee,179,DexAvatar,False,33.44183248799234,6.570288623695125,6.816054928349064,22.503239838352627,34.67444893126252,20.03665595452854,6.570288623695124,6.816054928349061
Schnee,181,DexAvatar,False,29.739806099709995,7.075826644208515,6.875844915255313,21.64074590065862,35.506581497928494,18.572266874457767,7.075826644208513,6.875844915255313
Schnee,183,DexAvatar,False,32.46663983819688,7.04216174852338,6.19154664076484,23.483802172176226,33.47550135293608,20.542783842152044,7.04216174852338,6.19154664076484
Schnee,185,DexAvatar,False,34.52762538731812,7.259197722471181,7.237229804473344,26.87859196557846,35.82364644620828,23.766583808539025,7.259197722471181,7.237229804473342
Schnee,187,DexAvatar,False,32.88719993133365,7.290866209550787,6.878932131914122,22.715814512924695,32.43797415541005,19.875507160861694,7.290866209550789,6.878932131914124
Schnee,189,DexAvatar,False,31.735260639946333,7.300393028390086,6.511407528185053,24.07915569699547,36.25829881681418,20.875683017795023,7.300393028390085,6.511407528185053
Schnee,191,DexAvatar,False,32.36321564053328,7.47832012824772,7.6297710904682905,24.79627844006991,38.567455730669536,21.35148885924419,7.478320128247719,7.629771090468289
Schnee,193,DexAvatar,False,33.27071403843216,7.398843819595143,7.8816614592779874,27.25707839321501,39.183378075034746,23.69017790199848,7.398843819595144,7.8816614592779874
Schnee,195,DexAvatar,False,33.98317904453293,8.147207707409985,8.114683808306536,23.48279108402131,33.5467879535706,20.554029028837576,8.147207707409985,8.11468380830654
Schnee,197,DexAvatar,False,35.4510964852659,7.220304006717674,10.311669125780677,26.705784295926343,30.752769883068236,24.0596792394287,7.220304006717671,10.311669125780677
Schnee,199,DexAvatar,False,35.53530114011501,6.615210581535149,7.536224175937163,26.917320266901125,35.579677849818566,23.87815936736636,6.615210581535148,7.5362241759371615
Schnee,201,DexAvatar,False,32.520890809839884,6.294830243631861,7.1286833778487075,23.126792850613004,35.805751460393246,20.210692214082137,6.29483024363186,7.1286833778487075
Schnee,203,DexAvatar,False,30.636873985254404,6.680395301664013,7.073026540845386,20.314308081024027,28.328848491106807,17.914842736540614,6.680395301664015,7.073026540845382
Schnee,205,DexAvatar,False,35.6795167902549,6.0963761721514675,6.310529229306842,24.84275225410237,33.140161669931196,22.102775704056757,6.096376172151464,6.31052922930684
Schnee,207,DexAvatar,False,34.97626500104277,5.822907549474024,7.119846781580644,19.835195007832603,29.76700733193603,17.299561259188668,5.822907549474024,7.119846781580646
Schnee,209,DexAvatar,False,34.95825643734912,6.083413099625181,7.097915045649633,24.02382367321741,33.69806461790359,21.106151069202824,6.083413099625183,7.097915045649633
Schnee,211,DexAvatar,False,37.672044364384135,7.1539646634144525,7.369163710803825,23.91954840142693,34.526118052370116,20.94478684032346,7.15396466341445,7.3691637108038215
Schnee,213,DexAvatar,False,38.996649429523956,7.927574206669632,8.23959770967916,21.52863152940075,32.8030592333131,18.568383700311646,7.927574206669638,8.239597709679156
Schnee,215,DexAvatar,False,37.18472697104252,7.5345068000053645,7.7319324137874395,27.273086713772248,37.591594779365046,23.872324964961347,7.5345068000053645,7.731932413787444
Schnee,217,DexAvatar,False,38.70058759469692,7.416902678131252,6.635523737734335,29.79948722320269,39.25804350816299,26.307215184595286,7.416902678131251,6.635523737734336
Schnee,219,DexAvatar,False,39.29952519895119,7.393200969044634,6.69939791385238,28.514279864127023,39.56675699865492,25.05716806660045,7.393200969044633,6.699397913852378
Schnee,221,DexAvatar,False,36.03926308665335,7.574961483883406,5.99432893297923,28.470762655781115,38.0961240013157,25.182915931756746,7.574961483883406,5.994328932979229
Schnee,223,DexAvatar,False,34.85939335797687,7.713797961686153,6.483224818094797,26.852627353923744,40.67521247320418,23.2796708323138,7.71379796168615,6.483224818094797
Schnee,225,DexAvatar,False,36.873552346722626,8.007892062678646,7.006334295681069,27.286031248199915,41.5401123494488,23.62339057476697,8.007892062678646,7.00633429568107
Schnee,227,DexAvatar,False,35.13054018356209,7.769309560546341,6.939305499840495,26.039680016090944,37.5358535779657,22.647797324526994,7.769309560546344,6.9393054998404935
Schnee,229,DexAvatar,False,38.60882379558936,8.029873000750401,6.767636214376203,27.311253563388895,40.003063435845206,23.58820420668073,8.029873000750401,6.7676362143762026
Schnee,231,DexAvatar,False,39.724746414005494,7.958964625253025,6.7979356192267995,36.60093862223294,40.38072451197511,33.12816051814829,7.95896462525302,6.7979356192267995
Schnee,233,DexAvatar,False,39.79391213442149,8.180466610256769,7.31200305813572,35.48416132422092,41.52832213864232,31.773267693579797,8.180466610256767,7.312003058135727
Schnee,235,DexAvatar,False,43.267059183117446,11.719693110967764,8.6753714980433,36.04244047108781,47.84646366453368,32.00162852243298,11.719693110967762,8.675371498043301
Schnee,237,DexAvatar,False,46.72507501165582,13.876331966118864,11.164039017878174,45.72281114522957,48.32467345457438,41.59492059186523,13.876331966118867,11.164039017878173
Schnee,239,DexAvatar,False,43.65564398922568,15.25375051145424,13.219402640557792,42.01087592366978,49.589267760335794,37.87569796285157,15.25375051145424,13.219402640557792
Schnee,241,DexAvatar,False,45.71298086410851,16.69124346062908,28.762569859622555,43.243865440026305,53.133922916710866,38.6307519462377,16.691243460629085,28.762569859622552
Schnee,243,DexAvatar,False,48.61956347365881,15.621732024605192,47.235250807273694,49.03190227152818,55.480552554517644,44.33049029827245,15.621732024605194,47.235250807273694
Schreiben,121,DexAvatar,False,43.23546009458308,11.812545972827024,9.502250181156196,24.893277024038508,34.68509328707535,22.136577394145448,11.812545972827026,9.502250181156196
Schreiben,123,DexAvatar,False,46.08751975416742,11.35977143546706,10.220850081343364,26.156880986953475,35.96906873328369,23.198250264610067,11.359771435467064,10.220850081343366
Schreiben,125,DexAvatar,False,39.5088326538384,12.405452184586682,10.044213754603653,22.607986990843134,35.52007648430645,19.798196056798385,12.405452184586677,10.044213754603653
Schreiben,127,DexAvatar,False,43.47244768317713,12.31109200318235,9.559502391878409,23.03356588911826,34.17712276799845,20.21204320962294,12.31109200318235,9.559502391878407
Schreiben,129,DexAvatar,False,47.83975603775275,12.606556013562248,9.66914670801302,24.08137280267638,33.80527483120127,21.255528988292575,12.606556013562248,9.669146708013022
Schreiben,131,DexAvatar,False,46.970720831524474,12.9496057729539,9.99589642740462,24.111081466980043,34.299908645264665,21.23282173081718,12.9496057729539,9.99589642740462
Schreiben,133,DexAvatar,False,46.267087547811066,14.306543378071291,10.367725675579587,22.191810730881954,33.91122294762356,19.411390169114217,14.306543378071295,10.367725675579587
Schreiben,135,DexAvatar,False,49.017269905543074,13.88192490536954,9.761222620448818,23.319048247453928,34.08953036286833,20.409434993355674,13.88192490536954,9.761222620448818
Schreiben,137,DexAvatar,False,50.0213502370017,13.902898372958841,10.372302587874971,22.629272016640666,32.61962148218605,19.86172165287737,13.902898372958841,10.372302587874971
Schreiben,139,DexAvatar,False,41.30939641843723,13.375729285482418,9.750827243121368,22.01049425876192,32.77413158077037,19.40628594998108,13.375729285482418,9.750827243121368
Schreiben,141,DexAvatar,False,45.190640194359034,13.668957191587426,8.692047986499668,22.63413246128429,33.858002841353745,19.70171209246648,13.668957191587426,8.692047986499668
Schreiben,143,DexAvatar,False,40.00783095934712,14.334769383248695,8.79787723652566,23.801447998722697,34.455863646044136,21.139729526838373,14.334769383248695,8.79787723652566
Schreiben,145,DexAvatar,False,42.90748589404614,14.024350712002853,8.644337876574436,23.094730058034028,34.30726630989302,20.437499801804677,14.024350712002855,8.644337876574436
Schreiben,147,DexAvatar,False,42.63322012635231,14.40263539913248,9.335203386536362,23.003995549093904,33.506222833103514,20.3014036570158,14.402635399132478,9.335203386536364
Schreiben,149,DexAvatar,False,42.33664853010994,13.989884761873288,9.571359224146935,23.142724265574962,34.37383332901882,20.283034766661117,13.98988476187329,9.571359224146935
Schreiben,151,DexAvatar,False,43.40760597796719,15.335300909428835,9.680840341373818,23.071278217907793,35.04446730918449,20.124017583689366,15.33530090942884,9.680840341373816
Schreiben,153,DexAvatar,False,44.24732099352661,15.353662098549137,9.657846798865851,22.685654438292076,34.03605112900699,19.627078402521263,15.353662098549131,9.657846798865847
Schreiben,155,DexAvatar,False,45.23360597183238,14.67520943675222,9.780961556703904,23.11871475148104,35.015525178615235,20.087996923499865,14.67520943675222,9.780961556703904
Schreiben,157,DexAvatar,False,43.97340659433228,14.84761942685724,9.4083582372144,23.5016161666702,35.49715107036462,20.34660982186756,14.84761942685724,9.4083582372144
Schreiben,159,DexAvatar,False,43.17595479032274,14.365616707988057,9.24570261668234,25.1077959126008,36.489820184197086,21.99759109470083,14.365616707988057,9.24570261668234
Schreiben,161,DexAvatar,False,46.338685185840596,13.797180757800943,9.242120829068014,26.041838050744012,39.386496077583004,22.777413618247547,13.797180757800945,9.242120829068016
Schreiben,163,DexAvatar,False,43.29234835893884,14.369165239874715,8.377213108745302,27.710925250713025,39.53899546830216,24.338795181614483,14.369165239874713,8.377213108745298
Schreiben,165,DexAvatar,False,42.150657415963686,15.431412569788316,8.378120500056738,23.782720888648228,33.809038124911005,20.89458320169212,15.431412569788316,8.37812050005674
Schreiben,167,DexAvatar,False,44.62937715916037,15.04234245629522,8.417642873261311,21.901318365091637,32.871489457407314,18.889384578396694,15.042342456295223,8.41764287326131
Schreiben,169,DexAvatar,False,42.50825895068222,15.206033704194779,9.1493632270258,22.174237560557508,33.03768319337081,19.141528010558307,15.206033704194777,9.1493632270258
Schreiben,171,DexAvatar,False,45.26873069362423,16.19636354740154,9.356818704619197,24.361104402266232,33.933770650961144,21.418430254144482,16.19636354740154,9.356818704619197
Schreiben,173,DexAvatar,False,45.90343557825737,15.107512461203294,9.240530193171942,22.97103350309452,35.22153805476799,19.819183315196007,15.107512461203294,9.24053019317194
Schreiben,175,DexAvatar,False,45.025137768734616,14.828650877203819,9.036796411447213,24.30627333270748,38.063209629420165,20.76102907645381,14.82865087720382,9.036796411447211
Schreiben,177,DexAvatar,False,44.34306311723497,14.71882276638511,9.141140361120641,28.788967619703403,42.97948312688911,24.950444292437425,14.718822766385111,9.141140361120637
Schreiben,179,DexAvatar,False,41.368448207378826,15.120225457195888,9.440325531246483,25.79251686607866,40.24943278696721,22.12843992468261,15.120225457195888,9.440325531246481
Schreiben,181,DexAvatar,False,39.97853523710119,15.426267275061276,8.721522607684765,26.084399743953263,39.71068934074528,22.644747005643882,15.426267275061276,8.721522607684765
Schreiben,183,DexAvatar,False,42.70358694453422,15.104516272193012,8.0703972133999,30.24192302214551,43.74394007071655,26.310248672370513,15.104516272193015,8.0703972133999
Schreiben,185,DexAvatar,False,42.35028667751279,14.999483754489825,7.890403358853154,29.125897073597095,40.7248861844543,25.53270558576459,14.999483754489825,7.890403358853154
Schreiben,187,DexAvatar,False,39.398898909332225,14.995026372747432,8.192290953820814,30.731308577872117,44.540661096029005,26.613363129328974,14.995026372747432,8.192290953820812
Schreiben,189,DexAvatar,False,40.18943460243599,15.013368074529032,8.280853117048238,27.53592080490409,41.075325553916045,23.76731964274194,15.013368074529032,8.280853117048236
Schreiben,191,DexAvatar,False,39.87853267407018,14.7718853408127,9.526230768642122,26.470569191509792,41.84786195467219,22.441474033433796,14.7718853408127,9.526230768642124
Schreiben,193,DexAvatar,False,41.798312959941896,14.644084628994793,8.682745678359323,29.90583283439527,41.63109130741604,26.062334450920968,14.644084628994793,8.682745678359323
Schreiben,195,DexAvatar,False,41.68300268429822,14.514566519561509,9.004238747829772,30.63773045364049,41.290141826271764,26.85332932375695,14.514566519561505,9.00423874782977
Schreiben,197,DexAvatar,False,40.94412830362897,14.538714966035243,9.400281654047685,26.33382520124778,41.95592351468852,22.3879493567958,14.53871496603524,9.400281654047685
Schreiben,199,DexAvatar,False,41.54145542545865,14.468355154190151,8.775245258510042,26.967487800384102,42.77390983631407,22.87513430716436,14.468355154190151,8.77524525851004
Schreiben,201,DexAvatar,False,41.46185918811682,14.910678907754761,8.867293474625868,25.810560072231876,40.79943087587767,22.12645062099408,14.910678907754761,8.86729347462587
Schreiben,203,DexAvatar,False,43.33798580786033,14.919382476096047,8.827314328813916,24.762005303504772,38.874566392226235,21.172147010516543,14.919382476096045,8.827314328813916
Schreiben,205,DexAvatar,False,39.96169040097295,14.808863011877273,9.06545924261186,25.810921886780246,40.69164180789175,21.97954439815688,14.808863011877275,9.065459242611862
Schreiben,207,DexAvatar,False,38.47272255136958,14.638482957729284,8.747715132499614,25.041319176291346,39.21822768392368,21.338340256721583,14.638482957729284,8.747715132499614
Schwach,138,DexAvatar,False,36.42954842931383,8.999768528615725,9.718576781115992,28.708137775087646,34.52223322195723,25.76036846174816,8.999768528615725,9.718576781115992
Schwach,140,DexAvatar,False,36.86994981408324,8.83436231056751,10.19602974672602,26.73234330564323,35.60839039494019,23.82909938455968,8.834362310567508,10.196029746726019
Schwach,142,DexAvatar,False,41.47868720043255,8.990282439964913,9.79413320342375,23.595807978070894,37.413833982348,20.720981618945356,8.990282439964915,9.79413320342375
Schwach,144,DexAvatar,False,41.924260451391376,9.588389218792253,9.61933585398515,23.133380854059077,36.309532532440656,20.289791051918296,9.588389218792258,9.619335853985149
Schwach,146,DexAvatar,False,38.01279817736121,8.792420109815163,8.798600838115824,25.14784000052425,32.27699663484621,22.418722321135572,8.792420109815163,8.798600838115824
Schwach,148,DexAvatar,False,36.178335942084814,10.667173515401473,8.693288518459616,21.01306746876192,29.73775986199291,18.394288144993897,10.667173515401473,8.693288518459617
Schwach,150,DexAvatar,False,41.5498693407363,11.033934105457135,8.438930626826359,28.140315114055294,35.28513575133967,24.765592202356594,11.033934105457135,8.438930626826355
Schwach,152,DexAvatar,False,52.198789486033085,12.711654538505833,10.35012127846751,51.91188372536554,59.609600150874535,47.080940383057126,12.711654538505833,10.35012127846751
Schwach,154,DexAvatar,False,55.98553308574987,12.208072440466237,15.71307841818104,55.18993183172935,57.738734133925895,50.16879073861393,12.208072440466237,15.71307841818104
Schwach,156,DexAvatar,False,51.99641235933302,16.46722197876335,14.97184684807164,51.286021484798766,53.162493584980545,46.606134440109685,16.46722197876335,14.971846848071642
Schwach,158,DexAvatar,False,55.71690519447126,22.195204780142966,14.31376986849687,52.125951985829765,56.26326219884624,47.14203663574062,22.195204780142966,14.313769868496868
Schwach,160,DexAvatar,False,52.292988001468736,23.780755272783964,12.157436875228974,53.09835319812239,55.640005459489046,48.4089085989538,23.780755272783964,12.157436875228973
Schwach,162,DexAvatar,False,55.272879523277865,23.56539421602632,10.787073555534668,54.49709052530347,56.24076698778952,49.77645585201445,23.56539421602632,10.787073555534668
Schwach,164,DexAvatar,False,57.26500070305923,12.39983678440969,15.35868668395537,56.44264944461947,56.647617425606555,51.66600948168823,12.39983678440969,15.35868668395537
Schwach,166,DexAvatar,False,59.13300802167266,13.664118456428987,18.024478089159693,59.53270819001129,59.8364771822239,54.71217629691372,13.664118456428985,18.024478089159693
Schwach,168,DexAvatar,False,64.94730762692672,14.296077685423045,15.628637196410853,66.53700372845971,64.0276220595176,61.37892267842109,14.296077685423043,15.628637196410853
Schwach,170,DexAvatar,False,64.74215327892556,13.786518196170594,13.491246690621544,64.93987992767424,61.18645255669629,60.02294905191888,13.786518196170592,13.491246690621544
Schwach,172,DexAvatar,False,52.04513976575949,11.968534322913984,11.206207937630593,53.477657826152324,60.378159631411975,48.572226496924564,11.968534322913985,11.206207937630591
Schwach,174,DexAvatar,False,43.025323646740354,11.86606209337307,11.735532437330276,42.88972369927857,50.84963783120834,38.57138731561042,11.86606209337307,11.735532437330281
Schwach,176,DexAvatar,False,42.10595976126563,11.464954577470838,11.08907489982086,40.91257695906991,51.76594511918209,36.26568972040524,11.464954577470838,11.08907489982086
Schwach,178,DexAvatar,False,47.07671536952739,12.13123084058158,11.634547985848098,46.67425513184542,51.878004869447786,42.54738367134203,12.13123084058158,11.634547985848098
Schwach,180,DexAvatar,False,46.68208580805167,11.893202702986702,11.249869253060913,48.07182211728321,61.46079683815251,42.55841783563925,11.893202702986702,11.24986925306091
Schwach,182,DexAvatar,False,52.03348939441191,12.597079044734198,12.32670249408702,55.30322143845547,68.76381232154048,49.342992934016415,12.597079044734198,12.32670249408702
Schwach,184,DexAvatar,False,51.98652850670257,13.250458313543593,12.199223089622272,54.90340148233282,62.57452661251538,49.92984746354807,13.250458313543593,12.199223089622267
Schwach,186,DexAvatar,False,51.722960414512926,12.851739954738528,12.180892017997682,54.386264830004784,68.93711843116792,48.29327329259453,12.851739954738528,12.180892017997685
Schwer,157,DexAvatar,False,54.97657115214592,12.917816456401496,15.657399948736328,55.40386425311908,56.983081333143026,50.46806603105024,12.917816456401496,15.657399948736328
Schwer,159,DexAvatar,False,49.147347339340364,15.982524966113319,16.10113432405304,47.03294328421613,49.68355983100486,42.84926536373328,15.982524966113319,16.10113432405304
Schwer,161,DexAvatar,False,49.23631931734474,32.085029496674295,16.163673255565826,34.129999088966166,49.449721201433476,29.894603314268295,32.085029496674295,16.16367325556582
Schwer,163,DexAvatar,False,47.547078501235156,13.73759086280701,17.154179301153768,40.032665144458214,49.74663684051522,35.62580579373964,13.737590862807012,17.15417930115377
Schwer,165,DexAvatar,False,45.32725993644677,13.100032347188488,18.080215706126655,41.595637962020795,49.15058029015294,37.200938099747766,13.100032347188487,18.080215706126655
Schwer,167,DexAvatar,False,46.73837928713979,13.392672972716566,17.7904811507188,42.53783738880369,52.181375374013506,37.78223078199279,13.39267297271657,17.7904811507188
Schwer,169,DexAvatar,False,43.758357422562284,12.796014268604326,13.256082530250902,39.531249202035276,49.73974872202927,34.94160318561682,12.796014268604322,13.256082530250902
Schwer,171,DexAvatar,False,46.48137857124336,15.775095136712443,15.718080441522117,39.9291683258391,54.71798107476515,34.819656060281226,15.775095136712443,15.718080441522117
Schwer,173,DexAvatar,False,54.596069398909044,12.604518608548748,14.261007331015966,38.878747241362454,58.249113347444236,33.33219136056556,12.604518608548753,14.261007331015968
Schwer,175,DexAvatar,False,49.386424663046064,11.869509679638039,15.359515249133093,24.938279270868158,41.79376763656303,21.329023920569615,11.869509679638037,15.359515249133091
Schwer,177,DexAvatar,False,44.734797932533695,12.77003152639074,13.664761008445959,23.990073373101083,40.0132660146959,20.516069142971904,12.77003152639074,13.664761008445959
Schwer,179,DexAvatar,False,47.342786119213464,12.050225032870935,13.78369584813936,27.984081937582875,39.275787150986474,25.176777562922677,12.050225032870939,13.783695848139356
Schwer,181,DexAvatar,False,52.1917579151242,13.148322597976806,15.56005214492664,31.09555374157255,41.737488698896236,28.302261309249484,13.148322597976806,15.560052144926642
Schwer,183,DexAvatar,False,47.288545946096384,14.679691498293792,16.446249003066672,26.36449739514767,38.645117373271376,24.151197901694463,14.679691498293792,16.446249003066676
Schwer,185,DexAvatar,False,42.1710796853756,14.285401098551569,17.647139121657002,26.344807064074867,38.094073326994966,23.42304669197199,14.285401098551565,17.647139121657005
Schwer,187,DexAvatar,False,40.434532178110985,14.480266147421384,17.662775302322867,24.300849671374863,35.170071492736,22.050225745220263,14.480266147421384,17.662775302322867
Schwer,189,DexAvatar,False,40.550236138412394,14.67130060626198,18.376526380562552,23.953357427786173,34.37684303304831,21.750603102659827,14.671300606261978,18.37652638056255
Schwer,191,DexAvatar,False,36.790441304766965,14.40553163814341,18.08346012370342,25.429307106894928,35.35434934922543,22.71371548228803,14.40553163814341,18.083460123703425
Schwer,193,DexAvatar,False,37.27064429317759,14.566138552682265,17.8865295193318,27.50351772054786,36.243878049011386,24.564257386410823,14.566138552682265,17.886529519331805
Schwer,195,DexAvatar,False,41.155941656072734,14.5078995287945,17.805688639860556,23.82048906129622,34.695283573890634,21.778060521702738,14.507899528794502,17.805688639860556
Schwer,197,DexAvatar,False,41.042202579460174,14.420936832280278,18.009537698466897,25.33840609757618,35.97097796550753,23.399681540161886,14.42093683228028,18.009537698466897
Sonne,148,DexAvatar,True,37.21709805184272,,10.47323035398381,26.138454312961862,41.241458768734596,22.32284502896311,,10.473230353983809
Sonne,150,DexAvatar,True,44.38050140767047,,15.528420808812964,34.074181996968996,52.0084198527706,29.727560782709336,,15.528420808812967
Sonne,152,DexAvatar,True,43.33224889480775,,18.86630315286847,33.6622496923237,50.25986919802934,29.29687557512932,,18.86630315286847
Sonne,154,DexAvatar,True,38.548758091060954,,12.05920491500192,23.750215451123076,35.73104033675453,20.495842295906513,,12.05920491500192
Sonne,156,DexAvatar,True,31.891165544782094,,11.548854336833626,23.517157183653172,33.933502023584886,20.275065224774718,,11.548854336833628
Sonne,158,DexAvatar,True,34.766485814619266,,10.053478447164427,24.24051441470673,35.68698994363192,21.42181930165738,,10.053478447164427
Sonne,160,DexAvatar,True,36.72589252219506,,10.086800756293425,24.18368991509017,35.19020620939473,21.114041228213136,,10.086800756293428
Sonne,162,DexAvatar,True,33.64839117015247,,13.988754350606843,23.251105666516498,35.27847503224786,20.242912553415497,,13.988754350606847
Sonne,164,DexAvatar,True,33.80449095902194,,10.436353854397263,23.54198557393352,33.25234489864035,20.370405524553508,,10.436353854397261
Sonne,166,DexAvatar,True,32.306017422121606,,12.345158539619845,24.69169179210462,34.84932712194481,21.499214806854006,,12.345158539619844
Sonne,168,DexAvatar,True,31.454872251639227,,11.474091603594635,25.73793472248968,37.275121047047605,22.433061393848106,,11.474091603594632
Sonne,170,DexAvatar,True,32.91533900289685,,12.798960948546327,24.498206268742194,35.38005396287507,21.370421038972168,,12.798960948546329
Sonne,172,DexAvatar,True,33.29464758617813,,14.488817475905051,23.75248982136894,34.86416291973857,20.753116190297902,,14.488817475905048
Sonne,174,DexAvatar,True,32.1578254239136,,14.249783246906555,22.14551397117088,32.252448932003354,19.14016446930141,,14.249783246906556
Sonne,176,DexAvatar,True,32.21158087632963,,14.10774270240942,22.34093144268825,32.99780772007805,19.17330890926763,,14.107742702409418
Sonne,178,DexAvatar,True,31.455363706897263,,12.946019920477493,23.38205391916111,33.266792035394786,20.376794984620485,,12.946019920477493
Sonne,180,DexAvatar,True,33.31821476332749,,14.373242359942406,22.88611194766787,33.53623824039252,19.702186656582082,,14.373242359942404
Sonne,182,DexAvatar,True,31.735461650791738,,14.166491759122572,22.233762933188288,33.37166542352727,19.049240697959952,,14.166491759122572
Sonne,184,DexAvatar,True,33.28900793855394,,14.528118092708173,23.092508762955564,35.032325224273464,19.926365224650336,,14.528118092708173
Sonne,186,DexAvatar,True,30.561832597932405,,14.294143644009196,21.52097664713581,32.304351980679264,18.443337785887113,,14.294143644009193
Sonne,188,DexAvatar,True,30.9979215921389,,14.32693081298395,22.44769179323011,33.82811711561436,19.32805381138499,,14.326930812983946
Sonne,190,DexAvatar,True,30.21454601369628,,14.139898140169448,21.81959509155155,32.95478822714271,18.599220420440233,,14.139898140169443
Sonne,192,DexAvatar,True,30.631505071843986,,14.326344411299365,22.017725775364003,33.18414805763599,18.83172283439882,,14.326344411299365
Sonne,194,DexAvatar,True,29.570572707131525,,13.91681159080345,21.607209470935555,32.96322107672135,18.41051684969869,,13.91681159080345
Sonne,196,DexAvatar,True,29.994487566497423,,14.042017637052092,21.791713183256185,32.300647186279335,18.580185136517542,,14.042017637052092
Sorry,144,DexAvatar,True,47.2457163912074,,19.023643617913134,39.54659445895497,51.12030141496084,34.834208262636494,,19.023643617913134
Sorry,146,DexAvatar,True,48.91778656734058,,20.732011092898155,40.72228510489801,49.07963173561336,36.19069118638709,,20.732011092898155
Sorry,148,DexAvatar,True,54.79179183370692,,22.463728957029172,41.360151959284984,47.50860944145267,37.37027124338674,,22.463728957029172
Sorry,150,DexAvatar,True,57.012766042833846,,23.482254814621616,40.76307691828551,47.77446002033994,36.68009468881876,,23.48225481462162
Sorry,152,DexAvatar,True,51.095689154602816,,23.862071592247606,38.76194634182022,47.493789903275,34.4766827020228,,23.862071592247606
Sorry,154,DexAvatar,True,59.4807951258821,,19.61543895953599,47.43985809041591,54.6735676361772,42.63569049083354,,19.61543895953599
Sorry,156,DexAvatar,True,49.0727685476691,,17.20080575121486,39.64280530879668,45.180962798434805,35.50510854242333,,17.20080575121486
Sorry,158,DexAvatar,True,46.45503888314621,,17.103428895665257,38.693252825691225,44.18794768565604,34.615037223720975,,17.103428895665257
Sorry,160,DexAvatar,True,45.076193568834334,,16.242206301373265,36.86783241569699,43.58857809471411,32.95812870021618,,16.242206301373265
Sorry,162,DexAvatar,True,54.746325153815334,,17.462691872065893,41.79164639838822,50.24665087174471,37.64678409507463,,17.462691872065893
Sorry,164,DexAvatar,True,50.797451945576924,,16.58082303535577,38.58955413492971,49.82334822170297,34.21529510702154,,16.580823035355767
Sorry,166,DexAvatar,True,53.48767491421604,,17.279719577544004,41.14924298756675,51.01074857087084,36.99903019535464,,17.279719577544004
Sorry,168,DexAvatar,True,59.53584937723968,,17.893077571485833,46.58004046706538,53.68529087503629,42.26779104530614,,17.893077571485836
Sorry,170,DexAvatar,True,47.30954383360443,,16.029502843064993,39.636598761344835,47.96982531135364,35.52562116979648,,16.029502843064993
Sorry,172,DexAvatar,True,53.68991404994039,,16.400695957685667,44.304969036499955,54.03507058938995,39.854835228585884,,16.400695957685667
Sorry,174,DexAvatar,True,46.186214684514816,,17.838182486586238,38.2189952959352,46.0245395402788,34.14570786371209,,17.838182486586238
Sorry,176,DexAvatar,True,47.91098837428952,,19.461491411194416,40.286894780652716,50.30176197950727,35.791932416140035,,19.461491411194416
Sorry,178,DexAvatar,True,53.785657542831395,,19.171344216137488,42.46740143962215,53.80120509167677,37.904040555370834,,19.171344216137488
Sorry,180,DexAvatar,True,48.620364047205065,,17.908539389948714,37.538133099576505,48.212176872068476,33.56127157918446,,17.908539389948714
Sorry,182,DexAvatar,True,42.61366494175976,,16.54046049804841,34.4978462539521,44.13327523233827,30.570561937368915,,16.54046049804841
Sorry,184,DexAvatar,True,58.653075542707086,,17.21092249603973,48.51772059302197,57.92581988401964,43.52112631577471,,17.21092249603973
Sorry,186,DexAvatar,True,51.63863948291539,,16.242263250270696,39.582754422079816,51.443382539304395,34.92321219426045,,16.242263250270696
Sorry,188,DexAvatar,True,56.17873564883727,,15.606360944324688,43.437657524328564,56.88208910586004,38.54903488098529,,15.606360944324688
Sorry,190,DexAvatar,True,59.316607935047095,,16.02486722424682,45.8178671541416,61.3072057958981,40.40285198390776,,16.02486722424682
Sorry,192,DexAvatar,True,48.48690818205719,,15.547061628494625,37.51089789681643,51.95833701369122,32.82510634289591,,15.547061628494625
Sorry,194,DexAvatar,True,51.66711008027658,,22.26429087014328,42.22470735580924,56.52363763026618,37.23854141703194,,22.26429087014328
SparenSparsam,133,DexAvatar,False,46.111768917480035,20.294343159979103,13.47398670660867,25.817205638011966,39.4146115729004,23.353460003576945,20.294343159979103,13.47398670660867
SparenSparsam,135,DexAvatar,False,54.89619169851038,21.28900641229181,12.722677864231434,28.395867099517577,40.45328242982942,25.633451979680324,21.28900641229181,12.722677864231434
SparenSparsam,137,DexAvatar,False,56.716405489714774,19.84047230388282,12.3123086288549,30.862854422836495,41.12890517256986,28.19376358648038,19.840472303882816,12.3123086288549
SparenSparsam,139,DexAvatar,False,45.005607428636246,19.120551809923413,11.787386181572318,24.741561355960478,37.82417348180489,22.336967970588134,19.12055180992341,11.787386181572318
SparenSparsam,141,DexAvatar,False,39.09734556587465,17.362054661658252,12.584330159915982,26.04588624780679,36.142334842453664,23.294502261914776,17.362054661658252,12.584330159915982
SparenSparsam,143,DexAvatar,False,40.312512214843984,17.6052999545478,14.082709849618702,26.220944149850425,36.83755267466469,23.31372326463185,17.6052999545478,14.082709849618702
SparenSparsam,145,DexAvatar,False,38.99989303492445,18.54073531389234,15.602569774438951,27.44266361133694,38.071888607528166,24.247567362227887,18.540735313892338,15.602569774438951
SparenSparsam,147,DexAvatar,False,42.32932189595523,18.677252206445445,15.493466570432075,26.1623922902282,40.87976049614187,23.134350881933248,18.67725220644544,15.493466570432075
SparenSparsam,149,DexAvatar,False,42.43828109867818,18.92865213349782,16.65112191375083,26.837915209348672,40.907750910899836,23.611043157817903,18.92865213349782,16.651121913750835
SparenSparsam,151,DexAvatar,False,40.0488101447889,18.149457311553267,16.032172177701042,28.498610615687493,40.21529659495247,25.132085774412122,18.149457311553267,16.032172177701046
SparenSparsam,153,DexAvatar,False,42.113706262281305,19.245498943497495,15.242229964252914,28.85928787741882,42.377486706362824,25.530846719858182,19.24549894349749,15.242229964252912
SparenSparsam,155,DexAvatar,False,39.48608177864147,18.79610020492937,14.277746488694333,27.69687213790959,38.10067707147251,24.517555719070767,18.79610020492937,14.277746488694333
SparenSparsam,157,DexAvatar,False,40.66692818469464,18.12872066511082,13.801630057710158,27.359721184584593,35.818747887007056,24.32801393848549,18.128720665110823,13.801630057710158
SparenSparsam,159,DexAvatar,False,44.424376420796975,17.890054834081166,13.540361412108236,34.58665623063503,36.273365311200436,31.670277592160858,17.89005483408117,13.540361412108236
SparenSparsam,161,DexAvatar,False,41.22565654048842,17.411895850463853,13.588509333466826,31.89431921481193,34.386814635753254,29.02222416645501,17.41189585046385,13.588509333466826
SparenSparsam,163,DexAvatar,False,39.81085930386659,17.673106273160712,14.381847355030514,31.91229670059006,34.95166009230817,29.004158897892435,17.673106273160705,14.381847355030517
SparenSparsam,165,DexAvatar,False,39.005157202672855,17.48333833614725,14.922053630769396,30.305246471069403,35.290165276308954,27.271216975108647,17.48333833614725,14.922053630769396
SparenSparsam,167,DexAvatar,False,35.11450403476233,17.477543990581992,14.007907746936464,26.515998517096794,36.310859678491425,23.303845303073732,17.477543990581992,14.007907746936464
SparenSparsam,169,DexAvatar,False,37.773410701921534,18.34483064408963,14.40497353780554,29.982301268122338,38.33789017386764,26.548232794691113,18.34483064408963,14.40497353780554
SparenSparsam,171,DexAvatar,False,38.26134386739988,18.71449671714516,14.90923615901025,28.918106967315538,37.07174499379318,25.639623867948526,18.71449671714516,14.909236159010252
SparenSparsam,173,DexAvatar,False,40.21350417051548,18.179561173606892,13.976988229505476,30.901683272916433,37.056198501665065,27.616013137920373,18.179561173606892,13.976988229505476
SparenSparsam,175,DexAvatar,False,41.83599959565398,18.65028865685295,13.436669486887075,33.27205324553234,37.11158873016533,30.03013809105587,18.65028865685295,13.436669486887075
SparenSparsam,177,DexAvatar,False,41.96295859898523,17.842266936000165,13.185582569732043,33.550482926605916,37.84004157891944,30.194522316328975,17.84226693600017,13.185582569732043
SparenSparsam,179,DexAvatar,False,41.94069372875795,18.25269641954282,13.6316897400839,33.540277959331526,36.92442437927076,30.354990867232964,18.25269641954282,13.6316897400839
SparenSparsam,181,DexAvatar,False,39.16350622304011,18.380305845085307,14.748705681819182,30.20544330437685,36.65618081222747,26.917552732743495,18.3803058450853,14.748705681819182
SparenSparsam,183,DexAvatar,False,38.56201815507086,19.40809812851534,14.203889258273623,28.145716146238023,36.564681755692206,24.93302606344661,19.40809812851534,14.203889258273623
SparenSparsam,185,DexAvatar,False,38.64168413980418,18.443641358373423,14.51468431161715,28.00218751349629,37.677936587460145,24.632590920628747,18.443641358373423,14.51468431161715
SparenSparsam,187,DexAvatar,False,38.51624480352651,18.41204427695923,14.469653465563798,29.58045832545658,39.124161699096746,26.0408920093177,18.412044276959232,14.469653465563798
SparenSparsam,189,DexAvatar,False,39.13862355783842,18.34727180275686,14.28548639637576,31.623205525963982,38.90914062445297,28.11618164305848,18.347271802756858,14.28548639637576
Spezial,125,DexAvatar,False,68.90594616133964,17.385568556107252,14.162697758034986,66.90796406763602,69.62694283571398,61.31536039616277,17.385568556107252,14.162697758034987
Spezial,127,DexAvatar,False,69.58711648515471,17.87993364078597,14.338979796679173,65.13004555446386,66.05660436185924,59.91321920075974,17.87993364078597,14.338979796679167
Spezial,129,DexAvatar,False,67.73782715240979,17.17200836165938,13.64986054462744,63.464723865150106,63.486126364768566,58.53813078330632,17.172008361659376,13.64986054462744
Spezial,131,DexAvatar,False,66.97299568590384,18.180290908655838,13.89938326310083,61.04127695231329,60.53595522987152,56.27679384371635,18.180290908655838,13.89938326310083
Spezial,133,DexAvatar,False,64.56038774355311,18.26170837056189,13.139100784817794,56.380720303470156,56.63240820516562,51.82059063540679,18.261708370561898,13.139100784817794
Spezial,135,DexAvatar,False,58.57508826070605,17.753772050315803,12.305496940606284,49.31749644790026,53.54953148969846,44.93815357046627,17.753772050315803,12.30549694060628
Spezial,137,DexAvatar,False,53.62783223161208,18.01079579984165,10.241641741720718,40.65942408593004,42.06343170072957,37.17354799544373,18.01079579984165,10.241641741720718
Spezial,139,DexAvatar,False,43.8073992041289,16.72555609449525,9.86126252230683,28.63653510041761,33.324939862743896,26.063969565388845,16.72555609449525,9.861262522306829
Spezial,141,DexAvatar,False,35.55851529252568,12.072215594293525,9.659126647269021,26.263129228763287,31.208091455333594,23.67985949106026,12.072215594293525,9.659126647269021
Spezial,143,DexAvatar,False,31.262664240792574,10.399944710169077,11.551234898871082,23.82559220412646,32.21787057645385,21.28900106048825,10.399944710169077,11.551234898871082
Spezial,145,DexAvatar,False,30.906230911833013,10.779238174512876,11.64278647860016,22.970309889904343,29.561637630037133,20.6578365635152,10.779238174512882,11.64278647860016
Spezial,147,DexAvatar,False,36.05589703997462,10.937594449332952,12.418039520888936,26.44081799215096,32.49907896254686,24.001008105056787,10.937594449332952,12.418039520888936
Spezial,149,DexAvatar,False,34.16391169314315,10.750586450361185,12.354508238249826,24.675109869382908,33.836054684247856,22.056458542720495,10.75058645036118,12.354508238249828
Spezial,151,DexAvatar,False,39.82946493835465,10.676210786734561,12.156090569192095,27.114896210723494,34.875886580945235,24.529217781288818,10.676210786734567,12.156090569192092
Spezial,153,DexAvatar,False,39.84547461854295,10.528513631981683,12.21653085147852,26.586376719638302,34.72429634953831,23.964068642783197,10.528513631981683,12.21653085147852
Spezial,155,DexAvatar,False,37.59296219021922,10.010790955642056,11.981594632542492,24.64998163447265,33.63923298897038,22.14883994858907,10.010790955642051,11.981594632542492
Spezial,157,DexAvatar,False,37.15186911145048,10.750681711545134,12.025233505803143,25.090781687508457,34.57639530914124,22.418638060894896,10.750681711545132,12.025233505803143
Spezial,159,DexAvatar,False,37.87404276027834,10.76398052239467,11.701241114409502,26.06482552232024,32.61106136945682,23.647917987043673,10.763980522394666,11.7012411144095
Spezial,161,DexAvatar,False,36.784755883304115,10.829685386954912,11.821685073346822,24.405822132152817,32.84251387578804,21.912919348599537,10.829685386954914,11.821685073346822
Spezial,163,DexAvatar,False,37.44791747747263,10.807463650429522,11.39447584723235,25.007432122487234,33.21339422493604,22.561156187397227,10.807463650429526,11.39447584723235
Tisch,143,DexAvatar,False,44.631379115482666,11.369978697303326,6.921956389463846,23.971574199013716,36.18713508948954,20.757338998410766,11.369978697303324,6.921956389463845
Tisch,145,DexAvatar,False,45.82069726652928,12.560340144364586,7.42468785028659,24.852631111032668,39.85049068574011,21.209919734631796,12.560340144364583,7.424687850286587
Tisch,147,DexAvatar,False,46.317065508139905,12.837683276279055,7.351481568930617,24.30798939375579,38.23971825013145,20.79950558158979,12.837683276279057,7.351481568930617
Tisch,149,DexAvatar,False,42.798834039941,13.059917242893977,7.4029208033903835,25.283438255099156,38.53614907383512,21.621427446404173,13.059917242893977,7.402920803390384
Tisch,151,DexAvatar,False,42.78364460801563,15.73167027505139,8.419511124031116,25.912556490574804,39.272563707358394,22.10340833610185,15.73167027505139,8.419511124031116
Tisch,153,DexAvatar,False,38.11247512347258,15.77164077335922,8.170104777263907,23.610586155097522,38.01380000229841,19.913996012483782,15.77164077335922,8.170104777263909
Tisch,155,DexAvatar,False,39.93629845202649,13.270474629478159,6.53188848371915,31.148926983903422,45.81423084661525,26.650814662275728,13.270474629478164,6.531888483719148
Tisch,157,DexAvatar,False,40.21999384486747,10.867176592516575,5.29690734725866,30.99401910211536,44.33250636817008,26.64638676331761,10.867176592516575,5.296907347258662
Tisch,159,DexAvatar,False,41.42489181045156,13.237753410023682,7.5101808148601465,30.881518936242788,41.767135226528765,26.802548510803106,13.237753410023677,7.510180814860144
Tisch,161,DexAvatar,False,39.08740505683261,15.059264612140382,11.336683894033522,30.699133796366922,38.70876445148738,27.017613569181954,15.059264612140382,11.336683894033522
Tisch,163,DexAvatar,False,44.5449295236509,16.373821237238186,15.57824881629904,38.57370539856891,45.99372075822094,34.1838019392464,16.373821237238182,15.578248816299036
Tisch,165,DexAvatar,False,48.22962833478062,16.30750335478327,17.385454510834766,43.95280701872718,53.38983992261595,38.7085833268094,16.30750335478327,17.385454510834766
Tisch,167,DexAvatar,False,41.25303228155487,16.780256720024294,15.84168021064051,35.417424625684944,45.60412675584778,30.933058566068564,16.780256720024298,15.841680210640511
Treffen,132,DexAvatar,False,42.53506215631838,16.46708777102766,11.326626573188275,27.198766241393436,40.29880500984154,23.40056064140709,16.46708777102766,11.326626573188275
Treffen,134,DexAvatar,False,40.04722066592864,17.120175002346507,13.074937318035696,29.217290436485463,39.163137956598646,25.58237712056454,17.120175002346507,13.0749373180357
Treffen,136,DexAvatar,False,40.84903156995401,16.512812569929928,10.068606646752508,26.096129151220907,35.67194785982555,22.705349842745726,16.512812569929928,10.06860664675251
Treffen,138,DexAvatar,False,40.958351489118314,16.672715767716024,9.591298344947788,28.225776517069797,33.603201218931844,25.18232590239333,16.672715767716024,9.591298344947786
Treffen,140,DexAvatar,False,40.95241508874627,15.66374243705096,10.351421859731275,27.52186043936871,33.11751798667176,24.472402850708715,15.66374243705096,10.351421859731277
Treffen,142,DexAvatar,False,44.969939449550765,15.0830908414223,10.227971455395844,29.826611880466995,35.1254981090585,26.723742707899028,15.083090841422294,10.227971455395844
Treffen,144,DexAvatar,False,39.510270997395956,14.802552266218044,8.633107148811817,26.140156062672638,31.520319690987808,23.221979160439858,14.802552266218042,8.633107148811817
Treffen,146,DexAvatar,False,43.43093522652831,15.044556269561285,8.668193632091846,24.684273026141494,30.943516762133402,21.794926651958914,15.044556269561285,8.668193632091846
Treffen,148,DexAvatar,False,41.426603479341324,15.482866254668146,9.93454814904418,26.69085328372265,31.71361828744413,23.838903989454842,15.482866254668146,9.93454814904418
Treffen,150,DexAvatar,False,46.1131985231414,15.711322586838456,12.072722221300111,21.715023028971263,30.284233182229343,18.79469315040833,15.711322586838456,12.072722221300113
Treffen,152,DexAvatar,False,41.64665820818832,15.95528768249754,11.793827525866341,23.510491668475687,32.32028641553222,20.5429549855668,15.95528768249754,11.793827525866346
Treffen,154,DexAvatar,False,42.6750704645207,15.07031922874212,10.904312171175903,24.10597365915424,32.17489130262243,21.26260235991271,15.070319228742118,10.904312171175906
Treffen,156,DexAvatar,False,45.48481119323136,16.05935505234985,13.021008178406902,25.158357125941933,35.56033036187583,21.961154648428288,16.05935505234985,13.021008178406902
Treffen,158,DexAvatar,False,45.4626314819918,16.567802235408333,11.370132056229115,25.92292764523776,34.17315639073586,22.95822098369771,16.567802235408337,11.370132056229115
Treffen,160,DexAvatar,False,44.543263029088365,16.744307310815987,10.746626044809119,23.88951527249062,33.54392218889929,20.844665051677794,16.744307310815987,10.74662604480912
Treffen,162,DexAvatar,False,42.86731444371143,16.77813834692168,10.326946022165966,23.986198895051732,33.01329328015289,20.925811469462595,16.77813834692168,10.326946022165966
Treffen,164,DexAvatar,False,46.0440866989021,16.984287542696357,11.418425955733364,22.4200409417385,34.57536324102343,19.14644302115985,16.984287542696357,11.418425955733364
Treffen,166,DexAvatar,False,44.22199833713465,16.816518778039015,11.184318008773458,21.79319448078806,34.4562647246586,18.537274461808494,16.81651877803902,11.184318008773458
Treffen,168,DexAvatar,False,46.93062450748759,17.164634835834136,10.738362057625661,22.020223488783945,34.140165018075784,18.718711421693722,17.164634835834136,10.738362057625666
Treffen,170,DexAvatar,False,46.38587728899714,16.94485167541537,10.671797275363009,22.70532043084096,34.95261935678104,19.316457026832172,16.94485167541537,10.671797275363009
Treffen,172,DexAvatar,False,46.47596193965332,17.170171580276048,10.777674520237037,22.21330635387397,34.587120823931784,18.8848695266766,17.170171580276048,10.777674520237042
Treffen,174,DexAvatar,False,44.84645436230453,16.895822468326706,10.937426361515042,23.03433770327701,34.46385894332632,19.729823616293082,16.895822468326703,10.937426361515042
Treffen,176,DexAvatar,False,44.4240965610993,17.569520683881528,10.776515988868157,22.517790867595803,35.29855287988069,19.150940745361982,17.56952068388152,10.776515988868157
Treffen,178,DexAvatar,False,45.960597791770425,17.493671779324735,10.862661295074744,22.798189126935668,35.07683126257503,19.44707906921705,17.493671779324735,10.862661295074746
Treffen,180,DexAvatar,False,43.386248951270645,17.75771087244175,10.989448996462189,23.05466089002275,35.31772645000831,19.686089732016143,17.757710872441752,10.989448996462189
Treffen,182,DexAvatar,False,43.75448192091578,17.356476960272268,11.117890932084102,22.128950289504015,33.55375975242196,18.9077358096988,17.35647696027226,11.117890932084107
Treffen,184,DexAvatar,False,45.591741418073674,17.031523850440895,10.926016427415945,22.314487275871574,34.79667965761551,18.981907197507805,17.031523850440895,10.926016427415945
Treffen,186,DexAvatar,False,42.763742887330835,17.174632992590183,10.918943735979433,21.69487780190638,34.33756926145858,18.403678000088387,17.17463299259018,10.918943735979433
Vater,151,DexAvatar,True,45.58687369757675,,12.673156558472746,43.218662085741165,62.1161967006275,37.0880718090371,,12.673156558472746
Vater,153,DexAvatar,True,45.65878807852468,,13.410349215293689,43.83315701725351,61.96193468504329,37.66125555190179,,13.410349215293689
Vater,155,DexAvatar,True,42.123733925395925,,12.901518620584648,40.24405010760468,57.74226985606969,34.51585251320488,,12.901518620584648
Vater,157,DexAvatar,True,44.107532561095965,,10.913865481526408,39.79815767814499,55.483163388841234,34.22179641891612,,10.913865481526408
Vater,159,DexAvatar,True,42.61306509955701,,9.332007268571608,37.852974989600504,55.21234691726653,32.478414716226936,,9.332007268571608
Vater,161,DexAvatar,True,38.03714122157581,,9.093544392590973,33.53747058111894,51.58739019359854,28.756519868196307,,9.093544392590971
Vater,163,DexAvatar,True,39.13657093296791,,8.23476027919294,32.884670572110196,51.52636236494978,28.03095022501099,,8.23476027919294
Vater,165,DexAvatar,True,40.8452797776647,,7.4547307793271695,33.24029525731288,51.47821878295988,28.54217920948622,,7.4547307793271695
Vater,167,DexAvatar,True,44.84575836078883,,8.0610755099974,34.51740418964598,50.52408039365852,29.484699448646857,,8.0610755099974
Vater,169,DexAvatar,True,40.28064470863769,,10.462067735884022,34.08480725870733,52.29736817293531,29.1020083632437,,10.462067735884022
Vater,171,DexAvatar,True,38.333571816038386,,11.181989839724427,27.424069767721292,41.85794415694191,24.04528824753504,,11.181989839724427
Vater,173,DexAvatar,True,38.27536321641635,,10.89155819286327,26.32075032235837,39.30912557832571,23.297381199292477,,10.89155819286327
Vater,175,DexAvatar,True,39.937127471106734,,10.903800430157647,27.028332748329916,40.11771291353787,23.94597987477822,,10.903800430157647
Vater,177,DexAvatar,True,44.29372951991431,,11.434029863576335,29.731732526561146,43.16084628542872,25.9645887743265,,11.434029863576335
Vater,179,DexAvatar,True,41.45920194445881,,12.071458295907412,33.054236422418754,48.32054026802682,28.542663294335075,,12.071458295907412
Vater,181,DexAvatar,True,44.39723201703218,,12.513923041988628,34.978102285133026,49.86203238133327,30.20431659182371,,12.513923041988622
Vater,183,DexAvatar,True,43.03629644406509,,12.51140475176841,33.297149532773474,47.10123351205618,29.07000420108852,,12.511404751768408
Vater,185,DexAvatar,True,43.32098666827661,,12.937973886146281,38.498754658693436,55.02957686571653,33.0739749686338,,12.937973886146281
Vater,187,DexAvatar,True,43.7726777408575,,13.098858678742578,36.90974845897771,53.778636526070116,31.975899740785213,,13.09885867874258
Vater,189,DexAvatar,True,48.64102555933461,,13.575573245713432,41.98653104645069,62.297737340908554,35.879872686211435,,13.575573245713434
Vater,191,DexAvatar,True,44.74376481253242,,13.681157088376377,38.96840430051619,57.00080830725996,33.5703514133186,,13.681157088376377
Vater,193,DexAvatar,True,45.620114671584474,,14.58529534360527,39.96545788669273,58.15367271649503,34.51524668460774,,14.58529534360527
Vater,195,DexAvatar,True,43.794718368854454,,13.965976103269409,39.02495463825704,58.193935604040156,33.537018642056495,,13.965976103269409
Vater,197,DexAvatar,True,46.23282642993771,,13.020498433028648,40.666938390561796,60.787125109879845,34.74842001577067,,13.020498433028648
Vater,199,DexAvatar,True,44.47920852315784,,14.099683412030778,40.59961367699461,62.032586126970806,34.78612317723379,,14.099683412030778
Vater,201,DexAvatar,True,47.954387515427875,,14.106255437349331,41.321063517393156,56.99206414082263,35.944759057130256,,14.106255437349331
Vater,203,DexAvatar,True,47.89926278203325,,13.83921547862164,41.97893912084264,61.67998753049693,35.89420136702892,,13.839215478621636
Verschieden,142,DexAvatar,False,41.6153684319464,15.074379790955824,10.254496886989672,32.909333264859974,41.50444558088368,29.130937626468466,15.074379790955824,10.254496886989674
Verschieden,144,DexAvatar,False,42.86840585665825,15.931671325545832,10.893675028524287,32.47777114731039,40.80108769672324,28.699865965597354,15.931671325545832,10.893675028524287
Verschieden,146,DexAvatar,False,41.29962510599578,16.402533102418065,11.091340333702767,29.319111950180343,39.101385393262,25.5690211606527,16.40253310241806,11.091340333702766
Verschieden,148,DexAvatar,False,44.49388545014534,14.562918090425836,11.33810439848293,28.284246082908446,40.5050869002554,24.213524691670262,14.562918090425836,11.33810439848293
Verschieden,150,DexAvatar,False,42.71426896643177,11.532720851670236,12.190658769598796,28.86551829721884,41.476317445424456,24.770671897436802,11.532720851670234,12.190658769598798
Verschieden,152,DexAvatar,False,43.83335566222197,10.363430575918084,14.943025563052325,31.409829764929267,47.907004241261035,26.512321580550935,10.363430575918082,14.943025563052322
Verschieden,154,DexAvatar,False,41.08672857336867,10.120495985342892,16.54001090105645,31.252066282919397,47.035706213368684,26.485618447640256,10.120495985342895,16.54001090105645
Verschieden,156,DexAvatar,False,39.8072939144787,9.576320737317497,16.66078739001329,31.763037444100828,47.86249552139645,26.940362192498064,9.576320737317497,16.660787390013294
Verschieden,158,DexAvatar,False,38.20042858616523,9.783371116595701,17.504634531026333,30.71035709893911,43.77444771495298,26.379858500843593,9.783371116595701,17.50463453102633
Verschieden,160,DexAvatar,False,37.031874295082176,11.53408747919152,17.73502144793619,30.714643028820348,41.54180063482424,26.653028904706897,11.534087479191523,17.735021447936184
Verschieden,162,DexAvatar,False,39.631943102688965,11.013719438932856,17.209900352288184,34.19335630409291,45.543027840246296,30.08927794496925,11.013719438932856,17.209900352288184
Verschieden,164,DexAvatar,False,36.83593058513086,10.891203023144243,16.407747519314768,28.702371563390457,40.23159339098378,25.08855784793012,10.891203023144243,16.407747519314768
Verschieden,166,DexAvatar,False,40.66849971055387,12.59112477004289,14.749988753928719,28.78218705417515,40.42923737706135,25.161400610883973,12.591124770042896,14.749988753928719
Verschieden,168,DexAvatar,False,42.51034108059418,12.765498627473448,12.961859088486495,32.30985879514117,41.368311292156534,28.68990453249702,12.76549862747345,12.961859088486493
Verschieden,170,DexAvatar,False,39.298375777158526,13.944100946859932,11.502594134411343,29.401995761967655,40.41104292394691,25.70916451753082,13.944100946859935,11.502594134411344
Verschieden,172,DexAvatar,False,38.677297053561276,14.178842612419746,11.866304423347193,26.101547501151067,36.70828297737705,22.61845339425708,14.17884261241975,11.866304423347195
Verschieden,174,DexAvatar,False,42.18984405066357,14.275548248796015,12.581421248527453,30.91964105144367,39.79833716635446,27.21354302677654,14.275548248796015,12.581421248527455
Verschieden,176,DexAvatar,False,42.90824342524691,13.670397208454268,13.25366242458669,27.33492913036732,39.74286273962422,23.639440273703066,13.670397208454267,13.253662424586688
Verschieden,178,DexAvatar,False,42.074279524875266,13.036238857203104,15.53932939999209,28.19035838525732,39.793807290620144,24.30800099118899,13.036238857203104,15.53932939999209
Verschieden,180,DexAvatar,False,37.920736086825,11.07873137849529,15.832874279044315,28.044507064327128,40.71475908865593,24.0552330174281,11.07873137849529,15.832874279044315
Verschieden,182,DexAvatar,False,38.88722413261425,11.834370015439397,16.83765282357206,27.93994482807782,40.112101278531156,24.00552588201768,11.834370015439397,16.837652823572057
Verschieden,184,DexAvatar,False,35.54337268448762,11.209119993277833,17.342229953839816,27.053363352264935,39.39493001835033,23.125472420101953,11.20911999327783,17.342229953839812
Verschieden,186,DexAvatar,False,36.70039181984109,12.302223472848286,17.082046884212243,28.38669288383892,41.603280799798895,24.276694881201745,12.302223472848286,17.082046884212243
Verschieden,188,DexAvatar,False,38.34751592322013,12.481556352573824,17.455017548201578,28.540335054225547,41.0842006118026,24.5636460128928,12.481556352573824,17.455017548201578
Verschieden,190,DexAvatar,False,39.38446980464288,10.83609598419145,16.64114360346175,30.256169417341294,43.29188006376517,26.232223445258516,10.836095984191449,16.64114360346175
Verschieden,192,DexAvatar,False,38.53945976839247,12.78628509206338,15.550766017210552,27.63092426359224,40.23066119085294,23.761313468894894,12.786285092063384,15.550766017210554
Verschieden,194,DexAvatar,False,38.85624331554836,12.544090080535964,13.743519324014562,27.12128758230092,39.278940493904926,23.46601302447262,12.544090080535966,13.74351932401456
Verschieden,196,DexAvatar,False,39.88024924115145,13.98964289840167,12.544628748407472,29.28656117081574,40.157545549143805,25.56984018899479,13.98964289840167,12.54462874840747
Verschieden,198,DexAvatar,False,41.25238373115945,14.328281763599701,12.106482106179904,30.206367911158498,42.655901925010156,26.17456623425706,14.3282817635997,12.106482106179902
Verschieden,200,DexAvatar,False,40.496430439491185,14.249644280345318,12.368784270164571,30.029129954675724,39.31871203916151,26.341999624908812,14.249644280345317,12.368784270164573
Verschieden,202,DexAvatar,False,42.82310672737363,14.429006122595933,12.487385986069073,29.41532347153709,40.74298143847461,25.44040859797923,14.429006122595933,12.487385986069073
Verschieden,204,DexAvatar,False,42.15969527356642,13.941698510551467,13.84059842279947,27.503401866208357,38.09712668096577,23.80511475424737,13.941698510551465,13.840598422799474
Verschieden,206,DexAvatar,False,40.81623917381019,13.138997559044833,14.771263649468617,27.14080741880474,38.750486578213476,23.245576051129202,13.138997559044832,14.771263649468617
Verschieden,208,DexAvatar,False,39.002411101836124,12.206696955241323,15.771446017284779,30.819100379753326,41.39118372301407,26.873223739148234,12.206696955241323,15.771446017284779
Verschieden,210,DexAvatar,False,41.224146249440984,11.297174998566277,16.72913324242787,31.719004975841575,42.80161929370558,27.788663900506506,11.297174998566277,16.729133242427867
Verschieden,212,DexAvatar,False,40.19789485809297,11.480585914405614,16.92764783747506,31.51201677947591,39.9082540914526,27.923289383775852,11.480585914405617,16.92764783747506
Verschieden,214,DexAvatar,False,39.52193755045054,12.289478989896335,17.594390984497828,34.31875840341757,39.95812825159709,30.806516528532857,12.289478989896335,17.594390984497828
Verschieden,216,DexAvatar,False,37.809742796910534,11.861578993139476,17.183635291651463,33.42331810622556,43.97297536312439,29.313085853158476,11.861578993139476,17.18363529165146
Verschieden,218,DexAvatar,False,36.84394059801953,13.297133770457652,16.081704826606057,28.521848949297492,41.276312195700484,24.421243886733727,13.297133770457652,16.081704826606057
Verschieden,220,DexAvatar,False,38.57247121945249,13.358147612651003,16.77461330800415,30.461845334178864,39.73351573773541,26.72179843190112,13.358147612651003,16.77461330800415
Verschieden,222,DexAvatar,False,38.07657098878122,13.858636117422783,16.990517556174094,30.807734838783148,41.71824612867197,26.841678463025332,13.85863611742278,16.990517556174094
VorsichtPassAuf,147,DexAvatar,False,65.11218431023943,9.73244206027379,11.427439156975208,52.15115206595794,45.90864800996823,48.86572127055981,9.732442060273788,11.427439156975206
VorsichtPassAuf,149,DexAvatar,False,64.42933309771107,9.223091743814495,10.572439353017163,48.60214327415724,42.94227778449337,45.52110560039565,9.223091743814496,10.572439353017163
VorsichtPassAuf,151,DexAvatar,False,55.1985340210922,8.820346392335725,9.596763820133754,40.70770895678304,37.83267828141928,37.86709243417608,8.820346392335725,9.596763820133754
VorsichtPassAuf,153,DexAvatar,False,51.337115602510714,9.201681289048187,10.093169863905553,37.50555379628876,33.58676922334033,34.984686092479286,9.201681289048187,10.093169863905551
VorsichtPassAuf,155,DexAvatar,False,48.40561563740268,8.230945779511082,10.658644673008661,32.15585568054742,32.029120475265536,29.79039782245482,8.230945779511082,10.658644673008663
VorsichtPassAuf,157,DexAvatar,False,38.42646509858823,7.665521487237261,11.268104777560001,26.062982132385734,32.55609336705121,23.51428214760422,7.665521487237259,11.268104777560003
VorsichtPassAuf,159,DexAvatar,False,34.72843875122544,6.871963067162746,11.168352167198073,22.723389559553073,30.441952065434137,20.28712785583171,6.871963067162746,11.168352167198073
VorsichtPassAuf,161,DexAvatar,False,34.23185041404701,6.443054860855145,12.03374570894084,21.012418286394325,30.911305510704373,18.206241492617007,6.443054860855142,12.033745708940836
VorsichtPassAuf,163,DexAvatar,False,31.182471278700902,6.3931112669689325,11.94417011670065,22.166625717822875,33.69444097357532,19.13969544930107,6.393111266968934,11.94417011670065
VorsichtPassAuf,165,DexAvatar,False,30.055235234583503,7.184081757732953,12.553994068011626,20.563723927285665,31.620575043047403,17.623290138627773,7.184081757732953,12.553994068011628
VorsichtPassAuf,167,DexAvatar,False,31.242721686730082,7.764597278693233,13.092275520209265,20.546295727278114,30.866265348473696,17.5689724203494,7.764597278693233,13.092275520209267
VorsichtPassAuf,169,DexAvatar,False,33.042147955614595,6.995694760976868,12.406458326293166,19.889825256689186,29.70386437050178,16.927692411154656,6.995694760976868,12.406458326293166
Waschen,131,DexAvatar,False,43.70954074272448,15.533108676139525,15.984767475609209,22.069193543326136,32.2061751854889,19.508071543609873,15.533108676139527,15.984767475609205
Waschen,133,DexAvatar,False,44.84701498732974,16.75694154373037,16.34680552610501,22.671523597320324,34.04782438155447,20.030527902457425,16.75694154373037,16.346805526105005
Waschen,135,DexAvatar,False,47.933984537904784,16.087543320794754,15.360171059195777,23.04731894830343,37.05487662333383,20.05000655811764,16.08754332079475,15.360171059195777
Waschen,137,DexAvatar,False,53.051920473975585,17.547487687267555,14.615804296072518,27.421025738377573,44.480797695039485,23.563251265784043,17.547487687267555,14.615804296072518
Waschen,139,DexAvatar,False,51.54833640078621,15.240368756325143,14.891957315710602,27.39312302429106,45.43632720218418,23.609409331663716,15.240368756325143,14.891957315710602
Waschen,141,DexAvatar,False,49.63137703546368,18.688398070267496,13.655637154255775,24.32384740806646,39.64322795506334,20.978717252397853,18.688398070267496,13.655637154255777
Waschen,143,DexAvatar,False,47.31254344692099,20.6108626250236,16.140799360302555,22.737277663726253,37.0337090516885,19.714140471539466,20.6108626250236,16.140799360302555
Waschen,145,DexAvatar,False,48.362325153225825,21.61775412672796,16.776384635524174,23.700537493502956,38.43746364733354,20.626179375948638,21.61775412672796,16.776384635524174
Waschen,147,DexAvatar,False,44.09089889580896,20.15423380088789,13.683384545869332,24.617117433230383,35.836093934613125,21.846796260282133,20.15423380088789,13.683384545869332
Waschen,149,DexAvatar,False,42.666644133348875,20.153955629223322,14.163542225088543,23.270066790512534,36.14832758174621,20.608819201328686,20.153955629223322,14.163542225088543
Waschen,151,DexAvatar,False,50.75000410172686,19.84252883026092,15.872180604605806,27.547661098451076,43.94475610678872,24.343645706325464,19.84252883026092,15.872180604605802
Waschen,153,DexAvatar,False,49.686777507010675,20.320878479919816,15.965909486077228,25.070195984003348,40.51821645274479,21.74316130712571,20.320878479919823,15.965909486077228
Waschen,155,DexAvatar,False,48.34083471269478,20.373939834710047,14.838701052025538,26.244762651279597,42.68715257781647,22.7013536254149,20.37393983471005,14.838701052025538
Waschen,157,DexAvatar,False,47.601422793705545,19.486951065999328,14.618056229987317,23.314164591399933,37.41246411545084,20.247652037951465,19.486951065999328,14.618056229987316
Waschen,159,DexAvatar,False,48.59453330094693,21.181330064172723,15.553447970201212,23.846614939012206,38.37842008541793,20.748643427253498,21.181330064172723,15.553447970201212
Waschen,161,DexAvatar,False,47.10347783119792,20.310708219787944,16.057500603766897,24.55020305541183,37.35484332912852,21.49211478614942,20.310708219787944,16.057500603766893
Waschen,163,DexAvatar,False,46.80852938720254,20.683481044504113,15.39679073956262,25.51807138852704,41.20182409018322,22.24364725044383,20.683481044504116,15.39679073956262
Waschen,165,DexAvatar,False,48.8073482148309,19.932546204714154,14.886942305520318,24.700341899278143,38.79894852052424,21.74149062413772,19.932546204714157,14.886942305520318
Waschen,167,DexAvatar,False,46.193104246989805,20.714064853321062,15.15917368194632,23.147242814436428,37.14806334042627,20.208711049720144,20.714064853321062,15.15917368194632
Waschen,169,DexAvatar,False,46.718686150594834,20.917048991969462,15.122289114019315,26.4566035576754,42.34929542752121,22.892070769091408,20.917048991969462,15.122289114019317
Waschen,171,DexAvatar,False,45.66577419091708,19.863373910114486,14.611406338918306,23.023515419825912,37.040984909795455,19.946178235174475,19.863373910114486,14.611406338918306
Waschen,173,DexAvatar,False,47.117017137941566,21.806196454077615,16.2742204588535,24.7801473246221,40.345076230901995,21.48272339232814,21.806196454077607,16.2742204588535
Waschen,175,DexAvatar,False,51.076885694193585,20.5619038513865,15.148271649554223,28.76908263961877,46.76242509154857,24.71477701032888,20.5619038513865,15.148271649554223
Waschen,177,DexAvatar,False,46.57580933282486,21.356890659691228,15.690795500472362,26.698764858136148,42.979222942357865,23.01909046158843,21.356890659691228,15.690795500472365
Waschen,179,DexAvatar,False,46.93235798305745,20.85507925651104,15.14988128412712,26.428915642328185,42.34969812002322,22.83431127541628,20.85507925651104,15.14988128412712
Waschen,181,DexAvatar,False,43.52593138099629,20.670598308887417,14.187302662262459,21.765174438229206,34.841341306301196,19.028470392292,20.670598308887417,14.187302662262459
Waschen,183,DexAvatar,False,46.25058510617994,20.464324115631854,13.999359671677004,22.74016173889358,36.61952431885015,19.790036132504056,20.464324115631854,13.999359671677004
Waschen,185,DexAvatar,False,46.70701696910579,21.190573554279236,15.00815027946476,25.12119430690549,40.33220972575811,21.791088179342847,21.190573554279233,15.008150279464758
Waschen,187,DexAvatar,False,47.113142359982085,20.767131109746014,14.60989969697091,25.225669816149868,39.85643491587795,21.86079962036182,20.76713110974602,14.60989969697091
Widerspruch,134,DexAvatar,False,43.43329584051189,15.755444497870641,14.402970895999264,19.890212679289103,29.653656776406656,17.645620914439792,15.755444497870641,14.402970895999264
Widerspruch,136,DexAvatar,False,47.523672951408585,15.553415717666892,11.892979957782922,25.274832506208153,33.426405147224784,22.5176208703828,15.55341571766689,11.892979957782922
Widerspruch,138,DexAvatar,False,48.8305693832385,15.363130349817908,11.212775330197239,25.314822129364448,37.157292748699895,22.564828742808213,15.363130349817908,11.212775330197243
Widerspruch,140,DexAvatar,False,49.42845967599036,17.156665860290044,10.150452607051289,31.217026338809145,45.82007011478041,27.069805282041912,17.156665860290044,10.150452607051289
Widerspruch,142,DexAvatar,False,51.43299898114764,18.15709057291832,9.999563526648407,35.10582041957295,43.92037425032873,31.379574709826407,18.15709057291832,9.999563526648409
Widerspruch,144,DexAvatar,False,43.5510769349761,17.804430425068617,11.492331483916063,28.16206996725878,40.495431564607955,25.150988501315975,17.804430425068617,11.492331483916068
Widerspruch,146,DexAvatar,False,44.359705449449635,17.85653893388236,10.425491579059385,28.37152852551485,43.654432343338314,24.6842826184804,17.85653893388236,10.425491579059388
Widerspruch,148,DexAvatar,False,42.257936065384364,17.19079338582022,8.738232579660213,29.80075364790827,42.58161671051616,26.394904141907002,17.19079338582022,8.738232579660215
Widerspruch,150,DexAvatar,False,40.166689940145936,18.115997384697316,10.049606633853681,28.538057362934815,42.53305696676422,25.21185162724334,18.115997384697316,10.04960663385368
Widerspruch,152,DexAvatar,False,44.87654909544619,16.662947761897314,11.50267036621926,31.84153192627053,50.88664666317975,27.61153781033047,16.662947761897318,11.50267036621926
Widerspruch,154,DexAvatar,False,45.64900413561032,18.432802213824942,11.413187161052178,32.176481622907986,50.79950807297586,27.923503851213166,18.43280221382494,11.413187161052178
Widerspruch,156,DexAvatar,False,43.22584504206715,17.653763066942084,11.170573456656937,32.26669409927157,51.77800664390848,27.857531574799832,17.653763066942084,11.170573456656943
Widerspruch,158,DexAvatar,False,41.3577841931044,17.908786182527187,10.02722474491359,31.627123859552313,49.867713748337486,27.408631997752316,17.908786182527187,10.02722474491359
Widerspruch,160,DexAvatar,False,40.65911937229493,17.309055540612555,9.501521507209752,30.96097069176264,49.956652199183814,26.795281271893256,17.309055540612555,9.501521507209752
Ziel,126,DexAvatar,False,50.890228238022445,12.226175352869335,14.553370213638566,43.78035045535813,74.5110730540412,37.00732793443537,12.226175352869337,14.553370213638566
Ziel,128,DexAvatar,False,47.40988211731058,13.685341747746502,15.998090387729421,41.412882983908005,69.7498404692927,35.094030025026534,13.685341747746504,15.998090387729421
Ziel,130,DexAvatar,False,47.80469287989821,13.299301246047287,15.16130102471548,41.8977065733003,71.35298017626874,35.61783037052982,13.299301246047285,15.16130102471548
Ziel,132,DexAvatar,False,50.69885953439022,14.416389399722464,14.91388746293745,44.98209994612987,77.85715212085486,37.79967241954338,14.41638939972246,14.91388746293745
Ziel,134,DexAvatar,False,51.20836867150536,12.994846288943936,14.506145154659025,42.07788178164171,71.46891014456243,35.465720416086505,12.994846288943936,14.506145154659027
Ziel,136,DexAvatar,False,46.56689837904645,12.687539045992589,13.921559850600728,35.120502978622035,58.697723524338485,29.77764857258054,12.687539045992589,13.921559850600728
Ziel,138,DexAvatar,False,44.81811137114028,13.897980334062002,13.991451493629457,31.205216513081805,50.89071096314816,26.63255110403612,13.897980334062002,13.991451493629457
Ziel,140,DexAvatar,False,47.047053718481315,14.15978048480611,14.519180121958899,34.29370025690958,57.37943455204539,29.081897421745367,14.15978048480611,14.519180121958899
Ziel,142,DexAvatar,False,42.86732547189978,13.312696140634008,14.28436702025012,30.026391147812884,48.71138022289502,25.70082000955519,13.312696140634008,14.28436702025012
Ziel,144,DexAvatar,False,40.87628052073856,14.122312295267788,13.810631686846465,26.940794561036085,42.475664084225436,22.965430651892614,14.122312295267784,13.810631686846465
Ziel,146,DexAvatar,False,42.47252884149889,13.787451476173738,13.978183851682557,28.887274736228573,45.88940148074759,24.758071629245933,13.78745147617374,13.978183851682559
Ziel,148,DexAvatar,False,41.32508428171767,13.151261438819077,14.209359492796606,30.36026167320794,45.326909919171214,26.15261012458602,13.151261438819077,14.209359492796606
Ziel,150,DexAvatar,False,39.12459341985867,13.892763057401371,14.67461676608466,29.978677979067825,41.6485547923566,26.259084652985315,13.892763057401368,14.67461676608466
Ziel,152,DexAvatar,False,39.20393602064934,14.285219888590207,13.341303332886831,27.199120059614483,38.87735790979337,23.57621772565784,14.285219888590207,13.34130333288683
Ziel,154,DexAvatar,False,38.21043745193392,14.303642596388295,14.48076586789843,25.69135647467086,38.02432050577156,22.44335728105365,14.303642596388295,14.480765867898432
Ziel,156,DexAvatar,False,37.88028070633094,14.991661838111819,16.56185825377911,27.89071676089327,43.28158781770479,23.84872249548459,14.99166183811182,16.56185825377911
Ziel,158,DexAvatar,False,36.0878866193214,14.454739613382968,14.199931491258981,24.16631164399155,35.303583811752034,21.32705227438153,14.454739613382968,14.199931491258981
Ziel,160,DexAvatar,False,36.142958098912544,14.335918813684703,16.299050614183596,25.128471605387265,34.55523462328177,22.017056919786665,14.335918813684703,16.299050614183592
Ziel,162,DexAvatar,False,37.44695342909328,13.686541709030005,14.830641396340761,25.61572496047469,35.378323258050045,22.77908996499254,13.686541709030005,14.830641396340761
Ziel,164,DexAvatar,False,39.23305738827122,14.039593768536635,15.718276965699138,24.204605021312364,34.942294204798124,21.19857154591284,14.039593768536637,15.718276965699138
Ziel,166,DexAvatar,False,40.43807313438201,13.892973006553062,14.341045533967534,24.290855176052293,34.896880137968196,21.22510316526634,13.892973006553062,14.341045533967534
Ziel,168,DexAvatar,False,38.52751970508194,14.379751925430833,15.419420553799158,23.992503109005234,33.848420579982054,20.96457790067218,14.379751925430835,15.419420553799156
Ziel,170,DexAvatar,False,39.64780297841492,14.27630919227125,15.74336085451533,23.473449837490996,34.91928058283095,20.316029358309585,14.276309192271253,15.74336085451533
Ziel,172,DexAvatar,False,39.6818633745029,13.880876322800251,15.168993565609522,24.334953825000618,34.10179967512795,21.247746492629798,13.880876322800253,15.168993565609522
Ziel,174,DexAvatar,False,36.30154969272813,13.725408319197816,15.452577981081943,23.37974841144112,33.14345632534444,20.315253554922514,13.725408319197816,15.452577981081944
Ziel,176,DexAvatar,False,39.89474387676806,15.206689797751558,14.174295773558345,25.549272555716364,37.611070796454,22.05481151427381,15.20668979775156,14.174295773558345
Ziel,178,DexAvatar,False,38.63916436398188,15.231606029690123,16.2567169461832,27.267521859925065,38.071910697534044,23.641699299519896,15.231606029690129,16.2567169461832
Ziel,180,DexAvatar,False,39.484217367704794,14.446271620504971,15.147589410922617,24.379039458399873,34.45669898343968,21.113408222313947,14.44627162050497,15.14758941092262
Ziel,182,DexAvatar,False,39.6894178345957,13.956492359316972,14.812893320830138,24.24237861412648,35.070983928097945,20.94622378848839,13.956492359316972,14.812893320830138
Ziel,184,DexAvatar,False,39.42009718782554,14.046219117622023,14.384679352050002,23.430518722579407,34.5319812304992,20.31657835800609,14.04621911762202,14.384679352050002
reparieren,119,DexAvatar,False,44.95450496459523,17.636933182960217,9.518037295795601,21.76737780025796,30.42879972053274,19.48855654481972,17.636933182960217,9.518037295795601
reparieren,121,DexAvatar,False,40.99684022049376,17.794870962594043,11.149268297359578,21.185279050432477,31.499970420760636,19.061729608829985,17.79487096259404,11.149268297359578
reparieren,123,DexAvatar,False,43.023422460275505,16.9390157679002,9.470628072506173,22.705004934573008,33.633902127635565,20.50633570582643,16.9390157679002,9.470628072506175
reparieren,125,DexAvatar,False,42.23304611827576,15.86549136242943,9.616493378833345,24.697438085763917,37.021186925793664,21.807219980195896,15.865491362429422,9.616493378833344
reparieren,127,DexAvatar,False,39.4912287703214,16.269263046746378,9.676633860126321,27.476521064757964,42.63965994419994,23.894005135328914,16.269263046746378,9.67663386012632
reparieren,129,DexAvatar,False,40.217915936698994,15.12560622611385,9.470175215313336,29.172372027897996,43.91031229823603,25.532325071421162,15.125606226113849,9.47017521531334
reparieren,131,DexAvatar,False,41.55691117873965,15.32555246433627,8.761694153121908,27.029848323820772,40.88711982171724,23.957071941675334,15.325552464336274,8.761694153121905
reparieren,133,DexAvatar,False,45.33717761027379,17.299983688988977,10.709895676421645,27.865785464432925,44.02558937521604,24.130783553010666,17.29998368898897,10.709895676421645
reparieren,135,DexAvatar,False,49.33795437423389,17.514782387383576,9.444636760347143,25.02007867726382,40.33369700828811,21.696952100816265,17.51478238738358,9.444636760347143
reparieren,137,DexAvatar,False,50.68918458854014,17.173907676443992,9.697610313159586,23.58878703691885,35.96138285445988,20.81652071094146,17.173907676443992,9.697610313159585
reparieren,139,DexAvatar,False,47.77174036348151,17.319243405906708,9.519874006982482,23.676764827562938,34.556952641755316,20.925654778231532,17.319243405906708,9.51987400698248
reparieren,141,DexAvatar,False,46.85439893581997,17.30080549200903,10.106853426430028,26.686325219082082,42.00149025471218,23.34074110951478,17.30080549200903,10.106853426430028
reparieren,143,DexAvatar,False,44.016291426434165,16.449229351424506,10.863462229808196,27.666855668441066,42.863392933018154,24.2507031924566,16.449229351424503,10.863462229808198
reparieren,145,DexAvatar,False,43.24479437248747,16.499676965910805,10.368844214189043,25.616851240188296,39.03055159726177,22.701412535238997,16.499676965910805,10.368844214189046
reparieren,147,DexAvatar,False,42.706772207241265,16.561472596955305,11.169812975629002,27.267519219901367,41.24523414277008,24.030242826282294,16.561472596955305,11.169812975629
reparieren,149,DexAvatar,False,40.78411559250137,16.577965295448283,10.500484243679146,24.641363178089076,37.1325070622975,21.815652493935325,16.577965295448283,10.500484243679148
reparieren,151,DexAvatar,False,44.661922595039805,16.951735898609158,9.71464352850726,26.426825224822153,39.194887958419514,23.429945141459,16.951735898609158,9.714643528507262
reparieren,153,DexAvatar,False,46.367532520175786,16.51350773114578,10.022149956530901,24.632330451519703,37.66441539451128,21.776273685125286,16.513507731145776,10.022149956530901
reparieren,155,DexAvatar,False,46.45105739357799,16.679694631541498,9.455079612467275,24.109377661145736,36.93173817833397,21.272819047981503,16.679694631541494,9.455079612467271
reparieren,157,DexAvatar,False,43.666776546265595,17.38373616161344,10.168884734819494,24.31907640581027,36.45074534514469,21.597173657264676,17.38373616161344,10.168884734819496
reparieren,159,DexAvatar,False,43.19778472385745,16.84797080408392,10.825679250679464,25.879486448648787,39.69304796435295,22.725111408273495,16.84797080408392,10.825679250679466
reparieren,161,DexAvatar,False,47.95502575978927,16.177865945404772,11.402947349772665,26.810724087935103,41.00666649411035,23.565596942379955,16.177865945404776,11.402947349772667
