clip_id,frame_id,legacy_region_tr_hand_pve_mm,legacy_region_tr_left_hand_pve_mm,legacy_region_tr_right_hand_pve_mm,root_aligned_body_mpjpe_mm,root_aligned_body_pve_mm,root_aligned_hand_pve_mm,root_aligned_left_hand_pve_mm,root_aligned_right_hand_pve_mm,wrist_aligned_hand_pve_mm,wrist_aligned_left_hand_pve_mm,wrist_aligned_right_hand_pve_mm
Ablehnen,149,15.158608707972146,12.472519421042119,17.844697994902173,61.32854534259136,50.96356556265586,59.784192919747866,61.41987583843443,58.1485100010613,23.846078864642337,12.98961203371317,34.7025456955715
Ablehnen,151,16.566678515842767,13.355447626500341,19.777909405185195,60.316995635347155,49.47803007791336,56.40827133360481,61.12191398372607,51.69462868348355,25.317904986357032,14.885201939348628,35.75060803336544
Ablehnen,153,13.354825564615282,13.667806272955236,13.041844856275329,63.61240131244687,51.41228291223956,62.18046675882479,62.97632490444242,61.384608613207156,20.269370018968814,15.020435434052384,25.518304603885245
Ablehnen,155,14.942044289228118,14.017176709999958,15.86691186845628,62.35610019686502,51.98915583497038,79.43543022026272,65.02639534113551,93.84446509938992,21.513515810994527,17.843463762961257,25.183567859027796
Ablehnen,157,13.964639279266972,14.40331667821567,13.525961880318274,56.52400845352483,55.967565882440404,87.9813704586191,55.49233147447307,120.47040944276513,19.810051308232804,20.2706414822313,19.349461134234307
Ablehnen,159,10.996188383989836,13.81356782246336,8.17880894551631,65.81086876866215,54.427216776297016,84.48366449552485,51.90874256836739,117.05858642268231,16.884254162089192,21.10232950044305,12.666178823735333
Ablehnen,161,11.560048928555322,15.131716553521672,7.9883813035889695,70.3961213236933,58.64422454121557,79.88506848228154,45.52596613607978,114.2441708284833,18.49194642674378,23.465717617190567,13.51817523629699
Ablehnen,163,12.071440693391132,14.448455689088151,9.694425697694113,64.6172548897193,51.9297932251132,78.45754536313254,43.453320911819965,113.46176981444512,18.18051952015774,21.370208005021468,14.990831035294015
Ablehnen,165,10.054486400110688,12.836291437481782,7.272681362739596,63.58580999764535,56.9769725835906,77.84131051379686,38.40604575760105,117.27657526999268,15.525141767946392,19.018303537708242,12.031979998184543
Ablehnen,167,10.304847432360354,13.037790395707182,7.571904469013527,63.17171961936875,52.34765010045953,76.06951386596093,40.8188540316878,111.32017370023405,15.721996629025103,18.938963503280586,12.50502975476962
Ablehnen,169,11.192931876873953,14.337392870936029,8.048470882811879,56.324070594093826,51.94809374464909,72.815270452802,39.22275431635357,106.40778658925043,17.21166758839987,20.57997654880434,13.843358627995402
Ablehnen,171,10.349055130159114,13.194590268151515,7.503519992166712,61.40113934786562,51.99713743891179,73.38019945508023,41.329466750726894,105.43093215943358,16.374514077573025,18.613275652163665,14.135752502982387
Ablehnen,173,10.385337466686778,13.729158235554209,7.041516697819345,62.03318410235221,51.20939292658165,75.44553479874952,42.64306785135567,108.24800174614336,16.807194724539677,19.87547495305116,13.738914496028197
Ablehnen,175,10.47135542944515,13.480124095617533,7.462586763272766,62.33341501051288,49.74130587213827,74.75871019987831,42.66070845211902,106.85671194763759,16.99847214965353,19.705386197236038,14.291558102071019
Akzeptieren,124,6.917882031759554,7.060563799109251,6.775200264409856,51.21939974996143,39.565864371371156,71.5242123144481,64.31975519026476,78.72866943863147,18.048052743075917,18.174467204943102,17.921638281208732
Akzeptieren,126,6.717984154521883,7.221611887144349,6.214356421899417,54.06347222390829,41.86735481716954,75.03523223765797,67.68505808534289,82.38540638997306,17.146363059496693,18.72452032422485,15.568205794768536
Akzeptieren,128,6.655249189174997,7.346017930627739,5.964480447722256,52.780859297980776,42.332903925857444,72.82630653760046,64.74404799841999,80.90856507678095,15.999659080224335,18.400090153607422,13.599228006841248
Akzeptieren,130,7.213838666771403,8.135161403287494,6.292515930255312,54.753423284454115,42.128326361875736,73.25412546930987,62.97120744340116,83.53704349521857,16.34262643261388,18.956539444987314,13.728713420240444
Akzeptieren,132,7.617553700450067,9.058365358788409,6.176742042111724,62.29301271404326,47.01967777594001,85.02983970095124,78.47750865915981,91.58217074274266,16.00249416358686,20.670895819132276,11.334092508041442
Akzeptieren,134,7.333489962174857,8.45232508511392,6.214654839235794,52.70643476468366,46.266864804792355,82.97381533820166,75.52626135241994,90.4213693239834,14.745020778343278,19.85043943063064,9.639602126055918
Akzeptieren,136,7.671481463060491,8.955426287008924,6.387536639112059,61.0343487872617,52.09308571283687,95.46532630217072,89.1557459689203,101.77490663542115,14.330328893169526,19.661147505495276,8.999510280843777
Akzeptieren,138,8.217228083554286,9.645854730177154,6.788601436931415,54.943733780255236,52.740723201894404,100.15136590699962,98.50609350953405,101.79663830446516,14.305812901942655,20.430123305777116,8.181502498108197
Akzeptieren,140,8.20406781021795,9.334833247223852,7.073302373212049,56.478018252213836,51.907034157490024,89.29838969897492,80.44334052291106,98.15343887503879,13.096144049463701,18.496666992967086,7.695621105960316
Akzeptieren,142,8.048409129275202,9.365153000865654,6.73166525768475,55.881094471043475,49.835634044016025,79.58867339475749,79.29748180850997,79.87986498100501,13.252221755386932,18.47948340564817,8.024960105125693
Akzeptieren,144,7.631350777587542,8.846128854396973,6.416572700778111,60.859381427987195,54.702732529118265,88.65559935222325,84.16826402567584,93.14293467877064,11.96702076387986,15.882247511673677,8.051794016086044
Akzeptieren,146,7.132276470118563,7.830358613899241,6.4341943263378845,55.12719955496795,54.413482936956164,76.01689841165533,74.68608090677495,77.34771591653572,12.233910498905455,14.983733476409004,9.484087521401909
Akzeptieren,148,7.306489376684904,7.750140959960692,6.862837793409115,70.34804768849709,54.56557958199469,80.81377315685901,81.56538926596912,80.0621570477489,13.031428239727166,14.69397574009035,11.368880739363984
Akzeptieren,150,7.479078782719779,8.6904466906876,6.267710874751959,62.06286292850818,50.55292059173648,74.54389752788163,80.1837914982611,68.90400355750215,14.865144730767318,19.267229169938503,10.463060291596133
Akzeptieren,152,7.969465525417006,9.085632335247048,6.8532987155869645,66.04433067129077,49.6391505876923,76.16081176443643,83.3134783060993,69.00814522277355,14.756318473997442,19.818484949167704,9.694151998827182
Akzeptieren,154,8.038328186757433,9.493035112631459,6.583621260883407,64.1729587769371,48.54975160493561,70.22240860487467,75.9635644415872,64.48125276816215,14.905198840230298,21.276750878652603,8.533646801807993
Akzeptieren,156,7.97890787014694,9.320941361182623,6.636874379111257,59.00477250826881,45.63916005873058,59.629459914884876,59.19123689382891,60.067682935940844,14.409516349952359,18.828850354031097,9.99018234587362
Akzeptieren,158,7.863011284006952,9.415517982413624,6.310504585600281,56.764383066117965,43.55334559168477,55.852241429813574,60.95422738466607,50.75025547496107,14.055973702810245,19.389158540023562,8.722788865596929
Akzeptieren,160,7.9057120660236055,8.982841401931118,6.828582730116094,54.2378529419038,43.80472895450588,59.76902222182457,64.01010987265028,55.52793457099886,14.257596448749494,19.315794088176887,9.199398809322101
Akzeptieren,162,7.969284778562037,9.64104269732211,6.297526859801964,60.59445848944329,45.48743248741127,66.55482685257485,77.3973325880722,55.712321117077494,15.142371494186062,22.496843739598827,7.787899248773295
Akzeptieren,164,7.828334101240599,8.515211497536924,7.141456704944273,55.35025343904832,46.561185276507885,62.028136545713494,69.43312613116787,54.62314696025911,14.244602752837189,18.671730839056362,9.817474666618013
Akzeptieren,166,7.736465110215702,8.957195494854842,6.5157347255765625,61.37537681090881,46.42550809348493,65.84012020408888,72.02648449591999,59.653755912257765,14.86714513708784,21.29879151992675,8.435498754248933
Akzeptieren,168,7.624747227904326,8.471861402799028,6.777633053009624,62.63182718969961,46.60855488774353,65.45707846925353,70.75490814308915,60.159248795417916,14.571914514657426,20.735344286896385,8.408484742418468
Akzeptieren,170,7.813707332970071,9.193080898041138,6.434333767899004,64.18671302749816,46.92269281628359,68.42220628553237,75.72007708178283,61.12433548928191,14.169263977678442,20.452784778207477,7.885743177149409
Akzeptieren,172,7.301662877485277,8.371149575174709,6.232176179795845,62.2154152188924,45.78599774928808,67.58425990504887,71.85778189132951,63.31073791876822,13.036300467094502,18.30457014186365,7.768030792325356
Akzeptieren,174,7.593456384346781,8.768367161110941,6.418545607582621,65.152192071909,46.95839877237254,70.64745393044865,73.13101781410475,68.16389004679256,13.093084803139815,18.16283502080211,8.02333458547752
Akzeptieren,176,7.744659446796579,8.886923097712733,6.602395795880425,62.64444524245917,46.40367837219016,69.34390337419586,72.69080369163993,65.99700305675181,13.289085172176017,17.92617533109406,8.651995013257974
Akzeptieren,178,7.782932126270049,9.015794528861816,6.550069723678281,64.18397495516699,45.57260251098363,65.47047675464553,70.07240510640224,60.86854840288883,13.293514590949659,17.857746186396195,8.729282995503125
Akzeptieren,180,7.763961891708146,9.0092509181454,6.518672865270892,60.651915439608544,45.974221192461385,67.50234725020277,75.61163721583497,59.39305728457056,13.478985764618164,18.217612823364792,8.740358705871536
Akzeptieren,182,7.801508473909033,8.993947440583405,6.60906950723466,62.02041526106077,44.39027709071167,66.45225238077349,73.19713375267517,59.707371008871796,13.822952932962682,19.331278754477953,8.31462711144741
Akzeptieren,184,7.956750313207063,8.325746469902159,7.587754156511968,56.889771708013065,44.104115892976004,64.19681293998467,71.10392915958711,57.289696720382224,14.494101018421036,17.228213005850115,11.759989030991957
Arzt,166,8.915070682118662,9.18589509758053,8.644246266656793,60.45798114220518,46.4160405798595,50.24594904742035,49.269702538589485,51.222195556251215,16.620009201737936,22.167971921487315,11.072046481988561
Arzt,168,9.277687326935403,9.757000530235649,8.798374123635156,60.23475451518028,44.094671916699795,45.925228726810346,44.24501362935062,47.60544382427007,16.473916451483277,22.74587054848111,10.20196235448544
Arzt,170,9.230062553308438,9.59549378238642,8.864631324230455,62.988043003376234,46.87318870321604,45.629232084063744,43.41117134210437,47.84729282602313,16.26330082098586,22.242847970680902,10.283753671290825
Arzt,172,8.996605663977505,9.575135370737964,8.418075957217043,63.81770859319463,47.6693516273959,47.38769665824272,44.14032986553159,50.63506345095384,16.913215052820828,24.06874596630996,9.757684139331692
Arzt,174,9.102247143050885,9.522152336549059,8.682341949552713,66.13802111506163,50.149177685001206,48.029600524218,42.69879725532399,53.360403793112,16.54703723038873,22.72721768458643,10.36685677619103
Arzt,176,9.028729605529467,9.87575316534646,8.181706045712474,68.12194309042975,51.22341503845912,51.499562813101974,47.57488097449395,55.42424465170999,16.677331080043256,23.964850220765356,9.389811939321158
Arzt,178,8.776088129210347,9.74990539745613,7.802270860964565,68.41874096347561,51.610769858861076,51.9293506663357,48.73342576294635,55.125275569725055,16.567355885326005,23.927088698186182,9.20762307246583
Arzt,180,8.890090104403145,9.854509811999128,7.925670396807161,66.24107686671884,52.97564374099472,55.10663812937914,52.85903535010144,57.35424090865684,16.639297219375088,23.98612467323628,9.292469765513898
Arzt,182,9.083422284439386,9.654745980019415,8.51209858885936,69.8363486019174,52.05649878216251,52.34892105978177,55.3311207082759,49.36672141128765,16.75846928994839,23.827385996288694,9.689552583608089
Arzt,184,9.349127290608518,10.235216172897019,8.463038408320017,68.21409702988758,53.636483115662614,54.88966491128974,58.93319252997218,50.84613729260731,16.866568902444648,24.1599221734534,9.573215631435895
Arzt,186,8.932667069768447,10.06574638971596,7.799587749820936,69.39966693460605,54.7757672969552,56.67704595188279,61.33764677649263,52.01644512727294,15.88603041475381,23.107316953275813,8.664743876231807
Arzt,188,8.775746976966985,9.527072418762176,8.024421535171797,66.44762754543586,51.21948511677267,57.830584158523095,60.42277936741929,55.2383889496269,15.522253885123261,22.16875116176597,8.87575660848055
Arzt,190,8.535655409300464,9.451227698836075,7.6200831197648515,70.31324072195154,55.07803651467892,58.3375981643308,58.93183639114415,57.74335993751744,15.830908985479812,23.0874038014036,8.574414169556023
Arzt,192,8.778712474921033,9.81723317813065,7.740191771711414,73.90203490439379,57.94263753056247,61.45495225458676,66.00501910763015,56.90488540154337,15.94823169010326,23.250898523520085,8.645564856686434
Arzt,194,8.556716634764566,9.153254420576452,7.960178848952681,72.84362450789186,56.03276368793741,59.44213129165351,65.46915139712046,53.415111186186564,15.703439259353008,22.516602770013932,8.890275748692085
Arzt,196,8.953834683499437,9.680439879687798,8.227229487311078,68.9145447380587,51.835317182107126,54.73997096498701,56.86554814385619,52.61439378611784,16.64712011796872,23.367563929364085,9.926676306573349
Arzt,198,8.899868431516076,9.917437690701142,7.88229917233101,70.50860938152194,54.00116763360208,55.91513578333904,56.523234094419024,55.307037472259054,15.7768562949622,23.080641516864258,8.473071073060144
Arzt,200,8.54984686442766,9.303523695278693,7.796170033576629,71.02167312158012,54.550213883240744,56.56735328377165,57.63841053766227,55.496296029881044,15.233194172962024,21.97938386444902,8.48700448147503
Arzt,202,8.685921116867018,9.558604844962025,7.81323738877201,70.45384360582895,53.01759459679013,54.87511908661753,55.12533367657015,54.62490449666492,16.04522238580242,23.034395645284956,9.056049126319884
Arzt,204,8.91802361111861,9.890799641498226,7.945247580738994,69.0629194573524,51.543380831276046,54.78108756719956,55.42092944449507,54.14124568990406,16.79803195879125,23.737392567768946,9.858671349813555
Arzt,206,8.770718377045117,10.14448327327735,7.396953480812885,75.91158535505697,58.10540721515701,59.278643654926086,61.30896938532868,57.248317924523484,16.048612151727376,23.820513195540105,8.27671110791465
AufgebenResignieren,122,12.06190065644953,14.480641075120408,9.643160237778655,57.08190931155152,47.004741881283614,84.97805737541319,123.47866761671726,46.4774471341091,28.980516124654564,34.98456146879057,22.976470780518557
AufgebenResignieren,124,14.897792316798071,17.413058469586037,12.382526164010107,65.26426093774096,54.86105883564463,106.88684107203088,104.45309406775459,109.32058807630716,36.773658286736826,43.82608698614506,29.721229587328597
AufgebenResignieren,126,14.964468962136387,16.73737172826949,13.191566196003285,56.16853051106838,54.87298919464714,108.56030509753958,105.1238646637363,111.99674553134287,37.35121547820642,43.30403120627811,31.398399750134725
AufgebenResignieren,128,14.922674029089723,16.27573718946344,13.569610868716005,60.85256978591753,54.72651240900822,104.78566138586663,102.53264027301769,107.03868249871556,35.960644776110485,42.47507626717718,29.44621328504379
AufgebenResignieren,130,14.463331264031835,15.792135219139976,13.134527308923694,58.51689409383438,53.86745820895609,100.96746071552002,97.11093541547211,104.82398601556794,32.29025360360063,39.48324005497619,25.09726715222508
AufgebenResignieren,132,13.361014670411073,13.657345867990669,13.06468347283148,40.55395165941408,37.950435991457766,36.42548158835047,40.0741586025711,32.77680457412984,26.698893935796413,32.62007935531982,20.777708516273005
AufgebenResignieren,134,13.596049097959348,12.91710665322908,14.274991542689618,41.9931070600376,41.38090251860905,46.45152004411685,43.12057928734391,49.782460800889794,26.010615904096433,27.418387149973828,24.602844658219038
AufgebenResignieren,136,12.28351481229489,11.433327820672536,13.13370180391724,46.0067052795448,40.40805270384318,49.88583340202425,48.89788051962127,50.87378628442723,21.588997458133182,24.520687301280944,18.65730761498542
AufgebenResignieren,138,11.029861935087546,10.488512892221749,11.57121097795334,49.08622057966196,40.99792801619137,50.49486824402119,45.917373355143,55.07236313289938,18.05287200572506,20.713115439287016,15.392628572163105
AufgebenResignieren,140,9.71820596062128,9.33532889576046,10.101083025482097,50.37408260497511,40.45105722449147,49.881889551878785,51.434361899421724,48.32941720433585,15.206008281745873,17.580525040871173,12.831491522620572
AufgebenResignieren,142,8.016509084396363,8.814594848640999,7.218423320151727,52.505723490681284,44.01748210585227,60.123603759468324,61.0649458194094,59.182261699527245,15.608254859247491,18.099332319024935,13.117177399470046
AufgebenResignieren,144,7.7055756823161214,7.7262977594326125,7.684853605199631,53.1893784609139,49.73389474698838,75.37563242720464,76.2017599699734,74.54950488443589,17.19907067252165,17.750216877935497,16.647924467107806
AufgebenResignieren,146,9.518918732899305,9.626959967457967,9.410877498340643,58.73659995461482,46.86628259835766,82.91030417812398,84.84302918897066,80.9775791672773,22.96177010870886,26.131456925401093,19.792083292016624
AufgebenResignieren,148,10.71827533633557,11.124777184903984,10.311773487767153,62.27464543332344,54.97086700248818,105.04361444647265,107.0607284086354,103.02650048430988,23.11106034531843,28.01492469335845,18.207195997278408
AufgebenResignieren,150,11.627228820914581,10.812658639395405,12.44179900243376,66.36396258432272,57.33795326413043,124.44389396651376,124.95428346190168,123.93350447112583,25.56598404731439,26.08155420718097,25.05041388744781
AufgebenResignieren,152,10.386192188141472,9.884865439726552,10.887518936556393,63.62665597483759,52.727769591779825,107.40281356208152,108.36834708189384,106.43728004226918,23.02323234664661,23.7563660350251,22.290098658268118
AufgebenResignieren,154,10.90634778531221,10.862235395400514,10.950460175223904,50.658721450539744,42.836807946104095,67.25665433715734,64.34860810643217,70.16470056788252,24.62193905505879,25.869301083562895,23.374577026554682
AufgebenResignieren,156,10.561593848902127,10.995557731365913,10.12762996643834,52.495547615692594,42.304916681820345,63.20365083567865,61.89104718135705,64.51625449000025,23.65260823882092,26.310911490334547,20.994304987307295
AufgebenResignieren,158,11.680917027890949,12.040771884878039,11.321062170903858,52.151747160102666,41.99632749167498,64.45203504141217,64.69712054812715,64.2069495346972,26.04412854818271,28.451921824577415,23.636335271788003
AufgebenResignieren,160,11.590451566256448,11.781424096203963,11.399479036308934,52.031251009593134,42.69856844328291,64.67246200694102,66.87126842714508,62.473655586736946,25.817994452687387,28.25413646198717,23.3818524433876
AufgebenResignieren,162,11.199109558334015,10.747922427776262,11.650296688891771,51.64140532953822,42.99469663011403,59.153073152618546,57.68005744267378,60.62608886256331,25.06560418589742,26.890540083057896,23.240668288736945
AufgebenResignieren,164,11.567199880142121,11.42992080513311,11.704478955151133,51.286919584071256,42.685611289479134,63.36265995362989,64.33478558513971,62.39053432212006,25.149945693562,26.94775881635861,23.352132570765388
AufgebenResignieren,166,10.897298219048661,11.074208151570577,10.720388286526745,54.70994811246214,43.23536106927404,64.14676164621001,66.13192939755207,62.16159389486795,24.523543975093112,26.79643666227559,22.25065128791063
AufgebenResignieren,168,10.880068314337201,11.058600958416577,10.701535670257824,52.11378085237969,42.27400592015033,61.27147621533396,61.55149727235093,60.991455158317,24.474499492840195,27.327005161175496,21.621993824504894
AufgebenResignieren,170,11.012238319468207,11.28098109742768,10.743495541508734,54.658564159478054,43.67840795983517,65.80280953302861,68.7079141776843,62.89770488837293,25.033973802033742,27.324295701852748,22.743651902214733
AufgebenResignieren,172,10.844251756321837,11.22742426751609,10.461079245127584,57.63785699536122,45.92726220422128,63.38999654640057,61.29299198070725,65.48700111209389,24.69098362021936,27.545447781498016,21.836519458940703
AufgebenResignieren,174,10.423022080677834,11.232307096025,9.613737065330668,56.137573420078596,50.44444733720125,78.2178178828749,60.77451480606462,95.66112095968516,23.26403045038731,27.624339945493286,18.90372095528133
AufgebenResignieren,176,10.737097946507486,11.320634849403225,10.153561043611749,56.48787176630563,51.78395254079122,84.42828839547107,61.28064248468311,107.57593430625901,23.978672961916036,28.304373114555816,19.652972809276257
AufgebenResignieren,178,10.889071097346708,11.393556069156112,10.384586125537304,55.481922336391314,44.898657768797904,68.78581765035445,63.39533418926864,74.17630111144025,24.991950585031063,28.200729906262612,21.78317126379951
AufgebenResignieren,180,10.532475006691616,11.119567151741633,9.945382861641598,57.38379610650523,48.296931942132915,61.95225029535973,58.949978116680434,64.95452247403904,24.08398409876552,27.544173350793173,20.623794846737866
AufgebenResignieren,182,11.370264461077406,11.813806562775138,10.926722359379674,49.07668044189414,41.10943603054007,68.80695287805304,74.11968529718278,63.49422045892331,25.540994358993125,28.13948390026635,22.942504817719897
AufgebenResignieren,184,10.459881833774801,10.976005413960683,9.943758253588921,52.82148850416662,48.94141171934289,65.9654866687275,64.17721787543695,67.75375546201803,23.641804297152653,27.339166514000325,19.94444208030498
AufgebenResignieren,186,10.562000333257657,10.740702063871566,10.383298602643746,52.63326185030195,47.40938030919664,62.47050941311139,60.669859969447685,64.27115885677509,24.0165046249157,26.667290717223757,21.365718532607644
AufgebenResignieren,188,10.737680194348517,10.888811403880283,10.58654898481675,49.291608207160394,43.35467281105166,66.80768612533666,69.07727563976333,64.53809661090999,24.548562043062844,27.367438270957905,21.729685815167784
AusgebenGeldVerschwenden,120,12.114050689957494,11.329854795333114,12.898246584581873,65.1140900291889,51.43877594895748,64.72281156584233,66.5367547151097,62.90886841657496,26.405590614079955,17.743238188819554,35.067943039340356
AusgebenGeldVerschwenden,122,13.162036831635634,12.831929063970636,13.492144599300632,65.59236669325199,53.02966260357954,74.50719634182175,69.57057889088769,79.44381379275582,28.284740400342848,17.33800289107047,39.23147790961523
AusgebenGeldVerschwenden,124,12.66174202572557,12.576307064244,12.74717698720714,57.974778992769046,50.77664648293427,79.4095255236042,66.59937101872202,92.2196800284864,29.162609616413626,17.341566722076482,40.98365251075077
AusgebenGeldVerschwenden,126,12.278585972897986,11.950969059979334,12.606202885816636,64.17442483270713,53.338077722442186,87.16038641991226,63.970446956552976,110.35032588327154,28.65992094592788,15.87164499772916,41.448196894126596
AusgebenGeldVerschwenden,128,13.526970658861835,15.730405978455948,11.323535339267723,55.24197542036928,50.42147341357419,85.59131106698649,68.50099557964715,102.68162655432583,29.164289016765657,24.542677804663505,33.78590022886781
AusgebenGeldVerschwenden,130,12.709580490417512,13.553529439054408,11.865631541780617,52.73047971431454,49.605532017495115,84.93487907452011,65.38610872412666,104.48364942491357,25.465481467071335,19.820337170558687,31.11062576358398
AusgebenGeldVerschwenden,132,12.347232484898901,13.35007280981412,11.344392159983682,60.503937563152626,57.038125698997625,95.65685101244387,65.78231445069898,125.53138757418877,24.30274344616899,19.92958723503413,28.67589965730385
AusgebenGeldVerschwenden,134,10.554551694394977,10.2723443346842,10.836759054105755,55.818935450534134,52.36765268079381,79.80058850262701,60.031834193452504,99.56934281180152,22.01916868340023,14.353497014614046,29.684840352186413
AusgebenGeldVerschwenden,136,11.726452640491923,11.303117842397064,12.149787438586781,56.82633390226721,50.47135198693152,74.35572174373266,62.69991138068252,86.01153210678278,26.31112522109769,18.200671112858217,34.42157932933716
AusgebenGeldVerschwenden,138,12.743028191846554,12.38084156583909,13.105214817854018,48.89073680118334,50.23761927112454,65.63692569245464,60.67134371158416,70.60250767332514,29.636397272023494,20.690586730882732,38.58220781316426
AusgebenGeldVerschwenden,140,13.102894868890974,12.28806520450798,13.917724533273967,50.547054640346026,47.13353333811337,59.77216190303193,59.58109923448175,59.96322457158211,31.60086983141628,22.809690854950098,40.39204880788246
AusgebenGeldVerschwenden,142,13.864913946127302,12.479617985092315,15.250209907162292,49.93178717212365,47.34996336536896,58.19522692225506,58.8304841064179,57.559969738092214,32.4015403403665,23.294195721450475,41.50888495928253
AusgebenGeldVerschwenden,144,13.72611848235514,12.255080039580388,15.19715692512989,52.04343115147243,52.513087646512595,54.193430464328976,55.33799549567574,53.04886543298221,31.41625068920093,21.805255338612607,41.02724603978925
AusgebenGeldVerschwenden,146,13.348868253940879,11.079251265343503,15.618485242538256,48.9830561519842,45.460770867279955,60.870954968077996,64.16845076228454,57.57345917387146,27.12800936055531,13.751450157242243,40.504568563868375
AusgebenGeldVerschwenden,148,14.020457465468509,12.104648835623328,15.93626609531369,56.81680724067231,50.06135333211678,73.59195885176263,65.56629552515376,81.6176221783715,30.283561382015655,16.326115141070083,44.24100762296123
AusgebenGeldVerschwenden,150,16.417232326486936,12.168399382312595,20.666065270661278,58.751987265348426,51.6510509860623,76.63574213711681,63.715459522578485,89.55602475165514,31.52135251267982,15.357699143728421,47.68500588163122
AusgebenGeldVerschwenden,152,13.469419108493085,12.081325475404604,14.857512741581566,57.51151698475752,49.971185661971646,81.50299879811932,62.567832795273766,100.43816480096487,30.480822630658515,16.134969000728848,44.82667626058819
AusgebenGeldVerschwenden,154,13.288049287879684,12.434461801199069,14.141636774560299,63.196251529185304,56.153698890610094,78.85088217049481,57.34359298711785,100.35817135387178,32.1325452469945,18.225660805071694,46.039429688917316
AusgebenGeldVerschwenden,156,12.457302817448408,11.958998333089273,12.955607301807541,61.84446803678659,59.285032769290844,77.04370151400981,56.055759997619965,98.03164303039966,28.2958961512994,16.475407209968786,40.11638509263001
Auto,104,13.621586620144026,12.190374961744439,15.052798278543612,53.64804224889033,43.04402529734524,67.66375809517069,50.899690268687934,84.42782592165347,23.883493664959317,17.91000625778056,29.856981072138073
Auto,106,13.648077858425136,12.162038261080735,15.13411745576954,53.749087466880724,41.32447373335548,63.356630612424226,56.707669061088,70.00559216376045,22.191906952387768,16.028331818477234,28.355482086298306
Auto,108,13.702774462340349,12.38680328190704,15.018745642773657,57.556155208223544,44.22316113828558,62.56613852656861,64.0374757478015,61.094801305335714,21.987725059215457,17.114057026935047,26.86139309149587
Auto,110,13.43983441581088,13.326584047677068,13.553084783944692,52.21573407925235,40.92872904859355,58.07189235843519,63.00401755675897,53.13976716011141,23.583866661759913,23.345333080856925,23.822400242662898
Auto,112,13.510102268796958,13.251562535773813,13.768642001820103,44.33342171337835,42.056287799933635,61.51902161558541,62.65632114240457,60.381722088766246,24.59294114286243,25.412429479159957,23.773452806564897
Auto,114,14.54890386459585,14.684765836562164,14.413041892629535,50.47349812547864,41.223556151336815,47.48045696810061,61.00145443756345,33.95945949863776,24.409962901135412,25.738193914171877,23.081731888098947
Auto,116,14.36932273434565,14.998100422136643,13.740545046554656,52.894201673435525,40.72015130407918,50.485495704767175,71.11873865139215,29.852252758142196,22.14584387525568,25.877230226857794,18.414457523653567
Auto,118,14.123598319256775,15.554220863868348,12.6929757746452,47.93857170381968,40.67862248229248,56.2554646294509,74.32751565513377,38.18341360376804,23.046030799842278,29.162865187751887,16.92919641193267
Auto,120,14.270397812044832,16.338415599510913,12.202380024578751,49.4839713107417,45.50598249775399,67.98440926683935,78.28770800169397,57.681110531984736,23.622359775169237,30.0363272349681,17.20839231537038
Auto,122,13.696666513707907,15.402567605679023,11.99076542173679,50.2806681767189,42.89550471857076,65.82985168813306,73.67905700034628,57.98064637591986,22.347038425796136,27.432772393832362,17.26130445775991
Auto,124,13.379087187045585,14.22826685423684,12.52990751985433,49.26175532843589,43.301547100805784,62.93528237365427,65.70975913721857,60.160805610089966,21.324345289998913,24.749980865347215,17.89870971465061
Auto,126,12.844381375828625,12.9475293531638,12.741233398493453,49.28231048764891,40.50961220346274,54.37146780942895,52.361166557266515,56.38176906159139,20.515176593038987,22.27284734931813,18.757505836759847
Auto,128,12.887632942753594,11.799652176814666,13.97561370869252,52.61739056462269,44.47602863731955,50.57639789751583,38.13540036960761,63.01739542542405,19.255327815791823,18.720004281210546,19.790651350373096
Auto,130,13.440926807674051,12.150928311200293,14.73092530414781,57.220038992124806,43.85351851504951,49.6972717660652,36.90801380510196,62.48652972702843,19.80160801692071,15.941583166748753,23.661632867092663
Auto,132,13.093340839174115,11.399021795360293,14.787659882987938,49.756589560810056,39.236329828977475,51.31144516654697,40.07029093502416,62.55259939806977,19.618167666080303,14.665500631469824,24.570834700690785
Auto,134,12.411706330648308,11.333086560451932,13.490326100844683,46.116607261586886,39.7797313689947,51.23645037250992,43.08301553936985,59.38988520564999,17.20047710190157,13.439885956164696,20.96106824763844
Auto,136,13.778605024507652,12.717484545927444,14.83972550308786,50.107541390719376,43.56779744039981,56.041889144905554,58.40553985655203,53.67823843325907,22.3146753520644,20.15367268684543,24.475678017283368
Auto,138,13.484779828860498,12.424086779557,14.545472878163997,50.55994267842565,41.581358573380456,58.80763537425695,60.416876537478394,57.19839421103549,21.26315353006062,19.269037535375944,23.257269524745293
Auto,140,13.435455635982553,12.373386680533153,14.497524591431953,52.604264084271726,42.918991335849725,52.52201686279127,56.79743754978868,48.246596175793854,20.923967862492514,19.44751235918054,22.40042336580449
Auto,142,13.620808221036881,12.658997333059204,14.582619109014558,57.57399859752714,45.79818637019952,52.28620436131244,61.42685280087277,43.14555592175211,21.14548925524346,21.42874315496792,20.862235355519005
Auto,144,13.88891542229161,13.27321595499607,14.504614889587149,51.2368148999979,39.47338829313337,47.178975626185135,56.44788638517577,37.91006486719451,21.545753997718364,23.225938698943647,19.86556929649308
Auto,146,13.546447992394006,12.851164332261316,14.241731652526695,54.733422687301186,41.890748990717704,50.731974195673914,62.116303820961505,39.34764457038632,22.43599897548352,26.84539171652917,18.02660623443787
Auto,148,13.876707887463514,13.626648535550489,14.126767239376539,48.585556349222905,40.188885377111646,52.56660563829142,56.46435064900652,48.668860627576315,22.056088350856793,26.486822624275085,17.6253540774385
Auto,150,13.195200393573177,13.275605297962457,13.114795489183898,47.95748127707769,38.71031204168763,48.66366315207165,44.868160890991234,52.45916541315207,21.014096890046304,25.27810899483107,16.750084785261535
Auto,152,13.302197829287568,13.199770910273392,13.404624748301744,45.153571311544326,37.599774759261315,47.39645722299403,43.17840944163982,51.61450500434824,20.716063285908923,23.781967686641508,17.65015888517634
Auto,154,13.004180084374806,12.6124066500924,13.39595351865721,48.14078264433627,38.6650970156035,46.3867081328728,41.38337034265205,51.390045923093545,19.46012715981889,21.32353309355014,17.596721226087634
Auto,156,12.5051633595739,11.948351751442276,13.061974967705524,49.06259512540658,38.170540964434494,48.79160350106583,40.45321179159039,57.12999521054127,18.640689461072903,19.589810719048995,17.69156820309681
Auto,158,12.84508532486392,12.406956198745812,13.283214450982028,48.79350490444181,40.05400758744499,56.489403688480365,51.70317804047538,61.275629336485345,18.661847566131883,18.64746227326241,18.67623285900136
Auto,160,13.208864097797257,12.603612581921402,13.814115613673112,49.90753282125011,41.78699099988048,59.04862455006379,46.386656881155254,71.71059221897232,18.64480008748332,18.057944592042467,19.23165558292417
Auto,162,12.998514160010789,11.97054543819398,14.026482881827597,48.8542021541094,40.08355743509684,57.87208559000334,57.21623518670548,58.52793599330119,18.90357535151533,17.701070484826598,20.106080218204056
Auto,164,13.816948494369084,13.395917853260375,14.237979135477794,52.11157967743376,41.39285485766638,61.692000696301534,61.62245100226393,61.76155039033913,20.783924029036562,19.200935106538935,22.366912951534193
Auto,166,14.12865440873409,13.397966883942903,14.859341933525274,51.95829601404425,41.11012317376892,59.31309636680437,59.38363600578584,59.2425567278229,21.037609362954733,19.55670643415563,22.51851229175384
Auto,168,13.211433450609789,12.407524821110396,14.01534208010918,50.20127991388135,40.970869939867306,58.919785260485654,62.97177516347455,54.86779535749677,21.81176679001866,20.296302449882624,23.327231130154697
Auto,170,14.12831966840698,13.623461053307661,14.633178283506302,52.59133639949121,40.15423051958991,58.7117635503386,60.475998483184355,56.94752861749286,21.218265650876504,20.53028819498709,21.90624310676592
Auto,172,13.710921067334326,12.886042879363501,14.53579925530515,51.228211197882224,42.884108059043186,65.06085069996794,73.63819406346127,56.48350733647462,21.97425759393673,20.803525011201543,23.144990176671918
BesuchenEinmischen,172,15.597877084702308,19.469826006787795,11.72592816261682,56.196502429434666,48.340025586192624,62.15655227207947,57.89019118833967,66.42291335581928,20.447197222766334,24.80314514875833,16.091249296774343
BesuchenEinmischen,174,15.805846127511108,20.22566188263969,11.386030372382525,49.72013192965106,45.16639914769651,66.5994759872263,55.634662506925,77.56428946752759,21.96488675149142,26.813142251064583,17.116631251918257
BesuchenEinmischen,176,14.074017302552306,17.519284173615805,10.62875043148881,56.88419794929524,49.64497246634139,69.70630844395168,55.00872404037964,84.40389284752374,18.057371765997267,21.286124386286765,14.828619145707766
BesuchenEinmischen,178,15.327108553815872,19.532567364876623,11.121649742755121,54.633225171070436,48.36102235327924,67.58059888841768,66.00096393095494,69.16023384588043,25.36686190462509,31.499979885418742,19.23374392383144
BesuchenEinmischen,180,18.877423815031552,15.928392432131574,21.82645519793153,57.96734255604968,48.4644085044572,61.071943263924254,59.3310341484609,62.81285237938761,25.123348231550906,24.02657823726478,26.22011822583703
BesuchenEinmischen,182,13.331176905733436,14.297998092345948,12.364355719120926,62.287131542284335,48.12928428375168,57.57607077223176,51.871708933464824,63.280432610998695,19.273940520058066,19.49029150077697,19.057589539339162
BesuchenEinmischen,184,13.73914945997215,14.41902871383109,13.059270206113212,54.17302763404404,48.369067483780775,59.86592458582359,51.886796603707914,67.84505256793926,18.9372248296008,18.57977549156255,19.29467416763905
BesuchenEinmischen,186,13.5211248942028,16.308040518220633,10.734209270184964,53.472370675495675,50.20722125363919,58.362843759910135,60.769648681864716,55.956038837955546,20.813505225181988,24.66823226182153,16.958778188542446
BesuchenEinmischen,188,13.572473507388203,14.769038371804436,12.375908642971968,58.085323418686635,49.40077810321213,58.15602861352606,59.07311805582132,57.2389391712308,22.114350607503695,21.77573957251418,22.452961642493207
BesuchenEinmischen,190,15.016321697189579,16.34438460095759,13.688258793421566,43.79862403033582,47.23975511913328,60.61691731973543,59.38185211549722,61.85198252397364,24.208597709917473,23.394283047227397,25.02291237260755
BesuchenEinmischen,192,16.482091283848863,18.497235668698536,14.46694689899919,46.835119851914826,47.78841133030025,64.97628064741792,64.2827886358343,65.66977265900155,30.135935122082735,32.37719917814219,27.89467106602328
BesuchenEinmischen,194,12.706449144357386,14.847470075979112,10.565428212735661,46.13001647874786,47.13893545678655,60.04713335904628,53.67194745343316,66.4223192646594,18.63634708914146,18.173389291918713,19.0993048863642
BesuchenEinmischen,196,17.288229061921484,18.94107161343656,15.63538651040641,47.888399205102836,47.09247187059713,64.07974262611745,62.103766464396216,66.0557187878387,32.00504460334927,33.31436712298205,30.695722083716486
BesuchenEinmischen,198,17.87182093126924,19.496714746903212,16.246927115635273,44.74112740977099,48.41219129744462,70.04547036470618,71.14061807825414,68.95032265115823,35.09500151960151,38.1148498542701,32.075153184932915
BesuchenEinmischen,200,16.918572958883598,17.51499937765609,16.322146540111106,45.23455513423879,53.83584321760752,67.0995011430563,62.65448845131133,71.54451383480128,31.221097114547575,29.132335780877284,33.30985844821787
BesuchenEinmischen,202,13.692877051306175,15.318829013270134,12.066925089342215,41.913180775061676,48.40213483430357,62.21292411736127,56.02858018946554,68.397268045257,21.853826003375872,18.267588654535853,25.44006335221589
BesuchenEinmischen,204,17.474179395601464,17.992385451534606,16.955973339668322,44.28553329706159,49.47149678039133,71.86753976104333,73.2235711357773,70.51150838630934,34.767433908772034,34.458942585242724,35.07592523230134
BesuchenEinmischen,206,16.68303999708919,17.297927009374117,16.068152984804264,44.71898347519171,47.86575901155787,63.8837511162601,58.88030895356159,68.88719327895862,31.977097555545974,30.408584297765692,33.545610813326256
BesuchenEinmischen,208,17.455383438694007,18.42338283159531,16.487384045792705,44.40978712446909,53.788562605986506,70.33396579073434,67.06446496145557,73.6034666200131,34.719416971385556,34.828869599488534,34.60996434328258
Blitz,131,15.32304864351986,,15.32304864351986,40.38135883821064,55.06416109742882,50.65384197248098,,50.65384197248098,22.314148846234456,,22.314148846234456
Blitz,133,14.665373011623009,,14.665373011623009,44.03818353325794,60.356804798102175,49.61787751592909,,49.61787751592909,22.836004820526696,,22.836004820526696
Blitz,135,14.376534212005978,,14.376534212005978,43.17508537140436,59.53374672940837,45.06271184904526,,45.06271184904526,22.00741407735573,,22.00741407735573
Blitz,137,13.413960228463495,,13.413960228463495,49.630141555064846,64.92755076100572,36.76566279646395,,36.76566279646395,19.82197687567696,,19.82197687567696
Blitz,139,13.401981005026089,,13.401981005026089,45.93580331708666,59.61077630834482,35.83853460369637,,35.83853460369637,18.032107417236393,,18.032107417236393
Blitz,141,12.067584297581716,,12.067584297581716,48.45128810974535,66.14803320503799,32.68328162961209,,32.68328162961209,13.689565577305512,,13.689565577305512
Blitz,143,12.41037971280394,,12.41037971280394,49.83347891343235,68.66681793607206,27.94940716778782,,27.94940716778782,14.149764961758478,,14.149764961758478
Blitz,145,12.56825125285886,,12.56825125285886,51.46437235647358,68.25393127027303,35.31229741372604,,35.31229741372604,16.230413298985532,,16.230413298985532
Blitz,147,12.084570382507714,,12.084570382507714,51.71823405662001,65.27412808388858,41.859309326478886,,41.859309326478886,16.63275532489157,,16.63275532489157
Blitz,149,11.527500612857049,,11.527500612857049,51.43844972641612,69.1724547525999,46.98015386744181,,46.98015386744181,16.22860736945725,,16.22860736945725
Blitz,151,11.776932407299102,,11.776932407299102,55.90242150460826,71.46944728068806,53.62585557016235,,53.62585557016235,16.21880976353833,,16.21880976353833
Blitz,153,10.359827349105574,,10.359827349105574,51.568444432520984,70.96015331766745,42.45970830862435,,42.45970830862435,11.998654395258901,,11.998654395258901
Blitz,155,10.729081171289026,,10.729081171289026,46.730039888722885,65.83144273596912,40.68382528394536,,40.68382528394536,11.107735372593842,,11.107735372593842
Blitz,157,10.689474491441958,,10.689474491441958,47.701855837343,70.26751557482817,44.89912843291016,,44.89912843291016,11.416758011878182,,11.416758011878182
Blitz,159,11.439672681953875,,11.439672681953875,57.27032630509676,82.7870482704556,66.74644054389404,,66.74644054389404,11.759083015543045,,11.759083015543045
Blitz,161,13.069088759249789,,13.069088759249789,55.20445565587461,80.28769100641239,76.32856404806738,,76.32856404806738,14.268132925204407,,14.268132925204407
Blitz,163,14.835572490052263,,14.835572490052263,48.602943136625676,70.24086715446147,65.00540379167697,,65.00540379167697,19.382426960761684,,19.382426960761684
Blitz,165,14.80237712032493,,14.80237712032493,52.965192704007855,73.17108467687429,75.49360676948132,,75.49360676948132,23.768778764876842,,23.768778764876842
Blitz,167,15.955421452819147,,15.955421452819147,58.5858375812994,83.47346352414024,97.99317949597767,,97.99317949597767,25.951176460297106,,25.951176460297106
Blitz,169,16.101852598294485,,16.101852598294485,57.761721646246954,79.52186646801515,110.34134473106828,,110.34134473106828,26.633505213602977,,26.633505213602977
Blitz,171,16.67568039244683,,16.67568039244683,58.37375790185838,82.62583998948774,108.61942674412862,,108.61942674412862,27.666172305557716,,27.666172305557716
Blitz,173,16.61420092784013,,16.61420092784013,58.996814491732835,83.56816549416394,112.88975959082443,,112.88975959082443,27.45189313308213,,27.45189313308213
Blitz,175,16.40887169635659,,16.40887169635659,56.10491761348007,77.05894374899525,110.7947237431376,,110.7947237431376,26.470619630383112,,26.470619630383112
Blitz,177,16.635251705823748,,16.635251705823748,53.27440220070076,73.58450562831666,108.6955764041044,,108.6955764041044,25.124282666399466,,25.124282666399466
Blume,121,14.466199830892295,18.38666087083157,10.54573879095302,53.1418352740322,46.36714421507482,63.246099596601695,61.61333155341621,64.87886763978719,20.620760194298754,27.116194329003395,14.125326059594114
Blume,123,15.394170270689806,19.61509186055837,11.173248680821242,61.40362201057168,56.88202301187052,71.38235009420696,63.33057845863892,79.434121729775,23.14965973809001,29.18228726006216,17.117032216117856
Blume,125,17.1093836851178,19.401364148184154,14.817403222051443,65.05937910851996,56.478891239182,80.96394450776853,100.51115982265489,61.41672919288216,25.134542878781854,28.513303550808697,21.75578220675501
Blume,127,14.536288907583032,20.282483115258422,8.79009469990764,61.36358314646035,53.33853700473053,72.11041283247121,72.39180712066448,71.82901854427796,21.300339089346075,28.21829645969275,14.382381718999403
Blume,129,15.425990421335712,22.195404953193894,8.656575889477528,70.47138394098934,60.35106365999626,78.92932429467433,74.32066364146527,83.53798494788337,23.11181270653197,29.60710446475154,16.616520948312406
Blume,131,15.45453354108821,21.379117891869427,9.529949190306994,72.12699594379363,60.24061616316156,76.42215761654039,74.90304957050365,77.94126566257712,22.130770319367752,29.307772570603785,14.953768068131719
Blume,133,15.09371248240204,20.743801800402686,9.443623164401394,69.83167939112056,59.487997389179725,71.84297616787725,73.31249975990559,70.3734525758489,21.298997692891355,29.826388025182624,12.771607360600084
Blume,135,14.729320936745127,20.149481749004575,9.309160124485679,76.60688475689133,65.42642391540271,69.2530168102162,68.93096524739818,69.57506837303423,21.026153004285064,29.557536823749647,12.494769184820484
Blume,137,15.235174492444,20.415669845745526,10.054679139142474,77.59950719399862,66.21213932685863,64.68308095724466,61.555063129005454,67.81109878548386,21.90590513955101,29.377908978245898,14.433901300856125
Blume,139,15.422740347514024,20.36564796304819,10.479832731979858,76.32969772533366,63.21755252420803,60.03940003098395,54.95312191712735,65.12567814484055,21.49742773205839,29.057454781586543,13.93740068253024
Blume,141,15.588527215179178,20.664673861603955,10.512380568754402,66.78724896641387,49.565559107180796,55.96658603543398,52.19688084822065,59.73629122264731,22.089147236618505,30.562551346306854,13.615743126930154
Blume,143,15.88078543618597,21.206144277827903,10.555426594544036,69.59588195007775,55.6301122625026,57.862764959123275,52.826402782597825,62.899127135648726,22.542654934094287,31.340505516779192,13.744804351409378
Blume,145,16.23612262735876,21.617053861048465,10.855191393669056,59.97791587598627,45.297856067645355,59.668957936602325,54.01852026348933,65.31939560971531,22.576021821692315,32.691955534365285,12.460088109019342
Blume,147,16.116746894208475,21.719523444135607,10.513970344281347,66.41069638429799,52.74649413536457,57.78524906436704,52.780472577786114,62.790025550947966,22.981692890532408,32.40249816460599,13.560887616458832
Blume,149,15.739286478120802,20.909979253505906,10.568593702735697,67.9359418019686,54.75269398897645,61.85243529335649,56.73020949285242,66.97466109386058,22.295124202620514,32.13063339683222,12.459615008408804
Blume,151,16.68642989213333,21.819289625717428,11.553570158549233,59.59132002931616,43.7335588655684,57.90494839769372,54.657319715355214,61.15257708003223,22.561103057473073,32.49884441958147,12.623361695364679
Blume,153,16.282364277617656,21.944926816670073,10.619801738565242,61.99230844406661,47.44751714985604,57.97508805593934,54.7472263389783,61.20294977290037,23.11183843120092,33.42953788410743,12.794138978294404
Blume,155,15.86760890102784,20.856989195010353,10.878228607045326,59.226394732663,46.187825662258454,57.535998292974526,51.612695006890974,63.45930157905808,22.118469116130875,31.404798902460293,12.832139329801453
Blume,157,16.154961001833474,21.48253071794485,10.827391285722095,65.44999398458549,47.283910219894175,57.380612850412376,51.39960355523653,63.361622145588214,22.919914594923824,32.253721027008226,13.586108162839427
Blume,159,16.503216988649847,21.78851684234341,11.217917134956283,61.94656308445803,47.06888980360967,57.858432094927984,52.06854477209635,63.648319417759616,23.374668639922756,32.911072920502015,13.838264359343496
Blume,161,16.548474169760972,21.86086147563075,11.236086863891197,63.7678859190748,47.58281283728672,58.221659208625894,52.853083689999124,63.59023472725266,23.221538035356584,32.60455079759939,13.838525273113781
Boese,127,23.326979348026825,,23.326979348026825,44.340392909724805,54.4437957567341,90.81291907994853,,90.81291907994853,49.66181886675364,,49.66181886675364
Boese,129,25.348863164845696,,25.348863164845696,47.556199456868804,60.306931358173046,92.67012077351691,,92.67012077351691,53.981312837759305,,53.981312837759305
Boese,131,22.6577119883788,,22.6577119883788,50.83586860097933,63.458808476534514,54.903488443740194,,54.903488443740194,48.1754069014964,,48.1754069014964
Boese,133,20.639754797113664,,20.639754797113664,54.21535812094504,74.5701798332976,64.67359595584553,,64.67359595584553,42.555515605142375,,42.555515605142375
Boese,135,22.557570941517437,,22.557570941517437,47.257522960286494,72.53847833014432,117.21589479420867,,117.21589479420867,51.09352193173464,,51.09352193173464
Boese,137,23.404036319998383,,23.404036319998383,52.14408505983028,73.70042043544744,116.07564004545398,,116.07564004545398,54.41852441188723,,54.41852441188723
Boese,139,21.900174982590613,,21.900174982590613,55.85533094645712,70.71158691549863,94.18020681103006,,94.18020681103006,47.75468131428783,,47.75468131428783
Boese,141,23.605470857697338,,23.605470857697338,46.25484165062022,58.66520965464257,74.30431849214436,,74.30431849214436,48.64849491147368,,48.64849491147368
Boese,143,23.51284858669683,,23.51284858669683,48.1956784824863,62.711449019838135,71.50365834566821,,71.50365834566821,48.787729983736334,,48.787729983736334
Boese,145,20.93679103664548,,20.93679103664548,52.06647602686838,72.9841880722048,72.4669940835819,,72.4669940835819,43.73650716814941,,43.73650716814941
Boese,147,21.64341777822818,,21.64341777822818,48.30392061376159,70.91744106719402,116.52295448519963,,116.52295448519963,46.038597014963166,,46.038597014963166
Boese,149,23.086736098712947,,23.086736098712947,49.55264414938098,78.43579883423442,126.41488328322679,,126.41488328322679,50.890469485766026,,50.890469485766026
Boese,151,20.60295753497404,,20.60295753497404,47.2352372851469,66.55984711786706,96.97969481066836,,96.97969481066836,42.1635148496009,,42.1635148496009
Boese,153,21.160388317688433,,21.160388317688433,45.33054051377154,70.22476807520006,98.32680937999308,,98.32680937999308,41.80960672962113,,41.80960672962113
Boese,155,21.709020772594926,,21.709020772594926,48.16692781152535,63.28543383422428,64.49233074140307,,64.49233074140307,44.543281262556164,,44.543281262556164
Boese,157,20.72991330650923,,20.72991330650923,55.03341139407545,74.90584492412331,67.31263418408597,,67.31263418408597,41.67878341352968,,41.67878341352968
Boese,159,21.368468281501944,,21.368468281501944,49.504186409763534,73.62784340591617,96.0604075359434,,96.0604075359434,44.672585851273254,,44.672585851273254
Boese,161,20.941690577328462,,20.941690577328462,49.9698351421273,75.89691463646243,106.11644578443546,,106.11644578443546,44.18357589064537,,44.18357589064537
Boese,163,19.963708650279017,,19.963708650279017,43.87597667323015,62.13523996404865,98.68606457677353,,98.68606457677353,40.306951023418655,,40.306951023418655
BroetchenAufschneiden,151,10.74561203351644,11.163896804241327,10.327327262791552,39.98085379047231,36.55435828720849,43.18373820989795,33.79007957402798,52.57739684576793,23.49892030635236,26.472733994769126,20.5251066179356
BroetchenAufschneiden,153,10.173320157247758,10.039343450709675,10.30729686378584,37.698324733636774,35.61098507078759,49.673398340907696,36.545253869276,62.801542812539395,24.59982904768723,25.903391940624378,23.296266154750086
BroetchenAufschneiden,155,10.099999618449115,10.358881780188584,9.841117456709647,40.69359272539496,37.831113335078086,52.02812994988659,43.85126902883191,60.204990870941266,23.964704466123138,27.097324059963675,20.8320848722826
BroetchenAufschneiden,157,10.367074158930635,10.68232144931482,10.051826868546451,39.919257998489044,38.05414644934581,50.294063263193834,47.77402376171128,52.81410276467639,24.523943821722938,26.769979040977812,22.27790860246806
BroetchenAufschneiden,159,10.20569625704283,10.561974840754509,9.84941767333115,38.32795704777969,38.34433767967176,49.56676434789616,42.891333747890855,56.24219494790147,24.776823706867088,27.38837324710103,22.165274166633147
BroetchenAufschneiden,161,10.135097842853433,10.163382781516232,10.106812904190635,46.54523728342713,45.2637550176112,55.14627703749359,57.00822120798,53.28433286700717,25.074865761905915,29.34109857807973,20.8086329457321
BroetchenAufschneiden,163,10.061920714086888,10.791711987280747,9.33212944089303,37.37175588585929,40.693652518272934,47.98486528526651,46.443459003029055,49.52627156750397,24.786901462142147,29.368486522889384,20.205316401394914
BroetchenAufschneiden,165,10.12793520031003,10.604878354981114,9.650992045638946,41.66675456702858,47.373432789552744,48.63124088540787,50.03870012363224,47.2237816471835,24.407792625501436,28.560023501754355,20.255561749248514
BroetchenAufschneiden,167,10.279882837024706,11.220452011468986,9.339313662580427,44.554396357209946,51.629766786031006,62.001322912466264,58.87689014760712,65.12575567732542,24.85606458360234,28.544267184746378,21.167861982458298
BroetchenAufschneiden,169,12.719857390436351,11.326908024808024,14.112806756064678,47.64504104642266,52.58388680267308,66.64800641457397,55.471326434517714,77.82468639463023,24.32949760872424,27.977227846052134,20.681767371396347
BroetchenAufschneiden,171,11.403764424068903,12.042077508999506,10.765451339138302,48.68442165874392,61.25414264941038,67.37591599460504,53.33086430028559,81.42096768892448,24.413326920394887,28.446094144147,20.380559696642774
BroetchenAufschneiden,173,11.119630635549175,11.73941466101358,10.499846610084772,53.32214823896155,59.56430487983762,67.100335916033,54.09782566341845,80.10284616864755,25.344060560278496,28.733876404376545,21.954244716180447
BroetchenAufschneiden,175,10.47393710751283,11.185027163323225,9.762847051702435,51.86024167860514,50.78694457711204,55.38473607035087,61.186884952505324,49.58258718819641,25.831487006199552,30.76801452135659,20.894959491042517
BroetchenAufschneiden,177,11.232295712160308,12.185495027479867,10.27909639684075,38.246409571882836,41.89229031609272,51.57636857415676,54.0152126575995,49.13752449071402,28.070779495122125,31.097651083003225,25.043907907241028
BroetchenAufschneiden,179,10.735826706221037,12.270785312915477,9.200868099526595,47.16579966595406,45.95117311350398,49.450017966052854,57.23327281589448,41.66676311621122,28.810168258829037,32.73366880504005,24.88666771261803
BroetchenAufschneiden,181,10.956813101634559,12.125266886599285,9.788359316669835,43.6892272712808,46.86835312273352,50.54416603124909,62.23884207919789,38.8494899833003,30.513917169596247,32.05326049593509,28.974573843257403
BroetchenAufschneiden,183,10.851283205436287,12.149129779041449,9.553436631831126,45.62554459116719,55.343554594444335,70.69450121816766,62.35171877415509,79.03728366218022,28.589296478068903,29.91398264903981,27.264610307098
BroetchenAufschneiden,185,12.101699499387973,11.130560347208585,13.07283865156736,45.6567204673413,55.741880828020356,63.391818160462535,52.233657961401256,74.5499783595238,24.342615093863657,29.50297075048808,19.182259437239235
BroetchenAufschneiden,187,13.063552474021995,11.086856619462957,15.040248328581033,51.953381931500935,58.49332932302876,71.53619161282192,68.61170807184673,74.46067515379711,25.283023909319855,28.40294912693588,22.16309869170383
BroetchenAufschneiden,189,14.121910671970113,11.762590872114746,16.48123047182548,54.020423586763904,57.6837743456775,66.86786134171368,74.2002370831136,59.53548560031376,26.784177178392675,29.729309811463764,23.839044545321585
BroetchenAufschneiden,191,12.026578618468477,11.773934973711945,12.279222263225007,49.23271626555595,55.706619975368184,57.51405768314331,63.03037897581569,51.99773639047093,27.481107228318507,30.981304748708276,23.98090970792874
BroetchenAufschneiden,193,10.731119444562665,11.723712879342795,9.738526009782536,46.01058337326122,54.25574117127274,48.44695934211824,58.75981797863859,38.134100705597895,28.213980358821637,31.113845768562616,25.314114949080654
BroetchenAufschneiden,195,10.811371934605003,11.852343219609974,9.77040064960003,47.707062967536814,59.10610453640883,61.45859079923298,63.720959100722865,59.19622249774309,29.643490424664694,29.77706372056215,29.50991712876724
BroetchenAufschneiden,197,10.799437955762595,11.808250702822301,9.790625208702888,46.16662707612119,56.042393320016444,56.767927109729364,59.36363140585163,54.1722228136071,30.17223181082212,30.663979682485472,29.680483939158762
BroetchenAufschneiden,199,11.10747190595396,11.909498221625865,10.305445590282053,47.80549210321088,54.282585165987314,51.79631726838308,58.03384094868002,45.55879358808613,27.525555970995555,30.502245136802134,24.548866805188972
BroetchenAufschneiden,201,11.22178811794296,11.602656078554103,10.84092015733182,46.14568368971314,53.9777137060762,55.157534154936975,57.2174954139842,53.09757289588975,25.852954004559717,29.86378894882593,21.842119060293502
BroetchenAufschneiden,203,14.28889507591418,11.372733450577163,17.205056701251195,51.32849469068141,55.813148602314605,55.722962137681186,60.134162872587844,51.31176140277453,28.005154201079,30.22828515922792,25.782023242930084
BroetchenAufschneiden,205,12.492206373410493,12.175991728660142,12.808421018160846,50.69402771164875,55.904427706445844,63.11621802940971,69.17882712150775,57.05360893731166,27.52634121841463,31.637367308955582,23.41531512787368
BroetchenAufschneiden,207,12.670385571231826,12.411649616533069,12.929121525930581,56.66809048620548,51.361937297840655,63.044237070910405,75.57548470533688,50.512989436483934,27.630317794392564,31.798094114187492,23.462541474597636
BroetchenAufschneiden,209,12.22990387088489,11.637099594884962,12.82270814688482,53.46998672564569,51.69026096764555,55.92083898882582,69.31559110563676,42.52608687201489,26.966337724108783,31.434242353482023,22.49843309473554
BroetchenAufschneiden,211,12.015750017024999,11.797661781829945,12.233838252220052,53.50014212902823,53.69208900498882,59.61934597082616,75.73959672413484,43.499095217517485,26.441739374186646,31.878096490921894,21.005382257451394
BroetchenAufschneiden,213,11.952010124587314,11.984795421350938,11.919224827823689,48.23464536626318,50.1255360264557,50.18136189219753,59.50264274546912,40.86008103892595,27.086576895490673,31.275959889297155,22.897193901684187
BroetchenAufschneiden,215,12.013636109791843,12.204233239355178,11.823038980228509,51.2965625105017,53.20833582020055,58.316934148789706,69.49739949152566,47.136468806053756,27.4997190863779,31.491403748012015,23.50803442474379
BroetchenAufschneiden,217,12.342107856384885,12.067503378293619,12.616712334476153,51.17329827639028,53.28294172425934,67.01867740854067,73.03208256814598,61.00527224893535,26.089850366130804,31.514480986019443,20.665219746242165
BroetchenAufschneiden,219,12.312938517579106,11.966609334334596,12.659267700823616,53.90623657949231,59.22617629311874,73.04074348615863,86.8326543842535,59.248832588063756,26.743320961872566,31.590511351191918,21.896130572553215
BroetchenAufschneiden,221,12.786129949174631,12.599696491304053,12.97256340704521,57.55744174341071,68.6577496344912,75.00084890086644,94.90864323390984,55.093054567823046,27.60682262128332,31.865388724531144,23.3482565180355
BroetchenAufschneiden,223,13.245703131182797,12.663089004492887,13.828317257872706,56.08503771156064,68.13854976224214,74.26108013850585,92.6083351071426,55.9138251698691,28.237742522768663,31.428856397129152,25.04662864840817
BroetchenAufschneiden,225,13.604791263743127,12.173507862626185,15.036074664860068,52.8996328827716,57.374037715281524,67.76384080076764,78.4031942513602,57.12448735017508,29.09495986098205,31.67643646105754,26.513483260906558
BroetchenAufschneiden,227,12.290997314253802,11.869650598047553,12.712344030460052,54.59165727302939,56.549878461600834,66.41865514252886,81.52267873108516,51.31463155397255,26.681108458385932,30.95033477344795,22.411882143323915
BroetchenAufschneiden,229,12.792445249342517,11.63110173622652,13.953788762458514,52.449317097058696,56.6062583201662,69.42617085415341,72.88630336215431,65.96603834615252,27.90170656093451,30.11354682479805,25.68986629707097
BroetchenAufschneiden,231,13.633604766385881,11.973448471114247,15.293761061657515,57.16834396235135,61.3652311358841,78.5674524790499,90.35865868523379,66.776246272866,28.08409227928862,31.09384472240275,25.074339836174488
BroetchenAufschneiden,233,13.147746637147744,12.544440284159752,13.751052990135735,57.88417805969037,66.8057085134239,88.176581429924,100.30472823342963,76.04843462641837,27.379985114108138,31.84176451333784,22.918205714878432
BroetchenAufschneiden,235,12.815140565264572,12.171349962554338,13.458931167974807,58.24164938846524,61.41567264363854,76.32171014574017,95.25890758091971,57.384512710560635,25.57125570373171,30.764417616270283,20.378093791193134
BroetchenAufschneiden,237,12.853787939020762,12.776093632063896,12.93148224597763,65.0290333944752,72.48590456708908,89.18663642329628,108.27925844808874,70.0940143985038,25.97639665658729,32.17450272602759,19.778290587146994
BroetchenAufschneiden,239,12.962152509713878,12.285669748736138,13.638635270691616,62.82777510516222,70.67745917678647,72.82409609228992,89.60910396815363,56.039088216426215,25.747155614497814,31.720444591507814,19.77386663748781
BroetchenAufschneiden,241,12.811281156410299,12.205657901775082,13.416904411045515,66.39910576677602,67.70574752841144,75.26892726636149,98.37221406508769,52.16564046763529,26.526375219334263,32.768651989048664,20.284098449619858
BroetchenAufschneiden,243,14.272583208124203,12.757910424415815,15.787255991832591,65.44159398299288,72.12818732060765,76.47695911283944,92.02936011000327,60.924558115675595,27.666333473470313,31.89334089169054,23.43932605525009
BroetchenAufschneiden,245,13.972009958631693,12.876625063186042,15.067394854077344,64.34308394080573,65.64328321586673,72.91293476189243,88.50348769439445,57.322381829390416,27.054099343891195,31.6736131946085,22.43458549317389
Dort,171,11.003681319252648,,11.003681319252648,51.20973064885584,56.96578201380934,50.145968819675666,,50.145968819675666,19.49174844685319,,19.49174844685319
Dort,173,11.05769872692013,,11.05769872692013,51.894854126139634,62.55402544920696,61.019425581038256,,61.019425581038256,17.726028462176657,,17.726028462176657
Dort,175,10.94523952067075,,10.94523952067075,50.84443005928119,62.978823393836706,70.91737758531573,,70.91737758531573,12.280278131370979,,12.280278131370979
Dort,177,13.346513055575244,,13.346513055575244,54.055497061988774,68.55492767895805,97.97516692956546,,97.97516692956546,15.185037927592212,,15.185037927592212
Dort,179,12.891334132122234,,12.891334132122234,50.95431699592653,60.86836882198335,73.05106412287496,,73.05106412287496,14.404820938997128,,14.404820938997128
Dort,181,13.537863006901548,,13.537863006901548,44.70951024682985,50.911495738537205,69.07308178450312,,69.07308178450312,14.749901445847836,,14.749901445847836
Dort,183,11.708855933353446,,11.708855933353446,47.90429344756413,60.43326241819309,74.28664689815022,,74.28664689815022,12.147363695077404,,12.147363695077404
Dort,185,11.849879522551564,,11.849879522551564,51.89264575972396,61.140540190158404,71.25236546211575,,71.25236546211575,12.533994324416746,,12.533994324416746
Dort,187,12.8164921154337,,12.8164921154337,48.30817102589569,58.734523023377854,79.73202155346796,,79.73202155346796,15.195614409527025,,15.195614409527025
Dort,189,12.057540562138808,,12.057540562138808,42.7626010275906,54.114806436231,70.23088749522236,,70.23088749522236,12.514580642766626,,12.514580642766626
Dort,191,12.791088861521843,,12.791088861521843,48.96665976748502,62.739553102196155,86.63902508321644,,86.63902508321644,14.953348776599846,,14.953348776599846
Dort,193,12.178689209986453,,12.178689209986453,52.859282783425286,64.93220292790812,71.5402194929712,,71.5402194929712,13.542768738015697,,13.542768738015697
Dort,195,12.303743821955843,,12.303743821955843,51.382674145427956,69.64261198032754,82.31388358250507,,82.31388358250507,13.325988176740521,,13.325988176740521
Duenn,156,17.65650756192814,,17.65650756192814,55.429445624482625,58.126753557350256,67.40304267027572,,67.40304267027572,17.526671192397057,,17.526671192397057
Duenn,158,17.725062713384062,,17.725062713384062,48.80807576573602,52.41868431171799,52.0163635956083,,52.0163635956083,18.45809748595622,,18.45809748595622
Duenn,160,17.676581891682886,,17.676581891682886,48.61102918279121,55.38898004742438,60.17775864893534,,60.17775864893534,17.74213801951004,,17.74213801951004
Duenn,162,17.32134846809499,,17.32134846809499,52.608630068273804,56.607660240458706,58.404583664526115,,58.404583664526115,17.68273271975841,,17.68273271975841
Duenn,164,17.523191242870713,,17.523191242870713,57.94136041307665,64.16997584194586,65.95542823302219,,65.95542823302219,17.537252546119547,,17.537252546119547
Duenn,166,17.571609070910817,,17.571609070910817,57.29885472495854,60.09440265438184,73.74559753345785,,73.74559753345785,17.940922230391084,,17.940922230391084
Duenn,168,17.06678469958429,,17.06678469958429,56.49267249969984,64.16986099769245,70.80222681128986,,70.80222681128986,17.287710719663895,,17.287710719663895
Duenn,170,17.698492329860294,,17.698492329860294,60.231486408271834,73.92670267021745,82.89271977206523,,82.89271977206523,18.35542792333472,,18.35542792333472
Duenn,172,18.33844139267587,,18.33844139267587,64.21629745356162,69.48231687816315,76.53158732157178,,76.53158732157178,18.23297893922654,,18.23297893922654
Duenn,174,17.705135847305336,,17.705135847305336,59.014320858774035,61.747029637884054,64.15973675220827,,64.15973675220827,17.574117733796005,,17.574117733796005
Duenn,176,17.937418342054798,,17.937418342054798,57.45398298146827,67.33225710642954,61.78512610411666,,61.78512610411666,18.220257748464384,,18.220257748464384
Duenn,178,17.839980022018977,,17.839980022018977,62.37157605943677,71.20588471230346,64.25020732102267,,64.25020732102267,17.75517259271829,,17.75517259271829
Duenn,180,17.82207727535323,,17.82207727535323,53.6693591587611,60.64642053793831,63.001267298178234,,63.001267298178234,17.427186400869637,,17.427186400869637
Duenn,182,17.859083622336442,,17.859083622336442,61.216107754411134,76.43121479749882,74.59999725361726,,74.59999725361726,17.622936109221648,,17.622936109221648
Duenn,184,18.028869913772503,,18.028869913772503,54.449392036591654,63.194393559786064,68.70162700314866,,68.70162700314866,17.63183233803373,,17.63183233803373
Duenn,186,17.677051972171874,,17.677051972171874,63.163010070063116,77.17249527661166,81.75385154836127,,81.75385154836127,17.28703692457698,,17.28703692457698
Duenn,188,17.502893746588676,,17.502893746588676,59.83833535402818,65.99051353513748,69.87485143705753,,69.87485143705753,17.06378577162168,,17.06378577162168
Duenn,190,18.549063477853924,,18.549063477853924,51.40633811458547,53.97033800197006,67.62501836532729,,67.62501836532729,18.16742959897078,,18.16742959897078
Duenn,192,18.320924074370602,,18.320924074370602,47.87488924121986,55.24248431324084,67.71805383758286,,67.71805383758286,17.80633386197288,,17.80633386197288
Duenn,194,18.40801719766239,,18.40801719766239,50.64349868361899,59.21572016317443,64.69052290521144,,64.69052290521144,17.949653091872943,,17.949653091872943
Duenn,196,18.176783207635843,,18.176783207635843,51.71370684304257,55.629792194334236,62.92183048110357,,62.92183048110357,17.84722994858472,,17.84722994858472
Duenn,198,17.983578904903954,,17.983578904903954,56.09761362929657,57.940393105955145,64.46726958027702,,64.46726958027702,17.450435503403135,,17.450435503403135
Duenn,200,18.35481098069198,,18.35481098069198,48.01945188160451,53.56062441681913,59.10053377804219,,59.10053377804219,17.7916025565925,,17.7916025565925
Einkaufen,142,13.582076500883876,13.086451965578327,14.077701036189426,70.47107740127849,52.75692159182277,59.171518328276164,63.57538173220739,54.76765492434493,20.13970307551582,20.596397514392752,19.68300863663889
Einkaufen,144,13.388796569108344,13.484485924696088,13.2931072135206,68.10416429450659,51.48721736443745,60.70977418172739,64.80821317593313,56.61133518752165,22.61260974025557,22.362209046656822,22.863010433854324
Einkaufen,146,13.573462151264401,13.215357313822084,13.931566988706717,67.34814757830057,53.905637326723756,63.32961819948896,61.66524150768458,64.99399489129335,25.668250073719307,21.21717048365527,30.119329663783343
Einkaufen,148,13.378560747404546,11.67957680181837,15.077544692990722,65.1993255745237,52.1962467701465,64.70585781460102,63.48234746034528,65.92936816885674,25.485763393001413,14.72676699497173,36.24475979103109
Einkaufen,150,13.990023681350475,11.541223484213548,16.438823878487405,60.21964197660434,50.82987428468758,63.32463805747594,64.63254645629213,62.016729658659735,26.16337093888297,14.16937709476787,38.15736478299807
Einkaufen,152,16.09374595136297,13.776121345767475,18.41137055695846,54.012674392407845,46.57023837713415,58.312775460126005,62.62221448107909,54.00333643917291,27.070680359832643,16.47165994928712,37.669700770378164
Einkaufen,154,16.332306939117966,13.795928818650282,18.86868505958565,55.462154418338855,43.94205189883236,52.62162228965542,57.97067809300319,47.272566486307646,24.78479141320726,17.91582143094032,31.6537613954742
Einkaufen,156,15.528537674678407,12.726155717248911,18.330919632107904,51.138830067414126,44.20603147970983,52.00095840148316,57.61120775456776,46.390709048398556,23.993254166937064,17.21908164075372,30.767426693120406
Einkaufen,158,15.62059724113977,13.765509367396952,17.475685114882587,58.71065845722625,47.07044735000041,57.73640329554557,63.94134343829358,51.53146315279757,24.620282283681792,17.141644814248217,32.09891975311537
Einkaufen,160,15.448844984590782,14.44927539301594,16.448414576165625,60.70220951232333,49.70100174511483,56.39724073241742,64.15308156185412,48.64139990298072,24.879839234307216,18.643484730842022,31.11619373777241
Einkaufen,162,14.120210856395353,13.617600341520655,14.62282137127005,58.781442464660614,48.911918787452485,51.60958842284261,55.82909127631379,47.390085569371436,23.504611748565615,18.320789609796833,28.688433887334394
Einkaufen,164,14.282814399748366,13.086187186231752,15.47944161326498,64.63319635205748,51.10783874406639,55.15249438187841,63.36505364910189,46.93993511465494,21.143980034625386,18.515130193898504,23.77282987535227
Einkaufen,166,13.982146191363459,13.566357488782694,14.397934893944225,59.39001317760833,49.135148286450395,59.252511331925945,64.83160426118843,53.67341840266346,19.09112486265023,20.59750732348607,17.58474240181439
Einkaufen,168,12.443673372626318,13.427697401128496,11.459649344124138,62.65968676993759,49.9060507356872,62.11605016385728,61.98607612152904,62.24602420618552,19.324451534093996,22.809010367944783,15.839892700243212
Einkaufen,170,13.29727107513187,13.215821059053388,13.378721091210355,62.8876630582386,49.77517784687742,64.76759033664437,61.54180827948719,67.99337239380156,25.31672884624195,22.318074848150367,28.315382844333534
Einkaufen,172,14.27492384680843,13.512671825517149,15.03717586809971,57.3998771936218,49.677167678215596,65.42697521310626,58.778030354185994,72.07592007202653,29.470009653957877,19.5660579610444,39.373961346871354
Einkaufen,174,16.281352891782305,13.607382254501125,18.955323529063485,56.9672398198138,49.322858667746836,66.22103725470906,61.356897765477605,71.08517674394052,30.6688657751914,16.613280844236943,44.72445070614585
Einkaufen,176,16.353668004048714,13.904358917679053,18.802977090418377,46.91857181459851,44.03896361402848,54.598921656909184,56.511196056529634,52.686647257288726,25.313126487915937,15.960794793552017,34.665458182279856
Einkaufen,178,15.210926517582415,13.292166245439695,17.129686789725135,49.190495216194016,44.1963497371492,55.15428038139329,60.27117170214737,50.03738906063922,22.056491985469634,16.25383893392004,27.85914503701923
Einkaufen,180,14.53198920143059,13.062778634919818,16.001199767941362,52.18397457625846,46.77330058592755,56.938548171921745,68.14830426051596,45.728792083327534,19.6998957303853,15.233329449521447,24.166462011249155
Einkaufen,182,14.273967164701471,13.456010115449551,15.091924213953389,48.22000078122502,44.647264419989064,59.33319431228102,65.38282233775959,53.28356628680245,20.56837179099812,15.635769526683028,25.50097405531321
Einnehmen,161,14.143506827099166,16.316768585422235,11.9702450687761,50.45588978725493,43.45126129207965,64.11204427962252,66.23339147840181,61.99069708084325,26.58749825062666,27.759993484802624,25.41500301645069
Einnehmen,163,13.857533837624807,15.33159658221385,12.383471093035764,48.532602236127076,47.30951163051713,67.02375278329123,66.86512007808527,67.1823854884972,23.962792582237277,25.612047768343285,22.31353739613127
Einnehmen,165,13.147036362505734,15.248890182677,11.045182542334466,53.407659086273256,49.403894999565786,83.65405952914557,56.3936116595563,110.91450739873483,23.25179814287081,25.432189090583165,21.07140719515846
Einnehmen,167,14.137665056742215,16.55251510512053,11.722815008363897,63.667436910528,55.37951256068146,97.50879833520929,57.777250547161756,137.24034612325684,26.62907480136595,26.95546430617596,26.30268529655594
Einnehmen,169,15.977529051211695,17.868652302905225,14.086405799518165,64.5423042366139,55.79394206279635,97.1479350225601,57.443270578209706,136.8525994669105,29.737211055437218,29.406179669607624,30.06824244126681
Einnehmen,171,15.260880783528698,15.43068854560412,15.091073021453274,52.193925332399324,53.9277957555944,79.46907854357181,52.66965239628902,106.26850469085461,28.4245150643057,24.129183987726634,32.71984614088477
Einnehmen,173,13.395942308834972,14.887418090031513,11.90446652763843,48.0067251860643,54.331116752805166,72.60789514441257,56.18098871270111,89.03480157612402,26.50848366794382,24.29053768487446,28.726429651013177
Einnehmen,175,12.684201713533557,15.336089030027946,10.03231439703917,41.96326239348689,56.23537885110088,68.17163330015465,58.06487805720845,78.27838854310086,22.115913974802265,23.716004409018165,20.515823540586364
Einnehmen,177,12.483903487054624,15.027065580748696,9.940741393360552,50.28412273506558,53.36927973077759,66.02829947692526,61.97849092876613,70.07810802508439,18.479645063304897,22.943078370531577,14.016211756078219
Einnehmen,179,13.54729528850733,16.58767376454568,10.50691681246898,46.514213935183975,61.25928748086305,70.1477337498397,69.57887553351686,70.71659196616254,18.21696239471495,25.506185220007335,10.927739569422565
Einnehmen,181,13.857292416695918,16.030502672223022,11.684082161168813,46.3669356610746,58.34579497352156,71.44878675841971,71.91893706843086,70.97863644840855,18.622330352240432,24.758127799835155,12.486532904645713
Einnehmen,183,15.38572818697347,16.546963065630543,14.224493308316395,50.33783093799241,59.04442425965451,76.77420429007228,83.01296424790372,70.53544433224081,20.633874371233865,25.57418592913214,15.693562813335594
Einnehmen,185,15.156959321116013,15.554704026269166,14.75921461596286,47.99950086422294,53.21672666284029,73.19306683182029,79.47719524657383,66.90893841706676,20.56372474794596,24.937269030286256,16.19018046560567
Einnehmen,187,15.528902022990831,15.656770005473865,15.401034040507799,49.53782822236375,49.14899692589143,69.65382254710664,76.59692708143463,62.71071801277865,21.255487198060848,25.34096920264925,17.170005193472445
Einnehmen,189,16.207309976242797,15.735277621096724,16.679342331388867,56.06737696292877,52.277875787292544,74.24984611393754,83.60630795228717,64.89338427558789,21.800777098220927,25.211632535427903,18.38992166101395
Einnehmen,191,16.786740013364973,15.853337397203452,17.720142629526496,53.2378332954578,50.638318799731834,67.61375138931604,76.71323924819693,58.51426353043513,22.61659033498824,25.750532530129224,19.482648139847253
Einnehmen,193,17.9249266464866,16.891538789450028,18.958314503523173,49.21464354366758,47.56450264393002,66.8368757748007,75.57841427910893,58.09533727049247,24.26311849677397,27.638382229243188,20.88785476430475
Einnehmen,195,17.707802477332507,16.43896177459873,18.976643180066286,53.908943575479476,48.58979692801162,67.1533481759679,70.81070502026722,63.495991331668584,24.063252767812372,27.02994288018016,21.09656265544459
Einnehmen,197,18.000774372731087,17.045956638479186,18.955592106982984,47.989173596602306,45.44723042066042,61.10186227443849,65.03806166238738,57.1656628864896,24.23943225053349,27.606554462308715,20.872310038758265
Einnehmen,199,17.92647616131773,17.56037862095296,18.2925737016825,52.06462086580847,53.509825697889994,67.99484579767076,72.04719113165228,63.94250046368923,24.440340399565606,28.578004224396743,20.302676574734466
Einnehmen,201,17.779558430747528,17.052740580818526,18.506376280676527,50.8016964736015,53.3012001842063,65.86224196858356,67.64931452533169,64.07516941183545,23.824007988207317,27.49539381490112,20.152622161513513
Einnehmen,203,17.80818653551281,17.597108302608927,18.019264768416694,50.69511046700301,56.62982807421799,66.00415371724539,67.76775837976602,64.24054905472475,24.210171194866337,28.93815793820287,19.482184451529804
Einnehmen,205,18.519784341797276,18.699143124938214,18.340425558656342,51.713183378584176,56.26569169020147,69.89098099704661,74.37772251354279,65.40423948055043,25.473411314821483,31.092056876959273,19.854765752683697
Einnehmen,207,18.02285438699422,17.69859073631111,18.347118037677326,49.76567567355565,50.41612899936842,69.89617928624128,74.8164401744349,64.97591839804767,24.4417971698102,28.916604471655155,19.966989867965246
Einnehmen,209,17.71635475412593,17.259027412924603,18.17368209532726,52.38880331629913,49.90420048958832,72.33331922743447,77.05653490366075,67.6101035512082,23.91122287238015,28.07729845953045,19.74514728522985
Einnehmen,211,18.36431531596762,18.172538051708543,18.556092580226696,53.36374119290859,51.60723667507596,75.86677399654054,83.71471421337127,68.01883377970982,25.320610410698116,30.5518151635426,20.089405657853636
Einnehmen,213,17.879665314384646,17.059977644162853,18.699352984606442,53.46357363528162,51.32545249250319,75.34788839954588,80.25019041808724,70.44558638100452,24.639528458709048,28.913638913180918,20.365418004237178
Einnehmen,215,18.137202636103833,17.496223543775503,18.778181728432163,52.953979800666424,50.33463340949335,72.52752035629791,77.52008877474961,67.53495193784622,24.42221858468732,28.413754904948306,20.430682264426338
Einnehmen,217,18.436195069841624,18.369437540935188,18.502952598748063,54.56817049486685,50.60985885391663,74.79504929488476,80.97115655529547,68.61894203447406,25.13417881288437,30.224357140837768,20.04400048493098
Einnehmen,219,18.487327453487453,18.278895190700347,18.695759716274562,53.0273805421666,50.19582311552987,74.80089207955683,82.19430872045321,67.40747543866047,25.219251460550232,30.078238352245393,20.360264568855076
Einnehmen,221,18.363591577752125,17.788639449650688,18.93854370585356,43.30845699041913,46.03111594369878,68.77247439444511,81.00199979741224,56.54294899147797,25.05292278788267,29.397641174873993,20.708204400891354
EinstellenJob,140,13.162274114660203,16.129573194037555,10.194975035282852,67.80634488410995,56.12481698675497,94.37575519869578,61.06315943859255,127.68835095879902,24.292447435374406,29.512770645462318,19.072124225286498
EinstellenJob,142,12.879307272722734,15.90298574892239,9.85562879652308,73.918583677311,55.29872698964876,102.01915626684249,60.84193006928088,143.1963824644041,24.771379805699702,30.642879730850098,18.899879880549307
EinstellenJob,144,12.780678036964304,15.739886419753677,9.82146965417493,62.860238020676306,53.47558487919762,90.92560653812099,52.216713213909316,129.63449986233266,24.526231227958394,29.70024508230288,19.352217373613907
EinstellenJob,146,12.584736919780196,15.595603351773235,9.573870487787158,61.71423187345155,50.64931254457155,81.35729937185776,48.41777246919664,114.29682627451888,24.74587807385489,29.721997963101572,19.769758184608207
EinstellenJob,148,13.243409782838498,15.919466517055993,10.567353048621003,69.83940237437872,48.723285632338694,85.22232222122753,51.3678400817512,119.07680436070386,27.398785513858705,29.959151034582092,24.83841999313532
EinstellenJob,150,12.508955195381546,15.410914681524766,9.606995709238326,54.74981529792471,39.322824573027006,61.676454976721836,45.37337783908515,77.97953211435852,24.69652915025788,28.34534872229616,21.047709578219603
EinstellenJob,152,11.343769036084243,14.3164516337889,8.371086438379587,55.97761929496285,42.33880087295442,65.14482894726916,46.211240466926554,84.07841742761175,21.93880820697628,25.953744559036323,17.923871854916236
EinstellenJob,154,10.177509533392229,14.341369603158068,6.013649463626391,44.37566524939029,35.88674314308452,47.96153970104236,33.49086681388467,62.43221258820005,18.297630646493303,25.60925755953376,10.986003733452845
EinstellenJob,156,9.449188735875701,14.239637849744872,4.658739622006531,53.76388344560838,38.53942382566598,55.85743612507048,38.23512300167454,73.47974924846642,17.922282872141704,25.38170806722991,10.4628576770535
EinstellenJob,158,10.473159383800326,13.967148625301297,6.979170142299356,56.58410159628606,40.81451292605669,58.570648761019896,49.5823417348571,67.5589557871827,19.983371810972983,24.488712976328756,15.478030645617212
EinstellenJob,160,11.635789310509987,14.919661379719331,8.351917241300642,52.077138984992445,41.58779643377704,66.09824823548063,55.856154765681104,76.34034170528015,22.25819154477149,26.221271442120432,18.295111647422544
EinstellenJob,162,11.773352145210563,15.481678257443356,8.065026032977768,50.52658230249594,42.57809525859003,70.5901307897816,60.81336155854972,80.36690002101348,22.917559988579306,27.69582971446526,18.13929026269335
EinstellenJob,164,12.642960606260235,16.400047597027005,8.885873615493466,46.73372218912796,41.42696367644595,68.8252504293873,60.665306925252665,76.98519393352191,25.491811440952105,30.49728963371109,20.486333248193123
EinstellenJob,166,12.304924586307939,15.674347790037205,8.935501382578673,50.85735288007504,44.203113120750885,73.31880766030065,71.25063854218702,75.38697677841428,24.37230841959711,28.6137877724744,20.130829066719826
EinstellenJob,168,12.023809526363884,14.799996407431108,9.247622645296659,47.18585536875255,39.741907366686675,66.23911610469139,64.88865295812766,67.58957925125512,23.960691167411447,27.536343770391138,20.385038564431756
EinstellenJob,170,12.254287478942945,15.673481761990082,8.835093195895807,52.85616086684177,45.40202423311272,72.04518059386979,70.80933792704525,73.28102326069433,24.225871433182622,28.641206321279757,19.810536545085487
EinstellenJob,172,11.874503120459167,15.058257398890456,8.690748842027878,49.31671550011034,40.01627080365143,65.8339676777524,61.44364323069036,70.22429212481444,22.398357877686472,27.280024270830555,17.516691484542385
EinstellenJob,174,12.363441272587998,15.57806974791854,9.148812797257454,51.681689556264196,43.32461198193265,67.51878569269297,62.96774901624699,72.06982236913896,24.572808690593824,29.02132694015272,20.124290441034933
EinstellenJob,176,12.070413930931508,15.389725990181516,8.7511018716815,52.3301000703523,42.50759029453295,64.50058223157671,59.81562154273947,69.18554292041395,24.185535206846087,28.65688646766652,19.714183946025653
EinstellenJob,178,12.05717661674667,15.45338439407938,8.66096883941396,53.38508415004055,44.772211785409525,69.52005366464687,63.546007249448934,75.4941000798448,23.653743413604612,28.26905831680187,19.038428510407353
EinstellenJob,180,12.311597233976252,15.603858840552963,9.019335627399542,53.27771589174328,45.00184502808351,71.86025851995291,68.63841031827515,75.08210672163065,24.080904434918843,28.3240690516884,19.837739818149284
EinstellenJob,182,12.633934097049414,16.432104059568907,8.83576413452992,52.41990190839949,42.48029535924605,68.11141528400923,60.902269883298466,75.32056068471998,24.663302577945814,30.153778695400437,19.172826460491187
EinstellenJob,184,12.112707239684235,15.221204930025689,9.004209549342782,55.401454241252736,43.03809944184338,67.0951593346727,60.39297788500632,73.7973407843391,23.66694216606483,27.580170928084325,19.753713404045328
EinstellenJob,186,12.312792566833615,15.5480956032766,9.077489530390627,53.14581345971034,41.40815124711981,66.17536874799113,57.659485998242204,74.69125149774005,23.71574652957983,27.965429560502812,19.466063498656855
EinstellenJob,188,11.648380881127864,14.803253522888062,8.493508239367667,53.43514056880378,40.76574728877809,63.05293952563313,56.20541369816836,69.9004653530979,22.61455480944691,26.585704612438334,18.643405006455488
EinstellenJob,190,11.961592594379045,15.31322405741323,8.60996113134486,49.01188801207976,41.88053589695714,65.30474177215376,61.897760950039476,68.71172259426805,22.703928398190946,27.395851124643734,18.01200567173816
EinstellenJob,192,11.854595098235428,14.934059356128445,8.775130840342412,50.964772681972214,42.52021498713705,68.80179333184248,64.319946539284,73.28364012440096,23.11695030486333,27.5393590125174,18.69454159720926
EinstellenJob,194,12.00362263252386,14.975229620275696,9.032015644772024,50.15349626991403,41.979996163475974,64.3281540226297,58.047228512876124,70.60907953238328,23.557396615749198,27.559418158262847,19.555375073235545
EinstellenJob,196,11.56690203050276,14.288071369736903,8.845732691268616,51.447306906124446,42.607964423164375,65.98809029072373,58.87696736237609,73.09921321907137,23.015996828749948,26.754016009822024,19.277977647677872
EinstellenJob,198,11.576137659826038,14.19928535381639,8.952989965835686,51.12773401073312,42.62474727215361,66.32536049448797,61.56469076899576,71.08603021998017,23.140230499164765,26.61277217032837,19.667688828001157
EinstellenJob,200,11.624893630911528,14.545233718376295,8.70455354344676,53.0963397956236,44.13230060041954,71.626031530898,65.21996512530139,78.03209793649462,23.19792740582799,27.266886725156276,19.128968086499707
EinstellenJob,202,11.683150966792379,14.411963700170729,8.954338233414028,53.058648136982264,44.305044148206065,71.50020299605569,62.82664603187145,80.17375996023995,23.31967764626891,27.496596563721877,19.142758728815945
EinstellenJob,204,12.621515420284009,15.833925104769692,9.409105735798324,53.96630338636084,42.309297892672475,68.44315105989759,57.30852347000892,79.57777864978627,25.013020056408706,29.98765867798664,20.038381434830775
EinstellenJob,206,11.49256006102976,14.228912538121453,8.75620758393807,54.38768735468797,41.203905026428224,65.83352013723203,57.885564148867104,73.78147612559695,23.36048961082097,27.203493522244287,19.517485699397657
EisGefroren,182,17.546814371340425,16.25116162779015,18.8424671148907,51.21620734140151,43.7594172190344,100.83548670493313,81.65469768709013,120.01627572277613,39.1688035480346,35.158888997750175,43.178718098319024
EisGefroren,184,17.48905399123081,16.29186376299512,18.6862442194665,52.31709718401148,43.4926173451805,103.89232428533033,81.05371826703788,126.73093030362278,40.190835755669454,37.33034212622404,43.05132938511486
EisGefroren,186,16.019587501035,14.032718846207906,18.006456155862097,48.6354148107421,38.060827801197455,76.59579206594502,49.61382262170846,103.57776151018157,35.51486914326948,30.98196507811878,40.047773208420175
EisGefroren,188,13.697615801906037,11.66034352182807,15.734888081984005,47.689411686571155,37.043014670563295,65.08469378365284,39.279105520986754,90.89028204631893,31.21426209258791,26.831138960232305,35.59738522494351
EisGefroren,190,11.293933889596186,10.414124805772518,12.173742973419856,43.36263395601868,35.72704341847535,63.574577761021445,39.286261256716244,87.86289426532664,25.667325961594692,24.523683301964027,26.81096862122536
EisGefroren,192,11.521733666180783,11.58824730720285,11.455220025158715,39.506235437373505,33.375786220195366,50.13443173712584,34.28611977733675,65.98274369691492,27.413332020487523,29.404343237872386,25.422320803102657
EisGefroren,194,12.138053054308639,11.561731913865382,12.714374194751898,39.954487150371435,32.585220449088276,50.41176120916299,37.28305295850254,63.54046945982345,29.719165960692642,27.970359315042412,31.46797260634287
EisGefroren,196,11.646861180486706,12.27442157950352,11.019300781469893,39.40547131592476,35.93940377912857,59.39245306320049,43.11980834240922,75.66509778399175,28.42987980022528,27.652630383937183,29.20712921651338
EisGefroren,198,10.291847964242232,12.630637019900163,7.953058908584299,43.41240509594272,37.968222044364445,59.76518954118618,47.980155561547704,71.55022352082466,21.74203519236986,29.087307296512417,14.396763088227297
EisGefroren,200,10.000425498411492,13.145093179817747,6.8557578170052365,51.160237207847906,44.55042204520097,58.86868989884702,45.495610760100476,72.24176903759357,20.978382254193374,30.878725807960116,11.07803870042663
EisGefroren,202,10.326945190962862,13.498022860444474,7.155867521481251,56.8992165587106,47.902678138664086,60.40791997227048,47.463546157790034,73.35229378675092,19.344540101357197,28.30983272488236,10.379247477832031
EisGefroren,204,7.964660981580609,10.616829707157608,5.312492256003611,53.53598043894187,49.67256567087283,61.90557745068398,51.39868331000249,72.41247159136546,16.35856291988148,23.291509016506843,9.425616823256115
EisGefroren,206,8.152739215876586,11.55763019939582,4.747848232357354,53.087229973766156,49.693985161410694,63.46641439183202,50.399287427640814,76.53354135602322,18.679262105409602,25.715100538012656,11.64342367280655
EisGefroren,208,7.768140302403693,11.026049999589175,4.5102306052182115,52.065743654660125,49.72411426171225,60.730408847566764,48.70921989101205,72.75159780412149,16.632807792071283,23.308783433072694,9.956832151069875
EisGefroren,210,7.631608045801085,10.630820820216837,4.632395271385333,49.24114536416382,47.01424692425359,55.88469244818067,44.289847028290794,67.47953786807055,17.025869374799846,22.8799940130561,11.171744736543593
EisGefroren,212,7.923293178576145,11.117100229590527,4.7294861275617635,53.26559115157845,48.837514984519665,60.108194051914964,48.149611378654924,72.066776725175,16.74520710472557,23.44197295140162,10.048441258049516
EisGefroren,214,7.589085228750511,10.64447796837292,4.533692489128102,50.38900454400403,43.86243860565255,55.63634191482614,43.96231752098741,67.31036630866487,17.552647818488275,24.428484963784804,10.676810673191742
EisGefroren,216,9.831325407174848,10.503129789091723,9.159521025257975,48.67930127689153,44.147014964078544,54.01939011944969,43.627621246010676,64.4111589928887,19.345096578699003,22.85991543620437,15.830277721193633
EisGefroren,218,11.886333422692488,10.331470479805448,13.441196365579527,49.50380231181444,43.59438619286142,56.0699766531649,43.84035807513155,68.29959523119825,19.75870734445262,22.310470725712268,17.206943963192973
EisGefroren,220,12.937213304049536,10.174311093591129,15.70011551450794,52.22463735498897,46.24986096788097,61.1631384501393,47.49877891248166,74.82749798779695,19.936396962668056,21.148349985140147,18.724443940195968
EisGefroren,222,12.965936670943602,10.205152453742219,15.726720888144984,50.520154969862546,45.92409483134541,59.57221144721275,43.234641442913876,75.90978145151163,20.037286584402523,21.804936445282348,18.2696367235227
EisGefroren,224,12.97020700402025,10.055919243015824,15.884494765024675,48.30505739554253,45.093882876584864,58.619118595014996,44.867446455294655,72.37079073473534,18.87551087457773,18.23563184440257,19.515389904752894
EisGefroren,226,12.881289307133894,10.265745252730643,15.496833361537146,48.95034512023444,47.999513975952866,59.0731656023078,44.865091055145854,73.28124014946975,18.29351198385406,17.970737934942562,18.61628603276556
EisGefroren,228,12.595835782818792,10.257180116575304,14.934491449062282,52.718357130994406,44.85041291180889,58.28902035090039,46.042494549614,70.53554615218678,19.866232424062446,21.282182593527285,18.450282254597607
EisGefroren,230,12.681854647317124,9.85083376704582,15.512875527588427,53.87495251447689,48.12081822550073,65.8332013559623,49.16414920185511,82.50225351006948,19.54946562732971,20.29754117930422,18.801390075355197
EisGefroren,232,12.761843611236863,10.042024140641082,15.481663081832641,50.94193364822211,46.25547968423679,64.40552832561025,48.07134830330297,80.73970834791751,19.987108369559877,21.510984064998738,18.463232674121013
EisGefroren,234,12.478246625506012,10.015449037508025,14.941044213503998,51.08812612771046,44.483469139856005,61.956971068402225,46.96131126453611,76.95263087226834,19.355246507595368,20.06858724876684,18.6419057664239
EisGefroren,236,12.404081213890995,9.575688473229409,15.232473954552582,50.0331707090528,45.63930608049647,60.58376489420665,44.23356064172018,76.93396914669313,18.984619008331116,18.728670726792913,19.240567289869315
EisGefroren,238,12.404978168525481,10.178594414882049,14.631361922168912,50.51944101387535,43.44481983403451,59.63872050050943,47.218194235547315,72.05924676547154,19.924253877192328,21.164013047116317,18.684494707268342
EisGefroren,240,12.432455376028784,10.218405924581667,14.646504827475901,49.27700630173266,42.2588262169225,59.87174826810522,48.744258957300545,70.9992375789099,19.395442053433378,19.532130123332497,19.258753983534255
Empathie,136,15.793369989610422,11.311297048573604,20.27544293064724,49.82508225963722,51.15618514342123,81.0837520903956,59.97917769643342,102.1883264843578,39.88657149154059,25.445903405910787,54.3272395771704
Empathie,138,19.289801246397605,11.431854829385578,27.147747663409632,46.26152093683356,50.69872717975873,77.0298898158373,55.538266529249576,98.52151310242502,39.00722751334062,23.230634842031666,54.783820184649564
Empathie,140,17.178253186483598,10.969526926242688,23.386979446724506,51.06312314777113,53.922944432133974,97.33821011790855,82.72890909202748,111.94751114378961,37.59554350390074,23.4293165794659,51.76177042833558
Empathie,142,13.24817779290074,11.304858136594392,15.191497449207091,56.384457472816486,51.248990057109076,62.9357319455637,62.153554234304536,63.717909656822876,29.463092191670608,25.309782113599248,33.61640226974197
Empathie,144,14.148308730286306,10.854982017871178,17.441635442701433,50.30395029515953,47.90827040959068,57.04920428331276,50.035094899421004,64.06331366720451,28.481267343422225,24.841150493208925,32.12138419363552
Empathie,146,13.141232723539881,10.634903533655397,15.647561913424365,52.00184768916123,51.45172087226385,58.780107444063276,45.18311259169049,72.37710229643606,25.261279754290804,23.831261872966934,26.691297635614678
Empathie,148,11.536180636273558,10.324783046025777,12.74757822652134,50.078045258764334,50.297681120057284,64.72935445065869,43.88477866503183,85.57393023628555,21.270352361286836,23.183286408428177,19.357418314145495
Empathie,150,11.084311100740864,10.854580592028793,11.314041609452936,47.304369219644755,50.18914144323799,73.03931106821518,44.82139606554935,101.25722607088102,21.052495242381013,25.212422737907172,16.892567746854855
Empathie,152,10.149193722575044,10.792731790455248,9.50565565469484,54.286261872376684,61.887931156607635,68.3775221560993,43.61682335756666,93.13822095463196,20.865837609160618,27.028512848112943,14.703162370208295
Empathie,154,10.359083870800905,10.888686407850432,9.82948133375138,59.574702360034614,63.83021208252579,77.13276898800247,48.33096567677594,105.93457229922899,21.313559514952207,27.360782325279942,15.26633670462447
Empathie,156,10.185126246239772,10.72915455647842,9.641097936001122,63.365166511996,66.6303660048891,90.67736295899267,55.73717721826935,125.617548699716,20.716033941071814,27.4353611833803,13.996706698763326
Empathie,158,10.001617457866793,11.001438208382183,9.001796707351403,59.60984799809596,57.98880685667421,85.93483429897927,48.61319076333014,123.2564778346284,19.847634792360463,27.450108426478,12.245161158242926
Empathie,160,10.034223838102193,11.511973558055496,8.556474118148888,71.82147485318643,69.74527785953167,103.01185616344695,50.92848548730006,155.09522683959383,19.705991382617032,29.220686491718457,10.191296273515606
Empathie,162,9.8826396324909,11.522837685634984,8.242441579346814,66.45833817541833,57.74162249967176,94.50034626220042,44.91855810243794,144.0821344219629,18.953576000935104,28.631805417584133,9.275346584286075
Empathie,164,9.85189382006307,11.598077566706639,8.105710073419502,65.06331557079012,54.935886103136426,89.91973494187278,45.830768890324876,134.0087009934207,18.61249614893668,28.839416714106317,8.385575583767041
Empathie,166,10.22605967032388,11.631271216801924,8.820848123845835,69.58823419158504,55.30145602850483,84.83401870638698,46.36093095262657,123.30710646014741,19.321570951424093,29.059759198055282,9.583382704792902
Empathie,168,12.474934256015082,15.611864586360735,9.33800392566943,74.48409791532883,60.139497298367765,91.49753424028424,52.23893151123943,130.75613696932905,21.26057419199858,32.053398414645635,10.46774996935152
Empathie,170,12.272327355533573,15.120427099362981,9.424227611704167,75.72586266075946,58.777670197927385,86.05890068570793,53.49209371154206,118.6257076598738,20.577705948815325,30.440545888961978,10.714866008668674
Empathie,172,13.465839290780696,17.170771405751807,9.760907175809585,73.28403229008241,57.06942727057869,87.50574658111248,52.69956877869113,122.3119243835338,22.71978532437576,34.93339260472311,10.506178044028411
Empathie,174,12.88739726083905,16.130220805216148,9.644573716461952,78.05706376539236,62.27122762697365,83.89211582076904,49.51274289046287,118.27148875107521,22.198522407639253,33.43469661476712,10.962348200511386
Empathie,176,12.473676258052247,15.2316896640126,9.715662852091892,73.38395739620833,57.82068170377199,80.58301362534061,44.735566523010135,116.43046072767108,21.3487401051665,30.683060663034446,12.014419547298552
Empathie,178,12.441201583547489,15.762588191207815,9.119814975887165,72.2784372992751,59.39186029322718,85.38561317822645,48.97586290147553,121.79536345497738,21.556110076906787,32.38314266337926,10.729077490434312
Empathie,180,12.712701687258072,15.795497160148116,9.629906214368027,73.95084106890472,59.07230082782427,87.93447616856923,52.223191912932236,123.64576042420622,21.717360787748873,32.37953174782651,11.055189827671233
Entschuldigung,129,16.644035085832932,16.38013740610763,16.907932765558233,50.747250398806806,49.02520599464148,69.07697789175144,65.77983403221101,72.37412175129187,29.404362356422453,31.922127397600622,26.88659731524428
Entschuldigung,131,18.535502163902187,17.801588500033436,19.26941582777094,55.30649897325435,60.3258057952908,83.41321330014705,91.28800351911522,75.53842308117889,34.10585406593377,35.03847868443954,33.17322944742799
Entschuldigung,133,17.822222956393666,17.64599074389984,17.99845516888749,59.448917541626514,77.96405003667915,90.72838195510764,103.60077275231302,77.85599115790225,32.29210295418216,33.90914330335692,30.675062605007408
Entschuldigung,135,17.066142523238195,16.75244032225795,17.37984472421844,51.940555925770425,58.304970367153466,69.83785826645115,77.21233274818587,62.46338378471643,30.290780805202488,31.524770493858405,29.05679111654657
Entschuldigung,137,17.848743432735414,18.16940333544719,17.52808353002364,52.40970086630619,63.48168633529185,77.46635038748019,84.78707658510982,70.14562418985058,33.61903964565497,37.01301375354092,30.22506553776903
Entschuldigung,139,18.08714570131029,17.732823964185908,18.441467438434675,55.40418184015383,67.7398631013383,86.00685959845386,89.25288451199378,82.76083468491393,34.11943129960085,36.43133455255204,31.80752804664965
Entschuldigung,141,18.606973838676126,19.715839505083963,17.49810817226829,56.51988364858637,68.51117351112543,91.55350363230838,101.51387325453358,81.59313401008318,33.563690324501366,38.21743838233985,28.90994226666289
Entschuldigung,143,19.427797808478275,20.450080302672912,18.405515314283637,57.7862461872358,65.57386671968882,89.87268129950891,94.6624839175321,85.08287868148574,35.20431317074893,38.84127990045473,31.567346441043142
Entschuldigung,145,19.709326781569775,21.506171096468265,17.912482466671285,53.502214489433044,59.39812085920017,89.30123012277454,93.38509627697591,85.21736396857315,35.627971503704565,41.3454374116598,29.910505595749324
Entschuldigung,147,19.222418015832247,20.00406252173337,18.440773509931127,53.6514085384892,57.1593307845169,86.76928090885389,91.02499696882276,82.51356484888503,35.96536207019055,39.62480060507304,32.305923535308054
Entschuldigung,149,18.684909260741904,19.45568355462102,17.914134966862786,48.07833477848121,47.76920936220091,70.56813773619206,74.1447214411147,66.99155403126943,34.35917543325242,37.64353996067997,31.074810905824865
Entschuldigung,151,15.446351439305214,12.934251413294076,17.958451465316355,50.9805604028026,47.41179064929711,66.79519995677575,68.22152421082598,65.36887570272552,29.90208027141127,27.36699127459982,32.43716926822272
Entschuldigung,153,15.144164683058337,12.646227605201982,17.64210176091469,44.633991818700316,44.91813193009814,62.20233844603897,64.96824139665654,59.43643549542141,29.489443355306896,27.970963916784317,31.00792279382948
Entschuldigung,155,15.185602520962735,13.31819944383875,17.05300559808672,41.867296787955034,43.10837156479369,58.75611419869304,60.42628943733501,57.08593896005108,27.592278040316256,26.307592731430994,28.876963349201517
Entschuldigung,157,16.811377136600914,15.60791079501172,18.014843478190105,48.42064484564284,49.81535397416847,71.27222671503309,80.43974234135612,62.10471108871004,31.503469579582195,31.676757986539183,31.33018117262521
Entschuldigung,159,16.505329900531006,15.35525303228012,17.65540676878189,44.24332402599367,45.68552454906432,67.08257120812057,67.00413881337352,67.16100360286762,30.463330689506314,30.96990480343732,29.956756575575305
Entschuldigung,161,16.819892918202036,16.22450319760501,17.41528263879906,47.667987962329185,47.18604114533305,66.25395462732871,67.32201403212959,65.18589522252782,30.54758234661322,32.03819819603696,29.056966497189478
Entschuldigung,163,16.37368756981175,15.406449848135608,17.34092529148789,45.949908527017506,45.54956680786161,64.25519981229006,63.403385756279604,65.10701386830051,30.413320362602132,31.66531867107257,29.161322054131695
Entschuldigung,165,16.01865902949699,14.379364222691903,17.65795383630208,45.81861189172209,46.62656834144503,67.58606942884089,65.35584820665638,69.81629065102541,29.61839106144169,30.045611971138502,29.191170151744878
Entschuldigung,167,15.750019943182766,14.200978257087677,17.299061629277855,47.767795591363814,46.608879087236524,67.4409292211364,65.20254642380803,69.67931201846478,29.608707464923885,30.52764027575419,28.68977465409358
Entschuldigung,169,16.854892367537104,15.818384034155883,17.89140070091833,48.489442617268004,46.694839492702904,66.30456738362093,70.05798838823935,62.55114637900251,31.504474719414745,32.42941301769459,30.579536421134897
Entschuldigung,171,16.249034038630946,14.66916874344901,17.828899333812878,47.46544792246802,46.02090817648896,64.75778513398788,66.41980177527817,63.09576849269759,30.388476308016003,30.022633180423263,30.75431943560874
Entschuldigung,173,15.676505521530462,12.937960497486074,18.41505054557485,45.43993673064591,45.15973997718086,62.567068287375534,64.25159130744298,60.882545267308096,29.39183808972126,27.0788685516555,31.704807627787027
Entschuldigung,175,15.18186751677618,12.30635496427256,18.057380069279798,45.08274394365577,44.508181443743844,60.18944327531056,62.598888974319934,57.779997576301184,28.255237364636326,26.08770497109552,30.422769758177132
Entschuldigung,177,14.94446949904175,11.861162110815975,18.027776887267525,44.30123599004753,40.89956348817196,58.425248592874745,57.501263791418566,59.34923339433092,27.57255652258214,25.079091782933887,30.066021262230393
Entschuldigung,179,15.084500424934326,12.733956140225501,17.43504470964315,45.651706750809176,44.01544672449159,61.38199609434824,62.2439653641775,60.52002682451898,28.02950671385046,26.812198680663656,29.246814747037263
Entschuldigung,181,14.696314609659808,12.752808912321678,16.639820306997937,52.00185963818629,46.39680945840064,65.02946782292594,65.76254016651751,64.29639547933436,27.64878524946476,26.8376729196198,28.459897579309715
Entschuldigung,183,14.192751376137638,11.350312076729733,17.035190675545543,50.07421474354989,48.03388471939769,66.58824071782996,70.73533282773718,62.44114860792274,28.07944737236187,26.216264042983696,29.942630701740043
Entschuldigung,185,14.103803538995539,12.291634953604637,15.915972124386439,50.91692118405302,50.31463942728461,69.21343357278053,72.98403015685807,65.44283698870301,28.748444489197603,29.13171880955579,28.36517016883942
Entschuldigung,187,14.690560138060675,12.984256173011941,16.39686410310941,50.650936140971496,52.578199857597006,70.19940467352829,62.129362167829676,78.26944717922692,29.387929968646684,29.778824238777954,28.997035698515415
Entschuldigung,189,14.594430217819541,12.478838902004323,16.71002153363476,48.23646242772843,46.80739599837188,65.01753739039401,60.58051706494339,69.45455771584463,29.42858125711901,29.318043350928686,29.539119163309334
FestellenDiagnose,141,10.747682937343118,9.169527741002204,12.325838133684032,69.01237771089939,52.455060817676674,82.90426590586321,88.80142486196885,77.00710694975758,24.04565654297914,21.166463129168413,26.92484995678986
FestellenDiagnose,143,10.797269302260082,9.82881914377709,11.765719460743073,77.90515456588156,56.63553427802629,86.95032773974665,90.63349697905575,83.26715850043757,24.520671144848308,23.94863020063115,25.092712089065465
FestellenDiagnose,145,10.780490906374808,9.680848486214167,11.880133326535452,78.14233889447003,60.443979357878355,90.61039116184205,92.56039859297779,88.6603837307063,25.01941777292443,22.5388607480349,27.499974797813962
FestellenDiagnose,147,11.492744372230653,10.787723349561736,12.197765394899571,75.47230246643605,57.46883994322156,85.75435775918436,86.82985842188717,84.67885709648154,26.551174551701955,24.674169330893193,28.428179772510717
FestellenDiagnose,149,11.904493054905057,11.808313143479374,12.000672966330741,75.17837697841266,61.87836750532158,86.40813180254185,80.84414666402779,91.9721169410559,27.533664299868466,25.540789457168042,29.52653914256889
FestellenDiagnose,151,12.366840189869212,12.102262282277302,12.631418097461122,76.30038150150327,60.135881985542056,89.37607406208303,84.65921470548494,94.09293341868111,27.47793249483182,24.708520736116093,30.24734425354755
FestellenDiagnose,153,12.376396894996077,12.101942234181843,12.650851555810311,70.12292178099595,54.86306428787549,84.20791677005103,76.52799701330112,91.88783652680094,25.83305327716633,21.384618999056105,30.281487555276556
FestellenDiagnose,155,14.103002689062478,13.921187185717768,14.284818192407188,76.27487661478023,60.9215048812246,84.99313326487092,76.62631843312441,93.35994809661742,25.19839252187044,20.65453232740771,29.742252716333162
FestellenDiagnose,157,27.16289591700827,38.51962820654826,15.806163627468276,84.5095300194403,62.469196913135924,86.69031133499546,76.00908166333141,97.3715410066595,36.950906835837145,44.34462462388381,29.557189047790484
FestellenDiagnose,159,15.754624495178378,18.313492558716284,13.195756431640472,83.17487050077095,64.4043593329313,106.85007455374996,86.71090077836892,126.989248329131,24.027648507511735,24.462682463904233,23.59261455111924
FestellenDiagnose,161,15.30493092729922,12.783067850420252,17.826794004178186,77.51630778433558,57.395985556785895,74.85388093655985,57.475196334674585,92.23256553844512,27.960204944542177,22.148890872040354,33.771519017044
FestellenDiagnose,163,16.068956355141204,13.006243894751112,19.131668815531295,76.1880720809086,58.85667871908644,77.3894071471299,58.25910323126078,96.51971106299902,30.027312066603734,22.677241782556383,37.37738235065108
FestellenDiagnose,165,15.864825991229829,13.027610537764511,18.702041444695144,80.68443544473045,65.22719706283685,76.36203042827351,55.96783437430637,96.75622648224066,29.796427482712854,22.578406532259876,37.01444843316583
FestellenDiagnose,167,15.35620309815129,12.58011426387646,18.13229193242612,77.8326856569098,62.61113262411665,72.56344442149988,53.22991029135982,91.89697855163995,29.032913518111926,22.351296749343533,35.71453028688032
FestellenDiagnose,169,15.496295930096688,12.566986455604386,18.42560540458899,84.69363735241085,65.5390669896526,76.80091838739752,54.654009686758,98.94782708803703,29.681128038999304,22.704413315172374,36.657842762826235
FestellenDiagnose,171,15.108792747335567,12.658364457396432,17.559221037274703,81.06146811646741,63.32611789519822,73.98765172699504,53.98521779471739,93.9900856592727,29.464032093108067,23.59068793429235,35.33737625192378
FestellenDiagnose,173,14.918389325040811,12.751075289804977,17.085703360276646,82.2559058954941,61.16634241199453,77.50911977580562,55.69095255039801,99.32728700121322,29.873283836943312,24.60034779139908,35.14621988248754
FestellenDiagnose,175,14.709428908377772,12.979699331288586,16.439158485466958,78.29399807899487,60.993701115684054,76.4210023913244,53.55023475913323,99.29177002351555,29.47415261525829,24.9855430729412,33.96276215757538
FestellenDiagnose,177,14.601731345472023,12.443251116333208,16.76021157461084,82.63710201363016,63.115933836666485,79.7369511747868,54.80873098093152,104.66517136864208,28.88002348372067,23.73525363222745,34.024793335213886
FestellenDiagnose,179,15.006595139725535,12.9585925097382,17.05459776971287,82.13936443515742,59.886311311975184,76.13287347953398,54.05757142971469,98.20817552935328,29.616261488482973,24.72803626403357,34.504486712932376
FestellenDiagnose,181,15.414840831344023,13.474345602808878,17.355336059879168,82.77904386781276,60.452609846675834,76.5223201188603,54.516359237341035,98.5282810003796,29.864720249280985,25.297534030226846,34.43190646833512
FestellenDiagnose,183,14.604078134751777,12.534950932102866,16.673205337400688,76.67851611046203,54.17803261063945,72.79059752954284,53.35619894541182,92.22499611367385,28.05581446386637,23.085469087085066,33.02615984064767
FestellenDiagnose,185,14.671809756626121,12.67617926013212,16.667440253120123,80.47445086276377,57.68742727114264,69.89610384437651,52.13879172532221,87.6534159634308,27.84187978303955,22.431878691296035,33.25188087478306
FestellenDiagnose,187,14.803201931864844,12.939083952713682,16.66731991101601,78.32777277057595,57.498555574545335,73.32924557901494,52.428789873122035,94.22970128490785,28.64292036927702,23.79372235019332,33.49211838836072
FestellenDiagnose,189,13.744123139003843,12.575262009909668,14.912984268098016,74.44669590999496,52.74233726626474,70.10486175173624,51.7615644395752,88.44815906389728,25.962063604229456,22.2755775050646,29.64854970339431
FestellenDiagnose,191,14.37516834654534,12.854987651821283,15.895349041269398,77.28383943360008,54.94773737425231,73.1620140696715,53.238392681202015,93.085635458141,26.690712833899795,23.01983154086035,30.361594126939238
FestellenDiagnose,193,14.514777757723571,13.07475750633436,15.954798009112785,80.70060689899532,59.69208122551428,73.55816778644845,52.96265696698579,94.15367860591113,27.42032838504289,24.107815755668092,30.732841014417687
FestellenDiagnose,195,13.976324365765834,13.268863913408262,14.683784818123403,79.55137732832735,58.41105378526126,74.68244611897207,54.47382532186901,94.89106691607513,25.97990278345641,24.0666451514177,27.893160415495124
Frech,153,11.028569396255925,,11.028569396255925,48.242690899650036,66.69260083069071,75.32693272900282,,75.32693272900282,22.651001971639275,,22.651001971639275
Frech,155,11.932735606691729,,11.932735606691729,45.59580958017293,66.12041802451144,87.16793107556255,,87.16793107556255,24.935546816155604,,24.935546816155604
Frech,157,12.672931726538941,,12.672931726538941,48.394979930276925,68.6754175702345,118.82928023024566,,118.82928023024566,26.68797896545497,,26.68797896545497
Frech,159,14.08416384302808,,14.08416384302808,51.13156194171762,79.3553428633379,116.53057283513887,,116.53057283513887,31.496273321330612,,31.496273321330612
Frech,161,13.420021293409329,,13.420021293409329,52.520449513224875,84.05114172500508,134.07974099845174,,134.07974099845174,31.193653555520296,,31.193653555520296
Frech,163,13.411881703316242,,13.411881703316242,52.5904055434947,80.16744312223007,126.69226857134223,,126.69226857134223,31.927429344799904,,31.927429344799904
Frech,165,12.91584238838356,,12.91584238838356,49.11116466341285,74.92809692640779,127.79411102417862,,127.79411102417862,30.208270968626962,,30.208270968626962
Frech,167,12.5600206977748,,12.5600206977748,53.32049047011392,83.59187785733576,115.23134519140348,,115.23134519140348,29.407990576581007,,29.407990576581007
Frech,169,12.75978810847316,,12.75978810847316,52.11566381003521,84.8859672507505,116.84804602918052,,116.84804602918052,30.154794289074164,,30.154794289074164
Frech,171,13.264877582021922,,13.264877582021922,51.283114208628035,88.18868457316744,107.78736465560783,,107.78736465560783,30.64831789676952,,30.64831789676952
Frech,173,14.078794911721396,,14.078794911721396,48.02659951373775,74.35074650178625,84.59113973254067,,84.59113973254067,27.000784504699016,,27.000784504699016
Frech,175,11.732881643097665,,11.732881643097665,46.690242865109695,72.24029462094434,46.438991053384534,,46.438991053384534,20.691919455595805,,20.691919455595805
Frech,177,15.337867291586857,,15.337867291586857,53.711517435510615,79.17917711574829,42.6451635914312,,42.6451635914312,24.254320643505363,,24.254320643505363
Frech,179,14.532779560476106,,14.532779560476106,54.17495161504007,75.80831569298735,39.879198319381054,,39.879198319381054,28.23710085726305,,28.23710085726305
Frech,181,14.551360745905036,,14.551360745905036,50.03627239620652,72.66817925828114,45.62108965854852,,45.62108965854852,28.446505804286534,,28.446505804286534
Frech,183,13.830075613052571,,13.830075613052571,51.26038881354174,74.94962634626039,44.954390123886704,,44.954390123886704,27.615776406285054,,27.615776406285054
Frech,185,13.94458526646346,,13.94458526646346,52.80166213936508,75.9313564189622,46.85382271864315,,46.85382271864315,27.698959610012825,,27.698959610012825
Frech,187,14.44667071638376,,14.44667071638376,50.10843550417918,77.80936693604362,46.619366172657365,,46.619366172657365,27.51810542774145,,27.51810542774145
Frech,189,15.184595612550172,,15.184595612550172,51.96116021943276,72.75803032365609,49.315673847710514,,49.315673847710514,27.618392673875018,,27.618392673875018
Frech,191,14.798657529794301,,14.798657529794301,49.9637183885065,74.16518301346736,45.40520183103451,,45.40520183103451,26.03067026004706,,26.03067026004706
Frech,193,13.793771197337687,,13.793771197337687,52.80474906283373,76.72123648433514,45.961255672760316,,45.961255672760316,24.11927372066272,,24.11927372066272
Frech,195,14.515366639845,,14.515366639845,50.94987159277175,75.11302605220536,46.07891120025084,,46.07891120025084,25.84067539114017,,25.84067539114017
Frech,197,14.238451432543897,,14.238451432543897,50.262213972422,75.5733352785871,48.14617413649158,,48.14617413649158,25.107116606127345,,25.107116606127345
Frech,199,14.271133361056496,,14.271133361056496,50.351749598953546,75.1959130077353,52.8995821360066,,52.8995821360066,25.048301549857808,,25.048301549857808
Frech,201,14.544346813692743,,14.544346813692743,51.96728606328543,78.37156232306243,52.08237043389154,,52.08237043389154,24.917138246289543,,24.917138246289543
Frieren,152,13.98054627081562,12.29138122709781,15.669711314533426,49.73937111012348,37.76268492742421,49.165065479119576,47.731133197732014,50.59899776050713,25.49309924673797,23.194059686275807,27.792138807200132
Frieren,154,13.933668170467701,12.436632539490972,15.43070380144443,55.646328600760384,42.98707134835361,49.98883129960514,51.29608401657588,48.681578582634394,25.30407006722043,23.381041166831018,27.22709896760984
Frieren,156,13.273636519660062,11.602483652857881,14.944789386462245,55.7083323490867,40.241712392793445,47.04866125270844,51.057076133144555,43.04024637227233,25.2898290236544,22.49662088400046,28.08303716330834
Frieren,158,13.413084939699004,11.955673485621272,14.870496393776738,55.45163619826165,40.91637017405164,49.28678801825348,54.27378118690756,44.2997948495994,25.629231219008492,23.555471514940226,27.702990923076758
Frieren,160,13.758077173844164,12.32705884697163,15.189095500716697,52.11434451005752,40.71926231667257,51.543070729388546,53.94312628708229,49.14301517169479,24.864372816899944,22.88695465491883,26.841790978881058
Frieren,162,13.946779476842572,12.255191619008308,15.638367334676834,54.175409572001236,42.469848026624234,48.94015925181006,50.20799890007448,47.672319603545645,24.153099470924495,22.345392042067424,25.960806899781566
Frieren,164,14.312758096740186,13.029053982599539,15.596462210880834,52.80550560202319,42.66112206259684,55.48792467835496,56.0621650577486,54.91368429896131,26.312442911754147,23.17538997302781,29.44949585048049
Frieren,166,14.636711395839043,13.227176893231656,16.04624589844643,55.72649950624595,43.5952763608998,54.91953983901986,61.30576071678418,48.53331896125554,26.917734786125273,23.985728614042372,29.849740958208173
Frieren,168,14.306721005597876,12.822238085236783,15.79120392595897,54.24759948295443,45.12534420723131,58.62299319980171,67.72174467341029,49.52424172619315,26.135473492226396,23.70339671296159,28.567550271491196
Frieren,170,14.109600799536729,12.499679330247291,15.719522268826166,55.524138299743655,42.479055355468816,50.80346977345832,55.55758253005393,46.04935701686271,25.218193684115256,22.378463607721823,28.057923760508693
Frieren,172,13.685324491531418,11.85432964833528,15.516319334727555,57.58544871400795,44.41918751820227,52.19712427286129,59.32482526526326,45.06942328045932,24.70939554925038,21.255035093223686,28.16375600527708
Frieren,174,13.166228131373888,11.5283734602622,14.804082802485576,55.311546649544425,43.420904425319186,51.58833107992783,59.206967673040765,43.9696944868149,23.839077196287448,20.910090611063257,26.768063781511636
Frieren,176,13.997915100563606,12.593610928586932,15.402219272540282,51.18128417878618,45.33765795068067,57.4210797633883,65.99424620209936,48.847913324677236,25.00865375645403,22.533121396004994,27.484186116903068
Frieren,178,14.071371903443033,12.812447617355486,15.33029618953058,51.14540973174105,44.98807077901965,54.376453823048536,61.12889460204801,47.62401304404906,24.82952864475628,21.319906240202855,28.33915104930971
Frieren,180,13.82792427507269,12.649283306256237,15.00656524388914,53.04876676890372,46.493745788768706,55.80766857083665,61.711971038686606,49.90336610298669,23.739459875448055,20.138823132529595,27.340096618366516
Frieren,182,13.72745965864953,12.753796125295949,14.701123192003111,51.896476409695666,46.03116763873141,56.551790402314,65.61439127037048,47.48918953425753,23.48396342746668,20.51188905747102,26.45603779746234
Frieren,184,13.078824933359513,12.011787138268746,14.145862728450279,52.6426092398236,50.368642577631505,58.471566193054166,66.44319958040124,50.49993280570709,22.47893620032619,19.191370231783228,25.766502168869152
Frieren,186,13.491748877079528,12.209869623226838,14.773628130932218,49.82161476745655,45.854198776596625,57.45353914337027,64.87493754925976,50.03214073748079,22.189703818277124,18.218729331799867,26.160678304754384
Frieren,188,14.148830376817715,12.56941769325696,15.72824306037847,49.012104221775104,46.82313313523621,58.88063523140154,66.35576720475406,51.40550325804902,22.894530109653424,18.900499318394974,26.88856090091187
Frisch,137,20.389340800260136,18.54807947446656,22.23060212605371,65.37488706772652,77.13710662663715,132.08259867108424,120.81499774718519,143.3501995949833,30.68970109346592,36.221102930916025,25.158299256015813
Frisch,139,23.94106557228386,23.162253934267255,24.71987721030047,68.0485251594109,80.01433154567962,135.9639086012631,125.15451109930395,146.77330610322227,35.867025452184414,40.4278498402267,31.306201064142133
Frisch,141,20.87134409709955,18.903533449704128,22.83915474449497,65.74973849436648,81.87879738482347,138.25467506923582,126.10845770550257,150.40089243296904,35.138387079665435,41.20627202643164,29.070502132899232
Frisch,143,16.256462570282828,19.08765948668154,13.425265653884114,67.43720020877984,80.70307245738361,129.56460329759662,121.76821762277267,137.36098897242059,37.073185903115196,46.7150123432435,27.431359462986894
Frisch,145,16.032147359936374,16.492464795242093,15.57182992463066,63.94410617752853,83.41964401668258,129.99518431186,115.24863226938388,144.74173635433613,36.51072077396137,41.8359762847986,31.18546526312413
Frisch,147,13.004193565962296,13.45285755326769,12.555529578656902,66.96827954051582,86.94505464533717,130.81546553374534,127.01343087903938,134.61750018845132,31.573732863303434,32.9023582924238,30.245107434183073
Frisch,149,10.057724795859393,10.170753279035017,9.944696312683767,56.96463406691079,71.76506317656377,83.89395461397889,82.33391918991276,85.45399003804502,24.444762959277224,27.630708852091093,21.258817066463354
Frisch,151,11.337104501198382,10.174972304745742,12.499236697651025,54.738394479349715,67.20614960878078,78.5009506875152,73.15503485028904,83.84686652474134,22.62560810270172,23.800549928361043,21.450666277042394
Frisch,153,14.197379289414194,15.411850667301266,12.98290791152712,49.399633827376775,54.915044917874724,71.6127359850326,72.50808890564319,70.71738306442202,22.197124133186996,23.99744268148559,20.396805584888405
Frisch,155,13.940283576819402,15.258815783773777,12.621751369865027,47.04889210388499,52.91651810769753,72.18380873070703,74.28687183407935,70.0807456273347,20.01921381806578,22.69393170306962,17.344495933061935
Frisch,157,13.132705466310103,15.74145313822758,10.523957794392626,49.68651197351423,62.69580917597603,65.36135156687439,68.68256240903234,62.040140724716444,18.47673667604386,22.333157737786298,14.62031561430142
Frisch,159,13.434544790227207,16.229705831757478,10.639383748696934,44.39662377448582,58.85135715921228,64.07084293359554,57.193102112994985,70.94858375419611,18.408957234180434,23.74905977059205,13.068854697768819
Frisch,161,13.176847370687112,15.622428193680095,10.731266547694128,45.48609530542745,60.19821473284936,74.98672640854991,64.87606292365315,85.09738989344667,17.684226235038146,22.417638043937107,12.950814426139186
Frisch,163,13.482978185059,15.831509021577116,11.134447348540885,50.85280252579208,65.97412334167333,66.79128657000568,57.960769987266225,75.62180315274514,17.344818722773812,21.565272514631566,13.12436493091606
Frisch,165,13.560824786991054,15.956265254496737,11.165384319485371,41.996367780802316,54.51613744388956,70.64896113072243,65.7453784729917,75.55254378845316,17.79025554863986,22.475832495995135,13.104678601284581
Frisch,167,13.407134385889432,15.594427215642924,11.219841556135938,45.53965425293851,51.8486220424214,72.2696083782826,66.49642256363006,78.04279419293513,17.677767304458058,22.261332173553537,13.094202435362579
Frisch,169,13.168977575921943,15.445099371916402,10.892855779927482,45.34269641017192,58.85137930156639,62.79632125109848,56.81049184862886,68.78215065356811,17.015474614628587,21.55015937796813,12.480789851289048
Frisch,171,12.840863662153293,14.81190486868001,10.869822455626574,50.06543463455529,66.84599498310905,66.41253262282765,60.857836967828426,71.96722827782689,17.33400434987312,22.197987008566486,12.470021691179753
Frisch,173,13.089992562303983,15.1598463002826,11.020138824325366,46.55454126792185,60.02453630340383,76.16221412907964,71.07674599921664,81.24768225894263,17.62792848295706,22.8260229946797,12.42983397123442
Frisch,175,13.00058633653834,15.099653197389603,10.901519475687076,50.662868624168865,64.48500191989991,68.94306943528825,62.96257389099895,74.92356497957756,17.335736235288394,22.19399582629278,12.477476644284003
Frisch,177,12.430278781022785,14.6629134104294,10.19764415161617,50.63286577238915,72.53560109917166,73.7366988991357,71.53450464012406,75.93889315814735,16.90958105736499,21.756307539563853,12.062854575166124
Frisch,179,12.720107300862418,14.965001672874452,10.475212928850384,46.88364119019835,69.41847482256256,72.36758992929362,69.74798150646697,74.98719835212027,16.945435869464237,21.645998275149648,12.244873463778825
Frisch,181,13.651893249051783,15.25486324942072,12.048923248682845,48.23209615411099,59.02105715962946,82.92603745592521,79.20623051523049,86.64584439661994,18.442633904585556,23.312239071911875,13.573028737259236
Frisch,183,13.360255300311367,15.063336499269486,11.657174101353249,45.26793763729786,62.50682097452534,71.7051880973249,69.82599498239114,73.58438121225869,17.56926989139012,21.968412071731027,13.170127711049213
Frisch,185,12.987575736412794,14.88688118671133,11.088270286114259,50.45743341696221,70.40358828252347,67.20205337391442,65.28556597106076,69.1185407767681,17.334999049636174,22.02395396968221,12.64604412959014
Frisch,187,13.135939199428748,15.01531503648204,11.256563362375456,51.77412786741464,71.51090128939182,68.2538408851893,65.80574448681254,70.70193728356607,17.52363731367959,22.016123153101546,13.031151474257634
Froh,126,12.77120731132749,11.554280647826088,13.988133974828893,53.83837838513364,49.50048291828471,47.58914079640437,44.55682982999497,50.62145176281378,18.67046664572572,14.940886241083462,22.40004705036798
Froh,128,10.620346068053532,9.84930154951582,11.391390586591244,59.9258046350055,48.68124962227368,48.09284317352245,42.6540139327592,53.531672414285715,17.80727716539407,15.779801390800843,19.834752939987297
Froh,130,11.617212525812898,9.541091188467005,13.69333386315879,66.07464210160967,51.12710428139728,50.1351018887443,41.02879911617446,59.241404661314135,21.054460743001815,15.33783958166132,26.77108190434231
Froh,132,16.34098863505418,13.743607249323027,18.93837002078533,57.161798508576176,46.760121211839206,72.89471246716958,35.91379080182955,109.87563413250962,29.005589473693348,22.273784794806755,35.73739415257994
Froh,134,12.988339626105788,10.79219769219711,15.184481560014467,60.009339439821446,47.92755299109407,76.60931788579646,30.314009986216714,122.9046257853762,20.831910966257183,15.632795801875446,26.031026130638924
Froh,136,12.414952302702272,13.102382314923501,11.727522290481044,62.108399506715145,53.61393676602758,101.63882845837333,60.52636907465924,142.7512878420874,17.888703810679054,18.474137790326097,17.303269831032008
Froh,138,12.912577399099854,15.833720354107202,9.991434444092507,69.2693932053822,53.33761360002981,102.50304750926966,98.92843453341932,106.07766048512,17.043398604010086,22.580015402705868,11.506781805314308
Froh,140,12.591443293802488,13.940060888758815,11.24282569884616,58.2674624629824,46.61399359781024,84.02481780555426,78.01994647819717,90.02968913291136,15.723424268643543,18.598854629397795,12.84799390788929
Froh,142,12.877607913746708,12.969679013709923,12.785536813783493,59.30232066900429,47.44762114170682,77.02720390538343,66.27302795268085,87.78137985808603,16.93929683319961,18.44068789837791,15.43790576802131
Froh,144,13.80822019476354,14.340040787981893,13.276399601545188,50.08824138196182,41.85139348420145,53.67527405976446,36.19825950946041,71.15228861006852,18.78333879303498,20.865975049076532,16.700702536993422
Froh,146,12.926417368318459,12.929075293383246,12.923759443253672,55.97862992578257,41.34894231274754,46.846433622070776,45.067414576004346,48.625452668137214,18.57462776104955,19.25855215406459,17.89070336803451
Froh,148,11.092856970887961,9.800234772571308,12.385479169204613,54.32166464134236,39.78398303716406,42.14097685929208,29.30521074584426,54.976742972739906,17.46511244311981,13.42115190393204,21.50907298230758
Froh,150,12.082622679021545,11.017848252876083,13.147397105167007,55.98124438660933,41.21127586355156,35.30274668709046,25.003315342170197,45.60217803201073,19.623368397137536,15.213658697804116,24.03307809647096
Froh,152,15.05652239341733,11.449340497602517,18.663704289232143,62.005568164410825,50.25015338135846,52.45994927349328,27.307131720646417,77.61276682634013,27.307144444796254,16.06053048101233,38.55375840858018
Froh,154,15.217565603686971,12.585717340149056,17.849413867224886,58.06247466394584,52.66489316331144,64.50442825088074,27.994821997041818,101.01403450471966,25.489690962502642,16.901903712097663,34.07747821290762
Froh,156,14.352435635755345,11.777864775613757,16.927006495896933,56.04055611714604,53.94613182594059,73.04620177698723,40.677069757140714,105.41533379683375,22.329677045264134,16.34930551301242,28.310048577515847
Froh,158,13.794606026793137,11.704045649794203,15.885166403792072,55.2713088501987,50.4578793248431,76.00615080205128,44.91708333555343,107.09521826854913,21.516227230092802,14.891842450076505,28.140612010109102
Froh,160,12.374037286309107,13.40372012890311,11.344354443715103,55.31701404178246,47.49396699081975,70.84517727477926,31.074258510529482,110.61609603902905,17.913441987754823,18.822030000227645,17.004853975282003
Froh,162,11.51637604925762,14.076268928541134,8.956483169974106,64.0425146149549,56.98565875971421,103.6800160299411,108.34491587630365,99.01511618357856,14.578027712314235,19.33428982191407,9.821765602714402
Froh,164,12.522257680091803,15.196510492989393,9.848004867194213,63.198030004274415,57.58787430473913,105.60408007901675,115.60697346914266,95.60118668889085,16.321879321672892,20.45116089663729,12.192597746708492
Froh,166,13.383043318369726,15.104023048682906,11.662063588056544,54.712271813778486,48.34010858968729,66.7395819829391,48.738519885431835,84.74064408044636,17.506803019262804,20.1298938272038,14.883712211321809
Froh,168,12.16588827648506,12.534095121141233,11.797681431828886,46.406426685632105,40.09085306420857,51.208136551858345,35.49871671454694,66.91755638916976,16.091495562465514,15.44719222291191,16.73579890201912
Froh,170,11.811540028587793,11.746159604138283,11.8769204530373,55.59607001784993,40.0734026895281,42.14201540609694,25.93272342482552,58.35130738736835,16.708400012287836,13.812058214289726,19.604741810285944
Froh,172,12.01174254674687,9.765076505031068,14.25840858846267,60.782641205276256,50.23362735299794,48.332345945183064,40.65074215663572,56.0139497337304,20.018285329364552,11.885069619374953,28.151501039354155
Froh,174,13.029117066724286,10.88580825404436,15.17242587940421,62.91547157157064,55.02087502908657,51.42442022102982,50.81113582797587,52.037704614083765,23.250403868233747,17.543356858665483,28.957450877802007
Froh,176,13.910476036552849,11.00701608554203,16.813935987563667,65.8677706691621,58.70264856662837,67.70612788230181,38.41970205936301,96.99255370524062,22.87959319419015,14.722765053053603,31.036421335326693
Froh,178,16.013453780470943,13.30070348559761,18.726204075344278,58.396464807385556,56.431665881882076,62.497178698384154,31.45039827730913,93.54395911945917,28.310589233332983,22.153961993641854,34.46721647302411
Froh,180,15.30267965301768,14.679391721267132,15.92596758476823,49.45231220643206,47.657138568862244,66.39810501843058,31.789805029476128,101.00640500738504,26.895829257977578,25.35888988673758,28.432768629217577
Froh,182,11.976833460144853,11.567820601641417,12.385846318648287,59.21437004270786,58.072305452088294,87.9960018042436,32.38845864291192,143.60354496557528,17.659472334733767,14.039348422562849,21.279596246904685
Froh,184,11.734300237854765,12.090127176737338,11.378473298972189,69.15587738387153,70.78942224589237,139.03776560190158,123.98415683096124,154.09137437284193,16.218673984609552,14.838515584987414,17.59883238423169
Glas,104,12.512565705881975,12.618969102972958,12.406162308790991,54.71793788512884,48.113708740676614,55.961679714770305,50.412250181576866,61.511109247963745,18.69310070511171,19.968488275920645,17.41771313430278
Glas,106,12.11710364688685,12.521050501455898,11.713156792317804,55.13996418116092,48.71945866169646,56.10198714783505,49.75410800230403,62.44986629336606,18.446282452484663,20.273655644050137,16.61890926091919
Glas,108,12.885499316245744,14.992620899173906,10.778377733317582,53.430321570409276,46.59815363939869,57.367680562336034,52.570748335920946,62.16461278875113,18.38147916803501,21.66575668661349,15.097201649456528
Glas,110,11.721642999698535,12.601159874167228,10.842126125229841,54.21981013487301,46.85695533537521,59.19579259360129,49.42568628672872,68.96589890047386,18.063591072338937,19.803636992499754,16.323545152178117
Glas,112,11.590555731108903,11.562093329371306,11.619018132846499,54.439726663289996,47.21509615147136,57.78215352378959,44.45853437969978,71.10577266787939,18.542235724553016,18.620697337467178,18.46377411163886
Glas,114,13.00957320561674,12.354389724777349,13.66475668645613,48.90705012999874,43.42688740805552,53.43282152672014,39.89226931055154,66.97337374288874,20.059269685847916,20.070619904750796,20.04791946694504
Glas,116,13.254980705750015,12.574712085845638,13.935249325654391,49.993913027611086,46.377926006742776,55.46328763144717,41.23822198234162,69.68835328055273,19.384686352503373,19.985602335512038,18.783770369494707
Glas,118,13.853966345138716,13.181009813302843,14.52692287697459,44.04719205488384,44.04686955931384,52.729441653701684,35.86149221398363,69.59739109341973,20.209297599688277,21.15864934863059,19.259945850745968
Glas,120,14.226062562501504,14.239541537460426,14.212583587542584,47.89360776688474,42.02924413930646,43.46883607915197,31.790480636460458,55.14719152184349,20.498715606744874,22.580575521258172,18.41685569223158
Glas,122,15.47521881385796,16.53837967180445,14.412057955911473,43.67188208963821,39.90774613139136,44.86769294100294,32.20388897058175,57.53149691142413,22.105574558529277,25.331779527705937,18.87936958935262
Glas,124,14.474896483962112,14.777741431962042,14.172051535962185,44.03168543256026,39.76633490790839,40.513764085299556,26.38152496216471,54.646003208434394,20.521027723299365,23.062021302208713,17.980034144390018
Glas,126,14.417690887198471,14.100609915791008,14.734771858605937,44.8044818583315,39.1634679319981,41.278987299253856,26.85658376808627,55.701390830421445,20.39543006450154,22.088485525387693,18.702374603615382
Glas,128,13.969096083763628,13.786207868943874,14.15198429858338,45.19353727017707,40.07615988766205,40.40069614394837,25.71681237519739,55.08457991269936,19.762568699245705,21.358878674507764,18.166258723983645
Glas,130,14.036967174116866,13.520566616307487,14.553367731926244,43.02553329541598,41.11302994931725,45.8014536670316,31.4571933458632,60.1457139882,20.209895979397693,21.34963057209497,19.07016138670042
Glas,132,14.268260821022562,14.370063644792618,14.166457997252504,43.84561123104298,41.836575783166545,47.32649280310362,34.10584550573624,60.547140100471,20.118258839396667,21.85093974346126,18.385577935332076
Glas,134,14.319140227628289,14.10794794034781,14.530332514908768,49.46121252158365,43.72171470853284,48.514981114656855,37.88909069127784,59.14087153803587,21.155065197108954,22.86343722612028,19.44669316809763
Glas,136,14.726614845737394,14.43974573479221,15.01348395668258,52.23608420802756,43.396983466366514,50.57620568240607,40.83511274744062,60.31729861737153,20.759645527423803,22.113777355986322,19.405513698861284
Glas,138,14.195873774591242,14.140987969978276,14.250759579204207,47.28286532407447,44.46468388180489,50.89354629220281,41.43754300967417,60.34954957473144,21.078588715401892,23.006730996185183,19.150446434618598
IdiomPffIgnorieren,122,15.53995556769523,17.775970809000075,13.303940326390386,67.15024010632303,58.032513905012514,76.32305980484895,60.147284492838146,92.49883511685975,23.55615336601783,33.25402552627765,13.858281205758015
IdiomPffIgnorieren,124,12.919543122406157,13.217162534474745,12.621923710337569,66.30846349221206,54.67332856452841,74.20444120454327,57.804890609623335,90.60399179946322,22.021522805441776,24.48961214808139,19.553433462802158
IdiomPffIgnorieren,126,12.089322103079482,12.280080083038216,11.898564123120746,73.55979562361424,55.019067583337446,67.40322319425456,61.182696075939376,73.62375031256977,17.719107595072284,19.894386758408704,15.543828431735864
IdiomPffIgnorieren,128,14.785725080150133,13.406186344955817,16.16526381534445,76.13380376201481,56.95183435733091,67.01412430062098,60.2211349373127,73.80711366392924,22.069604440791508,18.498427841496316,25.6407810400867
IdiomPffIgnorieren,130,14.982106488555594,14.526739590531484,15.437473386579704,81.69759608263894,58.0186068708462,73.20055993457657,61.64761656745347,84.75350330169967,27.813035470009524,23.711041733027994,31.915029206991054
IdiomPffIgnorieren,132,14.916005992033249,15.931990356258627,13.900021627807872,80.07329755379146,57.874590498988205,70.13988361853418,64.4492218954064,75.83054534166197,25.49670941593494,24.163655303676922,26.82976352819296
IdiomPffIgnorieren,134,15.947252164375072,16.550224439033848,15.344279889716296,88.77265449039407,62.8053593915732,76.48449770499992,69.54196270787958,83.42703270212027,28.55993381068211,24.998557084545318,32.1213105368189
IdiomPffIgnorieren,136,15.13476875118985,15.857914970103835,14.411622532275866,87.02390527390115,61.38183853905399,74.20821681799973,66.6953288207897,81.72110481520974,26.625650329491222,24.265575890444175,28.985724768538265
IdiomPffIgnorieren,138,15.259206850180062,16.00034978533951,14.518063915020615,78.19464178414954,59.91966942400883,73.57399427381327,65.4928593455507,81.65512920207586,28.810400535380168,26.706102761852634,30.914698308907706
IdiomPffIgnorieren,140,14.909053227164868,16.12490284427519,13.693203610054546,73.02803766744641,54.64233163533537,75.13572757053863,68.7111184808824,81.56033666019486,28.457017825356417,26.70889627305417,30.205139377658664
IdiomPffIgnorieren,142,14.594022727652234,15.611649712440977,13.57639574286349,67.75471594059077,51.308802568871805,69.74548151314616,65.77484497836566,73.71611804792667,26.46333132772206,24.39905152302377,28.527611132420354
IdiomPffIgnorieren,144,15.484536764839712,16.176887868263655,14.792185661415768,71.18031501569776,51.31282940594297,72.6257907179513,68.35437266032255,76.89720877558005,28.324241851042125,25.54757040672436,31.10091329535989
IdiomPffIgnorieren,146,15.738821121297072,16.214532925865907,15.263109316728237,74.68573323868853,55.424850726745056,76.49961339969121,69.27210255414377,83.72712424523866,28.967327566137897,25.01536836593245,32.91928676634335
IdiomPffIgnorieren,148,15.285328455484269,15.722908171219942,14.847748739748598,76.85329056491487,60.73512611105638,83.56496006556532,74.72375721880594,92.4061629123247,28.32811857582507,24.595224472267788,32.06101267938235
IdiomPffIgnorieren,150,15.548907750402131,15.990496339441142,15.10731916136312,74.51146348063097,56.87742486416926,75.58472723772526,68.8708115099527,82.29864296549782,28.623564890889057,23.966182789212322,33.28094699256579
IdiomPffIgnorieren,152,14.418656514959288,14.326247111902783,14.511065918015795,69.38384362201126,55.356526545260245,73.19726644459459,67.90389265411484,78.49064023507435,27.39616231136229,23.480542906443254,31.311781716281324
Jahr,162,17.47897687495246,,17.47897687495246,49.31801804646908,64.35056188652177,69.46961580039054,,69.46961580039054,21.64986309479521,,21.64986309479521
Jahr,164,16.63940189447518,,16.63940189447518,60.369279878183995,72.49569850908446,104.62011961186477,,104.62011961186477,19.452081711107116,,19.452081711107116
Jahr,166,17.805096046471693,,17.805096046471693,67.98979037516207,81.34800624055431,158.5261602735839,,158.5261602735839,23.061581398351198,,23.061581398351198
Jahr,168,18.71298808033035,,18.71298808033035,59.20920828832186,75.1141696872609,174.41409536834394,,174.41409536834394,22.78577221020703,,22.78577221020703
Jahr,170,22.506714909346968,,22.506714909346968,55.75977153715106,71.91837889905428,178.96619072906608,,178.96619072906608,23.108128987317052,,23.108128987317052
Jahr,172,19.64340042916146,,19.64340042916146,60.23562912357012,75.7575140946642,187.31962278465375,,187.31962278465375,20.910341943610423,,20.910341943610423
Jahr,174,19.874561263686086,,19.874561263686086,56.0971877326637,73.32858716434268,174.90979485834816,,174.90979485834816,19.858963099794515,,19.858963099794515
Jahr,176,19.873503546364436,,19.873503546364436,46.895353067466885,65.17298933600364,134.81957554268226,,134.81957554268226,19.784052954014584,,19.784052954014584
Jahr,178,19.726781343667284,,19.726781343667284,50.979520216255466,63.88549063656262,99.47602552607792,,99.47602552607792,20.01833438064814,,20.01833438064814
Jahr,180,14.418848668755755,,14.418848668755755,49.547023666243014,61.08577687209543,72.39661950242981,,72.39661950242981,14.689277937642387,,14.689277937642387
Jahr,182,14.283997659802512,,14.283997659802512,48.84050351569469,61.57488417111307,67.65691537874378,,67.65691537874378,14.258570755520767,,14.258570755520767
Jahr,184,17.241107106952587,,17.241107106952587,47.193404715368096,56.073199079822004,56.41427662034483,,56.41427662034483,17.181012391681822,,17.181012391681822
Jahr,186,16.208867457500236,,16.208867457500236,44.5987911555305,58.65861047336496,54.79147674557518,,54.79147674557518,17.391730636081213,,17.391730636081213
Jahr,188,15.435429251269442,,15.435429251269442,45.507797253217255,59.20326770283674,50.68265022463451,,50.68265022463451,17.135025559760532,,17.135025559760532
Jahr,190,16.033878009107518,,16.033878009107518,46.19658247180533,56.596901590306544,45.388923632408904,,45.388923632408904,17.76177589274691,,17.76177589274691
Jahr,192,14.817852333126682,,14.817852333126682,40.76035378835533,48.87780973171176,43.28901136209247,,43.28901136209247,14.673099701812125,,14.673099701812125
Jahr,194,16.135891630958724,,16.135891630958724,40.80089057453631,46.77596585576067,39.86683588435957,,39.86683588435957,16.41317759231723,,16.41317759231723
Jahr,196,15.204780821020318,,15.204780821020318,45.72780913498792,64.36125061349908,27.071679300900794,,27.071679300900794,15.123630659738046,,15.123630659738046
Jahr,198,16.086903785719326,,16.086903785719326,52.64697866640341,106.06583548464756,24.534759132749453,,24.534759132749453,17.276754724409916,,17.276754724409916
Jahr,200,15.537046442899985,,15.537046442899985,36.79273053077883,43.565632166838995,34.333001504027344,,34.333001504027344,16.734276436859226,,16.734276436859226
Jahr,202,15.711923680358758,,15.711923680358758,38.140474439143944,43.38890429888087,32.64231251964657,,32.64231251964657,20.171340169092083,,20.171340169092083
Jahr,204,16.94098839910143,,16.94098839910143,35.6935268011572,39.82649088031612,30.392165343557394,,30.392165343557394,20.49020924919188,,20.49020924919188
Jahr,206,14.790195680764821,,14.790195680764821,44.82964015940928,47.91187601372637,28.080305742003866,,28.080305742003866,17.517359218967137,,17.517359218967137
Jahr,208,12.161380154446347,,12.161380154446347,50.11542630528993,53.039720233826046,25.05441869219894,,25.05441869219894,13.703604699072415,,13.703604699072415
Jahr,210,13.425232335698256,,13.425232335698256,49.93847244070697,55.31933343453393,23.593017184895967,,23.593017184895967,13.955961707959906,,13.955961707959906
Jahr,212,13.69448485788702,,13.69448485788702,44.45140409627378,46.66567784882737,20.433309414393612,,20.433309414393612,14.652799433904669,,14.652799433904669
Jahr,214,16.060844782274245,,16.060844782274245,52.66529021983937,50.83317382109757,25.984582310131128,,25.984582310131128,16.41851216471009,,16.41851216471009
Jahr,216,15.118626293311388,,15.118626293311388,51.47009424259944,54.303240192733995,21.09028696708822,,21.09028696708822,16.320201614249413,,16.320201614249413
Jahr,218,16.46199556726058,,16.46199556726058,52.97479068988515,54.46177513865903,24.5717187828329,,24.5717187828329,17.580765000184996,,17.580765000184996
Jahr,220,15.924951983144416,,15.924951983144416,52.1782319714929,55.28891451135532,31.79934007168167,,31.79934007168167,16.66470226634049,,16.66470226634049
Jahr,222,15.36885850582112,,15.36885850582112,50.16044948958214,54.350746386780784,46.32785452746397,,46.32785452746397,16.18902571387711,,16.18902571387711
Jahr,224,18.310592232743677,,18.310592232743677,50.265154365534855,54.16390453950094,41.487177147619875,,41.487177147619875,19.454858186456182,,19.454858186456182
Jahr,226,16.776293513020708,,16.776293513020708,53.43269129791124,57.3634950694974,40.59280620317651,,40.59280620317651,17.279350857769774,,17.279350857769774
Jahr,228,15.90046041357945,,15.90046041357945,57.245392233728595,57.850963188943766,26.236336291814716,,26.236336291814716,16.494896985218496,,16.494896985218496
Jahr,230,15.147734768673352,,15.147734768673352,39.785566799008194,49.6793840855068,29.900961516794958,,29.900961516794958,17.31971519506542,,17.31971519506542
Jahr,232,14.0935539677064,,14.0935539677064,46.412502428886526,58.99546928356357,34.34752875477142,,34.34752875477142,14.65594592669338,,14.65594592669338
Jahr,234,14.794361868892501,,14.794361868892501,48.59908790048881,59.42326764704341,35.24651159123897,,35.24651159123897,15.19265442155354,,15.19265442155354
Jahr,236,14.761517023331281,,14.761517023331281,47.23410814566788,52.49552043154827,42.39048742452118,,42.39048742452118,15.960881386407271,,15.960881386407271
Jahr,238,15.194245111186623,,15.194245111186623,40.733300995866024,51.24157110014367,39.1184734183111,,39.1184734183111,16.150115164773457,,16.150115164773457
Jahr,240,15.223103945394026,,15.223103945394026,46.86262013775966,54.60037031599786,45.22287426981951,,45.22287426981951,16.712044623526843,,16.712044623526843
Klar,122,15.25717944603126,,15.25717944603126,48.17766185700276,66.05231879091399,61.590306217827155,,61.590306217827155,23.015717237468685,,23.015717237468685
Klar,124,14.791374627643458,,14.791374627643458,44.27634695150943,58.15225224307988,60.61178284935234,,60.61178284935234,24.54601268764319,,24.54601268764319
Klar,126,19.765202194502482,,19.765202194502482,45.746219014458255,61.671212253250225,54.532654010522975,,54.532654010522975,29.218800241062638,,29.218800241062638
Klar,128,19.966083003140024,,19.966083003140024,45.20639681686736,61.77809787774748,48.87385482898393,,48.87385482898393,31.411514539498747,,31.411514539498747
Klar,130,13.621167869917965,,13.621167869917965,50.25544561705788,66.34235254172613,44.17783262408267,,44.17783262408267,25.32052053124473,,25.32052053124473
Klar,132,17.848200773265816,,17.848200773265816,48.57199282653026,69.39335851261926,68.87035718548508,,68.87035718548508,34.38147114063295,,34.38147114063295
Klar,134,23.328161652312726,,23.328161652312726,49.1014648073566,64.13423536473624,90.98334007569673,,90.98334007569673,41.403634574992054,,41.403634574992054
Klar,136,21.28170963056744,,21.28170963056744,49.79354973751824,65.29755687467777,78.21505799674229,,78.21505799674229,35.6919193932545,,35.6919193932545
Klar,138,12.881379374100884,,12.881379374100884,48.258281073613105,61.64102496110777,56.63862396568722,,56.63862396568722,19.07416593438326,,19.07416593438326
Klar,140,10.979436350445454,,10.979436350445454,45.26254527920109,58.62237822169845,63.35896265711303,,63.35896265711303,16.353473890822364,,16.353473890822364
Klar,142,11.068225596194386,,11.068225596194386,43.27515399308279,50.1034877276474,33.92742866107783,,33.92742866107783,14.407494175693046,,14.407494175693046
Klar,144,10.295093472662195,,10.295093472662195,41.576052279760674,50.53790457888147,40.283401009745155,,40.283401009745155,13.323457566483896,,13.323457566483896
Klar,146,10.42028302187148,,10.42028302187148,50.69295135178465,56.099240337354495,55.61930740102982,,55.61930740102982,12.899106006271685,,12.899106006271685
Klar,148,10.143966816107925,,10.143966816107925,47.59528167457805,54.54286754630858,53.25025652237071,,53.25025652237071,12.833486722691223,,12.833486722691223
Klar,150,11.05779370331797,,11.05779370331797,40.12063283774145,52.289429872035484,45.185951013837936,,45.185951013837936,14.245450322434873,,14.245450322434873
Klar,152,9.639141551411088,,9.639141551411088,48.87390572722479,52.64355974803998,48.40139832243381,,48.40139832243381,11.639555167242312,,11.639555167242312
Kochen,135,15.870567002923337,15.343567633241726,16.39756637260495,50.677483698918046,51.78469108161387,66.22861012864144,74.84727514363108,57.60994511365178,23.48372638165818,24.513179629203414,22.454273134112945
Kochen,137,14.415047134884837,11.155649675355487,17.674444594414187,50.92661552890356,53.26634359623197,70.5809191902458,79.34156391362066,61.82027446687092,18.14316059793805,13.965122584774488,22.32119861110161
Kochen,139,14.05603229920617,9.08394177483128,19.02812282358106,52.57914425063932,54.50345560780661,67.83556877322383,79.20161316292473,56.469524383522916,18.783330716960933,10.000564789502647,27.566096644419215
Kochen,141,14.673981948117316,9.23147365715616,20.11649023907847,52.40896157961247,55.68806650092441,70.24800565238135,86.12827107961513,54.367740225147564,19.902596156037234,9.754051271271361,30.05114104080311
Kochen,143,15.014572566602894,9.524442400066471,20.504702733139318,49.07891977094545,51.824430446223815,67.22185294869263,82.69988651371304,51.74381938367222,19.857019378905534,10.03054216689287,29.683496590918196
Kochen,145,15.223089723368146,10.075912442117378,20.370267004618913,47.57402839143109,49.72656426242173,73.29443642247658,89.68002342511365,56.90884941983952,20.025309300974737,11.031621108163515,29.018997493785957
Kochen,147,15.56074874976519,9.926826582329262,21.19467091720112,54.794964669302274,57.123776874014986,68.30558534040615,87.00101437343073,49.610156307381565,22.009579406995055,11.33088879718939,32.68827001680072
Kochen,149,16.626130967640265,13.465467227312114,19.78679470796841,56.27396043531998,55.20563336239217,65.73293354140175,80.76460507568149,50.70126200712201,24.42557772724744,21.46983512465382,27.38132032984106
Kochen,151,14.586816875671264,8.769449741085916,20.40418401025661,53.70009828087795,61.61158141393139,59.68855263327312,75.27727325750358,44.09983200904265,18.70175238046911,9.430294131669418,27.9732106292688
Kochen,153,17.21918977179758,16.062700894815535,18.375678648779626,48.270929627192444,55.47204554777972,51.21578898243348,60.35399964915917,42.07757831570778,23.83252647052504,24.701813663243886,22.963239277806192
Kochen,155,16.915561695357024,16.48903107774789,17.34209231296616,46.85669767049807,52.51315734545277,49.81171872650003,59.9880713293396,39.635366123660475,24.416271171755266,28.527258171106382,20.30528417240415
Kochen,157,13.352813946469052,9.310198870754183,17.395429022183922,51.09643273503827,62.67877630894679,60.53721135927013,78.22281457311976,42.85160814542049,15.280419775747225,10.46021520489436,20.10062434660009
Kochen,159,15.352148697016084,14.44408707324694,16.260210320785227,49.3530579723873,53.79678964696851,61.69970002259682,70.67058976999449,52.72881027519915,22.04900010122018,23.79531745745278,20.30268274498758
Kochen,161,12.932029729781657,9.93240585815455,15.931653601408767,46.221026309982925,52.07239756862825,58.93103934771971,63.63130392533078,54.23077477010864,14.947347248332166,12.305485671796408,17.589208824867924
Kochen,163,15.94246514557393,16.465490045632173,15.41944024551569,52.13662829836383,55.2535023327334,58.144807295754674,57.3864688976064,58.90314569390294,22.734094981620487,27.969059226232716,17.49913073700826
Kochen,165,14.686255499415045,13.841515740091996,15.530995258738095,56.27367578537543,60.865732576362156,67.40768332356544,71.62213382655479,63.19323282057609,19.92273393411643,22.840299163629943,17.00516870460292
Kochen,167,15.941731211002367,15.561028447463507,16.322433974541227,52.899696270894275,53.70484643713707,54.64629057485661,56.68974484151264,52.60283630820058,23.210302226929954,26.99871840302766,19.421886050832246
Kochen,169,13.87517261392517,9.786259328420902,17.964085899429435,51.96322027091152,50.19093969196491,51.8891990410083,56.26404932931808,47.51434875269852,19.163681390842854,12.288585603089613,26.038777178596096
Kochen,171,13.84125933932335,9.02901538587703,18.653503292769674,46.421670322888495,48.624219737513236,47.134434704191804,51.251320562463306,43.0175488459203,19.790660136002714,10.360711038718788,29.22060923328664
Kochen,173,16.47565798011116,14.381178199556974,18.57013776066534,37.26331593676561,43.19417165829129,50.80959426147115,55.965289823875445,45.65389869906685,24.150461379416118,23.58487166483022,24.716051094002015
Kochen,175,17.128593024199702,14.907105753051017,19.350080295348388,44.99116825708961,49.50576264948463,55.677482271135716,67.11813043173623,44.236834110535206,24.827703660777594,25.431669801865805,24.223737519689386
Kochen,177,15.512179260241856,10.605011116776456,20.419347403707256,52.811458121116914,52.71882148620807,55.86236727449145,71.18232423715124,40.54241031183167,20.623837842073293,13.431519967142798,27.816155717003785
Kochen,179,15.247155635897105,10.73897350002163,19.75533777177258,45.169332788698384,45.68702073902595,62.34982530981533,69.03499883885956,55.6646517807711,22.98863182515711,13.759013465792144,32.21825018452208
Kochen,181,15.341001006179617,10.418252964339272,20.26374904801996,54.709599867265155,51.85760193641626,57.91202719939705,70.44500822855461,45.37904617023949,21.442363161937543,12.534254527159602,30.350471796715482
Kochen,183,15.13640794254987,10.549922339918641,19.722893545181098,58.782959740590314,56.365072475199305,58.24528674491202,72.2440143908862,44.246559098937844,21.54985634267061,12.89717437159083,30.202538313750388
Kochen,185,14.484876620392505,9.817799822923599,19.15195341786141,53.083785177637125,56.09573345163506,61.46494464812151,78.67986603358429,44.25002326265873,20.730312730656586,12.04712309521436,29.41350236609881
Kochen,187,14.122705588951675,9.697752251089016,18.547658926814336,62.32096998539349,67.23986316345369,86.07546388840876,116.98960889168272,55.161318885134804,18.765813221781688,11.196830907832135,26.33479553573124
Kochen,189,15.729504654568599,15.446330167496406,16.012679141640792,52.988338913969486,54.53690397341032,56.88500023785521,66.33650463038458,47.433495845325844,22.098947126171666,25.04673745646555,19.151156795877785
Kochen,191,13.425734768587532,10.358286086079543,16.49318345109552,53.81518319823343,54.28849755812327,67.08985272410416,79.06296953588011,55.1167359123282,16.042950036705044,12.850080391927909,19.235819681482177
Kochen,193,12.992312169965675,9.878432034457125,16.106192305474224,56.790090055991875,56.19765967108929,67.34516605049828,73.15254615729533,61.537785943701216,14.650193743082335,11.943561094323407,17.356826391841263
Kochen,195,13.554840941659684,10.130662612889868,16.9790192704295,56.411054452379666,57.91151782766827,65.30881780059235,69.5280649835512,61.089570617633505,16.23038940066762,12.349906134623579,20.110872666711657
Kochen,197,13.570572685815222,9.924111794549662,17.217033577080784,52.769418345142036,54.10967203142965,58.26328963536851,60.582933811201755,55.94364545953527,17.00525875824002,12.049621187857715,21.96089632862233
Kochen,199,13.542316825041155,9.223175137324027,17.861458512758283,44.0803288873244,48.714313188508626,55.31617803402965,58.315372666188445,52.31698340187085,16.514152755528688,10.655796876273653,22.372508634783724
Kochen,201,13.709161415387976,8.8791261863899,18.539196644386053,55.90303592265516,56.36093455849238,64.31986695543048,71.67430886291928,56.965425047941686,16.43841784374973,10.533238230969,22.34359745653046
Kochen,203,14.116480824144002,9.687379461183403,18.5455821871046,42.80186336943994,43.45060667205303,57.946353443854456,63.27312796034533,52.619578927363584,18.22798236550703,11.235930074028062,25.220034656986005
Kochen,205,14.358765495535152,9.848155920658431,18.869375070411873,48.886625738944986,46.53249687870013,53.84906901338391,62.84615892275495,44.85197910401288,19.960922906855963,10.806280836474832,29.115564977237096
Kochen,207,16.769150340611244,14.882866000740956,18.65543468048153,47.25466853469396,44.73212811373664,53.61856395478232,61.480623389323476,45.75650452024115,23.59666891468794,21.990667061945018,25.202670767430856
Kochen,209,15.240870795698523,10.890751426456463,19.590990164940585,50.879658303984435,49.500703317242895,61.2944608448327,71.59881573877132,50.99010595089408,20.950341106556117,12.81352164389663,29.0871605692156
Kochen,211,17.08978960664311,16.22709079801269,17.952488415273532,41.752636147728,45.51186380471397,60.86579519397781,60.414949766570594,61.31664062138503,24.44962305950272,26.302832219208124,22.59641389979732
Kochen,213,14.833898834397097,11.46138048574555,18.206417183048643,55.017334082795514,51.34330087353436,60.4061193374238,72.86348380101515,47.94875487383245,19.54842966413375,14.383203600761135,24.71365572750636
Kochen,215,14.516372214820272,10.938228311800929,18.094516117839614,55.43941789444761,59.11605755575681,87.96559081099572,98.48195478647975,77.4492268355117,19.58977575294196,11.859587913277386,27.319963592606534
Kochen,217,14.544471316148915,11.712806704000053,17.376135928297778,57.029435630595835,52.86577700745468,62.58907574681844,74.98642423725107,50.191727256385796,18.818151428226717,13.92207779382371,23.714225062629723
Kochen,219,13.395171356061997,9.24298053892686,17.547362173197136,57.88882853011327,62.41981097608751,109.5696316675624,133.635006217838,85.50425711728681,18.245693417516435,12.283611223408965,24.207775611623905
Kochen,221,13.596752394388457,9.810504980076713,17.382999808700202,55.951156708178694,59.81761839274057,109.34480917925929,135.55453178158845,83.13508657693012,17.970048790386077,11.344104002302045,24.595993578470107
Kochen,223,13.638348393581087,10.66864842367494,16.608048363487235,56.98051666341833,62.5244966340886,108.25498357934428,132.74819393917676,83.76177321951181,16.60155494688904,11.975848434465346,21.227261459312732
Kochen,225,13.24240774203708,9.425758593143586,17.059056890930574,57.60430442149711,60.2121980828902,111.48709608737417,135.87033278218456,87.10385939256379,17.04703673719719,11.220364587871558,22.873708886522824
Lesen,153,11.628972988701701,12.130284074853387,11.127661902550013,52.663015407637296,47.694768916592956,74.98570141192502,96.30101096421589,53.670391859634165,19.014507045628868,23.724801336234123,14.304212755023617
Lesen,155,11.848158086308121,12.613977037245679,11.082339135370564,52.868357353414645,47.04824584961588,75.92467835830351,102.71962103496382,49.12973568164321,19.92457226961733,27.08330403208989,12.765840507144768
Lesen,157,12.08670263546382,13.148598188000669,11.02480708292697,66.79400112293962,57.60758600682784,82.89246655525912,118.78217551097572,47.002757599542534,19.608903978451696,26.267484663412013,12.950323293491381
Lesen,159,11.2999714256575,11.746176071046667,10.853766780268332,58.00630653815213,51.64886226566918,85.40805286350965,118.62402387526384,52.192081851755454,18.9942228525955,25.594222534068518,12.394223171122476
Lesen,161,11.03374643263939,11.829155163047584,10.238337702231195,59.137875081534496,52.97820815167965,78.31799564408269,109.27255741419498,47.363433873970386,17.67808457652219,24.27182210636071,11.08434704668367
Lesen,163,12.081673775574984,11.951068940271115,12.212278610878851,58.64351608921032,51.28161865210701,81.1424502520187,110.20968541060309,52.07521509343432,18.277964817929227,21.447511572306784,15.108418063551673
Lesen,165,12.398256910929362,13.107872899166365,11.688640922692358,57.20035993190728,50.89815645246087,80.80323801102921,101.0326105332472,60.573865488811236,17.69747482066063,21.907538142663935,13.487411498657329
Lesen,167,11.791150017735117,11.48331035969219,12.098989675778043,55.14362332143135,49.71949163706683,81.1082936944303,106.09360137464498,56.12298601421562,17.47320233489662,19.66541902646562,15.28098564332762
Lesen,169,10.706824426402651,10.586497039400347,10.827151813404953,58.655003178192544,51.217878597870794,84.02018907481194,109.23244480090855,58.80793334871532,16.742328313066054,19.471409781163167,14.013246844968943
Lesen,171,10.877023638947897,11.105184888315607,10.648862389580184,59.388469036496524,55.349628111632924,79.17070939832114,100.6446809747829,57.696737821859365,17.127430109751735,19.849457561684652,14.40540265781882
Lesen,173,11.799231471835729,12.424150407554349,11.174312536117109,62.813500242729305,56.76965825387486,80.27564111472839,105.34576275068308,55.20551947877369,18.043659666896104,23.82291514425901,12.264404189533197
Lesen,175,10.663362198081835,10.664823550987995,10.661900845175674,65.08314983407669,53.860059756245974,78.02360405965794,104.58525103975073,51.46195707956516,14.19329242312805,16.4625636949793,11.924021151276799
Lesen,177,11.246660755066824,11.809170928654785,10.684150581478864,64.79648284279759,51.8335695552471,75.1240257184292,102.84796944547102,47.40008199138737,16.10319351672679,20.794715385395545,11.411671648058032
Lesen,179,11.090558115186878,11.268860205967519,10.912256024406238,62.972566630870446,51.45941629987111,74.18485831902635,96.43810690860965,51.93160972944303,15.65446710018336,20.047148062794296,11.261786137572425
Lesen,181,11.208954082403165,11.223849947484709,11.194058217321622,55.68996192055333,50.903630652386624,77.21049733712664,95.35594960331315,59.06504507094013,16.09725413136123,19.60175584326258,12.59275241945988
Lesen,183,11.280568152450773,11.821519967029815,10.739616337871732,59.809082580416884,52.022868224280884,78.58529221058632,104.16282523776276,53.00775918340989,16.499802427655514,20.630565299502237,12.369039555808788
Lesen,185,11.712512533408667,12.144276491703168,11.280748575114163,59.11055783626588,52.972467638700024,79.12824211572402,98.6794316087014,59.57705262274662,16.864825856396777,20.82364725782462,12.906004454968931
Lesen,187,10.97780088158911,10.897976475463041,11.057625287715178,61.152333809499076,52.01137003970465,77.73655064388532,103.15316188725365,52.319939400517015,16.851701990698327,18.911203503152052,14.792200478244604
Lesen,189,10.290087015421205,8.872520456436556,11.707653574405855,60.441703211051625,53.56691375457311,82.60382905916124,99.32783567388114,65.87982244444134,14.372919922939392,12.674529481258086,16.071310364620697
Lesen,191,10.550363517958385,10.036084920659212,11.064642115257557,63.82437285227681,54.70569107957688,81.49360229712283,102.491641723188,60.495562871057665,15.95464851104597,17.98938396802167,13.919913054070271
Lesen,193,10.30692890316339,9.92585411598552,10.688003690341262,61.19655586151195,52.08214930525319,79.70674686156934,102.24466029066606,57.168833432472624,13.696694247553175,14.532106347209634,12.861282147896718
Lesen,195,11.596119977110334,11.509527142212205,11.682712812008464,62.956460113425315,53.805665945061655,78.72172747621218,100.95078838915548,56.49266656326889,16.654620174188654,20.091779607319314,13.217460741057996
Lesen,197,11.453225703424861,9.121745086800022,13.7847063200497,59.774258328722986,52.44559590599469,75.21225966891785,93.15714115751165,57.26737818032407,15.251961472700977,13.650037335145775,16.853885610256178
Lesen,199,11.579183689221738,10.705324102748213,12.453043275695263,58.56048001902106,49.54795827704761,72.72851247029877,99.74414739772385,45.71287754287368,19.311096449624056,20.667933641813946,17.954259257434167
Lesen,201,11.857391036164444,10.878493898168824,12.836288174160066,57.4918169014949,50.24563505824023,74.44578936755224,102.81548049890448,46.076098236200004,19.775749130172176,20.24692634674393,19.304571913600423
Lesen,203,12.834405051200603,11.7358869201829,13.932923182218307,56.2027130942577,54.92274040851057,73.66007324635851,102.428138782407,44.892007710310025,21.393670597841883,22.70352289017856,20.083818305505208
Lesen,205,12.173987253299229,10.368880376015262,13.979094130583196,57.62804066611801,52.76965222416722,81.21902477507373,104.10123825491394,58.336811295233524,19.34970751244299,17.13301231492794,21.566402709958044
Lesen,207,11.919371244701308,10.659146747203128,13.179595742199488,57.541278410494975,55.08448987707359,77.83083173389221,106.70250146591233,48.959162001872095,19.139627115962142,21.1225775370284,17.156676694895882
Lesen,209,11.09448640226838,8.10038718811187,14.08858561642489,54.9307448240556,51.40469428653969,74.39711813322319,95.7651870579945,53.029049208451866,14.159842299947869,11.674889332665106,16.64479526723063
Lesen,211,11.526413891856974,9.062970625593879,13.989857158120069,56.61478009131295,50.407560832234005,77.65473688651436,91.96329269395147,63.34618107907723,15.157499005262007,12.75852530467417,17.556472705849846
Lesen,213,10.905734718013015,8.145322437134277,13.666146998891755,50.82641368078042,47.11716488371661,71.20228855259913,85.09436565890476,57.31021144629351,15.324224028464087,11.562489427241639,19.085958629686537
LiebBitte,142,13.14055138645677,,13.14055138645677,43.338171631775474,69.33702294455287,100.53760959016724,,100.53760959016724,22.576470715067064,,22.576470715067064
LiebBitte,144,12.989967392895736,,12.989967392895736,50.61068894144628,75.63055314666717,110.32615393793576,,110.32615393793576,22.511877068859597,,22.511877068859597
LiebBitte,146,13.748103093868028,,13.748103093868028,50.21844761142392,76.33437266132262,112.12693180434024,,112.12693180434024,24.70168895630388,,24.70168895630388
LiebBitte,148,13.693946508220865,,13.693946508220865,51.96282443391156,79.96464485744397,110.71316705836728,,110.71316705836728,24.34801487198193,,24.34801487198193
LiebBitte,150,15.842432587258395,,15.842432587258395,52.330602440412804,78.032163959806,95.88640624827956,,95.88640624827956,23.2463503338892,,23.2463503338892
LiebBitte,152,14.538970858428298,,14.538970858428298,53.331260444494774,75.41165284241751,92.42288615174603,,92.42288615174603,28.726318945017915,,28.726318945017915
LiebBitte,154,12.239456342182352,,12.239456342182352,47.225246321458215,71.78251902172006,70.41197449584477,,70.41197449584477,23.038221432111676,,23.038221432111676
LiebBitte,156,12.865133389922313,,12.865133389922313,50.719948685753366,74.72127286451793,62.82059888845881,,62.82059888845881,23.587281618691023,,23.587281618691023
LiebBitte,158,12.869166655339892,,12.869166655339892,49.951221237066854,68.31008809294656,62.93139148850565,,62.93139148850565,24.44954211860818,,24.44954211860818
LiebBitte,160,14.517801413411892,,14.517801413411892,54.740327944578,74.00689342554108,79.63160081057423,,79.63160081057423,27.47495786757849,,27.47495786757849
LiebBitte,162,13.924992710334918,,13.924992710334918,52.51342292833497,72.35819151069519,70.07198882872464,,70.07198882872464,25.222332193890672,,25.222332193890672
LiebBitte,164,14.627095730651671,,14.627095730651671,50.477114929465635,72.09665455344388,64.79225861764488,,64.79225861764488,26.92850086921258,,26.92850086921258
LiebBitte,166,15.129208809863579,,15.129208809863579,52.6658104172713,73.42090681090164,80.31974031451519,,80.31974031451519,28.925536760416833,,28.925536760416833
LiebBitte,168,15.26307724051598,,15.26307724051598,52.36577470695903,72.80129016878236,80.44476905560109,,80.44476905560109,28.85687800326879,,28.85687800326879
Luegen,115,15.677464852534635,,15.677464852534635,46.55269129813965,59.24646022307009,54.767463024589055,,54.767463024589055,23.94260402885712,,23.94260402885712
Luegen,117,16.406427821506686,,16.406427821506686,50.865569553374264,71.71792244904456,62.699263100088274,,62.699263100088274,28.278497233113274,,28.278497233113274
Luegen,119,16.361923572467607,,16.361923572467607,51.06837289992171,75.56418712622433,72.71003325484851,,72.71003325484851,29.151691737081265,,29.151691737081265
Luegen,121,16.45771035224458,,16.45771035224458,54.546139433843614,85.86768986406165,63.95789052851442,,63.95789052851442,28.469568685178523,,28.469568685178523
Luegen,123,14.821247258837854,,14.821247258837854,59.05887820297237,89.86110009338772,60.97688071259604,,60.97688071259604,25.36803687515915,,25.36803687515915
Luegen,125,13.308120778857175,,13.308120778857175,49.61994327137395,66.65801267832913,57.78556732476381,,57.78556732476381,22.297156011074254,,22.297156011074254
Luegen,127,15.312655150534875,,15.312655150534875,50.353776678508396,69.95846306500009,58.9512908256583,,58.9512908256583,26.079345635462523,,26.079345635462523
Luegen,129,13.277158132023372,,13.277158132023372,52.99883787329937,71.55844470264749,58.67274981681802,,58.67274981681802,23.855289981755824,,23.855289981755824
Luegen,131,12.79733341260341,,12.79733341260341,51.796244365874976,70.09603886209376,46.820138583213904,,46.820138583213904,22.064180857678092,,22.064180857678092
Luegen,133,13.92058424647283,,13.92058424647283,50.75758404767345,79.37718747297075,65.63885077862345,,65.63885077862345,24.821518904461595,,24.821518904461595
Luegen,135,15.543279979057521,,15.543279979057521,51.73664442532797,83.5899635379509,57.49727034502153,,57.49727034502153,27.424103525813013,,27.424103525813013
Luegen,137,16.454028135928617,,16.454028135928617,52.48164115230332,82.96732707317477,70.05985617228853,,70.05985617228853,29.59027301010137,,29.59027301010137
Luegen,139,16.481311293187638,,16.481311293187638,57.46720855085143,91.51943588240566,76.4423708412308,,76.4423708412308,29.488707751278913,,29.488707751278913
Luegen,141,15.380461840006847,,15.380461840006847,66.17631973469636,108.69022013070713,68.41495978698553,,68.41495978698553,25.6240491874202,,25.6240491874202
Luegen,143,13.916515140343458,,13.916515140343458,55.46151985771415,78.97944911601495,64.13256542044795,,64.13256542044795,23.887980603688344,,23.887980603688344
Luegen,145,13.27184687003255,,13.27184687003255,46.29123381698486,65.391132680715,57.566666029636586,,57.566666029636586,20.803506312849446,,20.803506312849446
Luegen,147,12.080819048369756,,12.080819048369756,43.3855694763575,57.75005123578421,39.40529506375892,,39.40529506375892,16.22370776124152,,16.22370776124152
Muell,116,10.147767055049313,,10.147767055049313,59.734078238286756,83.69753847179037,88.43818393006016,,88.43818393006016,11.49667422337911,,11.49667422337911
Muell,118,11.239463357620776,,11.239463357620776,60.0208539185515,85.01600479246763,83.68134033591072,,83.68134033591072,13.174033792412732,,13.174033792412732
Muell,120,10.966786630101602,,10.966786630101602,58.108818959617494,82.06646986976845,71.73020104192369,,71.73020104192369,11.985578209716188,,11.985578209716188
Muell,122,12.139973762951577,,12.139973762951577,62.2914047916604,90.6759406495001,79.70590123425377,,79.70590123425377,13.535142995693896,,13.535142995693896
Muell,124,12.217355011324054,,12.217355011324054,59.798722024721926,89.83451837510057,75.24151345282378,,75.24151345282378,13.626084834036345,,13.626084834036345
Muell,126,11.930800026146988,,11.930800026146988,54.18426850245313,73.19114123733164,85.13471507798921,,85.13471507798921,16.28672731178176,,16.28672731178176
Muell,128,10.240414377725056,,10.240414377725056,71.39987324422226,104.91965698378222,122.15358374257495,,122.15358374257495,21.826837930924242,,21.826837930924242
Muell,130,16.044544620073612,,16.044544620073612,63.51889384461319,93.93753740805337,116.12769992758761,,116.12769992758761,19.332040078439405,,19.332040078439405
Muell,132,18.367491044166385,,18.367491044166385,62.304879862654566,94.48141052839367,94.47807250358998,,94.47807250358998,22.823126214071603,,22.823126214071603
Muell,134,16.782328128957996,,16.782328128957996,54.79050732256234,81.72986524544,90.22726344698108,,90.22726344698108,25.626546301925575,,25.626546301925575
Muell,136,15.40933124908117,,15.40933124908117,45.5536804592084,69.03355651823578,80.91657215142682,,80.91657215142682,23.527408076896627,,23.527408076896627
Muell,138,16.505541981269765,,16.505541981269765,58.3057208137582,91.63334503488794,103.37866660729424,,103.37866660729424,24.107868867337604,,24.107868867337604
Muell,140,28.17405861647022,,28.17405861647022,51.03682557820614,82.2644028459092,107.7540199621612,,107.7540199621612,38.060470602816764,,38.060470602816764
Muell,142,28.105800385419183,,28.105800385419183,49.108346645299214,81.43533182689318,98.98328151099759,,98.98328151099759,38.74520801172221,,38.74520801172221
Muell,144,27.629462424641368,,27.629462424641368,46.73038474642051,76.05458552697291,96.05917198547543,,96.05917198547543,36.71807028924853,,36.71807028924853
Mutter,138,12.404465114185998,,12.404465114185998,54.25388644937437,70.75750081484004,47.804463873704016,,47.804463873704016,18.633726414843974,,18.633726414843974
Mutter,140,13.133089898046286,,13.133089898046286,56.65612791797978,74.55884338420296,53.40910315992998,,53.40910315992998,21.51175101885614,,21.51175101885614
Mutter,142,12.936354080522982,,12.936354080522982,52.213430440024666,68.95680745599304,57.38622289680818,,57.38622289680818,21.412137477179932,,21.412137477179932
Mutter,144,12.743544346050134,,12.743544346050134,58.0798558642509,76.11916448773252,44.40188396236152,,44.40188396236152,20.00810548596343,,20.00810548596343
Mutter,146,9.173835223408798,,9.173835223408798,60.105564296116846,79.20328807198145,45.290341599299516,,45.290341599299516,16.454166312702192,,16.454166312702192
Mutter,148,9.065816958463518,,9.065816958463518,60.241955547371745,83.91572649700375,44.32454372665995,,44.32454372665995,16.26667372904685,,16.26667372904685
Mutter,150,9.555901716969693,,9.555901716969693,60.03262185176847,92.36090782292275,46.5295660829637,,46.5295660829637,18.81795571890905,,18.81795571890905
Mutter,152,10.64807593990597,,10.64807593990597,51.765913292214364,78.0344794014589,48.659322687684075,,48.659322687684075,19.317509175525206,,19.317509175525206
Mutter,154,10.934726851834926,,10.934726851834926,50.36185453684276,76.14625230457408,53.784516466384865,,53.784516466384865,19.329144583866352,,19.329144583866352
Mutter,156,10.186584293143023,,10.186584293143023,51.20355887808621,74.85393281916242,51.28925990714425,,51.28925990714425,19.654837941436778,,19.654837941436778
Mutter,158,10.674772331527494,,10.674772331527494,48.82689709998809,74.41460036262555,56.37911069924224,,56.37911069924224,19.928306821863732,,19.928306821863732
Mutter,160,11.603622210098496,,11.603622210098496,49.182641048960726,73.14538470900015,64.76884891928137,,64.76884891928137,23.304483736562318,,23.304483736562318
Mutter,162,11.159550989035399,,11.159550989035399,49.04416617184512,75.31897552917636,58.45189321975128,,58.45189321975128,22.232800432191862,,22.232800432191862
Mutter,164,12.32135235573535,,12.32135235573535,46.550706838745185,70.13318301582412,67.62849723187288,,67.62849723187288,24.62582798537636,,24.62582798537636
Mutter,166,11.434381907318645,,11.434381907318645,46.922037092617884,71.79108468978765,82.01722061560642,,82.01722061560642,24.048290373312046,,24.048290373312046
Mutter,168,12.353535252259622,,12.353535252259622,50.746827590491066,72.97845647715202,84.3475699745451,,84.3475699745451,23.67128401041673,,23.67128401041673
Mutter,170,12.860395615389818,,12.860395615389818,54.94212874248206,76.6507915834698,66.91600680478818,,66.91600680478818,25.321862912324015,,25.321862912324015
Mutter,172,11.532653201384225,,11.532653201384225,56.47505030628711,75.9071475545842,64.03999832133066,,64.03999832133066,23.57713567186096,,23.57713567186096
Mutter,174,11.56626655564514,,11.56626655564514,56.60470613428782,75.099984935571,61.506196417200535,,61.506196417200535,22.328062072698046,,22.328062072698046
Mutter,176,11.549845108565885,,11.549845108565885,56.61465694111656,80.07455233688847,65.32998632854836,,65.32998632854836,21.894637356232685,,21.894637356232685
Mutter,178,11.127559266497759,,11.127559266497759,54.08489956225835,79.50086928756848,76.55265064809349,,76.55265064809349,22.595357381574132,,22.595357381574132
Mutter,180,11.640749177049889,,11.640749177049889,55.81328455081227,77.96052552708676,66.60986745235662,,66.60986745235662,22.322704487726284,,22.322704487726284
Mutter,182,11.048113727103035,,11.048113727103035,50.65398163295614,71.667206723359,75.01151225763769,,75.01151225763769,20.71284483676432,,20.71284483676432
Mutter,184,8.668788365705458,,8.668788365705458,48.16965633791177,71.49829486502269,74.50515428192263,,74.50515428192263,14.644979392727029,,14.644979392727029
Naehen,113,14.577637440516765,17.600533554927967,11.554741326105564,55.282326433643966,43.63934049751689,55.05118219575004,56.201100728978595,53.90126366252148,22.258866195839225,25.210276504338243,19.30745588734021
Naehen,115,16.46387015588136,19.163620911282482,13.76411940048024,56.87572387616471,46.780339303802315,62.340023177694206,61.85524109951268,62.82480525587574,24.32580409295995,27.66932082854945,20.98228735737045
Naehen,117,17.280674890706784,18.508927020674495,16.05242276073907,56.73785103787703,46.819277872385946,60.57222405008095,58.851554572289764,62.292893527872124,24.719538270293373,26.714457649167468,22.72461889141928
Naehen,119,17.17711446673187,18.826677456211307,15.527551477252429,54.807803051943154,45.5409042985,61.898833638467046,58.895460996651295,64.9022062802828,24.95603369932903,27.128519113489144,22.783548285168916
Naehen,121,16.9774261029119,18.185016015066754,15.769836190757047,66.99538143725164,53.38965736145183,64.80433750953982,69.26797247841387,60.340702540665774,24.910644584005844,26.572202681484235,23.249086486527453
Naehen,123,17.850854590886264,19.481524846202777,16.220184335569755,59.80522431064681,46.39957416873733,59.37334649907629,57.48668928649309,61.2600037116595,25.50777795626461,27.589150089436053,23.426405823093166
Naehen,125,17.504047017624682,19.343161825077136,15.664932210172227,63.79328895979899,48.4813970123707,60.2742115744347,62.06536696321615,58.48305618565326,24.486757367562273,26.59286524105195,22.380649494072596
Naehen,127,16.928165277738024,19.009094046554605,14.847236508921448,56.02615460620337,45.395011308465236,59.323830650741485,54.481212250570714,64.16644905091225,21.352259506650142,25.933959350491186,16.770559662809095
Naehen,129,14.898375277176246,18.033264838684406,11.763485715668086,57.29169964935709,44.63711543714218,50.83151024703291,48.175642299228464,53.48737819483735,20.737184571306734,24.425000010153656,17.049369132459812
Naehen,131,14.863293034592596,18.572363668765718,11.154222400419474,51.44870339706776,40.997279549976426,46.393057532383324,46.617513526863206,46.16860153790345,20.172065618424107,25.565184832609848,14.778946404238365
Naehen,133,13.610854672877334,17.595042051679304,9.626667294075366,53.762501217031456,40.66252849151432,45.2223259827637,47.08857475439558,43.35607721113182,18.890084315829547,25.304367294771385,12.475801336887711
Naehen,135,14.285806634168647,18.379493196094224,10.19212007224307,53.68691906574281,40.80207977878544,48.01750294188119,45.69515953144352,50.33984635231885,18.992579518777685,25.491552055017404,12.493606982537965
Naehen,137,13.599497346064084,18.372264906537204,8.826729785590965,50.73920896782612,46.517897471213765,51.050599626517,50.08377233591307,52.01742691712092,17.934260349207925,25.424633401820063,10.443887296595783
Naehen,139,13.95956740709345,18.007648556320184,9.911486257866716,55.12629093621148,44.007733137355565,54.33942226338827,48.837994425725746,59.8408501010508,22.464173817503582,25.751973603301472,19.17637403170569
Naehen,141,14.885299901168398,18.400597646396104,11.370002155940695,52.21647423443632,47.00943233477004,56.392667164060455,54.53054530934673,58.25478901877419,24.967483867682372,26.076401393229165,23.85856634213558
Naehen,143,16.11099809186169,18.720559749062307,13.501436434661073,59.91914188185539,45.45340547347635,58.418285898559745,52.56098303838445,64.27558875873504,24.21846657341034,25.38105102556846,23.055882121252214
Naehen,145,16.139238512026196,18.139488288242934,14.138988735809455,59.61277981627861,45.56106712113795,59.384087674167986,56.696265251478415,62.071910096857565,25.691019067152137,25.904750407111642,25.477287727192632
Naehen,147,16.180539695787406,18.33416698724637,14.026912404328444,63.92409957150856,44.333050268325735,55.440428470878764,52.37659123173761,58.504265710019915,25.23795389702432,26.629714951297103,23.846192842751538
Naehen,149,16.35356328893456,17.83990614252621,14.867220435342908,63.50006110047747,46.69243767337384,50.22612600051872,45.484143004697906,54.96810899633953,23.815632471015878,24.334012077321237,23.29725286471052
Naehen,151,16.647044936669534,18.930586303098885,14.363503570240185,58.96658683974481,46.40202798395055,60.48206692797973,51.406616731781476,69.55751712417799,21.261463196887462,25.630284023529825,16.892642370245095
Naehen,153,17.06108812613795,18.614090587354287,15.50808566492161,60.84247470113601,45.33005182651778,52.363723525803174,47.436948444291836,57.29049860731451,21.871142246481895,24.512350945964226,19.22993354699956
Naehen,155,15.88199052973727,19.308389843090893,12.455591216383645,57.12925541392629,43.97891153619883,51.6496192302713,45.462043654287676,57.83719480625492,21.275102359593276,25.826083958396357,16.724120760790193
Naehen,157,15.460061976437554,19.08399672829248,11.83612722458263,52.28949926395297,41.54072749157333,47.36543990916498,42.3373937597008,52.39348605862915,20.719709930278512,25.94345258140399,15.495967279153032
Naehen,159,15.228245331162736,19.09764823926554,11.358842423059935,54.29276293161345,40.03480945060967,44.23996777115071,43.475837545367575,45.004097996933844,20.33818706875858,26.471589374091046,14.20478476342611
Naehen,161,15.030479309975089,19.99308357564074,10.06787504430944,50.17411109730989,38.59158367295149,44.11927290166955,44.309849649321265,43.92869615401782,19.42559674433325,27.36285627804769,11.488337210618814
Naehen,163,14.084061631664026,18.969909103362014,9.198214159966039,47.926404405584556,42.328326322827714,48.11905075794975,47.735742520454544,48.50235899544496,18.712395538244614,26.234602684051872,11.19018839243736
Naehen,165,14.533883430452253,19.778999130772807,9.288767730131697,48.973092031080995,41.731834131418864,49.94435425189071,49.20710448775541,50.68160401602601,18.715118544136175,26.743455495500243,10.686781592772107
Naehen,167,14.079127741900898,18.49678631774227,9.661469166059526,49.79915479949098,40.228200936445404,49.07581036077278,50.186586183239115,47.96503453830644,21.58964958877524,25.143925867861384,18.0353733096891
Naehen,169,14.539751433902339,18.35566707180243,10.723835796002248,57.5913393179728,41.0589151021086,53.16773486659043,51.875963110133846,54.45950662304701,24.839237244876717,26.09010690376672,23.588367585986713
Naehen,171,15.250790126386413,18.012219769956136,12.489360482816688,51.905857397821585,43.922294272175165,54.47488369758381,52.29907929087513,56.6506881042925,24.011173710863787,24.655424073494277,23.366923348233293
Naehen,173,16.20484631058841,19.229951251362177,13.179741369814645,52.53312986578047,41.32759552401486,54.395824997719735,49.65603010569433,59.13561988974514,24.877234362825458,26.360940113115685,23.39352861253523
Naehen,175,16.26164029111458,18.64240575215416,13.880874830075001,52.7625744630021,40.388784641780944,50.883194092670415,47.16599621169144,54.60039197364939,24.690883128001644,26.45116372248702,22.930602533516264
Naehen,177,17.267835352875466,19.671411990007318,14.864258715743613,55.921280365842314,41.61504250618504,54.65684800797402,50.5256075499017,58.78808846604633,25.036207324340534,26.48383367757969,23.58858097110138
Naehen,179,17.475436818297055,19.885161299363524,15.06571233723059,56.8622606776879,42.29015130430934,53.54137555972916,48.962857078400035,58.11989404105828,24.735796795750176,27.42325887309774,22.04833471840261
Naehen,181,17.859762151706896,20.325004384630493,15.394519918783297,58.08052980694546,42.16602716528124,56.8025893599135,54.712957965838385,58.8922207539886,25.551610748115294,28.879758542262607,22.223462953967985
Naehen,183,17.034826256920987,19.319044935096453,14.750607578745521,61.393396498958225,45.46714873451209,52.879587283607684,52.16806721758035,53.59110734963502,23.11375948652443,26.24608211974939,19.98143685329947
Naehen,185,15.893900781344271,19.43798129805963,12.349820264628914,56.94454666996198,41.395910662293986,53.22988895166236,51.900389246245446,54.559388657079275,21.260029715222622,25.83501634399308,16.685043086452165
Naehen,187,15.759477205499085,19.89354914785101,11.625405263147158,61.35299729343939,46.022241703194865,58.039444928333495,59.32306891940279,56.7558209372642,22.07999524438148,26.359118742497483,17.80087174626548
Naehen,189,15.44774909370123,19.094313778558416,11.801184408844046,52.91675691238767,41.598246474902545,51.356777154897884,51.81670297747492,50.89685133232086,20.919493265253774,25.98693393215401,15.852052598353536
Naehen,191,16.624964567849844,20.456237485711693,12.793691649987995,54.61995032158164,41.81545430711878,53.177903057861535,53.14341888287604,53.21238723284703,22.727734685423147,26.68310188027062,18.772367490575675
Naehen,193,16.316717149072588,20.466577206827893,12.166857091317283,50.768087874975635,39.28380196623173,49.80556477233483,49.711751253606415,49.89937829106326,23.29930121904381,27.715498839765115,18.883103598322503
Naehen,195,15.99565169978355,19.571866517453103,12.419436882113999,55.15650115806667,43.126282341516394,56.41316944726712,53.02672517529183,59.799613719242416,23.958166699752496,27.045327170524086,20.871006228980907
Naehen,197,15.717801616457141,18.752922695285356,12.682680537628926,54.51932551463138,40.96953011179353,52.39242667964464,50.60649780130378,54.178355557985505,23.49695114347366,25.25246484670707,21.741437440240247
Naehen,199,16.028694601787425,18.98113148230677,13.076257721268082,54.38545003574242,41.65062779978781,54.23561189814947,53.20168554682976,55.269538249469186,23.925985958442013,25.567714487138204,22.284257429745818
Nebel,118,11.607832031096564,12.630808072000093,10.584855990193036,35.60227772643949,38.304023119353076,44.5148473220155,37.18314276945643,51.84655187457456,17.757251837360055,19.280097791817525,16.234405882902585
Nebel,120,10.965457496862888,11.532088479031753,10.398826514694022,35.00260614043343,34.538839479262755,41.25169265126286,35.24295666085365,47.26042864167206,17.520427284888008,18.722765163330997,16.31808940644502
Nebel,122,10.533313420718198,11.626697970606136,9.439928870830258,41.080509234947094,35.37483539766262,45.40760854372279,51.1839835254261,39.631233562019474,17.840796216049092,18.580034603005753,17.101557829092435
Nebel,124,10.717256873193353,12.30145595137515,9.133057795011558,47.145797058245975,36.414730785803016,49.52716873699597,53.53864131354263,45.51569616044931,18.93196610531028,21.749419609079563,16.114512601540998
Nebel,126,9.821534819140123,10.994165290349951,8.648904347930296,51.94918419693451,42.21605288504017,48.450954654117005,52.55803887929554,44.34387042893847,16.856963313404066,18.325679542995946,15.388247083812189
Nebel,128,8.445005500497214,8.613281543349414,8.276729457645015,53.90833709485654,45.66183557520422,48.86086635946586,49.69725375328728,48.024478965644434,14.229039839837592,13.723588023378381,14.734491656296802
Nebel,130,7.865338858576034,7.840664062328457,7.89001365482361,55.61765851509519,42.20344462750184,62.295973196326635,63.92928416725709,60.66266222539618,14.183796139045622,14.137425440126037,14.230166837965205
Nebel,132,8.15682720084453,7.886313027804804,8.427341373884257,55.96817403636545,42.5730726547587,60.1941287301742,59.78510534419177,60.60315211615662,14.989478307413858,15.93271993727137,14.046236677556346
Nebel,134,8.351645273744053,8.253480546826772,8.449810000661333,55.36767151917354,44.016911192260004,56.30479139234242,53.10357174529768,59.50601103938717,15.187893121847736,16.067375675568808,14.308410568126666
Nebel,136,8.795961174619928,9.41312282504007,8.178799524199786,53.96486318239535,42.10996500428501,55.51442528174579,50.84318548336513,60.18566508012645,14.820619240517704,16.130564836722975,13.510673644312433
Nebel,138,8.968899572240389,10.157107285610785,7.780691858869995,49.939357345600904,42.51383381539662,56.11012011549993,49.18119497572045,63.03904525527941,14.702486129128854,16.12239803132538,13.28257422693233
Nebel,140,8.498686047881147,8.948761214243524,8.04861088151877,46.37066489992951,43.09854870293781,47.178906470031926,38.834187288276574,55.52362565178728,14.227352724673352,15.103317452793778,13.351387996552925
Nebel,142,9.386170337090475,10.76703590198304,8.00530477219791,49.28408898304972,48.337979948128016,49.2702822528448,38.94014790119596,59.600416604493645,15.275975950757815,16.423018619738972,14.128933281776655
Nebel,144,9.126959262194314,10.244571972145556,8.009346552243072,40.48712405742783,44.67150799290566,47.89353961799773,40.379312003129435,55.407767232866036,15.06285127972012,16.45471108414115,13.67099147529909
Nebel,146,8.655787295152829,9.71080543933277,7.600769150972886,44.84973208515642,56.225889356204775,46.6954584629686,36.10618337869761,57.2847335472396,13.80602088439635,15.381812399164879,12.23022936962782
Nebel,148,8.154751885640003,9.32012949558467,6.989374275695338,38.20701515194446,43.1211594050991,43.29631417339409,40.44649098862479,46.14613735816339,12.780961559282085,14.340045635929407,11.221877482634763
Nebel,150,8.61615883581893,9.986829460030746,7.245488211607114,47.57004956153265,43.64466219034965,47.645882993106156,44.769407742658395,50.52235824355392,13.079313454276516,15.41814341775982,10.740483490793212
Nebel,152,8.555424859638784,10.006527522731071,7.104322196546498,44.25510130719834,41.56358401470082,48.0812685971666,48.25902700888143,47.903510185451765,13.043567019833743,15.666785100228578,10.420348939438908
Nebel,154,8.373537735619898,9.337488825520174,7.409586645719622,51.65525244687988,48.09586193965172,45.3787820457729,49.17122586844655,41.586338223099254,12.862844510570909,15.310279169481756,10.41540985166006
Nebel,156,7.670867955473765,8.403710706255842,6.938025204691688,53.633849716058776,46.96848519775282,47.06653034243655,47.46124664084263,46.67181404403048,12.723338719259136,14.600887890950132,10.84578954756814
Nebel,158,7.579005141759222,7.763411474936879,7.394598808581565,52.804934188295036,45.203264382736016,53.750749392193825,52.58807134176949,54.913427442618165,14.379285581133747,15.636761049787046,13.12181011248045
Nebel,160,7.878069183344854,8.127167193845345,7.628971172844363,59.418151516843125,49.686399206602324,56.65539266253346,51.2854106258754,62.02537469919151,14.296370450439248,16.40209798406462,12.190642916813873
Nebel,162,7.9406784281889955,8.104020145177822,7.777336711200168,52.90638818875115,44.564688397073276,61.79163955245579,58.592162567533585,64.991116537378,16.032983154093344,17.3805580221829,14.685408286003785
Nebel,164,8.138254115047522,8.559089131829301,7.717419098265743,52.113127604010074,43.357819296232435,61.4275256693504,57.95999507268696,64.89505626601384,15.779369163290045,18.536397086596622,13.022341239983467
Nebel,166,8.130836971337663,8.722444009835746,7.53922993283958,56.42041914780322,46.95594354787831,52.53046615537069,45.67811232301358,59.38281998772781,15.427956624940915,17.283513334195014,13.572399915686816
Nebel,168,8.018132600372338,8.888676469533342,7.147588731211334,62.43068777878915,48.166522236543905,52.38347409062873,42.74224298766792,62.02470519358954,14.38882511028853,16.26483884111336,12.5128113794637
Nebel,170,10.204448707911506,11.374817595853022,9.03407981996999,50.46557638144155,40.59104577503014,50.788582452159716,52.1994839721705,49.377680932148934,16.212977432470105,18.413864940767844,14.012089924172361
Nebel,172,8.171162996016216,9.150242061598034,7.192083930434398,50.14329358620554,44.06113831835952,52.371533394534914,54.49670062752904,50.24636616154079,13.705423865499325,15.813522763250647,11.597324967748003
Nebel,174,7.956985232798177,9.13386270415074,6.780107761445613,54.1267603934978,46.04125339612399,53.070337728554364,50.24365108701944,55.89702437008929,13.095306402186454,15.310475806314502,10.880136998058406
Nebel,176,7.6534327964101525,8.285094441477327,7.0217711513429775,47.57985785775637,42.99089739283272,49.16879933015545,48.121428735745056,50.216169924565854,13.15560018894573,15.098710157440037,11.212490220451425
Nebel,178,7.8039513526601025,8.602343152616712,7.0055595527034935,46.75958491204073,40.50025695171963,46.09354071402079,47.77826186898698,44.4088195590546,12.782584317829862,14.912316697471976,10.652851938187748
Nebel,180,7.572668549950544,8.259946989843733,6.8853901100573545,45.91725045484817,41.37857730005131,59.202773316983425,64.50163996463539,53.90390666933147,12.291731614880861,14.463054562642133,10.12040866711959
Nebel,182,7.554375147502671,8.083444179760319,7.025306115245023,50.461305983486234,40.539458557937486,56.78918359143414,56.35858173180044,57.21978545106783,13.18455933402824,14.8122882472064,11.556830420850078
Nebel,184,8.371283466466705,9.019083634698536,7.723483298234875,45.584331484086114,39.99752387132909,60.636085295709336,62.11893388048783,59.15323671093084,13.8719468489749,16.330188271932773,11.413705426017028
Nebel,186,8.214004814610046,8.280072535719151,8.147937093500941,47.62033589136545,45.01809919331127,63.92238552887276,61.67431157460028,66.17045948314524,16.715107499587077,18.106165885308716,15.324049113865435
Nebel,188,8.005296902427556,8.451913635483772,7.558680169371342,47.420331957223276,39.375212038221946,62.05558641887316,57.37263213205129,66.73854070569504,17.337117360581114,18.751678621114447,15.92255610004778
Nebel,190,8.508988890537571,8.914480556425755,8.103497224649388,54.92684356721545,45.31893192127709,59.24642427338429,49.42410843534619,69.0687401114224,19.30791772255447,19.832547939100216,18.783287506008723
Nebel,192,8.817964457204052,9.075528483411487,8.560400430996616,55.844068381466855,48.868635579707636,63.26281576772719,52.35857467557336,74.16705685988103,20.72800070693033,20.69720153070498,20.75879988315568
Nebel,194,8.589880940691916,8.61168292902285,8.568078952360983,43.221679035968805,45.75192217078751,68.14111369514417,59.60884028776622,76.67338710252211,19.94662805934368,19.29960323427446,20.593652884412904
Neu,108,12.183801685909334,16.260118714609764,8.107484657208905,52.0182362963527,44.62443582742382,71.62939842577234,55.98196147567018,87.2768353758745,14.808005313739152,20.622480576078846,8.993530051399459
Neu,110,11.519728973705458,14.915585320013966,8.123872627396949,58.06433556140203,43.51064441239522,65.53553818756592,52.83299742077394,78.2380789543579,13.799267758613615,19.245143375532958,8.353392141694272
Neu,112,12.830316513730278,15.383577452723438,10.277055574737117,62.368227833523555,47.20960298905477,70.59616815429791,70.67561829936477,70.51671800923107,17.421462468825652,20.362504073530726,14.480420864120582
Neu,114,14.345409242069731,17.938404789960913,10.752413694178548,68.07182559359214,50.66798993205751,71.34315427168627,62.17995947251508,80.50634907085747,18.730637227549792,23.08700804142048,14.37426641367911
Neu,116,14.045016079779504,17.42665997652653,10.66337218303248,58.66008856127944,44.35271310203275,56.00421009805329,42.220272251687426,69.78814794441917,20.01838920530133,23.523481585740274,16.513296824862383
Neu,118,15.091259921465035,18.669864799187724,11.512655043742347,60.29933341211742,45.459200703652286,59.60555633452608,41.91845424998512,77.29265841906704,21.722899069625253,25.18093673056966,18.264861408680847
Neu,120,14.801756736865128,18.078149373533112,11.525364100197145,61.31614118283797,43.99355470150601,56.202373142779436,40.50267220047721,71.90207408508167,20.625199111353574,24.414062905372766,16.83633531733438
Neu,122,15.144878879292076,18.333231857260326,11.956525901323827,56.812493678581326,43.07891790673485,54.267861286270005,43.702991790833785,64.83273078170622,21.15319372543429,25.801819399629476,16.5045680512391
Neu,124,14.982715879191984,17.772128548124524,12.193303210259444,55.068183337091185,42.60605528808877,54.872069716108555,45.6388001571287,64.10533927508841,20.51966025162477,24.698182846426487,16.341137656823054
Neu,126,13.549934088849604,15.801998193476326,11.297869984222881,55.158750872612714,42.72599497258112,56.61595715571762,46.57515618270706,66.65675812872819,18.554428589437222,22.524297211096123,14.58455996777832
Neu,128,13.819309959693804,16.784336334630307,10.854283584757301,56.56922889614317,42.38786391725176,54.46270508077198,43.52863244630789,65.39677771523607,18.60811086384907,23.282474867540596,13.933746860157548
Neu,130,13.86082563936315,16.384426049214646,11.33722522951165,57.596788015409615,42.94229749151426,52.881396846706686,45.04134944615836,60.721444247255015,19.22758063692737,24.11455798465959,14.340603289195155
Neu,132,13.903422852062793,16.501026693303455,11.305819010822129,55.711686138396345,42.52998211263365,59.669647138632385,44.70616428563603,74.63312999162875,19.902323310949093,23.896164178184105,15.908482443714078
Operieren,199,12.95164823126008,15.496300335730046,10.406996126790112,56.99664364055941,43.49191001865376,57.43254489835047,51.06377754049454,63.8013122562064,22.220154340397194,30.056626795645634,14.383681885148757
Operieren,201,12.477543267937216,14.823594640224707,10.131491895649726,67.07009160873395,45.897404678667414,50.37907077670295,45.637224032297695,55.12091752110821,21.931814479391427,29.360443433686697,14.503185525096157
Operieren,203,12.538128324756475,14.742492198755796,10.333764450757155,57.25549751970416,41.653281238873014,53.086107863135254,44.10663533376133,62.06558039250918,21.85394599424516,29.389014457377723,14.31887753111259
Operieren,205,12.593155744808364,14.736830837485146,10.44948065213158,54.979654283741624,40.721299345610255,50.0146982218312,43.353784623108204,56.6756118205542,21.773255943538647,28.536758752084168,15.009753134993126
Operieren,207,12.258348129760984,14.269578529402427,10.247117730119541,57.41889968130758,41.20636092609073,47.62890511676061,42.458832015158436,52.79897821836279,21.069675091037666,29.08176388102965,13.057586301045685
Operieren,209,12.008480769354666,14.348376811820378,9.668584726888952,56.171333635074355,41.40414742476775,49.93462510133392,47.54755866827645,52.321691534391384,19.7003880547721,27.887961319065415,11.51281479047879
Operieren,211,12.079471974475293,14.28658564142958,9.872358307521004,53.15372955060545,40.441651732729795,52.38609895618191,50.60321898065127,54.16897893171255,19.06225975033466,27.13375792146893,10.990761579200395
Operieren,213,12.116175735396821,14.935492289351366,9.296859181442276,46.0507483209464,38.184793025737704,50.03372031143266,50.72409139289518,49.34334922997014,19.618725501457078,28.606407879264232,10.631043123649928
Operieren,215,12.123233429097848,14.705533562732292,9.540933295463402,49.91460254632151,36.20543091128074,45.9029542451087,45.33404093500531,46.4718675552121,19.960144326415517,28.366612546734707,11.55367610609633
Operieren,217,12.410969442390158,14.881919802187236,9.94001908259308,59.149456824731274,41.60712713056649,53.07141570014565,51.01303572414872,55.129795676142585,20.322571313203614,28.02578633392893,12.619356292478296
Operieren,219,12.267557831139364,14.56458686296272,9.970528799316007,57.42850495719021,41.17610216773695,53.97292363045773,48.99518439272447,58.950662868190996,21.33721506171333,28.991887086269795,13.682543037156863
Operieren,221,12.289135919092548,14.747707703697177,9.83056413448792,52.512696264107724,37.78153814410813,48.210282179281045,46.3748556303799,50.04570872818219,19.853472886013222,27.92270156591698,11.784244206109467
Operieren,223,11.97038961553925,14.422683537898767,9.518095693179736,50.31536789408286,37.06627645164887,46.39599593530299,45.64872354647091,47.14326832413508,19.249432124147383,26.650074352373313,11.848789895921449
Operieren,225,11.62743664974029,14.18446238648653,9.070410912994047,54.453265151716806,38.18355296119253,49.70325438870769,47.344618450280244,52.061890327135146,17.688540087809525,25.62190337324369,9.75517680237536
Operieren,227,11.429701295924808,13.986945004157144,8.87245758769247,55.318237456755725,37.635602213303954,48.30907005606129,45.85488690054106,50.76325321158152,17.980692836590514,26.28409957180741,9.677286101373616
Operieren,229,11.779234771964912,14.26083049775238,9.297639046177443,49.18070826526804,35.82733935933787,44.87862956093425,43.559917533597385,46.197341588271115,18.724999600386823,26.31964635791692,11.13035284285673
Operieren,231,11.882591833884396,14.227469229815918,9.537714437952873,51.76653625823265,36.120048251983064,47.32916097987584,47.76349607533379,46.894825884417884,19.03521387335335,26.521993193566605,11.548434553140096
Operieren,233,11.848206894880883,14.440222520314398,9.256191269447369,50.04220671275954,37.709980409017454,47.613378706162976,46.09481552832906,49.1319418839969,19.19990590073028,27.117528443407288,11.282283358053268
Operieren,235,12.02656248265146,14.331634729385955,9.721490235916963,48.08491569386008,36.569799811635676,47.72239454131784,47.31799753141148,48.12679155122421,18.81219882957726,25.942114993013384,11.682282666141136
Operieren,237,12.182956023607069,14.475058601580924,9.890853445633214,50.50833402457238,39.59736940815006,47.75032792199046,44.26915042324564,51.23150542073528,19.259334585531843,25.89654899890425,12.622120172159436
Operieren,239,11.625623485570777,13.905492620303137,9.345754350838417,50.1450418380152,38.95796779900363,50.479723019059335,50.5403078874738,50.419138150644876,17.87978554802075,25.806181510537314,9.953389585504187
Operieren,241,12.099516388596932,14.907711271675208,9.291321505518654,51.846748345403014,38.70083868495316,48.96762703927433,47.443214568094575,50.492039510454084,18.763910221119144,27.211928022732977,10.315892419505309
Operieren,243,12.120104439180906,14.864735684776607,9.375473193585208,50.19227185866605,38.652358627364414,48.09098061886047,45.48678331802935,50.695177919691595,18.789761311055926,27.22452955595941,10.354993066152444
Operieren,245,12.125383219680288,14.70113763206638,9.549628807294193,53.31206045664099,38.926806523571855,50.831774967508366,47.74740894573604,53.9161409892807,19.283247600235683,26.74243229397456,11.824062906496808
Operieren,247,12.07350806235181,14.666150858082219,9.480865266621402,53.701328096553524,38.035769668613476,49.45244493321182,46.54971004487501,52.35517982154863,19.535778976565748,26.786042115982646,12.285515837148852
Operieren,249,12.256926419524573,14.78171263067061,9.732140208378537,52.004330694479584,37.49814873349025,49.67633304942267,47.57177586415713,51.7808902346882,19.173733390095876,26.557106381399024,11.790360398792727
Operieren,251,11.959666651494999,14.37844026758153,9.540893035408466,55.07923927980613,39.790959508195584,49.87309556654019,47.006419632336005,52.739771500744375,19.00552247791323,26.096871301339256,11.914173654487207
Operieren,253,12.153482777086074,14.529526266894248,9.7774392872779,48.55650647977168,37.49371927303833,48.93826665155353,48.89175597048288,48.98477733262418,18.552340631008196,25.877400578102016,11.227280683914374
Operieren,255,11.918040547350467,14.642498917769508,9.193582176931425,48.068708833647314,37.16182916428225,52.298205667234406,54.360791900514215,50.2356194339546,17.686998201392328,25.635732981432934,9.738263421351725
Operieren,257,11.847572143013164,14.363117477481257,9.33202680854507,48.20131367426274,36.679138132547706,47.43774679507527,47.7893842193963,47.08610937075425,18.655056799686935,26.43198823614522,10.878125363228653
Operieren,259,11.923439407058215,14.346099284802905,9.500779529313524,45.6504242621314,36.10579041355749,48.81943306650426,50.082813594841504,47.556052538167016,18.120717636828218,25.532889276112098,10.708545997544338
Regen,112,8.115181719038253,6.556483103428909,9.673880334647595,33.84008729269149,36.03121150118552,76.81388061549316,72.89867929026602,80.72908194072029,13.245636817734734,10.51910453550152,15.972169099967948
Regen,114,8.477986997951444,6.321272130666342,10.634701865236543,36.895899529745584,38.092280860513064,83.3322268150808,85.53802923161778,81.12642439854382,15.50054198548808,10.952452358863853,20.048631612112306
Regen,116,9.386751470889314,10.341923154809784,8.431579786968843,36.248018276725496,32.911581245967646,55.538879261564915,52.92213600410979,58.15562251902005,13.1610411700388,14.606044980658423,11.716037359419179
Regen,118,9.395735669791188,8.64958909561705,10.141882243965327,36.9051430715721,33.29914109723033,54.3361262273839,53.55432520461806,55.11792725014975,13.32846458064519,11.293449955007898,15.36347920628248
Regen,120,9.303509079663671,7.67556895046448,10.931449208862864,39.618943119418745,36.48921304053418,51.02247998045095,53.38919672954624,48.65576323135566,13.989999868495335,9.555918803935988,18.424080933054682
Regen,122,7.989719749735359,7.379386684914448,8.60005281455627,52.627029335754365,41.358646482239514,53.22278625592837,49.882384298975005,56.56318821288174,12.051213381308497,9.604309863577669,14.498116899039324
Regen,124,8.43926460908606,7.011594459598855,9.866934758573263,58.098282037368,44.70157905662075,42.48904969870088,40.841934550791585,44.13616484661018,15.67776458505944,12.117780415358315,19.237748754760567
Regen,126,9.95286786381211,8.687504769865534,11.218230957758683,56.11960384625905,45.56355284235636,53.86856662323713,51.18006008621153,56.55707316026273,22.273414028916804,21.00070846901978,23.546119588813823
Regen,128,9.946843616802155,8.471473469566567,11.422213764037746,62.30196447631684,49.80823487352524,60.892267300552845,61.50557113084685,60.278963470258844,23.68099338228685,22.374809151565607,24.987177613008097
Regen,130,10.143843729292186,7.650932448979716,12.636755009604656,63.76882722639342,58.72289236195985,79.01683409610877,69.21206378631423,88.82160440590329,24.163514639785316,20.161342354700256,28.165686924870375
Regen,132,8.83911945223812,7.924937770048382,9.753301134427854,53.646930963074645,50.965453414636535,66.64772381407406,64.18770961689735,69.10773801125075,19.910308850287187,20.21876990927885,19.60184779129552
Regen,134,7.92318320221426,6.912353917066827,8.934012487361693,50.61305651645064,44.673582392222094,68.30857037840414,56.85430742768433,79.76283332912395,16.017514879708717,14.77580957712973,17.259220182287706
Regen,136,8.113858204077896,7.207236482194928,9.020479925960863,32.508775591130224,35.929277436623885,69.69503136034008,65.07204882207246,74.3180138986077,15.285430066032774,14.285331811706643,16.285528320358907
Regen,138,7.464322241720863,7.245454756575088,7.6831897268666385,37.017925386701634,36.696062076943605,71.63832863749028,73.54540686492477,69.73125041005576,11.42725174152038,10.926447791377502,11.928055691663259
Regen,140,8.317206501744515,8.778321103899748,7.856091899589281,37.81770976367644,36.076236180837135,66.15268381047889,69.87902916696113,62.42633845399666,11.808767262165041,11.33187281755613,12.28566170677395
Regen,142,8.952026003577526,8.489865171451351,9.4141868357037,39.15065778511328,36.87126601763943,65.95255540576085,79.26135717858497,52.64375363293672,12.776418106298674,9.949280466108334,15.603555746489015
Regen,144,8.328566729747196,7.756873611475701,8.900259848018692,38.758327146894594,33.218825728810174,50.28795012623836,60.16161248995279,40.41428776252392,12.723524258779406,8.848841945729921,16.59820657182889
Regen,146,7.29095627432082,6.900317827381133,7.681594721260507,46.576714564747306,40.6145858424994,62.59391161748469,61.93255280599597,63.25527042897342,11.77116028553495,9.418462592877434,14.123857978192465
Regen,148,7.491858801875552,6.885617323547418,8.098100280203687,51.67574647742334,41.585523372845465,33.92755348096358,19.627326782665836,48.22778017926132,13.94369587318131,13.50226929700167,14.385122449360951
Regen,150,8.392990174063499,7.7541801737655724,9.031800174361427,55.47626194008073,41.413433097254874,36.75012537820455,31.726535182537443,41.773715573871655,17.245029485131106,18.393467642757056,16.096591327505156
Regen,152,9.063854950110642,9.865477141847162,8.262232758374124,54.87097206069183,40.496638441665034,44.95909118552323,42.49519863692701,47.42298373411945,21.04347321536435,27.575047049577442,14.511899381151261
Regen,154,11.206988470756997,12.280495627411756,10.133481314102236,50.179204956793974,39.659473304629536,43.63728681818625,41.51676817887803,45.75780545749446,25.45653953242509,33.158609510292116,17.754469554558067
Regen,156,11.790574485127461,12.874024994318482,10.707123975936438,44.04419047158783,40.79230721704441,57.05429015672963,55.4349879061975,58.67359240726176,29.076206638552847,37.403607124878924,20.74880615222677
Regen,158,11.875755013882353,10.980570854945814,12.770939172818892,55.168465045937026,46.40280381849413,61.277775607878844,63.643670683974406,58.91188053178328,29.546785329214092,30.802284054131082,28.291286604297103
Regen,160,9.631296739554394,7.457980914220783,11.804612564888005,54.470839693695865,47.51437478473996,74.8746427024929,72.9428641819536,76.80642122303223,21.392993651539484,17.762468646082805,25.023518656996163
Regen,162,8.372706015152286,7.67999333013051,9.06541870017406,50.875612246281015,48.270185395398606,64.07954977145073,60.751994339054775,67.40710520384668,17.831219886826513,18.696634866252428,16.9658049074006
Regen,164,7.987328702715994,7.304939828006711,8.669717577425276,48.81858419063268,46.729192944626895,57.45561794141864,51.393762151303555,63.51747373153373,15.329847449303617,14.90718019202795,15.752514706579284
Regen,166,7.108359915322142,7.210352327995952,7.006367502648333,41.057425505722314,36.98528656659232,63.050467264368386,63.45948132485847,62.6414532038783,12.135034355578753,12.413878551524602,11.856190159632904
Regen,168,7.14530823813924,7.165312530913482,7.125303945364998,39.98676199713758,37.8420434252942,65.97513793881349,68.24951753701203,63.70075834061496,11.126136529788093,10.589308291313474,11.662964768262713
Regen,170,7.069038577382702,7.349768433000027,6.788308721765376,40.927785939117804,38.54189309353371,45.165296104058946,39.624794444256466,50.705797763861426,10.931915223599356,10.190751408212108,11.673079038986604
Regen,172,7.500721607484091,7.821640325826324,7.179802889141858,45.01741245501918,38.650229562814864,43.425852306217365,30.78254093403074,56.069163678403996,12.286336790284288,11.611420281241413,12.961253299327161
Regen,174,7.0140413649810105,6.773577946715727,7.254504783246294,46.04679569226436,40.86006989247982,36.85545112026575,27.271971556082878,46.438930684448614,11.997210041111678,10.845379675701707,13.14904040652165
Regen,176,7.1448635921176695,6.89056354820461,7.399163636030728,46.30300778470517,38.348739559410774,37.34183035755595,33.183297307760256,41.500363407351635,13.640429594562166,13.169299122900185,14.111560066224147
Regen,178,6.8902136743417,7.434796175675415,6.345631173007986,43.684558915020176,36.093128406109855,44.52961233786497,40.260249581246754,48.79897509448318,15.52441039427909,18.6000796185857,12.448741169972484
Regen,180,10.625125755540196,11.360434621999376,9.889816889081017,54.949165515669705,48.65881708590318,59.765410167319146,65.32094834295484,54.209871991683464,25.311834338569476,28.709578326200152,21.9140903509388
Regen,182,12.411272437236242,12.237110353015694,12.58543452145679,45.67185891363945,43.016913678500124,58.50250507503995,50.63142123981212,66.37358891026777,30.32128403376693,34.384423901089065,26.25814416644479
Regen,184,12.81083084100909,13.043877693821871,12.577783988196309,48.333456395372814,54.11550579126368,75.38162657088645,58.58963225833935,92.17362088343357,31.676621199844178,36.001076827156986,27.352165572531373
Regen,186,11.745992030658545,12.037961304602492,11.454022756714599,52.06423544544068,59.315739019563296,98.56855743421585,106.22519413390985,90.91192073452184,26.80589413322291,29.14366226405987,24.46812600238595
Regen,188,20.494861442899555,21.097383074267885,19.89233981153123,50.7146026162294,61.06289167199879,114.42652365644928,126.78316990664088,102.06987740625767,38.863926543099126,44.446504496636635,33.281348589561624
SauerWuetend,147,17.154913444476282,,17.154913444476282,47.38584694736621,65.29831198842386,55.77086939948114,,55.77086939948114,28.937612522311202,,28.937612522311202
SauerWuetend,149,17.586264182400814,,17.586264182400814,50.55079621835208,72.89879167132679,59.500519137563295,,59.500519137563295,31.487738633267632,,31.487738633267632
SauerWuetend,151,17.183065545542046,,17.183065545542046,48.07144141301023,66.07860661477018,60.649636541264144,,60.649636541264144,29.819840809589444,,29.819840809589444
SauerWuetend,153,14.77031619079485,,14.77031619079485,49.307501494571866,71.42921133006836,55.733634906359676,,55.733634906359676,23.015496105463345,,23.015496105463345
SauerWuetend,155,10.070047574364324,,10.070047574364324,47.404934014008006,65.5905866824694,39.97430988357039,,39.97430988357039,14.794263095697367,,14.794263095697367
SauerWuetend,157,8.284316462587554,,8.284316462587554,54.88857350894438,88.93244442890585,37.65274164912684,,37.65274164912684,11.605930647855782,,11.605930647855782
SauerWuetend,159,8.173191809762281,,8.173191809762281,55.4686492181572,84.75548160194305,27.163180336871626,,27.163180336871626,10.400444160444533,,10.400444160444533
SauerWuetend,161,8.795724776071115,,8.795724776071115,48.911171806819894,70.57619670384877,46.51542294822478,,46.51542294822478,12.183309044343657,,12.183309044343657
SauerWuetend,163,9.493489905802795,,9.493489905802795,57.79964496581879,90.68083995808182,40.10927904342778,,40.10927904342778,15.204064340291389,,15.204064340291389
SauerWuetend,165,9.984619910293063,,9.984619910293063,47.8137124890677,79.59407042914204,51.81851515263649,,51.81851515263649,12.91113962092385,,12.91113962092385
SauerWuetend,167,8.040810575300458,,8.040810575300458,55.570689201789655,90.95452487820114,37.89437079718718,,37.89437079718718,14.081324755679358,,14.081324755679358
SauerWuetend,169,8.79256847788397,,8.79256847788397,55.113093668466924,90.52808822629106,30.34349868744024,,30.34349868744024,14.830361861074069,,14.830361861074069
SauerWuetend,171,9.039884068844216,,9.039884068844216,56.913164141001715,93.77328284868395,32.218507262557566,,32.218507262557566,18.53963669166981,,18.53963669166981
SauerWuetend,173,8.349530127788443,,8.349530127788443,61.18962954874762,96.60029220205314,42.310384369695825,,42.310384369695825,17.44765375029775,,17.44765375029775
SauerWuetend,175,11.698163659940626,,11.698163659940626,55.642450340059355,88.39378739381344,46.49687673430849,,46.49687673430849,21.573789967887002,,21.573789967887002
SauerWuetend,177,12.461415056542274,,12.461415056542274,63.00265482648838,97.73637483038628,38.04642447927437,,38.04642447927437,23.586738903418606,,23.586738903418606
SauerWuetend,179,16.104622441856314,,16.104622441856314,60.03335221313985,101.16544498063364,55.842329415483235,,55.842329415483235,32.46918824915126,,32.46918824915126
SauerWuetend,181,15.373983402312167,,15.373983402312167,57.360435773564625,97.83058855429105,49.3763709537817,,49.3763709537817,29.455345137969537,,29.455345137969537
SauerWuetend,183,16.162120075038132,,16.162120075038132,53.01371443332465,85.77546865465021,66.35419373188688,,66.35419373188688,33.59592886086736,,33.59592886086736
SauerWuetend,185,16.669218884241733,,16.669218884241733,58.36797417557464,97.62874913467799,57.2422872327146,,57.2422872327146,34.57699861953227,,34.57699861953227
SauerWuetend,187,17.150926659053702,,17.150926659053702,54.147658912936514,89.68791443856132,57.011575142172994,,57.011575142172994,37.12191535482038,,37.12191535482038
SauerWuetend,189,17.12625081312714,,17.12625081312714,53.0216712082757,89.20845842845537,49.41623219484452,,49.41623219484452,36.57250628354462,,36.57250628354462
Schnee,159,11.233198481224028,10.342535386361849,12.123861576086206,39.102699167708394,42.121919972699025,71.65033605915622,73.9267585827208,69.37391353559165,17.129121177839362,15.36403285180438,18.894209503874347
Schnee,161,12.098499542334835,9.527762573300965,14.669236511368704,39.244821091071046,41.262867170475424,77.63740051757131,79.85108029135822,75.42372074378441,19.89251097892436,13.63649243627194,26.14852952157678
Schnee,163,13.651130833696962,16.779876161371778,10.522385506022147,38.83502299502563,37.82716504685196,53.37891760628351,49.12236905104661,57.635466161520405,21.318054893685236,29.935514368778918,12.700595418591554
Schnee,165,13.103382182566179,15.841455008890032,10.365309356242328,36.68343221537376,33.840325999357304,54.34459956859392,51.352175162388974,57.337023974798875,20.903478171342318,27.61042531245353,14.196531030231107
Schnee,167,11.41222038674464,14.269874203053877,8.5545665704354,37.31682815506115,33.50115522756383,41.2578988124784,41.16337513151754,41.352422493439256,18.67856005038943,24.59253744987143,12.764582650907428
Schnee,169,9.27569554538577,8.656846068063313,9.894545022708225,39.2968102191807,34.728796064208694,49.27011832605732,58.46208647792404,40.078150174190604,14.191997071973553,13.150759107218045,15.233235036729061
Schnee,171,8.901743495700448,8.246206575757984,9.557280415642913,36.939581794980185,34.17061139304679,51.279731560472,57.58679188005963,44.97267124088438,13.178439809325102,11.964374347092122,14.39250527155808
Schnee,173,7.197616918694689,7.257401755517111,7.137832081872268,37.50376780888767,39.5490490027621,42.62110330359719,40.74494500677181,44.49726160042257,10.912930321827812,10.663874479901269,11.161986163754355
Schnee,175,6.655506925201536,6.296968861500562,7.0140449889025085,35.54125300667518,35.388727435254175,43.5244560002771,44.066622731948186,42.98228926860602,10.810051409152013,9.980963342177228,11.639139476126799
Schnee,177,6.627022658381204,6.184686960319637,7.069358356442771,44.154077524639376,34.64450377590059,46.687946214380815,43.67364956888565,49.70224285987597,10.593712743045185,10.089549605336567,11.0978758807538
Schnee,179,6.693171776022094,6.570288623695125,6.816054928349064,43.27508074886794,39.51322189808462,54.12807747341766,52.54182603722381,55.71432890961152,12.45476965368599,14.821093278606812,10.088446028765167
Schnee,181,6.975835779731915,7.075826644208515,6.875844915255313,38.20531081952019,35.29233815129135,53.41559417478342,54.94559839871692,51.88558995084993,13.785939939409444,17.621723494582117,9.95015638423677
Schnee,183,6.616854194644111,7.04216174852338,6.19154664076484,39.79174501641172,35.939385684058934,49.234988286976545,52.324834958166534,46.145141615786564,13.31601644196033,17.349059174307005,9.282973709613657
Schnee,185,7.248213763472263,7.259197722471181,7.237229804473344,40.08823822627462,37.852922234745826,53.41760946391909,60.555972874085505,46.279246053752686,12.78432185207274,15.65597400571097,9.91266969843451
Schnee,187,7.084899170732454,7.290866209550787,6.878932131914122,42.10867913337765,34.39864418398381,45.51945415721592,47.31459761205753,43.7243107023743,11.930136814258939,13.020565223274076,10.839708405243801
Schnee,189,6.90590027828757,7.300393028390086,6.511407528185053,40.14782374471405,34.57753619065578,51.352163762340865,58.58613616966501,44.11819135501672,12.146130106181486,13.510192890751766,10.782067321611207
Schnee,191,7.554045609358005,7.47832012824772,7.6297710904682905,40.54682985392769,34.57763177426601,52.778186049792154,60.0421747268068,45.51419737277751,14.05894537304604,13.298212678556272,14.81967806753581
Schnee,193,7.640252639436565,7.398843819595143,7.8816614592779874,39.065318918108325,34.356893230449465,49.68871191527033,60.67177523095254,38.705648599588116,13.74742033264014,12.818085837839085,14.676754827441192
Schnee,195,8.13094575785826,8.147207707409985,8.114683808306536,43.28162762932897,36.76799460233835,47.732513622910204,46.6815362859038,48.7834909599166,15.157231170910835,13.524086590330441,16.79037575149123
Schnee,197,8.765986566249175,7.220304006717674,10.311669125780677,41.06937374416008,38.13690768077479,34.93223460761104,33.92335149840688,35.94111771681521,15.720099902464995,11.376225115296108,20.06397468963388
Schnee,199,7.075717378736156,6.615210581535149,7.536224175937163,42.61987836241158,36.68770369915293,44.35713952471515,49.08546102871792,39.62881802071237,13.544279655169586,13.222066134287067,13.866493176052105
Schnee,201,6.711756810740284,6.294830243631861,7.1286833778487075,42.161144330701056,37.261050954413264,51.684844420017114,45.83873951107051,57.530949328963715,13.072286132308811,13.204818784883471,12.939753479734149
Schnee,203,6.876710921254699,6.680395301664013,7.073026540845386,41.97798574685078,37.61695970993869,52.381971317329224,49.79085695378819,54.973085680870255,12.63727963961421,13.422828466181054,11.851730813047366
Schnee,205,6.203452700729155,6.0963761721514675,6.310529229306842,49.64231981572311,43.41359782573299,62.701460015783944,53.556750779125366,71.84616925244252,12.107484988101454,12.944295555484338,11.270674420718573
Schnee,207,6.471377165527334,5.822907549474024,7.119846781580644,49.52744106533526,41.9307956532117,54.134006463192904,48.19034425207887,60.07766867430693,12.716350380015951,12.338750529519553,13.09395023051235
Schnee,209,6.5906640726374075,6.083413099625181,7.097915045649633,48.8326487970792,43.85987083417305,65.3110933400123,56.871668785432554,73.75051789459205,14.118199281735624,13.772001789827971,14.464396773643276
Schnee,211,7.261564187109139,7.1539646634144525,7.369163710803825,53.867347546259275,43.504840362052164,64.34266122791072,56.976177029105536,71.70914542671592,16.646669087083332,18.036938122853822,15.25640005131284
Schnee,213,8.083585958174396,7.927574206669632,8.23959770967916,55.04578758978005,47.64007050770257,56.300262327637846,45.80704344131078,66.79348121396491,18.870321396928652,20.91245978385459,16.828183010002714
Schnee,215,7.633219606896402,7.5345068000053645,7.7319324137874395,52.398598611253774,48.79387060883312,78.41112483892934,66.89595375622874,89.92629592162996,17.577118793413113,19.258079067267246,15.896158519558982
Schnee,217,7.026213207932793,7.416902678131252,6.635523737734335,53.92906561585182,48.262211226501535,82.08122679773629,70.31285545493886,93.84959814053373,16.51868439837366,19.07172188516911,13.965646911578212
Schnee,219,7.046299441448507,7.393200969044634,6.69939791385238,56.32406834666221,51.83536899641415,81.82729454521866,66.0122595039874,97.64232958644993,15.455054336493845,18.40318129074993,12.50692738223776
Schnee,221,6.784645208431318,7.574961483883406,5.99432893297923,47.41789478994123,45.829214134857885,74.86022207831742,62.74438968815982,86.97605446847501,14.386497381190791,17.876224275050106,10.896770487331477
Schnee,223,7.098511389890476,7.713797961686153,6.483224818094797,46.61589447012914,48.054090437009464,72.69160038379363,50.856941022155155,94.52625974543211,14.49451274933205,17.9204670423223,11.068558456341798
Schnee,225,7.507113179179857,8.007892062678646,7.006334295681069,50.80385360197889,50.58132991247762,74.03457150723119,49.80131854472036,98.26782446974201,15.503330168663346,18.256733409148467,12.749926928178228
Schnee,227,7.354307530193418,7.769309560546341,6.939305499840495,48.70637918760794,46.628384763263306,74.37001611722826,57.062278712172066,91.67775352228445,15.364842540987674,17.95714132190265,12.772543760072699
Schnee,229,7.398754607563302,8.029873000750401,6.767636214376203,55.052089668687756,53.22959431518543,86.99785391016448,66.01035934440478,107.98534847592418,16.134069584147696,18.991203525121414,13.276935643173978
Schnee,231,7.378450122239912,7.958964625253025,6.7979356192267995,44.46731576098582,45.39231871767948,79.82036640405326,63.553016309804796,96.08771649830173,15.868889995539632,18.62837405272912,13.109405938350143
Schnee,233,7.746234834196244,8.180466610256769,7.31200305813572,48.50976059070846,47.40596560843622,90.4199989871567,73.0885828915908,107.75141508272262,17.36925262665034,20.27522707392175,14.46327817937893
Schnee,235,10.197532304505533,11.719693110967764,8.6753714980433,55.18123662822938,59.065457949302726,104.08528196860209,76.32968524691496,131.84087869028923,27.218119902605714,32.78214387646113,21.6540959287503
Schnee,237,12.520185491998518,13.876331966118864,11.164039017878174,46.76218481061666,54.690867272859634,108.6476823885209,103.58844949358904,113.70691528345277,32.070038391934276,37.3605560136937,26.779520770174845
Schnee,239,14.236576576006016,15.25375051145424,13.219402640557792,41.372560375169336,53.03267137211565,99.59091015108272,121.48529178266978,77.69652851949567,35.156067616053306,39.0504696691532,31.261665562953414
Schnee,241,22.72690666012582,16.69124346062908,28.762569859622555,46.485777396035765,58.0951973160486,114.5009234581288,131.6419968192294,97.3598500970282,45.20568781009297,38.17813382835484,52.233241791831105
Schnee,243,31.428491415939444,15.621732024605192,47.235250807273694,41.61132661920369,57.63702150857166,117.02484687324014,116.01812976816495,118.03156397831533,53.95475633639929,35.50851823742629,72.4009944353723
Schreiben,121,10.65739807699161,11.812545972827024,9.502250181156196,59.13154044390367,51.441281974940296,56.72206612767016,62.58964505977625,50.85448719556406,16.293289033981505,16.717716266973,15.868861800990011
Schreiben,123,10.790310758405212,11.35977143546706,10.220850081343364,63.252596626779415,56.57944899540574,56.48653137227376,58.89006082243596,54.08300192211155,17.373108487786936,16.214594764926495,18.53162221064738
Schreiben,125,11.224832969595168,12.405452184586682,10.044213754603653,56.41328627825633,52.33241353223179,61.23735741962557,61.17222993535598,61.302484903895156,18.59754445896872,18.366450055613992,18.828638862323444
Schreiben,127,10.93529719753038,12.31109200318235,9.559502391878409,61.93370356451148,57.78071793430987,61.5464448703454,59.70855588660859,63.38433385408219,18.224467757724497,18.394540834140397,18.054394681308597
Schreiben,129,11.137851360787634,12.606556013562248,9.66914670801302,69.22001434330096,64.12350374630972,64.27962546711314,61.83764644877964,66.72160448544663,18.690469623719512,19.36729402061536,18.013645226823662
Schreiben,131,11.47275110017926,12.9496057729539,9.99589642740462,67.3187025522853,61.04270752149546,61.448960917988316,58.909942590646196,63.987979245330436,19.181085396884882,19.68586070341996,18.67631009034981
Schreiben,133,12.337134526825439,14.306543378071291,10.367725675579587,68.4020890091903,59.49241944262359,63.99016284065797,62.38591241529894,65.59441326601701,20.137581099516943,20.975661033671738,19.299501165362145
Schreiben,135,11.821573762909178,13.88192490536954,9.761222620448818,72.93244280543684,65.64695096428925,63.71659976660878,57.44020344381415,69.9929960894034,19.751945872091312,21.87345729439737,17.630434449785252
Schreiben,137,12.137600480416907,13.902898372958841,10.372302587874971,75.72390949039735,63.384310187377515,60.86850907389747,56.88301380096867,64.85400434682627,19.046547696890606,20.769815392064636,17.323280001716576
Schreiben,139,11.563278264301893,13.375729285482418,9.750827243121368,61.826805092876505,50.32986691587999,53.76614755498717,51.89647638162711,55.635818728347225,17.80808648447053,19.94823672657166,15.667936242369397
Schreiben,141,11.180502589043547,13.668957191587426,8.692047986499668,68.12153831617566,55.85687727694224,54.868439706431566,47.14156557817254,62.59531383469059,17.236916498762746,20.14207347303827,14.331759524487223
Schreiben,143,11.566323309887178,14.334769383248695,8.79787723652566,58.441088332798365,48.734899144306645,54.20244195361271,53.316996717782146,55.08788718944328,17.533122727909294,21.29635721950849,13.769888236310102
Schreiben,145,11.334344294288645,14.024350712002853,8.644337876574436,63.627128651943295,52.34061007903836,53.66530119003746,50.216028859715266,57.114573520359656,17.268630706179238,20.69248836121422,13.844773051144251
Schreiben,147,11.868919392834421,14.40263539913248,9.335203386536362,62.81121360699879,52.38694162859543,48.464706683403335,44.2452867687139,52.684126598092774,18.722316890334156,21.00660319257705,16.438030588091266
Schreiben,149,11.780621993010111,13.989884761873288,9.571359224146935,62.8935612614772,52.03531805329933,49.62487369523103,44.387358259915224,54.86238913054683,19.48235040173395,20.51810589148966,18.446594911978238
Schreiben,151,12.508070625401327,15.335300909428835,9.680840341373818,65.62872588512431,51.82520365194077,55.162909221089606,50.628806387692585,59.69701205448663,19.954486799301577,22.613770626988888,17.295202971614266
Schreiben,153,12.505754448707494,15.353662098549137,9.657846798865851,66.31142634449162,53.53962062212893,51.82116571675249,47.06970771213819,56.572623721366796,19.966652772962643,22.7322918739396,17.201013671985685
Schreiben,155,12.228085496728063,14.67520943675222,9.780961556703904,69.18794794281537,53.867492776586055,56.09719715019378,49.18514451292662,63.009249787460945,19.789298101762057,22.129565595953068,17.449030607571046
Schreiben,157,12.12798883203582,14.84761942685724,9.4083582372144,66.02867098063797,53.09885136723312,55.18922958371525,46.61386173118106,63.764597436249446,19.235523761851766,21.95096175444283,16.5200857692607
Schreiben,159,11.805659662335199,14.365616707988057,9.24570261668234,64.45537154532845,49.71566524936622,56.65444844791138,48.586542209172805,64.72235468664995,19.014149917100404,21.51279917647185,16.515500657728957
Schreiben,161,11.51965079343448,13.797180757800943,9.242120829068014,66.57202198924412,54.04339109509605,60.44914045973777,54.48132997480808,66.41695094466746,17.53773762516666,19.952355671004312,15.123119579329007
Schreiben,163,11.373189174310008,14.369165239874715,8.377213108745302,62.965750720591394,50.74829526602771,66.97519833371794,66.23420350209118,67.71619316534469,17.44752342438563,21.14674434366515,13.748302505106107
Schreiben,165,11.904766534922526,15.431412569788316,8.378120500056738,64.20909885714899,51.145812905737245,59.73755131183674,51.10368160935542,68.37142101431806,18.674492285833963,23.43857409303539,13.910410478632537
Schreiben,167,11.729992664778266,15.04234245629522,8.417642873261311,67.74040197369825,55.73422146699435,58.112110112153275,46.199623906321534,70.02459631798502,17.89126732486624,21.739713191825434,14.042821457907053
Schreiben,169,12.17769846561029,15.206033704194779,9.1493632270258,62.68158229855449,54.721911113081184,55.069034710091955,44.75226245173601,65.3858069684479,19.252580638154164,22.098833008728548,16.406328267579777
Schreiben,171,12.776591126010368,16.19636354740154,9.356818704619197,64.03151090727442,57.72613096967279,53.6910365870273,46.998546435178206,60.383526738876384,20.68559725852247,24.46416952200769,16.90702499503725
Schreiben,173,12.174021327187617,15.107512461203294,9.240530193171942,69.19638331784219,59.63001588312916,61.78027166241918,48.83510557909528,74.7254377457431,19.945252408851978,22.094846136482357,17.795658681221603
Schreiben,175,11.932723644325517,14.828650877203819,9.036796411447213,68.76358276171933,57.70406635467616,68.44139174426333,49.92720012893084,86.9555833595958,20.093132748742953,22.95301149171061,17.2332540057753
Schreiben,177,11.929981563752875,14.71882276638511,9.141140361120641,65.65002350777621,52.96052585751339,74.5133106841369,58.60203242010731,90.42458894816649,19.818766273187812,22.314919044062727,17.3226135023129
Schreiben,179,12.280275494221186,15.120225457195888,9.440325531246483,57.30218863753603,51.732439631904484,62.49139778806569,50.40024986122522,74.58254571490616,20.574790869868096,23.49562141864538,17.65396032109081
Schreiben,181,12.07389494137302,15.426267275061276,8.721522607684765,56.67501560203986,48.87501581808216,67.75520827715184,62.214124460478956,73.2962920938247,19.805149841703596,23.624099453094434,15.986200230312757
Schreiben,183,11.587456742796455,15.104516272193012,8.0703972133999,60.81421825699285,48.094302622538855,70.91445304903952,65.44843562398067,76.38047047409837,19.302348116700447,23.97828999809324,14.626406235307654
Schreiben,185,11.44494355667149,14.999483754489825,7.890403358853154,62.633221558372185,52.06127083290822,73.47029758926655,58.26991826703199,88.67067691150112,19.82312699461213,24.03232685860712,15.613927130617142
Schreiben,187,11.593658663284124,14.995026372747432,8.192290953820814,53.86929607767343,47.532931663832684,71.65356194975392,61.596053671607876,81.71107022789997,19.376841817375855,23.184223445081148,15.569460189670565
Schreiben,189,11.647110595788636,15.013368074529032,8.280853117048238,57.66123401259603,46.28476905636258,66.9841385321257,59.30492154332516,74.66335552092623,19.918097647651077,22.92035261655674,16.915842678745413
Schreiben,191,12.149058054727412,14.7718853408127,9.526230768642122,54.138408929909886,49.06318697355968,62.28988719184447,47.25171695625262,77.32805742743632,20.739833077470237,22.28582810063522,19.193838054305253
Schreiben,193,11.663415153677057,14.644084628994793,8.682745678359323,61.84809569382508,49.81681516721644,73.99338046348102,56.20104430663801,91.78571662032402,20.632662590076862,22.822735360099728,18.442589820054
Schreiben,195,11.75940263369564,14.514566519561509,9.004238747829772,60.385951761635965,48.80904203345173,71.32564681787733,61.01192311427132,81.63937052148333,20.78000495005224,21.944389236492253,19.61562066361223
Schreiben,197,11.969498310041464,14.538714966035243,9.400281654047685,55.672554863854984,51.260894291648235,64.30645422854883,49.30636157262569,79.30654688447197,20.599307521424592,22.149365052659423,19.04924999018976
Schreiben,199,11.621800206350096,14.468355154190151,8.775245258510042,56.554611903211544,51.11358622470978,63.82770553544506,45.522021263274944,82.13338980761519,19.827703044074134,22.300564482463287,17.35484160568498
Schreiben,201,11.888986191190314,14.910678907754761,8.867293474625868,59.487922705780406,48.75231621372326,63.80981123098971,51.124293053491336,76.49532940848809,20.177954528159404,22.96853267959264,17.387376376726163
Schreiben,203,11.873348402454981,14.919382476096047,8.827314328813916,62.469606447842054,48.99410132280919,58.841478883630344,42.71311819717059,74.9698395700901,20.512463120367116,23.343031846289925,17.681894394444303
Schreiben,205,11.937161127244567,14.808863011877273,9.06545924261186,55.73454401185522,48.414439739996446,61.073057534341814,45.398935710544905,76.74717935813872,20.459069114239703,22.74600763402615,18.172130594453254
Schreiben,207,11.69309904511445,14.638482957729284,8.747715132499614,53.34047510135422,47.49668407134713,59.70530229636901,46.37078172852208,73.03982286421594,20.161702088209786,22.48278930160841,17.840614874811163
Schwach,138,9.359172654865858,8.999768528615725,9.718576781115992,45.66553215849186,50.57947167869029,69.93053812233967,69.61968464982736,70.24139159485196,17.33556798648899,15.800860783680596,18.87027518929738
Schwach,140,9.515196028646766,8.83436231056751,10.19602974672602,50.221326808970396,47.04785540155161,73.43734684129649,69.88666345190883,76.98803023068415,17.680270142127753,15.534055785562456,19.826484498693052
Schwach,142,9.392207821694331,8.990282439964913,9.79413320342375,58.53225536326015,57.396075254778665,77.23896898165259,67.09385775951282,87.38408020379237,17.618454666668104,15.422234014129431,19.814675319206778
Schwach,144,9.603862536388702,9.588389218792253,9.61933585398515,60.00483629916878,59.77955932611411,80.64536186113916,72.59269139626146,88.69803232601687,17.580724944311655,15.800479827522516,19.36097006110079
Schwach,146,8.795510473965493,8.792420109815163,8.798600838115824,54.80415162787402,45.45161610993847,68.75653923999434,62.08796283805141,75.42511564193728,17.307050893444043,16.120043987681186,18.4940577992069
Schwach,148,9.680231016930545,10.667173515401473,8.693288518459616,51.99369056035603,42.566785834880505,59.91129705240152,58.69515506102407,61.127439043778985,20.31858355798655,21.084579483874567,19.552587632098536
Schwach,150,9.736432366141747,11.033934105457135,8.438930626826359,59.828012597469254,46.36304079410589,73.96285039376343,83.14348743910836,64.78221334841852,22.7459764075627,26.2666256377015,19.225327177423896
Schwach,152,11.530887908486672,12.711654538505833,10.35012127846751,55.78748115792158,53.22685729323774,111.30752483564746,156.81681540445464,65.79823426684027,28.130882407859936,37.2762135730419,18.985551242677975
Schwach,154,13.960575429323638,12.208072440466237,15.71307841818104,62.94705286342867,62.33646479810782,138.17340226996032,139.2063665401566,137.14043799976406,35.46586930736891,39.204456188654774,31.727282426083054
Schwach,156,15.719534413417495,16.46722197876335,14.97184684807164,57.15653870731274,54.995546257978496,122.42268959690249,117.66772214436205,127.17765704944293,35.07210072476456,37.56929534255712,32.574906106972
Schwach,158,18.254487324319918,22.195204780142966,14.31376986849687,65.44205094299679,57.928374376055565,131.24791278675045,147.49958308915944,114.99624248434147,42.71258978880205,55.526554132841824,29.89862544476228
Schwach,160,17.96909607400647,23.780755272783964,12.157436875228974,51.97353122041706,54.93810377129736,126.32648427558576,146.43810275181283,106.21486579935868,42.616522706747716,64.18364943355563,21.0493959799398
Schwach,162,17.176233885780494,23.56539421602632,10.787073555534668,58.007713499351055,54.39340775279429,124.58157693897274,149.4936086741528,99.66954520379268,42.11653485499844,65.37782505440462,18.85524465559226
Schwach,164,13.87926173418253,12.39983678440969,15.35868668395537,62.95718577458907,59.51579165783119,132.58292131808412,133.16697326847157,131.9988693676967,34.777684270810525,35.44752600095569,34.10784254066535
Schwach,166,15.84429827279434,13.664118456428987,18.024478089159693,60.82131245559586,62.0067374238597,136.71094001782706,127.96393163085973,145.4579484047944,41.22212869350297,42.443462705490326,40.000794681515615
Schwach,168,14.96235744091695,14.296077685423045,15.628637196410853,64.41790802585321,65.03596818420598,142.21735108652348,138.2224717923638,146.21223038068314,39.409489822963735,44.6807262232387,34.13825342268876
Schwach,170,13.638882443396069,13.786518196170594,13.491246690621544,67.28225689721233,63.68494635053393,135.46758600090473,146.71642594759453,124.21874605421492,33.18517310213566,40.639820386358565,25.73052581791275
Schwach,172,11.587371130272288,11.968534322913984,11.206207937630593,54.0203464064718,54.35576876972105,117.0627272682996,159.64519792675225,74.48025660984693,28.285330626338016,34.81537243919327,21.75528881348276
Schwach,174,11.800797265351672,11.86606209337307,11.735532437330276,46.648081103848234,45.13421369524934,89.48875721153034,124.37244739449567,54.60506702856501,26.5304627846681,29.910306176900274,23.150619392435924
Schwach,176,11.27701473864585,11.464954577470838,11.08907489982086,49.00018069615731,43.70426709707312,81.9510608777425,118.24396668058375,45.65815507490126,24.523912547147063,27.213177610738782,21.834647483555347
Schwach,178,11.882889413214839,12.13123084058158,11.634547985848098,49.80025039414562,47.83622959101115,90.2188196764227,125.98762310744382,54.450016245401585,26.210279901805556,29.614102003643843,22.806457799967266
Schwach,180,11.571535978023807,11.893202702986702,11.249869253060913,51.20603572017943,47.81052270386105,97.06512752579948,146.6377637487356,47.49249130286335,26.6870175578551,31.897625602811758,21.47640951289844
Schwach,182,12.461890769410608,12.597079044734198,12.32670249408702,52.49037467481263,52.80481716301748,109.55358025051662,167.22407388198178,51.88308661905146,29.689074996766756,37.156467811216906,22.221682182316606
Schwach,184,12.724840701582933,13.250458313543593,12.199223089622272,47.87756605653195,53.2285666234281,105.205051397656,153.56824240171798,56.84186039359405,30.96708461447743,39.41079156355946,22.5233776653954
Schwach,186,12.516315986368106,12.851739954738528,12.180892017997682,53.27859345339043,52.31950309724474,108.35094701792958,164.699761095642,52.00213294021716,30.33654603105099,38.75606078758682,21.91703127451516
Schwer,157,14.287608202568912,12.917816456401496,15.657399948736328,56.98252835997544,62.60841590508977,132.74703057167278,139.1019017796143,126.39215936373127,28.03223931746541,27.66935386245904,28.395124772471785
Schwer,159,16.04182964508318,15.982524966113319,16.10113432405304,54.981198866898346,61.13386037935595,116.74264510663531,125.38805694820735,108.09723326506325,27.527869161233433,26.480650703384477,28.57508761908239
Schwer,161,24.12435137612006,32.085029496674295,16.163673255565826,64.71344566198484,79.64588947760173,109.84318611640566,94.46191002572553,125.22446220708578,32.558894205067205,37.945865103041925,27.171923307092488
Schwer,163,15.44588508198039,13.73759086280701,17.154179301153768,60.053950694297505,66.55758271011152,116.37649263348689,121.29129428062556,111.46169098634822,26.164925420230148,24.342194041375162,27.987656799085133
Schwer,165,15.590124026657572,13.100032347188488,18.080215706126655,52.076082864552184,57.48218970259627,107.48570878995332,112.07309220635646,102.8983253735502,26.8129950973937,24.40558224131423,29.220407953473167
Schwer,167,15.591577061717683,13.392672972716566,17.7904811507188,56.25350295649117,61.13961193818427,116.11733042080233,120.35692361301163,111.87773722859303,28.422608802902616,27.259517257934036,29.585700347871192
Schwer,169,13.026048399427614,12.796014268604326,13.256082530250902,52.45738659500079,56.091855538733576,105.28289233538852,92.13427867766251,118.43150599311454,25.39702102147352,27.425699944997074,23.368342097949967
Schwer,171,15.74658778911728,15.775095136712443,15.718080441522117,60.97411015082051,73.73814148866124,125.12879051505155,111.08337669994397,139.1742043301591,22.507445858924044,20.512128658238336,24.502763059609755
Schwer,173,13.432762969782356,12.604518608548748,14.261007331015966,77.72703843893414,90.11266926314961,140.89659743774124,123.96166900597991,157.83152586950257,21.607778187065,22.0666546018014,21.148901772328607
Schwer,175,13.614512464385566,11.869509679638039,15.359515249133093,71.87816121624756,76.34728309534769,99.61509928577942,96.93036355388517,102.29983501767367,21.756142476319027,18.392764808258406,25.119520144379646
Schwer,177,13.21739626741835,12.77003152639074,13.664761008445959,66.09346432401172,63.49873661573935,83.79709949342606,77.19822982759972,90.39596915925242,18.987365025135738,18.47462603150823,19.500104018763246
Schwer,179,12.916960440505147,12.050225032870935,13.78369584813936,63.65550871569603,69.28946873255342,77.54137308881442,77.10663818290061,77.97610799472824,15.055428469174409,13.886542168225548,16.22431477012327
Schwer,181,14.354187371451722,13.148322597976806,15.56005214492664,69.13968993846186,80.7689038274269,81.64786118798992,74.77369157840118,88.52203079757865,15.843011797900065,13.895936475156788,17.790087120643342
Schwer,183,15.562970250680232,14.679691498293792,16.446249003066672,68.54119588931994,68.39753640553582,71.17597155017832,70.58707634715363,71.76486675320301,17.32857605805966,16.388681839709797,18.268470276409523
Schwer,185,15.966270110104286,14.285401098551569,17.647139121657002,58.24858047904553,50.573333298099676,51.13332246975,53.39680178850375,48.86984315099625,17.522883277636097,14.843874947554816,20.201891607717375
Schwer,187,16.071520724872126,14.480266147421384,17.662775302322867,59.81303179264794,49.42925175910799,52.86227133724057,54.10599680012941,51.618545874351724,17.35889737162042,14.857227093265779,19.860567649975057
Schwer,189,16.523913493412266,14.67130060626198,18.376526380562552,60.36430129888546,51.12165449880438,53.60654441638437,53.453962989023786,53.75912584374495,18.273754350050364,14.764552503299326,21.782956196801404
Schwer,191,16.244495880923417,14.40553163814341,18.08346012370342,53.07419461198129,45.191259120298895,53.3008396650856,54.44484693194524,52.15683239822595,17.694030956034304,14.874980544475871,20.513081367592733
Schwer,193,16.22633403600703,14.566138552682265,17.8865295193318,52.312009484203315,47.872847406622775,59.89922816526431,59.89357591626892,59.9048804142597,17.578495757092142,15.208150692417885,19.948840821766396
Schwer,195,16.15679408432753,14.5078995287945,17.805688639860556,60.15773059321028,55.36035804243016,54.05803182814164,56.41222409053637,51.70383956574691,17.22396073314675,14.635322670097834,19.81259879619567
Schwer,197,16.215237265373588,14.420936832280278,18.009537698466897,58.82863720832114,51.32782555288755,56.252132457952044,58.384938193578506,54.11932672232558,17.640495785986875,14.742533351826411,20.538458220147337
Sonne,148,10.473230353983817,,10.473230353983817,53.379766544795174,55.49729918988579,50.60428411488482,,50.60428411488482,16.28772770261752,,16.28772770261752
Sonne,150,15.528420808812958,,15.528420808812958,54.43567061215813,61.07956821588684,75.61644986440548,,75.61644986440548,33.46000914785602,,33.46000914785602
Sonne,152,18.866303152868472,,18.866303152868472,52.4545248073007,58.75362743070616,78.39347446001344,,78.39347446001344,33.422017834992545,,33.422017834992545
Sonne,154,12.059204915001908,,12.059204915001908,55.2802089057028,52.61718352519628,38.13158000984721,,38.13158000984721,20.742762462154534,,20.742762462154534
Sonne,156,11.548854336833628,,11.548854336833628,42.50895025609511,50.55710681450687,33.76616505062598,,33.76616505062598,19.421588308359656,,19.421588308359656
Sonne,158,10.053478447164643,,10.053478447164643,45.29558855484834,55.644257712117735,49.05887830379501,,49.05887830379501,17.13102421105455,,17.13102421105455
Sonne,160,10.086800756291478,,10.086800756291478,47.67655670189453,64.24588075984967,56.88468839123697,,56.88468839123697,13.738506876110717,,13.738506876110717
Sonne,162,13.988754350606854,,13.988754350606854,45.333109499376135,55.70784537025923,45.370561597822736,,45.370561597822736,15.332302758855786,,15.332302758855786
Sonne,164,10.436353854397353,,10.436353854397353,46.667392244502864,58.03810790284752,35.874677676451135,,35.874677676451135,12.100621245274581,,12.100621245274581
Sonne,166,12.34515853961862,,12.34515853961862,43.1444087724251,51.56448723720354,29.019166799816688,,29.019166799816688,14.69545982820043,,14.69545982820043
Sonne,168,11.474091603594637,,11.474091603594637,39.80873718050945,50.0962807534867,40.84337502199164,,40.84337502199164,15.271555717044698,,15.271555717044698
Sonne,170,12.798960948546332,,12.798960948546332,42.61266859933629,50.63939857649669,32.15584946577974,,32.15584946577974,21.143881818105104,,21.143881818105104
Sonne,172,14.48881747590507,,14.48881747590507,44.694345404951044,53.17047227191505,37.413918304098296,,37.413918304098296,26.1345313803766,,26.1345313803766
Sonne,174,14.249783246906555,,14.249783246906555,42.40422446549071,54.041773621966854,40.44401023120481,,40.44401023120481,25.993600298485507,,25.993600298485507
Sonne,176,14.107742702409414,,14.107742702409414,43.055251554661034,53.82158868203466,42.055715271548934,,42.055715271548934,25.947447073808938,,25.947447073808938
Sonne,178,12.946019920477497,,12.946019920477497,41.15864791658235,52.20537421087278,33.544820907438535,,33.544820907438535,21.31951888874178,,21.31951888874178
Sonne,180,14.373242359942406,,14.373242359942406,43.88558130063278,56.56489867815037,44.24191616810821,,44.24191616810821,25.87976529225607,,25.87976529225607
Sonne,182,14.166491759122572,,14.166491759122572,42.27098641324629,52.9332932908568,43.54755128335032,,43.54755128335032,25.942909635586926,,25.942909635586926
Sonne,184,14.528118092708173,,14.528118092708173,45.50448282421806,54.546370644853084,56.562512396898086,,56.562512396898086,27.042879430549142,,27.042879430549142
Sonne,186,14.294143644010026,,14.294143644010026,40.61784388527874,50.76583242462165,41.97961569365813,,41.97961569365813,25.865037128444467,,25.865037128444467
Sonne,188,14.326930812983944,,14.326930812983944,43.2474712215963,49.54762936782542,38.95431201096464,,38.95431201096464,25.399991157696558,,25.399991157696558
Sonne,190,14.13989814016945,,14.13989814016945,41.344474344847825,53.974190440599415,39.36910366489377,,39.36910366489377,24.881258461101023,,24.881258461101023
Sonne,192,14.326344411299363,,14.326344411299363,41.65615063650623,50.2685854320705,36.55177586135018,,36.55177586135018,25.715941040410286,,25.715941040410286
Sonne,194,13.916811590804944,,13.916811590804944,39.660761960109255,50.35209701995443,32.55469033017232,,32.55469033017232,24.451364367363986,,24.451364367363986
Sonne,196,14.042017637052092,,14.042017637052092,40.15852937589769,52.00916739882057,34.53503790516214,,34.53503790516214,24.39722644963392,,24.39722644963392
Sorry,144,19.02364361791313,,19.02364361791313,49.46877024785776,72.34327926535194,67.77573018296106,,67.77573018296106,28.955549461969515,,28.955549461969515
Sorry,146,20.732011092898155,,20.732011092898155,48.82717159371492,71.40169858764187,65.9754165352197,,65.9754165352197,26.26826076859069,,26.26826076859069
Sorry,148,22.463728957029158,,22.463728957029158,57.69853631077059,90.1274549502317,35.24571410431268,,35.24571410431268,30.40102229780228,,30.40102229780228
Sorry,150,23.482254814621626,,23.482254814621626,64.20738365010217,94.8294143097485,32.208483950377854,,32.208483950377854,34.487327781921756,,34.487327781921756
Sorry,152,23.86207159224761,,23.86207159224761,56.79037236238497,84.87152899299547,30.02556185997326,,30.02556185997326,33.94550884144782,,33.94550884144782
Sorry,154,19.615438959535993,,19.615438959535993,60.43923706821769,99.46943316085864,37.71124939118634,,37.71124939118634,32.1023828444146,,32.1023828444146
Sorry,156,17.200805751214848,,17.200805751214848,48.81996390525163,81.17157100181132,35.22043564425373,,35.22043564425373,23.216022470868094,,23.216022470868094
Sorry,158,17.103428895665257,,17.103428895665257,46.07994356355094,76.8278282749907,44.35929716741373,,44.35929716741373,23.244133944517326,,23.244133944517326
Sorry,160,16.242206301373265,,16.242206301373265,48.81597505509834,76.53773476820373,46.80324232248208,,46.80324232248208,20.260316717377542,,20.260316717377542
Sorry,162,17.462691872065893,,17.462691872065893,60.424321961081766,93.12034207120087,36.3386165092943,,36.3386165092943,25.008524144905795,,25.008524144905795
Sorry,164,16.580823035355245,,16.580823035355245,58.74576947307855,84.8366204544788,38.16384411880879,,38.16384411880879,24.220563232159165,,24.220563232159165
Sorry,166,17.27971957754456,,17.27971957754456,58.86432141560687,89.81645006888849,38.21571356873647,,38.21571356873647,26.537255245477176,,26.537255245477176
Sorry,168,17.893077571485836,,17.893077571485836,63.304111906447275,104.11047771798938,33.66908365287036,,33.66908365287036,29.32213589463942,,29.32213589463942
Sorry,170,16.029502843064968,,16.029502843064968,49.530563141770514,81.93453242426436,46.7960515577993,,46.7960515577993,25.283933131430725,,25.283933131430725
Sorry,172,16.400695957685667,,16.400695957685667,56.27131123984244,87.94974864190469,57.619601533415235,,57.619601533415235,32.68837427708111,,32.68837427708111
Sorry,174,17.83818248658667,,17.83818248658667,48.6884329466794,77.01781611912234,57.291948752294275,,57.291948752294275,25.15752350649612,,25.15752350649612
Sorry,176,19.461491411193915,,19.461491411193915,50.44292644668783,81.2098081188758,56.47127974264287,,56.47127974264287,28.86122425297465,,28.86122425297465
Sorry,178,19.171344216137488,,19.171344216137488,59.32293385542093,89.42732647361271,47.802175003623674,,47.802175003623674,31.719666423240707,,31.719666423240707
Sorry,180,17.908539389948714,,17.908539389948714,55.58027658686289,84.95215532187648,37.427934602629,,37.427934602629,26.51428152250269,,26.51428152250269
Sorry,182,16.54046049804841,,16.54046049804841,47.673397670327034,73.16766888179504,51.59485872320038,,51.59485872320038,23.327099343521,,23.327099343521
Sorry,184,17.21092249603973,,17.21092249603973,60.847930636908885,100.20271268880572,57.212977124767306,,57.212977124767306,29.371853642091597,,29.371853642091597
Sorry,186,16.242263250270693,,16.242263250270693,58.79588617515097,85.50727086847856,41.82948226755343,,41.82948226755343,29.00466399458144,,29.00466399458144
Sorry,188,15.606360944324475,,15.606360944324475,63.64861191996344,93.58582479853345,42.82858089581035,,42.82858089581035,33.085391403651045,,33.085391403651045
Sorry,190,16.02486722424682,,16.02486722424682,67.22464883125525,95.58192770451456,53.2082436214873,,53.2082436214873,34.61207852189979,,34.61207852189979
Sorry,192,15.547061628494625,,15.547061628494625,57.42865163065158,79.79805502784919,43.89626234296512,,43.89626234296512,29.01301926931557,,29.01301926931557
Sorry,194,22.26429087014328,,22.26429087014328,56.86678566770746,84.85533250182353,60.13387393930443,,60.13387393930443,31.972273437216675,,31.972273437216675
SparenSparsam,133,16.88416493329389,20.294343159979103,13.47398670660867,62.507361159075614,73.9342573613819,89.5175643984445,95.14260767615393,83.89252112073507,26.36521374709827,35.15286929451348,17.57755819968306
SparenSparsam,135,17.00584213826162,21.28900641229181,12.722677864231434,75.58182532965513,94.24189592982746,100.4693918719461,103.13524185004535,97.80354189384686,26.655113397372347,37.33998034571105,15.970246449033644
SparenSparsam,137,16.07639046636886,19.84047230388282,12.3123086288549,75.16106099192531,95.08169069137054,94.81434070484883,102.05943614545396,87.56924526424369,24.832516052705046,34.99470656836607,14.670325537044018
SparenSparsam,139,15.453968995747864,19.120551809923413,11.787386181572318,61.097773480850485,64.57104012164802,74.70641819350614,79.14462479159286,70.26821159541942,23.270186064110057,32.868962504266335,13.671409623953778
SparenSparsam,141,14.973192410787117,17.362054661658252,12.584330159915982,51.49132864524713,50.52119136762638,67.02123566635433,71.21456474937443,62.82790658333423,22.99731873723366,29.464785592841732,16.529851881625586
SparenSparsam,143,15.84400490208325,17.6052999545478,14.082709849618702,56.192660481019004,57.33134676842853,73.1713731986363,79.12429048741978,67.21845590985284,23.569312619731313,30.025157286844188,17.11346795261844
SparenSparsam,145,17.071652544165644,18.54073531389234,15.602569774438951,51.86580089683634,53.17646576115469,73.33146355038996,81.26277226483764,65.40015483594227,24.726154263381964,31.40880705454788,18.04350147221605
SparenSparsam,147,17.08535938843876,18.677252206445445,15.493466570432075,56.68915455405339,63.0181404088605,73.58409523816562,88.93020716449435,58.237983311836885,25.154168908846962,32.48854652369093,17.819791294002997
SparenSparsam,149,17.789887023624324,18.92865213349782,16.65112191375083,56.06030023978976,60.526664864206516,72.5091231670834,88.13253197274982,56.88571436141699,26.47207998102632,32.953703312465734,19.9904566495869
SparenSparsam,151,17.090814744627153,18.149457311553267,16.032172177701042,53.3017060523641,53.49911216970244,69.22308483773412,83.89302975916625,54.553139916301994,25.245706609430684,31.486449078891276,19.004964139970088
SparenSparsam,153,17.243864453875204,19.245498943497495,15.242229964252914,56.905411762410814,62.9504890765078,75.51533520133893,96.4939111173258,54.53675928535206,25.48741863581823,33.52002421675269,17.454813054883772
SparenSparsam,155,16.536923346811854,18.79610020492937,14.277746488694333,54.13968304290639,56.14421516988915,67.60387129428577,79.99302219127715,55.2147203972944,24.154728687764567,32.21346244217475,16.095994933354387
SparenSparsam,157,15.965175361410488,18.12872066511082,13.801630057710158,56.67312752393316,53.77414144791014,65.42361841468228,72.56381300837192,58.283423820992645,23.180900427183758,31.173689231922094,15.188111622445424
SparenSparsam,159,15.715208123094701,17.890054834081166,13.540361412108236,53.061122637293785,54.27561671894599,65.66608428668783,68.63211923254222,62.70004934083345,22.92354957173767,30.62289773339727,15.224201410078068
SparenSparsam,161,15.50020259196534,17.411895850463853,13.588509333466826,46.917150296345824,56.82354554851614,64.2981313607632,63.04823093288829,65.54803178863808,24.179658577123465,29.995183919299965,18.364133234946966
SparenSparsam,163,16.027476814095614,17.673106273160712,14.381847355030514,43.76490219462038,51.373763418766146,59.120391386551944,59.65406535514947,58.586717417954425,24.546006038834435,29.884333768878374,19.2076783087905
SparenSparsam,165,16.202695983458323,17.48333833614725,14.922053630769396,46.14337431258287,47.950464377340566,59.23004494844065,61.3917889161316,57.0683009807497,23.110944722415738,29.11102787693016,17.110861567901313
SparenSparsam,167,15.742725868759228,17.477543990581992,14.007907746936464,42.34596970638383,44.53658498999606,56.32843066371065,61.88124619314484,50.775615134276464,22.69131715952493,29.277642989557407,16.104991329492456
SparenSparsam,169,16.374902090947586,18.34483064408963,14.40497353780554,45.73739264145916,46.750134100879635,60.41314709968057,70.5988776649868,50.227416534374335,24.05027859392121,31.187068854521026,16.913488333321393
SparenSparsam,171,16.811866438077704,18.71449671714516,14.90923615901025,46.61456005921174,47.51545468201429,60.82917447874826,66.87616586101021,54.78218309648631,24.903308921708263,32.06681462192261,17.739803221493915
SparenSparsam,173,16.078274701556182,18.179561173606892,13.976988229505476,49.61217406720439,49.914574699872475,67.68583593739271,73.99987681232845,61.371795062456975,23.46607058448409,31.231981377513453,15.700159791454727
SparenSparsam,175,16.043479071870014,18.65028865685295,13.436669486887075,49.36377764916582,51.21260039060259,68.3172120319889,72.29511867006833,64.33930539390948,23.357806699928833,32.05834852484927,14.657264875008394
SparenSparsam,177,15.513924752866103,17.842266936000165,13.185582569732043,49.04953450968899,54.20705490900278,70.91912452199233,75.32758986735986,66.5106591766248,22.582373309264142,30.42554148304002,14.739205135488262
SparenSparsam,179,15.942193079813359,18.25269641954282,13.6316897400839,48.17206244423608,53.434874621023376,69.4240899333756,72.30445208205208,66.5437277846991,24.314155722403406,31.32160707278655,17.306704372020263
SparenSparsam,181,16.564505763452246,18.380305845085307,14.748705681819182,47.73712716128121,50.086005876792164,69.95974341807639,74.21732771752748,65.70215911862529,24.942083942772395,31.524505095199906,18.359662790344885
SparenSparsam,183,16.805993693394484,19.40809812851534,14.203889258273623,48.32969474144107,49.89726220244876,69.38391215906117,74.52086120680983,64.24696311131252,25.47953249332823,33.590305908205,17.36875907845145
SparenSparsam,185,16.479162834995286,18.443641358373423,14.51468431161715,49.967478979772835,51.661873967599526,72.995256505085,81.5699028228348,64.42061018733517,23.7486886670796,30.593547325836454,16.90383000832274
SparenSparsam,187,16.440848871261515,18.41204427695923,14.469653465563798,47.126702648839405,49.73088768606803,72.45019982892435,83.43130463484711,61.469095023001586,24.028605201107162,31.433871841502217,16.623338560712103
SparenSparsam,189,16.316379099566312,18.34727180275686,14.28548639637576,45.46624326404363,51.11230935621251,74.10933406861922,83.15343079078518,65.06523734645326,24.05170005787857,31.042000094711508,17.06140002104563
Spezial,125,15.77413315707112,17.385568556107252,14.162697758034986,58.52565442623163,69.48181657717357,130.24594401591978,149.6609610251543,110.83092700668526,25.1383308438215,26.42435493142651,23.852306756216485
Spezial,127,16.109456718732574,17.87993364078597,14.338979796679173,61.509076464205606,69.25116577469525,120.5996955304058,136.76873213820124,104.43065892261035,24.993597282829764,25.17456667275038,24.81262789290915
Spezial,129,15.41093445314341,17.17200836165938,13.64986054462744,58.84290116933047,68.68303507669853,112.6028594450558,128.03296150296467,97.17275738714694,22.360168429419353,22.641749468479762,22.078587390358944
Spezial,131,16.039837085878332,18.180290908655838,13.89938326310083,60.53761592714886,66.38476408749642,102.89926569931325,117.82022514450217,87.9783062541243,23.12100699283942,24.043599913463684,22.198414072215158
Spezial,133,15.700404577689842,18.26170837056189,13.139100784817794,62.47136509687959,62.79336056053689,94.86708721340591,101.33425214158123,88.39992228523057,22.324591293720758,24.711936234794308,19.93724635264721
Spezial,135,15.029634495461043,17.753772050315803,12.305496940606284,60.98132018876156,58.54150349866514,87.20569310762984,95.16221247937855,79.24917373588113,20.91016097388005,22.793448448654466,19.026873499105633
Spezial,137,14.126218770781183,18.01079579984165,10.241641741720718,60.275497401418725,52.19150450497508,59.38774448412943,58.67494417760655,60.1005447906523,19.0390447115107,22.21898800820125,15.85910141482015
Spezial,139,13.29340930840104,16.72555609449525,9.86126252230683,55.29121722918158,44.01779227169043,43.36661290122438,40.46641385098341,46.26681195146535,22.058358709456613,24.960636390525586,19.156081028387636
Spezial,141,10.865671120781272,12.072215594293525,9.659126647269021,41.76667920796559,36.46169448509616,38.20880899525516,41.50583443553846,34.91178355497186,18.373692574742435,19.19959874788997,17.547786401594898
Spezial,143,10.97558980452008,10.399944710169077,11.551234898871082,38.3782839649967,37.16738067531659,47.06664988949655,55.236263313205484,38.89703646578762,17.673736643294497,15.774480361137599,19.5729929254514
Spezial,145,11.211012326556517,10.779238174512876,11.64278647860016,35.66986513616903,35.95363391824077,45.70510646366199,47.37235478545475,44.03785814186923,19.160935860967975,18.11071104878995,20.211160673145997
Spezial,147,11.677816985110944,10.937594449332952,12.418039520888936,39.32664619876457,39.936014488044286,45.43711545189322,44.33631214598812,46.537918757798316,22.70389566277077,21.439534085904235,23.968257239637307
Spezial,149,11.552547344305506,10.750586450361185,12.354508238249826,40.68819272825369,37.38832420068946,50.28140607764536,52.17384114372631,48.388971011564415,21.836573149572033,20.047360917795814,23.62578538134825
Spezial,151,11.416150677963328,10.676210786734561,12.156090569192095,47.131319524607136,41.34900343042974,47.94905321467262,47.45728105151643,48.440825377828794,22.101282724845333,20.455092592969837,23.74747285672083
Spezial,153,11.372522241730103,10.528513631981683,12.21653085147852,48.25606610637692,40.96254201079313,47.5591066250584,47.21403137082549,47.90418187929131,21.94993179138632,20.699662645533824,23.20020093723882
Spezial,155,10.996192794092273,10.010790955642056,11.981594632542492,46.89211162057176,39.55988060151459,47.414994838048415,43.86520721727202,50.9647824588248,20.2056242055311,19.231652603541885,21.17959580752032
Spezial,157,11.387957608674139,10.750681711545134,12.025233505803143,46.26579816282116,37.914712818486855,47.185001203562365,46.46859811512696,47.90140429199777,20.67489953773468,20.140038560970545,21.209760514498818
Spezial,159,11.232610818402087,10.76398052239467,11.701241114409502,46.33826807005978,37.410448692906236,39.59251452733956,40.789498803231346,38.395530251447774,20.809969021415547,20.38153467145159,21.238403371379505
Spezial,161,11.325685230150867,10.829685386954912,11.821685073346822,46.824695071288644,37.62439371897028,43.07204703432741,42.44383310342865,43.70026096522618,20.957417754770592,20.62939687105744,21.285438638483743
Spezial,163,11.100969748830936,10.807463650429522,11.39447584723235,46.88091452201892,37.26834255672275,44.760816383857836,45.68509507458203,43.83653769313364,20.73264399912587,20.321823814523402,21.14346418372834
Tisch,143,9.145967543383586,11.369978697303326,6.921956389463846,62.70245522716869,47.51979992355545,65.12619783525737,58.04156093615979,72.21083473435495,19.9435113801174,26.11864918138994,13.768373578844855
Tisch,145,9.992513997325588,12.560340144364586,7.42468785028659,66.47145151159387,49.459301793084514,71.40222743249284,58.76755995506488,84.03689490992079,22.532681036149896,30.055575526633646,15.009786545666147
Tisch,147,10.094582422604836,12.837683276279055,7.351481568930617,69.84021366577728,50.99833200239233,78.52435831565052,68.29759942892342,88.75111720237763,22.141028103469317,29.403628783397654,14.87842742354098
Tisch,149,10.23141902314218,13.059917242893977,7.4029208033903835,63.41189739825985,48.023129484083405,77.14267658307824,66.41652826980416,87.86882489635234,22.04820027651146,30.661153465917035,13.435247087105882
Tisch,151,12.075590699541253,15.73167027505139,8.419511124031116,62.57681555605375,46.339073232634895,76.2637845609834,66.45758682713691,86.0699822948299,26.52542289009536,37.14617953169077,15.904666248499948
Tisch,153,11.970872775311562,15.77164077335922,8.170104777263907,51.879300409930465,44.327360427786545,67.93202478104068,57.21784962119937,78.64619994088198,23.436077294561443,32.482316525307894,14.389838063814988
Tisch,155,9.901181556598655,13.270474629478159,6.53188848371915,53.50425772172634,50.621675547789074,90.2682594544442,73.40902813394324,107.12749077494519,22.140404347689334,30.274166813513745,14.006641881864919
Tisch,157,8.082041969887618,10.867176592516575,5.29690734725866,56.55675161310341,48.146324054580674,88.18971645173748,74.32542002799174,102.05401287548322,19.711813379610703,25.804087997676543,13.619538761544867
Tisch,159,10.373967112441914,13.237753410023682,7.5101808148601465,59.890183548937706,49.11039487123589,90.65266593279578,79.40087224693058,101.904459618661,21.555613371166174,30.75423939221785,12.356987350114498
Tisch,161,13.19797425308695,15.059264612140382,11.336683894033522,54.38712485026397,44.16339221030835,85.57995301347322,80.18072764858566,90.97917837836076,29.775105206066023,35.80802798969184,23.74218242244021
Tisch,163,15.976035026768614,16.373821237238186,15.57824881629904,59.36622784202839,53.35916009088981,114.86390028838301,110.66829889466308,119.05950168210292,38.40524295210953,40.348342007366355,36.4621438968527
Tisch,165,16.84647893280902,16.30750335478327,17.385454510834766,64.91474307502403,56.38860223744,131.49937164775085,124.457467757591,138.5412755379107,39.78582776187599,39.21405632571469,40.357599198037306
Tisch,167,16.3109684653324,16.780256720024294,15.84168021064051,55.51280371832081,47.88168194941486,104.8508577085442,108.82006940315183,100.88164601393657,38.214070729904364,38.983136673386554,37.44500478642217
Treffen,132,13.896857172107968,16.46708777102766,11.326626573188275,65.3711387354377,45.542382904015895,64.0588706529445,91.56909241346227,36.548648892426755,18.141532206965078,21.859686221583715,14.423378192346439
Treffen,134,15.0975561601911,17.120175002346507,13.074937318035696,60.21297222862042,42.40664760150573,62.82608450348428,84.01664996000079,41.63551904696777,19.08728626673054,22.647278433672,15.52729409978908
Treffen,136,13.290709608341217,16.512812569929928,10.068606646752508,63.53786205535865,43.78668453212555,62.64211720530278,81.21650643131011,44.067727979295455,17.559642166671637,22.11908219958946,13.000202133753811
Treffen,138,13.132007056331906,16.672715767716024,9.591298344947788,62.44985526658653,44.25946517995491,66.28242487290923,73.16964288174263,59.39520686407583,17.651868760274255,22.086739466987662,13.216998053560845
Treffen,140,13.007582148391117,15.66374243705096,10.351421859731275,62.78610849130727,43.48818597934435,67.6708060246313,64.52352940974443,70.8180826395182,17.254348176032217,20.678008207635063,13.830688144429374
Treffen,142,12.655531148409072,15.0830908414223,10.227971455395844,70.80824446359003,47.79032921366213,74.87670896974154,65.35326829343516,84.40014964604791,16.31243202117987,20.238662992414746,12.386201049944994
Treffen,144,11.71782970751493,14.802552266218044,8.633107148811817,61.230390539464885,43.73426458064849,68.12241820846108,65.05692616243675,71.1879102544854,15.310802193112679,19.481001010003737,11.140603376221621
Treffen,146,11.856374950826567,15.044556269561285,8.668193632091846,69.75955452899392,48.10453720802606,71.0225838597438,65.11139450355031,76.9337732159373,14.976510466155016,19.227756227301892,10.72526470500814
Treffen,148,12.708707201856162,15.482866254668146,9.93454814904418,64.87976974254407,43.93648497088939,68.22442327086605,63.34755513485771,73.10129140687441,15.894878773709426,20.532334150021637,11.257423397397213
Treffen,150,13.892022404069284,15.711322586838456,12.072722221300111,75.43293013564586,54.06190247026691,73.60392398766999,73.38762503583771,73.82022293950226,16.360468928376733,20.043939320498552,12.676998536254915
Treffen,152,13.874557604181941,15.95528768249754,11.793827525866341,66.54084165310213,46.05005365978002,64.1310958537605,59.39098944616567,68.87120226135534,15.895049209066244,19.15047672512122,12.63962169301127
Treffen,154,12.987315699959012,15.07031922874212,10.904312171175903,67.90708094039587,45.30775461971622,62.198281370853735,55.13789174930701,69.25867099240047,15.679801208512941,17.65161900037678,13.707983416649103
Treffen,156,14.540181615378376,16.05935505234985,13.021008178406902,73.3360145162143,51.04718337636548,68.39920249733652,50.8856930433806,85.91271195129242,17.007236726473057,18.499608855719238,15.514864597226875
Treffen,158,13.968967145818723,16.567802235408333,11.370132056229115,73.42085492429158,51.15665629216846,70.94678293219891,56.37177079635477,85.52179506804305,16.476309192483015,18.568927734041157,14.383690650924871
Treffen,160,13.745466677812553,16.744307310815987,10.746626044809119,71.75095770249985,51.59634640454041,70.20127617513197,54.73829151966278,85.66426083060117,16.30797385881181,19.075645334513805,13.540302383109816
Treffen,162,13.552542184543823,16.77813834692168,10.326946022165966,68.26189245614961,48.75980895006806,66.58868414825722,53.17802715453264,79.99934114198179,16.4746344792226,18.61567829870443,14.333590659740771
Treffen,164,14.20135674921486,16.984287542696357,11.418425955733364,73.61648567446603,56.66216828317036,75.27143788641774,57.75348266522542,92.78939310761008,16.578345273953808,19.070683912398845,14.086006635508774
Treffen,166,14.000418393406235,16.816518778039015,11.184318008773458,68.80675177456745,55.679782617094716,72.07749570571475,55.30038547799607,88.85460593343343,16.42866715249127,18.969315072995244,13.888019231987291
Treffen,168,13.951498446729898,17.164634835834136,10.738362057625661,74.90143916517387,58.37102965231161,76.88761492475535,60.442321308978464,93.33290854053224,17.28422946079437,19.939649356237325,14.628809565351414
Treffen,170,13.80832447538919,16.94485167541537,10.671797275363009,74.13215615020401,57.026597070225655,77.16030100186887,59.703126075401684,94.61747592833606,17.081856680594612,19.93996526040612,14.223748100783107
Treffen,172,13.973923050256541,17.170171580276048,10.777674520237037,73.73918474628378,56.72468882248422,75.59216544746295,58.978955766795046,92.20537512813084,17.200828055647534,19.875542059054492,14.526114052240574
Treffen,174,13.916624414920875,16.895822468326706,10.937426361515042,71.57888630922791,55.35878787614387,74.87240560326029,58.804486899157986,90.9403243073626,17.140880901384833,19.778365139722624,14.503396663047038
Treffen,176,14.173018336374842,17.569520683881528,10.776515988868157,69.64521482992897,52.822098441185425,69.53655841271407,53.078301361216525,85.99481546421163,16.52865207461482,19.442528937422953,13.61477521180668
Treffen,178,14.17816653719974,17.493671779324735,10.862661295074744,73.15549881476626,55.93835528545241,75.58176433751876,59.10725565454274,92.0562730204948,17.334846407838782,19.95576340165269,14.713929414024875
Treffen,180,14.373579934451968,17.75771087244175,10.989448996462189,68.31299793318485,51.82164516253864,71.37183226032982,54.64420014469749,88.09946437596216,17.04969271320187,19.51197834131134,14.587407085092405
Treffen,182,14.237183946178185,17.356476960272268,11.117890932084102,69.6691651506637,52.96153666445215,71.77921010966347,57.148933401960534,86.4094868173664,16.509619240532462,19.270126292989918,13.749112188075008
Treffen,184,13.97877013892842,17.031523850440895,10.926016427415945,72.42039939856475,56.34934154919393,73.58664150316471,56.95046367764034,90.22281932868908,16.705766986879123,19.255994404765147,14.155539568993097
Treffen,186,14.046788364284808,17.174632992590183,10.918943735979433,66.45580620063838,51.63262647960072,69.85924504821398,54.31500073367611,85.40348936275184,16.92081128481469,19.37023647577129,14.471386093858094
Vater,151,12.673156558472746,,12.673156558472746,46.71586750558972,59.220362958345454,99.88592576059082,,99.88592576059082,21.25444433612532,,21.25444433612532
Vater,153,13.410349215293687,,13.410349215293687,48.26259279805522,66.30478005487191,87.46611405288009,,87.46611405288009,22.099164523668648,,22.099164523668648
Vater,155,12.901518620584646,,12.901518620584646,44.73561119037772,63.20771190382656,82.95352039421374,,82.95352039421374,19.797902220443657,,19.797902220443657
Vater,157,10.913865481526408,,10.913865481526408,49.17426935710805,65.53871111784892,63.26462426173256,,63.26462426173256,15.546947777403247,,15.546947777403247
Vater,159,9.332007268571608,,9.332007268571608,49.502004221271264,65.27381907496759,60.735263711784874,,60.735263711784874,12.562774636946884,,12.562774636946884
Vater,161,9.093544392590973,,9.093544392590973,46.113877517317704,59.72632125855512,49.389384099607675,,49.389384099607675,12.053879967647005,,12.053879967647005
Vater,163,8.234760279192942,,8.234760279192942,49.16265649594476,59.91071961000179,40.08655492460796,,40.08655492460796,11.384009268992092,,11.384009268992092
Vater,165,7.454730779327171,,7.454730779327171,50.95245994835456,59.12047458052076,45.81918116195031,,45.81918116195031,11.161122290018856,,11.161122290018856
Vater,167,8.061075509997396,,8.061075509997396,56.799210638190466,70.00456417091783,27.64506339619606,,27.64506339619606,12.197194982074889,,12.197194982074889
Vater,169,10.462067735884025,,10.462067735884025,48.754205429822235,60.04673816599679,51.0110229479215,,51.0110229479215,13.837830616751281,,13.837830616751281
Vater,171,11.181989839724427,,11.181989839724427,49.70085822547455,58.77702693365991,40.37138204207594,,40.37138204207594,15.231592285833507,,15.231592285833507
Vater,173,10.891558192863977,,10.891558192863977,50.560422602806064,60.825189140614654,37.27875966402985,,37.27875966402985,15.00617518092599,,15.00617518092599
Vater,175,10.903800430157652,,10.903800430157652,52.76252341517158,66.95456707828849,40.91294946700539,,40.91294946700539,14.570370054746014,,14.570370054746014
Vater,177,11.434029863576335,,11.434029863576335,57.36865079819998,68.96496105491154,32.42481246371573,,32.42481246371573,14.842027588821674,,14.842027588821674
Vater,179,12.07145829590774,,12.07145829590774,48.640909245764426,61.32130530989066,54.791813293697984,,54.791813293697984,15.290597976104891,,15.290597976104891
Vater,181,12.513923041988585,,12.513923041988585,51.26991641558061,60.68303727256711,61.077960797820445,,61.077960797820445,16.44105293191379,,16.44105293191379
Vater,183,12.51140475176841,,12.51140475176841,50.89807369030708,67.02865074906148,44.92307744263488,,44.92307744263488,16.31446504419331,,16.31446504419331
Vater,185,12.937973886146281,,12.937973886146281,47.48278298268833,64.20516332770991,75.96306500957002,,75.96306500957002,17.048262719993964,,17.048262719993964
Vater,187,13.098858678742607,,13.098858678742607,50.760449083700856,66.27264968269829,62.868858267539935,,62.868858267539935,17.560784563849065,,17.560784563849065
Vater,189,13.575573245713432,,13.575573245713432,57.44412617523434,66.96658858927046,76.9591272254396,,76.9591272254396,18.58467524822527,,18.58467524822527
Vater,191,13.681157088376391,,13.681157088376391,51.82228036081055,64.30676848422523,73.26706302676499,,73.26706302676499,18.617677576252706,,18.617677576252706
Vater,193,14.58529534360527,,14.58529534360527,52.100886707685575,69.46372945366517,73.56548371201995,,73.56548371201995,21.274230553085612,,21.274230553085612
Vater,195,13.965976103269409,,13.965976103269409,49.924541149148325,64.18493226615583,78.28241606387697,,78.28241606387697,20.186428625872523,,20.186428625872523
Vater,197,13.020498433028685,,13.020498433028685,53.86770434083943,65.70787533429544,77.22477370513847,,77.22477370513847,17.42257917888186,,17.42257917888186
Vater,199,14.09968341203078,,14.09968341203078,49.104708991213776,59.74170793360277,101.09582369190333,,101.09582369190333,20.30853462830044,,20.30853462830044
Vater,201,14.10625543734955,,14.10625543734955,52.6410518135286,72.65206924035003,73.36493842900984,,73.36493842900984,20.38677280405893,,20.38677280405893
Vater,203,13.839215478621613,,13.839215478621613,53.86771329023015,62.621982680728856,94.80644474779615,,94.80644474779615,19.11127760422127,,19.11127760422127
Verschieden,142,12.664438338972747,15.074379790955824,10.254496886989672,57.77664766466694,51.985758008846204,93.26125360956536,87.73412851000106,98.78837870912966,22.825122041373426,33.956404566040966,11.693839516705888
Verschieden,144,13.41267317703506,15.931671325545832,10.893675028524287,63.105254621439734,54.84936935213895,98.47724689671449,98.01175410718538,98.94273968624361,25.074246539158082,37.31096768932082,12.837525388995342
Verschieden,146,13.746936718060416,16.402533102418065,11.091340333702767,60.448248912143846,48.93794761821706,85.14169747013591,84.97518168548987,85.30821325478196,24.5513944216447,34.31979661842817,14.782992224861234
Verschieden,148,12.950511244454383,14.562918090425836,11.33810439848293,66.69729854000944,55.067682509005806,88.06618533165562,85.37327444545731,90.75909621785391,22.099586720299385,28.421855865774535,15.777317574824236
Verschieden,150,11.861689810634516,11.532720851670236,12.190658769598796,63.34316626519271,52.918114040610796,83.80883372985248,78.65700816697723,88.96065929272773,15.976043455044016,16.39388261660831,15.558204293479722
Verschieden,152,12.653228069485206,10.363430575918084,14.943025563052325,59.866030779353366,48.659881240492,74.68557700851572,62.829001494086796,86.54215252294465,17.010481872249418,12.773173280404452,21.247790464094386
Verschieden,154,13.330253443199672,10.120495985342892,16.54001090105645,54.31842007163154,44.39402253889413,70.90635026373889,55.63941498882603,86.17328553865175,18.40845326629065,11.786544025391864,25.030362507189434
Verschieden,156,13.118554063665393,9.576320737317497,16.66078739001329,52.487539008482266,43.314219125073166,70.4899595345001,54.633185022525076,86.34673404647513,18.64997593533642,11.343820810973016,25.95613105969983
Verschieden,158,13.644002823811018,9.783371116595701,17.504634531026333,51.10687055796859,43.18409681549606,69.10561451236997,49.59476226497757,88.61646675976237,20.841169568261336,13.700346644997119,27.98199249152555
Verschieden,160,14.634554463563855,11.53408747919152,17.73502144793619,49.29094914364732,41.11909824442949,67.15976023522849,45.5179539114488,88.80156655900818,23.406284329685715,17.479297998699035,29.333270660672394
Verschieden,162,14.11180989561052,11.013719438932856,17.209900352288184,51.933465605244194,45.877196178374405,70.21310526966177,48.102042399268036,92.3241681400555,23.148892749631383,15.229542673499516,31.06824282576325
Verschieden,164,13.649475271229505,10.891203023144243,16.407747519314768,48.53694567993754,42.993836711993175,61.41404478623061,44.28922266066705,78.53886691179417,21.906827734176115,15.022712657672303,28.79094281067993
Verschieden,166,13.670556761985804,12.59112477004289,14.749988753928719,58.08854451106692,47.58908060099538,69.00633758092725,47.07463158190983,90.93804357994468,21.910824022504663,22.565995741637707,21.255652303371622
Verschieden,168,12.863678857979972,12.765498627473448,12.961859088486495,60.22071725285872,49.571445698069944,79.21094555989264,60.830618006537854,97.59127311324741,22.150755054725654,27.368643132237935,16.932866977213372
Verschieden,170,12.723347540635636,13.944100946859932,11.502594134411343,55.41605680241052,46.722532870440666,72.39051947218579,58.75655510185281,86.02448384251878,22.142923928203867,30.53220844351578,13.753639412891953
Verschieden,172,13.022573517883469,14.178842612419746,11.866304423347193,55.79536904050358,47.14751471182423,73.08112658161531,67.17942598816798,78.98282717506265,23.42956301424052,33.33727864468071,13.521847383800331
Verschieden,174,13.428484748661734,14.275548248796015,12.581421248527453,61.3803731489168,51.24838911774898,85.11239616088825,82.43099150326785,87.79380081850866,24.0423608771976,32.85757309721282,15.227148657182378
Verschieden,176,13.462029816520479,13.670397208454268,13.25366242458669,61.209054612894185,49.65062610955582,75.90406265250203,79.65175312980598,72.15637217519809,22.19207142115405,28.476907162530093,15.907235679778006
Verschieden,178,14.287784128597597,13.036238857203104,15.53932939999209,59.77650139350124,50.67147376972875,76.96069527768387,77.41776933980019,76.50362121556753,20.712903864141325,21.745016968241906,19.68079076004074
Verschieden,180,13.455802828769801,11.07873137849529,15.832874279044315,52.03089816211799,45.164170093914244,73.72096560235698,72.9499109101195,74.49202029459447,19.196877721228816,15.434264925841001,22.959490516616633
Verschieden,182,14.336011419505729,11.834370015439397,16.83765282357206,54.37236805680514,44.08260781362337,69.09681640664766,65.72524323851475,72.46838957478057,20.834545698209546,16.77082652022442,24.898264876194673
Verschieden,184,14.275674973558825,11.209119993277833,17.342229953839816,47.02578737969802,41.03682958894429,63.10682916963475,55.29216106479533,70.92149727447418,21.07372705118435,15.58998080348728,26.55747329888142
Verschieden,186,14.692135178530265,12.302223472848286,17.082046884212243,49.20223804163359,40.91909114203163,63.01091898162444,48.53227952347477,77.48955843977411,22.324598588518274,17.473717646258013,27.175479530778535
Verschieden,188,14.9682869503877,12.481556352573824,17.455017548201578,53.76433592125051,44.5797837226784,67.5026633302309,46.15864247469404,88.84668418576776,24.29425635069395,18.701671288682448,29.886841412705454
Verschieden,190,13.7386197938266,10.83609598419145,16.64114360346175,53.45645004416701,43.57999581865502,64.11175313059925,44.80235632720601,83.4211499339925,20.864204114620478,12.809910099049329,28.91849813019163
Verschieden,192,14.168525554636966,12.78628509206338,15.550766017210552,53.94484624946898,41.555142467010285,59.72397962161625,39.07825011833952,80.36970912489299,22.86528446638229,19.72392998971277,26.006638943051808
Verschieden,194,13.143804702275263,12.544090080535964,13.743519324014562,53.990388912887205,43.196685334719255,58.93730073352222,37.97961092918778,79.89499053785667,21.77565626711462,25.415886384232973,18.135426149996267
Verschieden,196,13.26713582340457,13.98964289840167,12.544628748407472,55.327530247564646,45.24076709414342,67.93749707841,50.62482847376572,85.25016568305429,23.17328039848195,31.4183560095182,14.928204787445702
Verschieden,198,13.217381934889803,14.328281763599701,12.106482106179904,57.06384588321156,44.38062579433197,68.70591756269567,56.60445343888705,80.80738168650431,23.16478204132159,33.03596857872535,13.293595503917828
Verschieden,200,13.309214275254945,14.249644280345318,12.368784270164571,56.56235273587329,44.22460523644901,71.75979764849646,65.45244864929249,78.06714664770043,23.328823807099475,32.97076721054927,13.686880403649683
Verschieden,202,13.458196054332504,14.429006122595933,12.487385986069073,61.67830839856597,45.928779566125975,72.59936524019895,67.13745123619803,78.06127924419987,23.262890789597044,32.137588641870856,14.388192937323229
Verschieden,204,13.891148466675467,13.941698510551467,13.84059842279947,60.96181547797513,44.59160504700706,69.54746868521701,73.32614218663021,65.7687951838038,21.06241752097487,26.741863229334164,15.382971812615576
Verschieden,206,13.955130604256725,13.138997559044833,14.771263649468617,54.11626841508387,43.297900731721754,60.7894788538337,62.769366626950024,58.80959108071737,21.96807974093644,22.484435058272123,21.45172442360075
Verschieden,208,13.98907148626305,12.206696955241323,15.771446017284779,53.03256142516977,43.51601985721531,70.91639445491992,69.47791496208201,72.35487394775782,21.650524233086465,18.965774049993495,24.335274416179434
Verschieden,210,14.013154120497074,11.297174998566277,16.72913324242787,56.39355737337836,47.81142334816192,78.57391846063331,67.81033950392049,89.33749741734611,22.215755346748068,17.20350985236448,27.22800084113166
Verschieden,212,14.204116875940336,11.480585914405614,16.92764783747506,53.750535279182195,46.43339571821966,76.53547992039601,67.95472461754707,85.11623522324496,22.063545422726026,15.840626338396197,28.286464507055857
Verschieden,214,14.941934987197081,12.289478989896335,17.594390984497828,48.7176497680285,47.42529118880008,69.81998990123061,63.67826811861403,75.9617116838472,23.0041019950716,17.584895828364424,28.423308161778778
Verschieden,216,14.522607142395469,11.861578993139476,17.183635291651463,46.90399274344474,43.1042939508905,66.17208511676897,54.95796354817155,77.38620668536639,23.652117540055702,18.188902450978,29.115332629133405
Verschieden,218,14.689419298531854,13.297133770457652,16.081704826606057,49.42186046273156,40.35589700478998,63.70389520488553,53.650567759812404,73.75722264995865,21.249569717790656,19.986910252512413,22.512229183068897
Verschieden,220,15.066380460327576,13.358147612651003,16.77461330800415,52.322888427239874,41.16120843642672,67.18551606849796,54.94989939242796,79.42113274456797,24.485250375235047,21.649967262153453,27.320533488316645
Verschieden,222,15.424576836798439,13.858636117422783,16.990517556174094,50.111519134267084,42.17033473440634,69.00407333447991,56.431233553569555,81.57691311539027,25.460588354037146,22.879905636479698,28.041271071594593
VorsichtPassAuf,147,10.579940608624499,9.73244206027379,11.427439156975208,63.22337667308818,65.18309888666344,73.70423683132877,85.59176771094832,61.81670595170922,21.29526183650149,19.103381687849243,23.487141985153734
VorsichtPassAuf,149,9.89776554841583,9.223091743814495,10.572439353017163,67.47823701501345,60.038492965264254,68.66658375271945,72.5197593883214,64.81340811711748,18.66880472569493,14.595621396971792,22.741988054418066
VorsichtPassAuf,151,9.20855510623474,8.820346392335725,9.596763820133754,60.41815393277861,50.43162157287527,60.17204686665891,63.90944020380954,56.43465352950828,14.72028375020555,12.210383968426951,17.230183531984146
VorsichtPassAuf,153,9.64742557647687,9.201681289048187,10.093169863905553,56.71634554305253,46.6299610191833,49.07200455518314,54.519177885208634,43.62483122515764,14.187430654884679,12.219177993942708,16.15568331582665
VorsichtPassAuf,155,9.44479522625987,8.230945779511082,10.658644673008661,57.87565503444341,44.694005908543666,45.40942593361212,51.77110558209521,39.04774628512903,14.571559527566427,13.711641348477519,15.431477706655334
VorsichtPassAuf,157,9.46681313239863,7.665521487237261,11.268104777560001,48.60418678241294,36.320911947270254,50.76190526696304,57.34125194588379,44.18255858804228,14.765683844557135,13.451006018997603,16.080361670116666
VorsichtPassAuf,159,9.02015761718041,6.871963067162746,11.168352167198073,46.15138840762261,34.098648079741366,48.479876755333365,50.096937612887025,46.862815897779704,12.191317604817101,10.414607334707217,13.968027874926987
VorsichtPassAuf,161,9.238400284897992,6.443054860855145,12.03374570894084,45.344113970351955,31.246093052517153,42.22249086517242,42.6648606727396,41.78012105760524,12.46676300020889,10.148077906827998,14.78544809358978
VorsichtPassAuf,163,9.168640691834792,6.3931112669689325,11.94417011670065,40.35480400675013,32.7280738597811,47.140814144473154,46.77492301339248,47.506705275553834,13.007986203928798,10.064380071311234,15.95159233654636
VorsichtPassAuf,165,9.86903791287229,7.184081757732953,12.553994068011626,39.57059409007377,31.749346364785826,45.18938356080587,42.23237790082886,48.146389220782886,13.733186583004063,10.185118448959269,17.281254717048856
VorsichtPassAuf,167,10.428436399451249,7.764597278693233,13.092275520209265,41.26376276400961,31.927980779964344,43.81359078897479,39.5446723703345,48.082509207615075,14.210847832045886,11.297930847546112,17.12376481654566
VorsichtPassAuf,169,9.701076543635017,6.995694760976868,12.406458326293166,45.73679766253875,31.825493569463877,40.74304073886826,34.657637640180944,46.82844383755557,13.250703944974742,10.495758788374077,16.005649101575404
Waschen,131,15.758938075874367,15.533108676139525,15.984767475609209,63.96377305811458,57.905942421596315,60.93465529772112,64.56487718800804,57.304433407434196,26.07889596820031,25.064493642978935,27.093298293421686
Waschen,133,16.55187353491769,16.75694154373037,16.34680552610501,66.00400787102733,59.343106825796546,63.19146956722344,61.903663037822,64.47927609662489,26.009810427936497,25.57628629387338,26.443334561999613
Waschen,135,15.723857189995265,16.087543320794754,15.360171059195777,73.17598949188212,63.963543227500516,73.0110222940624,64.33300481971321,81.68903976841159,25.03232856013797,24.65836055895322,25.406296561322723
Waschen,137,16.081645991670037,17.547487687267555,14.615804296072518,78.03166116088721,71.63318672103917,82.64567317634588,61.9268600317171,103.36448632097466,25.123458676450138,25.82702144389874,24.419895909001536
Waschen,139,15.066163036017873,15.240368756325143,14.891957315710602,76.87400153618734,70.69253564202036,84.1060036540018,64.54032341589789,103.6716838921057,23.985305180807494,23.354110298995728,24.616500062619263
Waschen,141,16.172017612261634,18.688398070267496,13.655637154255775,74.9871158530966,70.15550614225724,81.79755135535156,67.60230963610543,95.99279307459769,23.766284213967694,25.46587562732266,22.066692800612728
Waschen,143,18.375830992663076,20.6108626250236,16.140799360302555,73.06598099202589,67.9591628809806,80.38970523718754,71.49652468949827,89.2828857848768,27.88131173758395,27.715837871370848,28.046785603797055
Waschen,145,19.197069381126067,21.61775412672796,16.776384635524174,74.61083526377786,64.8754961404355,76.62268664612108,66.4540802508256,86.79129304141658,28.29974312258915,28.707122904849104,27.892363340329197
Waschen,147,16.918809173378612,20.15423380088789,13.683384545869332,68.86040751143112,58.94920739400631,72.75956499377125,64.92029464666308,80.59883534087943,25.05128629086756,26.190123951530254,23.91244863020486
Waschen,149,17.158748927155933,20.153955629223322,14.163542225088543,63.56254545059049,53.94645869152547,66.84526289725731,62.57681828662952,71.11370750788511,23.635788460869236,25.125677830430647,22.14589909130783
Waschen,151,17.857354717433363,19.84252883026092,15.872180604605806,75.9321361395388,68.8656882315031,83.73086430700704,64.9730653225752,102.48866329143887,25.990937648515583,24.925988755561228,27.055886541469935
Waschen,153,18.14339398299852,20.320878479919816,15.965909486077228,74.153591117995,66.74181556440355,80.45746045676911,63.13750058995324,97.77742032358498,24.6459506289185,25.514021278851367,23.777879978985627
Waschen,155,17.606320443367792,20.373939834710047,14.838701052025538,73.5189529993306,66.52594523139666,85.10919079102227,66.1268846015848,104.09149698045974,24.001978702977734,25.868172223984608,22.13578518197086
Waschen,157,17.052503647993323,19.486951065999328,14.618056229987317,71.2325620581984,66.41549140906821,76.21948240691552,64.20299059543589,88.23597421839513,24.51992669311592,26.19265960911872,22.847193777113123
Waschen,159,18.367389017186966,21.181330064172723,15.553447970201212,73.01384746310165,67.27043894829606,75.68471719026442,65.05813612095176,86.31129825957709,26.49821573369816,27.65624100006195,25.340190467334367
Waschen,161,18.18410441177742,20.310708219787944,16.057500603766897,68.51844293835147,64.57957128702809,71.11572424083955,61.96995485049175,80.26149363118736,25.91196860300498,25.974355541901463,25.8495816641085
Waschen,163,18.040135892033366,20.683481044504113,15.39679073956262,70.97777128539774,63.0132095173077,78.56168903384736,63.10218970169414,94.02118836600059,25.81510936516772,26.636115629738857,24.994103100596586
Waschen,165,17.409744255117236,19.932546204714154,14.886942305520318,71.63963593596185,65.98051658014741,77.20363690957534,64.17899229336886,90.22828152578181,24.18380856776816,25.158862360528204,23.20875477500812
Waschen,167,17.93661926763369,20.714064853321062,15.15917368194632,69.05588313991512,61.63078970990406,73.71563189299141,61.80782706704352,85.6234367189393,24.62178950754938,25.666608129506397,23.576970885592367
Waschen,169,18.019669052994388,20.917048991969462,15.122289114019315,70.88108875300699,59.72131957357916,78.23075825092363,63.148181022748496,93.31333547909877,25.608556078775806,27.243373162465776,23.973738995085835
Waschen,171,17.237390124516395,19.863373910114486,14.611406338918306,70.1843474612695,57.263879418515245,73.36294305252645,65.28860805219176,81.43727805286113,23.992591144170508,24.6984359841375,23.286746304203515
Waschen,173,19.040208456465557,21.806196454077615,16.2742204588535,71.69264631055532,61.756554757137664,75.08823236572249,62.49995466002581,87.67651007141919,28.04965955557126,28.83421259432446,27.265106516818058
Waschen,175,17.85508775047036,20.5619038513865,15.148271649554223,78.64206480353366,68.72251812983673,85.83501885810183,62.07229901379968,109.59773870240399,25.656336254119527,26.7903470091139,24.522325499125152
Waschen,177,18.523843080081797,21.356890659691228,15.690795500472362,70.78293591038812,59.14909999995487,76.52878800328955,62.06455156797026,90.99302443860884,27.82853825579265,28.499167352857164,27.15790915872814
Waschen,179,18.00248027031908,20.85507925651104,15.14988128412712,71.7520713978664,60.50435693193165,77.55442006701345,62.38831629325049,92.72052384077641,26.413456906123145,27.043694899386775,25.783218912859514
Waschen,181,17.428950485574937,20.670598308887417,14.187302662262459,66.06794844594758,55.2767090493715,66.22450024987423,61.4373466442402,71.01165385550826,24.47288990582752,26.306809113902176,22.638970697752868
Waschen,183,17.23184189365443,20.464324115631854,13.999359671677004,70.74417683269868,59.21042291269363,70.53858852672676,61.98541580692118,79.09176124653233,25.06390169747788,26.458832846459707,23.668970548496052
Waschen,185,18.099361916872,21.190573554279236,15.00815027946476,71.58409538600885,61.79114561300083,76.49551633253868,62.49544560659613,90.49558705848123,26.702389891869316,27.798435282700197,25.606344501038436
Waschen,187,17.688515403358462,20.767131109746014,14.60989969697091,73.30494865467857,62.959926466382,78.4514732024464,64.67798089410977,92.22496551078302,26.05572898824426,26.61431171290419,25.497146263584334
Widerspruch,134,15.079207696934953,15.755444497870641,14.402970895999264,64.01224647231227,56.881147356823895,60.010635812779455,63.93503577110017,56.08623585445875,28.731168764038248,33.21431534387582,24.24802218420068
Widerspruch,136,13.723197837724907,15.553415717666892,11.892979957782922,66.1111147930677,63.65574116444453,57.01449335843472,52.412233497443886,61.61675321942556,29.942552843285178,40.729974413299175,19.155131273271184
Widerspruch,138,13.287952840007573,15.363130349817908,11.212775330197239,69.4179758592785,63.29668321200288,62.609159174273174,52.77043013256079,72.44788821598556,23.98682541857596,34.89999813848511,13.073652698666809
Widerspruch,140,13.653559233670666,17.156665860290044,10.150452607051289,61.38453591232665,61.40463495406483,67.64426741973884,50.616463185418695,84.67207165405898,27.312155415261156,40.94727367976936,13.677037150752952
Widerspruch,142,14.078327049783365,18.15709057291832,9.999563526648407,58.14881842526469,72.39528858517247,69.34162051837026,46.128242409337304,92.55499862740324,26.959216110085524,42.19443222806873,11.72399999210232
Widerspruch,144,14.648380954492339,17.804430425068617,11.492331483916063,53.99243714650122,53.351583317306066,63.025890915343766,51.5567133668479,74.49506846383963,28.205485272891153,42.91315587850591,13.497814667276392
Widerspruch,146,14.141015256470872,17.85653893388236,10.425491579059385,56.36530240239319,54.15099068716839,69.03897346351351,51.282740599246935,86.7952063277801,27.631705345371874,42.77797535914157,12.485435331602178
Widerspruch,148,12.964512982740217,17.19079338582022,8.738232579660213,49.88065485869253,50.51855302531873,60.43653336380376,43.35146982344127,77.52159690416626,27.01056441290021,42.14502327813974,11.876105547660678
Widerspruch,150,14.082802009275499,18.115997384697316,10.049606633853681,47.872380691952365,49.524180314822544,61.59277936718415,41.877652557286225,81.30790617708207,27.922347526406995,42.61209260940287,13.23260244341112
Widerspruch,152,14.082809064058287,16.662947761897314,11.50267036621926,54.138486286830314,58.730748780691684,77.53414812192335,39.297046669555414,115.7712495742913,28.01404278860037,40.845283341423084,15.182802235777656
Widerspruch,154,14.92299468743856,18.432802213824942,11.413187161052178,55.46869761413871,58.47275508312129,75.59292129693011,39.680509149231014,111.50533344462923,29.146317209610913,44.0892577216061,14.203376697615727
Widerspruch,156,14.412168261799511,17.653763066942084,11.170573456656937,50.24052553824927,54.16809562002709,75.05689917779189,41.32709992293419,108.78669843264959,29.439108486426846,43.187214425714,15.691002547139695
Widerspruch,158,13.968005463720388,17.908786182527187,10.02722474491359,46.58711971942051,51.34901675045366,71.50522775440757,43.670027719991246,99.34042778882389,28.044824032981225,42.23237975068911,13.857268315273338
Widerspruch,160,13.405288523911153,17.309055540612555,9.501521507209752,47.1214011193581,51.66531746745335,70.26919807730124,37.861463982065715,102.67693217253675,27.800157196371572,41.85093162252346,13.749382770219686
Ziel,126,13.38977278325395,12.226175352869335,14.553370213638566,56.34849332896932,57.72732135030428,109.935558870441,113.56864323760553,106.30247450327647,20.63662111126503,17.727456612029503,23.54578561050056
Ziel,128,14.841716067737963,13.685341747746502,15.998090387729421,51.33271491880754,53.093841688306554,102.15412298958347,95.80656621937456,108.5016797597924,24.906015961961824,20.808974553391998,29.00305737053165
Ziel,130,14.230301135381383,13.299301246047287,15.16130102471548,53.29936431961846,53.06490464179011,106.59121510194876,88.55535036260136,124.62707984129617,23.779595846029924,18.77909199912191,28.780099692937938
Ziel,132,14.665138431329957,14.416389399722464,14.91388746293745,57.48862571431135,54.999678713369896,114.28298502412065,106.3738268446339,122.19214320360742,22.35698829912109,16.589936443305007,28.12404015493718
Ziel,134,13.750495721801482,12.994846288943936,14.506145154659025,58.42906826417158,55.43781383480599,104.12187650118655,105.74066540228613,102.50308760008697,22.656190287239934,15.851546439405302,29.460834135074563
Ziel,136,13.304549448296658,12.687539045992589,13.921559850600728,55.895078293154256,52.97579042387392,86.23433302576174,96.10366539105367,76.3650006604698,21.827883227395517,15.624930706134451,28.030835748656585
Ziel,138,13.94471591384573,13.897980334062002,13.991451493629457,57.12203422926976,49.83654859722737,75.40634398820005,82.484721477339,68.3279664990611,20.421863670888506,15.167947735851468,25.67577960592554
Ziel,140,14.339480303382505,14.15978048480611,14.519180121958899,60.621653825755914,54.59267983581817,87.64064726831305,110.27371137656552,65.00758316006058,18.51812296582174,14.943798693841776,22.0924472378017
Ziel,142,13.798531580442063,13.312696140634008,14.28436702025012,56.55619803085345,51.971732373088166,78.18780737159616,95.36058547586222,61.01502926733012,20.668783603493498,15.751148495120653,25.586418711866344
Ziel,144,13.966471991057126,14.122312295267788,13.810631686846465,57.918980612126376,48.537330706540835,72.41705789503325,88.47126943985754,56.36284635020897,17.994058852423954,16.398285290283795,19.589832414564118
Ziel,146,13.882817663928147,13.787451476173738,13.978183851682557,59.88442528160792,53.484242094567826,80.11274007099799,99.25696149195397,60.96851865004201,16.583099950538028,14.931753786000575,18.234446115075478
Ziel,148,13.680310465807842,13.151261438819077,14.209359492796606,58.534105580146075,48.90171662030344,80.21108385317343,96.87874915171628,63.543418554630584,17.029691695627807,15.201203545150308,18.858179846105305
Ziel,150,14.283689911743014,13.892763057401371,14.67461676608466,54.55313502547981,48.08345538262166,78.50425599274148,90.25795377010745,66.7505582153755,16.82540044411294,16.450275453386215,17.200525434839665
Ziel,152,13.813261610738518,14.285219888590207,13.341303332886831,57.09477564208237,47.9426069787314,75.23737086472563,87.72627903139998,62.74846269805129,14.760876774745897,15.0450402411342,14.476713308357594
Ziel,154,14.392204232143364,14.303642596388295,14.48076586789843,53.84143986500804,47.13563867007936,71.05281919314223,75.60904042779602,66.49659795848844,15.25796826605859,14.546426279826608,15.969510252290574
Ziel,156,15.776760045945466,14.991661838111819,16.56185825377911,51.871763579507395,45.20075272458468,75.51385496299345,82.58958909190167,68.43812083408523,16.414967363464967,15.001027230062729,17.828907496867206
Ziel,158,14.327335552320974,14.454739613382968,14.199931491258981,49.98502470783323,47.148477801540956,70.15318823294189,72.59524999544692,67.71112647043684,15.217736131220505,14.967100417500253,15.468371844940759
Ziel,160,15.31748471393415,14.335918813684703,16.299050614183596,50.44329584803636,44.492238417736466,68.88855355957156,74.3164615721425,63.46064554700064,17.595034923418922,16.179023865408183,19.011045981429664
Ziel,162,14.258591552685383,13.686541709030005,14.830641396340761,52.30028298633116,47.57357585988385,70.74301455768226,74.28969347714376,67.19633563822076,16.98929619502743,14.938269892783142,19.040322497271717
Ziel,164,14.878935367117887,14.039593768536635,15.718276965699138,57.243563518084976,48.114915945013344,68.75974946534824,73.58583334647378,63.93366558422269,18.93129486150827,17.157971015014365,20.70461870800218
Ziel,166,14.117009270260297,13.892973006553062,14.341045533967534,59.63017841777729,47.59565701778896,69.53670805123289,74.52838797645619,64.54502812600961,16.755578624115593,14.902387504568521,18.608769743662663
Ziel,168,14.899586239614996,14.379751925430833,15.419420553799158,56.6761985911467,47.43013018919312,69.82543606345203,73.18876671544461,66.46210541145945,18.664949761791952,16.35808228306218,20.971817240521727
Ziel,170,15.00983502339329,14.27630919227125,15.74336085451533,57.9786650347273,50.45369021029204,72.84399070109882,79.9200936012171,65.76788780098052,18.404759409279404,15.543887412169626,21.26563140638918
Ziel,172,14.524934944204887,13.880876322800251,15.168993565609522,59.27187037053703,49.581182421049384,73.147600560428,79.04544778677409,67.2497533340819,18.29635988496883,14.674997103332103,21.917722666605556
Ziel,174,14.58899315013988,13.725408319197816,15.452577981081943,52.527898447028825,44.88561121186946,66.58309044756845,67.54148242908478,65.62469846605211,17.147957033085753,14.237642342669396,20.058271723502106
Ziel,176,14.690492785654952,15.206689797751558,14.174295773558345,58.151536320980576,47.96943964527956,75.12871696368231,87.0681916502924,63.1892422770722,15.828797537959119,15.277845806213207,16.37974926970503
Ziel,178,15.744161487936662,15.231606029690123,16.2567169461832,56.140663645400004,48.36732967333707,79.200598676731,93.72130036624583,64.6798969872162,17.214984759559535,15.21432356156815,19.21564595755092
Ziel,180,14.796930515713793,14.446271620504971,15.147589410922617,58.76308653878362,49.855185838859015,74.3426598927835,82.58247526814519,66.1028445174218,18.573338663567572,16.1865643727021,20.960112954433043
Ziel,182,14.384692840073555,13.956492359316972,14.812893320830138,58.785643895125794,49.26531618714689,71.1930427429326,79.08906725620096,63.29701822966424,18.552356293355857,14.51246617205151,22.5922464146602
Ziel,184,14.215449234836012,14.046219117622023,14.384679352050002,58.34228667479289,47.19773011212503,66.71119118458691,70.51083386815533,62.91154850101849,16.99050662172221,14.162987302361554,19.818025941082865
reparieren,119,13.577485239377909,17.636933182960217,9.518037295795601,69.54927192205888,56.115374013501324,67.2079297851945,57.073574443179396,77.3422851272096,20.680054463112416,29.59489451465363,11.765214411571202
reparieren,121,14.472069629976811,17.794870962594043,11.149268297359578,58.86714758586138,47.117102574617974,51.58025613836808,42.07828112372496,61.08223115301119,21.811661469026255,30.491201440099037,13.132121497953474
reparieren,123,13.204821920203187,16.9390157679002,9.470628072506173,61.79532349149881,51.03640104314294,55.37049462871628,40.39912900199309,70.34186025543947,18.957918119086937,26.830841122584438,11.084995115589436
reparieren,125,12.740992370631387,15.86549136242943,9.616493378833345,59.0983508774074,48.11448957654089,55.478560826724205,36.33366889424641,74.62345275920201,18.55790162277439,25.24004453907451,11.875758706474272
reparieren,127,12.972948453436349,16.269263046746378,9.676633860126321,51.98035598057404,46.99988971394545,62.47101956067548,38.27629565039578,86.66574347095518,18.886827903846587,26.315537561926444,11.458118245766727
reparieren,129,12.297890720713593,15.12560622611385,9.470175215313336,55.21725610826522,48.80867494220426,70.27052854130372,42.04934665828912,98.49171042431833,19.24811729641395,26.906136716337937,11.590097876489969
reparieren,131,12.043623308729089,15.32555246433627,8.761694153121908,59.040522688457344,55.06760824215324,76.55618356266812,52.496916648949274,100.61545047638697,19.486345164900097,28.04118354347519,10.931506786325007
reparieren,133,14.004939682705311,17.299983688988977,10.709895676421645,66.4042565933975,61.9551664360585,85.01529410425269,53.46812555595098,116.5624626525544,22.194914860227538,29.77674986378061,14.613079856674467
reparieren,135,13.47970957386536,17.514782387383576,9.444636760347143,74.98237778480257,67.17956649805895,85.11005145200973,58.659532569022254,111.56057033499721,22.073375439774097,31.042924050261377,13.103826829286815
reparieren,137,13.43575899480179,17.173907676443992,9.697610313159586,74.6423333855172,66.11554710792498,70.25658065347349,50.537685492174134,89.97547581477285,21.385162888220428,29.73270632324274,13.037619453198118
reparieren,139,13.419558706444594,17.319243405906708,9.519874006982482,68.63671931158616,62.2775919494966,62.36666245629242,43.71340620903223,81.0199187035526,20.26620347647177,28.489945777235672,12.042461175707867
reparieren,141,13.703829459219529,17.30080549200903,10.106853426430028,67.50729689009188,56.778971626785506,69.81574524136059,40.79065061540773,98.84083986731346,21.36526759066203,28.41914903299567,14.311386148328385
reparieren,143,13.656345790616351,16.449229351424506,10.863462229808196,61.391708789328646,53.19050100486046,67.62236252986432,39.602672494798185,95.64205256493047,20.09492758005561,26.759723310133342,13.43013184997788
reparieren,145,13.434260590049924,16.499676965910805,10.368844214189043,59.72166517533313,52.276323928877176,61.51184330857233,37.13434182843014,85.88934478871452,19.97653368865648,26.703635693345777,13.249431683967186
reparieren,147,13.865642786292153,16.561472596955305,11.169812975629002,60.182066065338,52.60873204934305,67.69966016521282,38.06805403269389,97.33126629773174,21.265062747268235,27.610309838801633,14.919815655734835
reparieren,149,13.539224769563715,16.577965295448283,10.500484243679146,57.79523671469329,50.3278543721787,64.1113243649111,41.89644202951031,86.32620670031189,20.817199141475154,28.27873359393672,13.355664689013587
reparieren,151,13.333189713558209,16.951735898609158,9.71464352850726,66.13711875198774,57.528242414650876,73.6886928106866,48.00168807299684,99.37569754837638,21.014678975985763,29.433102483754432,12.596255468217095
reparieren,153,13.267828843838341,16.51350773114578,10.022149956530901,68.33475163857892,59.76885058820953,69.61632452143783,45.47467566627742,93.75797337659824,21.27233979248162,28.77246590268286,13.772213682280382
reparieren,155,13.067387122004387,16.679694631541498,9.455079612467275,70.36075351953961,60.826224702238825,74.13737799803866,52.230434157669194,96.04432183840811,20.773173273516893,29.186539848632158,12.359806698401629
reparieren,157,13.776310448216467,17.38373616161344,10.168884734819494,63.189411604885876,52.739228587936786,62.43190329971297,41.388780051639095,83.47502654778685,21.11531595267148,29.0281288951081,13.202503010234862
reparieren,159,13.836825027381693,16.84797080408392,10.825679250679464,59.987497817273045,51.5021964328767,62.51931779023401,37.676413104133566,87.36222247633445,21.296150883640625,28.06223405569192,14.530067711589327
reparieren,161,13.790406647588718,16.177865945404772,11.402947349772665,66.51457217817013,56.74303608341542,64.24222962921628,37.49161417693083,90.99284508150174,20.257189664351003,26.67166874785338,13.842710580848623
