clip_id,frame_id,method,one_handed_class_0,tr_all_mm,tr_left_hand_mm,tr_right_hand_mm,tr_upper_body_minus_face_mm,tr_upper_body_minus_head_mm,tr_upper_body_mm,v2v_left_wrist_mm,v2v_right_wrist_mm
Ablehnen,149,V5,False,45.36287578867833,9.775077722772982,19.03881251859628,27.54124620712998,38.475455393620614,24.762617359321027,9.775077722772982,19.03881251859628
Ablehnen,151,V5,False,45.37584497039212,11.286780294441542,20.376325878047147,28.790615177452334,42.646752155360204,25.54622188052815,11.28678029444154,20.376325878047147
Ablehnen,153,V5,False,44.49130627116066,11.179193269542756,12.122836905072134,28.223351498985483,39.18361812097196,25.284585135904624,11.179193269542754,12.12283690507213
Ablehnen,155,V5,False,49.38184777257371,9.96667358883601,15.522868475549897,32.92122079982036,51.989111381029595,28.333953516647664,9.966673588836008,15.522868475549897
Ablehnen,157,V5,False,48.2290010417264,9.606296034827322,13.149639821066428,34.17572402770191,57.801624296156085,28.642650523205152,9.606296034827322,13.149639821066428
Ablehnen,159,V5,False,47.375757764918234,9.475913380357802,10.248740340470343,32.85764184263873,55.98904963533949,27.431571775371893,9.475913380357802,10.248740340470343
Ablehnen,161,V5,False,48.196758365309655,8.739358819397324,9.043953159085735,31.524239464766048,53.143273396602744,26.499768579335317,8.739358819397324,9.043953159085735
Ablehnen,163,V5,False,48.53955397809293,8.250319475156559,9.213117066094586,32.595060564195,55.01232695945334,27.322653534589012,8.250319475156559,9.213117066094586
Ablehnen,165,V5,False,44.569346476833374,9.535994544170547,8.72307651327292,28.676580203043258,46.36534740930691,24.129394046844453,9.535994544170547,8.72307651327292
Ablehnen,167,V5,False,45.859479748887495,7.519631868275675,8.400881478746268,29.584983036258222,48.84520929524217,24.9457053687666,7.519631868275673,8.400881478746268
Ablehnen,169,V5,False,44.10779956165769,8.25406803158937,8.94920961831804,27.4869261552929,45.93915387139266,23.09359802922425,8.25406803158937,8.94920961831804
Ablehnen,171,V5,False,42.84507772549985,8.062796239190261,9.372375727332196,29.0308841409281,47.16512360024461,24.454570528135292,8.062796239190261,9.372375727332196
Ablehnen,173,V5,False,40.55149711006202,8.663449273359975,8.713712655389681,28.442975534564148,44.683241813058196,24.1202871058877,8.663449273359975,8.713712655389681
Ablehnen,175,V5,False,43.137570517920366,7.953044048564718,9.015471050291866,30.20083601625576,49.08189439633527,25.483045893196476,7.953044048564718,9.015471050291866
Akzeptieren,124,V5,False,35.310442330096485,6.088717102168062,6.900470824119601,25.99959300867978,37.99910328977052,22.215374050014418,6.0887171021680615,6.900470824119601
Akzeptieren,126,V5,False,36.43993522609046,6.092291674092108,7.126420003881929,26.352833540424953,37.28284229991084,22.740572284046504,6.092291674092108,7.12642000388193
Akzeptieren,128,V5,False,40.62886770361152,7.134304618114667,6.720160315514159,31.788370906839358,40.4297271709399,27.921115437239443,7.134304618114667,6.720160315514159
Akzeptieren,130,V5,False,40.35428841224392,6.581406719567425,6.547244539640713,30.881147757961802,38.922144140096066,27.26579005447746,6.581406719567425,6.5472445396407135
Akzeptieren,132,V5,False,39.285417688296825,6.549664814315494,4.836422808032719,30.66071673160855,38.1151047799727,27.106149848367036,6.549664814315494,4.836422808032719
Akzeptieren,134,V5,False,38.482001686282345,6.599643599629056,5.205299246501511,30.71961590692376,36.79396933125216,27.36320276294715,6.599643599629057,5.205299246501511
Akzeptieren,136,V5,False,40.76049361098836,6.555022728089101,5.680515901868056,27.958681401794216,34.52493921529897,24.747326718877904,6.555022728089101,5.680515901868056
Akzeptieren,138,V5,False,42.477829478539796,8.296410233650684,6.171591741521045,37.349231435781014,40.38238829541419,33.639537840016125,8.296410233650684,6.171591741521045
Akzeptieren,140,V5,False,39.03156836436325,8.872144481962037,6.035409156494044,30.26085809204042,36.666273116379976,26.848563411498002,8.872144481962037,6.035409156494043
Akzeptieren,142,V5,False,39.409340992593265,9.019087965745193,5.891900819988829,29.141187418081433,35.455574837022965,25.93606830373561,9.019087965745193,5.891900819988829
Akzeptieren,144,V5,False,40.54003615012974,8.899906644074088,6.384108174656221,31.150013586064247,35.65160543721461,28.06656248635514,8.899906644074088,6.384108174656221
Akzeptieren,146,V5,False,42.545352926704766,8.343742042365621,6.265267026208355,33.66975046036816,36.38178087547715,30.740944441115673,8.343742042365621,6.265267026208355
Akzeptieren,148,V5,False,42.69370604374163,7.363132045019229,6.570890297549459,27.63691166950245,35.31357686040499,24.552961842670825,7.363132045019229,6.570890297549459
Akzeptieren,150,V5,False,45.261643534932496,7.049368227375224,6.019656140753675,25.64169945067181,35.389194625924226,22.55632910172798,7.049368227375224,6.019656140753677
Akzeptieren,152,V5,False,45.05581418476877,7.560651891819065,6.014251666175891,25.354661591345625,35.20789282957624,22.17868507796772,7.560651891819065,6.014251666175892
Akzeptieren,154,V5,False,39.92397439672038,7.483103700983482,6.636458824636529,25.96630591827311,32.998485440387576,23.056275442820855,7.4831037009834835,6.636458824636529
Akzeptieren,156,V5,False,40.163803316662026,7.824308256749356,6.133773949270031,23.45171935987053,30.899838488913407,20.811727671727684,7.824308256749356,6.13377394927003
Akzeptieren,158,V5,False,39.88030912375951,8.250202068629143,5.592886063706061,24.13194341889777,30.945113091463263,21.390782480069674,8.250202068629143,5.592886063706061
Akzeptieren,160,V5,False,40.073680608010065,7.837870321843662,6.20073505607346,25.90814724277406,30.95190209232838,23.391742071069046,7.837870321843663,6.20073505607346
Akzeptieren,162,V5,False,40.20546253469677,7.478673651749474,5.93649735181484,23.639942825884255,31.956634939705395,21.01351251467255,7.478673651749474,5.93649735181484
Akzeptieren,164,V5,False,37.52698879758507,6.899398969980498,6.032286359776473,24.375570537392655,32.23819918244693,21.636284928552413,6.899398969980498,6.032286359776473
Akzeptieren,166,V5,False,39.01125295930553,6.951615931416509,6.059008211064113,25.469799923238384,31.410982405890124,22.786235545823022,6.951615931416509,6.059008211064113
Akzeptieren,168,V5,False,41.443008695309544,7.232507995221695,6.058147912160235,26.091332079344802,32.653151333796224,23.430238707785623,7.232507995221695,6.058147912160235
Akzeptieren,170,V5,False,41.77684927239897,7.4550229599249915,5.889488019941724,26.320992761483097,32.06020403237594,23.51437578225918,7.455022959924991,5.889488019941724
Akzeptieren,172,V5,False,42.96587193224411,7.092288579087286,5.793095093735933,24.611331583558922,33.00070894024112,21.760236369329995,7.092288579087286,5.793095093735933
Akzeptieren,174,V5,False,42.897614612842695,7.253721068515293,6.094769670035923,24.084241712029165,32.838975241899234,21.2634485307664,7.253721068515293,6.094769670035925
Akzeptieren,176,V5,False,40.916073096573214,6.768484189179489,6.179639962881123,27.24509610174523,33.00674471165609,24.334379907873572,6.768484189179488,6.179639962881122
Akzeptieren,178,V5,False,41.811352674375264,6.873425663323381,6.108542976451109,27.78076005453943,32.64881600410708,24.898796858305513,6.873425663323381,6.108542976451111
Akzeptieren,180,V5,False,41.78779241078005,6.843419235924107,6.3920834410916,24.22805104359712,33.267016130868164,21.403487237456915,6.843419235924106,6.3920834410916
Akzeptieren,182,V5,False,41.89506991767042,6.919230159483564,6.354015523520975,24.690865917077428,33.7838128011397,21.902245218465467,6.919230159483564,6.354015523520976
Akzeptieren,184,V5,False,41.15679681509172,7.18218057557595,6.308634180780327,27.187953606526772,33.31733282440236,24.288329143908744,7.18218057557595,6.308634180780328
Arzt,166,V5,False,41.16636364162331,6.998623401975659,8.746527258501764,21.459327441029377,31.105992238404855,19.49545162145515,6.998623401975659,8.746527258501763
Arzt,168,V5,False,40.3645022561001,7.613764345731565,7.632688986809011,21.401315222824667,30.32064217002169,19.552315835831582,7.613764345731569,7.632688986809012
Arzt,170,V5,False,43.186418954500205,7.742678205289177,7.8271993067210115,21.001171801805576,30.197407977812574,19.06212025894869,7.742678205289177,7.8271993067210115
Arzt,172,V5,False,42.973576942968414,8.58889630459667,7.769105048170999,20.405882035950327,29.90294787194859,18.28083302672066,8.58889630459667,7.769105048170997
Arzt,174,V5,False,45.95357822441613,8.07023996487402,7.673543308641665,22.659932993677472,31.160646105825258,20.55141896215308,8.07023996487402,7.673543308641665
Arzt,176,V5,False,45.91243932076123,7.958389326910034,7.35342448445939,22.070543392221985,31.65046802879818,19.957697927656575,7.958389326910034,7.35342448445939
Arzt,178,V5,False,45.83910132316423,8.200037936856788,7.684209304417999,22.140113025477834,32.091372656879514,19.821007144198827,8.200037936856788,7.684209304418001
Arzt,180,V5,False,44.05769653019591,8.10151782200148,7.53884990469981,21.547546090058496,32.34087792208822,19.49054236481014,8.101517822001481,7.53884990469981
Arzt,182,V5,False,45.37774040772439,8.664168025290197,7.84990024581836,20.886015218344454,30.56867667720587,18.424478956608795,8.664168025290197,7.849900245818358
Arzt,184,V5,False,43.877281847538775,9.041289425288664,7.971777142688751,20.065170290652894,30.76546448480631,17.55735144830404,9.041289425288664,7.971777142688753
Arzt,186,V5,False,45.347491082326705,9.494727286554456,7.89399219518682,20.670398565716702,30.60908740976577,18.086962485271453,9.494727286554458,7.89399219518682
Arzt,188,V5,False,46.917394237498826,9.509957801633458,7.523185239949908,21.76060508294867,31.76434982513298,19.14011744903619,9.509957801633458,7.523185239949909
Arzt,190,V5,False,46.96828126247401,9.669441829931305,7.476786907144947,21.421473878760317,30.92599747172269,18.785388590555108,9.669441829931305,7.47678690714495
Arzt,192,V5,False,49.15816307850742,9.629533369636496,7.746752120800049,21.881961510488637,32.08473554058929,19.198702625570704,9.629533369636496,7.74675212080005
Arzt,194,V5,False,47.40633306432481,9.200822027736718,7.900179226577271,21.64406736943855,31.587559727079093,19.00004241618172,9.200822027736718,7.900179226577271
Arzt,196,V5,False,45.79687816662566,9.757955149815908,7.723562917986049,21.655893220983632,31.989524260930775,19.072077708433877,9.757955149815908,7.723562917986049
Arzt,198,V5,False,47.26254570103033,9.912936438663634,7.566931101853191,21.743928019447743,31.101422319565366,19.1399408050551,9.912936438663634,7.566931101853191
Arzt,200,V5,False,48.838681007794705,8.682717535751472,7.499406600305007,22.237312818967037,30.896027028768295,19.633679784993753,8.68271753575147,7.499406600305006
Arzt,202,V5,False,48.41319064475797,9.869912912706315,7.4910241300300315,22.456826215300953,31.75762086742061,19.749477568821803,9.869912912706315,7.49102413003003
Arzt,204,V5,False,47.27319527856363,9.9366116200586,7.463174913543511,22.369190196680506,31.405324083171106,19.667777081036288,9.9366116200586,7.463174913543512
Arzt,206,V5,False,50.593466956226635,9.302344740966374,7.342245058787315,22.821629421275205,31.842553530048438,20.109491996869817,9.302344740966374,7.342245058787315
AufgebenResignieren,122,V5,False,44.26177469523693,12.953583772097124,10.04718897460255,40.31467979630083,48.36983818552575,36.205699602362685,12.953583772097124,10.04718897460255
AufgebenResignieren,124,V5,False,50.99241456362409,13.926425029236336,12.251929958427318,45.62970570527705,49.89112879154361,41.32107224840767,13.926425029236336,12.251929958427318
AufgebenResignieren,126,V5,False,51.804580361539905,13.392695406648928,14.251522762865473,49.709776356165776,51.21850265713242,45.49114672176079,13.392695406648928,14.251522762865473
AufgebenResignieren,128,V5,False,51.9496356147387,13.993412709955365,14.286239150338611,46.63183606384281,50.53721778993939,42.553530874909136,13.993412709955365,14.286239150338611
AufgebenResignieren,130,V5,False,51.40440677498312,13.33131147300607,13.826505862540124,49.250899822110945,50.65856794535073,45.1484131358155,13.33131147300607,13.826505862540124
AufgebenResignieren,132,V5,False,34.73682640019686,12.022238163496421,13.855482021881011,22.998576572900795,25.416731875837055,21.661679810680486,12.022238163496421,13.855482021881011
AufgebenResignieren,134,V5,False,34.546456497052304,10.778115467927828,13.66824821387401,22.61087844473225,29.246851903853017,21.413427963764256,10.778115467927828,13.66824821387401
AufgebenResignieren,136,V5,False,34.63779190490393,9.870961410924044,12.451436274234068,22.18743501174897,30.222061231205135,20.85467756280333,9.870961410924044,12.451436274234068
AufgebenResignieren,138,V5,False,35.00809734320505,9.303226918084622,10.469192061871443,22.767293874894175,31.254176531187028,20.86420768453708,9.303226918084622,10.469192061871446
AufgebenResignieren,140,V5,False,35.42153056816319,8.1317539276247,9.281518460581209,22.896192657603027,30.674358580287553,20.998282069291406,8.1317539276247,9.281518460581209
AufgebenResignieren,142,V5,False,37.14228968274579,7.6791422474552915,7.407418757343774,26.34488486991491,31.631840370449098,24.15326203677401,7.6791422474552915,7.407418757343774
AufgebenResignieren,144,V5,False,39.52084293690456,7.639612136069146,7.987086235006324,31.229338812663425,33.24262680358534,28.798292583168834,7.639612136069146,7.9870862350063225
AufgebenResignieren,146,V5,False,39.919205961096615,9.54702023883075,8.999536851358595,28.39966688372137,33.92852659683731,25.356510436095355,9.54702023883075,8.999536851358595
AufgebenResignieren,148,V5,False,45.22316722219595,10.189230455484937,10.90645030145773,32.21313938185165,40.40545170778417,28.344000762000483,10.189230455484937,10.90645030145773
AufgebenResignieren,150,V5,False,48.250733744978696,9.140634457722502,11.908065886891695,42.47422889713281,46.961624357308075,37.96291435319517,9.140634457722502,11.908065886891695
AufgebenResignieren,152,V5,False,41.72960655081993,8.061392533630103,11.779980526395528,32.613594609559705,39.16576573114974,28.88508807641827,8.061392533630103,11.779980526395528
AufgebenResignieren,154,V5,False,37.449118112735334,9.229460494365803,13.11496529074751,26.168864289867017,37.28230251297944,22.59400400455664,9.229460494365803,13.11496529074751
AufgebenResignieren,156,V5,False,37.37617781986831,9.587498409993044,12.565541540774088,25.144530093202494,37.54429934418773,21.586378497302313,9.587498409993044,12.565541540774088
AufgebenResignieren,158,V5,False,39.064720330203926,9.945795320352264,13.275304485640007,26.195422778070615,39.6342867428691,22.635080617288832,9.945795320352264,13.275304485640007
AufgebenResignieren,160,V5,False,40.597905569211434,9.114420465203363,12.627606164475292,25.97283654239774,38.63421050830203,22.57764135214006,9.114420465203363,12.627606164475292
AufgebenResignieren,162,V5,False,39.33264696661659,9.16995365941845,12.257828776686232,25.836819365680405,37.86789103972664,22.398917911880027,9.16995365941845,12.257828776686232
AufgebenResignieren,164,V5,False,40.787956508465356,9.596670431473978,13.216803539112334,27.05711828206895,40.09573959976042,23.68065096660551,9.596670431473978,13.216803539112334
AufgebenResignieren,166,V5,False,38.46452493926515,8.572390671873778,12.514153533590754,25.463042909708026,37.026782166008246,22.13286739022183,8.572390671873778,12.514153533590754
AufgebenResignieren,168,V5,False,40.022681045825784,9.69645704812059,12.545774182573972,26.06254690202047,38.9753553720988,22.688907357095413,9.69645704812059,12.545774182573972
AufgebenResignieren,170,V5,False,39.70492289384752,8.56919714449148,12.56334852018825,25.39454337590962,38.67486240921,21.703074299918146,8.56919714449148,12.56334852018825
AufgebenResignieren,172,V5,False,43.10398232229254,9.436216204168383,12.17187689822785,28.031181649874434,40.664349704523545,24.323472246678165,9.436216204168383,12.171876898227852
AufgebenResignieren,174,V5,False,42.68280530643375,9.85271028572666,11.276239266689544,27.80186543432131,45.20143521985472,23.659581603508496,9.85271028572666,11.276239266689547
AufgebenResignieren,176,V5,False,42.43219396727364,8.800393416928719,11.509246645205236,29.401318115869834,46.60365421917711,25.083918983398817,8.800393416928719,11.509246645205236
AufgebenResignieren,178,V5,False,43.86713713490403,9.714525695901747,12.126592877131008,27.49916955511176,40.32983691988844,23.904718237187016,9.714525695901747,12.126592877131008
AufgebenResignieren,180,V5,False,45.0568789435709,8.888329529301366,12.594180475581162,30.018275163425454,41.21987418913259,26.40513113216207,8.888329529301366,12.594180475581162
AufgebenResignieren,182,V5,False,40.354792983215916,9.93364943133575,12.47163771622355,25.32862783288888,38.32425585481509,21.80290883457338,9.93364943133575,12.471637716223547
AufgebenResignieren,184,V5,False,44.39135347635375,8.901277139931711,12.716859715150962,29.10079705089343,41.00968290524887,25.49882943572826,8.901277139931711,12.716859715150962
AufgebenResignieren,186,V5,False,44.62864640148404,9.905786161883112,12.376085049903166,29.59819941745087,41.066165305829955,26.016230847669004,9.905786161883112,12.376085049903166
AufgebenResignieren,188,V5,False,47.5249888499921,8.78888008284485,12.18742616299848,32.028028366194135,41.95289892705028,28.42264978273715,8.78888008284485,12.18742616299848
AusgebenGeldVerschwenden,120,V5,False,43.85544602294647,8.57336497637916,13.20137519950673,22.931559739308724,34.810195795544125,20.37181006115998,8.57336497637916,13.201375199506728
AusgebenGeldVerschwenden,122,V5,False,41.87258354924251,8.90043926180767,12.166318855790111,26.240050786342948,37.29485840505121,23.39343827128896,8.900439261807668,12.166318855790111
AusgebenGeldVerschwenden,124,V5,False,40.70356109967343,8.952440053466983,11.05474451722664,31.42297726949291,42.98507045412254,27.968507656421743,8.952440053466983,11.05474451722664
AusgebenGeldVerschwenden,126,V5,False,43.237802304483225,8.531634424526418,12.562025383704306,32.07822234078687,44.976566863818476,28.14301950547438,8.53163442452642,12.562025383704306
AusgebenGeldVerschwenden,128,V5,False,41.12824347677476,8.399903377975315,12.15079442493781,34.14358498027721,49.95978017491284,29.57418274448036,8.399903377975315,12.150794424937812
AusgebenGeldVerschwenden,130,V5,False,41.09213193487574,7.887795792631476,11.098669458893776,30.281303211267197,47.84691956475832,25.72298063118486,7.887795792631476,11.098669458893776
AusgebenGeldVerschwenden,132,V5,False,42.80473563100421,7.591335135233017,11.887497006705887,27.123124307628423,44.605086809067835,22.82402096075222,7.591335135233017,11.887497006705887
AusgebenGeldVerschwenden,134,V5,False,35.217689217641905,7.432436996760614,11.939438488127701,22.84474793447081,35.31790623708021,19.71230594353993,7.432436996760614,11.939438488127701
AusgebenGeldVerschwenden,136,V5,False,38.354087927002425,8.530881787224828,13.335494042696581,22.783513982672783,36.195321487315745,19.73282745690902,8.530881787224828,13.335494042696581
AusgebenGeldVerschwenden,138,V5,False,35.423152225763545,8.402243241911581,12.661954490301813,21.070845301744544,30.412953022865572,18.40872014737974,8.402243241911581,12.661954490301813
AusgebenGeldVerschwenden,140,V5,False,39.66102085402066,8.710037183620493,13.030816934618668,21.73985253171176,28.843071219198453,19.35206409821104,8.710037183620493,13.030816934618668
AusgebenGeldVerschwenden,142,V5,False,37.87602503601203,9.491219463491579,13.911922216676203,21.663465034716346,30.921357519124612,19.233000066327836,9.491219463491579,13.911922216676203
AusgebenGeldVerschwenden,144,V5,False,37.53724263530194,8.837471096587718,13.946407112533265,20.73829441139782,28.956213197706894,18.403971033288244,8.837471096587718,13.946407112533265
AusgebenGeldVerschwenden,146,V5,False,38.22348153173769,9.222951722606211,13.811497787102768,21.070168615742737,31.242718059271617,18.567767341546705,9.222951722606213,13.811497787102768
AusgebenGeldVerschwenden,148,V5,False,41.46870443261348,8.184847321899422,14.221278895880332,25.93601987048851,38.6132712758714,22.557232222746833,8.184847321899422,14.221278895880333
AusgebenGeldVerschwenden,150,V5,False,44.59214568319146,9.947979438953556,14.100117890046793,25.654486091708318,38.70945178306342,22.211462851541466,9.947979438953556,14.100117890046791
AusgebenGeldVerschwenden,152,V5,False,43.38708520924962,7.0446884287638785,12.230222988134624,28.40700886281255,46.535813153447556,24.321636524389927,7.0446884287638785,12.230222988134624
AusgebenGeldVerschwenden,154,V5,False,41.164639221044446,7.1448321089383695,10.644881272475361,24.376968286965656,38.911462540557785,20.796153204556486,7.144832108938369,10.644881272475361
AusgebenGeldVerschwenden,156,V5,False,39.36186895272887,7.198886988985786,11.586246168928277,22.924575063665454,35.499396977340375,19.601841305711456,7.198886988985786,11.586246168928277
Auto,104,V5,False,41.01443243718863,10.682105321705972,13.485836478272374,26.980221204365236,42.05090368813269,23.505084193379734,10.682105321705968,13.485836478272374
Auto,106,V5,False,39.05865811466603,11.03493870137674,13.61060314147622,27.17029656513696,40.333006078253206,23.826777539061652,11.034938701376738,13.61060314147622
Auto,108,V5,False,37.41277516386556,11.71822778893745,12.246332219206463,23.231246684624306,34.05989207135554,20.752531795674575,11.718227788937451,12.246332219206462
Auto,110,V5,False,37.64023083875474,11.200915506958598,12.706819267875618,25.553388446924004,37.87425632918405,22.69636369470349,11.200915506958598,12.706819267875618
Auto,112,V5,False,35.51896924798003,11.198774401501678,12.948629175326245,24.37243046423158,35.435274689653056,22.02774405739977,11.198774401501678,12.948629175326245
Auto,114,V5,False,37.77355968267872,12.291659081161237,11.640765517376096,25.70230386510677,32.209162785423906,23.547565056872166,12.291659081161237,11.640765517376096
Auto,116,V5,False,38.271334464524394,12.469557756042477,12.051016118430836,27.63168888283697,37.26670614459855,24.828375008940323,12.469557756042477,12.051016118430836
Auto,118,V5,False,37.84913040197491,12.765604168455557,11.379732978693426,28.19245323729082,40.29640815584129,24.876120703083153,12.765604168455557,11.379732978693426
Auto,120,V5,False,39.19880941378738,13.579202685106964,11.49970534079472,32.29900978771354,47.16564429611599,28.364032354031323,13.579202685106964,11.499705340794717
Auto,122,V5,False,40.61779481410063,12.757300008563393,11.901875572779703,29.843392122886808,45.80643312175627,25.970017937499758,12.757300008563393,11.901875572779703
Auto,124,V5,False,40.95336360484192,11.460612852566664,11.917388460328782,29.684423299477498,45.32526201762573,25.740102888639456,11.46061285256666,11.917388460328782
Auto,126,V5,False,39.90666962647379,10.868126941433367,11.655398332124886,27.99536535522031,41.33156151026725,24.261136515730957,10.868126941433367,11.655398332124886
Auto,128,V5,False,38.208127238144804,9.834834431310842,12.071867113548757,24.280859712092518,36.22601714975209,21.741806599312465,9.834834431310842,12.071867113548757
Auto,130,V5,False,34.99833508100035,10.061933730031319,12.099132335060732,22.605034830834484,33.31880899872922,20.060179915545927,10.061933730031319,12.099132335060732
Auto,132,V5,False,38.77511551266383,9.827207438008685,11.81842505632524,21.97987954111269,32.80043676559698,19.726772900272206,9.827207438008685,11.81842505632524
Auto,134,V5,False,38.84129756378324,9.698598377511264,12.87111078647496,21.154008391887956,31.953396861012298,18.73277655012015,9.698598377511264,12.87111078647496
Auto,136,V5,False,37.26540949735706,10.41896975393958,13.284840545971974,23.399421536254962,35.25793722065973,20.37471713098219,10.418969753939576,13.284840545971974
Auto,138,V5,False,35.68473255192658,10.50396014745944,13.157865664281506,20.65633078231317,31.932635867622768,18.06025537104392,10.50396014745944,13.157865664281507
Auto,140,V5,False,38.419038608313876,10.25012092591929,12.981284043174265,20.99308633515011,32.00740276256448,18.239511638680096,10.25012092591929,12.981284043174265
Auto,142,V5,False,37.84750646959654,10.365990398291661,12.60296646317351,22.138608321990432,32.84853450051726,19.493086755496968,10.365990398291661,12.60296646317351
Auto,144,V5,False,37.1785396541499,10.627112627635086,11.808135493796101,21.856453397742136,31.334222677190972,19.81842041174997,10.627112627635086,11.808135493796101
Auto,146,V5,False,38.782703026501984,10.98510844506346,12.319177294191975,22.354176616852552,31.726827132397293,20.050749256092686,10.98510844506346,12.319177294191975
Auto,148,V5,False,34.24699660117806,11.360726987615687,12.56391960335574,23.836769666055503,33.275302224872505,21.082524433992425,11.360726987615687,12.563919603355737
Auto,150,V5,False,34.448603151893295,10.718137167691566,13.471738891745854,21.5620378395854,29.720429892879654,19.01884574637222,10.718137167691566,13.471738891745854
Auto,152,V5,False,31.870304006495417,10.87234254019937,12.464239793864458,22.4437093636771,31.409361074835765,19.826951406464982,10.87234254019937,12.464239793864458
Auto,154,V5,False,37.49716082121294,10.475918214832626,12.244111844888995,24.081610459054108,35.159643030706654,21.545363920359556,10.475918214832626,12.244111844888995
Auto,156,V5,False,35.969282759279835,11.01707946825338,13.443582009836536,23.9590054249035,34.59228998084742,21.1376502077785,11.01707946825338,13.443582009836536
Auto,158,V5,False,34.38298414740783,10.96751269784132,12.058747269405641,23.13221886343421,34.26190172857085,20.438927187850595,10.96751269784132,12.058747269405641
Auto,160,V5,False,35.64196249533771,10.843553094299407,12.799804275468015,23.49914799805792,35.22361761046097,20.75590873155576,10.843553094299407,12.799804275468015
Auto,162,V5,False,35.1356058767453,10.89769845447728,13.278326454566608,23.170386818525476,34.571068815482406,20.342565905813846,10.897698454477284,13.278326454566608
Auto,164,V5,False,35.72842410312902,10.800670322432603,12.028836452919833,24.660878485609274,35.96055489921392,21.719334868959212,10.800670322432603,12.028836452919833
Auto,166,V5,False,38.70729444556075,11.357765400527438,12.74914726412933,24.23982718772061,37.025726840506564,21.45374656156416,11.357765400527441,12.74914726412933
Auto,168,V5,False,36.99451637945834,11.194552735113579,12.850573735691876,25.241730701889928,36.611892258085646,22.22693158411651,11.194552735113579,12.850573735691876
Auto,170,V5,False,38.07944608744921,10.9195509656814,12.594685328370323,25.244744041560278,35.79959174640048,22.353289920019837,10.9195509656814,12.594685328370323
Auto,172,V5,False,36.72853861616229,11.073144677609223,12.411999995397792,24.41662985183814,35.87010663370286,21.580058914290593,11.073144677609223,12.411999995397792
BesuchenEinmischen,172,V5,False,41.60431456583385,17.78005665917771,9.174326488517881,23.124051744387714,33.93582658083042,20.801954704793808,17.78005665917771,9.174326488517881
BesuchenEinmischen,174,V5,False,40.43290989392412,11.9411744739254,8.387167828369385,26.974928491129404,39.013855040019635,24.05828209752634,11.9411744739254,8.387167828369385
BesuchenEinmischen,176,V5,False,46.24507331569723,25.948525933206287,8.354313198805984,28.75827515492063,44.671785146515866,25.402070083918026,25.948525933206287,8.354313198805984
BesuchenEinmischen,178,V5,False,41.00320745463347,12.786917713349553,8.790907861490547,24.190970591764746,36.373775816257805,21.384678520245984,12.786917713349553,8.790907861490547
BesuchenEinmischen,180,V5,False,40.79364659691982,9.05410490132554,7.96223955591234,23.318278107626703,34.64760506958685,20.88396162370437,9.05410490132554,7.96223955591234
BesuchenEinmischen,182,V5,False,42.73698258220083,20.817274555339658,8.992192012541343,25.533074499348686,37.50266184312803,22.800830297240402,20.817274555339655,8.992192012541343
BesuchenEinmischen,184,V5,False,38.10380739744543,9.445787815847089,9.285795522778043,23.615895371437045,34.08237880787728,21.31633785353337,9.445787815847085,9.285795522778043
BesuchenEinmischen,186,V5,False,39.715478189748595,18.43420420266371,9.464784761686918,26.09149863230718,38.04399344094468,23.210941013099486,18.43420420266371,9.464784761686918
BesuchenEinmischen,188,V5,False,38.37089734451074,10.17995585414216,11.198541971359532,21.581789390570346,31.015989790063507,19.63859290823668,10.179955854142158,11.198541971359532
BesuchenEinmischen,190,V5,False,37.30209379803009,20.182997808162675,12.518934467857319,27.2661094825668,34.18995800415051,24.85324037495222,20.182997808162675,12.518934467857319
BesuchenEinmischen,192,V5,False,33.15198764079501,11.80208247854224,13.228824532344648,22.04462115547039,32.61287531583651,20.008105786322627,11.80208247854224,13.228824532344648
BesuchenEinmischen,194,V5,False,35.906096404282906,20.557489085750795,13.326426751634731,27.731626748491138,38.79787493636883,24.817927283604178,20.557489085750795,13.326426751634731
BesuchenEinmischen,196,V5,False,33.555456530414666,11.929945783787893,14.440301963017687,22.582056522241025,33.069091932961776,20.29092150671937,11.929945783787893,14.440301963017687
BesuchenEinmischen,198,V5,False,33.85046502955753,16.14009353208882,14.628743795510914,23.839731781152743,32.697983301509986,21.49287657465837,16.140093532088816,14.628743795510918
BesuchenEinmischen,200,V5,False,34.755258031720466,11.915595085776513,14.613404872893957,25.47466458486577,33.21803552687195,23.21757408515775,11.915595085776513,14.613404872893963
BesuchenEinmischen,202,V5,False,35.17026823853182,18.043033064366487,14.89843296140356,25.266920229153694,33.855305957776196,22.84584490456689,18.043033064366487,14.89843296140356
BesuchenEinmischen,204,V5,False,32.5096732017987,13.148755037544992,12.642255719671306,21.32044472298276,30.55947319590273,19.14623543345726,13.148755037544992,12.642255719671306
BesuchenEinmischen,206,V5,False,34.94897005248675,18.73927154627633,14.166394993502253,25.111953242051957,34.35770289112589,22.54761141705757,18.739271546276328,14.166394993502253
BesuchenEinmischen,208,V5,False,35.30249059782026,13.961949422943302,14.384913237369684,27.529579652167758,35.554237867870874,24.91349932149211,13.961949422943302,14.384913237369684
Blitz,131,V5,True,31.636904095204496,,14.02865007156108,27.519636423776248,38.64046108556354,23.688029272793745,,14.02865007156108
Blitz,133,V5,True,30.968477410778174,,14.207175824984732,26.814630460674916,41.13894215583693,22.72520312921342,,14.207175824984732
Blitz,135,V5,True,31.78464745726032,,14.605142198272166,27.783409916346724,43.911814835072505,23.461112520386564,,14.605142198272162
Blitz,137,V5,True,36.692636537135186,,13.482755054644688,29.074320909273595,45.75076692979421,24.72155899860337,,13.482755054644684
Blitz,139,V5,True,34.00752276487649,,12.74735140961117,25.726835405087204,41.661147203655574,21.84070825255518,,12.74735140961117
Blitz,141,V5,True,36.788597908302776,,12.288437163737784,27.336882566825125,43.59026631562178,23.776747417684206,,12.288437163737784
Blitz,143,V5,True,37.37336117111104,,10.918305456002155,27.39021949207177,40.65460864887362,23.571770482314626,,10.918305456002155
Blitz,145,V5,True,39.38349167491129,,11.529567479285681,28.51234648284545,41.413939009136975,25.074286617226868,,11.529567479285681
Blitz,147,V5,True,39.167846736359024,,12.144059371300047,26.544322356469472,39.84294252565986,23.403475964609168,,12.144059371300045
Blitz,149,V5,True,39.52080878405744,,11.483278579457718,26.109598957825412,40.53793969591017,22.80762281411628,,11.483278579457721
Blitz,151,V5,True,38.46113725323235,,11.293193831389159,26.51336847493293,41.860024520245915,22.78165185493717,,11.293193831389162
Blitz,153,V5,True,37.64924419598737,,11.71950532708811,28.272443126601804,40.64183933712299,24.46534867353615,,11.71950532708811
Blitz,155,V5,True,35.16172160861896,,11.618841144965394,24.897714715267995,37.05261865576151,21.538993508808776,,11.618841144965394
Blitz,157,V5,True,35.45636816631832,,11.979911029441801,24.613880860436524,38.42709975712346,21.331965691522935,,11.9799110294418
Blitz,159,V5,True,38.30402194485927,,10.470725719453991,24.464541082713936,37.66564601234747,21.25593684456821,,10.470725719453988
Blitz,161,V5,True,42.06914841606124,,11.270289526959083,30.874916227267754,45.61881566381251,26.900820381848806,,11.270289526959083
Blitz,163,V5,True,33.934389540335104,,12.475375971567411,25.99513724865547,35.63373021212183,22.760271422515586,,12.475375971567411
Blitz,165,V5,True,35.84413917099931,,14.169279002103305,28.215064894990554,38.637223594777694,24.572787968064954,,14.169279002103305
Blitz,167,V5,True,37.556394808588884,,14.467141913713975,28.352508689824905,38.519412646476404,24.861008776408966,,14.467141913713975
Blitz,169,V5,True,44.73230398954573,,14.928378599167747,36.525201023241216,51.37302982279383,31.624689353941527,,14.928378599167747
Blitz,171,V5,True,44.66589898274424,,16.505918865180366,36.69612359463955,51.54322032891824,32.00236082883429,,16.505918865180366
Blitz,173,V5,True,42.91463545686842,,16.28906864051253,36.83408591163972,51.05274408012699,32.12852607931374,,16.289068640512532
Blitz,175,V5,True,41.60004357717165,,16.401324105900173,35.78972436297479,50.46647704946103,30.7756446441598,,16.401324105900173
Blitz,177,V5,True,39.73028979977728,,16.507050814546886,35.12624077511862,47.75403975850387,30.246861636600027,,16.507050814546886
Blume,121,V5,False,43.34098758219018,14.628030748722535,10.144612708514465,25.938785489281994,36.84849379969969,23.44496905175735,14.628030748722535,10.144612708514465
Blume,123,V5,False,38.35669376028469,14.757298327821191,10.032530203983963,26.713895259379633,36.5288403193217,23.990683839720244,14.757298327821191,10.03253020398396
Blume,125,V5,False,46.03227564518751,12.767346159044216,13.694869745736026,32.20941668108572,42.71683473132841,29.15286628796888,12.767346159044216,13.694869745736028
Blume,127,V5,False,43.65968282082277,11.286897648223942,8.481308838561418,29.940053447300706,33.862944157397386,27.8692258182282,11.286897648223942,8.481308838561418
Blume,129,V5,False,40.81216749534084,11.856237558101233,8.84765127181634,26.015958057477462,34.50250791017144,23.73835194858569,11.856237558101233,8.847651271816337
Blume,131,V5,False,47.87224201748059,18.223597883448708,9.904162508126191,29.076171711442562,36.62185483780129,26.713602016713693,18.223597883448708,9.904162508126191
Blume,133,V5,False,47.69474071797338,11.863080026661283,9.523915896280354,27.284759653832644,38.95478149321995,25.033012583843902,11.863080026661283,9.523915896280354
Blume,135,V5,False,51.38707327199098,17.773076677723267,9.479136179467272,27.243585631425507,37.41759835995054,24.97904385603601,17.773076677723267,9.479136179467273
Blume,137,V5,False,52.2328983089755,11.48866578633683,9.099720217752816,29.057211207711966,41.30013136742814,26.53058023081965,11.48866578633683,9.099720217752816
Blume,139,V5,False,52.521379466638265,19.558990588932023,9.306136976362739,27.379283702824743,37.58277133184993,25.06279561051632,19.558990588932023,9.30613697636274
Blume,141,V5,False,50.10235702470099,12.479879731819853,9.702905305588022,27.60519264974215,37.609017176742086,25.23270730260309,12.479879731819853,9.702905305588018
Blume,143,V5,False,48.52614247551529,11.97739098014215,10.325702324306068,28.186303724969402,38.68291335354748,25.938013189309572,11.97739098014215,10.325702324306068
Blume,145,V5,False,41.04130575295398,14.465228650276336,10.932918573771907,27.143897292590022,37.253737596489145,24.711417063783603,14.465228650276336,10.932918573771907
Blume,147,V5,False,42.92578067306114,20.44507179545307,10.729109226256723,28.051691231858133,37.797020645315115,25.567580004608438,20.44507179545307,10.729109226256723
Blume,149,V5,False,41.20143818822327,13.724593703091452,10.266209291697304,26.94651614563187,38.32084127490578,24.230132929053827,13.72459370309145,10.266209291697304
Blume,151,V5,False,40.98340276124245,22.554649937758125,12.37755716228541,29.35414826869039,36.76618392063313,26.410494295272848,22.554649937758125,12.37755716228541
Blume,153,V5,False,41.48922409655442,13.216149064915246,11.244084500177234,26.603024521810198,37.37027795213714,24.025974806902894,13.216149064915246,11.244084500177234
Blume,155,V5,False,40.41030207438461,14.479356925506586,11.173313195018908,27.302128109410383,36.44590141719813,24.87843334526976,14.479356925506586,11.173313195018908
Blume,157,V5,False,41.76925355260743,19.20063359820152,11.188405751602462,28.553593763811456,34.1368336631292,26.172020642455117,19.200633598201524,11.188405751602462
Blume,159,V5,False,41.89671625555603,15.69882638841445,10.921070399701165,28.106873874073287,34.616445720610244,25.88289131291716,15.69882638841445,10.921070399701165
Blume,161,V5,False,40.93079087782056,15.06951494956019,10.793509946347244,28.91219652811387,34.95974699132119,26.516384839967063,15.06951494956019,10.79350994634724
Boese,127,V5,True,44.90096597295058,,19.110632661021096,35.373120049740095,48.935902046135205,31.18176346059407,,19.110632661021096
Boese,129,V5,True,44.26887888964983,,23.215794227214317,36.05873232306475,50.481172591714284,31.836013205155098,,23.21579422721432
Boese,131,V5,True,45.019002511147804,,19.74246160462025,35.25932747668584,45.95930577923123,31.52819610560205,,19.742461604620253
Boese,133,V5,True,42.07597444766522,,19.748101512388228,37.09237522845764,52.47521879014024,32.73568124441706,,19.748101512388228
Boese,135,V5,True,46.05826883869736,,21.73436011169349,41.67485009683297,62.33319591965447,36.395223582270624,,21.73436011169349
Boese,137,V5,True,42.991473054810996,,22.49517383785425,39.69188587552744,63.99191260209615,33.82539032944706,,22.49517383785425
Boese,139,V5,True,46.6547413611289,,19.548295474912432,36.044791293547036,53.89449490131165,31.540247680694105,,19.548295474912432
Boese,141,V5,True,39.550854995670306,,22.196302066318868,33.14883485672793,49.753006818077026,29.246170731119914,,22.196302066318868
Boese,143,V5,True,40.34035321858832,,21.400468718889144,35.91643276830292,52.30804031840363,31.3302409966367,,21.40046871888915
Boese,145,V5,True,40.26116342113222,,18.588282220152276,33.066098523069144,48.56852091118995,28.95403744828949,,18.588282220152276
Boese,147,V5,True,42.85351491751,,20.051677498290893,37.960515088521255,59.84739253768611,32.634113128576395,,20.051677498290893
Boese,149,V5,True,48.120365852292714,,22.323138997255768,41.52968679024607,64.51986035606558,35.55087349860259,,22.323138997255768
Boese,151,V5,True,41.917854887159805,,19.70066648721751,34.072260885789305,54.345990632407776,29.017940819529652,,19.70066648721751
Boese,153,V5,True,45.38764741098836,,19.5374236733184,34.423488556376725,49.02857076909003,30.203960205889942,,19.5374236733184
Boese,155,V5,True,43.11213375182244,,19.78432187652947,31.667530517350258,45.17487369391964,27.89865941514961,,19.784321876529475
Boese,157,V5,True,44.22156248574183,,18.331412309890847,33.759042592590134,48.943616725103034,29.852561673826226,,18.331412309890847
Boese,159,V5,True,43.534169574110535,,19.53352066369275,38.40743812821386,58.39225106645056,33.047736631233995,,19.533520663692745
Boese,161,V5,True,47.23818051256428,,18.815913233423807,38.20521010994652,57.976587483158276,33.42417257966496,,18.815913233423807
Boese,163,V5,True,39.95887498710945,,18.106804670123747,34.862703775101956,54.39392181210556,29.962558379132176,,18.106804670123744
BroetchenAufschneiden,151,V5,False,31.088210561993318,10.024078315380834,8.585487833894579,23.179930942425166,33.021186098202314,20.329806167005174,10.024078315380834,8.585487833894579
BroetchenAufschneiden,153,V5,False,30.906538066626087,11.594742814218865,8.15010059471004,24.16876105540303,35.39532977213641,20.9445736124944,11.594742814218865,8.15010059471004
BroetchenAufschneiden,155,V5,False,31.37276374045598,10.122451030903303,8.482279483313977,21.197161689456024,30.475642593409944,18.430901064949175,10.122451030903301,8.482279483313977
BroetchenAufschneiden,157,V5,False,31.623205997765115,12.190409775325165,8.24989921527463,22.552484460257567,33.05221931787599,19.499018824594593,12.190409775325165,8.249899215274633
BroetchenAufschneiden,159,V5,False,30.227584273438133,10.220879947311566,8.567627695598341,20.722362070218974,28.05271066802302,18.285945603653317,10.220879947311566,8.567627695598341
BroetchenAufschneiden,161,V5,False,32.35031055328238,10.504035332124461,8.242452119201308,18.95668956670487,27.374388584463638,16.56023014252637,10.504035332124461,8.242452119201308
BroetchenAufschneiden,163,V5,False,30.645774467671323,12.576815986773106,8.089727550745398,21.988327310176633,29.446117238442405,19.264968083039882,12.576815986773106,8.089727550745398
BroetchenAufschneiden,165,V5,False,35.78033435122644,10.649674412659214,8.995579399407053,26.490014953833008,32.08008688338448,23.75227156355569,10.649674412659214,8.995579399407053
BroetchenAufschneiden,167,V5,False,42.97942587706785,13.15283503044372,10.255475513856442,34.63945173742742,45.168406547623086,30.551717162449425,13.15283503044372,10.25547551385644
BroetchenAufschneiden,169,V5,False,41.844987420845435,10.674626007077823,12.082257302558432,31.8040378698004,42.43113227968231,28.10047645638379,10.674626007077823,12.082257302558432
BroetchenAufschneiden,171,V5,False,48.26513427073885,12.504247564328935,11.706994915721362,39.737257986241985,50.02496005784152,35.3599969798695,12.504247564328933,11.706994915721362
BroetchenAufschneiden,173,V5,False,46.7137814240303,11.894810801521986,11.128695686632417,34.26034208359543,44.153055562561015,30.41095637255329,11.894810801521986,11.128695686632419
BroetchenAufschneiden,175,V5,False,38.60218159728367,11.032877275521427,11.332858605460606,26.994196943368074,37.66423366801202,23.61316804328054,11.032877275521427,11.332858605460604
BroetchenAufschneiden,177,V5,False,37.182086761767664,11.081472621062167,10.041057550025618,32.35458791119508,42.957417049892015,28.585608579407413,11.081472621062169,10.041057550025618
BroetchenAufschneiden,179,V5,False,45.349176699452045,10.906184885864421,9.617086720057051,36.95677070430331,46.74709129932191,33.03452538363843,10.906184885864423,9.617086720057051
BroetchenAufschneiden,181,V5,False,43.14779680355119,13.126727077033847,9.567301519799862,34.79606129575189,44.31706911106534,30.81965640121732,13.126727077033847,9.567301519799862
BroetchenAufschneiden,183,V5,False,45.20547500888829,11.134281434973092,10.173651484935993,36.30576222049673,43.847925448984974,32.59453871172487,11.134281434973094,10.173651484935991
BroetchenAufschneiden,185,V5,False,42.589885509036165,11.437143096808402,14.853542131928027,34.51565668210932,45.19441966569504,30.63398986353486,11.437143096808402,14.853542131928027
BroetchenAufschneiden,187,V5,False,46.067751227478446,12.204517963235942,16.592807315854753,35.50711934958889,51.041731088400105,30.794509501990845,12.204517963235942,16.592807315854753
BroetchenAufschneiden,189,V5,False,45.60497060937968,10.977767812039499,16.033338289537046,32.09701791032289,43.81363702391235,28.22391148287715,10.977767812039504,16.033338289537046
BroetchenAufschneiden,191,V5,False,42.912193218896334,11.088543362492473,13.464986463184468,31.09948362385322,38.391260436938566,27.974828537358572,11.088543362492473,13.464986463184468
BroetchenAufschneiden,193,V5,False,42.1559500187733,12.752745444736671,10.948251310074786,31.520068486724394,36.98142308854123,28.22617703642528,12.75274544473667,10.948251310074786
BroetchenAufschneiden,195,V5,False,44.532012529718195,12.441789220697984,10.34782454628424,33.353283328549296,41.185033040862635,29.85610386445186,12.441789220697984,10.34782454628424
BroetchenAufschneiden,197,V5,False,40.339470250007636,11.846837832013135,10.485980512265076,28.010884045850986,29.76429328879755,25.657640318585358,11.846837832013135,10.485980512265076
BroetchenAufschneiden,199,V5,False,46.38313074344929,13.711366954842592,8.816681092943718,36.40259535195819,44.34861629668031,32.89337787980234,13.711366954842592,8.816681092943718
BroetchenAufschneiden,201,V5,False,43.7012834039126,11.41493437011007,11.466369279241322,33.54859245714456,40.038911286788775,30.212670117726084,11.41493437011007,11.46636927924132
BroetchenAufschneiden,203,V5,False,44.52510512390637,13.435955166787867,12.169132175513589,33.596201949823595,46.545699172766376,29.322638504848054,13.43595516678787,12.169132175513589
BroetchenAufschneiden,205,V5,False,46.51874117171516,11.15136331602753,12.365146822506581,36.33149259301034,46.27764179583282,32.25601176561449,11.151363316027531,12.365146822506576
BroetchenAufschneiden,207,V5,False,40.4611962307023,11.13889683776601,12.42819692271361,28.08447895940651,40.256544115202196,24.328391972070335,11.138896837766012,12.42819692271361
BroetchenAufschneiden,209,V5,False,38.411641966181854,11.326155358194978,13.316160107945155,25.77311160925821,36.70007446293022,22.277910250570912,11.326155358194978,13.316160107945155
BroetchenAufschneiden,211,V5,False,42.696387086172145,13.701546723974388,11.469895542635344,31.746378866862518,45.4716038482598,27.48695548889017,13.701546723974388,11.469895542635344
BroetchenAufschneiden,213,V5,False,38.33583018288384,11.122108095504323,11.361691342080325,28.265858527845516,36.72507627837635,24.95993557118114,11.122108095504327,11.361691342080325
BroetchenAufschneiden,215,V5,False,44.08060942739885,11.095783249373632,10.88574534944909,29.37044545521527,41.055330012750964,25.567479351256853,11.095783249373634,10.88574534944909
BroetchenAufschneiden,217,V5,False,43.73859215569492,12.629203593301868,12.151817123560445,32.29921548336832,48.80271619954467,27.69237183031296,12.629203593301868,12.151817123560447
BroetchenAufschneiden,219,V5,False,50.754420085941646,12.807548702339712,11.804790435599056,39.023332654974816,54.747083693399375,34.07144494534511,12.807548702339712,11.804790435599058
BroetchenAufschneiden,221,V5,False,49.135907301649446,11.451071871408857,13.671174977717378,34.81743308956937,46.54244531534003,30.58350685075034,11.451071871408857,13.671174977717378
BroetchenAufschneiden,223,V5,False,48.55775875541602,14.493020992028356,13.3760332181536,33.539242279206334,48.24056895469948,29.047089912452975,14.493020992028354,13.376033218153601
BroetchenAufschneiden,225,V5,False,46.04535794429839,11.259131199289778,13.527920598983382,33.23663726059523,43.73578514382942,29.395961825375814,11.259131199289778,13.527920598983382
BroetchenAufschneiden,227,V5,False,45.174208066895005,13.130063699991688,12.72557920031726,32.53907011715382,44.969202417209154,28.54854883048895,13.130063699991691,12.725579200317263
BroetchenAufschneiden,229,V5,False,47.7316730606458,11.322394101693448,12.839743680281023,31.753378607587216,44.83704226980699,27.675719621427152,11.322394101693448,12.839743680281023
BroetchenAufschneiden,231,V5,False,52.01392548921121,13.200172377528208,15.519663466067941,36.48381226929382,54.4649034733226,31.447458670997886,13.200172377528208,15.519663466067943
BroetchenAufschneiden,233,V5,False,50.15072263102738,12.789086988526204,15.831787710618457,37.77496205804097,54.307652854772584,32.65374778334316,12.789086988526204,15.831787710618457
BroetchenAufschneiden,235,V5,False,50.100014735297734,10.656561958397655,16.328212725671296,36.255074948936596,50.72678644633389,31.5516350937557,10.656561958397655,16.328212725671296
BroetchenAufschneiden,237,V5,False,55.481714661168105,13.36878569583351,14.079833322406854,42.40701333542708,60.730184095885946,36.67460846605928,13.36878569583351,14.079833322406856
BroetchenAufschneiden,239,V5,False,50.16410465433521,10.615005184451798,13.501640433604306,33.43084591350938,44.23879494113057,29.3651816418004,10.615005184451794,13.501640433604305
BroetchenAufschneiden,241,V5,False,51.88830876233083,13.717743546933265,14.27331762247414,35.547566005927315,55.791654056967836,30.238129058004674,13.717743546933267,14.27331762247414
BroetchenAufschneiden,243,V5,False,49.75042172458953,11.081649617123595,15.839294187364523,32.07101455331632,45.236994676673795,27.828617786602578,11.081649617123595,15.839294187364523
BroetchenAufschneiden,245,V5,False,53.31321002113928,12.105279798887556,16.200817605023296,37.20585826109765,51.43838788105602,32.480906042291295,12.105279798887556,16.2008176050233
Dort,171,V5,True,38.68607561220846,,11.299238832270824,25.653624053252763,40.302963191543945,22.003479692170405,,11.299238832270822
Dort,173,V5,True,38.757232705716824,,11.285294009688714,25.545815347609658,40.2445520664581,22.27615944256889,,11.285294009688714
Dort,175,V5,True,39.959556679184544,,10.954574337254432,25.876848317225043,41.29276080596614,22.725140574056837,,10.954574337254432
Dort,177,V5,True,41.39031064695117,,12.160748353663779,31.098599724760756,48.129967021062775,26.780862170056928,,12.160748353663779
Dort,179,V5,True,36.0026747446846,,11.572948180217361,26.677955185634787,42.126698308735946,22.64412966360374,,11.572948180217361
Dort,181,V5,True,35.04479794390926,,11.755595657667673,26.183390919519184,41.470244342569245,22.371426418281043,,11.755595657667673
Dort,183,V5,True,35.48328592725024,,10.830930277154268,26.73326053980896,42.56893901133465,22.82071880002668,,10.830930277154264
Dort,185,V5,True,36.21612408206594,,11.232190523367724,28.09876752735865,43.75034507822017,24.243924343591125,,11.232190523367718
Dort,187,V5,True,38.18897522255708,,11.386339216909366,29.77165334503762,45.551446097234695,25.728928589186285,,11.386339216909366
Dort,189,V5,True,35.6335311309275,,10.886837904690324,26.414000006398908,41.933382324939274,22.504787733246097,,10.886837904690324
Dort,191,V5,True,35.05938214120863,,10.861048012291775,26.923608724327515,42.5007591698761,22.824025749492222,,10.861048012291775
Dort,193,V5,True,36.88518049114311,,10.738668691727797,26.879848282273215,43.84742249760318,22.773287123822154,,10.738668691727797
Dort,195,V5,True,37.62307162003552,,11.175665947280056,26.659961851653268,43.7892245811146,22.568181858074063,,11.175665947280056
Duenn,156,V5,True,38.0386012409597,,14.849361706063796,27.05953577177964,37.677694131694196,23.450252198336823,,14.849361706063796
Duenn,158,V5,True,37.402772792156206,,15.414382068796222,27.07721743132404,38.74747410964818,23.633753770812813,,15.414382068796222
Duenn,160,V5,True,37.22789800613017,,14.362105082653041,25.985916671914858,39.31145928189853,22.83954256985551,,14.362105082653041
Duenn,162,V5,True,37.197255975572766,,13.939847081632392,27.56996403552273,36.934899585242206,24.489926952974223,,13.939847081632392
Duenn,164,V5,True,39.62003809568322,,14.50093735839044,24.655904298780047,36.95472572137941,21.94633156159865,,14.50093735839044
Duenn,166,V5,True,39.586596089968175,,14.775797380969042,26.713960785883966,40.00786700406882,23.988589480376515,,14.775797380969042
Duenn,168,V5,True,37.11473936831929,,15.138463267602262,28.805722045097955,40.11337304697413,25.58785975165929,,15.138463267602262
Duenn,170,V5,True,43.151713607307556,,15.637228314379803,27.77728172641771,39.497978072797416,25.27052539806266,,15.637228314379803
Duenn,172,V5,True,42.93430092886739,,16.286096865224383,27.976988352396706,39.94488656798641,24.98820307028519,,16.286096865224383
Duenn,174,V5,True,41.90509303726738,,15.3502428043167,26.218344962638668,38.339136903783405,23.544320731400184,,15.3502428043167
Duenn,176,V5,True,41.84646816796445,,15.124986319069972,26.25578963459823,38.24655542318616,23.612136593077746,,15.124986319069972
Duenn,178,V5,True,42.38349038776985,,15.14807002566948,26.887877750693235,38.646318833579656,24.32533004445825,,15.14807002566948
Duenn,180,V5,True,37.89652753840127,,14.94883739047279,28.493055329858194,36.658221713384755,25.61483805959338,,14.94883739047279
Duenn,182,V5,True,43.618139076254984,,14.453946806097077,27.28926391060467,40.72790378836781,24.342108305798817,,14.453946806097077
Duenn,184,V5,True,37.61583938958884,,14.548804747185555,30.126170209575506,37.84492660314372,27.05624645230089,,14.548804747185555
Duenn,186,V5,True,41.325852512267296,,14.817525912249101,27.874951587532014,41.58513442730186,25.073040637806002,,14.817525912249101
Duenn,188,V5,True,41.03682967376644,,14.686108728106971,25.9702954626681,39.60364611706248,23.08099189414333,,14.686108728106971
Duenn,190,V5,True,40.927323515317546,,14.915613241399207,28.993826170067578,40.35115215090572,25.940739445755113,,14.915613241399205
Duenn,192,V5,True,42.08630684615694,,14.935847441022936,27.604844134513424,40.17412675639377,24.756035251547466,,14.935847441022936
Duenn,194,V5,True,44.291412304075266,,15.10392004598005,29.65562631845758,43.606797671269945,26.246539921454207,,15.10392004598005
Duenn,196,V5,True,41.03437131248183,,14.965006506221325,27.61487122509546,39.682231161461296,24.347839131273194,,14.965006506221325
Duenn,198,V5,True,39.07587781197121,,15.30570119144512,29.681686241100575,40.17315582454033,26.02060282593328,,15.30570119144512
Duenn,200,V5,True,38.25263658178753,,14.859267661056961,27.430620853488996,39.24656926019608,24.14341288427367,,14.859267661056961
Einkaufen,142,V5,False,42.08357016434418,9.084823117002086,11.438711936177894,22.88313697413367,32.53564048472821,20.62406249500849,9.084823117002086,11.438711936177894
Einkaufen,144,V5,False,45.3839052118676,10.119657025382795,11.23637611736816,22.671720209948298,32.96229658069185,20.38173334947298,10.119657025382795,11.23637611736816
Einkaufen,146,V5,False,45.38254920367304,10.697721625993792,12.328024005442911,24.226518531044146,35.64412714853548,21.723063414025113,10.697721625993792,12.32802400544291
Einkaufen,148,V5,False,43.4398738118954,9.347155434582772,14.380969413348085,25.049561087555997,35.54139593042298,22.762543005142774,9.347155434582772,14.380969413348085
Einkaufen,150,V5,False,40.14937058204397,9.177004268334848,15.08068676439974,22.866010339661678,32.71755648491763,20.68756186268377,9.177004268334848,15.08068676439974
Einkaufen,152,V5,False,38.60644288237488,12.104919663415487,17.287238362754643,24.316205282760155,35.34717662882588,22.041241855344158,12.104919663415487,17.287238362754643
Einkaufen,154,V5,False,36.79281227810324,10.39136656939984,17.712867212483584,23.094150176934612,31.758723887178153,20.671529631899205,10.39136656939984,17.712867212483584
Einkaufen,156,V5,False,34.80208249161198,10.013922654111909,17.632670301992274,21.402392765887786,28.974511652430454,19.310497277219177,10.013922654111909,17.632670301992274
Einkaufen,158,V5,False,44.1300406660416,11.152294874934125,16.106028644348424,23.89486043602052,34.873343288367494,21.145051384864367,11.15229487493412,16.106028644348424
Einkaufen,160,V5,False,43.06536868860104,10.899811153570154,14.69121203932812,21.25220002221743,28.951716962425003,19.261813601613472,10.899811153570154,14.691212039328118
Einkaufen,162,V5,False,44.09899226043059,9.804217254411917,13.246092600275185,20.446027182059304,27.931768226957175,18.6139927175998,9.804217254411917,13.246092600275185
Einkaufen,164,V5,False,45.555541732996325,8.825523255574932,13.494337673916348,24.43265014701059,32.94103357639464,22.220106570008056,8.825523255574932,13.494337673916348
Einkaufen,166,V5,False,38.74010966522876,9.242962126893204,12.860849682985592,24.336067395406975,28.54120728416506,22.40974525850919,9.242962126893204,12.860849682985592
Einkaufen,168,V5,False,40.87372870242278,8.475298342746248,10.789704391792316,25.544615299025853,32.72240189292416,23.003440825395845,8.475298342746248,10.789704391792316
Einkaufen,170,V5,False,39.08703586073251,8.63572441467231,12.621181493017032,21.105289163280126,29.861795286969752,18.936295511960328,8.63572441467231,12.621181493017032
Einkaufen,172,V5,False,39.6875410369209,8.71122213701264,13.936454335572588,23.066366840385786,33.10477417740748,20.65159217489962,8.71122213701264,13.936454335572588
Einkaufen,174,V5,False,39.75962382460063,9.681665891106597,17.725794450640773,24.97012954679027,35.84032295718029,22.379711905942838,9.681665891106597,17.725794450640773
Einkaufen,176,V5,False,33.47990646548188,11.179920021173206,17.911073453108752,22.98723333241642,31.35440253580401,20.85686843618209,11.179920021173206,17.911073453108752
Einkaufen,178,V5,False,36.542690152867046,11.111480481013423,17.45566859140868,23.596089305117925,32.620202659468795,21.215131409407277,11.11148048101342,17.45566859140868
Einkaufen,180,V5,False,37.03094859463875,10.186667348126763,17.101104783937377,21.946335810285678,30.516449367220083,19.821608926533315,10.186667348126763,17.101104783937377
Einkaufen,182,V5,False,35.419079172246526,9.503440908879778,15.742204747701036,22.734404496327706,31.07108613349714,20.309673580838208,9.503440908879778,15.742204747701036
Einnehmen,161,V5,False,38.711333772180026,10.120129055964007,10.182699838966089,26.68081702707029,35.606941106229414,24.087302652153788,10.120129055964007,10.182699838966084
Einnehmen,163,V5,False,37.26586992625802,10.230077975201574,10.452863447471374,30.431623778723047,36.59552985412252,27.687303465807457,10.230077975201572,10.45286344747137
Einnehmen,165,V5,False,41.37839539609446,9.924826508170343,10.543434269575341,35.97935569541925,46.87006990480083,32.15430154718029,9.924826508170343,10.543434269575341
Einnehmen,167,V5,False,46.77281153093672,9.390306727538594,9.945303121386406,42.16971087079719,51.753628312445954,38.13564938657927,9.390306727538594,9.945303121386406
Einnehmen,169,V5,False,43.374413333709875,9.674293674225872,10.565745467723586,39.272806081548445,48.74747936252891,35.45803799912315,9.674293674225872,10.565745467723586
Einnehmen,171,V5,False,48.20383504397473,8.599455475206575,12.496012508551168,43.77649840723706,51.79846848217973,39.69351034744245,8.599455475206575,12.49601250855117
Einnehmen,173,V5,False,49.37326000049092,22.82630893947986,12.19386086796829,45.362816884190046,42.47548862534134,42.481363344718254,22.82630893947986,12.19386086796829
Einnehmen,175,V5,False,45.932526022100326,9.838925205366875,9.449077452994622,42.897224287940155,46.796009787026854,39.24968478179502,9.838925205366877,9.449077452994622
Einnehmen,177,V5,False,44.50464241201017,16.817477712934274,8.698927253051766,38.22955231704133,34.47219125954781,35.94117126271882,16.817477712934274,8.698927253051764
Einnehmen,179,V5,False,46.4500102217475,8.413875000118566,7.840195126856814,40.88997570937648,41.308364784390584,37.727295283112554,8.413875000118564,7.840195126856813
Einnehmen,181,V5,False,44.77953682260682,10.337125188460314,9.149044410312547,38.76662520636216,38.77145659242671,35.77848223809448,10.337125188460314,9.149044410312547
Einnehmen,183,V5,False,44.38736854576318,14.467709290294072,9.06029441206683,37.98818995333167,36.612832384643866,35.1988695240969,14.467709290294072,9.060294412066831
Einnehmen,185,V5,False,42.1081585293244,10.410660773787821,9.336548687665767,35.735830920483274,38.88111330718208,32.543526277627876,10.410660773787823,9.336548687665767
Einnehmen,187,V5,False,42.38726880578064,24.481863964163757,10.26485021440854,35.342265032964455,36.66957838081737,32.44505739650335,24.48186396416375,10.26485021440854
Einnehmen,189,V5,False,39.37284183897878,9.642929943509582,11.239575828002508,26.37095335114787,38.67875536462002,23.052526854355207,9.642929943509582,11.239575828002508
Einnehmen,191,V5,False,37.79802403886811,19.082585243491533,12.903585321086751,25.434591994322115,35.96376731341636,22.384353468527696,19.082585243491533,12.903585321086751
Einnehmen,193,V5,False,38.35907583881705,9.612219655282573,14.487675881721525,27.131035831186836,40.05652737071752,23.691754385351025,9.612219655282571,14.487675881721525
Einnehmen,195,V5,False,38.562650465115574,21.44166429462906,15.372314399824178,27.143977458724738,35.73114296278314,24.18541624276646,21.44166429462906,15.372314399824178
Einnehmen,197,V5,False,38.16223761370264,10.69222068568084,16.341348498587802,28.240082588981796,39.230991384442085,25.014961076814124,10.69222068568084,16.341348498587802
Einnehmen,199,V5,False,43.18336947665287,10.04160419195101,16.064145327886095,36.04094110075877,39.88375340251662,32.77680572219403,10.04160419195101,16.064145327886095
Einnehmen,201,V5,False,43.46979613940265,14.875826691406065,14.717988248206902,36.02248982503964,34.0712035880255,33.54533472100101,14.875826691406063,14.717988248206902
Einnehmen,203,V5,False,44.59540112312935,21.272093983998246,14.745595819822865,37.006753504260466,34.889914743570536,34.45104830689553,21.27209398399824,14.745595819822862
Einnehmen,205,V5,False,44.27787538887537,10.611708452405571,15.470000363532884,37.398617364873246,39.80384738971521,34.1286912886998,10.611708452405573,15.470000363532884
Einnehmen,207,V5,False,40.19077299896674,10.810427812495021,16.355089958598107,32.03478529885202,38.67752364675631,28.80472461492025,10.81042781249502,16.35508995859811
Einnehmen,209,V5,False,41.89341052126355,29.48372258015,15.768640610147141,33.52455502476337,40.54975740211998,30.069015592374946,29.48372258015,15.768640610147145
Einnehmen,211,V5,False,40.092954533871286,10.882992325321851,16.858626210649852,28.707013022841632,38.229435657257454,25.541846743209028,10.88299232532185,16.858626210649852
Einnehmen,213,V5,False,40.14976043145992,15.279521228074422,15.875777798119366,29.581346927594247,35.618489244683246,26.587005631622407,15.279521228074422,15.875777798119366
Einnehmen,215,V5,False,40.48394853224396,11.205175071552507,16.25763288772471,30.350647447866244,37.94109156952766,27.13573887181387,11.205175071552507,16.25763288772471
Einnehmen,217,V5,False,39.528475745166055,25.86929441078682,16.818950152106982,29.632613253815148,36.92716899021577,26.55173813807226,25.86929441078682,16.818950152106975
Einnehmen,219,V5,False,39.84958795744251,10.974042764351031,16.458868214019205,29.804425850136496,38.76517339575459,26.520983375414612,10.974042764351035,16.458868214019205
Einnehmen,221,V5,False,33.51447905217854,12.575889391913515,16.5883425235562,25.357228715995134,36.610212545563655,22.48054962820247,12.575889391913515,16.588342523556197
EinstellenJob,140,V5,False,51.038800650568554,11.603897978690252,11.422768840840382,35.37666819734606,53.60942741042117,30.324342830946325,11.603897978690252,11.422768840840382
EinstellenJob,142,V5,False,51.03884895733862,11.426510173668506,10.230251992717898,36.78235404312899,56.9005310954882,31.57733556293955,11.426510173668506,10.230251992717898
EinstellenJob,144,V5,False,51.06161957059805,11.290623534006574,10.713251007939531,35.71109614811096,56.44381056922361,30.500984091276187,11.290623534006574,10.713251007939531
EinstellenJob,146,V5,False,47.46506590076095,11.232489356578423,9.262755609350554,32.937196443844016,53.485774344113324,28.225036623958548,11.232489356578425,9.262755609350554
EinstellenJob,148,V5,False,48.781475505468,11.235096797900395,10.264964499955306,33.50176025716569,52.52790422314879,28.786506250072858,11.235096797900395,10.264964499955306
EinstellenJob,150,V5,False,41.04869395063473,11.431957916204386,8.422376344340304,29.36461388136233,44.31821282284449,25.469372154798172,11.431957916204386,8.422376344340304
EinstellenJob,152,V5,False,40.65909589912442,10.423638706881453,6.170939516881643,30.867937114201926,40.50312498519121,27.350463812576436,10.423638706881453,6.170939516881643
EinstellenJob,154,V5,False,34.9800903790657,9.133967991583155,6.229804300087625,25.525096435808674,37.244660268379455,22.285107180985037,9.133967991583155,6.229804300087625
EinstellenJob,156,V5,False,40.1411005936814,9.488950375667935,5.856260694356347,27.480523141302083,39.20282158339906,24.08132116613211,9.488950375667935,5.856260694356347
EinstellenJob,158,V5,False,40.316114698105416,10.821797899503705,6.710832266807866,21.977719158676408,33.90155255897283,19.154552271631356,10.821797899503705,6.710832266807866
EinstellenJob,160,V5,False,37.934617126376736,13.6290786716166,7.3863554495447366,28.61122245191222,35.92066888646026,25.358115720095277,13.6290786716166,7.386355449544737
EinstellenJob,162,V5,False,36.961953970643535,11.815806185875768,8.106251879595193,27.17658588683041,37.54482966645455,23.754411433249924,11.815806185875768,8.106251879595195
EinstellenJob,164,V5,False,37.40821015585853,11.63579859411828,8.309987475692806,25.049919508487235,36.80349461389026,21.98179807526099,11.63579859411828,8.309987475692804
EinstellenJob,166,V5,False,37.902427244998684,16.096925907911505,9.489094526421816,24.75235127887023,36.325529220552085,21.567742197240204,16.096925907911505,9.489094526421816
EinstellenJob,168,V5,False,34.64978938756487,12.549494708760076,9.300441926128718,23.512669402448207,34.249448204952934,20.48237182768042,12.549494708760076,9.30044192612872
EinstellenJob,170,V5,False,38.16110603207417,12.258072485805586,8.8460565769152,22.577443440127833,34.2125537427544,19.914637548237977,12.258072485805586,8.8460565769152
EinstellenJob,172,V5,False,37.935072847572634,14.439699152099816,8.866923146017092,23.388511668470763,34.091918419271266,20.628516380155617,14.439699152099816,8.866923146017092
EinstellenJob,174,V5,False,39.01684794952906,12.530132043719199,8.772410947352348,23.79849374137372,34.93868097913123,21.223265444522355,12.530132043719199,8.772410947352345
EinstellenJob,176,V5,False,36.94104886965243,13.444287984106369,8.420304662697983,22.76614103549316,33.18144049678345,20.2198957902402,13.44428798410637,8.420304662697983
EinstellenJob,178,V5,False,35.398801386291844,11.891699316474496,8.99885672782218,22.487737945127666,33.445332864141,19.695649049427217,11.891699316474496,8.99885672782218
EinstellenJob,180,V5,False,36.69790553678443,11.984592464004491,8.567547235021763,22.991205209867516,34.19461575237549,20.245569035293506,11.984592464004491,8.567547235021763
EinstellenJob,182,V5,False,37.94609165903025,10.501520669783677,8.41996131716905,23.139578436249412,34.59217261112475,20.436848755893603,10.501520669783677,8.41996131716905
EinstellenJob,184,V5,False,38.5641547657078,13.018341369396591,8.323691033951825,23.425537858812756,34.42854851967619,20.550672322252066,13.018341369396591,8.323691033951825
EinstellenJob,186,V5,False,38.04852138918222,12.017905171236114,8.372965761494516,24.2559440614449,34.870823451275484,21.227161949520276,12.017905171236114,8.372965761494516
EinstellenJob,188,V5,False,37.38427076359296,14.43707555917193,8.428609586662136,23.713934913800404,33.04430151299073,20.89350294993625,14.43707555917193,8.428609586662136
EinstellenJob,190,V5,False,37.768334086312265,11.633326113380042,9.081332380683818,26.71024527490656,34.81865474902613,23.579132577743753,11.633326113380042,9.081332380683817
EinstellenJob,192,V5,False,36.2261594280634,11.25344348926139,8.757287663386068,25.84135377810225,34.26575329367264,22.714052252697634,11.25344348926139,8.757287663386068
EinstellenJob,194,V5,False,36.290582013602894,14.26695917352967,9.504458729315136,26.03313808308512,33.51999519909691,22.98870309020517,14.26695917352967,9.504458729315136
EinstellenJob,196,V5,False,36.4393139122434,13.34345423323573,9.798287552778582,27.118722196858037,33.601072029178894,23.999034324166292,13.34345423323573,9.79828755277858
EinstellenJob,198,V5,False,36.381987927023374,11.27430918608557,9.270915739087036,25.98609534114215,34.71491050198843,22.799600194592017,11.27430918608557,9.270915739087036
EinstellenJob,200,V5,False,37.37838624787519,13.853627060486634,9.412233667631568,27.075490528361627,35.58281915317014,23.761654635917612,13.853627060486636,9.41223366763157
EinstellenJob,202,V5,False,37.73122997620009,12.049584911376291,9.699784583237014,27.124425485979753,36.39108899217918,23.760793991888093,12.04958491137629,9.699784583237014
EinstellenJob,204,V5,False,39.030056619933,12.103776495182982,9.533655826263708,25.940085586043097,36.928059797980495,22.560634746680094,12.103776495182982,9.533655826263706
EinstellenJob,206,V5,False,39.21990473093749,11.40041117159137,9.175427396245611,27.339157899977643,38.54579338300081,23.862487204884687,11.40041117159137,9.175427396245611
EisGefroren,182,V5,False,38.40231706948464,12.431027679849791,13.95905521834291,32.48975617192638,45.201315784095186,28.117313084417997,12.431027679849791,13.95905521834291
EisGefroren,184,V5,False,42.875031273299754,12.683715964616322,12.079982878354697,39.57829669451791,48.195848425993226,35.052418071515376,12.683715964616322,12.079982878354697
EisGefroren,186,V5,False,35.13487661937513,11.277170531484353,10.650147241196215,28.54512989049345,41.71386847209681,24.464313691136752,11.277170531484353,10.650147241196215
EisGefroren,188,V5,False,36.90274849477085,8.714659333879839,11.986432070426527,27.288812101680836,43.08268623612779,23.072162449094847,8.714659333879831,11.986432070426533
EisGefroren,190,V5,False,33.0856657024482,7.946977624039232,9.856027820342906,26.430048191658543,41.249769112149885,22.423419906058566,7.946977624039232,9.856027820342906
EisGefroren,192,V5,False,33.63412623454903,8.539223921931827,9.350676957823465,24.561271654930458,36.84984071928699,21.010808122646278,8.539223921931827,9.350676957823465
EisGefroren,194,V5,False,32.55340352441463,9.028046826108822,11.060469108606362,22.587222114297173,33.667254554748254,19.478578802751244,9.028046826108822,11.060469108606362
EisGefroren,196,V5,False,34.749375543583575,9.711410237696686,10.202636639186117,23.20000037049008,35.789991414560795,19.906191326222416,9.711410237696684,10.202636639186117
EisGefroren,198,V5,False,32.456145936943194,10.626097649544148,7.671600362634553,23.01838543463767,35.50388917294337,19.749821506290758,10.626097649544148,7.671600362634553
EisGefroren,200,V5,False,38.488306949191895,11.994171242184244,6.525416792536366,25.832085423271888,36.46821567108104,22.49643351711276,11.99417124218424,6.525416792536366
EisGefroren,202,V5,False,44.15028475577214,11.029620413792841,6.5878561333553645,27.875656515971553,38.97044893900529,24.46423742673459,11.029620413792841,6.5878561333553645
EisGefroren,204,V5,False,42.535845108911545,10.215412741470079,6.6522420895694765,27.0268333540602,35.744779740659155,23.92220892755944,10.215412741470079,6.652242089569475
EisGefroren,206,V5,False,41.408020108978214,11.122846279793267,5.303296936977767,28.429940940610983,36.41189143787351,25.15959097902174,11.122846279793267,5.303296936977764
EisGefroren,208,V5,False,42.9764002456136,11.251694330596994,5.808934748736625,28.341891945489525,38.51807927059521,24.88570865552663,11.25169433059699,5.8089347487366245
EisGefroren,210,V5,False,40.126887763457155,11.438224642283954,6.11035099223039,28.119095434268356,37.97011312351434,24.61919785213107,11.438224642283954,6.11035099223039
EisGefroren,212,V5,False,42.19367850673045,9.830518882880607,5.720099930276188,29.873463257286758,40.49034835130915,26.24678968767481,9.830518882880607,5.720099930276188
EisGefroren,214,V5,False,43.465190537087445,9.500182490185924,5.719662840432492,30.831711856927352,39.921085298808585,27.319430407704015,9.500182490185926,5.719662840432494
EisGefroren,216,V5,False,41.892948080549615,11.15862005900467,7.878719015307192,28.949089679291532,39.13696450671309,25.389199801185242,11.15862005900467,7.878719015307192
EisGefroren,218,V5,False,44.03088705840714,9.089927502560007,12.407364930009836,31.01568004937974,40.69413922170353,27.413315754271995,9.089927502560007,12.407364930009832
EisGefroren,220,V5,False,41.270239994554004,11.46091448250543,14.651086943397377,27.73471102439981,39.58969022269226,24.053712873853733,11.460914482505425,14.651086943397374
EisGefroren,222,V5,False,42.51887980406159,8.879975045120759,14.331118302528486,30.7806797104225,41.117934052581745,27.10134536764807,8.879975045120759,14.331118302528486
EisGefroren,224,V5,False,40.39914985975963,10.472468817194065,14.028195693527532,28.214196011417428,38.183763776999,24.70630446816523,10.472468817194065,14.028195693527534
EisGefroren,226,V5,False,41.98955966180512,9.53229917806169,13.821739078783855,29.80306160028236,39.7878087977367,26.19494956520895,9.53229917806169,13.821739078783855
EisGefroren,228,V5,False,43.082618389193726,9.674541999622315,14.092600393373306,30.640266155428233,38.753836590235274,27.228533749079062,9.674541999622315,14.092600393373306
EisGefroren,230,V5,False,44.32959183959164,10.578578361004531,13.69011158259777,30.726528036063467,43.54156921355819,26.77471333578303,10.578578361004531,13.690111582597773
EisGefroren,232,V5,False,40.308721887703356,12.443981436422545,14.138213221494539,27.740959813398774,39.192454908504466,24.154099999850263,12.443981436422545,14.13821322149453
EisGefroren,234,V5,False,40.69748511511928,9.656668876821593,13.250769521490277,30.33185806151612,42.18351845112098,26.599331862593836,9.656668876821596,13.250769521490277
EisGefroren,236,V5,False,40.571894877180526,11.225155329508244,13.421371712250764,27.93731500057087,38.44549387400435,24.447558367008117,11.225155329508244,13.421371712250773
EisGefroren,238,V5,False,40.32875679252627,12.534069806042988,13.619151700981195,27.471660152888575,39.75152689912261,23.836081513330942,12.534069806042988,13.619151700981197
EisGefroren,240,V5,False,39.92017027588583,11.38557153101728,13.35057618569618,28.42088896322814,41.29962459908321,24.724332556851557,11.38557153101728,13.350576185696186
Empathie,136,V5,False,43.621275520630384,9.748054783043917,15.403974173184475,32.22925405197306,46.35520823583831,29.16954979978069,9.748054783043917,15.403974173184475
Empathie,138,V5,False,41.54011275332928,9.677823040904208,20.62061186770118,32.56654160184002,47.60804688996034,29.109010403291954,9.67782304090421,20.620611867701182
Empathie,140,V5,False,46.23219063778222,8.09407173899334,14.741290893292696,39.46069175788735,61.635542907241295,34.81364067522552,8.09407173899334,14.741290893292694
Empathie,142,V5,False,44.485128908580826,9.80811877776639,15.983935840287629,39.20397360639572,58.56947542335942,34.39131122900415,9.80811877776639,15.983935840287629
Empathie,144,V5,False,38.34598538648398,8.541500180489136,15.200588956757173,27.025677739324216,37.081151310189625,24.465851672922692,8.541500180489138,15.200588956757176
Empathie,146,V5,False,36.65615756583001,9.205877509712955,12.271051893675118,23.840902966205284,36.277040587581574,21.203542480389366,9.205877509712955,12.271051893675118
Empathie,148,V5,False,37.20298183472617,10.360162103633744,11.720347085445802,26.99839201828171,39.098479953001494,23.855536011684766,10.360162103633744,11.720347085445802
Empathie,150,V5,False,40.6827076432613,9.221056564450802,9.751979307523655,27.64372046153029,40.6715552363076,24.50238954113342,9.221056564450802,9.751979307523651
Empathie,152,V5,False,42.3753738800184,9.837702085999199,9.25391187989352,28.792745688329546,41.99349220056986,25.075581286311248,9.837702085999199,9.25391187989352
Empathie,154,V5,False,44.442011412700644,10.086995799208491,8.66208951338767,28.791232793566014,43.46376398222515,24.976929660972534,10.086995799208491,8.66208951338767
Empathie,156,V5,False,50.082547472071106,10.639359244792916,7.999195502785427,36.716747766937715,43.570222161917336,33.014186641373826,10.639359244792916,7.999195502785429
Empathie,158,V5,False,42.28856225847088,9.939614654362227,8.72226311200216,27.200738768020805,42.61109411542715,23.805552832412108,9.939614654362227,8.722263112002164
Empathie,160,V5,False,47.32450633213085,10.667108916823063,8.071301273269187,34.62482982325666,56.05557979044359,29.44762551658282,10.667108916823063,8.071301273269189
Empathie,162,V5,False,49.44680048723748,10.918357239724607,7.920727600746169,37.8989627459831,60.0413195219427,32.55069040697653,10.918357239724605,7.920727600746169
Empathie,164,V5,False,49.901456582975314,11.221961465302238,7.605505397495488,38.89156775541913,60.60460055153677,33.770790154058304,11.221961465302234,7.605505397495488
Empathie,166,V5,False,44.95176762700047,9.815941423326386,8.468212205307273,34.549077249697625,46.73094216536235,30.69088256206556,9.815941423326386,8.468212205307275
Empathie,168,V5,False,45.65379749369493,13.604214581871059,8.278533857982838,34.46367488228807,43.45222868622092,31.052188237896996,13.604214581871059,8.27853385798284
Empathie,170,V5,False,49.77176389004617,11.339773389297738,8.4568483222042,34.962349491566755,50.47697968454679,30.749369550176166,11.339773389297738,8.456848322204202
Empathie,172,V5,False,46.359694594541054,14.40132828662135,8.558442055488099,33.49341281752608,44.8117933670696,29.645294920991574,14.40132828662135,8.558442055488099
Empathie,174,V5,False,49.98935406218551,15.704461787189754,8.648184990757601,31.50445494257903,48.105070371153104,27.25108378954646,15.70446178718976,8.648184990757601
Empathie,176,V5,False,53.71769696089336,12.513540534777652,8.280937504674108,33.98817726041812,56.73102549451873,28.998271219760554,12.513540534777652,8.280937504674108
Empathie,178,V5,False,46.34976578336648,14.279173574509882,8.716243985124692,29.155335680357098,46.66699299494396,24.99137828518143,14.27917357450988,8.716243985124699
Empathie,180,V5,False,50.39130196236908,11.839322194163453,8.526428035894728,34.56221989658839,55.29886872423021,29.569599895817255,11.839322194163453,8.526428035894728
Entschuldigung,129,V5,False,39.84509130357895,11.148218926877774,15.068832237234473,22.71630622313944,33.925685030758395,20.473418296219137,11.148218926877774,15.06883223723447
Entschuldigung,131,V5,False,39.5971817400502,16.945941872144488,17.40496786726115,23.81248463864469,35.28901062749088,21.493518947077927,16.945941872144488,17.40496786726115
Entschuldigung,133,V5,False,33.9144700510312,10.380311934390651,14.744803823524608,20.503514407987332,31.028027018416925,18.244361153743846,10.380311934390651,14.744803823524606
Entschuldigung,135,V5,False,37.44924864848356,18.72120947694485,13.17600335420084,21.02864665584704,31.443748896963697,18.64113749329087,18.721209476944846,13.17600335420084
Entschuldigung,137,V5,False,34.04077372909652,10.823334521880625,13.904726113398755,20.155988725336233,29.722616998095038,18.28855541511822,10.823334521880625,13.904726113398757
Entschuldigung,139,V5,False,36.12999087617281,15.98385632110992,13.61967567330892,20.682803732202856,31.205896224934964,18.446260824196322,15.983856321109924,13.61967567330892
Entschuldigung,141,V5,False,35.39169935268881,14.818641037841243,15.568782719583556,21.869489610271422,34.208841696792554,19.427427880936246,14.818641037841244,15.568782719583556
Entschuldigung,143,V5,False,40.538562244905485,15.911677030363514,16.400714026544705,22.6944862324396,34.10262045665407,20.613785132992675,15.911677030363514,16.400714026544705
Entschuldigung,145,V5,False,39.02402411450956,17.205033581755405,16.39189999010088,23.655021427744284,35.88277590838404,21.095645740115142,17.20503358175541,16.39189999010088
Entschuldigung,147,V5,False,35.90290044431868,15.145366366275885,14.004565654536846,22.576987019005436,33.12672916574787,19.8110729251049,15.145366366275882,14.004565654536842
Entschuldigung,149,V5,False,38.0350615925767,10.382323644284128,14.95570348781131,21.924160904029485,32.70987101308757,19.753213357048743,10.382323644284128,14.955703487811308
Entschuldigung,151,V5,False,37.68850293243898,14.713019309238438,15.783737096343376,23.602900021666603,33.82931629814052,21.23805467477479,14.713019309238438,15.78373709634338
Entschuldigung,153,V5,False,38.96234725913174,9.251324412841488,13.832455204210927,21.453887237464176,29.85413578203993,19.69941000505448,9.251324412841491,13.832455204210927
Entschuldigung,155,V5,False,34.27779445813624,11.029441669455368,14.717555335828747,20.2755401932616,28.35984636567243,18.42701376857529,11.029441669455364,14.717555335828747
Entschuldigung,157,V5,False,35.588886903753625,11.950784585685579,14.921510046760062,21.179744481054325,31.42655510500987,19.332713767913276,11.950784585685579,14.921510046760064
Entschuldigung,159,V5,False,35.90587842427627,11.601864191226898,15.675177480033556,21.296336404529917,31.86997966536244,19.386469430930127,11.601864191226898,15.675177480033556
Entschuldigung,161,V5,False,38.44448238847012,9.893435608533057,15.420186379822628,21.35779068469652,31.904280422189775,19.334133820270303,9.893435608533057,15.420186379822628
Entschuldigung,163,V5,False,33.72891136765616,10.550466668192112,15.026794840234231,20.42689517934335,30.35590700018938,18.382478410827055,10.55046666819211,15.026794840234233
Entschuldigung,165,V5,False,33.86368855469654,17.705894749707255,15.421448773526107,23.59803717166937,33.25842385883654,20.879123769589683,17.705894749707255,15.421448773526107
Entschuldigung,167,V5,False,37.08818167704291,13.758730114753588,15.819982380646406,22.45846060040174,33.29077436167766,20.268548625481383,13.75873011475359,15.81998238064641
Entschuldigung,169,V5,False,36.752274567481976,9.814824872538587,16.08839941520875,22.123687477394316,33.01968378901588,20.071902514962133,9.814824872538587,16.088399415208755
Entschuldigung,171,V5,False,34.73567027660641,8.741388249330507,15.781988065997252,22.141101141926395,32.543463457002154,20.094248344295718,8.741388249330507,15.781988065997252
Entschuldigung,173,V5,False,33.326061784685564,12.407858216779957,15.398558380997159,22.19858259614457,31.989762955606196,19.7071187496484,12.407858216779957,15.398558380997157
Entschuldigung,175,V5,False,35.86471336651865,12.322902705242079,15.877739307915007,21.994803070308965,31.993442885776734,20.11284165623374,12.322902705242079,15.877739307915007
Entschuldigung,177,V5,False,32.25494121636648,8.764082149011148,15.532436853931296,21.150446039178362,31.44680054551567,18.811545753841262,8.764082149011148,15.532436853931296
Entschuldigung,179,V5,False,33.32818059233374,12.986675726961511,14.681366878632081,22.57073071504902,32.16856940796814,19.89114699834386,12.986675726961511,14.681366878632085
Entschuldigung,181,V5,False,35.97683049611194,10.904066921113744,14.82155611298194,20.76903229295028,31.44265006718036,18.323893958207798,10.904066921113744,14.821556112981941
Entschuldigung,183,V5,False,34.24031989722514,10.098782662964515,15.045301210067683,22.041165814263504,32.802848330108226,19.37849312492171,10.098782662964517,15.04530121006768
Entschuldigung,185,V5,False,36.52665117877279,12.8803636628571,14.665030509081921,22.121245316554585,32.3998510193362,19.844646669052185,12.8803636628571,14.665030509081921
Entschuldigung,187,V5,False,36.9840460263348,11.092735112104258,14.057438747676535,22.980920676503484,33.63596614128364,20.71430380010018,11.092735112104258,14.057438747676535
Entschuldigung,189,V5,False,36.10220065480443,8.775046050719718,13.814951123640222,24.329024783813654,35.85336711460815,21.376409129362152,8.775046050719716,13.814951123640222
FestellenDiagnose,141,V5,False,46.08393431691603,6.887463725008098,11.470793829123439,30.63252047680201,35.692494721040525,27.555806906470682,6.887463725008098,11.470793829123439
FestellenDiagnose,143,V5,False,51.12353066981118,7.898833117138834,11.943126720818904,27.548792001813002,36.760747439663355,24.131564361725637,7.898833117138831,11.943126720818903
FestellenDiagnose,145,V5,False,46.49821917216593,6.257918234697868,10.422519318484435,28.430232065883843,34.960191046831326,25.168268704580086,6.257918234697868,10.422519318484435
FestellenDiagnose,147,V5,False,45.279462045300555,8.554253538757555,10.838373058972056,24.649018534956074,33.85662164827081,21.468208169600743,8.554253538757555,10.838373058972056
FestellenDiagnose,149,V5,False,47.69789451679066,7.641643532001004,11.812878836086579,23.171821877345717,33.90314915013715,19.914484240128502,7.641643532001004,11.812878836086579
FestellenDiagnose,151,V5,False,49.257173535260996,8.458714893531246,11.83740972024998,24.79061542807848,36.675226164896294,21.45821777206359,8.458714893531246,11.83740972024998
FestellenDiagnose,153,V5,False,45.58984866142541,8.00837824981845,11.183165410579571,25.113506401262452,35.1168999113056,21.93427831888524,8.00837824981845,11.183165410579571
FestellenDiagnose,155,V5,False,46.22535266133642,12.804084822790623,11.418623005419603,26.128569536786408,40.84022052136662,22.387897701660883,12.804084822790623,11.418623005419601
FestellenDiagnose,157,V5,False,50.86596963105202,38.861171446759506,16.402049234187675,25.124379852922374,38.90382467308328,21.59421843487101,38.861171446759506,16.402049234187675
FestellenDiagnose,159,V5,False,56.197753283374375,28.2996714413197,9.975521990633913,28.590099443310557,44.36608004257289,24.84257344318927,28.2996714413197,9.975521990633915
FestellenDiagnose,161,V5,False,48.45212166836158,8.80246942109959,15.310022788867998,25.108737187182633,41.94071436444395,21.309874240267977,8.80246942109959,15.310022788867998
FestellenDiagnose,163,V5,False,50.445804692062396,7.740897898830051,15.761147543900934,26.68386415649755,42.73411474638475,22.816994737841746,7.740897898830051,15.761147543900934
FestellenDiagnose,165,V5,False,54.11648627051839,9.76385265338094,15.216586738283995,29.69307359567221,49.07472965016503,25.196651099069253,9.76385265338094,15.216586738283995
FestellenDiagnose,167,V5,False,52.82794715835491,8.049551124388692,14.304898365279014,28.501197642041113,44.364082706091466,24.56177732317701,8.049551124388692,14.304898365279014
FestellenDiagnose,169,V5,False,58.24032531404611,8.899076581056816,14.033836696458264,31.230073096516954,48.102420333699236,26.945707667270757,8.899076581056816,14.033836696458264
FestellenDiagnose,171,V5,False,54.855375699620176,9.040238282649522,13.318365470553633,28.93899105355181,46.81039932635833,24.72490252195136,9.040238282649524,13.318365470553628
FestellenDiagnose,173,V5,False,57.54234518791831,9.484788740103438,14.032575314009518,29.363932202426305,48.31412679276925,25.119277358498554,9.484788740103435,14.032575314009518
FestellenDiagnose,175,V5,False,49.937717930125714,8.8664730548926,14.729618291808022,24.581774356811213,40.763268891673846,20.857557841817957,8.866473054892602,14.729618291808022
FestellenDiagnose,177,V5,False,52.68768982279418,9.989174906926474,13.89945584390064,28.32621018184648,46.696323533128655,24.096330894365583,9.989174906926474,13.89945584390064
FestellenDiagnose,179,V5,False,48.994988959350486,9.156176791653149,13.291179320131347,27.220026978569248,40.5762416405043,23.509912901827867,9.156176791653149,13.291179320131349
FestellenDiagnose,181,V5,False,49.32182767809916,10.086732019189597,13.467159359997794,29.5757814481635,45.296679816269396,25.419273654098244,10.086732019189595,13.467159359997794
FestellenDiagnose,183,V5,False,48.80062896730638,8.95524874444095,13.325508572396886,27.406171300324647,41.70344075621044,23.65581667432752,8.95524874444095,13.325508572396886
FestellenDiagnose,185,V5,False,48.80477930421326,9.25989358489592,13.094320224367822,26.198132880778957,40.54541982337704,22.507009039270155,9.25989358489592,13.094320224367822
FestellenDiagnose,187,V5,False,51.14366334911397,9.792313070123992,13.006500415709818,28.611502352104186,46.06804803969628,24.5546262579655,9.792313070123992,13.00650041570982
FestellenDiagnose,189,V5,False,51.25100561424346,10.216023682735633,12.71184035997197,27.46651174886303,44.88132293905555,23.432529255594854,10.216023682735633,12.711840359971967
FestellenDiagnose,191,V5,False,50.00728113826703,9.139940299784254,12.756303818427932,25.65557705463858,40.86341250728693,21.98867357151022,9.139940299784254,12.756303818427934
FestellenDiagnose,193,V5,False,52.19177356922163,10.449818361043464,13.145112806690854,27.020174447449453,45.1072644982721,22.938925488585845,10.449818361043464,13.145112806690854
FestellenDiagnose,195,V5,False,51.87548673508903,9.194589082878826,12.890064017622777,25.733538578850432,42.694386108840895,21.928810607248458,9.194589082878826,12.890064017622777
Frech,153,V5,True,43.9910288195256,,10.99857879892152,35.576858776817396,51.34231410878685,31.07312737700458,,10.99857879892152
Frech,155,V5,True,46.10747357266563,,11.181186556797744,42.85121724533919,57.90157673487691,37.31270844037092,,11.181186556797744
Frech,157,V5,True,51.59076880098867,,11.695070926054346,49.19480177905449,63.26101738624617,43.216206719674545,,11.695070926054346
Frech,159,V5,True,55.07227035686634,,13.733690281781245,50.437950519472324,61.64530774384076,44.66709851524543,,13.733690281781245
Frech,161,V5,True,60.7490008315097,,12.946791788999725,57.534119043828724,71.96434866185375,50.79553178531617,,12.946791788999727
Frech,163,V5,True,57.09915650761229,,12.726693492776615,55.78603572613513,74.17142231706454,48.81059385140489,,12.726693492776615
Frech,165,V5,True,58.60813446508099,,12.848085795998072,56.27371842231751,71.96016322163703,49.445513295285366,,12.848085795998072
Frech,167,V5,True,61.3282969334043,,12.116880123401263,58.28796564678691,71.93868635735485,51.66330251861451,,12.116880123401263
Frech,169,V5,True,60.318508523080645,,12.564758538231914,56.08174712036272,66.20538172264845,50.01813590140517,,12.564758538231914
Frech,171,V5,True,54.02225820936471,,12.17638792170793,51.351362841334115,63.39030285094903,45.57856395774692,,12.17638792170793
Frech,173,V5,True,49.711251760535795,,14.22595089865151,43.70711160628822,52.60828477867603,38.8517781642331,,14.225950898651512
Frech,175,V5,True,44.42237640150233,,13.050872592573452,37.02192909709608,44.57886463773233,32.83676491205882,,13.050872592573452
Frech,177,V5,True,42.57252974638912,,13.668924754123598,30.868211143933088,40.65326750088836,28.001447986166472,,13.668924754123598
Frech,179,V5,True,45.309680260287365,,12.177961972234545,31.235705898582154,39.52535529441285,28.64881651907358,,12.177961972234545
Frech,181,V5,True,43.290549973072046,,12.955620983310757,30.851919177025312,40.474933009118786,28.178662638393178,,12.955620983310757
Frech,183,V5,True,39.777424979516724,,12.615582412133737,30.580126261865434,39.88263267739034,27.621038731544775,,12.615582412133737
Frech,185,V5,True,42.24979659919775,,12.992458482052015,30.937569370346427,41.58767478723756,28.222401109592663,,12.992458482052015
Frech,187,V5,True,41.18384559566343,,12.648810448061377,30.809901296790247,40.964906620846165,28.04105513612278,,12.648810448061377
Frech,189,V5,True,39.394008754650585,,12.43474997187278,30.832035965935052,41.338675814634186,27.73781530040496,,12.43474997187278
Frech,191,V5,True,41.5216913138073,,12.794470721511479,31.822156474382925,42.61617525657067,28.922442601798444,,12.794470721511479
Frech,193,V5,True,42.50856609115984,,12.404843230910624,32.434059639787954,42.108984431050764,29.49216361873642,,12.404843230910624
Frech,195,V5,True,38.69853860363546,,12.11428071721763,30.570156476667748,40.34260887587577,27.660407505936213,,12.114280717217628
Frech,197,V5,True,40.06489155225165,,12.175636476810153,30.298686945238792,40.56156883019124,27.591843952529715,,12.175636476810153
Frech,199,V5,True,41.26558724598333,,13.011542680174532,29.43348655714424,40.14214956463016,26.7805164877629,,13.011542680174532
Frech,201,V5,True,38.50128108107658,,13.328174798404579,28.033246725354935,38.38415071505041,25.480521718871614,,13.328174798404579
Frieren,152,V5,False,37.59843928004364,10.702117208221377,13.251955871557268,22.815471551313234,32.520425362731764,20.39091480851358,10.702117208221377,13.251955871557268
Frieren,154,V5,False,36.55390795118995,10.834651325373837,13.190636421956022,23.489000511338272,33.13740995083372,21.260653159918604,10.834651325373835,13.190636421956022
Frieren,156,V5,False,41.512626515943886,11.112382790308532,12.87819715010119,23.616022946031926,33.663773258978146,21.111470749180242,11.112382790308532,12.87819715010119
Frieren,158,V5,False,42.147010455039016,11.077106158624721,12.982035643653983,22.756619186673394,32.33958937129396,20.678370822257804,11.077106158624717,12.982035643653983
Frieren,160,V5,False,38.53590463295985,11.32702254494783,12.50183768235036,23.234055946227095,33.31601221056992,20.95109595833892,11.32702254494783,12.50183768235036
Frieren,162,V5,False,38.40976369053507,10.778693369013757,13.094941352362767,23.995482420280155,33.68112646463985,21.839176941451402,10.778693369013757,13.094941352362767
Frieren,164,V5,False,38.84590871645547,10.73411438467539,13.554895328569007,24.587612718578004,33.15240741900651,22.213379943857266,10.73411438467539,13.554895328569009
Frieren,166,V5,False,40.438941871971785,10.325895350160833,13.37433881780526,25.64953536589996,35.57580318462609,22.975047470326142,10.325895350160833,13.37433881780526
Frieren,168,V5,False,38.68739912484986,10.618591634748935,13.431877053881108,26.610044304875007,35.192504116760425,23.842556926990316,10.618591634748935,13.431877053881108
Frieren,170,V5,False,38.5223610191032,10.1853841082277,13.610708950559168,26.87210507760163,36.78500177460753,24.03416356924949,10.1853841082277,13.610708950559168
Frieren,172,V5,False,40.86683936597519,10.022097470269145,13.10952198262264,28.363076244524915,37.95923537573325,25.44913413220186,10.022097470269147,13.10952198262264
Frieren,174,V5,False,40.8925731282753,9.927171038216802,12.447067781433939,30.825067714139113,40.05255939556729,27.659683749351412,9.9271710382168,12.447067781433935
Frieren,176,V5,False,38.700929557558204,9.923009737986174,13.03626818227633,28.937679623890293,38.24213628716882,25.924113739902133,9.923009737986174,13.03626818227633
Frieren,178,V5,False,39.10593798834273,10.34320298039571,12.988412959209898,27.308770121475682,36.46936074762431,24.64123108839508,10.34320298039571,12.988412959209896
Frieren,180,V5,False,39.700518454219505,10.061439771751127,12.63584503299691,29.333939046764485,36.434030712186214,26.429124581508287,10.061439771751127,12.635845032996905
Frieren,182,V5,False,38.23072362246577,10.2428834728734,13.025488076406326,29.748437434800735,36.74560916704235,26.75803544165701,10.2428834728734,13.025488076406326
Frieren,184,V5,False,38.51010870643793,10.307933004554014,12.868167209773087,30.445315369898786,37.65416316528385,27.21455990580454,10.307933004554014,12.868167209773084
Frieren,186,V5,False,36.84448005080816,10.429305697812522,12.872243219045284,27.59629113698082,35.03778050386904,24.808670556380935,10.429305697812522,12.872243219045284
Frieren,188,V5,False,38.118238502918295,10.580828218891236,13.080959702545595,24.88711674783653,33.05750245388303,22.358410130428332,10.58082821889124,13.080959702545597
Frisch,137,V5,False,52.772058566903816,20.974784118179777,21.364468331513983,41.14370623395314,57.1091487949091,35.73987301185677,20.974784118179777,21.364468331513983
Frisch,139,V5,False,53.50396383063851,24.515842465520088,22.825966882249876,41.41351879135978,58.690026269502425,35.71385489419732,24.515842465520088,22.825966882249876
Frisch,141,V5,False,53.28033529599543,19.464150753617606,22.160856601839395,41.4712161612315,60.792420005601215,35.57310224492221,19.464150753617606,22.160856601839395
Frisch,143,V5,False,54.0396990723779,18.39982285142279,13.975464261243292,36.7366206491513,57.45980024561857,31.443058877569477,18.39982285142279,13.97546426124329
Frisch,145,V5,False,54.24529826022825,14.943973793580197,15.697882337042442,42.359029154577826,63.86914357348447,36.182034659701635,14.943973793580197,15.697882337042449
Frisch,147,V5,False,52.74057398936128,13.259849771910218,12.955386896205097,35.30118620483692,57.75039209236203,30.002164762700946,13.259849771910218,12.955386896205097
Frisch,149,V5,False,40.7428102540782,11.028718880453194,10.88583777447258,25.697268492500726,42.24044326846389,21.896702957412995,11.028718880453194,10.88583777447258
Frisch,151,V5,False,44.57371870348843,10.770327939664076,11.513994554738675,29.82247038186398,39.33217345030415,26.674902217290985,10.770327939664076,11.513994554738675
Frisch,153,V5,False,40.771918775521435,11.421769670585798,11.250009387500505,26.920677946970542,37.453108748617254,24.509627537940187,11.421769670585798,11.250009387500505
Frisch,155,V5,False,39.81064289005751,13.05611673968645,10.617733218315987,28.181873802383603,36.8440203233475,25.497680452336237,13.05611673968645,10.617733218315987
Frisch,157,V5,False,52.947843993200806,13.33977869155164,10.584701416451326,43.4665694834872,38.65055674553517,41.02463211833798,13.339778691551636,10.584701416451326
Frisch,159,V5,False,53.034994989621694,13.722278678939343,9.983488724828574,45.24433534396316,38.77732330875997,42.75190584099659,13.722278678939343,9.983488724828574
Frisch,161,V5,False,53.15337006765955,13.27515162170463,10.081484911546015,46.215769936981346,40.407398129781335,43.63529039377803,13.275151621704628,10.081484911546015
Frisch,163,V5,False,51.04958296230708,13.068855733260465,11.272774183794693,45.39390316182609,40.69628217776137,42.56390622557638,13.068855733260465,11.272774183794693
Frisch,165,V5,False,48.184924471422,12.917098590959286,10.51248132328934,39.87083488936725,36.88680386134823,37.437765502751304,12.917098590959286,10.512481323289336
Frisch,167,V5,False,45.69588730076092,11.875166635973416,10.874445632554012,38.98615612916277,37.14275479064277,36.48666190088249,11.875166635973416,10.874445632554012
Frisch,169,V5,False,51.340126589504116,11.213249214822728,10.67361106155985,42.38249117576909,34.76988461250196,40.380301405118765,11.213249214822728,10.67361106155985
Frisch,171,V5,False,58.99085025265789,11.12686820327529,10.371062091900603,50.53745707999205,38.51305649897791,48.3265190778023,11.12686820327529,10.371062091900603
Frisch,173,V5,False,52.06371651570387,10.685392947426685,10.418973216183815,44.04056627043784,38.59544440277332,41.676246054358785,10.685392947426681,10.418973216183815
Frisch,175,V5,False,58.5485343461644,11.33871819100769,10.108295735466394,49.98484780090924,38.523802776984546,47.64730991976118,11.338718191007692,10.108295735466395
Frisch,177,V5,False,57.99188574510735,10.979395815205322,10.013394313249558,49.17078325594052,37.52197002806821,47.04692545708331,10.979395815205322,10.013394313249558
Frisch,179,V5,False,51.473999948343625,10.945629943753588,10.57704852093111,44.69390805888221,40.079739144374486,42.04463881584153,10.945629943753588,10.577048520931106
Frisch,181,V5,False,49.914488300800826,11.066667686482766,10.176351692885302,43.50571582939186,39.52073934001627,40.87262305727768,11.066667686482763,10.176351692885302
Frisch,183,V5,False,57.69965283834197,11.036015656575305,9.787204747869353,50.04191749194447,38.66813855283937,47.8083534316844,11.036015656575305,9.787204747869353
Frisch,185,V5,False,53.840022459783505,10.814696219055744,9.975907207708394,48.33657354905554,39.2315576818218,45.98400742897982,10.814696219055744,9.975907207708394
Frisch,187,V5,False,54.746723893198784,10.53809378651837,9.797739072145221,46.9547315406893,37.784789788072594,44.73746007225849,10.53809378651837,9.797739072145221
Froh,126,V5,False,50.370931187395236,10.999335412596468,10.122050964413518,34.52827122784205,39.381174190017276,31.37628567281843,10.999335412596468,10.122050964413518
Froh,128,V5,False,47.32250568614755,9.2308808167261,9.858022951587232,33.69466746917693,41.513375585415105,30.501034684682846,9.230880816726097,9.858022951587232
Froh,130,V5,False,51.4854018417296,9.033852843348363,12.192797923447126,34.92804874904484,44.04153777973116,31.701972213395713,9.033852843348367,12.192797923447129
Froh,132,V5,False,51.03036602454504,9.802086537474354,13.712031280933152,41.84033399290988,47.49772571741386,37.68380787904765,9.802086537474352,13.712031280933152
Froh,134,V5,False,66.4768353679716,10.11071837357902,12.57901209848178,63.650451554848,67.42910677912167,57.55706513037647,10.11071837357902,12.57901209848178
Froh,136,V5,False,56.61634367702345,9.628670561368171,9.66467771415842,54.98533098392385,60.576664384376244,49.49048530173246,9.628670561368171,9.66467771415842
Froh,138,V5,False,46.98300956155912,11.750367553446011,7.597719965392323,40.49695987470686,48.60077294059815,36.1298202125394,11.750367553446011,7.597719965392323
Froh,140,V5,False,43.082816806112646,10.792760859413114,8.013768667568907,34.147294062058485,42.68165072076031,30.580942459723936,10.792760859413116,8.013768667568907
Froh,142,V5,False,51.10885458341248,10.109499087376951,7.044772075148597,43.19473079711054,48.90800687098116,39.17763848502856,10.109499087376953,7.044772075148597
Froh,144,V5,False,42.91959781075321,10.457116315061025,7.8774738837106595,32.7229801440182,41.315596788302706,29.58104195847242,10.457116315061025,7.8774738837106595
Froh,146,V5,False,42.164333406526985,10.998377558516799,7.972771192592894,27.564792139134767,38.30028949472602,24.948362216298733,10.998377558516799,7.9727711925929
Froh,148,V5,False,46.34944511310984,9.071845910856903,8.615330331503849,29.546564391302542,36.427371157711825,27.22745507832954,9.071845910856903,8.615330331503845
Froh,150,V5,False,45.89718780663344,11.963668074247911,12.585789311838017,30.770039082867644,37.395014762556045,27.96899892711332,11.963668074247911,12.585789311838017
Froh,152,V5,False,49.63111899054596,7.163380466457744,13.89942017338133,34.678752043857635,40.91171728451674,31.372522740608215,7.163380466457744,13.89942017338133
Froh,154,V5,False,54.718797287132595,8.79962964779073,15.997414965279937,42.95635221852158,46.8320756490732,39.136171554538635,8.799629647790727,15.997414965279937
Froh,156,V5,False,46.6722480118817,8.370527437232601,15.72522093038653,34.66910662690652,46.964649864964706,31.173891642810936,8.370527437232601,15.72522093038653
Froh,158,V5,False,48.65668782942822,10.251650293588881,12.719297538591164,39.41542135534827,52.35161071603536,34.95330719722263,10.251650293588881,12.719297538591164
Froh,160,V5,False,51.03061817173468,11.539317777086055,9.175889751108711,45.36304774144464,50.771587756108055,40.73959043373329,11.539317777086055,9.175889751108711
Froh,162,V5,False,47.77866822486693,10.887779548752565,7.067057565572331,39.925797354753584,40.93317310239785,36.11695046970573,10.887779548752565,7.067057565572331
Froh,164,V5,False,56.462079641029845,9.904606969414646,7.199314005574815,52.924763179063675,56.476476016862534,47.937986134165335,9.904606969414644,7.199314005574813
Froh,166,V5,False,58.72950646452427,9.23180542196893,7.427859756006931,56.392748964435604,60.30840548264858,51.16881169208479,9.23180542196893,7.4278597560069315
Froh,168,V5,False,43.43523739330751,10.54605385214309,8.009785703367108,34.035804583953954,41.92549075729222,31.277754595993287,10.54605385214309,8.009785703367108
Froh,170,V5,False,46.79875057477901,9.86578922866784,9.307860936577647,38.12921447865772,42.62468933298643,34.83858544011148,9.86578922866784,9.307860936577649
Froh,172,V5,False,55.073220972136426,8.270113437691883,11.232750447734407,42.65155730029368,47.02010187098566,39.36869797610489,8.270113437691883,11.232750447734405
Froh,174,V5,False,56.908601267231525,7.493968388763694,10.712972423843432,44.147257963044915,46.12959405581907,40.22407390927031,7.493968388763698,10.712972423843436
Froh,176,V5,False,61.10886324214659,8.702573899525008,12.648293527254427,48.15903407669222,50.71089833283852,43.88075354982976,8.702573899525003,12.648293527254427
Froh,178,V5,False,50.39470255896557,9.316606626550417,14.836133141186336,37.24696496243981,43.03502699028992,33.853639757992056,9.316606626550417,14.836133141186336
Froh,180,V5,False,48.77637170020096,11.6704567294187,12.6384649980216,37.78029488393124,49.293078488651325,33.985669048441764,11.6704567294187,12.638464998021602
Froh,182,V5,False,45.830414778638485,12.984557831883922,12.045616993782554,34.76030931804852,42.82496996684904,31.257523283491732,12.984557831883922,12.045616993782554
Froh,184,V5,False,44.450937038648085,9.367650162818634,9.923657340592312,32.447602709158666,48.67599685331159,28.042658651210743,9.367650162818634,9.923657340592312
Glas,104,V5,False,37.03042052142051,8.855988531666473,9.876478690357423,20.623708104400492,28.033962053503167,18.804442359555235,8.85598853166647,9.876478690357423
Glas,106,V5,False,36.69163744068143,11.363770591309827,10.934002460678311,19.053784340438824,27.812626892545477,17.113615889951834,11.363770591309828,10.934002460678311
Glas,108,V5,False,37.11874224767322,12.270901184959468,9.473114311346174,21.014308405431994,27.3157673489274,19.292154921369697,12.270901184959468,9.473114311346174
Glas,110,V5,False,36.21426364201735,11.844990747584895,10.739296784974501,24.25676003321256,29.014655994870314,22.158575243962197,11.844990747584896,10.739296784974501
Glas,112,V5,False,37.068108895030186,7.373522521304268,10.386872777731902,22.593063116785757,30.482850112162463,20.529655853642545,7.373522521304268,10.386872777731902
Glas,114,V5,False,34.904587964515194,7.859869346753643,12.896126398619476,21.664204288104862,30.399608563267247,19.4539468026576,7.859869346753643,12.896126398619476
Glas,116,V5,False,35.89665189569932,9.329013229714674,14.418323403910211,23.296992478744855,30.780015108554654,21.444106251845138,9.329013229714674,14.418323403910213
Glas,118,V5,False,34.028486718846466,9.187603883335994,13.716426257730634,25.58004350292527,30.627722677894788,23.51634516071278,9.187603883335994,13.716426257730634
Glas,120,V5,False,36.16647870445186,13.27416729494142,14.686226353407466,23.813000476943948,33.28354006978362,21.21478347503285,13.27416729494142,14.686226353407466
Glas,122,V5,False,34.43970497609943,14.48583667924641,14.316828883021747,24.41357074597111,33.486836350516406,21.937921756248468,14.485836679246411,14.31682888302175
Glas,124,V5,False,34.90768672492818,15.83100578540677,13.881441244840923,24.885806923315666,33.29949031400661,22.372083284840144,15.83100578540677,13.881441244840925
Glas,126,V5,False,36.29147914428716,12.365811459139962,14.555077987606136,26.977665968511666,36.84373374306268,24.114562448172144,12.365811459139962,14.555077987606136
Glas,128,V5,False,36.8552140777215,12.122071925741892,14.529937091357144,26.89280357941232,36.27792371585794,24.096113459216596,12.122071925741892,14.529937091357144
Glas,130,V5,False,34.42119100016643,14.670511482443258,15.420586907901457,25.419142137640424,33.67330903167366,23.284799941063426,14.670511482443258,15.420586907901457
Glas,132,V5,False,33.873145144609765,14.078133535784838,14.570810522390868,24.065716575684252,32.83180093241515,21.833296792741617,14.078133535784838,14.570810522390868
Glas,134,V5,False,37.59439354543241,13.518582022279535,15.226096773038837,25.570357583310575,37.47867851220525,22.62249274451333,13.518582022279535,15.226096773038837
Glas,136,V5,False,37.987896232242875,12.35199356806988,14.627966433008746,23.354245517957676,34.15277866509777,20.60929803750165,12.351993568069881,14.627966433008748
Glas,138,V5,False,34.92028168795041,15.004245263455898,15.080670217808017,21.906526966045632,31.53253672019097,19.425942344390382,15.004245263455898,15.080670217808013
IdiomPffIgnorieren,122,V5,False,43.707423578452726,15.881152364808763,13.210460511890686,22.751648592538515,35.71087065163092,19.66133608847192,15.881152364808763,13.210460511890686
IdiomPffIgnorieren,124,V5,False,44.01043963159569,10.627435883120778,11.548541617897396,23.44935078533952,37.21275682408082,20.09306257879166,10.627435883120778,11.548541617897396
IdiomPffIgnorieren,126,V5,False,45.75864076192058,9.884660581032316,11.3878538715435,21.615013687982472,33.78640128502113,18.613078703363307,9.884660581032316,11.3878538715435
IdiomPffIgnorieren,128,V5,False,48.02341315123732,11.25432128577012,12.553365151897072,19.487471602698825,30.453072653101746,16.728253577046917,11.25432128577012,12.553365151897074
IdiomPffIgnorieren,130,V5,False,50.09765256386806,11.942145421743831,12.790048251498925,20.75287399084255,32.72182555000344,17.736013330806095,11.942145421743831,12.790048251498925
IdiomPffIgnorieren,132,V5,False,48.837716654431055,14.05431754452807,11.720765856815142,21.883751482604605,33.96230280162541,18.72644672067062,14.05431754452807,11.720765856815142
IdiomPffIgnorieren,134,V5,False,54.32556337095302,14.068241894652045,11.885943453759912,21.34305040236209,33.91158331338702,18.180771683218367,14.068241894652045,11.885943453759912
IdiomPffIgnorieren,136,V5,False,52.35209544198138,14.152908962162112,12.491175141014683,19.96601274193973,31.871699124908005,17.096464425820013,14.15290896216211,12.491175141014683
IdiomPffIgnorieren,138,V5,False,49.36407571336135,13.627834603777023,12.886427209753059,20.88427830393426,33.407608221178975,17.821425357749064,13.627834603777023,12.886427209753059
IdiomPffIgnorieren,140,V5,False,48.027135499329816,13.962390670664497,13.116603479303278,21.295882917481944,33.71836655172813,18.34593424332867,13.9623906706645,13.116603479303278
IdiomPffIgnorieren,142,V5,False,45.77268737011636,13.986317941116676,13.1554695493073,21.251078071135364,33.155737476377865,18.29290123022278,13.986317941116676,13.1554695493073
IdiomPffIgnorieren,144,V5,False,46.88581892337977,13.884162935904627,13.976850723804391,21.97403624712538,34.522931068884006,18.822519202360976,13.884162935904627,13.97685072380439
IdiomPffIgnorieren,146,V5,False,47.11224707664721,13.589254484671473,14.737160931880304,21.48857259932048,33.58612931250766,18.44189915654106,13.589254484671473,14.737160931880304
IdiomPffIgnorieren,148,V5,False,46.12370405027616,13.788544156814996,13.604172112504026,19.915128752157596,32.145125484381936,17.068883495276243,13.788544156814996,13.604172112504026
IdiomPffIgnorieren,150,V5,False,46.077793912251245,13.746602884432534,13.140128694784053,22.86993193186109,34.692672412322615,19.623835280476957,13.746602884432534,13.140128694784053
IdiomPffIgnorieren,152,V5,False,45.959236804406764,12.606315584467687,12.831642279209742,19.886823237381122,32.19059003469099,17.0035773655268,12.606315584467687,12.831642279209742
Jahr,162,V5,True,32.77791201129296,,18.042785478615738,24.684779544462312,35.110905443018126,21.332523930379832,,18.042785478615738
Jahr,164,V5,True,39.70154663660885,,17.57891510770373,30.543343050659274,40.558632767465916,26.93705761987349,,17.57891510770373
Jahr,166,V5,True,42.544956608951765,,15.841760022885815,32.87853269935869,46.50390255988642,28.895777447098574,,15.841760022885815
Jahr,168,V5,True,38.609791847768896,,15.200453781418311,33.774614638008345,46.97638770082142,29.353440401765113,,15.200453781418311
Jahr,170,V5,True,53.94425334685323,,21.203812996281652,60.27954529169492,78.89507499926867,52.60044462587314,,21.203812996281656
Jahr,172,V5,True,54.75957928115441,,19.694780986784252,59.584459388471004,79.96116983564141,51.88501846613049,,19.694780986784252
Jahr,174,V5,True,50.30434807349617,,19.007905584824776,54.900681329413175,73.86594754330748,47.663370765111516,,19.007905584824776
Jahr,176,V5,True,42.68443496216618,,18.788092875731774,45.175838309175425,59.45796183843545,39.41240108392662,,18.788092875731774
Jahr,178,V5,True,39.29083847472361,,19.544160852526318,34.63886420197299,48.88135435006113,30.0917279514124,,19.54416085252632
Jahr,180,V5,True,34.8707327295928,,10.850561810334456,29.331217171244983,46.71069864654044,25.19127246047016,,10.850561810334456
Jahr,182,V5,True,36.90065432705551,,9.353297265142666,26.12687657911628,42.039942683541675,22.46173422459477,,9.353297265142666
Jahr,184,V5,True,39.39455843544777,,10.125052816399704,26.954180409867508,43.711166438081236,22.912669545681958,,10.125052816399704
Jahr,186,V5,True,35.067928014834884,,9.336481543300868,24.271052537185756,39.15270214268425,20.973240156124916,,9.336481543300868
Jahr,188,V5,True,37.69336266773677,,9.426941182718851,25.34117230767528,39.42282310261726,22.26941226041447,,9.426941182718851
Jahr,190,V5,True,37.67788253153582,,10.330762971033648,27.44242742213907,44.28408621021557,23.989202101087827,,10.330762971033648
Jahr,192,V5,True,32.00987673418621,,9.489451647516871,24.39619101391118,39.44340421700154,21.185553279370456,,9.489451647516871
Jahr,194,V5,True,30.435267914672558,,12.514686677569578,23.611572016318338,37.05500865204874,20.208413099260266,,12.514686677569578
Jahr,196,V5,True,41.887211585666904,,13.262440548893284,34.61480060422853,39.95402346455595,31.079199828725557,,13.262440548893284
Jahr,198,V5,True,73.16352446825796,,11.260775260323609,65.97967010645081,37.29127712991614,66.26942718473632,,11.260775260323609
Jahr,200,V5,True,27.476429118013485,,9.920663969480323,22.374206594049415,33.79392443631998,19.494814710923205,,9.920663969480323
Jahr,202,V5,True,30.30359124744828,,11.100480126668867,25.060703417610767,39.630235771705706,21.384999447891925,,11.100480126668867
Jahr,204,V5,True,31.47221061479171,,10.905683207076528,27.634935425993188,44.59159523973476,23.5740388255424,,10.905683207076525
Jahr,206,V5,True,32.53317753063539,,9.779649817881886,27.672064189192493,44.39044103734959,23.272844450679788,,9.779649817881888
Jahr,208,V5,True,35.170976168656324,,10.081313728166693,30.215504777557975,48.07616961653582,25.624550555722013,,10.081313728166693
Jahr,210,V5,True,34.98543813124969,,9.867890496114862,31.38318040478351,50.75281252558944,26.35558294422249,,9.867890496114864
Jahr,212,V5,True,31.830155689553546,,9.819867829086617,25.30311471978404,39.33958960079721,21.409695773602834,,9.819867829086615
Jahr,214,V5,True,35.81653842043792,,10.234243798330105,29.44578207990787,45.53007218689166,25.1382511014163,,10.234243798330104
Jahr,216,V5,True,36.00896503210359,,11.733203939439555,30.02468290853708,45.1658502540726,25.657451207630906,,11.733203939439555
Jahr,218,V5,True,38.39619096370244,,11.48313198859993,31.434241539843505,48.33723771193588,26.845273078217282,,11.48313198859993
Jahr,220,V5,True,35.05646673394958,,12.708515503492206,28.82417671619943,40.93103728914624,25.033051521727486,,12.708515503492206
Jahr,222,V5,True,36.54339086451978,,12.614102919501274,30.310303835220044,40.29252347767536,26.466482573035922,,12.614102919501274
Jahr,224,V5,True,36.119960354336406,,15.252779219825603,28.355906633342446,38.134661301096756,24.814300842813758,,15.252779219825602
Jahr,226,V5,True,39.74780795840277,,14.659746594054205,28.906879923441817,41.901500795622105,24.983748287693427,,14.659746594054202
Jahr,228,V5,True,34.71380354843643,,15.903496635013813,31.520238247816064,44.07232923839214,27.111019812944633,,15.903496635013816
Jahr,230,V5,True,32.812199050519965,,16.7977251444801,31.108067027556988,44.7758027382337,26.451346317586093,,16.7977251444801
Jahr,232,V5,True,38.87690827537351,,13.42890161093393,29.59541108343324,41.80898395381847,25.700620668712165,,13.42890161093393
Jahr,234,V5,True,37.50039069047103,,13.42541713377061,29.31464627120179,41.24582053062626,25.522554908796447,,13.42541713377061
Jahr,236,V5,True,38.60749629124041,,13.494624650104315,30.517936620093586,42.9762757608403,26.533541074923484,,13.494624650104315
Jahr,238,V5,True,40.02140408989386,,13.529158849647448,31.910503485520618,45.62484995189024,27.799492500679488,,13.529158849647448
Jahr,240,V5,True,36.49648664363968,,14.444390606759441,30.477516070675208,44.570286438558114,26.22217061235879,,14.444390606759441
Klar,122,V5,True,41.55051956008456,,12.696855817871157,30.852644668726136,42.78754423408065,27.196245110125385,,12.696855817871157
Klar,124,V5,True,39.45011752989409,,12.349728733804598,33.029871838672605,43.28397790211276,29.166642103577455,,12.349728733804602
Klar,126,V5,True,46.679495519984584,,17.492242422946205,39.86501260330848,49.45392818140261,35.320158110201184,,17.4922424229462
Klar,128,V5,True,45.32203866422391,,15.078044049737677,38.29331269127235,46.047473841442674,33.854883328860666,,15.078044049737679
Klar,130,V5,True,45.24902167327076,,11.520317391877064,37.57420653088232,46.685485779361734,33.08080016767241,,11.520317391877068
Klar,132,V5,True,45.11568812480149,,15.438741259138862,40.17899576541843,51.319537839337734,35.30424317315533,,15.438741259138862
Klar,134,V5,True,43.255114149101644,,15.913455137375282,39.13845529078132,53.14228601265674,34.18761632179406,,15.913455137375285
Klar,136,V5,True,43.55466304065216,,19.002245902948225,40.118016723315364,57.56490194544098,34.626144831136536,,19.002245902948225
Klar,138,V5,True,42.00032569421863,,12.100788402463056,37.787497851635365,51.964084106753106,32.89361742262348,,12.100788402463056
Klar,140,V5,True,42.76510988521409,,9.510361785848582,37.34652046233428,50.76606130242165,32.49235183196906,,9.51036178584858
Klar,142,V5,True,43.76409157083937,,10.234687651443652,38.334609980595246,52.703511535698624,33.24172231914251,,10.234687651443652
Klar,144,V5,True,41.610926702497046,,10.031472533180095,35.82404331171884,50.2986732410041,31.29991754282352,,10.031472533180095
Klar,146,V5,True,40.98408963892864,,9.967631296846095,34.67512245946802,47.68791255670698,30.56443248126516,,9.967631296846095
Klar,148,V5,True,40.77827889961433,,10.159991129516706,32.192215390211494,47.55748006940698,27.927418816224396,,10.159991129516703
Klar,150,V5,True,37.57354066594749,,10.085569715928171,29.865204986248482,45.05014314031694,25.95141190108372,,10.085569715928171
Klar,152,V5,True,37.56517714426463,,10.077548289629455,29.276330484914574,42.83761815428154,25.529773635933136,,10.077548289629455
Kochen,135,V5,False,35.279132092304415,8.861601044140347,13.745661468632592,21.66036525550637,31.893828775469924,19.28729991180489,8.861601044140345,13.745661468632592
Kochen,137,V5,False,35.521738916496105,7.745453996721834,16.108310245645036,21.58703646300785,31.886584695377397,19.208477538898542,7.745453996721833,16.108310245645036
Kochen,139,V5,False,35.290422635522305,8.16403021173828,16.58458050075004,25.071974028518248,33.77923501784179,22.329160710454662,8.16403021173828,16.58458050075004
Kochen,141,V5,False,35.690207773586515,8.298676827308396,16.995417862994152,26.179147133979203,36.026612881857396,23.1567339649867,8.298676827308396,16.995417862994152
Kochen,143,V5,False,36.83009108045708,9.144526630652127,18.11171571383501,25.02007681592947,37.18019199825566,22.18187817054107,9.144526630652127,18.11171571383501
Kochen,145,V5,False,38.604159151281124,9.420294369970524,17.92711846106585,31.60885975224837,44.42569044395987,27.551864395837104,9.420294369970522,17.927118461065852
Kochen,147,V5,False,37.988722454321405,14.51820508576789,17.74746396848892,27.260255321017002,44.15026798370626,23.69619120942971,14.51820508576789,17.74746396848892
Kochen,149,V5,False,39.81587206984253,9.920607697709828,16.97107169270411,24.53994229158355,38.459377292203826,21.78312188198424,9.920607697709828,16.97107169270411
Kochen,151,V5,False,40.44424037832416,15.46498486049838,15.616940593755388,26.12241986755023,38.66420486809835,23.01986170333018,15.46498486049838,15.616940593755388
Kochen,153,V5,False,40.724874724928185,8.227017833412859,16.32215439929768,25.540262990781947,37.16817640715068,22.66722072990494,8.227017833412859,16.32215439929768
Kochen,155,V5,False,46.279995323483455,11.206494531009817,16.815020979895465,37.37743377240302,60.019683378340176,32.041871404219314,11.206494531009817,16.815020979895465
Kochen,157,V5,False,39.212109375507346,15.740498519154857,15.530689768944857,23.88468707287368,35.33243056859699,21.126330785444914,15.740498519154857,15.530689768944857
Kochen,159,V5,False,36.90010089016257,9.669294928735974,13.805611379718874,22.488080316109432,32.31784458543586,19.772657523045012,9.669294928735974,13.805611379718874
Kochen,161,V5,False,33.81359466108035,13.76508813008434,12.931639264249458,19.017802873640367,28.149105585199173,16.938458271621307,13.76508813008434,12.931639264249455
Kochen,163,V5,False,36.49778633338697,15.921342207327292,13.223999644544289,17.898458728180206,26.999449682202165,15.82276273904372,15.921342207327292,13.223999644544289
Kochen,165,V5,False,37.774441484927976,8.12186088582001,14.061062014594789,18.849417026436953,27.961893095683145,16.802296438503728,8.121860885820007,14.061062014594789
Kochen,167,V5,False,37.55131973107883,7.5837117325135734,14.687020852588235,19.18596675263977,27.266212586906434,17.416049299188064,7.5837117325135734,14.687020852588235
Kochen,169,V5,False,33.63671162737681,8.285566508995748,15.622174253385198,19.095838990632494,27.370165250404753,17.19177301579422,8.285566508995748,15.622174253385198
Kochen,171,V5,False,32.88448956735765,9.046980106727336,16.324805364155342,19.904581180755766,28.737756716712223,17.67085530320159,9.046980106727334,16.32480536415534
Kochen,173,V5,False,32.546538050168586,8.542661262357779,17.238242259488747,22.268617288887196,31.675840552251028,19.71040175107587,8.542661262357779,17.238242259488747
Kochen,175,V5,False,35.34300481124009,8.215082686567314,17.36950748777288,22.035860219845542,33.03813414126046,19.338584318494696,8.215082686567314,17.36950748777288
Kochen,177,V5,False,37.18302895543169,8.33044554673365,16.374661733973802,21.729871680927516,32.358304389922075,19.21678431755901,8.33044554673365,16.374661733973802
Kochen,179,V5,False,34.640390077438916,9.209898828349106,16.53925548914769,25.405273947165643,36.64440222132513,22.357835872945515,9.209898828349104,16.539255489147692
Kochen,181,V5,False,40.9792582941332,9.091993660575417,17.329948253393763,23.323414577866785,35.31850136720021,20.37315620960342,9.091993660575419,17.329948253393763
Kochen,183,V5,False,42.60703846842271,8.325278834417944,16.01316538772541,24.975829447900587,36.68084436833048,21.836356248967267,8.325278834417944,16.01316538772541
Kochen,185,V5,False,42.04813928606903,9.528840728702232,14.729319446428976,22.48687699380788,33.88528184942604,19.65864297702639,9.528840728702232,14.729319446428976
Kochen,187,V5,False,40.66748161562747,13.72735040856781,14.5860878891196,23.63648391332001,35.79198295689233,20.641643500555272,13.72735040856781,14.5860878891196
Kochen,189,V5,False,39.46264206188101,9.85369175310644,13.649492259076212,20.165308896379457,29.47624030847903,17.71357053753551,9.85369175310644,13.64949225907621
Kochen,191,V5,False,36.57966648000991,15.191653323697585,13.822122130309436,18.712841839241932,28.529921140120173,16.318152355494714,15.191653323697585,13.82212213030944
Kochen,193,V5,False,36.7753737787397,16.12574071762228,14.018714374533227,17.99652944087053,26.419987151160154,15.910009755070478,16.12574071762228,14.018714374533223
Kochen,195,V5,False,36.17408008904016,9.420953264742174,13.384557258817267,18.056245532405267,27.039467474173794,15.779427036420161,9.420953264742174,13.384557258817264
Kochen,197,V5,False,35.18140612292284,13.016584502383958,13.926788287693576,17.463882273245414,26.39590345771108,15.28109039448558,13.016584502383958,13.926788287693578
Kochen,199,V5,False,32.46356752059505,8.353928358480834,14.323121380586237,18.790404242397837,28.429542595395183,16.545537494165643,8.353928358480834,14.323121380586237
Kochen,201,V5,False,36.790004627458764,9.924143579582612,15.026030533185464,19.356476096344004,29.243962136058016,16.966494577707113,9.924143579582612,15.02603053318547
Kochen,203,V5,False,34.171148159891146,10.009094391596086,15.600025186249674,20.019982090035537,30.364251625355692,17.536916613197803,10.009094391596088,15.600025186249674
Kochen,205,V5,False,35.15116147022569,9.95279395492033,15.736656638470105,20.578904540767862,31.486395000752697,18.015796144818125,9.95279395492033,15.736656638470105
Kochen,207,V5,False,33.46814862751525,13.99077135429783,16.527642052422326,20.295455957576763,31.156391151680936,17.732541297037002,13.99077135429783,16.527642052422326
Kochen,209,V5,False,39.169632376269966,10.139091909667684,16.00401609622473,21.28255058970756,32.58428837558323,18.77867432584362,10.139091909667684,16.004016096224728
Kochen,211,V5,False,34.05280400813694,11.816264281140828,15.255873906917122,22.08037071601259,33.26861042509063,19.31939400288265,11.81626428114083,15.255873906917119
Kochen,213,V5,False,41.18629690781237,12.59876431956408,15.884561410726025,23.815159638303882,35.20367186040249,20.907888626377527,12.598764319564076,15.884561410726025
Kochen,215,V5,False,39.544779898740344,12.044813787638624,15.104102180340616,21.902394008478666,33.29874270806871,19.286971952762453,12.044813787638624,15.104102180340616
Kochen,217,V5,False,38.622200150776386,12.373614512895683,15.339003599869343,22.198451911188336,33.71466549616002,19.666806780520265,12.373614512895683,15.339003599869343
Kochen,219,V5,False,39.671226147226584,11.147480478134256,15.426768819051196,22.29784753874355,32.07642861666564,19.839123557841518,11.147480478134256,15.426768819051198
Kochen,221,V5,False,49.28624458656222,8.779379279292892,15.26556867650221,39.06988344622884,65.267852392138,33.51048930887308,8.779379279292892,15.26556867650221
Kochen,223,V5,False,53.077278639272826,9.136444133323655,15.369576699474287,39.50838880731734,65.62202935289903,33.75341352762144,9.136444133323655,15.369576699474287
Kochen,225,V5,False,51.45982064402759,8.287985971709867,14.856591501809978,41.1674089828001,68.5732891141487,35.30147037059562,8.287985971709867,14.85659150180998
Lesen,153,V5,False,38.953484170062126,8.985016842284546,10.450470856819571,27.864655850072893,46.194234972061125,23.48632434359376,8.985016842284546,10.450470856819571
Lesen,155,V5,False,38.01906707858399,10.915166341930643,10.547585605167344,28.080949659638417,45.033086816992586,23.886493415494524,10.915166341930643,10.547585605167344
Lesen,157,V5,False,44.99045656795674,10.005434538348876,10.569104673488107,27.90524659675088,46.726130552575974,23.527871791222445,10.005434538348876,10.569104673488107
Lesen,159,V5,False,40.09568680591816,10.442034997999531,9.873301821770468,31.270028443726304,47.616369683105866,26.733090395012265,10.442034997999531,9.873301821770468
Lesen,161,V5,False,40.029468006965615,11.335846253728498,10.139788489142806,25.25061635109447,40.289456887120586,21.42789160288914,11.335846253728498,10.139788489142806
Lesen,163,V5,False,40.759621717004904,10.152159380090296,10.287754894696699,29.892439135708916,44.04502530206938,25.86929417983612,10.152159380090296,10.287754894696699
Lesen,165,V5,False,40.03978756976428,10.100988949158905,10.830993897408094,29.01359712725769,42.74013220112241,25.166272988236127,10.100988949158905,10.830993897408094
Lesen,167,V5,False,39.37384593531149,11.814245218289319,10.75321481483906,29.56066565835224,42.89241452775298,25.64051672304074,11.814245218289319,10.75321481483906
Lesen,169,V5,False,40.037904490880386,8.542028103110518,11.403649038126028,31.209457340549527,48.12665703984619,26.74898918638252,8.542028103110518,11.403649038126028
Lesen,171,V5,False,43.49242426419097,10.020783533414669,9.883346384383993,29.324381745979682,46.790251106156184,25.043706022502587,10.020783533414669,9.883346384383993
Lesen,173,V5,False,44.993351672258015,8.677300706293073,10.250605686973405,26.086847495718978,42.888131470645085,22.119384607352625,8.677300706293073,10.250605686973405
Lesen,175,V5,False,45.0335303737754,9.464201156211393,9.557075689489977,26.83791019569222,42.06039731080427,22.816576460362768,9.464201156211393,9.557075689489977
Lesen,177,V5,False,42.30445535276739,9.676415195103289,9.873074766406909,27.200506536947106,42.75711082087498,23.470975462662334,9.67641519510329,9.873074766406909
Lesen,179,V5,False,41.66928469836815,10.140596055753289,11.201844882838659,26.14995388040403,41.09190229257694,22.731724846098544,10.140596055753287,11.201844882838657
Lesen,181,V5,False,40.24634751250453,9.945189730085325,10.672844253677763,30.821337995795453,44.130798158356406,26.768023392818883,9.945189730085325,10.672844253677763
Lesen,183,V5,False,42.819382019998265,11.936728294454134,12.811710251595347,30.496011456986125,45.68234413582922,26.40559130416112,11.936728294454134,12.811710251595347
Lesen,185,V5,False,45.104937734433584,9.89373328756222,11.047916016897053,29.01834060125291,47.04982500769938,24.93056607657728,9.893733287562219,11.047916016897053
Lesen,187,V5,False,44.34403648601971,8.087339135555686,10.04660244293994,31.22467215334772,49.72584666461596,26.80862511204797,8.087339135555686,10.046602442939943
Lesen,189,V5,False,43.32807449546476,8.78678211091137,10.231734294839793,29.529130560989906,44.27741318725326,25.565555908925077,8.78678211091137,10.231734294839791
Lesen,191,V5,False,44.42906646284146,10.21233759112657,9.71686245585275,29.991558956206276,44.37512295206891,26.11534954391108,10.21233759112657,9.716862455852754
Lesen,193,V5,False,42.51533027895551,10.606628105373842,9.985661697541557,28.364560386550654,45.30311780317052,24.132606619605056,10.606628105373842,9.985661697541557
Lesen,195,V5,False,43.39612758101638,8.554592779178169,10.53659969796675,25.527226793602356,40.00425874588351,22.15728973266358,8.554592779178169,10.536599697966754
Lesen,197,V5,False,45.23175485876145,10.525257160330609,11.873048620293636,29.59526942061139,48.03259928873013,25.410749404028873,10.52525716033061,11.873048620293632
Lesen,199,V5,False,43.691531411609525,9.980242462401492,12.894538560471995,27.960822924050582,45.37194649341223,23.85044625403646,9.980242462401492,12.894538560471995
Lesen,201,V5,False,42.143772796124495,8.011655399349424,13.297621033939702,27.051017738543457,44.49882184100017,23.252755733571394,8.011655399349426,13.297621033939702
Lesen,203,V5,False,43.860643706357635,11.095672418970858,12.943035121203398,29.28720437161575,47.41147969951353,25.145793945058593,11.095672418970858,12.943035121203398
Lesen,205,V5,False,41.719474561042915,8.976795689626089,11.6437445773525,27.745295773553632,46.403946331870245,23.683627071567187,8.976795689626089,11.643744577352498
Lesen,207,V5,False,45.13792216424843,7.148340888734298,11.910284904374866,32.02718216248875,52.00050606102813,27.232617133139595,7.148340888734297,11.910284904374866
Lesen,209,V5,False,43.82245252975199,7.867558057437201,13.122381058835037,29.481188529212268,48.288508634881936,25.308412683751577,7.867558057437201,13.122381058835035
Lesen,211,V5,False,45.3570985658891,8.43605323062883,13.677080356621339,32.57515716357299,53.41774429682116,27.9884584816407,8.43605323062883,13.677080356621339
Lesen,213,V5,False,42.83770999137859,8.04649447910101,12.776885979544927,29.31126222181834,48.39884876231908,25.257541292840195,8.04649447910101,12.776885979544927
LiebBitte,142,V5,True,53.885542570471834,,11.925231398001555,52.704783199797916,66.85185995221642,46.47318873254963,,11.925231398001555
LiebBitte,144,V5,True,53.42322394806638,,12.574487420115949,51.092652039651554,64.07698356018301,45.04598775917249,,12.574487420115949
LiebBitte,146,V5,True,53.816743000543106,,12.911203951042678,50.797355565827516,63.706445205135964,44.90219954275288,,12.911203951042678
LiebBitte,148,V5,True,56.753323098213606,,13.301330754757302,54.28695412957513,68.51616242149372,47.93579423284809,,13.301330754757299
LiebBitte,150,V5,True,56.00024853819258,,16.18253763632096,53.146854123168936,66.72500095709569,46.84126789812547,,16.18253763632096
LiebBitte,152,V5,True,52.826150908751636,,13.101683447392372,47.109212812800486,56.0982707289692,41.79425603776736,,13.101683447392372
LiebBitte,154,V5,True,56.5157953240269,,12.677844298190378,48.565040469271715,57.022085110916755,43.532464137984,,12.67784429819038
LiebBitte,156,V5,True,53.07215838260476,,14.183440373326297,44.72033257844633,54.625306853079465,39.76694920958773,,14.183440373326297
LiebBitte,158,V5,True,50.74040303361371,,14.182627287969236,42.91585983277871,52.302582498532544,38.03344195375657,,14.182627287969236
LiebBitte,160,V5,True,52.56652218481633,,14.283897019167176,43.46841169220433,50.54997327094973,38.703153563141896,,14.283897019167176
LiebBitte,162,V5,True,48.24601799481707,,14.47626194921427,41.49710427828213,51.282605940282586,36.61456532146883,,14.47626194921427
LiebBitte,164,V5,True,52.50626338919591,,14.189305634439764,45.32743651684175,54.93888779799584,40.033891670243904,,14.189305634439764
LiebBitte,166,V5,True,49.951703160130954,,14.316189789451187,42.78607702173208,53.540485609740784,37.68836778043922,,14.316189789451187
LiebBitte,168,V5,True,55.25808017076616,,14.258737567822026,48.34140812988338,61.948969729537886,42.450628762071794,,14.258737567822026
Luegen,115,V5,True,41.33067506911692,,15.234979632781563,31.927965741887867,45.84946965557963,28.00334757874696,,15.234979632781567
Luegen,117,V5,True,44.665182364359204,,15.71096511432447,34.554910045992884,48.45770118075835,30.73889435513495,,15.71096511432447
Luegen,119,V5,True,47.77888997369208,,14.372527101476283,39.89416087006278,51.26895603434391,35.384562813369286,,14.372527101476283
Luegen,121,V5,True,54.17688928848402,,14.67997661290829,45.29917652485524,55.84856545842424,40.332936581799736,,14.67997661290829
Luegen,123,V5,True,54.24444444749984,,12.47908333362862,45.09951752888615,56.04086499332162,39.986183267861115,,12.47908333362862
Luegen,125,V5,True,42.15197639522374,,12.520472124918632,34.1889491317575,50.31020455352393,30.245509269550528,,12.520472124918632
Luegen,127,V5,True,42.67209391176198,,11.311090422331288,32.525921121927354,45.65681977601151,29.00931258059607,,11.311090422331288
Luegen,129,V5,True,40.10181698472705,,10.953764749353505,30.203131721622473,42.855989523386,26.85097664815941,,10.953764749353505
Luegen,131,V5,True,42.92312452109962,,12.467880080742495,31.849888817380304,44.30856182481822,28.159564140706536,,12.46788008074249
Luegen,133,V5,True,52.4018703480685,,13.228202653783303,42.282133713553236,49.63852150436058,37.82418239963725,,13.228202653783303
Luegen,135,V5,True,47.72084361691806,,14.290985023126066,39.89117715459393,50.68053305781936,35.39064120831428,,14.290985023126066
Luegen,137,V5,True,50.27984718382992,,14.81617815230022,43.30779738267087,54.96897233142843,38.46560087321697,,14.816178152300218
Luegen,139,V5,True,52.31040915441379,,15.309129026034672,42.589901828661226,53.70556415740919,37.97483081747052,,15.309129026034672
Luegen,141,V5,True,62.3899991631681,,14.39864147075641,51.53377116179301,58.85433967993427,46.01132320500802,,14.39864147075641
Luegen,143,V5,True,49.71955849563907,,12.334851063713163,42.386853965178986,56.63738328916533,37.417137515236384,,12.334851063713163
Luegen,145,V5,True,40.983889329680785,,11.252944579554296,33.74845985253047,45.401139190040766,29.998347424164308,,11.252944579554296
Luegen,147,V5,True,34.50445451267521,,10.971746433829345,28.085221850036152,39.38698302614976,24.899430498140816,,10.971746433829345
Muell,116,V5,True,43.91753613706198,,11.493021360214385,26.359654098339032,39.28116515294178,23.364509319948596,,11.493021360214385
Muell,118,V5,True,41.109826645354254,,11.369012776452895,25.27040098215198,35.74943374318363,22.381613058018882,,11.369012776452895
Muell,120,V5,True,39.80008694751933,,11.387956335675584,23.63781411275095,32.67150645180207,20.915252935227844,,11.387956335675584
Muell,122,V5,True,46.279115072118266,,11.629879769870358,29.470704099468428,39.05174957218194,26.35809471093483,,11.629879769870358
Muell,124,V5,True,41.0662463778024,,11.514237739183894,26.756805967296327,37.95753434198924,23.564277042252474,,11.514237739183894
Muell,126,V5,True,54.143222927493156,,11.97835409674618,35.14763996612749,53.675110700675916,30.716767016421546,,11.97835409674618
Muell,128,V5,True,46.67468586634915,,9.704592221835405,29.882766230286386,47.0304993245393,25.98640011018028,,9.704592221835405
Muell,130,V5,True,47.716780124116916,,14.749944059697086,33.51586905391911,52.356005375570554,29.112820460044958,,14.749944059697086
Muell,132,V5,True,45.788276370514495,,13.530767895612403,30.055768213975092,44.01078795902445,26.91446067071462,,13.530767895612403
Muell,134,V5,True,40.48824559340203,,13.030909714359813,27.628308173081805,40.55418861306297,24.645439588057325,,13.030909714359813
Muell,136,V5,True,38.03092554140263,,14.780527767081304,28.955042059682004,40.88018940392832,26.298339129043836,,14.780527767081304
Muell,138,V5,True,45.17492315348146,,17.58260036300489,30.246901952304196,42.80095898715842,27.293793940662734,,17.58260036300489
Muell,140,V5,True,41.65694646544253,,26.857023497119823,30.351097909477193,43.26911339080036,26.94721677223777,,26.857023497119823
Muell,142,V5,True,41.53442344757003,,27.224313801080424,31.044181854468892,44.11829378221536,28.1469566871843,,27.224313801080424
Muell,144,V5,True,39.41287084115688,,26.728932755243797,29.772817493746427,41.307750268863266,27.069989671109276,,26.728932755243797
Mutter,138,V5,True,48.1422212289684,,12.242068822651746,37.08583141900065,49.64429155936746,32.69637008331483,,12.242068822651746
Mutter,140,V5,True,46.25472527573196,,12.959146276753474,36.29494106949932,51.0091953394268,31.63574451188158,,12.959146276753474
Mutter,142,V5,True,48.73150377539562,,13.809600154485453,38.724043935319834,51.44161505758825,34.15055730815881,,13.809600154485452
Mutter,144,V5,True,50.37650134237675,,13.90529678673763,38.38023367594163,53.02644691621657,33.88505663879692,,13.90529678673763
Mutter,146,V5,True,46.0878131476353,,9.721097081909496,34.15971256357138,46.098894626576964,30.06806328814924,,9.721097081909496
Mutter,148,V5,True,43.437416284315674,,6.969292881998213,32.118106431852766,44.41243820161593,28.292517884397963,,6.969292881998213
Mutter,150,V5,True,41.322339569563425,,7.366249436885769,32.10285678626517,43.84845624606977,28.552656478508464,,7.36624943688577
Mutter,152,V5,True,45.90199642425488,,8.005945404718723,34.13215008190328,45.36416850908082,30.219088495810347,,8.005945404718723
Mutter,154,V5,True,45.86275139082653,,8.855643147238641,34.28633316102935,45.71264155195959,30.413943696137693,,8.855643147238641
Mutter,156,V5,True,43.38573760337399,,7.463227683858431,31.578157775814816,44.3205794543323,27.721758728912604,,7.463227683858431
Mutter,158,V5,True,44.736719808445905,,6.043716560330439,35.43712076435014,47.690230020466174,30.934480832331992,,6.043716560330439
Mutter,160,V5,True,45.7895130883674,,8.564567797271511,36.842148831552876,50.36569019595313,32.188078639324104,,8.564567797271511
Mutter,162,V5,True,46.91483620617703,,9.33383119862389,37.915988568127176,50.523405598857615,33.17871919347609,,9.33383119862389
Mutter,164,V5,True,43.67511648339215,,9.373274419616532,38.86256498022361,54.32317577663434,33.791301024193466,,9.373274419616532
Mutter,166,V5,True,46.08541600462604,,10.104041231055744,41.34876083613465,56.12468204255997,36.007429790142034,,10.104041231055744
Mutter,168,V5,True,50.84726834306318,,9.522484391002665,43.31075662375704,59.129870350056954,37.794360025470596,,9.522484391002665
Mutter,170,V5,True,49.707039408144986,,9.798127001348085,40.58032475598954,57.11864969493865,35.55532398139031,,9.798127001348085
Mutter,172,V5,True,50.514381937902776,,8.88797242331845,39.629551732460676,57.52547590565418,34.702322259210014,,8.88797242331845
Mutter,174,V5,True,50.012106295122145,,8.363668029313095,42.45415981049172,59.843349545539446,37.08093121970694,,8.363668029313095
Mutter,176,V5,True,51.21257926039502,,8.923664596283235,43.16586421130428,59.81660545387605,37.81056311849783,,8.923664596283235
Mutter,178,V5,True,50.452555906045745,,8.414344127026451,43.11386314529566,59.009020436676344,37.836300359742516,,8.414344127026451
Mutter,180,V5,True,47.611401299399425,,7.477019675693091,41.12419045727776,58.074078179422436,35.843058543816255,,7.477019675693091
Mutter,182,V5,True,48.874028172338996,,8.051787611291642,39.635477423885696,56.8293576390685,34.77468838494225,,8.051787611291642
Mutter,184,V5,True,50.48581951123671,,7.507250238375007,42.0334013537444,57.01858960932244,36.442841244612545,,7.507250238375007
Naehen,113,V5,False,37.1065533471265,13.654597242387434,10.212863380968066,21.38701118399057,28.863114473354482,19.218527997031227,13.654597242387434,10.212863380968066
Naehen,115,V5,False,39.02135487939221,14.802549749111938,10.260038348461098,24.429335256326254,31.632546744563708,22.08737193486108,14.802549749111938,10.260038348461098
Naehen,117,V5,False,38.133737111109774,15.221533720336508,10.269823455782422,21.767601131295564,31.039399006779067,19.364299693441684,15.221533720336508,10.269823455782422
Naehen,119,V5,False,40.750030146812435,14.198091133189045,11.253509680042525,22.853081782606967,33.45437140275661,20.495869545209842,14.198091133189045,11.253509680042525
Naehen,121,V5,False,43.73909181933629,15.116462526864126,11.446607278528203,21.346394390408307,32.39880172198958,18.793372704432194,15.116462526864126,11.446607278528205
Naehen,123,V5,False,42.62443671061891,14.611394619534558,11.75006250516427,21.356253993920152,32.30281805269,18.825351698249758,14.611394619534558,11.750062505164271
Naehen,125,V5,False,40.82686889495944,15.616544172963708,11.750813334382563,21.36604413264246,32.34195748093707,18.84610112566526,15.616544172963708,11.750813334382562
Naehen,127,V5,False,38.64012065778821,14.628567323868726,12.365496816517549,22.24759569300382,32.08961633428004,19.860688355792142,14.628567323868726,12.365496816517549
Naehen,129,V5,False,37.35184126908041,13.944273435475875,11.425922136979686,20.528580033837375,29.590887856072452,18.39268602836843,13.944273435475875,11.425922136979686
Naehen,131,V5,False,36.896216822408135,13.75545815678217,10.452108261944245,21.1175787568662,30.102427285247494,19.032990958341355,13.75545815678217,10.452108261944245
Naehen,133,V5,False,36.90823799289005,13.567303691991349,9.637400109194653,21.024590170144986,29.59539945309897,18.930914524921203,13.567303691991349,9.637400109194653
Naehen,135,V5,False,36.33220057142665,13.847184551923254,9.67340808088777,22.520649357821604,29.21641569455598,20.341850679561755,13.847184551923254,9.67340808088777
Naehen,137,V5,False,36.51751601807455,14.58238179878582,8.152642364253007,26.846964948877872,30.597591626466066,24.615007854795298,14.582381798785818,8.152642364253007
Naehen,139,V5,False,37.2477911712156,14.78392562607863,8.47224772932931,22.222918977187646,28.299147929416023,20.16383063331963,14.783925626078634,8.47224772932931
Naehen,141,V5,False,39.047244662567934,14.809809624327626,9.943438761751617,27.299284945069783,31.085591029634603,24.886721814174248,14.809809624327626,9.943438761751617
Naehen,143,V5,False,38.73539041800778,16.467014046100257,10.349805394767904,21.890382292218366,28.39855498439734,19.602159549793335,16.467014046100257,10.349805394767904
Naehen,145,V5,False,39.921005773763696,15.762802631984828,10.898699210408573,24.503133155126907,31.290704346806955,22.073040680955906,15.762802631984828,10.898699210408571
Naehen,147,V5,False,38.853672993173284,15.786838482058998,10.689280989152861,23.61133433984909,30.82945652654941,21.17669068579597,15.786838482058998,10.689280989152861
Naehen,149,V5,False,39.91102081124942,14.657601375677952,10.870073680845547,20.694501245480836,29.575639416839486,18.39434594621732,14.657601375677952,10.870073680845545
Naehen,151,V5,False,40.037464240384935,15.1134121556088,9.577060727659713,22.229996011720157,31.880657137479965,19.84849228477195,15.113412155608799,9.577060727659713
Naehen,153,V5,False,40.40492004808948,15.163660033691041,10.36667003578339,21.541254450907605,31.1694084291667,19.17079919534925,15.163660033691045,10.36667003578339
Naehen,155,V5,False,39.163341210573456,14.682769147141608,9.120288097461051,22.420972143319148,31.97217857602238,20.12779290710467,14.682769147141608,9.120288097461053
Naehen,157,V5,False,37.039493322454675,14.971964255806196,10.143144392513113,21.740516057531423,30.5749799336288,19.419349814374247,14.971964255806196,10.143144392513113
Naehen,159,V5,False,38.151322138333995,16.214756471199557,10.398593261109824,21.762019415111297,31.151001807004427,19.332443108680735,16.214756471199557,10.398593261109824
Naehen,161,V5,False,39.18331814503057,15.349260630119918,9.576483892874679,21.246273273587963,29.477639172700044,18.988893419206274,15.349260630119918,9.576483892874679
Naehen,163,V5,False,32.51726051343114,14.754189941307459,9.927771953548312,23.489642186472523,30.914796407380763,21.131127535409874,14.754189941307459,9.927771953548314
Naehen,165,V5,False,33.583715921042014,15.007009808981278,8.238950452046087,22.710871701712193,29.801910251675675,20.417279953604883,15.007009808981278,8.238950452046087
Naehen,167,V5,False,34.889446618144014,14.645924086879447,9.290363511816688,23.248052670176193,30.071678078007853,20.90072055348942,14.645924086879447,9.290363511816688
Naehen,169,V5,False,39.342403771877024,15.634504697021281,9.72532669204198,23.251940207151396,30.33413427618651,20.782483978789774,15.634504697021281,9.725326692041978
Naehen,171,V5,False,39.07073402192411,15.622471256067232,11.214902450678935,23.456376954371425,31.562691911501226,21.0039018443234,15.622471256067232,11.214902450678935
Naehen,173,V5,False,37.79009613380704,15.366451256162927,11.352526834275315,22.345335721569167,29.948217539489818,19.8592759851572,15.366451256162925,11.352526834275315
Naehen,175,V5,False,35.86877621096268,16.019075078463597,10.918506355537831,21.066798430728316,30.333799157541442,18.744456630821162,16.019075078463597,10.91850635553783
Naehen,177,V5,False,37.24222555839509,15.856798897506394,10.9806309630621,21.354133757564007,31.484194842832665,18.807489935043517,15.856798897506394,10.9806309630621
Naehen,179,V5,False,39.433585737261424,15.382513749434299,10.45735164345963,20.513396117897027,31.042035869426655,17.90409127136115,15.382513749434299,10.45735164345963
Naehen,181,V5,False,39.267931518699335,17.33242900622393,10.911561471511119,21.272402941867735,32.06494176835454,18.516179475615864,17.33242900622393,10.911561471511119
Naehen,183,V5,False,40.30429535319027,16.571490145898704,9.039716361682089,20.601431747224407,30.874284561594603,18.169393622865794,16.571490145898704,9.039716361682089
Naehen,185,V5,False,37.12869652476496,16.617135326907665,8.605166117110047,22.121199313313255,31.21070008442838,19.56083715233513,16.617135326907665,8.605166117110047
Naehen,187,V5,False,38.820356455725005,16.409151020171503,8.565471364087072,21.40738130498324,30.325037645238588,19.03612868652386,16.409151020171507,8.565471364087072
Naehen,189,V5,False,40.26055143745458,16.826616007728,8.499862495109587,23.228951034449896,31.18593985732265,20.932956053073287,16.826616007728,8.499862495109587
Naehen,191,V5,False,37.15199072223627,15.635827575109142,8.800243978156708,21.523850946015415,30.391750098798248,19.088249633218677,15.635827575109142,8.800243978156708
Naehen,193,V5,False,39.82455984079441,15.246133973318665,9.098507752579927,20.986464263582054,30.09607435813371,18.705933130165125,15.24613397331866,9.098507752579929
Naehen,195,V5,False,35.23065678582428,15.041470707792005,8.95914048591798,21.39862306718105,29.684168458514925,19.10634584508173,15.041470707792005,8.95914048591798
Naehen,197,V5,False,40.00581287876684,15.231243606529869,9.26031875320836,21.94193648932109,30.15768039582981,19.644679091858244,15.231243606529869,9.260318753208361
Naehen,199,V5,False,35.7359453763371,14.79473839899223,9.276145981534928,21.187758303330867,29.7912562218059,18.89140299559857,14.79473839899223,9.276145981534928
Nebel,118,V5,False,35.95737335503963,11.252243892958077,9.58039107401564,30.354365456587196,31.554086125157962,28.017292531904122,11.252243892958077,9.580391074015639
Nebel,120,V5,False,32.80209292474101,10.380717151721457,9.725937400865634,27.300482589329853,30.365063322761692,24.853456236051624,10.380717151721457,9.725937400865634
Nebel,122,V5,False,36.36866447583745,12.012211002236945,10.64900411347234,30.242262367890213,35.1338462410548,27.393831553069543,12.012211002236945,10.64900411347234
Nebel,124,V5,False,37.62145311058093,14.13180067175555,10.545235343734642,28.21238953005015,34.66754747667577,25.353399092088214,14.13180067175555,10.545235343734644
Nebel,126,V5,False,42.32893021022495,12.159122884897233,10.018302903494126,31.108029312280344,36.97191555102015,27.941524259223588,12.159122884897233,10.018302903494124
Nebel,128,V5,False,43.56048297503846,8.491195393916849,10.455462237680738,29.729365620712347,35.869670994227654,26.807693677270574,8.491195393916849,10.455462237680738
Nebel,130,V5,False,37.36621447762573,8.557087402080938,10.684053799464019,23.582569359353833,37.04477257832187,20.53241677894435,8.557087402080938,10.684053799464017
Nebel,132,V5,False,38.12938951585721,8.531088689393126,10.862360061444623,22.23974747595088,34.01490645502803,19.470145991300484,8.531088689393123,10.862360061444623
Nebel,134,V5,False,40.09265324811075,8.793062398053424,10.662963923599554,22.517351245947165,32.98542501242642,19.907878773137057,8.793062398053424,10.662963923599554
Nebel,136,V5,False,38.18117970991759,9.287000676090395,10.761004550842014,21.39670376195011,32.29928617206428,18.667073903848685,9.287000676090395,10.761004550842014
Nebel,138,V5,False,37.845662776727316,10.266627937911444,11.6575719085024,23.405018068358302,34.40704173976724,20.4098311209124,10.266627937911444,11.6575719085024
Nebel,140,V5,False,35.8856604301044,9.590906909051935,11.465337788921449,22.354753220328018,31.07258593408149,19.736731238881493,9.590906909051935,11.465337788921449
Nebel,142,V5,False,40.02813394042974,10.345355559324911,10.465332860139867,25.856278540329086,33.575167283993444,22.85437301766182,10.345355559324911,10.465332860139865
Nebel,144,V5,False,36.00787199233476,10.978673082643814,9.972368997319464,25.516785180515658,32.94790955780266,22.593191566608354,10.978673082643812,9.97236899731946
Nebel,146,V5,False,42.92048978819288,10.59820378182143,9.95225700818767,30.621627363685544,31.42017383034597,28.24936282215822,10.598203781821432,9.952257008187676
Nebel,148,V5,False,37.056919989802225,10.292824299481852,9.279537090982833,29.012840669914834,32.25538563029758,26.37822449518812,10.292824299481852,9.279537090982837
Nebel,150,V5,False,38.91488869197148,10.093092335262549,8.834742852171361,25.675756938208448,34.06860961465802,22.742154318413814,10.09309233526255,8.834742852171361
Nebel,152,V5,False,37.11017829447495,11.104491312497451,9.321793690201538,26.36734434018042,35.29142602377518,23.22514093404279,11.104491312497448,9.321793690201538
Nebel,154,V5,False,44.29723245540333,9.545669930787401,8.987659085268453,29.88418117379127,34.20502218557015,27.108563884806333,9.545669930787398,8.987659085268453
Nebel,156,V5,False,43.37120935600957,8.7998204320484,9.591450744343216,28.093468648193316,35.47359298624176,25.173536233236305,8.7998204320484,9.591450744343216
Nebel,158,V5,False,42.402970822598775,8.394717560728177,10.76899014968032,26.90186934108367,37.48578537727166,23.852142341706713,8.394717560728177,10.76899014968032
Nebel,160,V5,False,45.49568526378502,8.431100691922923,10.06973799313424,27.710988300634234,38.5382714916725,24.50997585346142,8.431100691922923,10.06973799313424
Nebel,162,V5,False,38.64435976150655,9.115155313144971,10.111770030187497,28.892529252188634,36.41125086428726,25.471366330908292,9.115155313144971,10.111770030187499
Nebel,164,V5,False,35.66479453302747,9.40732391595305,10.239009237102355,25.37184250181245,34.97090516971114,22.018827470303915,9.407323915953048,10.239009237102357
Nebel,166,V5,False,43.36025952412913,9.45406442290904,10.174502032106862,26.45401170268763,40.23931449471444,22.72225723815255,9.45406442290904,10.174502032106863
Nebel,168,V5,False,43.12829157499628,9.276758589402732,10.698062043416892,24.073369161214035,34.96918604393361,20.95581300916522,9.276758589402734,10.698062043416892
Nebel,170,V5,False,38.174702546017784,9.411382235935484,11.463631037599933,23.806737822492327,34.22793058886365,20.94295537980861,9.411382235935484,11.463631037599933
Nebel,172,V5,False,45.1652635201238,9.510418270134029,10.130348620242877,29.757456699433988,36.31307201994298,26.931959117593788,9.510418270134029,10.130348620242877
Nebel,174,V5,False,41.88832211720964,9.405479314290341,9.698058821546628,26.66126338069213,35.11879369400455,23.912180000114578,9.40547931429034,9.69805882154663
Nebel,176,V5,False,39.663195354504566,9.775033944664719,9.5744761146865,26.98976973095087,35.507432604776994,24.17482266099814,9.775033944664719,9.5744761146865
Nebel,178,V5,False,38.131977657160185,8.904080374009634,9.461013311967378,25.568193125831232,32.857499957029546,22.888180961962874,8.904080374009634,9.461013311967378
Nebel,180,V5,False,36.7811521447178,8.784779737919173,9.910283697981733,25.24741451677087,34.13630079658697,22.490262469070135,8.784779737919173,9.910283697981733
Nebel,182,V5,False,34.988788563120245,8.836580510357,10.707924944950845,21.6872452872752,33.266964526694444,18.638783653099004,8.836580510357,10.707924944950843
Nebel,184,V5,False,33.410997199100656,8.462709330691355,10.476492857933023,21.366561662739674,33.68998938180218,18.55596333659126,8.462709330691355,10.476492857933021
Nebel,186,V5,False,35.31928276660724,9.112239356805716,10.092791418437624,25.532966217569204,36.73421443623281,22.136575156821014,9.112239356805716,10.092791418437624
Nebel,188,V5,False,35.119959307202286,8.908788817726402,10.604944534644645,23.966308048199743,36.7127559162925,20.601463954140055,8.908788817726402,10.604944534644645
Nebel,190,V5,False,39.184654751758686,8.770239063923727,11.767916204771641,23.211121011928885,32.4496764564357,20.348334693176977,8.770239063923727,11.767916204771636
Nebel,192,V5,False,40.197394232705825,9.114398457420226,11.50880884385354,22.452190636141196,34.17114326707355,19.249573675370165,9.114398457420226,11.50880884385354
Nebel,194,V5,False,36.81944776767753,8.924634815772494,11.25538312744077,31.21556276530387,40.50289682542535,27.496184412385418,8.924634815772494,11.25538312744077
Neu,108,V5,False,42.24144507914954,11.564435554186492,8.398654378656724,33.41034584663622,37.94981122265353,30.37347376984815,11.56443555418649,8.398654378656724
Neu,110,V5,False,37.95118916306772,8.790033705260138,7.91572455287993,24.840189062881162,35.23027531445076,21.800300218207823,8.790033705260138,7.91572455287993
Neu,112,V5,False,41.25711748471326,12.17973514375827,9.315461526410848,29.780898953832626,40.21781902988262,26.504677930098502,12.17973514375827,9.315461526410846
Neu,114,V5,False,44.25554630588752,8.639691932811651,9.347142137057162,29.46839404474505,37.87025512003725,26.71658176922076,8.639691932811651,9.347142137057162
Neu,116,V5,False,40.18370702096143,16.62351616913839,10.005996880150477,27.63163077105729,37.54712240323722,25.076780554943706,16.62351616913839,10.005996880150477
Neu,118,V5,False,44.4779973148663,11.89168963857713,12.251461847397628,27.82993595421135,41.055514375445235,25.07495693038329,11.89168963857713,12.251461847397628
Neu,120,V5,False,44.67529000486378,20.115879763554492,12.575631348280421,27.73926477813303,40.69558450934481,24.741134241783612,20.115879763554492,12.57563134828042
Neu,122,V5,False,41.421564032120166,11.678720848315963,11.024179923890323,27.484154896230393,40.78191032896579,24.68061173112839,11.678720848315963,11.024179923890324
Neu,124,V5,False,39.28858487879382,16.105244959850026,11.694728309245104,26.329561630050332,37.94916678463745,23.925944872707746,16.105244959850026,11.694728309245104
Neu,126,V5,False,40.09463475985596,11.892583222144665,11.435257771904569,28.19895921084549,42.142317943573815,25.304494399683417,11.892583222144665,11.435257771904569
Neu,128,V5,False,40.96358402701149,17.842994457067412,11.54336920295841,27.213451430515207,41.01354505384932,24.362470417563785,17.84299445706741,11.54336920295841
Neu,130,V5,False,44.27237219798123,10.850362460947204,10.384879886485287,33.00529056683647,46.750780368696475,29.294975957420604,10.850362460947204,10.384879886485287
Neu,132,V5,False,40.32878765837075,15.356979830036842,10.271923259062513,27.840495592676646,40.796489340901246,24.99737632758833,15.356979830036842,10.271923259062513
Operieren,199,V5,False,40.01114752550119,12.018671450489933,9.29427660107679,26.201252352601866,36.300388501459324,23.50391828375605,12.018671450489933,9.29427660107679
Operieren,201,V5,False,46.09658315784398,12.312381398521557,9.285995904635662,24.056519170937865,34.172195084637785,21.451392691420473,12.312381398521557,9.285995904635662
Operieren,203,V5,False,40.609193618618676,11.809978328915065,9.641870208677089,24.819479696385613,35.23789258597054,22.252720939451848,11.809978328915063,9.641870208677089
Operieren,205,V5,False,37.28096643796915,12.415037597878191,9.471164379570968,23.651447377301707,35.03849190379185,21.237672722257106,12.415037597878191,9.471164379570967
Operieren,207,V5,False,41.01221997278707,11.953802294651396,9.582805895127018,23.51976403425467,33.31043300204471,21.11490175087681,11.953802294651396,9.582805895127018
Operieren,209,V5,False,38.41073827204781,12.119718598739267,9.326278196117864,23.653808544666635,33.64195529035513,21.324554704838807,12.119718598739267,9.326278196117864
Operieren,211,V5,False,37.661143782855625,11.792538750813915,9.532018758795532,23.265744502623967,33.88219688656617,20.919005571263337,11.792538750813915,9.532018758795532
Operieren,213,V5,False,33.72746449814798,12.12256146769512,9.296789626468316,22.693974859379587,33.30199180104302,20.053457122347265,12.12256146769512,9.296789626468316
Operieren,215,V5,False,34.43361712388706,12.448676365112375,8.71083489743124,20.589678946888927,31.698434614977053,17.966301628152948,12.448676365112375,8.710834897431242
Operieren,217,V5,False,39.505380283005486,13.185936014468993,8.90330520530352,20.590839271335796,32.79768688844875,17.835734240038878,13.185936014468993,8.90330520530352
Operieren,219,V5,False,37.66318843830309,12.711043404593193,8.816658782270306,21.432799646793754,34.06621340170237,18.546817029463867,12.711043404593193,8.816658782270306
Operieren,221,V5,False,33.898523831388104,12.553507094687617,8.81841852003365,22.251476242835153,34.5385288319043,19.409863148070055,12.553507094687617,8.81841852003365
Operieren,223,V5,False,34.09212358523641,12.366934956727405,9.193093467561427,22.59974475835122,34.24610066538627,19.79207119362758,12.366934956727409,9.193093467561427
Operieren,225,V5,False,35.738985777261526,12.910837059855524,9.216129814193359,22.130159206036776,34.752727771657796,19.321451528195563,12.910837059855524,9.21612981419336
Operieren,227,V5,False,36.044255905544446,12.475978425836384,9.467725539467263,21.454216836438384,33.572028813456164,18.69973194751561,12.475978425836384,9.467725539467263
Operieren,229,V5,False,34.064293406937466,12.690794058423357,8.82593684157322,22.328019384601944,34.05093364321849,19.568315864825557,12.690794058423357,8.82593684157322
Operieren,231,V5,False,34.10616204517318,12.925718906233106,8.773614089531264,23.504710893074865,34.547603064203955,20.609866409421958,12.925718906233106,8.773614089531264
Operieren,233,V5,False,35.12869787441123,12.930190767846405,8.966817334693445,23.050243433350555,34.766378891633785,20.105367936565667,12.930190767846405,8.966817334693445
Operieren,235,V5,False,36.05608222894714,12.96343918475863,9.431092972737018,24.146522817536738,35.345415436024844,21.045081822598423,12.96343918475863,9.431092972737018
Operieren,237,V5,False,36.63977368166886,13.260224654040766,9.579261746890431,23.33735110225734,35.569570904027685,20.143364679770503,13.260224654040767,9.579261746890433
Operieren,239,V5,False,36.911721051342234,13.402216010020565,8.980938844199482,23.398593670635297,35.569021695491095,20.48601309986841,13.402216010020565,8.980938844199482
Operieren,241,V5,False,36.69669462194953,13.156747646552857,9.398990458914117,23.63762792091091,34.957325773072995,20.675283523591474,13.156747646552862,9.398990458914117
Operieren,243,V5,False,36.81120811933502,13.28656405154849,9.306489679581208,23.230674179609238,34.361899605930994,20.288152080114948,13.28656405154849,9.306489679581208
Operieren,245,V5,False,37.5484738647943,13.576915321655788,9.103997260641846,22.88216549382314,35.1384993964794,19.764439274361173,13.576915321655788,9.103997260641847
Operieren,247,V5,False,36.14305211383846,13.060965069102632,9.193904784997645,22.36888151326638,33.883892136398316,19.420747560999548,13.060965069102641,9.193904784997645
Operieren,249,V5,False,37.164662710870786,12.835594805503547,9.677011315012406,23.093486222623167,34.67808607833529,20.09069224941715,12.835594805503549,9.677011315012406
Operieren,251,V5,False,38.37485891586431,13.137696952055931,9.386400269089492,23.551780699572703,34.916362538138884,20.554472740728805,13.137696952055931,9.386400269089492
Operieren,253,V5,False,35.06681786337318,12.991642654949384,9.391026584916009,22.67878944124285,35.13762075797927,19.75108325609676,12.991642654949384,9.391026584916009
Operieren,255,V5,False,35.49420773576069,12.88185959530169,9.46410444659847,23.60622272994175,35.25345026816715,20.6984659505451,12.88185959530169,9.46410444659847
Operieren,257,V5,False,35.23656916459594,13.09305802587578,9.361086058007539,23.564109145985796,34.76318042250234,20.64173866151236,13.09305802587578,9.361086058007537
Operieren,259,V5,False,33.403645743972724,13.36912781282924,9.300092830280702,23.502312699720058,34.58581569020684,20.57737472499998,13.36912781282924,9.300092830280702
Regen,112,V5,False,39.45124558238395,6.848188603455606,10.26345290038185,40.049544099068854,43.6801798372581,36.29716785755079,6.848188603455606,10.26345290038185
Regen,114,V5,False,38.91707895362907,6.838137594607813,10.173214087092536,39.38886283261918,43.05828831174135,35.63171619430971,6.838137594607813,10.173214087092536
Regen,116,V5,False,36.948528870812694,10.192160240905375,8.464447673458546,34.85956340665607,36.01939980487549,31.802957533366477,10.192160240905377,8.464447673458546
Regen,118,V5,False,34.995974576342554,9.319502269418471,11.114245932902147,31.883910950592778,34.6836048405415,29.16768147544203,9.319502269418471,11.114245932902145
Regen,120,V5,False,39.71678422847208,8.644760767904454,12.644393905319903,36.90520317842532,36.39323380548053,34.0656874294672,8.644760767904454,12.644393905319905
Regen,122,V5,False,43.86031580686075,7.881405667336074,9.134620753118918,34.14572317636233,37.36702341497214,31.15111732417598,7.881405667336076,9.134620753118918
Regen,124,V5,False,46.071135478163235,7.147978439759751,12.635366075696524,29.970802810843328,35.525355007247924,27.21750333045197,7.147978439759751,12.635366075696524
Regen,126,V5,False,37.71716529294311,7.740637416973926,12.077294320705224,23.341707140593375,33.7644550795492,21.448142707663493,7.740637416973926,12.077294320705224
Regen,128,V5,False,42.749100260338885,7.685933746481415,13.254282611162651,22.38510552790405,32.699598091045885,20.108376561854737,7.685933746481415,13.254282611162651
Regen,130,V5,False,64.30935288896157,6.9516741882466455,17.004201400492015,54.28610451414195,74.51849973132505,47.690988976818744,6.9516741882466455,17.004201400492015
Regen,132,V5,False,48.72656312524469,8.051521815824556,11.357963296417388,36.25434312518563,43.204820855637486,32.607939943073966,8.051521815824557,11.357963296417388
Regen,134,V5,False,44.66685429381376,6.637162375533967,11.48617607177411,37.98064871733497,41.31741692179531,34.66593553979776,6.637162375533967,11.48617607177411
Regen,136,V5,False,39.35011757316646,6.579124583694597,9.8400935810968,40.53692900556789,44.92202388757352,36.60891739542326,6.579124583694597,9.840093581096802
Regen,138,V5,False,36.25485488353516,7.788117190172853,9.359111002026243,35.24163026885165,40.09530099099204,31.67977779243477,7.788117190172853,9.359111002026244
Regen,140,V5,False,36.97784687716845,9.86296749563223,9.892202077133806,35.55548765080501,37.880833330180714,32.232958865328406,9.86296749563223,9.892202077133804
Regen,142,V5,False,38.336517322125225,8.980062250480348,11.13213373398518,36.51414762967975,39.21371317252505,33.08094521334014,8.980062250480348,11.132133733985183
Regen,144,V5,False,38.08555331410986,8.802870687901692,10.965150647022266,34.30826335885429,31.628362602019525,31.89208760427338,8.80287068790169,10.965150647022266
Regen,146,V5,False,43.262974337238155,7.593192003215009,10.469250320130227,38.80283759207799,37.702934335162574,35.72039219746429,7.593192003215009,10.469250320130227
Regen,148,V5,False,45.50347242704059,6.805014644267222,10.714939454419477,34.09467544040384,32.09876681308304,31.275050096365636,6.805014644267222,10.714939454419477
Regen,150,V5,False,39.61718195316206,7.166250509366089,12.171735480680404,25.3041010675154,27.973222133607468,23.11378602132715,7.166250509366089,12.171735480680404
Regen,152,V5,False,39.671758437084776,11.651688796709744,9.513760090248132,22.809061818434298,31.794104838049584,20.249295508961428,11.651688796709744,9.513760090248132
Regen,154,V5,False,36.71035355972221,11.82489349494286,8.961705042065066,21.47415872824401,28.6319783080622,19.121502933590424,11.82489349494286,8.961705042065066
Regen,156,V5,False,36.75596239386308,12.2685486760889,9.69800073941143,20.959632261213876,31.622295540344396,18.416353007642325,12.2685486760889,9.69800073941143
Regen,158,V5,False,42.269286521863435,11.082045419976616,13.312648282974596,22.936467747892866,33.551313077396706,20.235204207888746,11.082045419976614,13.312648282974596
Regen,160,V5,False,40.895778079800664,7.549877613836955,13.508126768385884,26.24466202860322,41.06962068356932,22.82309905265578,7.549877613836955,13.50812676838588
Regen,162,V5,False,45.96745565290587,7.495813868434353,10.1705729266996,34.5181481562811,37.66534360523113,31.504423419536028,7.495813868434353,10.1705729266996
Regen,164,V5,False,46.79283206400982,6.978776463766127,10.737136297222186,38.71020543040195,37.8119516923108,35.8953751118189,6.978776463766127,10.737136297222186
Regen,166,V5,False,40.90834053372605,7.621445848586305,8.9607879492756,37.61098252649818,36.65321460836425,34.67106965179673,7.621445848586305,8.9607879492756
Regen,168,V5,False,39.67088908930543,7.454511284729241,9.181947196329167,37.577995827277604,35.40744754535034,34.66335587545574,7.454511284729241,9.181947196329167
Regen,170,V5,False,43.65038947855054,8.402063238049566,8.958310026701765,36.355348939657596,36.615517902461264,33.289824682142076,8.402063238049568,8.958310026701765
Regen,172,V5,False,42.85025640015649,8.136344249848607,9.549349202232934,34.99040654982814,35.60094870085144,32.21238149415836,8.136344249848607,9.549349202232934
Regen,174,V5,False,40.442404306273055,7.250316794805214,9.94412919890741,29.224701118270332,30.598216690189485,26.9341452679098,7.250316794805218,9.94412919890741
Regen,176,V5,False,34.985974597199636,6.479380761344932,10.146544037541139,22.00613011472208,26.168506737326567,20.004383108053386,6.479380761344929,10.146544037541137
Regen,178,V5,False,30.40481491894572,7.492232654699113,8.29145503028159,19.302480579965945,27.78203506841748,17.135655099840793,7.492232654699115,8.29145503028159
Regen,180,V5,False,38.142831485617464,10.116204970557419,9.528976415433947,19.557470092211524,26.00210077976808,17.795702007663785,10.116204970557419,9.528976415433947
Regen,182,V5,False,36.23609226435343,9.79650751832093,10.78718452807894,25.40043603025746,31.340641508029446,23.23768591177609,9.796507518320931,10.78718452807894
Regen,184,V5,False,38.01949413250712,11.108628849916974,11.704800779990455,27.510642752543106,39.090512922603196,24.708260533658223,11.108628849916974,11.704800779990453
Regen,186,V5,False,43.295900695938904,11.049478463888333,11.09573970106804,34.488863304621994,41.21201142892696,31.346750111401693,11.049478463888333,11.09573970106804
Regen,188,V5,False,44.61405130043681,19.971532685543686,18.394355859826533,38.530989964711736,47.75571228180822,34.36893442020608,19.971532685543686,18.394355859826533
SauerWuetend,147,V5,True,43.56540775812754,,14.585644383482808,31.584904892686527,44.7722641763387,27.50152848169071,,14.585644383482808
SauerWuetend,149,V5,True,47.24809316890367,,16.111855870370984,37.344961892417906,51.283807860941025,32.83366089976192,,16.111855870370984
SauerWuetend,151,V5,True,48.83931168844865,,15.61308369130261,39.13902329976558,51.86965261694294,34.54596288874713,,15.61308369130261
SauerWuetend,153,V5,True,46.3529527449901,,11.639861556913248,33.883193042316535,42.17806776918373,30.136631270445427,,11.639861556913248
SauerWuetend,155,V5,True,44.64710567475989,,10.054692007746038,32.214603919161014,40.5654427891225,28.785692535464833,,10.054692007746036
SauerWuetend,157,V5,True,42.54145548127891,,9.624557589322583,31.685069275761034,38.13784578331272,28.117694424965006,,9.624557589322583
SauerWuetend,159,V5,True,47.51753970116402,,6.05499824603596,34.9179732575923,43.95077585265449,31.224572092182076,,6.05499824603596
SauerWuetend,161,V5,True,50.00534209598008,,7.602340835675953,37.328227255010106,47.84963347126286,33.41243596330764,,7.602340835675952
SauerWuetend,163,V5,True,46.14833256456289,,8.179710406008398,35.661936199667075,46.462311584808276,31.36120610810341,,8.179710406008398
SauerWuetend,165,V5,True,54.32495404121235,,8.13026272711123,42.1206345824245,47.92626038092187,38.014650354214076,,8.13026272711123
SauerWuetend,167,V5,True,49.912618048830375,,7.787494820887833,36.42056131072864,41.343959561497826,32.796021354397624,,7.787494820887834
SauerWuetend,169,V5,True,45.162030759675666,,9.215812329775892,37.15845385420033,38.85260190255456,33.46390796483418,,9.215812329775892
SauerWuetend,171,V5,True,49.344410049327045,,8.205543407660384,37.299182729926294,41.42191356416917,33.705822335540326,,8.205543407660384
SauerWuetend,173,V5,True,54.49938592164928,,8.612395203478348,41.80094953131119,49.218381931750486,37.26373549753572,,8.612395203478348
SauerWuetend,175,V5,True,51.283859700796135,,11.283458661499987,41.65775622281191,49.17034683563244,37.41884635473304,,11.28345866149999
SauerWuetend,177,V5,True,56.191698279120565,,9.139315464716464,43.782944154769154,50.479814688379456,39.02392307419842,,9.139315464716464
SauerWuetend,179,V5,True,51.45917704126933,,9.844717144237173,41.69789417044164,51.07503997333523,36.893213230125724,,9.844717144237173
SauerWuetend,181,V5,True,42.87827723814222,,10.908531321775083,32.82517847875605,44.708832213961536,29.104884570764437,,10.908531321775083
SauerWuetend,183,V5,True,53.879105154783815,,10.054604408891276,43.1882763470104,51.06323164209864,38.25865435851729,,10.054604408891276
SauerWuetend,185,V5,True,54.34533774808969,,10.599753893977443,42.903704823977606,50.78953055338968,38.07926738428638,,10.599753893977443
SauerWuetend,187,V5,True,47.50644228414118,,10.918321607681742,41.49091951137407,50.542790165796205,36.91516716228418,,10.918321607681738
SauerWuetend,189,V5,True,47.450576774716765,,11.060953603244958,36.09676673661566,45.28540113294274,32.51848805735558,,11.060953603244958
Schnee,159,V5,False,39.41906491545602,9.13201990976162,10.69167445681517,35.76040433516871,41.46901367071882,32.235521359017056,9.13201990976162,10.691674456815164
Schnee,161,V5,False,40.48887664908895,7.23534653865511,13.041507467376983,38.16444079101291,45.26727234736598,34.276424148126395,7.23534653865511,13.041507467376988
Schnee,163,V5,False,37.61117230326071,9.799348054207215,11.84244712792062,33.66361282139908,38.76720259355787,30.314349434151676,9.799348054207215,11.84244712792062
Schnee,165,V5,False,34.489312974095284,9.735426114461792,11.336992953118902,30.5724444107675,36.01984079458519,27.512688691835905,9.735426114461792,11.336992953118902
Schnee,167,V5,False,33.041172181337195,11.75871339601708,10.452294395434258,26.31108663402905,30.811892686718135,23.68749728811991,11.758713396017077,10.452294395434258
Schnee,169,V5,False,29.71344777377845,10.318504135328679,10.30602217004105,23.10277237840613,30.191374942481897,20.562152038206463,10.31850413532868,10.306022170041052
Schnee,171,V5,False,30.716999163980763,7.812669657818617,8.907979908071367,25.154080478977388,33.60726105804668,22.198319367482494,7.8126696578186134,8.907979908071367
Schnee,173,V5,False,34.70233847832591,6.4906198529552075,8.201924652093645,27.031954483506205,29.736963196587904,24.7482584342434,6.4906198529552075,8.201924652093645
Schnee,175,V5,False,29.596716045994775,6.261433065100607,8.531555340895776,23.69709230060589,31.324966704413466,20.962772161439805,6.261433065100607,8.531555340895775
Schnee,177,V5,False,34.138395913412545,6.408114550714448,8.643885506818272,21.732843033068054,34.02895296995899,18.950295756676326,6.408114550714448,8.64388550681827
Schnee,179,V5,False,32.963203785108476,6.601486969283792,8.17904146339729,22.841764724480555,35.61587585496679,20.304280274585572,6.6014869692837905,8.179041463397294
Schnee,181,V5,False,30.437347157042574,7.120951047019667,8.490636166910543,21.358537733139933,34.886612866535195,18.324829121646367,7.120951047019667,8.490636166910543
Schnee,183,V5,False,32.931030268603564,7.269454860322921,7.874998022122515,23.973863958820576,34.15200947855516,20.96459745351833,7.269454860322923,7.874998022122515
Schnee,185,V5,False,33.4940246656062,7.13773869176315,7.667417078551956,26.198063181234073,36.0908424395159,23.03009131355207,7.13773869176315,7.667417078551956
Schnee,187,V5,False,32.91495415466783,6.923479193963691,8.111374802769054,24.8197101571853,34.628485883795754,21.685473220738952,6.923479193963691,8.111374802769054
Schnee,189,V5,False,30.2424680241685,7.277964582512681,8.240539839075923,22.434130050252787,31.276987842260183,19.733995426548816,7.277964582512681,8.240539839075927
Schnee,191,V5,False,32.03251965987899,7.115925233441154,9.841820891876388,24.304875066589368,37.33342691513733,21.007211815730262,7.115925233441153,9.841820891876388
Schnee,193,V5,False,33.906939454719776,7.238615738546727,10.753523389009764,27.968893439423717,39.63863286348441,24.3274535743248,7.238615738546727,10.753523389009764
Schnee,195,V5,False,33.86419085080221,8.378358350108314,11.18965682601957,25.29302994978128,37.66910209450462,21.99631760997066,8.378358350108313,11.18965682601957
Schnee,197,V5,False,36.114205834134594,7.3551515394954015,10.85352642603217,26.272021770474346,32.13192216602795,23.432028845851644,7.3551515394954015,10.85352642603217
Schnee,199,V5,False,35.99052415529452,6.67589388794506,10.192088179368605,27.483707432645513,36.50549438654532,24.364575456898958,6.675893887945059,10.192088179368604
Schnee,201,V5,False,28.946977506406874,6.261603011412552,8.825221870416186,20.575531619566064,31.180535493939797,17.893529009681767,6.261603011412553,8.825221870416188
Schnee,203,V5,False,30.299289241879276,6.347088675575959,9.27157100237291,19.695903331631527,27.89949886354243,17.350610742757922,6.347088675575959,9.271571002372909
Schnee,205,V5,False,35.37378013522274,6.1410927179805705,8.645610241399847,24.910671165059973,33.322063921026654,22.167794932989928,6.1410927179805705,8.645610241399847
Schnee,207,V5,False,36.00061389399898,6.538436616202938,9.069689905653327,22.378589390194264,31.762979617955114,19.610364108748083,6.538436616202938,9.069689905653327
Schnee,209,V5,False,36.03640673385092,6.256524120135307,8.555397535818258,24.610918853414216,33.317518558630994,21.74122976410425,6.256524120135307,8.555397535818257
Schnee,211,V5,False,36.40714163496739,7.930960409643975,8.72430830146636,23.907133506307055,34.73944104698667,20.888036545592893,7.930960409643971,8.724308301466362
Schnee,213,V5,False,35.87747748916528,7.5683765170695745,9.127848871952335,21.31708795255993,31.82140641891384,18.396857539182353,7.568376517069573,9.127848871952335
Schnee,215,V5,False,32.741368950687715,7.806823760795202,8.835540350149037,20.853762941141092,31.52101779377911,18.050370941187204,7.806823760795202,8.835540350149037
Schnee,217,V5,False,38.270539073037384,7.899138327643962,7.833499093639179,28.007874302147567,38.32292340330044,24.655505500763027,7.899138327643962,7.833499093639179
Schnee,219,V5,False,40.31201556727697,7.634950755001303,7.923046882919103,29.800308468959265,41.09995319511898,26.16856220109268,7.634950755001302,7.923046882919105
Schnee,221,V5,False,38.92512739791884,7.6621355482971305,7.994392989538102,31.935799716063634,41.2137856539999,28.440458679627426,7.6621355482971305,7.994392989538105
Schnee,223,V5,False,33.30764618233268,7.808080863972512,8.944644416147964,25.08182355648218,37.95827610591488,21.74479388214043,7.808080863972512,8.944644416147963
Schnee,225,V5,False,35.878416601144636,7.639706693282463,8.838526813713191,25.71532007370735,39.709567813847165,22.196928010988874,7.639706693282462,8.838526813713191
Schnee,227,V5,False,34.74840904637156,7.729756336027048,9.334993024938257,24.773051491941025,36.40132120349587,21.514539356698688,7.729756336027048,9.334993024938257
Schnee,229,V5,False,39.30757902548246,8.133607601023302,9.583010593278905,25.03934257710287,39.168660223933664,21.473284087053052,8.1336076010233,9.583010593278905
Schnee,231,V5,False,38.123081027636225,8.171647608746294,9.510514486076135,33.96560590646097,40.574644176647936,30.400360596252707,8.171647608746294,9.510514486076135
Schnee,233,V5,False,39.65291784395296,7.341517657505769,8.875623244640153,32.886901174487186,40.95003661908326,29.190095918048897,7.341517657505769,8.875623244640153
Schnee,235,V5,False,41.42919780605844,9.378854013483176,9.699501836297157,36.286310878376405,41.14181459792857,32.80994513961518,9.378854013483176,9.69950183629716
Schnee,237,V5,False,41.33902509468084,10.93593984612948,9.984233348906745,38.26012805663689,41.43235402919503,34.82012515491977,10.93593984612948,9.984233348906745
Schnee,239,V5,False,42.6638480970219,13.867311292920792,13.549908423239321,40.17455403421337,47.71203908926517,36.24918333918531,13.867311292920792,13.549908423239321
Schnee,241,V5,False,45.788002401443705,16.122273582578806,29.24148751802727,43.34874514768508,53.10650402934433,38.735078178317416,16.122273582578806,29.24148751802727
Schnee,243,V5,False,48.67998878774853,14.142462050862477,46.84933187134299,49.057311283615164,55.189559695485755,44.39635077014699,14.142462050862477,46.84933187134299
Schreiben,121,V5,False,41.78179440273044,8.834694474047152,8.012974566237414,25.862092030164007,36.969574202076764,22.83092132594393,8.834694474047152,8.012974566237412
Schreiben,123,V5,False,45.58162514729988,9.192411320732788,7.906537308415935,26.473914858216283,38.52435840308538,23.22782598735664,9.192411320732786,7.906537308415933
Schreiben,125,V5,False,38.70034248989265,9.031345500749703,7.984038479224333,22.638498553144412,35.06431943374092,19.85533200023697,9.031345500749705,7.984038479224333
Schreiben,127,V5,False,42.48212746377411,9.06869284275236,8.453468052432733,22.313185869498042,32.8201443579381,19.565563520783552,9.06869284275236,8.453468052432733
Schreiben,129,V5,False,47.490347550229465,9.597740721961399,8.149859947790805,24.43615482685792,36.541692668847006,21.25744504466295,9.597740721961399,8.149859947790805
Schreiben,131,V5,False,48.773756029677685,9.02345115352367,8.634695093816228,26.21514337204039,37.19094958229586,23.010369774667097,9.023451153523668,8.634695093816228
Schreiben,133,V5,False,45.67065006794865,12.991194483523227,8.390148150499469,21.108213459767562,31.51449083652796,18.625795708640368,12.991194483523227,8.390148150499469
Schreiben,135,V5,False,51.34846706277142,8.998840811330242,8.469383116129947,27.422737051595185,38.21057065741929,24.137657945167277,8.998840811330242,8.469383116129947
Schreiben,137,V5,False,51.04241721138185,9.52700379513299,8.584845281927603,25.412461116970928,37.058451850899466,22.142940515055315,9.52700379513299,8.584845281927603
Schreiben,139,V5,False,40.59080037188725,10.988959469149352,8.599799105448021,21.109355804505768,30.045678469663784,18.77712930096933,10.988959469149352,8.599799105448021
Schreiben,141,V5,False,48.213275397898336,9.170353360989443,8.223291338295125,25.97682175728948,38.71165281290454,22.50949917838261,9.170353360989443,8.223291338295125
Schreiben,143,V5,False,42.64295017151595,9.227254007569336,7.912717372697768,26.01249917281599,36.920983476479506,23.112308248556584,9.227254007569336,7.912717372697768
Schreiben,145,V5,False,44.086352252232416,9.177326674859302,7.829468448233816,25.559485456469428,37.58314207218778,22.53873022709277,9.177326674859302,7.829468448233816
Schreiben,147,V5,False,44.51929612805794,8.786001688130206,8.037390151256323,26.756741319584417,39.61724228159643,23.361563552341984,8.786001688130208,8.037390151256322
Schreiben,149,V5,False,44.917083023850694,8.770380825378613,8.002034722340875,26.253662257167765,38.43803108322026,22.910530649466992,8.770380825378613,8.002034722340875
Schreiben,151,V5,False,46.14440720236487,9.886516897298215,8.334256282747301,24.818768144783032,37.17490594798996,21.692179524680554,9.886516897298215,8.334256282747301
Schreiben,153,V5,False,47.57571634120801,9.327734610627093,8.17926918065423,25.725713771748097,38.7925815657064,22.162818049806145,9.327734610627093,8.17926918065423
Schreiben,155,V5,False,43.22374754806712,12.333771189156964,8.431465488443722,22.10086123183723,31.642898841188963,19.384775508666507,12.333771189156968,8.431465488443722
Schreiben,157,V5,False,47.64040906144458,9.52693607747328,8.593897997608652,26.90876721456068,41.059662164139205,23.138076488040337,9.52693607747328,8.593897997608654
Schreiben,159,V5,False,42.303590183807835,10.11355588631139,8.375163027658319,24.885422838302997,35.121711870504214,21.942175045276784,10.11355588631139,8.375163027658319
Schreiben,161,V5,False,47.650088712780395,9.278321789507423,7.88286000298686,28.761341888507694,42.927061420322616,25.145832576101704,9.278321789507423,7.88286000298686
Schreiben,163,V5,False,46.68855560899028,9.484135502345817,7.647335468659329,34.1296418642796,40.046016149115886,30.628278021936143,9.484135502345815,7.64733546865933
Schreiben,165,V5,False,40.33217119109994,13.072527271369212,7.703674068364226,23.1905882296117,33.39018712242605,20.403877233836415,13.072527271369212,7.703674068364225
Schreiben,167,V5,False,46.101195967469835,10.995864703509465,8.171678563741306,26.89140739610017,39.02874692672864,23.332790449390785,10.995864703509467,8.171678563741308
Schreiben,169,V5,False,42.09630231048284,14.631448782996793,8.136119308440547,21.548478311252374,30.698239289231815,18.849866345650483,14.631448782996792,8.136119308440547
Schreiben,171,V5,False,48.915211403249785,10.763314475840291,7.988823557332946,27.11085076104322,39.630466207727515,23.499848025904257,10.76331447584029,7.988823557332946
Schreiben,173,V5,False,43.96050001562473,10.361446107020342,8.255545772020017,23.108384752729595,34.328857341864584,20.055371737983414,10.361446107020342,8.255545772020017
Schreiben,175,V5,False,44.75898469218131,9.679639161730535,8.161600826343216,25.83856535426601,40.08786107474923,22.10541551272797,9.679639161730535,8.161600826343214
Schreiben,177,V5,False,44.18935656899995,9.61141875226839,7.708927643263337,28.353143789718036,43.92192411936582,24.50078552845407,9.61141875226839,7.708927643263337
Schreiben,179,V5,False,45.7765177784203,9.674913262990355,8.210547861203406,29.035280061194083,45.552415470707736,24.758382906370333,9.674913262990355,8.210547861203407
Schreiben,181,V5,False,42.29705534187327,9.544552155080567,7.799341311152343,28.172061475522167,44.06290482474107,24.443560073927493,9.544552155080567,7.799341311152343
Schreiben,183,V5,False,37.823773566535,11.342488089958174,7.582506675148988,25.520683930154718,37.156644386198295,22.446768196053025,11.342488089958174,7.582506675148986
Schreiben,185,V5,False,39.99235977189549,9.76061549012155,7.587886107386804,31.009084320674656,44.59222438637271,26.959912298868108,9.760615490121547,7.587886107386804
Schreiben,187,V5,False,39.046852717892044,9.495024480486308,7.705549300860786,28.994206170783176,44.75693394547656,25.018464923695113,9.495024480486308,7.7055493008607865
Schreiben,189,V5,False,41.67135701629218,10.038232658287972,7.5224287984918705,30.44598976190108,44.613054596242954,26.44117203494092,10.038232658287972,7.5224287984918705
Schreiben,191,V5,False,41.55830816541444,9.535668196574564,8.509375888533109,28.95947506409788,45.309890260231455,24.656981332295157,9.535668196574566,8.509375888533109
Schreiben,193,V5,False,39.008949046519895,9.457776109297729,8.256736815689903,28.90749627887621,44.754882619604196,24.925605995977232,9.457776109297729,8.256736815689903
Schreiben,195,V5,False,39.53522179962583,9.850089612815092,8.34594647959653,31.308463890265045,46.07688493304286,27.12028765941424,9.850089612815092,8.34594647959653
Schreiben,197,V5,False,43.155857857576045,9.599828721064704,8.141095917637804,29.29977966061413,46.09207528894785,24.878866605631593,9.599828721064704,8.141095917637804
Schreiben,199,V5,False,42.58203665347696,11.013429551130514,7.641273300362759,28.606566293074998,44.66688749580722,24.30117167795006,11.013429551130516,7.641273300362758
Schreiben,201,V5,False,43.971176387090104,10.979491196713601,7.70328907883889,30.366537228291005,48.62748940395897,25.827728265886925,10.979491196713605,7.70328907883889
Schreiben,203,V5,False,40.43510129101559,10.85790356319562,8.219274517756084,28.39038563768935,43.38999343371783,24.207075169914962,10.85790356319562,8.219274517756084
Schreiben,205,V5,False,43.65748720293614,10.833323826412077,8.234719683288011,28.981851805480456,45.51546083113488,24.647234230857347,10.833323826412075,8.23471968328801
Schreiben,207,V5,False,42.86599066387246,9.98451960473217,8.120092009903528,29.387391682613334,46.40630883739178,24.965306950222562,9.984519604732169,8.120092009903528
Schwach,138,V5,False,37.24296974764919,6.753092900001415,7.3192327988189385,26.504511828275625,34.71098864496867,23.667841539877408,6.753092900001416,7.3192327988189385
Schwach,140,V5,False,37.70146262659342,7.072817705494012,7.1911776208400555,25.439898614181374,36.469925447240215,22.52661319721239,7.072817705494012,7.1911776208400555
Schwach,142,V5,False,34.91409039593269,6.651600846562178,6.802379603300865,24.726931858994764,33.46093151123579,21.870707501029386,6.651600846562178,6.802379603300865
Schwach,144,V5,False,38.571730980952374,6.678160648808039,6.9584057248504685,23.76597834633302,35.1798611679109,20.83806041209861,6.678160648808039,6.9584057248504685
Schwach,146,V5,False,45.10841040089077,6.584420556888072,7.542643914092441,22.27042630088035,34.47577083643628,19.552718335680076,6.584420556888072,7.542643914092441
Schwach,148,V5,False,36.538994171997,7.132974542706483,8.365434071880317,22.482687352857592,29.894688967799453,19.906756892534993,7.132974542706483,8.365434071880317
Schwach,150,V5,False,40.66615538913699,7.853988107919405,8.621655693819768,28.19999883609624,34.03820683174509,24.926713160780082,7.853988107919405,8.621655693819768
Schwach,152,V5,False,50.44624021737873,9.58948682220023,9.399402361519988,49.524583568953055,64.926829390177,43.79149769520586,9.58948682220023,9.399402361519988
Schwach,154,V5,False,57.911797544276524,9.866707468484954,14.984011569311253,53.17326973027917,57.87730111492343,48.005191708862824,9.866707468484954,14.984011569311255
Schwach,156,V5,False,52.28817854427692,16.755540891072,15.33503920745572,51.72501258540803,53.649020584079516,46.993140687712405,16.755540891072,15.33503920745572
Schwach,158,V5,False,55.692733809781345,18.730776067630817,13.551139145456618,52.060337934157445,55.715326210562885,47.07784399085494,18.730776067630813,13.551139145456618
Schwach,160,V5,False,52.72271066771438,23.36422801384412,13.063925982739187,53.81590691540104,56.98934459422146,49.00333564050419,23.36422801384412,13.063925982739187
Schwach,162,V5,False,54.58924876716677,21.4903144105619,10.335654076208602,53.33438522372664,53.9144588661023,48.82996666485607,21.4903144105619,10.335654076208602
Schwach,164,V5,False,57.75042753405866,13.289978863437188,15.332699191665451,57.40640050299969,58.634853642919836,52.38516637668999,13.289978863437188,15.332699191665451
Schwach,166,V5,False,60.6205036614066,12.20059508444807,13.629755081383728,58.50244709421542,58.95860664829731,53.716821573478875,12.20059508444807,13.629755081383728
Schwach,168,V5,False,62.633697813001014,11.781370872978908,14.541237107429142,63.09712968585011,62.96450596555794,57.894730633499265,11.781370872978908,14.541237107429142
Schwach,170,V5,False,63.630561151838236,11.256079053768456,12.3810388706102,63.109305195522786,63.28059966012907,57.82219981694264,11.256079053768456,12.3810388706102
Schwach,172,V5,False,47.57093344677701,9.502952101165668,10.82666014823732,46.935959944487394,50.80660108877014,42.78304074238732,9.502952101165668,10.82666014823732
Schwach,174,V5,False,43.20550159489738,9.755013788511473,10.616286028196086,42.185459890197805,50.482106995943234,37.839971076592775,9.755013788511473,10.616286028196086
Schwach,176,V5,False,42.25034629324326,8.939127831879288,10.862911091532208,41.878021418355516,51.489136248720634,37.3538607669517,8.939127831879288,10.862911091532208
Schwach,178,V5,False,46.716368563405375,9.482409922392698,10.84048245257224,47.153006795410896,59.4920481999551,41.85229207603826,9.482409922392698,10.84048245257224
Schwach,180,V5,False,46.402436472114836,9.628163054643535,9.812562229654949,48.08370243480893,60.02743664256855,42.76398657287777,9.628163054643537,9.812562229654949
Schwach,182,V5,False,51.59249478287904,9.868792430107892,10.625701153975097,54.89823277529884,67.47815908015261,49.083902673361486,9.868792430107892,10.625701153975097
Schwach,184,V5,False,51.04591977152656,10.72692874798504,10.769185780183543,54.574401189993075,65.95154068372419,48.9513267768217,10.72692874798504,10.769185780183543
Schwach,186,V5,False,50.784558327571084,10.569917156038809,10.905829694906993,52.6399832527766,73.10732893984617,45.79654332048253,10.569917156038809,10.905829694906993
Schwer,157,V5,False,54.84634579477655,11.443910605575967,17.49764574358849,54.94110743424837,55.42630129408746,50.23251804577506,11.443910605575967,17.49764574358849
Schwer,159,V5,False,49.79304185416517,16.48300592734538,18.697431075308508,48.13801311027263,51.25252988696431,43.79308356613613,16.48300592734538,18.697431075308508
Schwer,161,V5,False,49.54611005400348,20.72318012374642,18.620148546701298,34.78264493246473,49.59753916197174,30.485526780975356,20.72318012374642,18.620148546701298
Schwer,163,V5,False,47.61431170702049,12.267758786097431,19.931783548553742,39.92876772879908,48.35333601277386,35.66765836790506,12.267758786097431,19.931783548553742
Schwer,165,V5,False,45.185949782721096,12.36660801848766,21.14430220900516,40.99042985004114,46.972741686996216,36.83973657843586,12.36660801848766,21.14430220900516
Schwer,167,V5,False,46.623918113718744,13.342890905988652,20.596644224865646,42.101202952396555,50.873867120533916,37.48781973112342,13.342890905988652,20.596644224865646
Schwer,169,V5,False,43.915552842070596,11.143830795354491,12.940343713023747,39.7816796240066,50.008240141317884,35.1605652058866,11.143830795354491,12.940343713023742
Schwer,171,V5,False,56.08654866866456,11.041952118027055,12.101198877460602,55.67016437746375,62.45785426183092,49.95271126333615,11.041952118027055,12.101198877460602
Schwer,173,V5,False,52.996041605471184,10.381661775329112,12.308548527673421,44.23405186709202,60.2375480471039,38.46132383340625,10.381661775329112,12.308548527673421
Schwer,175,V5,False,44.75110217023346,9.5736428648701,13.48786094419653,25.96727237516709,40.260101049269366,22.264226119690996,9.5736428648701,13.48786094419653
Schwer,177,V5,False,44.1723529313518,10.603491503774233,12.907830807384213,23.608962709620055,39.19662669294726,20.269220779534766,10.603491503774233,12.907830807384213
Schwer,179,V5,False,36.07428892715514,11.364596522911938,13.069823672109592,25.898279048437043,37.01696051906863,22.767248697135322,11.364596522911938,13.069823672109594
Schwer,181,V5,False,43.42956192221367,11.884665797268907,13.411779883759095,26.427955487153017,38.34482488624479,23.83305057549504,11.884665797268907,13.411779883759095
Schwer,183,V5,False,48.14080697434894,14.092938835647217,15.23151627660326,25.797950063805427,38.372754463838795,23.48539597348151,14.092938835647217,15.23151627660326
Schwer,185,V5,False,43.87042117102124,14.125458153178045,16.18431050808796,27.056420383785333,37.16440096876471,24.103768523670638,14.125458153178045,16.18431050808796
Schwer,187,V5,False,42.763975112536926,14.286908580667248,15.960101143818978,24.356430099250886,35.19592308699831,22.31156258186285,14.286908580667248,15.960101143818978
Schwer,189,V5,False,44.63287972930594,14.153366990997023,16.219816724694944,24.67829873041155,35.56412027000988,22.540253497717323,14.153366990997023,16.219816724694944
Schwer,191,V5,False,40.536100018776786,14.612418707542288,16.276225245654185,24.845654966885053,35.58336471265398,22.45549208080334,14.612418707542286,16.276225245654185
Schwer,193,V5,False,38.98287310509966,13.613792242705752,16.049416904999823,24.848523278472022,33.53557983940932,22.692036972769287,13.613792242705752,16.049416904999823
Schwer,195,V5,False,41.53616341874699,14.296724622086163,16.1374181447786,24.51093084616815,35.91176860187147,22.277968026149058,14.296724622086163,16.1374181447786
Schwer,197,V5,False,41.822641707532725,13.831933422374679,15.985357682152333,24.99157354312945,35.37275977835197,23.13629930259349,13.831933422374679,15.985357682152333
Sonne,148,V5,True,31.770683148095085,,11.48901402575116,22.952813693756575,33.27650377809741,19.694974487399005,,11.489014025751159
Sonne,150,V5,True,35.70210979089195,,11.280486101287456,24.371411770248255,36.27657082029912,21.182091160797754,,11.280486101287453
Sonne,152,V5,True,36.989710207572,,11.425403159631045,27.748356865903236,39.70494261677115,24.312267877716298,,11.425403159631045
Sonne,154,V5,True,32.71869794535294,,11.26097217524016,24.63555352976708,35.49015778850843,21.136697744543103,,11.26097217524016
Sonne,156,V5,True,31.056910605521555,,11.341939273308999,23.24519068724156,33.9735456336332,19.76886963981631,,11.341939273308999
Sonne,158,V5,True,35.34335730691724,,10.895238990153459,24.842861013247845,36.40866600893681,21.87183432196106,,10.895238990153459
Sonne,160,V5,True,34.15494285471112,,9.59475515671641,22.389986411054004,33.771586338136785,19.411342899860422,,9.59475515671641
Sonne,162,V5,True,36.12095587561619,,14.508239804349369,23.63339259198733,35.76743285323628,20.520458898209743,,14.508239804349369
Sonne,164,V5,True,32.64286163824418,,13.822636710610066,22.580147333219024,32.209154882575,19.384350121863662,,13.822636710610066
Sonne,166,V5,True,33.517154638616866,,15.82768868423499,25.696343689999456,38.13108679946296,22.17334218199609,,15.82768868423499
Sonne,168,V5,True,32.13547313905776,,14.387070437343313,26.259142973211485,38.524587533967775,22.758593656451026,,14.387070437343313
Sonne,170,V5,True,32.44693373131677,,16.08282466358307,25.102548018977608,36.669011120618414,21.823601397118512,,16.082824663583075
Sonne,172,V5,True,30.180356947450402,,15.551584260223379,22.949396482231137,34.26465668341576,19.93992592206861,,15.551584260223379
Sonne,174,V5,True,32.29538779120727,,15.2668990388304,22.192372058625434,32.27610823193047,19.183275566383276,,15.2668990388304
Sonne,176,V5,True,31.76209814548536,,15.436071160496153,22.359574263498146,32.90477522961708,19.241235068068082,,15.43607116049615
Sonne,178,V5,True,31.542859853601342,,15.532539861072546,22.492200063012277,33.433067152778186,19.337269928839714,,15.532539861072548
Sonne,180,V5,True,33.59358684282322,,15.466399198432491,23.419217461170156,35.22032971356113,20.076211216398068,,15.466399198432493
Sonne,182,V5,True,31.117847836754024,,15.665965190955218,21.38727357795638,32.093202704107604,18.290170068930383,,15.665965190955221
Sonne,184,V5,True,31.767276953224613,,15.296910765536287,22.598047704289375,34.233826437397404,19.297624954584013,,15.296910765536284
Sonne,186,V5,True,29.869673791139245,,15.8050340402241,20.884411363313014,31.704755906019024,17.895398717690576,,15.8050340402241
Sonne,188,V5,True,32.17963560242915,,16.75624737873045,21.557512305507174,32.587596393787535,18.665018420743362,,16.756247378730446
Sonne,190,V5,True,31.16481326625654,,16.30367746465195,22.69948796542891,33.87872928858265,19.464625378562094,,16.303677464651948
Sonne,192,V5,True,31.47361160196898,,16.543827429557197,22.109252388659254,33.559612994512065,18.90108824436513,,16.543827429557197
Sonne,194,V5,True,31.891595257258974,,15.923469376838757,23.318479429574253,34.912103919299476,19.995885729959284,,15.923469376838753
Sonne,196,V5,True,31.11514732392595,,15.992876812797073,21.79750802320772,31.27000157176995,18.7154027365855,,15.992876812797077
Sorry,144,V5,True,48.32497945715105,,16.964104140086302,40.89517488290113,51.34910706195854,36.13705879746126,,16.964104140086302
Sorry,146,V5,True,52.67272644030904,,18.693044730884893,39.829573621868946,46.80359691304201,35.84620305434747,,18.693044730884893
Sorry,148,V5,True,49.644464672480765,,18.91292228686515,40.05585065479001,48.25363508044667,35.94916076205827,,18.91292228686515
Sorry,150,V5,True,51.84657560966966,,21.31728055866027,37.373325958008145,44.31096474485563,33.589098193343354,,21.31728055866027
Sorry,152,V5,True,47.902745105208666,,20.06648834931829,37.496000157709844,42.86571987771719,33.40481412196271,,20.06648834931829
Sorry,154,V5,True,50.12506946174101,,17.595176356721456,40.07240048884474,48.54068823791756,35.61885952261421,,17.595176356721453
Sorry,156,V5,True,55.605795644046644,,16.857897238237733,44.17761681958403,52.25985183269954,39.6353449028753,,16.857897238237733
Sorry,158,V5,True,46.178393130362956,,14.766665136506827,37.43028060689519,45.639580070456624,33.37543003716515,,14.766665136506827
Sorry,160,V5,True,46.61370687077567,,14.540013601529113,38.01529192517951,47.49237780025738,33.85120580292968,,14.540013601529113
Sorry,162,V5,True,46.027494824304746,,14.262765259635774,39.592922534025035,50.848668411934646,35.05346448617268,,14.262765259635774
Sorry,164,V5,True,50.6549180751836,,15.775674697652915,39.2833900940247,49.51123357764269,35.0535361395485,,15.775674697652915
Sorry,166,V5,True,53.120325981769454,,16.959583107811504,42.6878577920174,54.92309481296014,38.14510831747063,,16.959583107811504
Sorry,168,V5,True,44.490683169079865,,15.47237563057284,36.97332188168786,47.62780111279025,33.02398164166425,,15.47237563057284
Sorry,170,V5,True,52.85267500286481,,15.334107423708016,44.76796349693786,54.13856077355191,40.31838068738334,,15.334107423708016
Sorry,172,V5,True,48.558611046787874,,13.726593513785463,40.981350558693045,50.742482410002715,36.58740409106273,,13.726593513785463
Sorry,174,V5,True,56.277459410057624,,16.87961027826995,45.89661660097554,54.75976370130876,41.35098846128463,,16.87961027826995
Sorry,176,V5,True,47.07519267099989,,17.046463445113783,38.06086423404571,45.90567480570371,33.9303053881936,,17.046463445113783
Sorry,178,V5,True,47.486767004734865,,16.7644478785829,37.862860601807306,47.80841775934159,33.485903825642914,,16.7644478785829
Sorry,180,V5,True,44.35460728227969,,15.2871381375182,39.443840248601774,51.157014030725605,34.77521356870621,,15.2871381375182
Sorry,182,V5,True,50.177093322224586,,15.70561271042074,40.077270524216196,49.35133399819392,36.03860115897716,,15.70561271042074
Sorry,184,V5,True,53.55044637732983,,16.135927067947154,44.63318103268269,54.85981751041847,40.03992377362148,,16.135927067947154
Sorry,186,V5,True,47.45928067383081,,13.286406572245761,39.735729396554206,52.80084137815159,34.849567785060906,,13.286406572245761
Sorry,188,V5,True,53.17473944075012,,14.162204555559278,41.34047549612112,53.9056388586105,36.71125118541955,,14.162204555559278
Sorry,190,V5,True,50.45834142182548,,14.192535814101108,40.78105477117813,54.302768163983096,35.8122894460271,,14.192535814101108
Sorry,192,V5,True,49.74208227458541,,14.676118770866719,36.324282663123,49.66145101231123,31.866082064727284,,14.676118770866719
Sorry,194,V5,True,41.50935364695801,,18.867258198684972,32.95914596796978,45.16941101487359,28.784707237387693,,18.86725819868497
SparenSparsam,133,V5,False,44.313866585408526,13.075572088116889,11.068449606872809,26.54699718505847,40.546498791168574,23.93068318382057,13.075572088116889,11.068449606872809
SparenSparsam,135,V5,False,42.780849486280246,12.638322252867237,10.472210262726948,24.627282789069216,38.89935671524429,21.72217184337381,12.638322252867237,10.472210262726948
SparenSparsam,137,V5,False,42.77513933125673,11.036032101947065,10.702262185838295,24.463040058066564,37.92470073566573,21.757622325282494,11.036032101947065,10.702262185838295
SparenSparsam,139,V5,False,45.604233235525655,12.552660024227912,9.746886346454978,26.91441621309776,41.232573603534654,24.125568868124606,12.552660024227912,9.746886346454978
SparenSparsam,141,V5,False,37.998828144855096,17.401673733869696,10.13823424833045,24.425398904423876,32.96241617108729,22.20221097984114,17.401673733869696,10.13823424833045
SparenSparsam,143,V5,False,41.39838855045018,11.4713884588116,11.403279762103896,25.011641255469623,36.97899834264356,22.675285932961728,11.4713884588116,11.403279762103896
SparenSparsam,145,V5,False,37.52510635838749,10.25841125408534,11.187313913445513,27.058268279173266,38.3142902659013,24.04900541477643,10.25841125408534,11.187313913445513
SparenSparsam,147,V5,False,37.500097244321246,12.550100515066438,10.480230464474152,25.17174808418573,37.321915588556195,22.33804191024123,12.550100515066438,10.480230464474152
SparenSparsam,149,V5,False,38.58591045363844,9.645752527892972,13.083490515432347,26.802301751993117,38.30699301303196,23.887991012916096,9.645752527892972,13.083490515432347
SparenSparsam,151,V5,False,38.13995367742802,18.9569846592731,12.849576686942983,27.99021303453534,36.396251448192146,24.886582680961325,18.9569846592731,12.849576686942983
SparenSparsam,153,V5,False,38.126817564471715,10.050010673015404,12.375673902701015,27.755490140117733,38.30223560873588,24.71631309818449,10.050010673015404,12.375673902701013
SparenSparsam,155,V5,False,38.234812516775236,9.81312025468133,11.267961484906849,27.763405933834175,38.3696648261534,24.67841851102365,9.81312025468133,11.267961484906852
SparenSparsam,157,V5,False,40.43345889908421,9.783663626960456,11.363309948712523,28.433339381858485,39.1919565534073,25.211526865799982,9.783663626960456,11.363309948712523
SparenSparsam,159,V5,False,44.580562658125736,29.923575151764265,10.6628654326651,35.58470803334713,36.67026228315207,32.782455722153294,29.923575151764265,10.662865432665098
SparenSparsam,161,V5,False,41.393647126916264,11.103544597892045,11.565497320836414,32.75746110967841,38.863974903124905,29.428476428005975,11.103544597892045,11.565497320836414
SparenSparsam,163,V5,False,41.2540541161272,23.150123069655326,11.445206586554468,33.32838365949155,33.534324530094075,30.636651660581553,23.150123069655326,11.445206586554468
SparenSparsam,165,V5,False,35.78730625090155,13.512205389600265,11.144108735517342,26.12783831428437,30.84163309458925,23.583064839267326,13.512205389600267,11.144108735517342
SparenSparsam,167,V5,False,35.62350903306647,9.930050360500635,10.403686984076467,27.078193326173672,38.254632649617484,23.79105989023166,9.930050360500635,10.403686984076467
SparenSparsam,169,V5,False,34.52899235024733,14.57069554146478,12.745579081020535,26.03278773074933,33.06962621433833,23.140927960319644,14.570695541464778,12.745579081020535
SparenSparsam,171,V5,False,37.89246330565651,11.024288432096444,11.746835762681126,28.718277852013035,34.994509996240545,25.741176656509236,11.024288432096442,11.746835762681128
SparenSparsam,173,V5,False,38.72220915145461,13.801086635031899,11.328500205301658,28.960230680858558,32.921751891470784,26.22072591531656,13.801086635031899,11.328500205301657
SparenSparsam,175,V5,False,40.171922628625495,9.38107909583561,11.2688108190541,31.02428274327247,39.99862942516656,27.5483095842251,9.38107909583561,11.2688108190541
SparenSparsam,177,V5,False,41.8355926691762,29.321570867435785,10.291271497858892,34.32775637385637,37.65213952946052,31.201083336724864,29.321570867435785,10.291271497858892
SparenSparsam,179,V5,False,40.05548534581258,10.975890347284864,11.0920244612177,31.555921687380064,41.22993355896115,27.92899772772227,10.975890347284864,11.0920244612177
SparenSparsam,181,V5,False,36.552680199168584,14.060002423903565,11.7098021548441,26.923119050255167,34.95485321391106,23.959453571436278,14.060002423903569,11.7098021548441
SparenSparsam,183,V5,False,40.03493993402809,21.9937866500517,11.85643774811638,31.61153542526861,34.637274836432454,28.719903169362514,21.9937866500517,11.85643774811638
SparenSparsam,185,V5,False,37.45379104481416,9.139949457092756,12.270888707311554,26.625626531266217,36.40841526992629,23.548183387344068,9.139949457092758,12.270888707311554
SparenSparsam,187,V5,False,37.43618557489591,9.091363512881289,12.371762801853958,26.790621018376598,38.061399691280606,23.645945626457703,9.091363512881289,12.371762801853958
SparenSparsam,189,V5,False,37.409158655803786,12.520608810655554,11.343658204481814,29.078264455329403,34.74635641233295,26.09525503580233,12.520608810655554,11.343658204481814
Spezial,125,V5,False,65.63447334968396,12.062302885070297,11.807936186757761,61.28206067784553,62.714280972034835,56.29391679008488,12.062302885070297,11.80793618675776
Spezial,127,V5,False,68.47734469140676,11.990293214776177,11.286300050927903,64.51384313191073,67.36833262278593,59.174165785900904,11.990293214776177,11.2863000509279
Spezial,129,V5,False,61.80895646798062,13.712487534945291,10.786693140358183,57.97986176377886,58.28923069985843,53.381325684293145,13.712487534945291,10.786693140358183
Spezial,131,V5,False,65.20487871451692,12.18328678465854,11.204458145875664,60.39094280550772,60.00000815404322,55.73039024327851,12.183286784658536,11.204458145875664
Spezial,133,V5,False,61.89576187187113,11.75231400954091,10.889202525947816,53.29921859335926,52.473998881646935,49.107870121617474,11.75231400954091,10.889202525947816
Spezial,135,V5,False,57.468055573198434,10.510816674393963,10.268251104603786,49.14818713163098,52.83822524952404,44.797301202837524,10.510816674393963,10.268251104603786
Spezial,137,V5,False,50.99206493049478,11.783227957479426,8.570859615547166,38.08238580366357,38.25004314705191,34.92635838760419,11.783227957479427,8.570859615547166
Spezial,139,V5,False,44.76136536623076,11.545048900620317,8.606844150966253,31.698419767960853,36.087976930144194,28.7967334377217,11.545048900620317,8.606844150966253
Spezial,141,V5,False,35.16785297534429,9.109966449370509,9.342014161864507,27.27378398778764,30.45140211643779,24.768261590499087,9.109966449370509,9.342014161864507
Spezial,143,V5,False,31.25125802021498,8.917200491684753,9.996812554669345,24.022369039840314,30.616824668953285,21.680922790902258,8.917200491684754,9.996812554669345
Spezial,145,V5,False,29.95726709111174,9.68541609492451,10.674822420697666,21.501801291016132,28.049796347832554,19.406927791181037,9.68541609492451,10.674822420697666
Spezial,147,V5,False,35.30066872687798,9.824862324498863,11.90971788669527,23.69758035253228,29.48760801798538,21.530630069793855,9.824862324498863,11.90971788669527
Spezial,149,V5,False,37.38598094811325,9.83371930841099,10.977780331526064,25.34523833875188,32.340056238912254,23.04367418810004,9.83371930841099,10.977780331526063
Spezial,151,V5,False,38.83489417720833,9.651236181614102,11.571360497368639,26.01924803282845,32.96531786561635,23.572693022028307,9.651236181614104,11.571360497368639
Spezial,153,V5,False,40.26223623862343,9.437327707282314,11.697559317369933,27.29206942707149,35.43690743704425,24.596662267098264,9.437327707282314,11.697559317369933
Spezial,155,V5,False,36.42017334926033,9.76860524390113,11.522442901917909,24.3189991500743,32.29812017901586,21.989879305541372,9.76860524390113,11.522442901917909
Spezial,157,V5,False,36.699311906034076,9.436942485396413,11.662078621828702,24.913788933001783,33.3638955091744,22.385966439871325,9.436942485396413,11.662078621828702
Spezial,159,V5,False,37.15562610880551,9.273639892746397,11.625507085019402,25.646908594422477,31.044136069020862,23.35316960916153,9.273639892746397,11.625507085019402
Spezial,161,V5,False,34.1929212156332,9.593682200935373,13.544261234719462,24.40917027935711,33.05881495292079,21.73509815191648,9.593682200935373,13.544261234719462
Spezial,163,V5,False,35.32413618335972,9.424653790004404,12.303757080384077,23.502718931298983,30.31211041374749,21.21087159473293,9.424653790004404,12.303757080384077
Tisch,143,V5,False,43.408872877719936,9.6899471222955,7.888701924982754,23.220894234124163,36.493564593634325,19.929154983995375,9.6899471222955,7.888701924982754
Tisch,145,V5,False,45.97812130561428,10.785745449808976,7.998354414137592,23.494632635970074,36.372059831446464,20.36912858185096,10.785745449808976,7.998354414137592
Tisch,147,V5,False,46.48889573867208,10.800679670746604,8.242023463769838,24.375189012352426,37.93824049232369,20.921986446425027,10.800679670746604,8.242023463769836
Tisch,149,V5,False,43.760125481193505,10.13280627558763,8.774049690450322,23.65338408380382,37.64655550675614,20.32036202485921,10.13280627558763,8.774049690450324
Tisch,151,V5,False,41.72678060032728,14.519835313885686,8.863012547069747,25.033261240109645,38.096587687102755,21.279023705669232,14.519835313885686,8.86301254706975
Tisch,153,V5,False,38.41382154207846,12.121836687689159,7.736265108262792,26.358700172854128,40.53012097531052,22.289214819191766,12.121836687689159,7.7362651082627885
Tisch,155,V5,False,38.58727629751459,10.643699926187644,6.2709915570428745,30.302806707684056,42.56976885619694,26.1441454731498,10.643699926187644,6.2709915570428745
Tisch,157,V5,False,41.37492934459682,7.431676837729387,6.0109197986151095,32.3675377471496,46.181451800454944,27.85980913603759,7.431676837729387,6.010919798615112
Tisch,159,V5,False,42.17293935103676,9.475672481817933,8.748721590077425,34.69076352182533,45.79144832903488,30.30987683973413,9.475672481817933,8.748721590077425
Tisch,161,V5,False,38.66669808933107,10.669833626256002,10.335639749213959,30.22210790543356,37.93992787364021,26.67558096116195,10.669833626256002,10.335639749213959
Tisch,163,V5,False,41.03018483520488,10.441557278395909,11.87225309821072,36.11359874428154,40.456174267574355,32.28719692991909,10.441557278395909,11.872253098210718
Tisch,165,V5,False,47.73667559814875,12.277686082882438,13.325434602184068,41.99986664040726,51.28983511863036,36.854442120218195,12.277686082882438,13.325434602184068
Tisch,167,V5,False,38.55359940049891,12.19664311955711,14.567207820432815,33.0162336041149,42.92710781122545,28.77210710371185,12.19664311955711,14.567207820432815
Treffen,132,V5,False,43.23183669513574,12.396714563424846,10.981480661207769,31.059315733255183,46.518721143425864,26.515512440131396,12.396714563424846,10.981480661207769
Treffen,134,V5,False,41.56478483768076,13.208315531640205,10.38066471038874,29.892468062040102,40.04631504815517,26.276173522945268,13.208315531640206,10.380664710388741
Treffen,136,V5,False,40.62601372670851,13.778642381014885,10.38502619241246,26.18001875699413,34.34716399865743,22.993273837197076,13.778642381014883,10.38502619241246
Treffen,138,V5,False,39.87102687006808,13.817798412227473,8.992732395024216,28.590115520905233,33.735332273301545,25.570699834431355,13.817798412227473,8.992732395024216
Treffen,140,V5,False,39.43732153038354,12.33455512313673,8.429206469543807,25.362786976959825,30.567504080840322,22.526201881681658,12.33455512313673,8.429206469543807
Treffen,142,V5,False,44.40663180548077,13.361013383996562,8.575949518753688,28.81684742708965,31.858056721696858,25.94259024344722,13.361013383996568,8.575949518753688
Treffen,144,V5,False,39.876776301532644,13.448032050193914,8.469242780050903,27.308296504134415,31.036211472071795,24.39581903465952,13.448032050193914,8.469242780050902
Treffen,146,V5,False,44.0363854651099,14.093219195350404,8.165256955485827,26.477053704994677,30.595894185365804,23.573923677600522,14.093219195350404,8.165256955485827
Treffen,148,V5,False,43.10010314989829,13.987014486567434,8.299165183822899,29.168111619853136,33.2775162338421,26.253834863040005,13.987014486567434,8.299165183822899
Treffen,150,V5,False,45.66665648325984,15.422430861868017,9.148803128366994,24.34609973819432,31.513814210038746,21.387328120119403,15.422430861868017,9.148803128366994
Treffen,152,V5,False,40.40326991967188,15.983367585770878,9.041817191050917,23.988852155902038,30.379859790981243,21.19842875812003,15.983367585770878,9.041817191050919
Treffen,154,V5,False,42.717874760719354,15.799297788991282,11.364734505812889,24.946208341428246,32.2672737960189,22.118561984582414,15.799297788991282,11.364734505812889
Treffen,156,V5,False,44.55335854331091,15.993916125353728,10.740673682871497,22.45606038225122,28.509122862575023,19.975828188254315,15.993916125353728,10.740673682871497
Treffen,158,V5,False,45.262508756500665,15.988182865107389,10.208539035493612,24.072636694508468,30.673700413618516,21.468182131169968,15.988182865107389,10.208539035493613
Treffen,160,V5,False,45.480262483927426,16.64950062302675,10.629520103630048,22.922893926879873,30.875772743166337,20.125013532533025,16.649500623026746,10.629520103630048
Treffen,162,V5,False,44.12459503879066,16.75134880729074,10.44417801663058,24.072743356880004,32.591797547610994,21.067048917527266,16.75134880729074,10.444178016630577
Treffen,164,V5,False,44.90160301329325,16.64674677276534,9.881072709142618,21.334671290076553,32.017747720019536,18.279102541177895,16.64674677276534,9.881072709142618
Treffen,166,V5,False,44.35127538346296,16.352993163426234,9.824407421887107,20.925186764762408,32.280747042126,17.881160936499818,16.352993163426234,9.824407421887106
Treffen,168,V5,False,44.38845039471532,15.863767343505309,9.647021244382504,20.585215470174987,31.519013739166173,17.547546716207425,15.863767343505312,9.647021244382504
Treffen,170,V5,False,44.55357876969071,16.35792732560297,9.423790807298287,23.334540349392004,33.164249950070875,20.173146484991012,16.357927325602972,9.423790807298287
Treffen,172,V5,False,43.376958292326094,16.329867719603907,9.791705529583236,21.103366344106632,32.39990904507563,17.958556968212612,16.329867719603907,9.791705529583236
Treffen,174,V5,False,43.64078694147108,15.75157527767268,9.893082622149162,20.759728414174386,31.976099116856012,17.681313229955705,15.75157527767268,9.893082622149162
Treffen,176,V5,False,43.59966887366011,16.054741495356158,9.70543069966066,20.727175807212006,31.656382202820062,17.70159577558617,16.05474149535616,9.70543069966066
Treffen,178,V5,False,44.318949387819615,16.000037247835408,9.87902962695956,20.658914727585323,31.537193518507706,17.620638936783635,16.000037247835404,9.87902962695956
Treffen,180,V5,False,43.13794091230318,15.797004383490423,9.665527698410301,21.109473756431264,31.51711063016019,18.150184117226548,15.797004383490423,9.665527698410301
Treffen,182,V5,False,44.428315887298574,16.21755521275412,9.82105859338025,21.414906024265925,32.257816431758584,18.341883924026433,16.21755521275412,9.82105859338025
Treffen,184,V5,False,44.59745125965087,15.82236325104169,9.862795322704377,21.0641413318941,32.48880323100486,17.95101171667832,15.822363251041686,9.862795322704377
Treffen,186,V5,False,42.971913579789636,15.317006647997568,9.662708742910349,20.579171035474882,31.467090892578252,17.627479942194686,15.317006647997571,9.662708742910349
Vater,151,V5,True,42.509317100827474,,12.494409987788497,42.25868550640012,60.51249461530162,36.24406841063659,,12.494409987788497
Vater,153,V5,True,47.47946357496817,,13.228441476633057,46.42844235434683,65.03635207884372,40.009923653716605,,13.228441476633057
Vater,155,V5,True,44.40616794035903,,11.98971588885926,43.53611264557317,62.35007631859264,37.357486622970406,,11.98971588885926
Vater,157,V5,True,43.175449938528,,10.376530204057952,42.030515228212856,58.75073851373252,36.096203756376035,,10.376530204057952
Vater,159,V5,True,41.7160962408777,,9.615673817192409,39.6142143532259,56.79325432133075,33.90197226745479,,9.615673817192409
Vater,161,V5,True,40.58615097608123,,8.23148856149789,35.399565103230096,52.429469231995185,30.349945623233666,,8.23148856149789
Vater,163,V5,True,38.83088314166248,,8.271249547195497,32.13679188441197,49.52775796260732,27.446356332826102,,8.271249547195497
Vater,165,V5,True,43.78677544124757,,7.6547399443859465,36.12680984671791,56.37944573679927,30.961002520507865,,7.654739944385947
Vater,167,V5,True,44.19809940932513,,9.170967751924097,35.04854237402618,50.967282976458655,29.877613632734036,,9.170967751924097
Vater,169,V5,True,38.61653218370558,,9.073106069508396,31.068957083318942,46.9860502181053,26.510264644935667,,9.073106069508396
Vater,171,V5,True,40.171615023068235,,9.575261336387218,29.09787937205786,44.1443373838793,25.750131300045783,,9.575261336387218
Vater,173,V5,True,38.515560344187094,,9.92649018236144,26.758354860637827,39.75744896451132,23.764619813388617,,9.92649018236144
Vater,175,V5,True,39.14910368186236,,9.349217225047855,26.3193338370395,38.44004429220453,23.384646018067464,,9.349217225047855
Vater,177,V5,True,40.176028090188595,,9.93570826596334,26.55198996349639,39.2509395526906,23.16616177159435,,9.93570826596334
Vater,179,V5,True,42.77400229622726,,9.893383823321972,31.74335190137311,46.12242442350471,27.74402867102755,,9.893383823321972
Vater,181,V5,True,44.7221058036936,,10.154154754388948,32.112878365919606,46.70745084322235,27.883055164271624,,10.154154754388948
Vater,183,V5,True,42.60540225991362,,10.788145057020335,31.65018152445654,44.932267946928434,27.709812991911857,,10.788145057020333
Vater,185,V5,True,47.394978817701926,,10.970622287687405,41.59840899448048,59.00263774775772,35.82650121159956,,10.970622287687403
Vater,187,V5,True,45.036690820469516,,11.566735815661605,39.948420964123656,58.60410351907833,34.41464157226582,,11.566735815661609
Vater,189,V5,True,48.146164647860715,,11.905093624944413,47.490664827134765,66.4374338276615,40.74889467743905,,11.905093624944413
Vater,191,V5,True,43.68852166696376,,12.187254616114707,39.141736521482926,56.48499646181553,33.68829697219709,,12.18725461611471
Vater,193,V5,True,44.77705819385629,,12.45620736087772,39.649609498268774,59.43939431361983,34.05878775866719,,12.45620736087772
Vater,195,V5,True,44.13448679692797,,12.914865663896906,40.78231655245867,60.71657507581269,34.99341581643812,,12.914865663896908
Vater,197,V5,True,48.87721902300809,,12.209768300652263,43.41952703767553,63.42279562422169,37.327578017522455,,12.209768300652263
Vater,199,V5,True,44.71253883496098,,12.739564548274592,39.941303879621216,58.56290557537069,34.597695607314435,,12.739564548274592
Vater,201,V5,True,44.97650598946927,,12.86106000069777,41.02908145496189,60.734448051551965,35.25442007354962,,12.86106000069777
Vater,203,V5,True,48.26735030365723,,12.513027131448657,43.5920849757131,63.427731272928014,37.379776565499284,,12.513027131448657
Verschieden,142,V5,False,40.994438426038236,15.357616389527218,8.16728704523759,31.655363819687395,40.28685430293062,27.998608664081633,15.357616389527218,8.16728704523759
Verschieden,144,V5,False,41.63161365682006,14.62880569426363,9.516069739807023,30.618872927033166,39.166232467866166,26.95497544146098,14.628805694263628,9.516069739807023
Verschieden,146,V5,False,40.844343692383184,14.431033749280942,9.974099464889962,28.07751412932413,39.315477589457394,24.310814575236044,14.431033749280942,9.974099464889962
Verschieden,148,V5,False,44.29087809586282,12.496696885328822,10.097526591289444,28.37349328990748,41.17169168859229,24.237612023966555,12.496696885328822,10.097526591289443
Verschieden,150,V5,False,45.6415702628307,9.769731892618394,10.409523088624416,30.050395087511642,44.49636618375089,25.660013137472923,9.769731892618394,10.409523088624415
Verschieden,152,V5,False,43.8535286381645,9.675132142087744,12.82174382584041,29.275393349974415,43.563518115501665,24.976171134771526,9.675132142087744,12.821743825840409
Verschieden,154,V5,False,40.323070101890096,9.186117744115775,15.189577930064399,30.870473753407637,46.46078102751789,26.15680832017716,9.186117744115776,15.189577930064399
Verschieden,156,V5,False,38.53724118577261,9.8347082040346,15.909725831418948,30.67326237886255,45.70353910289435,26.04476349117692,9.834708204034602,15.909725831418948
Verschieden,158,V5,False,37.82495041188568,9.687685397606824,16.14015518828005,30.310807584148517,42.755486980505296,26.07871455641286,9.687685397606824,16.14015518828005
Verschieden,160,V5,False,37.06294148559267,11.72842234533124,16.384143377608613,30.28787305288242,40.86820295770903,26.254867493838177,11.72842234533124,16.384143377608616
Verschieden,162,V5,False,39.29912138096932,9.700585767283808,14.051911673850837,33.603111139870954,44.7938102943242,29.51786063011543,9.700585767283808,14.051911673850839
Verschieden,164,V5,False,37.387656088831584,10.13985702059874,14.28746751659842,29.065848797480793,40.62609730237914,25.443935252838333,10.13985702059874,14.28746751659842
Verschieden,166,V5,False,39.87631563908459,11.10483827666975,13.12595287058074,28.446188593855567,40.544928305096064,24.770833448162737,11.10483827666975,13.12595287058074
Verschieden,168,V5,False,39.35321854711918,11.966494916071458,10.953330461986651,29.59730324436752,39.222202464713,26.106907621086712,11.966494916071458,10.953330461986651
Verschieden,170,V5,False,39.70716318176167,14.266225806393868,10.668343837267521,29.863186813781716,42.01440852521899,26.052340881409812,14.266225806393873,10.668343837267521
Verschieden,172,V5,False,38.20223617552509,14.827368673320455,11.09655722402227,26.50790036799775,37.5910407569905,22.95458264860586,14.827368673320453,11.09655722402227
Verschieden,174,V5,False,39.67793721806166,13.180830301054465,11.726167171445663,28.988103363764658,39.91675400653773,25.222642898780364,13.180830301054465,11.726167171445663
Verschieden,176,V5,False,40.74819548278753,13.551897268183358,11.75917901444687,27.49399863413537,39.498770845654995,23.653262631276146,13.551897268183358,11.75917901444687
Verschieden,178,V5,False,40.23516684558463,11.543354323274393,12.740663459762347,27.281839807153343,39.65568319647209,23.492872353717473,11.543354323274393,12.740663459762347
Verschieden,180,V5,False,38.88907986709204,10.557120086301433,13.512379684501656,28.510977165322373,41.89638976012598,24.424587320638366,10.557120086301433,13.512379684501656
Verschieden,182,V5,False,38.98114284360629,12.24693262506043,16.019075668156496,28.94707963798747,41.87586687230164,24.826117500549874,12.24693262506043,16.019075668156496
Verschieden,184,V5,False,36.22357579970177,11.627482512896174,15.448931604521588,26.946710920130826,38.809650313507596,23.078352515067284,11.627482512896174,15.448931604521588
Verschieden,186,V5,False,35.15981369699,12.73026744058409,15.53999997699424,27.16148702183411,39.07729734240461,23.291224649504656,12.73026744058409,15.539999976994237
Verschieden,188,V5,False,38.633903497417016,12.170850750290985,14.707010437318667,28.848504738036286,40.64511389223418,24.965217712557173,12.170850750290985,14.707010437318667
Verschieden,190,V5,False,40.206570667435734,10.952465767606789,14.109595940561755,28.46162688473233,40.987031075672824,24.578912322772208,10.952465767606789,14.109595940561755
Verschieden,192,V5,False,37.82586987205208,10.757870856813222,13.711222535306938,26.486888063758425,38.92765650443297,22.72490217478728,10.757870856813225,13.711222535306938
Verschieden,194,V5,False,37.95169068508041,14.058137538029092,11.5219958987069,25.70729084552585,36.38980940114707,22.317104990270973,14.058137538029092,11.5219958987069
Verschieden,196,V5,False,39.359681380047014,13.091211000229686,10.791298545532882,28.84024906846844,39.63850487937734,25.136528014779405,13.091211000229686,10.791298545532882
Verschieden,198,V5,False,40.4149869816926,14.2411797075626,10.451974525583031,28.51154700596809,40.63591771182062,24.69833486000872,14.2411797075626,10.451974525583031
Verschieden,200,V5,False,42.582807844995415,13.911694302667033,10.490081531659614,31.523915778049158,41.15592133660751,27.68488339010638,13.911694302667033,10.490081531659614
Verschieden,202,V5,False,41.46028318390431,19.547598210813234,11.499221279085894,29.01331003932683,39.714329457233916,25.15271801182352,19.547598210813234,11.499221279085894
Verschieden,204,V5,False,43.200621237506056,12.211220516329464,11.685905045704116,27.784218617954867,38.50850709260646,24.053383198788133,12.211220516329464,11.685905045704116
Verschieden,206,V5,False,40.2793781563117,11.224774866232064,12.737419943569902,26.85487094791745,38.9321169274888,22.902240062590376,11.224774866232064,12.7374199435699
Verschieden,208,V5,False,42.70337485511507,11.227493483599948,13.3374061676261,33.852795543708694,45.107607861305986,29.582606193866148,11.227493483599948,13.3374061676261
Verschieden,210,V5,False,40.844613090759054,10.654482223138803,14.647757040614923,33.78387168858423,43.805546407615005,29.674322906278768,10.654482223138803,14.647757040614923
Verschieden,212,V5,False,40.34202688195758,10.846329477159959,16.9455715287251,30.049045671938824,39.789201596001185,26.51407469599524,10.846329477159959,16.9455715287251
Verschieden,214,V5,False,39.141044321512254,10.836121707697407,15.903138471950372,35.6993468051222,44.48440697051733,31.63033395259341,10.836121707697407,15.903138471950372
Verschieden,216,V5,False,37.804856051421176,10.367733698234192,16.22743566563214,33.93380595993214,43.38139034130997,29.951927824439696,10.367733698234192,16.22743566563214
Verschieden,218,V5,False,36.8707124077636,11.73570428059516,14.803334804263326,28.28833560723149,40.37846781369079,24.333840897054035,11.735704280595161,14.803334804263326
Verschieden,220,V5,False,36.48694024439911,11.30465739354661,15.386176651581463,29.659111245890756,41.11963408268116,25.72928863315195,11.30465739354661,15.386176651581463
Verschieden,222,V5,False,39.22198916286522,11.474406355192313,14.934376469628688,32.3146502826837,42.79585633123058,28.29027080398752,11.474406355192315,14.934376469628692
VorsichtPassAuf,147,V5,False,64.75713218316022,7.1398403202526035,11.516600809717492,51.46502570354296,42.66098975460745,48.48491041417557,7.1398403202526035,11.516600809717492
VorsichtPassAuf,149,V5,False,65.2926654144602,12.198452885979032,9.893456916264723,50.58342098974014,46.788802248269086,47.104935204386614,12.198452885979032,9.893456916264721
VorsichtPassAuf,151,V5,False,57.3840715444709,11.174909131718481,9.10231011420462,45.65154177058955,42.53013183524465,42.582105022166985,11.174909131718481,9.10231011420462
VorsichtPassAuf,153,V5,False,51.31689856222836,6.983788576688648,8.67009721290113,36.68444866552491,30.697081457578214,34.424031088445325,6.983788576688648,8.670097212901128
VorsichtPassAuf,155,V5,False,51.982261573627355,10.818478242315196,9.382438826888876,35.1046483446699,34.594718058044336,32.61018635305472,10.818478242315194,9.382438826888878
VorsichtPassAuf,157,V5,False,34.70382159360528,7.957242574703564,9.093522277206745,21.694410217225915,30.406673172633496,19.168167343411206,7.957242574703564,9.093522277206745
VorsichtPassAuf,159,V5,False,36.446940181346925,7.723874095978128,9.890180704025644,26.19808254355715,34.79095081686433,23.46260881220226,7.723874095978127,9.890180704025644
VorsichtPassAuf,161,V5,False,33.330325950765406,9.473125853115123,10.504020932057418,21.546146501072148,31.99375050975145,18.517655076592604,9.473125853115123,10.504020932057415
VorsichtPassAuf,163,V5,False,34.10735897238474,8.286117835403685,10.713422086967679,22.85464136397269,34.94656639510763,19.524040992401023,8.286117835403685,10.713422086967679
VorsichtPassAuf,165,V5,False,30.992370396230054,8.916124386471566,11.614704910609095,21.40079989953593,33.08735439918733,18.29172528681402,8.916124386471566,11.614704910609095
VorsichtPassAuf,167,V5,False,32.985349474342556,8.85423218801988,11.583372242395926,22.72380079413679,35.1174270718328,19.253641571556276,8.85423218801988,11.583372242395926
VorsichtPassAuf,169,V5,False,33.1145194378345,8.136510547685324,12.391987569053061,19.91181125355728,29.120587962615517,16.963222457603347,8.136510547685324,12.391987569053061
Waschen,131,V5,False,43.27829271276943,14.74070916296216,13.299381603263923,24.201612646098997,37.683235826979306,21.090763706683376,14.74070916296216,13.299381603263923
Waschen,133,V5,False,45.26435810666476,15.705270809841506,13.83912073185912,28.488319899387825,44.30748510688381,24.72838897673748,15.705270809841506,13.83912073185912
Waschen,135,V5,False,47.79469480526617,15.921848701861435,13.928750760826384,25.976799965903357,42.23615256821412,22.44483373239171,15.921848701861435,13.928750760826388
Waschen,137,V5,False,50.22136059123831,17.892258469549823,12.2699572200828,25.88947390108704,41.45157086289967,22.36771957612429,17.892258469549823,12.2699572200828
Waschen,139,V5,False,51.514472508540024,15.559716879987013,11.79628775871191,28.270267323982154,47.00058496124333,24.31645299915735,15.559716879987013,11.79628775871191
Waschen,141,V5,False,50.44501382760129,19.229145246252873,11.852801428853523,25.699855258243414,42.218886174692486,22.15608699406912,19.229145246252873,11.852801428853523
Waschen,143,V5,False,46.38768047776401,21.208465691853775,13.687729646774173,23.633699681026602,38.29004605921414,20.52880552497231,21.208465691853775,13.687729646774173
Waschen,145,V5,False,46.48955850376389,20.375051581656464,14.789899572107979,23.179746242869868,37.232962737091846,20.2749606389036,20.375051581656464,14.789899572107979
Waschen,147,V5,False,46.716873868654865,21.565469200304015,10.886932063568986,22.81450288297637,34.908856509235264,20.32071441335147,21.565469200304015,10.886932063568986
Waschen,149,V5,False,44.70162865564336,20.8182144039025,12.75495899924663,24.189090752877895,37.24881627224509,21.44754832451063,20.8182144039025,12.75495899924663
Waschen,151,V5,False,50.418411659034035,20.744787560989984,13.62193131420502,27.662858528461378,44.1412842848341,24.344861726353408,20.744787560989984,13.62193131420502
Waschen,153,V5,False,49.25056160459435,20.7889627901867,13.863645283961844,30.251297629941238,49.492966618470255,25.949008452181506,20.788962790186712,13.863645283961844
Waschen,155,V5,False,45.82362519641005,20.982131118626416,13.328388447257375,26.60944463320853,43.21968648113263,23.183987096814658,20.982131118626416,13.328388447257375
Waschen,157,V5,False,44.887052324532,20.952341894497124,13.944409380466556,24.471941806635336,39.964743453417995,21.266028379920247,20.952341894497124,13.944409380466556
Waschen,159,V5,False,50.776233595381306,20.156306527329317,12.73332932010908,26.201279433842643,42.37010277477779,22.742619850792487,20.156306527329317,12.733329320109076
Waschen,161,V5,False,47.42964390167671,20.64158154886285,14.112553227899435,22.98491773905552,36.36491364411285,20.122877217959516,20.64158154886285,14.112553227899435
Waschen,163,V5,False,44.629267592305204,20.39200517914802,13.503614016637123,23.83194386306174,38.35594135761661,20.876344581648056,20.39200517914802,13.503614016637123
Waschen,165,V5,False,46.180467588002976,20.322999696549935,13.247880290731699,25.63861939708358,41.075797548196896,22.265373620392758,20.322999696549935,13.247880290731699
Waschen,167,V5,False,46.07103245473462,20.767820093450684,13.24970204448532,27.902432413663703,43.78742295065103,24.253716946886332,20.767820093450684,13.24970204448532
Waschen,169,V5,False,45.852149956892134,20.671631824283168,12.526091019364062,27.21260416632743,42.736332721077,23.56564927652483,20.671631824283168,12.526091019364063
Waschen,171,V5,False,46.31429252399096,20.86184195562348,13.34154691592462,26.594159958497873,42.36005853658925,23.021975954590182,20.86184195562348,13.34154691592462
Waschen,173,V5,False,45.701359483977114,20.58107187549842,13.973898231554163,26.318389662749652,42.12653385829079,22.677228047527148,20.58107187549842,13.973898231554163
Waschen,175,V5,False,47.422182349410676,20.338622829435014,13.74094651456601,27.14250352539923,43.88200348977307,23.422819144857908,20.338622829435014,13.74094651456601
Waschen,177,V5,False,46.70438680643147,20.44887431045501,12.972502484618836,23.418377098687614,37.692500193683664,20.37077352060712,20.44887431045501,12.972502484618836
Waschen,179,V5,False,47.65603922696817,19.960593281738902,13.089542702465462,26.64552406218608,42.69038930566461,23.008140795596624,19.960593281738902,13.089542702465462
Waschen,181,V5,False,46.51294719542585,20.738945171791126,12.546336863488909,26.730270224652983,42.461813083101504,23.01427178134963,20.738945171791126,12.546336863488907
Waschen,183,V5,False,48.32267899418734,20.22771605953134,12.578699746421057,27.100263768322964,43.601969982607365,23.34600377317002,20.22771605953134,12.578699746421057
Waschen,185,V5,False,45.79709632042533,20.681280032066887,12.411496332146127,23.788998976222597,38.16204275192441,20.79067959564287,20.681280032066887,12.411496332146127
Waschen,187,V5,False,45.61301568562028,20.408183408653233,12.602692787203766,25.290957256132184,39.665527046879575,21.921691909499916,20.408183408653233,12.60269278720377
Widerspruch,134,V5,False,42.302579630262684,13.757139722885377,12.366074650037094,18.461654037877047,28.573066937591047,16.2492591216457,13.757139722885373,12.366074650037094
Widerspruch,136,V5,False,48.307879519848875,14.844635428461284,11.386642111979917,23.905845356669985,34.24133591546727,21.030349265163494,14.844635428461284,11.386642111979917
Widerspruch,138,V5,False,47.04788561482312,14.103217298609431,10.276472445451853,25.250356662933875,37.580457201666306,22.38330928707601,14.103217298609431,10.276472445451853
Widerspruch,140,V5,False,47.823477240824495,14.934047750150757,9.086139067553235,28.35247949829816,41.619186293347965,24.646241821846306,14.934047750150757,9.086139067553235
Widerspruch,142,V5,False,55.60771736638414,16.960015565409215,9.062969418521568,39.53953250573848,47.46772600633347,35.5326538224884,16.960015565409215,9.062969418521568
Widerspruch,144,V5,False,40.708067243728706,16.68239835765004,10.975611785140774,26.081795427281765,39.83835344151817,23.089758428572868,16.68239835765004,10.975611785140774
Widerspruch,146,V5,False,43.949938100287945,17.022140465444224,10.670354048250912,28.610396290004505,43.24864632421887,24.939805451681284,17.022140465444224,10.670354048250912
Widerspruch,148,V5,False,40.69947740096056,16.227654543707484,9.545256990173165,28.14182046164887,39.49981315778337,25.094043170755555,16.22765454370748,9.545256990173165
Widerspruch,150,V5,False,40.457047800042034,17.375581002118974,10.254312899446093,29.611436966027615,43.41147725658613,26.11473168798082,17.37558100211897,10.254312899446093
Widerspruch,152,V5,False,40.642488251567215,16.02993108839976,11.067982179444366,29.162421050891403,45.987649657815716,25.355043857034676,16.02993108839976,11.067982179444366
Widerspruch,154,V5,False,42.479612799123565,15.916583102855855,11.302263689332595,29.85990290843701,46.95182857746475,25.975554706596938,15.916583102855855,11.302263689332595
Widerspruch,156,V5,False,45.04338773784502,17.354063766841065,11.402991036165416,36.120816882774065,57.36223485947652,31.04845571001925,17.354063766841065,11.402991036165416
Widerspruch,158,V5,False,39.547843077172594,15.995275642234443,10.165270065975239,29.822028568467363,48.00661986070005,25.838182860782812,15.995275642234446,10.165270065975239
Widerspruch,160,V5,False,40.77770188381631,16.603224683532016,9.59224967718548,31.344319935705084,50.465619406056625,27.118253366124435,16.603224683532016,9.59224967718548
Ziel,126,V5,False,52.61069950989474,13.691768106757907,15.824772436037707,46.72415147641047,80.05132126232463,39.40454813629507,13.691768106757905,15.824772436037707
Ziel,128,V5,False,47.41435533085636,14.31834713115407,15.27291397221226,40.770767382880145,68.93407830797027,34.565254356605514,14.31834713115407,15.272913972212256
Ziel,130,V5,False,48.346532271889416,14.622073680264519,14.310656888778508,42.5543639030015,72.31442542815952,36.23145003770443,14.622073680264519,14.310656888778508
Ziel,132,V5,False,48.67975500863279,13.369427151084366,13.791739672472728,41.498613799371064,69.00895730492155,35.2385972727197,13.369427151084366,13.791739672472728
Ziel,134,V5,False,50.09136291003266,13.559938967785827,13.894518646626086,40.53351816196133,67.15586351706303,34.363801446385345,13.559938967785827,13.894518646626086
Ziel,136,V5,False,48.71820117781347,12.95980893426051,12.650537761765394,37.8868814087828,62.727800221224776,32.223225227707076,12.95980893426051,12.650537761765394
Ziel,138,V5,False,46.519380722575534,12.891032032654255,12.519085807056161,33.895307548964205,55.77519150526444,28.826940177324637,12.891032032654255,12.519085807056161
Ziel,140,V5,False,47.058736003458144,13.269984701155192,12.363962511790096,30.982069302751256,50.328175770736685,26.55722797731741,13.26998470115519,12.363962511790096
Ziel,142,V5,False,40.320829986185245,13.804461989630568,12.188371205319642,27.157582651534796,42.93527221423924,23.482178450929144,13.804461989630564,12.188371205319642
Ziel,144,V5,False,44.017951572316235,13.715610933353442,11.87554432998106,29.5471941432316,47.94653598595456,25.100381472727932,13.715610933353444,11.87554432998106
Ziel,146,V5,False,41.17691358116426,13.174318004531202,12.083763096139274,27.428769993009283,41.633744251848405,23.563873514441777,13.174318004531202,12.083763096139274
Ziel,148,V5,False,40.84770219981546,13.177890628494039,11.628871743886206,26.92181359372002,39.80903122266557,23.257539629394344,13.177890628494039,11.628871743886206
Ziel,150,V5,False,40.14911387512025,13.118031500456873,12.26703063024538,30.5807302755701,41.46077286387481,26.914734569241805,13.118031500456874,12.26703063024538
Ziel,152,V5,False,39.18959393694699,13.136651877368775,12.408980445125055,26.435496694835255,38.29343881253275,22.88310929277891,13.136651877368775,12.408980445125055
Ziel,154,V5,False,40.243696760812185,13.315542401324166,12.968608859895271,27.217200147406675,42.00934285824025,23.671918694485484,13.315542401324164,12.968608859895271
Ziel,156,V5,False,37.770184817921766,13.239466424387398,13.066611185579145,24.831710603159326,36.43620251645874,21.518579803985016,13.239466424387398,13.066611185579141
Ziel,158,V5,False,34.18770448894551,13.827841683879164,13.01385161433575,27.16579285451213,36.86074266119849,24.000436756595256,13.827841683879164,13.013851614335753
Ziel,160,V5,False,37.728333908770004,13.551853058055118,12.92193755593973,24.281152381531417,35.09531453209859,21.172841843419594,13.551853058055118,12.92193755593973
Ziel,162,V5,False,38.743505829903796,13.533019879997012,12.816934863665612,25.79589641748237,35.76307886406435,22.898909640710784,13.533019879997013,12.816934863665615
Ziel,164,V5,False,40.08124821449943,14.05047289175889,12.481213218973405,26.157713092196282,39.805595708949824,22.7413358504462,14.05047289175889,12.481213218973405
Ziel,166,V5,False,40.55315671553261,14.191068973193598,12.223564761637915,25.04055057993365,35.94628144930449,21.82674043446618,14.191068973193598,12.223564761637915
Ziel,168,V5,False,41.262211728323116,13.923139044050995,12.22746763439783,24.67966502811794,34.70335331108055,21.55830809130636,13.923139044050995,12.22746763439783
Ziel,170,V5,False,42.34699799784847,13.932695877047932,12.0902284176352,27.627093006985895,41.015280102781006,23.91037087541669,13.932695877047932,12.0902284176352
Ziel,172,V5,False,42.80622337783794,14.040889093686724,12.021647138865996,26.187076645755585,36.66468524827251,22.798637434430937,14.040889093686724,12.021647138865994
Ziel,174,V5,False,40.27485949634546,13.693785184828174,11.988645262868522,29.978862381372487,44.65090668301293,25.79805520544692,13.693785184828174,11.988645262868523
Ziel,176,V5,False,39.08201868017642,13.840379619935108,11.977173686799908,24.28067819206433,35.3118618889447,21.050710115452542,13.840379619935108,11.977173686799908
Ziel,178,V5,False,38.490826705438856,13.540270210244055,12.10688803200832,24.008877305785205,33.3125355498939,20.85969009418939,13.540270210244055,12.10688803200832
Ziel,180,V5,False,38.74700859595518,13.685026353426498,11.851584906828236,26.298432359701977,36.92227448858666,22.760354904362433,13.685026353426498,11.851584906828236
Ziel,182,V5,False,39.82272407913717,13.728351558644599,12.150004229180077,24.25580766909312,34.19760947046942,21.021233132344985,13.728351558644603,12.150004229180077
Ziel,184,V5,False,39.378402818352775,13.760817195104154,12.05526296518407,23.918225012203877,34.214766265769214,20.76471539140582,13.760817195104154,12.05526296518407
reparieren,119,V5,False,43.38228998518967,14.147613906474447,9.481999562815483,21.17414509131974,29.166248143071996,19.03656460126838,14.147613906474447,9.481999562815485
reparieren,121,V5,False,40.85144045751097,14.444934971972963,9.72396669529177,21.447086556719288,31.722493911739953,19.282862881950777,14.444934971972963,9.723966695291772
reparieren,123,V5,False,41.95006440548215,14.130601279155078,9.112533769548739,20.46656496165046,28.94086567477123,18.71068604916939,14.13060127915508,9.112533769548739
reparieren,125,V5,False,40.2170422793998,12.962110719994755,9.622971443781452,23.728235899887256,34.68705844216031,21.09933010178345,12.962110719994758,9.622971443781452
reparieren,127,V5,False,40.49046897932855,13.431180707932805,10.349730989318596,27.7218118725921,42.62140816365979,24.132853654328322,13.431180707932805,10.349730989318596
reparieren,129,V5,False,37.94722328689883,12.984530974951586,9.604704657889725,27.06214515941207,41.03954368685674,23.731914384269363,12.98453097495159,9.604704657889725
reparieren,131,V5,False,43.932960361644604,13.541535422591464,10.36811247631691,26.273117705684626,41.32515321644842,23.453829797127526,13.541535422591465,10.368112476316911
reparieren,133,V5,False,43.88623662206083,13.886536059365028,10.383032058432594,25.737266376554306,40.52583728221612,22.436734597763092,13.886536059365028,10.383032058432594
reparieren,135,V5,False,49.72941370027675,14.209274965670856,9.927264123220409,26.036681624556937,40.78189336027554,22.693932931583927,14.209274965670858,9.927264123220409
reparieren,137,V5,False,50.36233578343273,15.122749658484215,10.0391947619382,22.64543325741615,35.36075782940899,20.03736807941458,15.122749658484214,10.0391947619382
reparieren,139,V5,False,46.424193284492524,14.354215701427886,8.752288273329327,23.893477279208653,35.085882131066896,21.070367839530117,14.35421570142789,8.752288273329329
reparieren,141,V5,False,43.417516245767246,14.146051152293758,8.888640961163295,24.03278345323462,36.48114564580287,21.16488049418051,14.146051152293762,8.888640961163295
reparieren,143,V5,False,41.59831376916147,14.553564272698075,10.99511649078312,26.589274916162367,40.44295919712862,23.4485442964545,14.553564272698075,10.99511649078312
reparieren,145,V5,False,41.64835883207419,13.635453366950518,10.166966603873746,25.401365469151024,38.092997434352284,22.53339105702789,13.635453366950516,10.166966603873746
reparieren,147,V5,False,41.35277079791959,13.69273121105291,9.8512707419672,25.15359994619432,37.4607493581017,22.346437510717706,13.692731211052914,9.8512707419672
reparieren,149,V5,False,42.19009148657857,14.441696279224534,10.59724715586049,25.446106238139265,39.2036189400899,22.46978579104203,14.441696279224535,10.59724715586049
reparieren,151,V5,False,44.31030844066593,14.175710666030099,10.42174688517002,25.565023237704068,37.34426930557362,22.699816805259676,14.175710666030099,10.42174688517002
reparieren,153,V5,False,45.2437616309029,13.936291739609546,10.079398335021484,22.748142257810965,33.38368841775825,20.32044778564682,13.936291739609544,10.079398335021486
reparieren,155,V5,False,44.506435158589625,14.083980302630055,10.087708038983775,22.799804697925833,34.73555730289066,20.22797158543252,14.083980302630057,10.087708038983777
reparieren,157,V5,False,41.524066522165576,16.84935175180029,9.921084595811063,21.55447326409053,31.17766792393332,19.35828891903077,16.84935175180029,9.92108459581106
reparieren,159,V5,False,43.07388584361202,14.533200759096651,9.754235825334307,24.460506631871926,36.48888772233962,21.61458283452372,14.533200759096651,9.754235825334307
reparieren,161,V5,False,44.912171398742736,14.098423250769624,11.544656331203637,25.07804635053966,37.07246170290301,22.18381415864873,14.098423250769624,11.544656331203637
