clip_id,frame_id,method,one_handed_class_0,tr_all_mm,tr_left_hand_mm,tr_right_hand_mm,tr_upper_body_minus_face_mm,tr_upper_body_minus_head_mm,tr_upper_body_mm,v2v_left_wrist_mm,v2v_right_wrist_mm
Ablehnen,177,SIGNAL4D_v5,False,42.430614611606956,9.54329678181638,8.007752175748315,30.12709771724467,50.27689247586346,25.342341909044666,9.54329678181638,8.007752175748314
Ablehnen,179,SIGNAL4D_v5,False,39.63471180911428,11.873289758018833,8.053090323926348,32.57520882128111,51.473378119243115,27.619982727609067,11.873289758018835,8.053090323926348
Ablehnen,181,SIGNAL4D_v5,False,43.86169537085748,10.497964889320594,8.429584964760389,36.02323701927187,60.57207894314349,30.143130310563894,10.497964889320594,8.429584964760389
Ablehnen,183,SIGNAL4D_v5,False,41.92305704546594,12.014388428213325,8.076343710938952,33.22185682661383,52.68297026350148,28.11930581620961,12.014388428213325,8.076343710938952
Ablehnen,185,SIGNAL4D_v5,False,44.008215596137845,10.527973677155861,8.390211023842557,36.332863476209305,59.837190367265684,30.53237527738555,10.52797367715586,8.390211023842555
Ablehnen,187,SIGNAL4D_v5,False,41.83522887912892,11.220130864007496,8.806956314736798,37.63111160652726,59.38673567257826,31.880485248601804,11.220130864007494,8.806956314736798
Ablehnen,189,SIGNAL4D_v5,False,43.253502085927465,10.436967199539879,8.624326692653055,35.89239476050962,59.41251375106756,30.137737312249406,10.436967199539877,8.624326692653057
Ablehnen,191,SIGNAL4D_v5,False,43.86169107687967,9.833188906847678,11.607344963986062,39.230767404682574,63.54905961084351,33.17003600597249,9.833188906847676,11.607344963986062
Ablehnen,193,SIGNAL4D_v5,False,46.99447266951358,9.599055746505577,11.934579738088317,39.82003734032588,63.560541661407555,33.90253172539636,9.599055746505579,11.934579738088315
Ablehnen,195,SIGNAL4D_v5,False,42.734582539247924,10.954621445561804,12.361579398763777,35.55656735363599,56.91425347373488,30.15324884288734,10.954621445561802,12.361579398763771
Ablehnen,197,SIGNAL4D_v5,False,48.647104405575185,11.153461304431346,13.43307159621909,39.69827525076872,64.96199157355026,33.54454805270812,11.153461304431348,13.43307159621909
Ablehnen,199,SIGNAL4D_v5,False,42.385819043267894,11.324261759892506,12.511987453639,37.55533482440575,59.96583744181871,31.75091666794772,11.324261759892508,12.511987453639
Ablehnen,201,SIGNAL4D_v5,False,42.18465349437583,11.759286718686429,12.28694219494685,35.79269753609244,54.22799557189616,30.56637376751126,11.759286718686429,12.286942194946851
Ablehnen,203,SIGNAL4D_v5,False,39.59109266643222,13.25538785715656,12.577203940081791,34.99433289819395,49.2491908370998,30.371934205393096,13.25538785715656,12.577203940081791
Ablehnen,205,SIGNAL4D_v5,False,40.19362958161435,15.28258278230487,16.563326193601096,38.46259598920478,50.56717241066401,33.76401457193575,15.282582782304875,16.563326193601092
Ablehnen,207,SIGNAL4D_v5,False,48.30075185022,18.064018904942795,24.344733646551276,48.86246058962571,60.91128676361498,43.402718672451385,18.06401890494279,24.344733646551273
Akzeptieren,186,SIGNAL4D_v5,False,37.976334101187604,7.02509708804771,6.7066620838995545,20.746031355814647,30.512276836635756,17.828107996635502,7.02509708804771,6.706662083899553
Akzeptieren,188,SIGNAL4D_v5,False,37.07098164949964,7.233618860763566,7.424916270598912,24.23988316469017,35.303710349129126,21.215022758719133,7.233618860763567,7.424916270598911
Akzeptieren,190,SIGNAL4D_v5,False,41.82585932635307,8.456943081018633,7.140847407788591,25.994347988354583,40.007702127737105,22.332150038828,8.45694308101863,7.140847407788589
Akzeptieren,192,SIGNAL4D_v5,False,40.72063614949386,7.611988498379693,6.3194518512927225,30.725457055389207,43.672335672668645,26.796857324186988,7.611988498379693,6.319451851292724
Akzeptieren,194,SIGNAL4D_v5,False,39.01753267937596,7.103566613883199,8.462562230702959,30.947272159319816,43.93409158161243,26.982523134488964,7.103566613883199,8.46256223070296
Akzeptieren,196,SIGNAL4D_v5,False,38.3670175781424,7.746103958577379,10.122341717505604,32.834408478764125,46.863892815629704,28.456294891847836,7.74610395857738,10.122341717505604
Akzeptieren,198,SIGNAL4D_v5,False,50.305840680857834,11.066058393249861,12.359855634768339,49.46528776930648,56.38092968841641,44.52944561339027,11.066058393249868,12.359855634768339
Akzeptieren,200,SIGNAL4D_v5,False,57.2911332105627,12.441343423759845,13.167134975761604,58.67744397091482,63.162129711336206,53.03586281394946,12.441343423759845,13.167134975761607
Arzt,208,SIGNAL4D_v5,False,50.41376687607065,11.242156348973468,6.924895376987893,23.83101984992924,33.165021820165435,20.99140250274722,11.242156348973467,6.924895376987892
Arzt,210,SIGNAL4D_v5,False,47.16146064570633,13.36681426726506,7.97308592226713,22.443073386963626,31.99713567656993,19.845630231815367,13.366814267265061,7.97308592226713
Arzt,212,SIGNAL4D_v5,False,50.7703386913009,10.611983625135174,7.949806836094411,27.023331942211726,34.905694090644175,24.049466464786324,10.61198362513517,7.949806836094409
Arzt,214,SIGNAL4D_v5,False,43.31931664993577,13.185534488189582,7.629961386174855,21.95116952351333,32.25006468469174,19.234879419769754,13.18553448818958,7.629961386174855
Arzt,216,SIGNAL4D_v5,False,45.60172547200978,10.368804181022883,6.798192346234159,25.46778902307268,36.71353462385159,22.41076019242661,10.368804181022888,6.798192346234157
Arzt,218,SIGNAL4D_v5,False,43.15611128120963,12.297168796654885,7.043741567789065,23.795150667217637,33.71986176400077,21.142681659052563,12.297168796654885,7.043741567789067
Arzt,220,SIGNAL4D_v5,False,46.27614233265757,12.752229582478078,7.00293696034515,23.956579414347814,34.24476786722238,21.375791256505167,12.75222958247808,7.0029369603451475
Arzt,222,SIGNAL4D_v5,False,45.09450930556016,12.506887040019127,7.37626826694157,23.586050079419692,33.92941187698729,20.954193803417763,12.506887040019127,7.37626826694157
Arzt,224,SIGNAL4D_v5,False,48.46200459412611,9.922545692270113,6.7384005222297745,26.225942074193263,36.82864873433059,23.253059879847466,9.922545692270115,6.7384005222297745
Arzt,226,SIGNAL4D_v5,False,43.83379002380798,10.851887480683308,7.668315989744331,24.19483491350994,33.87461521087043,21.393933691783882,10.851887480683306,7.668315989744329
Arzt,228,SIGNAL4D_v5,False,41.79144125387671,13.449844742788173,6.744914170921552,21.341654497075535,32.72279908149668,18.651022272013584,13.449844742788178,6.744914170921554
Arzt,230,SIGNAL4D_v5,False,40.62857862118948,12.618249178680601,5.95902104317456,22.099184400568774,33.73771746402905,19.49349551534909,12.618249178680601,5.959021043174559
Arzt,232,SIGNAL4D_v5,False,38.08145327390647,12.868310933806203,6.919133132713557,25.211181986726334,36.60458808753916,22.250021685558764,12.868310933806203,6.919133132713557
Arzt,234,SIGNAL4D_v5,False,39.18999784656491,11.698666796822605,8.58473706260765,24.506767250957548,37.15310397964681,21.98958982925369,11.698666796822605,8.584737062607646
Arzt,236,SIGNAL4D_v5,False,40.72346679648056,13.027552967774007,10.633044988302668,26.56532718613171,36.897762103481504,23.863614084606034,13.027552967774003,10.63304498830267
Arzt,238,SIGNAL4D_v5,False,37.89144621119153,16.814828731955433,12.134894406936665,32.84454384799604,41.246376363064755,29.346490081389344,16.814828731955433,12.134894406936661
Arzt,240,SIGNAL4D_v5,False,41.29624814248371,25.785360170132503,12.641795653815839,39.39747021335235,55.54463490198492,34.37082202151012,25.785360170132503,12.641795653815837
Arzt,242,SIGNAL4D_v5,False,43.38226405251334,28.821376160849823,13.425220949594122,44.34549427300034,61.139209687904334,38.81051762812649,28.821376160849823,13.425220949594122
Arzt,244,SIGNAL4D_v5,False,43.687592071706874,21.718195369885855,13.649050821786116,44.465858002766936,57.08645195509448,39.60727584481599,21.718195369885855,13.64905082178612
Arzt,246,SIGNAL4D_v5,False,49.97157642554651,14.014768123589779,25.08168774549752,47.33713554365544,36.91452248820561,44.84612124062398,14.014768123589777,25.081687745497522
Arzt,248,SIGNAL4D_v5,False,47.13509430510613,14.322109910093285,10.797774127139974,44.645735107354376,37.88993342583185,42.23612500842136,14.322109910093287,10.797774127139974
AufgebenResignieren,190,SIGNAL4D_v5,False,41.36408183931411,8.742494500470297,10.787513471915771,25.616778961981957,36.49561277483827,22.17746593249103,8.7424945004703,10.787513471915771
AufgebenResignieren,192,SIGNAL4D_v5,False,43.6021182046016,7.141321307589912,9.223670438415454,29.87947722225835,41.990604778496476,25.948294119729887,7.141321307589912,9.223670438415454
AufgebenResignieren,194,SIGNAL4D_v5,False,42.401994682746505,7.556302088606966,8.327043135188804,29.070697817477964,41.31702110026373,25.193180797239354,7.556302088606964,8.327043135188804
AufgebenResignieren,196,SIGNAL4D_v5,False,41.79400346323061,6.930749789846311,8.17501079722583,26.90605388832751,39.92497851368902,23.0741695212144,6.93074978984631,8.175010797225829
AufgebenResignieren,198,SIGNAL4D_v5,False,42.344036610336715,8.186830532190566,7.281041043822251,26.13898435735421,37.915584909899195,22.509969387209733,8.186830532190566,7.28104104382225
AufgebenResignieren,200,SIGNAL4D_v5,False,40.989211892052,8.774453475916356,7.038481278822632,30.92377048528443,40.36894830769934,27.04973908064326,8.774453475916358,7.038481278822629
AufgebenResignieren,202,SIGNAL4D_v5,False,39.30470239584643,9.783697327302216,7.412203893780723,32.46142657739616,39.92169828655954,28.797238541029927,9.783697327302217,7.4122038937807195
AufgebenResignieren,204,SIGNAL4D_v5,False,40.233532753679434,7.363123247406838,6.314675062691587,29.22004546505812,43.76389747720446,25.09788762816234,7.363123247406838,6.314675062691587
AufgebenResignieren,206,SIGNAL4D_v5,False,41.27821269466401,8.519670363668261,6.789454347501428,27.353421207869037,45.41029058998928,23.033022217192453,8.519670363668261,6.7894543475014295
AufgebenResignieren,208,SIGNAL4D_v5,False,39.8796676709684,9.65871168655778,7.351706472253652,30.989559804866452,48.50756309799602,26.316889562536847,9.65871168655778,7.351706472253653
AufgebenResignieren,210,SIGNAL4D_v5,False,44.05598494348375,9.937660348459598,8.913030399028115,41.94564869522933,59.96523583648649,36.34791135750659,9.937660348459596,8.913030399028115
AufgebenResignieren,212,SIGNAL4D_v5,False,54.7392942292336,14.316649402847814,13.331757037516196,56.070220908373834,59.43531873905196,50.74978312665721,14.316649402847816,13.331757037516196
AusgebenGeldVerschwenden,158,SIGNAL4D_v5,False,42.684227992182414,8.169251598743742,11.826292267388805,28.85206882708659,46.02779542307397,24.595739405186034,8.169251598743744,11.826292267388805
AusgebenGeldVerschwenden,160,SIGNAL4D_v5,False,39.59582280368091,8.932272922474661,12.321995362962278,25.770273912693217,40.396792684566364,22.001584472715088,8.93227292247466,12.321995362962276
AusgebenGeldVerschwenden,162,SIGNAL4D_v5,False,36.76178025143315,8.835526232764467,12.36077778925443,24.15262246317827,36.47378620255884,20.859063880823125,8.835526232764467,12.360777789254435
AusgebenGeldVerschwenden,164,SIGNAL4D_v5,False,40.42750432008644,8.361966549862542,13.091291239116334,27.857834464087137,44.45877962720014,23.633671832623108,8.361966549862542,13.091291239116334
AusgebenGeldVerschwenden,166,SIGNAL4D_v5,False,37.17984629546758,9.023858620480857,13.42270197561506,28.91318298595179,42.95856302154084,24.736682589326264,9.023858620480857,13.42270197561506
AusgebenGeldVerschwenden,168,SIGNAL4D_v5,False,40.49916291679197,8.74788725865254,14.113808083530406,27.495634018592863,41.07659088748405,23.886412654885667,8.74788725865254,14.113808083530406
AusgebenGeldVerschwenden,170,SIGNAL4D_v5,False,41.09560117823236,9.40538255648059,14.446622257790786,28.59117942292305,42.01866172940883,24.75506007930205,9.405382556480587,14.446622257790786
Auto,174,SIGNAL4D_v5,False,38.869470769199935,12.187858824778218,13.865242500641598,23.160964828825396,34.48861933964061,20.76193422451497,12.187858824778218,13.865242500641598
Auto,176,SIGNAL4D_v5,False,39.7510305913029,12.067295304101062,13.689567639422531,24.036155997882812,35.278534202490206,21.61525137764554,12.067295304101062,13.689567639422531
Auto,178,SIGNAL4D_v5,False,37.73930800648408,11.39502861176554,12.506001493386131,26.341786880435656,37.37178926606684,23.33311382123259,11.39502861176554,12.506001493386131
Auto,180,SIGNAL4D_v5,False,34.99703250337826,12.116690166887288,13.531862915853937,23.26350144120365,34.88323242029542,20.32714799124672,12.116690166887292,13.531862915853937
Auto,182,SIGNAL4D_v5,False,34.49501284833626,11.707633415313824,13.75962227779769,22.745851590274984,33.00849405115156,20.15076724772934,11.707633415313824,13.75962227779769
Auto,184,SIGNAL4D_v5,False,38.58476235331374,11.17023620415263,14.195973153082052,23.02073263353007,33.68529084567948,20.453224327299615,11.17023620415263,14.195973153082056
Auto,186,SIGNAL4D_v5,False,39.05031428527306,11.993148835460723,14.083145032450044,22.14253761528492,32.751957187678116,19.866147418702077,11.99314883546072,14.083145032450044
Auto,188,SIGNAL4D_v5,False,36.03628859673828,11.396113059870427,13.653482060083604,22.247072307275392,32.28882456177949,19.484422799697985,11.396113059870425,13.653482060083604
Auto,190,SIGNAL4D_v5,False,35.638231293409554,10.737613390384409,11.907128764419268,22.55167047002979,30.02654558368828,19.972525189572668,10.737613390384409,11.907128764419268
Auto,192,SIGNAL4D_v5,False,35.89750153831918,10.15527875769971,8.285203294496261,21.379803621773515,30.01106835047258,19.0888653215072,10.155278757699708,8.285203294496258
Auto,194,SIGNAL4D_v5,False,33.93108413325321,9.279361101906968,6.337706682720305,21.374680067673598,27.03880695166407,18.999558900957737,9.279361101906968,6.337706682720306
Auto,196,SIGNAL4D_v5,False,33.0889821525344,8.734678089116635,7.254337974717986,22.921750627194914,29.03292076951093,20.49556053212077,8.734678089116636,7.254337974717986
Auto,198,SIGNAL4D_v5,False,44.202371096589744,7.6863550544688595,7.469269973160344,41.423679613204094,44.55430587505325,37.82345156781182,7.68635505446886,7.469269973160342
Auto,200,SIGNAL4D_v5,False,52.13109163678154,9.32076609430358,9.575939851260502,49.98500331508978,54.27546549179738,45.372116745364785,9.320766094303583,9.575939851260502
Auto,202,SIGNAL4D_v5,False,54.38495502688108,16.09051271378373,12.65953202994825,52.97893426760501,56.59076733875288,47.85705810338902,16.09051271378373,12.65953202994825
BesuchenEinmischen,210,SIGNAL4D_v5,False,32.24946046125239,17.954615334999495,15.518949472575922,23.17633892477005,32.17241120445563,20.790890167013398,17.9546153349995,15.51894947257592
BesuchenEinmischen,212,SIGNAL4D_v5,False,31.331459593761164,12.987968134089662,15.54835306004227,23.000260142727967,33.00478478279904,20.646131025167737,12.987968134089662,15.54835306004227
BesuchenEinmischen,214,SIGNAL4D_v5,False,32.48220987133869,12.798728903078121,14.893807449120194,22.39514627695331,33.628215354253356,20.29893244319259,12.798728903078121,14.893807449120192
BesuchenEinmischen,216,SIGNAL4D_v5,False,33.16335517882306,16.191728475809914,14.210046892943756,21.838897441447976,31.948462478163375,19.890730064747487,16.191728475809914,14.210046892943756
BesuchenEinmischen,218,SIGNAL4D_v5,False,33.1223464108333,18.34462530831936,13.167569543790798,24.998637432874844,34.61034704775318,22.350189876402222,18.344625308319355,13.167569543790796
BesuchenEinmischen,220,SIGNAL4D_v5,False,32.78517472287158,11.493598869697475,12.051468219740638,22.504791971291123,34.25830954887442,20.16911426557129,11.493598869697475,12.051468219740634
BesuchenEinmischen,222,SIGNAL4D_v5,False,34.184379658800644,16.846921198002907,12.236925271783846,25.323145193666853,34.54456821036099,22.590777418410475,16.846921198002907,12.23692527178385
BesuchenEinmischen,224,SIGNAL4D_v5,False,32.41995763507709,13.048684711387846,12.45982232088578,20.920222211145855,31.762519264061616,18.70737942723144,13.048684711387843,12.45982232088578
BesuchenEinmischen,226,SIGNAL4D_v5,False,34.09883801446398,18.503744067704407,12.034352562678855,24.03658718711195,34.03210510749165,21.44777719299576,18.503744067704407,12.034352562678855
BesuchenEinmischen,228,SIGNAL4D_v5,False,32.938413848414676,18.22927514235668,10.4218739719799,21.883524269706605,31.304540807603697,19.46776206751255,18.22927514235668,10.4218739719799
BesuchenEinmischen,230,SIGNAL4D_v5,False,34.733486269934055,22.100679763811915,10.723138550074367,25.428192240881295,33.63332397567086,22.699375582813964,22.100679763811915,10.723138550074367
BesuchenEinmischen,232,SIGNAL4D_v5,False,33.75795263543182,17.800843673157413,10.002997951861804,22.19056364817928,32.32188106264687,19.65935832616095,17.800843673157413,10.002997951861804
BesuchenEinmischen,234,SIGNAL4D_v5,False,32.88589009594994,20.30504279915111,9.914857752081197,25.71492447032411,34.633662671270024,23.08633686294843,20.305042799151114,9.914857752081197
BesuchenEinmischen,236,SIGNAL4D_v5,False,33.69815678876714,15.693255159813843,9.009770480950987,22.6396335388589,31.99259499959201,20.351097052967177,15.693255159813846,9.009770480950987
BesuchenEinmischen,238,SIGNAL4D_v5,False,43.136164443721604,30.162599206808952,11.352528031507692,41.62544459319924,46.94516549812163,37.554971380698305,30.162599206808952,11.352528031507687
BesuchenEinmischen,240,SIGNAL4D_v5,False,41.91855284501364,31.52232886004591,11.8019753172347,39.77431913762032,47.22586733254362,35.81289026163802,31.52232886004591,11.8019753172347
BesuchenEinmischen,242,SIGNAL4D_v5,False,44.61756013838981,33.72174807803029,12.516226152530548,43.79729505574086,44.4995413579662,40.606114985508995,33.721748078030295,12.516226152530546
Blitz,179,SIGNAL4D_v5,True,42.038629252773724,,15.512629653139019,37.05335045706818,53.39353746355835,31.737714935915704,,15.512629653139015
Blitz,181,SIGNAL4D_v5,True,42.935296979450854,,15.581547242160244,40.9463442720756,57.40524301730969,35.30551607134118,,15.581547242160244
Blitz,183,SIGNAL4D_v5,True,44.817222640092,,15.819768225634576,40.59216500076841,57.726089921635555,35.25665996467959,,15.819768225634576
Blitz,185,SIGNAL4D_v5,True,43.89318996868673,,16.152582464628924,42.94873086488643,59.302480094823004,37.21813920231605,,16.152582464628924
Blume,163,SIGNAL4D_v5,False,42.34623489497105,18.61811419436666,11.909112537754044,28.799510416704003,35.61388720467464,26.444478380873292,18.61811419436666,11.909112537754044
Blume,165,SIGNAL4D_v5,False,39.533370682053636,17.105525004607617,10.914933226833085,28.157723389121895,37.242940788653264,25.31941344613429,17.105525004607617,10.914933226833089
Blume,167,SIGNAL4D_v5,False,40.572939679325955,16.26645483443701,10.866167937736957,29.614720376475454,40.40058301053421,26.649084289125422,16.26645483443701,10.866167937736954
Blume,169,SIGNAL4D_v5,False,39.039239727786615,19.120442630780165,11.728255270401624,29.272194382805264,37.3006780785759,26.40918711890151,19.120442630780165,11.728255270401624
Blume,171,SIGNAL4D_v5,False,43.67778182287899,18.006628911030198,10.785473028324855,27.4142368183736,36.96972569467753,24.82925269584432,18.006628911030194,10.785473028324855
Blume,173,SIGNAL4D_v5,False,41.82376220470901,16.43622798578809,10.023600296634974,30.136210230704343,36.44808874715618,27.411515294281237,16.43622798578809,10.023600296634973
Blume,175,SIGNAL4D_v5,False,41.128238670576096,15.329245562047992,10.718807109669996,28.494907208339626,40.16280921657469,25.73519220713394,15.329245562047996,10.718807109669998
Blume,177,SIGNAL4D_v5,False,43.03553365032528,20.864360655387557,11.354731136825686,28.775278536426715,37.40803196034899,26.02209294914703,20.864360655387557,11.354731136825688
Blume,179,SIGNAL4D_v5,False,42.65682406636632,15.029116236307383,12.525741284819366,28.018929530790764,41.002000962263565,25.317354377682694,15.029116236307383,12.525741284819368
Blume,181,SIGNAL4D_v5,False,43.55197313394119,21.316043551681886,13.597787152323825,28.046739055014307,40.049887449734776,25.526912759073028,21.316043551681883,13.597787152323825
Blume,183,SIGNAL4D_v5,False,40.044185465108654,16.569300361280483,12.780030165166298,27.740365664288163,40.55024871030919,24.86916877689305,16.569300361280483,12.780030165166297
Blume,185,SIGNAL4D_v5,False,42.70893977913017,16.967633673134884,11.523629050261917,26.458590628592436,37.63740487455299,24.084830584045502,16.967633673134884,11.52362905026192
Blume,187,SIGNAL4D_v5,False,39.78443584044231,19.130341443939766,11.936261893782358,25.116810695824537,37.18428846800139,22.206807419015146,19.130341443939777,11.93626189378236
Blume,189,SIGNAL4D_v5,False,43.028677656608195,18.879054815694825,11.770988735075552,25.953998403696268,38.0013116410338,23.158795220811463,18.87905481569483,11.770988735075552
Blume,191,SIGNAL4D_v5,False,41.33836007562799,19.50552487243782,11.964584718954049,26.69528868785004,40.27687833448444,23.319062276957812,19.505524872437825,11.964584718954045
Blume,193,SIGNAL4D_v5,False,41.02725399056577,17.362057902560323,12.934059368862881,32.01209927935657,48.50694914725839,27.960125541150745,17.362057902560323,12.934059368862886
Blume,195,SIGNAL4D_v5,False,40.70381662602371,19.37122756451444,13.799624748757564,34.29581544684398,49.70906794915797,29.887454974371874,19.37122756451444,13.799624748757564
Blume,197,SIGNAL4D_v5,False,47.344494335917496,16.177980502271982,12.495803037322247,42.838580739967185,67.68472026791227,36.76118098673219,16.17798050227198,12.495803037322247
Boese,165,SIGNAL4D_v5,True,46.496365402768966,,17.537503329755967,36.51197100535497,51.85996035756036,32.026090274154704,,17.537503329755967
Boese,167,SIGNAL4D_v5,True,43.39619867901673,,17.559351538175193,35.332166318012334,52.71585158131082,30.700879330154706,,17.559351538175193
Boese,169,SIGNAL4D_v5,True,46.272707781436715,,17.97275386546378,37.04472066693979,54.96502330387264,32.358235934766135,,17.972753865463783
Boese,171,SIGNAL4D_v5,True,48.25598871809753,,17.636580337667,38.18546545734586,54.807110915757896,33.39753557075658,,17.636580337667002
Boese,173,SIGNAL4D_v5,True,46.51431825664989,,15.852841463365356,35.17042118603918,53.514856920088675,30.476132444628057,,15.852841463365353
Boese,175,SIGNAL4D_v5,True,40.800676682648565,,14.057804954411578,31.826437474302146,48.58861155794147,27.51267037066861,,14.05780495441158
Boese,177,SIGNAL4D_v5,True,40.317854189874424,,17.595322199326212,31.621192682969667,47.97681439943774,27.215873039016177,,17.59532219932621
Boese,179,SIGNAL4D_v5,True,44.52438084208132,,22.233616253685327,32.10365512338538,47.69775039789431,28.21647658518782,,22.233616253685327
Boese,181,SIGNAL4D_v5,True,38.573324977057716,,24.986828006046938,28.59975581996426,44.65357936823247,24.81392715396823,,24.986828006046938
Boese,183,SIGNAL4D_v5,True,34.89820752099751,,28.365360913572776,27.96414828020888,42.2960987390463,24.354970903513554,,28.365360913572776
Boese,185,SIGNAL4D_v5,True,46.173853182132305,,27.608850051160566,41.94262254813599,63.28805078795666,36.29999241597953,,27.608850051160566
BroetchenAufschneiden,247,SIGNAL4D_v5,False,48.90836345847537,13.782308225563105,17.398575565015598,32.13045328624819,49.51567008086635,27.640970306643847,13.782308225563105,17.398575565015598
BroetchenAufschneiden,249,SIGNAL4D_v5,False,52.52398964676203,11.26715129895862,17.492026802314207,33.478835862647706,46.73292693912846,29.26165183615644,11.267151298958614,17.492026802314207
BroetchenAufschneiden,251,SIGNAL4D_v5,False,55.7430195656141,16.531681303382182,17.798388828841954,37.72456793285129,53.381084589057544,32.890650023739624,16.531681303382182,17.79838882884195
BroetchenAufschneiden,253,SIGNAL4D_v5,False,48.7356967660833,11.351031121926988,16.566923752867194,28.351300817926937,37.186536790160744,25.253138704146657,11.351031121926992,16.566923752867194
BroetchenAufschneiden,255,SIGNAL4D_v5,False,50.5491970656445,11.18702324205982,16.105127143950423,29.94503634993779,40.02706708274571,26.650242102795826,11.18702324205982,16.105127143950426
BroetchenAufschneiden,257,SIGNAL4D_v5,False,46.21426644484402,15.734177389547705,14.915165316248766,28.06302949231454,40.673334922290465,24.574149931869403,15.734177389547709,14.915165316248766
BroetchenAufschneiden,259,SIGNAL4D_v5,False,45.30296408383758,13.149788304277156,15.142861774708933,27.663182000031227,37.35450548337666,24.592654461986754,13.149788304277156,15.142861774708933
BroetchenAufschneiden,261,SIGNAL4D_v5,False,54.38086513620907,13.1986454040995,15.13911725439639,33.872877674592566,45.3156613141446,30.11068143524745,13.1986454040995,15.139117254396394
BroetchenAufschneiden,263,SIGNAL4D_v5,False,49.351650858237605,10.998416363439846,13.042281132231667,29.652396140971533,38.356948198262856,26.64199906758491,10.998416363439846,13.042281132231667
BroetchenAufschneiden,265,SIGNAL4D_v5,False,43.86376509783034,10.987021920783766,12.461691509595777,25.780416012509594,37.314401298138314,22.87383469010832,10.987021920783766,12.461691509595777
BroetchenAufschneiden,267,SIGNAL4D_v5,False,37.261393911938455,11.451516738639823,12.646989861754346,22.94152616046399,35.9233404621817,20.312601617906775,11.451516738639825,12.646989861754347
BroetchenAufschneiden,269,SIGNAL4D_v5,False,46.387895536116105,10.438440842361741,11.537735110727091,27.83502121056684,31.88566920408535,25.223014379646855,10.438440842361741,11.537735110727091
BroetchenAufschneiden,271,SIGNAL4D_v5,False,34.3206103841408,8.160821830221376,9.824379619459538,22.03871951499078,30.52914129753929,19.662316788509788,8.160821830221375,9.824379619459538
BroetchenAufschneiden,273,SIGNAL4D_v5,False,30.19900034573853,10.167674984018912,9.297261509113692,19.778094065198346,28.86482217103333,17.62340639021773,10.167674984018912,9.29726150911369
BroetchenAufschneiden,275,SIGNAL4D_v5,False,32.62332514903517,7.215747749873919,9.758645005171235,20.12875163500991,29.525441176697026,18.061126663741252,7.215747749873918,9.758645005171234
BroetchenAufschneiden,277,SIGNAL4D_v5,False,31.991950353281396,9.439625540674433,9.44989518084818,24.061103018186067,30.765985806446583,21.700987976142958,9.439625540674434,9.449895180848188
BroetchenAufschneiden,279,SIGNAL4D_v5,False,37.02994835983114,10.986872784107584,13.534419937756565,31.673348266431866,40.22567036018067,28.375639757343222,10.986872784107584,13.534419937756567
BroetchenAufschneiden,281,SIGNAL4D_v5,False,38.43011677870724,10.928208499363764,11.756234389053546,35.93549680648542,48.203949253279134,31.73551609794411,10.928208499363762,11.756234389053546
BroetchenAufschneiden,283,SIGNAL4D_v5,False,41.33223205048095,9.128818954540808,19.161406927657364,39.9719814960833,56.00016249717366,34.86864297331483,9.12881895454081,19.161406927657357
BroetchenAufschneiden,285,SIGNAL4D_v5,False,42.93308878606555,10.70955786171047,24.2552367809651,42.53263907886463,57.71791403312653,37.581042959739385,10.709557861710467,24.255236780965095
BroetchenAufschneiden,287,SIGNAL4D_v5,False,41.36643883468685,15.77029999384457,14.756091892433847,39.468102046409726,52.01987526881411,35.28490709600247,15.77029999384457,14.756091892433847
BroetchenAufschneiden,289,SIGNAL4D_v5,False,46.201476536341545,11.374286624472223,35.239767580046426,44.39762671041902,58.201906086851714,39.32773148939721,11.374286624472221,35.23976758004642
Dort,197,SIGNAL4D_v5,True,36.32173531156653,,13.209838138134,24.217633452319895,40.55595804205815,20.655002558903064,,13.209838138134
Dort,199,SIGNAL4D_v5,True,38.4367282435033,,13.508204517528315,26.06908287541936,43.64403931265943,22.326287440217648,,13.508204517528316
Dort,201,SIGNAL4D_v5,True,39.277995529701336,,12.58452106947709,26.50398222071695,44.56941412073314,22.94537373984184,,12.584521069477088
Dort,203,SIGNAL4D_v5,True,41.36251079638613,,12.989046204109027,28.860201283738352,47.94787247152777,25.208544919352818,,12.989046204109027
Dort,205,SIGNAL4D_v5,True,42.84074957621815,,11.835663918195415,29.362548981244032,48.8021611163071,25.647474914019213,,11.835663918195413
Dort,207,SIGNAL4D_v5,True,41.815491495618026,,10.820914150946876,29.28124681699492,48.45068588525645,25.44603028755683,,10.820914150946876
Dort,209,SIGNAL4D_v5,True,43.77071120624516,,9.332854315390637,30.13832353691715,50.878485835547345,26.122851840974967,,9.332854315390637
Dort,211,SIGNAL4D_v5,True,41.635800557990464,,7.934394613249454,30.635484382902117,48.94087957141783,26.474831388431536,,7.934394613249454
Dort,213,SIGNAL4D_v5,True,42.10468468361683,,7.110965848472835,34.14041687072283,53.70204207556073,29.28459005465339,,7.110965848472838
Dort,215,SIGNAL4D_v5,True,39.07839539154455,,7.737348701858776,34.736831216801306,54.36278323631377,29.6278740522485,,7.737348701858778
Dort,217,SIGNAL4D_v5,True,45.68507666055449,,11.335643612411209,45.46997009416087,64.4165358523798,39.207861799553896,,11.335643612411209
Duenn,202,SIGNAL4D_v5,True,40.20667446622952,,16.21761206018762,25.73533789214623,37.274100654761156,22.603816728364098,,16.21761206018762
Duenn,204,SIGNAL4D_v5,True,42.75678336364081,,16.223520279359736,26.936524820042116,40.758770395701546,23.9316616499408,,16.22352027935973
Duenn,206,SIGNAL4D_v5,True,41.29874661957106,,15.904182038388875,26.726402237272953,38.663325811406786,23.922285647461273,,15.904182038388875
Duenn,208,SIGNAL4D_v5,True,39.21442925168165,,15.927951642405594,26.63062362373539,37.784055693416924,23.744597863398017,,15.927951642405597
Duenn,210,SIGNAL4D_v5,True,38.86965801625057,,15.539603950737822,27.567726403177105,38.584897403699884,24.235287887320254,,15.539603950737822
Duenn,212,SIGNAL4D_v5,True,42.6476142947788,,14.703308523181207,26.55783828923626,39.22108795567723,23.721050636136116,,14.703308523181207
Duenn,214,SIGNAL4D_v5,True,39.95651039964172,,13.77159481612028,27.6207529581046,39.635512681186675,24.34381388111429,,13.77159481612028
Duenn,216,SIGNAL4D_v5,True,44.62672004047687,,12.231825782726943,29.241073984461007,44.67850551605614,25.880064517229837,,12.231825782726942
Duenn,218,SIGNAL4D_v5,True,43.08893848998693,,12.153659819262437,30.611483438184536,45.65733128706074,26.980785287011038,,12.153659819262437
Duenn,220,SIGNAL4D_v5,True,46.91343576646002,,10.440886607593908,32.55703739398965,49.721443006445185,28.530405636935587,,10.44088660759391
Duenn,222,SIGNAL4D_v5,True,39.535464226348026,,9.148829007595374,31.804697825224228,42.63178255947108,27.852977240316598,,9.148829007595372
Duenn,224,SIGNAL4D_v5,True,44.89907699510501,,10.480479978981087,34.707311625864264,51.65239938871192,30.237388917166566,,10.48047997898109
Duenn,226,SIGNAL4D_v5,True,40.53812575346611,,10.390550234765328,29.119620675127308,45.30741636176942,24.93564827666528,,10.390550234765326
Duenn,228,SIGNAL4D_v5,True,43.213195519779525,,11.39973931724995,36.02648580648069,57.89597658202528,30.62924104440821,,11.39973931724995
Duenn,230,SIGNAL4D_v5,True,40.7625364263861,,12.118708247557601,33.621788832818964,52.828594895513774,28.835325508146347,,12.118708247557601
Einkaufen,184,SIGNAL4D_v5,False,36.439273958185794,10.418008890850107,14.882296408688312,22.07901874418776,31.582165146269894,19.29302270115742,10.418008890850107,14.882296408688312
Einkaufen,186,SIGNAL4D_v5,False,33.80363816023612,11.645316907079444,18.8360169779509,21.6102623540154,31.17283591444911,18.66692807098999,11.645316907079447,18.836016977950894
Einkaufen,188,SIGNAL4D_v5,False,40.79537816059264,12.002983324675311,22.373800423408053,26.198749460752797,38.41893661712978,22.982308597672805,12.002983324675306,22.373800423408053
Einkaufen,190,SIGNAL4D_v5,False,37.40930937607883,12.329922919139175,21.789395586117188,31.11173567589107,43.96423531775755,26.919794211141795,12.329922919139175,21.789395586117188
Einkaufen,192,SIGNAL4D_v5,False,41.51075712469329,23.82741106503187,40.931866820840305,37.935284107200616,37.48236043598695,34.87792358829858,23.827411065031875,40.931866820840305
Einkaufen,194,SIGNAL4D_v5,False,42.75529803884096,24.865318041457204,38.49648672568832,39.75603334482702,39.5052818857301,36.55322151167253,24.865318041457204,38.49648672568832
Einnehmen,223,SIGNAL4D_v5,False,34.06167846856502,16.22231348260357,15.680134555369905,22.642605499954954,32.55945948487896,20.099151354038803,16.22231348260357,15.680134555369905
Einnehmen,225,SIGNAL4D_v5,False,34.0624436669863,14.431446817196353,15.7103274108736,23.178316512775414,35.00958757985984,20.541281403820335,14.431446817196353,15.710327410873601
Einnehmen,227,SIGNAL4D_v5,False,34.043972356912455,18.195744141539883,14.623451798283433,22.13386517710474,33.63779152431782,19.65182913968156,18.195744141539883,14.623451798283433
Einnehmen,229,SIGNAL4D_v5,False,31.619608486749684,15.152246230775447,13.530903661531237,22.9209889520156,34.052752791496786,20.330725837446124,15.152246230775447,13.530903661531237
Einnehmen,231,SIGNAL4D_v5,False,34.71655900588996,13.258144389569358,12.33290773458625,25.775744537887267,37.66922727370648,22.89631016012264,13.258144389569361,12.33290773458625
Einnehmen,233,SIGNAL4D_v5,False,35.358435130678934,14.95898441193053,12.993016847093676,26.10394292239897,39.34760871464037,23.2429554649399,14.95898441193053,12.993016847093676
Einnehmen,235,SIGNAL4D_v5,False,37.22762867823506,18.366888722960617,12.965908964728634,27.6022434904624,40.92086227771859,24.580358535221254,18.36688872296062,12.965908964728634
Einnehmen,237,SIGNAL4D_v5,False,34.10525457983947,13.279873077051567,11.555289201523415,29.985930936430133,45.423333188104166,26.212415347282505,13.279873077051565,11.555289201523415
Einnehmen,239,SIGNAL4D_v5,False,47.62293351180353,29.468303668030657,18.610782666048017,48.48362457044494,49.2600604076349,44.31083191158304,29.46830366803066,18.610782666048017
EinstellenJob,208,SIGNAL4D_v5,False,37.71450434230135,11.5689601169863,9.151683988985797,28.01485961450003,35.244634612238634,24.724822366294486,11.5689601169863,9.151683988985793
EinstellenJob,210,SIGNAL4D_v5,False,37.62957921424366,10.57366823818307,8.511785784326722,26.43402727665142,38.37984839250372,22.92315315259715,10.57366823818307,8.511785784326722
EinstellenJob,212,SIGNAL4D_v5,False,38.0940286923976,11.070723828046562,7.782000967458105,28.02977783746281,40.6370819880263,24.33351850050409,11.07072382804656,7.782000967458103
EinstellenJob,214,SIGNAL4D_v5,False,42.83896443235854,13.164038355156716,7.183908754483088,31.4795941637097,50.20481502492812,27.433132339097863,13.164038355156718,7.183908754483085
EinstellenJob,216,SIGNAL4D_v5,False,47.83890032408388,11.09604182518783,6.771065093242343,33.98296716681192,55.408705868795884,29.209586825529954,11.096041825187829,6.771065093242347
EinstellenJob,218,SIGNAL4D_v5,False,44.49683595702577,12.616304160142631,6.842468205764182,35.130036762267224,57.33533935153364,30.29224832329763,12.61630416014263,6.842468205764184
EinstellenJob,220,SIGNAL4D_v5,False,42.445236458740474,11.550416333455335,6.798694598474239,38.43301643717825,64.25094125700437,32.11876862349892,11.550416333455335,6.79869459847424
EinstellenJob,222,SIGNAL4D_v5,False,50.734257656535334,10.971312780632301,6.882620601292457,38.38467235711768,64.28476472315542,32.792701753406355,10.971312780632301,6.882620601292457
EinstellenJob,224,SIGNAL4D_v5,False,51.392155657464215,14.789605499202219,7.755464291720532,41.55226819452311,70.45171335075104,35.25074196748234,14.789605499202223,7.755464291720535
EinstellenJob,226,SIGNAL4D_v5,False,42.57058105399792,11.549361173565998,9.50584450979598,38.11797967238119,51.53864951324099,33.22234998627042,11.549361173566002,9.50584450979598
EinstellenJob,228,SIGNAL4D_v5,False,47.384527463674395,13.767228469561168,11.10987960166723,45.90299754319407,55.76810353566439,40.710087705201495,13.767228469561164,11.109879601667231
EinstellenJob,230,SIGNAL4D_v5,False,57.01173678771368,11.440683986444098,12.195155072821898,58.48320143926833,64.23107965418365,52.473702924359145,11.440683986444098,12.195155072821898
EinstellenJob,232,SIGNAL4D_v5,False,63.26646611299501,39.973610166231694,12.84423385755089,67.63581763611087,75.14819979966933,60.62724201150983,39.973610166231694,12.844233857550888
EinstellenJob,234,SIGNAL4D_v5,False,62.145897590885234,43.66214886822865,13.591236659972287,65.90803782162392,78.29233378347443,58.63503624184737,43.66214886822865,13.591236659972287
EisGefroren,242,SIGNAL4D_v5,False,42.81783234160388,10.632281587458948,13.77480069221267,29.586828984343185,40.82382772644899,25.985878947472152,10.632281587458948,13.77480069221267
EisGefroren,244,SIGNAL4D_v5,False,41.11023367647354,10.122130540048447,13.16647030934797,29.790311721377915,41.724419910668665,26.027267510848233,10.122130540048447,13.166470309347966
EisGefroren,246,SIGNAL4D_v5,False,41.63146792614334,9.10413352795719,5.718250932972283,28.94483685486334,39.544135845354646,25.502489702094213,9.104133527957192,5.718250932972281
EisGefroren,248,SIGNAL4D_v5,False,40.06814297611601,10.768316719651768,6.735418469605118,25.749881525450164,36.34380104793966,22.543174357690415,10.768316719651766,6.735418469605119
EisGefroren,250,SIGNAL4D_v5,False,40.627944833283486,9.603445695380046,7.544511136120418,24.828372090355384,36.91726210861676,21.53379764824012,9.603445695380048,7.544511136120415
EisGefroren,252,SIGNAL4D_v5,False,37.25843138592108,10.869995631071975,7.72003236015427,25.77420993626232,37.686167599742674,22.224891062902763,10.86999563107198,7.720032360154269
EisGefroren,254,SIGNAL4D_v5,False,40.58654745707521,10.559007913185019,7.843826478596409,24.627450173392372,37.16709632372306,21.232165837337728,10.55900791318502,7.843826478596409
EisGefroren,256,SIGNAL4D_v5,False,37.35854804449081,12.91963923584783,10.142178485275322,26.256387687215085,39.31142877310701,22.33087138360621,12.91963923584783,10.142178485275322
EisGefroren,258,SIGNAL4D_v5,False,39.73580335041947,12.68973104665761,10.103294980863721,26.731518956480006,39.6609580749406,22.66052860344476,12.68973104665761,10.103294980863723
EisGefroren,260,SIGNAL4D_v5,False,32.82054990144775,11.266841144907042,9.47801736494173,24.90705916233451,36.8056958416451,21.29640766368342,11.266841144907046,9.478017364941731
EisGefroren,262,SIGNAL4D_v5,False,39.12248170533974,13.519568813768306,10.911719341868992,35.01964408474503,50.75643873797453,30.165611782835292,13.519568813768307,10.911719341868992
EisGefroren,264,SIGNAL4D_v5,False,44.57992168128706,13.411246758332995,12.081060081134623,43.72409907750459,61.43044179577838,37.99648049929898,13.411246758332993,12.081060081134623
EisGefroren,266,SIGNAL4D_v5,False,54.916277100740494,12.308647171393819,13.515080855756173,51.39797444561434,55.69516041398736,46.327146887251125,12.308647171393822,13.515080855756173
EisGefroren,268,SIGNAL4D_v5,False,56.95188888054487,35.75097677499348,15.923895055776766,56.433149275091324,63.227955594855196,50.70318332409784,35.75097677499348,15.923895055776766
Empathie,182,SIGNAL4D_v5,False,51.05666303939341,12.751772228070573,8.27434788135313,31.166682485379333,51.601265214159454,26.630629898504683,12.751772228070571,8.274347881353123
Empathie,184,SIGNAL4D_v5,False,55.383628360372896,12.564201398791415,8.443507623980839,33.51778305503716,56.312005703556274,28.712276774095475,12.564201398791418,8.443507623980848
Empathie,186,SIGNAL4D_v5,False,46.058681757281946,15.614741503013017,8.15123821556143,31.42870650077822,49.25859725385851,26.858225822326023,15.614741503013017,8.151238215561431
Empathie,188,SIGNAL4D_v5,False,52.84154476072571,12.168267020970074,8.040390121435584,34.06287044712261,56.875486202153844,28.96475611951762,12.168267020970074,8.040390121435578
Empathie,190,SIGNAL4D_v5,False,46.9184191316789,13.71428560359452,8.356037061853288,31.73115733314987,51.137825970027265,27.030743475435592,13.714285603594522,8.356037061853295
Empathie,192,SIGNAL4D_v5,False,51.03441104983225,11.95600939699249,8.155875714160075,32.894851778047055,55.43715592000364,27.915541010582164,11.95600939699249,8.155875714160075
Empathie,194,SIGNAL4D_v5,False,47.963968790795185,13.00094858714669,8.105840482365226,30.60950389780991,49.268749535088624,26.125362529882022,13.00094858714669,8.105840482365224
Empathie,196,SIGNAL4D_v5,False,46.935124197950145,13.358807898649378,8.205366420112773,30.089773804277872,48.29115445717779,25.66448332448897,13.358807898649374,8.205366420112771
Empathie,198,SIGNAL4D_v5,False,47.10627277138793,12.517314574060169,8.311291508842585,31.547850947257704,53.53448008122159,26.66493958611483,12.517314574060173,8.31129150884259
Empathie,200,SIGNAL4D_v5,False,49.448234549719004,14.911794202893898,8.987841393341757,29.938889178662418,49.763154660330436,25.52759132650279,14.911794202893901,8.987841393341755
Empathie,202,SIGNAL4D_v5,False,43.97886682130606,14.111598782256628,8.473517530930614,30.258957518071757,47.261251353479885,25.874798266344737,14.111598782256628,8.473517530930614
Empathie,204,SIGNAL4D_v5,False,50.415860258988886,12.551499878841309,7.952962124629421,34.06485564738782,56.16977401659809,28.799865822751713,12.551499878841305,7.952962124629423
Empathie,206,SIGNAL4D_v5,False,47.98305728994987,12.494706588060327,7.9858713988425425,32.07377635708154,49.41575702653157,27.54899748519484,12.494706588060327,7.985871398842544
Empathie,208,SIGNAL4D_v5,False,52.93220485806943,16.35226083451893,7.21129982804259,33.62388157075106,55.613898886108714,28.406581708524744,16.35226083451893,7.211299828042593
Empathie,210,SIGNAL4D_v5,False,55.42163164604599,16.869470084510155,7.596623269240816,34.07568139566139,57.69870750480062,28.54668799968745,16.869470084510155,7.596623269240815
Empathie,212,SIGNAL4D_v5,False,52.353771182612455,11.707492966161526,9.319401880541593,37.40933386458998,63.376391110449376,31.480199194646243,11.707492966161526,9.319401880541594
Empathie,214,SIGNAL4D_v5,False,54.348266242698955,10.413514897668453,7.854454789178527,37.55511195406697,64.14816863670471,31.33733021598821,10.413514897668453,7.854454789178525
Empathie,216,SIGNAL4D_v5,False,53.815851569251286,10.057245341651203,9.31985714602079,38.37067639448521,65.84236258052586,31.995207417107505,10.0572453416512,9.31985714602079
Empathie,218,SIGNAL4D_v5,False,48.34668531179675,10.560203741210719,9.556240435657534,38.857572985395045,64.22514888204118,32.631878045188714,10.560203741210719,9.556240435657532
Empathie,220,SIGNAL4D_v5,False,47.176332742548226,12.318679427130053,11.177664900129175,43.734959854200476,68.66725689388022,37.16533977425173,12.31867942713005,11.177664900129175
Empathie,222,SIGNAL4D_v5,False,46.51525243342603,10.378906078027496,17.333990392679915,40.55703917413516,64.97771867159896,34.234774853991915,10.37890607802749,17.333990392679915
Empathie,224,SIGNAL4D_v5,False,48.360063450940636,11.296865549160895,23.843193870495202,46.52143231852915,69.08389641108748,39.94407833124419,11.296865549160897,23.843193870495202
Empathie,226,SIGNAL4D_v5,False,48.53855237088818,11.043391516866066,43.18494476184051,36.1415483577165,53.499906723867795,31.35104984946444,11.043391516866066,43.18494476184052
Empathie,228,SIGNAL4D_v5,False,44.903459432430715,15.228076190012509,35.48564428346776,39.08271817194288,41.96902775924087,35.95854187925671,15.228076190012507,35.48564428346775
Empathie,230,SIGNAL4D_v5,False,46.80858040180418,15.015623609533279,37.5703902610791,41.487562656118826,44.97545577605562,38.2037880864952,15.015623609533279,37.570390261079105
Empathie,232,SIGNAL4D_v5,False,47.60055906625751,13.864716853730998,36.78809224110428,44.930884527388706,51.22656907631746,41.091916574815365,13.864716853730998,36.78809224110428
Entschuldigung,191,SIGNAL4D_v5,False,37.74064934945678,11.14186708070825,14.976675163596267,24.58735501554895,36.8923683679477,22.078574458285853,11.14186708070825,14.976675163596266
Entschuldigung,193,SIGNAL4D_v5,False,40.062810832084416,9.275712571649487,14.013825220178733,27.386364020065102,42.78665197923695,24.40442622963217,9.275712571649489,14.013825220178733
Entschuldigung,195,SIGNAL4D_v5,False,37.34533946153444,12.856035417460491,13.810845207225645,25.652502863174945,37.67152343638196,22.866850365137555,12.856035417460491,13.810845207225643
Entschuldigung,197,SIGNAL4D_v5,False,40.91760691207574,8.841124150845923,13.440966316142845,26.325874452337228,40.25249106900894,23.688404000761846,8.841124150845923,13.440966316142848
Entschuldigung,199,SIGNAL4D_v5,False,40.162402709903674,11.88415923414939,14.773883804228335,26.382175348931163,39.32048605986326,23.686012698384868,11.884159234149394,14.773883804228339
Entschuldigung,201,SIGNAL4D_v5,False,41.678169668345035,11.139035849398194,14.990168233457828,26.37963526103521,38.771282960296006,23.750063278682294,11.139035849398192,14.990168233457828
Entschuldigung,203,SIGNAL4D_v5,False,45.204654270036045,16.91021718725618,14.359567977781794,32.68044729725725,49.45888889357134,28.960631545489125,16.91021718725618,14.359567977781792
Entschuldigung,205,SIGNAL4D_v5,False,43.81765637335785,10.738288722057776,10.820146580896685,40.4128480315349,62.05974885839799,35.143783294375915,10.738288722057781,10.820146580896683
Entschuldigung,207,SIGNAL4D_v5,False,44.547383791459026,11.090260882660866,10.363823487527775,43.35341302645123,66.18553232668488,37.71364161679778,11.090260882660862,10.363823487527775
Entschuldigung,209,SIGNAL4D_v5,False,46.71208516119274,12.427971371008669,11.050451560079669,42.99127209610174,48.10846816030774,38.73983946920328,12.427971371008669,11.050451560079665
FestellenDiagnose,197,SIGNAL4D_v5,False,54.56872952854145,9.773508079647241,13.686789974042231,27.986272538550317,46.33094422904004,23.830799079051108,9.77350807964724,13.686789974042231
FestellenDiagnose,199,SIGNAL4D_v5,False,55.58900527883737,9.205093327318346,13.98170220802636,25.941799751298745,43.39769925471184,22.035253974550095,9.205093327318348,13.98170220802636
FestellenDiagnose,201,SIGNAL4D_v5,False,54.73890108843536,8.69101176779363,14.195078011236964,26.315075074291336,44.29865372659496,22.347444827239624,8.691011767793631,14.195078011236966
FestellenDiagnose,203,SIGNAL4D_v5,False,51.78165978364393,10.585341787794254,13.780530618695764,28.11394361614256,47.53115804105597,23.779002659644654,10.585341787794254,13.780530618695765
FestellenDiagnose,205,SIGNAL4D_v5,False,49.13186119406362,8.36946995910702,13.302550347056918,26.361514550448444,44.305318156081164,22.21823136626568,8.36946995910702,13.302550347056924
FestellenDiagnose,207,SIGNAL4D_v5,False,44.568226390026226,10.317034728321742,13.289836103582518,27.96941224112366,47.050509125670764,23.71740251215049,10.317034728321744,13.289836103582518
FestellenDiagnose,209,SIGNAL4D_v5,False,41.62321182054206,9.084561503499456,13.966945572147955,26.215648321052054,43.03261918506173,22.490126592982058,9.084561503499458,13.966945572147953
FestellenDiagnose,211,SIGNAL4D_v5,False,37.383898559934316,9.890074428330077,13.564268368066706,27.599141829484132,43.58373354774749,23.567724604051644,9.89007442833008,13.56426836806671
FestellenDiagnose,213,SIGNAL4D_v5,False,42.780300519991115,8.67505464676619,11.965001442245212,26.796749541879507,44.980193851497575,22.62707190317835,8.67505464676619,11.965001442245212
FestellenDiagnose,215,SIGNAL4D_v5,False,42.38223187850901,9.254989436026797,10.728557028931014,30.523419517003557,49.38010476387493,25.729426181245504,9.254989436026799,10.728557028931018
FestellenDiagnose,217,SIGNAL4D_v5,False,40.94695508910153,9.555154415919702,12.12969630056358,36.175238640646214,51.919616165477485,31.227828974187602,9.555154415919699,12.129696300563579
FestellenDiagnose,219,SIGNAL4D_v5,False,39.92979323048454,9.326838353364707,14.095140902164731,40.09355714116742,57.19514259015532,34.654754557255174,9.326838353364707,14.095140902164736
FestellenDiagnose,221,SIGNAL4D_v5,False,40.273690690226324,10.554165903522042,14.462580026598884,41.11460784203865,62.57029984184016,35.07285239727167,10.554165903522042,14.462580026598884
FestellenDiagnose,223,SIGNAL4D_v5,False,40.760822064329666,10.730824420110668,14.978906589719104,34.37479363451082,54.68219155270335,29.244248596427845,10.730824420110666,14.978906589719104
Frech,203,SIGNAL4D_v5,True,42.18214727899617,,13.02074427563289,29.128865554691803,39.598219809278184,26.437799605589703,,13.020744275632891
Frech,205,SIGNAL4D_v5,True,42.46637191298928,,11.817794881551833,30.248966658222052,41.94572824240912,27.387391772995922,,11.817794881551833
Frech,207,SIGNAL4D_v5,True,41.232042651662965,,10.210694535184002,29.356152684119852,41.8504094079741,26.263183856975804,,10.210694535184004
Frech,209,SIGNAL4D_v5,True,44.632905442717586,,8.908222213392213,36.23150884048566,44.457932070041394,32.63018991996627,,8.908222213392213
Frieren,190,SIGNAL4D_v5,False,37.62373132998942,11.355621868615383,14.504942453352948,25.646197465544073,36.088270540762366,22.954168935301947,11.355621868615383,14.504942453352944
Frieren,192,SIGNAL4D_v5,False,36.836725585738826,10.973052471139656,14.135472759541763,24.610505808137773,33.82367469573431,22.179120306549585,10.973052471139656,14.135472759541761
Frieren,194,SIGNAL4D_v5,False,36.595449533743896,10.687004425108407,13.954264834337753,23.74568264928149,33.030916737512435,21.137704371804556,10.687004425108404,13.954264834337753
Frieren,196,SIGNAL4D_v5,False,36.40092917050397,10.393352205933786,13.738889435439148,25.17573759248071,32.397829044721085,22.7658349860522,10.393352205933786,13.73888943543915
Frieren,198,SIGNAL4D_v5,False,39.15344047314132,9.966206683180614,13.324777030799567,23.34479901638333,32.49527193839268,21.0544581686885,9.966206683180612,13.324777030799567
Frieren,200,SIGNAL4D_v5,False,37.13833237936601,10.40583612007779,13.394411135072897,24.61892990074896,34.57812151021966,22.255405450118953,10.405836120077788,13.394411135072897
Frieren,202,SIGNAL4D_v5,False,37.7297353647597,9.840812269532078,12.89469272792751,25.788668591562132,36.208966476454485,23.46322925159056,9.84081226953208,12.894692727927506
Frieren,204,SIGNAL4D_v5,False,41.42192496634137,9.878833822628682,13.072836488093412,27.853697403119146,38.23903493121273,24.903460483722785,9.878833822628682,13.072836488093413
Frieren,206,SIGNAL4D_v5,False,41.269389509058094,9.240573720627847,12.0426556019665,29.637143435094746,39.12914723839929,26.592123876521494,9.240573720627848,12.0426556019665
Frieren,208,SIGNAL4D_v5,False,42.085215120952505,8.104455624815259,11.218015347080632,29.667970676048945,37.03139652665173,26.882362656550946,8.104455624815257,11.21801534708063
Frieren,210,SIGNAL4D_v5,False,37.447043271469354,7.690905851859047,11.470202607612828,23.21266206736402,29.19698728778794,20.850013734160573,7.690905851859045,11.470202607612825
Frieren,212,SIGNAL4D_v5,False,37.6964050907865,6.911630764184082,9.936477422165975,20.30416883003224,26.30705532077935,18.232597472093985,6.911630764184083,9.936477422165973
Frieren,214,SIGNAL4D_v5,False,40.68817644394775,6.644318013836232,9.146223060401525,22.162156176230614,29.87448108555878,20.23026427299512,6.64431801383623,9.146223060401525
Frieren,216,SIGNAL4D_v5,False,40.17637536959431,9.253205927855172,11.528476072719258,22.503691147732987,29.443385892626555,20.784129768330104,9.253205927855172,11.528476072719258
Frieren,218,SIGNAL4D_v5,False,51.54126305067905,11.365385120860099,13.630874910842547,45.51527592684447,44.87254831499992,41.862760897140035,11.365385120860099,13.630874910842545
Frieren,220,SIGNAL4D_v5,False,54.06808033643112,12.528147470948383,13.713435500161186,47.82062368910028,46.910340450624744,44.219696757010496,12.528147470948383,13.713435500161184
Frieren,222,SIGNAL4D_v5,False,48.634596554193166,10.532955107939243,18.671632459060405,41.44774674788628,43.398646198811036,37.90586482211807,10.532955107939243,18.67163245906041
Frieren,224,SIGNAL4D_v5,False,42.4912101806905,8.884170609833843,14.428382827296906,38.0722600575601,33.44441696517093,35.63483657091076,8.884170609833843,14.42838282729691
Frisch,189,SIGNAL4D_v5,False,60.294091227677825,11.277691663456219,10.741125858497528,51.3308314096972,42.04473237775069,48.812317140841664,11.277691663456215,10.741125858497528
Frisch,191,SIGNAL4D_v5,False,53.66128853542619,10.055187658362383,9.991991909867457,45.588118533253194,36.415411047501,43.48180172878641,10.055187658362382,9.991991909867457
Frisch,193,SIGNAL4D_v5,False,56.30305274150918,12.138801237356455,10.042244593554107,49.615413465673974,41.368791255335914,47.14757768199577,12.138801237356455,10.042244593554113
Frisch,195,SIGNAL4D_v5,False,52.799813801303344,11.300064700268875,10.1051117384652,44.66688413391187,38.07119458975246,42.41244939379229,11.300064700268875,10.105111738465197
Frisch,197,SIGNAL4D_v5,False,53.80502335147318,9.549096032975383,9.676395412505226,44.9534773025925,35.80304432862486,43.065237006145026,9.549096032975381,9.676395412505226
Frisch,199,SIGNAL4D_v5,False,55.67827371978959,10.906578509240665,9.16458058100493,47.52413124486952,38.98763927925388,45.19393292758903,10.906578509240664,9.16458058100493
Frisch,201,SIGNAL4D_v5,False,51.190264084724646,8.646207602492971,10.51888078437562,40.12940145790247,32.38900386790676,38.51681541386153,8.646207602492971,10.51888078437562
Frisch,203,SIGNAL4D_v5,False,41.80414270418238,9.691695032393948,9.260187293715362,30.50763876103828,37.77658001046229,27.950596804308855,9.691695032393948,9.260187293715362
Frisch,205,SIGNAL4D_v5,False,45.88923866803925,9.517542568714095,8.510321635667658,32.849822028523775,43.77488417738667,29.374018281511994,9.517542568714093,8.510321635667658
Frisch,207,SIGNAL4D_v5,False,46.73660183486916,7.291626329516278,7.747197455182813,31.50427839486368,39.54640953571887,28.451551246493498,7.291626329516278,7.747197455182815
Frisch,209,SIGNAL4D_v5,False,48.783483525722986,5.719295518847248,6.634346629449249,32.87986743107914,41.87438691807893,29.640257337274978,5.7192955188472485,6.634346629449253
Frisch,211,SIGNAL4D_v5,False,50.200040017009506,5.852777344088081,6.211999809484074,31.75714431122652,36.29489537707341,29.233544472593106,5.85277734408808,6.211999809484074
Frisch,213,SIGNAL4D_v5,False,43.80951955966877,5.154986780908345,6.441960615105364,32.602453233689104,44.006108325472795,29.008199315897613,5.154986780908345,6.441960615105364
Frisch,215,SIGNAL4D_v5,False,44.752575490244794,5.636105268227337,7.166441125055286,36.36706203930828,54.24691999539406,31.57601736982568,5.636105268227337,7.166441125055282
Froh,186,SIGNAL4D_v5,False,63.71746900236544,9.510568295085449,10.003569674592855,61.45094101364749,63.02994095120029,56.280699141416925,9.51056829508545,10.003569674592853
Froh,188,SIGNAL4D_v5,False,66.66994232383082,9.36991854336376,8.878113047434962,66.12906444830699,69.02818573950536,60.37265663992711,9.369918543363758,8.878113047434962
Froh,190,SIGNAL4D_v5,False,55.552738239083595,11.543306430060767,8.971508472013376,51.022661806831934,61.18457630597642,46.05880325568618,11.543306430060767,8.971508472013376
Froh,192,SIGNAL4D_v5,False,49.62109057076725,10.97271115377056,8.01051936726023,45.46687712043052,63.10549206075807,40.08487726718763,10.97271115377056,8.01051936726023
Froh,194,SIGNAL4D_v5,False,47.935294680383315,10.604074571740373,8.442233799551936,42.128341441693294,59.22048621458177,36.850258774540116,10.604074571740371,8.442233799551932
Froh,196,SIGNAL4D_v5,False,47.539319353874006,11.063731795994551,7.582845974563641,42.04587749438624,63.54633406116846,36.33525899636012,11.06373179599455,7.582845974563641
Froh,198,SIGNAL4D_v5,False,44.47291220901554,10.4296572514497,8.218081900948754,39.51411758357934,60.15566382677076,34.12066841220442,10.429657251449699,8.218081900948752
Froh,200,SIGNAL4D_v5,False,43.01927370762004,9.571906256938504,7.811985142781031,37.247138797917124,55.82255525875315,32.57368990270971,9.571906256938506,7.811985142781031
Froh,202,SIGNAL4D_v5,False,37.57085414279958,10.87681180262993,7.349887449867376,30.274660265998442,41.22074196945848,26.79464579112606,10.876811802629932,7.349887449867376
Froh,204,SIGNAL4D_v5,False,42.192721517353235,8.44728954573457,7.608457442006124,23.747419736876385,27.642684862004295,21.94039384201002,8.447289545734568,7.608457442006123
Froh,206,SIGNAL4D_v5,False,53.344173745301525,8.183149440698836,7.7538449279003725,46.15890165912107,47.37485646531945,42.22010557614736,8.183149440698838,7.753844927900373
Froh,208,SIGNAL4D_v5,False,52.72247605627648,9.729843520244678,12.970924851332802,47.84403693826194,50.64633909274928,43.507982034790196,9.729843520244678,12.9709248513328
Froh,210,SIGNAL4D_v5,False,45.65310772112702,11.373479364461952,12.691661138736327,41.00290135502363,42.82057322813146,37.538783977471745,11.37347936446195,12.691661138736333
Glas,140,SIGNAL4D_v5,False,38.99502480213317,18.530545099835884,14.502807568318456,25.22745190869841,35.02774387508848,22.35969494867615,18.530545099835884,14.502807568318456
Glas,142,SIGNAL4D_v5,False,45.5096357036943,17.926456832536935,14.388590905362625,36.301892022645674,51.13701637422435,31.941179467415918,17.926456832536935,14.388590905362625
Glas,144,SIGNAL4D_v5,False,37.5510517870881,19.97972832027761,14.216836754537148,25.9353523705917,36.151216402230645,22.986350817887462,19.97972832027761,14.216836754537145
Glas,146,SIGNAL4D_v5,False,45.51842276047008,14.298322402940181,13.776278864395797,35.86783573792395,48.3923108919571,31.81939163022899,14.298322402940181,13.776278864395797
Glas,148,SIGNAL4D_v5,False,43.60052679987068,16.06242192680489,14.50718330955193,31.65919416923804,42.06612508953787,28.199404107052985,16.06242192680489,14.50718330955193
Glas,150,SIGNAL4D_v5,False,39.275532145853404,17.841372620731,14.004066360520234,27.07878930864393,35.97206084266075,24.099108786093588,17.841372620731,14.00406636052023
Glas,152,SIGNAL4D_v5,False,46.006671970971,13.8175838341594,13.808450926762927,36.503565452067996,46.44524841245568,32.58289820584917,13.8175838341594,13.808450926762927
Glas,154,SIGNAL4D_v5,False,39.56765664907077,17.83092314632914,13.75478913374528,25.617533662362437,37.09296941854653,22.586431690664394,17.83092314632914,13.75478913374528
Glas,156,SIGNAL4D_v5,False,46.56980986872994,15.501400241622147,14.242607504626966,34.55419255293381,49.97809388418573,30.421514551388885,15.501400241622145,14.24260750462697
Glas,158,SIGNAL4D_v5,False,37.152896657951906,19.527035196853006,14.583407419461308,26.156416632420026,38.55273760880945,22.929581776114713,19.527035196853003,14.583407419461308
Glas,160,SIGNAL4D_v5,False,40.22563215601887,19.31557492641766,13.732849357192974,26.243308158311418,36.926985333778916,23.210041231531697,19.31557492641766,13.732849357192974
Glas,162,SIGNAL4D_v5,False,47.354074641389275,16.547037713540572,14.228316482785697,36.43853231607291,51.46077753355625,32.077966266285166,16.547037713540572,14.228316482785697
Glas,164,SIGNAL4D_v5,False,47.82818825398438,17.367642251295646,14.084201313452098,37.37855698213097,50.68374986086692,33.14780391369142,17.367642251295646,14.0842013134521
Glas,166,SIGNAL4D_v5,False,38.482487052366984,19.10958506790282,13.928268553870549,25.102637082229624,35.33585694450986,22.36988316567549,19.109585067902817,13.928268553870549
Glas,168,SIGNAL4D_v5,False,37.91675734701266,13.133228865061735,13.947758493906461,28.22490874391202,39.88988035578257,24.841736913122784,13.133228865061739,13.947758493906464
Glas,170,SIGNAL4D_v5,False,49.653688231046466,16.94489452590947,13.822865198912254,35.885062184957725,51.61275619653467,31.665217002877124,16.94489452590947,13.822865198912258
Glas,172,SIGNAL4D_v5,False,37.714399826051974,18.141905293108593,13.897494478051392,24.560638623509107,36.40183695885837,21.68358701839283,18.14190529310859,13.897494478051392
Glas,174,SIGNAL4D_v5,False,38.44497365696651,18.320983851613818,14.029099885637137,24.908896721636655,36.27878607493205,21.93652914005857,18.32098385161381,14.029099885637134
Glas,176,SIGNAL4D_v5,False,43.12984517925693,12.81244061450133,13.75893695850082,32.360826039602124,44.92608706091862,28.59844075292976,12.812440614501332,13.758936958500826
Glas,178,SIGNAL4D_v5,False,38.380348514407785,17.19995152297534,13.172036560623406,24.717146265570143,33.62926011652272,21.978508993561995,17.19995152297534,13.172036560623406
Glas,180,SIGNAL4D_v5,False,42.789070046625476,14.945916281136142,14.128491031262726,33.26722103021598,47.630810060119686,29.23147477737842,14.945916281136142,14.128491031262726
Glas,182,SIGNAL4D_v5,False,44.222878229957026,14.394407326392425,13.99792922933264,34.00818871207498,49.48018853786726,29.772736417958402,14.394407326392423,13.99792922933264
Glas,184,SIGNAL4D_v5,False,38.02865633237389,21.846899854031538,14.017966811262374,25.354231842026984,36.99720852939481,22.352516055427643,21.846899854031538,14.017966811262374
Glas,186,SIGNAL4D_v5,False,45.06647185140897,14.982135796143538,14.2445476404255,34.09014772038853,47.412588022159284,30.073957516800622,14.98213579614354,14.2445476404255
Glas,188,SIGNAL4D_v5,False,36.92104577607644,28.832989935742585,15.648676377708608,24.490054536290863,35.55587906514805,21.774747284481457,28.832989935742585,15.648676377708615
Glas,190,SIGNAL4D_v5,False,38.310543342135524,20.61931644478932,16.200255891068668,27.42017640054467,41.157274802624855,24.129923078896216,20.619316444789323,16.20025589106867
Glas,192,SIGNAL4D_v5,False,36.43481031656247,22.553213862824173,13.906152014723357,24.23013698647843,35.38891688124608,21.57505892308195,22.553213862824173,13.906152014723357
Glas,194,SIGNAL4D_v5,False,35.353492204788274,31.508124908165527,14.382535407705433,25.955307449803396,35.221235750914346,23.00126298332263,31.508124908165527,14.382535407705433
Glas,196,SIGNAL4D_v5,False,37.98740160550565,31.332546773949698,15.26984683446574,24.998936203917683,35.84648424372225,21.99511423874792,31.332546773949698,15.26984683446574
Glas,198,SIGNAL4D_v5,False,36.508735154903164,32.77757032098799,14.86096522269317,26.501395804566794,38.24590689440953,23.2122284171325,32.77757032098799,14.86096522269317
Glas,200,SIGNAL4D_v5,False,36.12980805341938,31.493946501836525,14.13363709930678,26.980155773991985,38.26510541581625,23.673231846670483,31.493946501836525,14.13363709930678
Glas,202,SIGNAL4D_v5,False,37.091417215749324,32.469706099567546,15.595203980593114,31.384858052249985,43.84949624501002,27.51240632973496,32.469706099567546,15.595203980593114
Glas,204,SIGNAL4D_v5,False,37.587145799787784,32.262951049289754,16.116733322429525,35.087976291566854,48.991490803346835,30.78267625901327,32.262951049289754,16.116733322429525
Glas,206,SIGNAL4D_v5,False,38.852569866031594,29.73777937130411,16.01354878737774,35.53205321183867,50.29365371799357,31.26746913079396,29.73777937130411,16.01354878737774
IdiomPffIgnorieren,154,SIGNAL4D_v5,False,46.26145885043059,14.477569411737973,12.658255544073086,20.47690584836214,32.28875657515308,17.623673356412596,14.477569411737974,12.658255544073086
IdiomPffIgnorieren,156,SIGNAL4D_v5,False,48.265606379343524,14.771800905457749,13.730814989010595,22.289616584892087,35.08325652764213,19.14777911113496,14.771800905457752,13.730814989010595
IdiomPffIgnorieren,158,SIGNAL4D_v5,False,51.452408748952514,15.122202622711301,12.28047144018811,23.3520904203347,36.10484029773452,20.012825020582497,15.122202622711301,12.28047144018811
IdiomPffIgnorieren,160,SIGNAL4D_v5,False,57.09946530543243,15.41316762232033,9.85054482653272,23.71036781758954,39.02388148997797,20.24088696371908,15.413167622320332,9.850544826532719
IdiomPffIgnorieren,162,SIGNAL4D_v5,False,49.85228979224918,15.031921453084225,7.7356328723399805,24.150472871801753,38.38021463607962,20.72364799084201,15.031921453084227,7.735632872339981
IdiomPffIgnorieren,164,SIGNAL4D_v5,False,49.345568736923326,15.87034788992861,6.06007085499234,25.10274837140153,40.19316872073171,21.896523974473492,15.87034788992861,6.060070854992338
IdiomPffIgnorieren,166,SIGNAL4D_v5,False,46.70453332415403,15.989479147134611,6.70049585163369,21.57082410086952,35.06723658039429,18.336611773312555,15.989479147134615,6.700495851633689
IdiomPffIgnorieren,168,SIGNAL4D_v5,False,48.27689777718477,15.66262578978449,7.752792102347837,24.286481952106534,39.20752135619429,20.918313596198495,15.662625789784487,7.752792102347837
IdiomPffIgnorieren,170,SIGNAL4D_v5,False,46.53812099839587,16.919486980699798,8.544894903110668,24.007023477734265,38.571815183352285,20.901644696910402,16.919486980699794,8.54489490311067
IdiomPffIgnorieren,172,SIGNAL4D_v5,False,40.87280791195241,16.009399515976416,8.417545343181487,22.10251026308437,35.016324815077446,18.960148010588153,16.009399515976416,8.417545343181484
IdiomPffIgnorieren,174,SIGNAL4D_v5,False,40.67091032971467,15.347286078257415,8.107401307106496,27.516976607891326,44.685145568449286,23.61648455784394,15.347286078257415,8.107401307106496
IdiomPffIgnorieren,176,SIGNAL4D_v5,False,37.98280311433072,17.214061269376558,8.48508919192997,30.84179937770354,44.6791173284904,26.584154057602024,17.214061269376558,8.485089191929971
IdiomPffIgnorieren,178,SIGNAL4D_v5,False,41.93449638734566,19.43038701316729,6.815744465026339,34.631551394912776,53.764162798642126,29.608114616098185,19.43038701316729,6.815744465026341
IdiomPffIgnorieren,180,SIGNAL4D_v5,False,47.71957144664835,19.368188921644876,6.604555229811965,48.87138897162796,68.18443103356651,42.86846901929171,19.36818892164488,6.604555229811967
IdiomPffIgnorieren,182,SIGNAL4D_v5,False,50.549660119811605,37.43225014869915,32.79007570835948,50.57064860538463,46.55034000605636,47.08171231149974,37.43225014869914,32.79007570835948
IdiomPffIgnorieren,184,SIGNAL4D_v5,False,48.28159856615761,39.301390547574854,29.18724678610261,47.89487757782416,47.418696496270265,44.26134154212366,39.301390547574854,29.18724678610261
Jahr,242,SIGNAL4D_v5,True,38.00112864059591,,14.142017972751853,26.54591230223668,38.61353718375284,22.816578770974644,,14.142017972751853
Jahr,244,SIGNAL4D_v5,True,38.81418663901269,,14.09399092608432,28.004043276551496,39.93516025596999,24.3265454135276,,14.09399092608432
Jahr,246,SIGNAL4D_v5,True,44.677198382680096,,14.423885007659116,34.44703306776807,50.288789531171794,29.41445414191634,,14.423885007659116
Jahr,248,SIGNAL4D_v5,True,43.71732119209844,,14.12752676461154,37.89807604585425,54.496893313266916,32.366850809508534,,14.127526764611536
Jahr,250,SIGNAL4D_v5,True,41.645385496017646,,14.038776814189596,38.36832528168873,54.08902808157164,32.867654711552824,,14.038776814189594
Jahr,252,SIGNAL4D_v5,True,46.399221498973546,,13.498514091666266,41.19868891130466,60.790563037217474,35.1171303819328,,13.49851409166627
Jahr,254,SIGNAL4D_v5,True,43.363471371673654,,13.67005743803061,40.38578829166897,56.59947518913412,34.642676360999744,,13.670057438030609
Jahr,256,SIGNAL4D_v5,True,41.32419949154109,,13.070046390192843,41.4299111450816,57.956588399397184,35.42013542687548,,13.070046390192841
Jahr,258,SIGNAL4D_v5,True,47.060510899273865,,14.238493675534043,51.89509159668299,75.33169773595358,44.20370446047157,,14.238493675534043
Jahr,260,SIGNAL4D_v5,True,46.267315078649304,,10.13192820239341,48.777506693537234,70.57495152882508,41.53762986193575,,10.13192820239341
Klar,154,SIGNAL4D_v5,True,37.95332679700385,,9.418366918150653,29.399515177702007,39.08428502788037,25.85141169452621,,9.418366918150653
Klar,156,SIGNAL4D_v5,True,35.22305851671866,,9.41025353028034,27.431110061385343,36.511579103668694,24.090350418586244,,9.41025353028034
Klar,158,SIGNAL4D_v5,True,38.255058301693005,,8.886501820839749,28.802381665140143,35.19479729227093,25.527819750487055,,8.886501820839749
Klar,160,SIGNAL4D_v5,True,39.35291011124232,,8.769113836501704,29.363170168321012,36.873559441702454,25.94859450293989,,8.769113836501706
Klar,162,SIGNAL4D_v5,True,36.47843036894904,,8.389132665185496,28.930453343177685,36.41940606736032,25.5665082913964,,8.389132665185498
Klar,164,SIGNAL4D_v5,True,37.605802578687886,,9.272182905042172,29.840357223040076,37.33132926113028,26.386296598461517,,9.27218290504217
Klar,166,SIGNAL4D_v5,True,34.84651257966923,,10.197882948047447,26.397702139982638,33.57107179118178,23.249359543180933,,10.197882948047447
Klar,168,SIGNAL4D_v5,True,36.311566268668216,,10.419129124729569,27.514846095676596,36.0789019915242,24.07122111703318,,10.419129124729569
Klar,170,SIGNAL4D_v5,True,33.86871745558312,,9.149162800266529,24.95346613265282,32.90280492082324,21.856622391001302,,9.149162800266534
Klar,172,SIGNAL4D_v5,True,40.872299872286035,,7.750825902509523,31.573439885875512,38.73000123072543,28.128602627702623,,7.75082590250952
Klar,174,SIGNAL4D_v5,True,37.50727763851426,,7.887104657587823,28.655839269798484,36.8178000859002,25.59248067841923,,7.887104657587821
Klar,176,SIGNAL4D_v5,True,39.23095723213594,,7.9205810536289345,28.383569241414406,42.989259226507244,25.069563939408532,,7.920581053628931
Klar,178,SIGNAL4D_v5,True,41.2766096282378,,8.4059911406287,30.14670956607714,46.92845132611551,26.02767495896922,,8.405991140628698
Klar,180,SIGNAL4D_v5,True,39.754109501405594,,9.304435357079111,35.00770846385656,53.03059074694468,29.872642292839608,,9.304435357079107
Kochen,227,SIGNAL4D_v5,False,38.88251192292884,18.754087809256404,15.580381982197508,24.00920066431318,30.278871418238932,21.987397411832806,18.754087809256404,15.580381982197505
Kochen,229,SIGNAL4D_v5,False,38.48146431975679,12.382843709730736,16.055605014877305,22.042338029223934,32.31881804179126,19.834510655080773,12.382843709730736,16.055605014877305
Kochen,231,SIGNAL4D_v5,False,41.700737493526155,11.613623636507752,16.191675807928743,25.856760624254992,34.72135194736148,23.435820661640026,11.613623636507752,16.191675807928743
Kochen,233,SIGNAL4D_v5,False,43.58775991100378,23.838174976762478,16.27303608663513,29.56391383152433,36.69217273198559,26.984097599563814,23.838174976762478,16.273036086635127
Kochen,235,SIGNAL4D_v5,False,37.662528220126255,11.754700027525471,13.913209745468214,22.307221792217497,32.1021631205247,20.407067701633732,11.754700027525473,13.913209745468215
Kochen,237,SIGNAL4D_v5,False,37.105598149536846,13.47568500153545,13.502017703834714,21.59504680323417,30.217165295464657,19.614217566097405,13.475685001535451,13.502017703834714
Kochen,239,SIGNAL4D_v5,False,36.30825944835881,11.31012972354099,11.83867335555445,21.704894798286027,30.53193676933761,19.926428784126017,11.31012972354099,11.838673355554453
Kochen,241,SIGNAL4D_v5,False,36.266348583823664,13.674240393822167,10.166772257363906,22.522641271535434,32.7898485673089,20.220899125238212,13.674240393822167,10.166772257363906
Kochen,243,SIGNAL4D_v5,False,33.89617689801456,7.542577014249706,10.625227277009113,21.382036963321152,31.26066773674016,19.263120636898723,7.542577014249703,10.625227277009113
Kochen,245,SIGNAL4D_v5,False,35.352800614011876,8.854835652744457,10.632909320929127,21.85663299462024,30.46595898021936,19.41722024849641,8.854835652744457,10.632909320929125
Kochen,247,SIGNAL4D_v5,False,34.36085930615248,9.812151241216878,10.927227020799542,23.286443983228512,30.800963365351304,20.663671364255297,9.812151241216878,10.927227020799542
Kochen,249,SIGNAL4D_v5,False,36.82468065803549,10.990234172650318,12.430596269356705,26.29813019672049,33.999446884341225,23.50270585127639,10.990234172650322,12.430596269356705
Kochen,251,SIGNAL4D_v5,False,38.521404446764805,19.792845434989463,10.764782428240597,32.33268411409221,41.02658994327075,28.869838654790385,19.792845434989463,10.764782428240597
Kochen,253,SIGNAL4D_v5,False,35.52368633889762,22.910867488577583,14.676703462557793,31.637247166338785,41.99867415851969,27.800313095434195,22.910867488577583,14.676703462557791
Lesen,215,SIGNAL4D_v5,False,41.03702244081325,7.8092972937662815,11.72191847746929,27.990572761893446,46.01273150545784,24.300595254074498,7.80929729376628,11.721918477469293
Lesen,217,SIGNAL4D_v5,False,38.124020630809945,9.16013188740646,11.65762580251044,25.626722683190103,36.859954564628936,22.35551546949313,9.160131887406461,11.65762580251044
Lesen,219,SIGNAL4D_v5,False,38.8439227267635,8.220332642406252,10.682815466788744,25.980847212224614,34.56699243190974,22.850036851769612,8.220332642406252,10.682815466788746
Lesen,221,SIGNAL4D_v5,False,42.09472744149517,8.756591862101752,8.100441845121823,26.86317107920317,43.24138116350627,23.528473954262203,8.756591862101754,8.100441845121823
Lesen,223,SIGNAL4D_v5,False,38.73256368462332,8.551300614347724,8.7027642888036,24.308925428997814,37.820756856664374,21.259460135396992,8.551300614347722,8.7027642888036
Lesen,225,SIGNAL4D_v5,False,36.15745086020399,8.121786090190874,11.816704723190488,27.088154874792927,36.312357482245275,23.784597409053855,8.121786090190874,11.816704723190483
Lesen,227,SIGNAL4D_v5,False,40.05575973288524,10.98470760674505,11.541244153765833,31.8537225877566,35.79532963588901,28.748539200608583,10.984707606745049,11.541244153765838
Lesen,229,SIGNAL4D_v5,False,35.95499458576431,8.258734264201617,10.899143773002908,26.248961782035533,34.96370395910043,23.004195487262223,8.258734264201616,10.899143773002908
Lesen,231,SIGNAL4D_v5,False,36.23659853583352,9.579570110840695,10.59881507500306,28.524070168760968,33.77767638841507,25.4867069199467,9.579570110840695,10.598815075003062
Lesen,233,SIGNAL4D_v5,False,35.83275253139722,8.62075540707638,10.910536442423648,23.72665521335174,34.04715235279227,20.889609265926325,8.62075540707638,10.910536442423648
Lesen,235,SIGNAL4D_v5,False,34.908849037932974,7.737101370767618,11.300280119945192,26.751623800512487,35.44106799370282,23.419639394647675,7.737101370767618,11.300280119945196
Lesen,237,SIGNAL4D_v5,False,35.8979433789165,9.701840993730645,11.323784512308654,27.375712793953028,35.18448362058769,24.07078337575021,9.701840993730647,11.323784512308654
Lesen,239,SIGNAL4D_v5,False,39.25158779770311,9.625315077838287,11.540661830279776,34.773501308287116,39.95031319620051,31.155289560342567,9.62531507783829,11.540661830279777
Lesen,241,SIGNAL4D_v5,False,38.59951353671605,8.418719502960656,10.985109367168715,32.681019246477305,41.50682002118752,28.721002792338865,8.418719502960656,10.98510936716871
Lesen,243,SIGNAL4D_v5,False,37.67009475900111,10.678334760361501,11.496242645622411,33.27204433746521,42.96578419727034,29.235398005066063,10.678334760361501,11.496242645622411
Lesen,245,SIGNAL4D_v5,False,40.79417871770633,9.928044278705533,11.877225337756721,35.34521896397343,42.75853861622952,31.351193177273085,9.928044278705531,11.877225337756721
Lesen,247,SIGNAL4D_v5,False,42.05252398940463,11.472587903463237,13.56420922107966,40.10868885805478,51.41047886826029,35.32834691264739,11.472587903463237,13.56420922107966
Lesen,249,SIGNAL4D_v5,False,45.59894883220732,14.482289597762188,16.79746934247272,47.109083096394684,60.07381947480949,41.709727064343085,14.482289597762188,16.797469342472713
LiebBitte,170,SIGNAL4D_v5,True,58.314809957054045,,13.034279954760535,48.85461934314616,58.59217490399925,43.365770312294764,,13.034279954760535
LiebBitte,172,SIGNAL4D_v5,True,47.21996284246477,,12.992569331983953,43.0450623252871,56.060506871469585,37.99586827719171,,12.992569331983953
LiebBitte,174,SIGNAL4D_v5,True,53.85813037764706,,12.565553829941672,48.004059864543756,57.94638079065324,42.650876230689576,,12.565553829941672
LiebBitte,176,SIGNAL4D_v5,True,60.14862132420589,,12.818354680180295,54.483020652944376,65.25350890541041,48.37252322711441,,12.818354680180295
LiebBitte,178,SIGNAL4D_v5,True,59.94202155470478,,12.528234569756568,53.4323974687132,63.70482159316496,47.36401838262081,,12.528234569756568
LiebBitte,180,SIGNAL4D_v5,True,52.437061193534426,,12.218522513915344,46.27735966001918,53.11079287615359,41.272288882548054,,12.218522513915344
LiebBitte,182,SIGNAL4D_v5,True,48.47510913340451,,12.680612401186599,44.48443368118544,52.858998613410776,39.38135487270138,,12.6806124011866
LiebBitte,184,SIGNAL4D_v5,True,51.50635535162799,,11.520653802759888,43.70064824051181,50.606619531866066,38.79344690621106,,11.520653802759888
LiebBitte,186,SIGNAL4D_v5,True,47.86693835980736,,10.680864986969459,39.80050900928072,46.857293582724374,35.570640446142676,,10.680864986969459
LiebBitte,188,SIGNAL4D_v5,True,46.523763834757816,,9.972588153271984,42.47357847973408,50.55750214757512,37.504852469555395,,9.972588153271982
LiebBitte,190,SIGNAL4D_v5,True,37.21189671729745,,10.66921546547602,28.35075296955111,33.530063193279524,25.370956492257612,,10.669215465476018
LiebBitte,192,SIGNAL4D_v5,True,38.22216759168579,,11.12644234851864,24.811924676405564,32.86348267867074,22.240736071868522,,11.12644234851864
LiebBitte,194,SIGNAL4D_v5,True,34.511784747753744,,9.540690545069829,24.639820497979656,32.79920566858874,21.97035808711488,,9.54069054506983
LiebBitte,196,SIGNAL4D_v5,True,36.79265169569268,,9.66788345827946,33.31697445166881,42.83365714334391,28.954432532920244,,9.667883458279462
LiebBitte,198,SIGNAL4D_v5,True,44.439227372700536,,10.293740124055732,43.62425588563011,57.796533212441524,38.01293875131059,,10.293740124055732
LiebBitte,200,SIGNAL4D_v5,True,48.143758829163104,,17.249896110891516,50.59609542303702,68.04259383018235,43.963376039605436,,17.249896110891513
Luegen,149,SIGNAL4D_v5,True,42.176239048426815,,12.355088201701543,31.365650332898397,41.21936332360536,28.150600462402398,,12.355088201701543
Luegen,151,SIGNAL4D_v5,True,43.41501940825447,,13.348137653947823,32.71004304270697,42.17515098655482,29.216540447801908,,13.348137653947823
Luegen,153,SIGNAL4D_v5,True,42.00957109506684,,12.627234597866783,31.754086262831883,41.16162284287075,28.453329108054216,,12.627234597866785
Luegen,155,SIGNAL4D_v5,True,36.10679158785824,,12.261362541107765,26.78934417604059,37.17343371131266,23.90416579063702,,12.261362541107768
Luegen,157,SIGNAL4D_v5,True,37.530862868868,,11.822689270635646,28.426192848450917,38.69532802082278,25.2703774981722,,11.822689270635646
Luegen,159,SIGNAL4D_v5,True,36.62077283413325,,11.669056128568114,28.827801345219235,36.61700966163221,25.675007429594125,,11.669056128568114
Muell,160,SIGNAL4D_v5,True,37.0187176506194,,15.559051918216943,29.03664774699873,43.61342873600534,25.27755097633738,,15.559051918216946
Muell,162,SIGNAL4D_v5,True,36.633869890094104,,13.653882052263372,26.37870436723205,38.530563420442625,23.238564892333443,,13.65388205226337
Muell,164,SIGNAL4D_v5,True,40.47532373273619,,12.74778361791635,28.221227708010947,39.58151685906775,25.189313428866623,,12.747783617916348
Muell,166,SIGNAL4D_v5,True,39.41198111830577,,8.647353530546933,29.360445433821603,39.06738641397665,26.020928689363398,,8.647353530546933
Muell,168,SIGNAL4D_v5,True,38.64358145320116,,7.914293564284938,29.023741186570295,38.42049537265836,26.026368953982757,,7.9142935642849395
Muell,170,SIGNAL4D_v5,True,41.64711299573217,,9.853847950534801,30.187476960492578,41.96963226362565,26.813179246639503,,9.8538479505348
Mutter,186,SIGNAL4D_v5,True,51.900582118236,,8.651805919591826,46.09121708229477,59.04531670269554,40.56845499690544,,8.651805919591826
Mutter,188,SIGNAL4D_v5,True,51.52420776306459,,9.011324556484787,45.30554704620009,56.86406586034755,40.01636769632215,,9.011324556484787
Mutter,190,SIGNAL4D_v5,True,48.2766291895166,,7.534084559853559,41.35316631212227,52.4385414477669,36.50646789429298,,7.534084559853561
Mutter,192,SIGNAL4D_v5,True,49.64747994851034,,7.582372515482392,41.64907117549361,51.28030707701357,36.7474725969095,,7.582372515482393
Mutter,194,SIGNAL4D_v5,True,44.783348284543784,,8.077233390797078,34.014163879543055,43.00100622247674,30.11486465343155,,8.077233390797076
Mutter,196,SIGNAL4D_v5,True,46.673779714824654,,7.582014036176631,31.5584166600345,41.19818669220535,28.582591857838462,,7.5820140361766315
Mutter,198,SIGNAL4D_v5,True,41.693027326308645,,8.00280818810308,28.89233574306729,38.45150048509734,25.58225435553199,,8.002808188103078
Mutter,200,SIGNAL4D_v5,True,41.075462344150324,,7.369649313767227,27.07195586867261,38.47834212707087,23.86223008057724,,7.369649313767228
Mutter,202,SIGNAL4D_v5,True,42.95037559130306,,7.630723110359755,28.918052446333277,42.76808257281217,25.451320038678784,,7.630723110359756
Mutter,204,SIGNAL4D_v5,True,43.09758353544695,,9.005884113393291,35.64500817341702,54.01540947822925,30.5468688520289,,9.00588411339329
Mutter,206,SIGNAL4D_v5,True,47.1440768009403,,11.292585146896084,42.07323587268789,63.41440488880466,36.4918221540832,,11.292585146896084
Naehen,201,SIGNAL4D_v5,False,39.167279242902545,15.911047867123141,9.85452655268885,21.67214826204105,31.768361201858497,19.563884848515233,15.911047867123141,9.85452655268885
Naehen,203,SIGNAL4D_v5,False,36.068289301553115,17.6517092421726,10.411784299721688,22.41502485778175,31.898529278926052,19.88483659951138,17.6517092421726,10.411784299721688
Naehen,205,SIGNAL4D_v5,False,36.04104614983055,15.995473364035837,10.972726473521822,23.566290159337054,34.036118443831604,20.795580478523654,15.995473364035837,10.972726473521826
Naehen,207,SIGNAL4D_v5,False,36.067981610769245,16.142641175467034,10.520772841836294,23.281818037828977,33.39151259167217,20.558293926296408,16.142641175467034,10.520772841836289
Naehen,209,SIGNAL4D_v5,False,36.00238332342106,16.319699215463757,10.528429985689058,22.382537284070022,31.823833718968743,19.83649822809188,16.319699215463757,10.528429985689058
Naehen,211,SIGNAL4D_v5,False,36.62110724528669,15.941677108003045,10.711057453454751,23.25430483624068,33.368873838977215,20.558990979655313,15.941677108003041,10.711057453454748
Naehen,213,SIGNAL4D_v5,False,36.36397795788941,17.35524121978464,11.027930132114163,20.55500198801642,30.285072975242223,18.049595234212607,17.35524121978464,11.027930132114166
Naehen,215,SIGNAL4D_v5,False,37.191611735864505,16.015141452982565,10.671162068916603,23.5774262674864,34.77526108347236,20.797129910744353,16.015141452982565,10.6711620689166
Naehen,217,SIGNAL4D_v5,False,37.26801877212491,15.802690070270346,11.437740152296886,22.60125254305634,31.956879463820407,20.035889801512685,15.802690070270343,11.437740152296884
Naehen,219,SIGNAL4D_v5,False,36.124949586156674,14.142540499437938,11.337255525364993,24.91590992434509,34.20192921677659,22.227252901885866,14.142540499437938,11.337255525364993
Naehen,221,SIGNAL4D_v5,False,36.357380292598485,11.886689773039917,10.592528634158871,24.301586497616153,34.61044922810835,21.364194942895317,11.886689773039915,10.59252863415887
Naehen,223,SIGNAL4D_v5,False,35.375347304026135,12.621716487856219,10.543126367089885,24.203108044464802,32.736877976681356,21.449602671145357,12.621716487856219,10.543126367089885
Naehen,225,SIGNAL4D_v5,False,34.60925694382715,12.097716156387733,10.371869957594702,28.157244622788035,36.99684662463076,25.21222910075898,12.097716156387735,10.371869957594702
Naehen,227,SIGNAL4D_v5,False,38.82420019089503,18.842423809147526,11.187540069197864,36.48051433402868,43.02525127952853,32.598027620217394,18.84242380914753,11.187540069197864
Naehen,229,SIGNAL4D_v5,False,45.60928265717388,27.015964288855155,13.06001544713647,47.44211379837499,63.51793157784066,41.646704430488455,27.01596428885516,13.060015447136468
Nebel,196,SIGNAL4D_v5,False,43.2963874394737,10.109231199762736,7.738539694719121,35.62795500264361,57.82872890153412,30.737610552590585,10.109231199762732,7.738539694719121
Nebel,198,SIGNAL4D_v5,False,52.98813528587979,10.170690853180453,8.032484733751684,44.74119301897741,67.5278262087306,38.789716677486254,10.170690853180453,8.032484733751682
Nebel,200,SIGNAL4D_v5,False,46.87764259967289,12.163814099253928,8.781717636420474,40.57070231335133,57.2602211478259,35.55729660427186,12.163814099253932,8.781717636420474
Nebel,202,SIGNAL4D_v5,False,46.06003621524328,10.348583684774853,10.879254339288252,41.00012330549243,56.14718927708049,36.19345780970652,10.348583684774855,10.879254339288252
Nebel,204,SIGNAL4D_v5,False,41.47317187826228,10.744413437147163,11.459865112333507,34.21712055503111,46.779471435122005,30.13992760751525,10.744413437147166,11.459865112333507
Nebel,206,SIGNAL4D_v5,False,45.31430746519772,11.470012925037938,14.191524438798083,38.8102722527934,58.500518021208,33.465043987952384,11.470012925037933,14.191524438798085
Nebel,208,SIGNAL4D_v5,False,47.43944324372499,13.607479886023029,13.006620368531477,46.3637769864343,73.95256618631012,39.59308808450852,13.607479886023027,13.006620368531477
Neu,134,SIGNAL4D_v5,False,42.1516718341403,13.854220210727702,11.298340607152483,29.223457315023275,41.39633950135669,26.201870806411694,13.854220210727702,11.298340607152483
Neu,136,SIGNAL4D_v5,False,42.98241970497721,14.212520192321863,11.5884569650321,31.623438461744243,45.81088955503152,28.066202422645443,14.212520192321865,11.5884569650321
Neu,138,SIGNAL4D_v5,False,40.08741259135017,18.645887098169016,10.118252661188416,28.03773044936013,41.81261755562451,25.448144118928028,18.645887098169013,10.118252661188414
Neu,140,SIGNAL4D_v5,False,40.1568739765333,12.206470000983295,10.033201845044488,31.210872215752595,47.036631673404415,28.04856146854347,12.206470000983295,10.033201845044488
Neu,142,SIGNAL4D_v5,False,39.43147050890356,19.303904317459246,10.067249668403983,28.499027966065697,43.03695312203701,25.76005467876008,19.303904317459242,10.067249668403983
Neu,144,SIGNAL4D_v5,False,39.35543582577465,12.743490781403782,10.594317954472286,30.77636225177943,46.17798495328288,27.32424108800251,12.743490781403786,10.594317954472286
Neu,146,SIGNAL4D_v5,False,39.351988242112995,17.916051548789653,10.449853748296018,27.339948779812968,40.75598808295326,24.863487086124348,17.916051548789653,10.449853748296022
Neu,148,SIGNAL4D_v5,False,39.65669162528928,17.983975605406837,9.560456132322818,23.344295983593156,34.45116231959434,21.116132127486637,17.983975605406837,9.56045613232282
Neu,150,SIGNAL4D_v5,False,42.318556113961314,14.5707561164044,10.855915723603708,27.75138279249459,40.904747297105835,25.256881323945628,14.5707561164044,10.855915723603708
Neu,152,SIGNAL4D_v5,False,42.370734563570466,11.786214907029331,9.609062397567119,28.52147337241864,42.97505398407725,25.728705436262576,11.78621490702933,9.609062397567119
Neu,154,SIGNAL4D_v5,False,37.409772116465334,18.800146325473182,7.81982208461302,26.343342898704275,37.44625338168856,23.52255433799675,18.800146325473182,7.819822084613018
Neu,156,SIGNAL4D_v5,False,37.85219811812291,11.730595497174148,6.497973062180258,26.744451920699216,39.988431730707106,23.85297680861744,11.730595497174148,6.497973062180256
Neu,158,SIGNAL4D_v5,False,35.4375252753385,19.21503056178079,5.922341470000541,22.821761696256374,32.29865107945514,20.27528997834361,19.215030561780786,5.92234147000054
Neu,160,SIGNAL4D_v5,False,40.54319937090279,18.160052450675032,8.87672895680772,28.24710223836428,42.76185723453687,24.764134623111918,18.16005245067503,8.876728956807717
Neu,162,SIGNAL4D_v5,False,39.82225506232889,24.927172062293682,10.582692551474741,30.046374001290168,41.099182259108865,26.454530453447575,24.927172062293682,10.582692551474741
Neu,164,SIGNAL4D_v5,False,42.441254535498985,27.373515078843674,12.98761296171762,31.91681373213686,45.97072277489269,27.791233453634852,27.37351507884368,12.98761296171762
Neu,166,SIGNAL4D_v5,False,39.995368182265985,30.649980848729435,14.906219867049462,31.773897348650124,43.3662593021997,28.332900375279557,30.649980848729435,14.90621986704946
Neu,168,SIGNAL4D_v5,False,44.232014278408,39.96882513865732,18.50620241701443,42.64072259952018,56.69416672766898,37.72506158100081,39.96882513865732,18.50620241701443
Operieren,261,SIGNAL4D_v5,False,37.83716654074336,13.477783247893855,10.663015994782217,26.864262254407524,39.060435145543174,23.444797813888535,13.477783247893855,10.663015994782217
Operieren,263,SIGNAL4D_v5,False,39.04810021509363,13.440918251438482,10.551508218613204,26.520994422430363,40.45589723939109,23.115910746213114,13.440918251438479,10.5515082186132
Operieren,265,SIGNAL4D_v5,False,38.46572081764395,14.168093356554863,10.920974995686235,25.086758530523316,36.833211127291314,22.000571039913453,14.168093356554866,10.920974995686235
Operieren,267,SIGNAL4D_v5,False,36.83803824769936,13.1693612442871,11.023521164419313,23.762073881006767,36.16856012254626,20.593133399544204,13.169361244287098,11.023521164419313
Operieren,269,SIGNAL4D_v5,False,37.524158950832586,13.355253301592246,10.254224813018842,24.31795937634717,37.07376289005736,21.091397080501125,13.355253301592247,10.25422481301884
Operieren,271,SIGNAL4D_v5,False,40.262906081733774,13.121687132374733,9.604573703159073,24.858892857892354,38.53553813655691,21.44221963635755,13.12168713237473,9.604573703159073
Operieren,273,SIGNAL4D_v5,False,35.903370075959174,13.322128276845092,8.83277681827392,24.438469725633876,37.509147666538695,20.99873868836397,13.32212827684509,8.832776818273922
Operieren,275,SIGNAL4D_v5,False,37.843355916982205,13.449688144354209,6.843802472328058,23.19772161645051,36.48064378859458,19.845784334757212,13.449688144354207,6.843802472328057
Operieren,277,SIGNAL4D_v5,False,42.47028955901552,13.798000125458561,5.958149122790046,24.511504314098307,38.6804972801796,21.01759997956551,13.798000125458563,5.958149122790047
Operieren,279,SIGNAL4D_v5,False,40.654608551678656,14.61434285912685,6.867882763510872,26.673816297485022,41.49017377839448,22.962413255266814,14.614342859126852,6.8678827635108695
Operieren,281,SIGNAL4D_v5,False,37.15262213239723,18.98817731290768,9.012183452857014,28.063114265301742,40.19727601304844,24.337691894638404,18.98817731290768,9.012183452857016
Operieren,283,SIGNAL4D_v5,False,38.435898425815566,16.028676078797297,11.60470087428149,32.014290755184945,43.3801585475925,27.912995228632738,16.0286760787973,11.60470087428149
Operieren,285,SIGNAL4D_v5,False,38.47707862790696,14.368004053657199,11.060860917234864,31.152925142904486,41.47615444518242,27.287424128128773,14.368004053657199,11.060860917234862
Operieren,287,SIGNAL4D_v5,False,33.63554654902929,15.297093317133085,11.205352874209904,27.644467164996055,36.955800102673386,24.28013459356986,15.297093317133088,11.205352874209902
Operieren,289,SIGNAL4D_v5,False,40.171800820761405,15.289691951577488,9.931079958071448,35.934846854255746,42.546623148120446,32.05764119788428,15.28969195157749,9.931079958071448
Operieren,291,SIGNAL4D_v5,False,43.084529507871636,14.87613313394913,11.217529955252509,40.9752997875242,49.97589262389943,36.420575497974646,14.87613313394913,11.217529955252505
Operieren,293,SIGNAL4D_v5,False,40.918353747395415,14.784096543166157,12.274778355766713,41.30345545909995,52.24723253045714,36.5077383031779,14.784096543166157,12.274778355766715
Operieren,295,SIGNAL4D_v5,False,45.134930500360205,14.37892688059688,15.01485117497218,47.48238486401035,60.8673645837332,41.91817641073657,14.37892688059688,15.01485117497218
Operieren,297,SIGNAL4D_v5,False,49.32428150671243,35.179949814448264,19.613836968284254,53.06631321012627,65.40107488640894,47.16489228252672,35.179949814448264,19.613836968284254
Regen,196,SIGNAL4D_v5,False,45.291846733856836,16.36006265684031,13.577113948475201,44.66287961355089,49.832252780296,40.23750272713915,16.360062656840313,13.577113948475205
Regen,198,SIGNAL4D_v5,False,45.41554862828509,11.199584208061388,12.697719862994724,42.484108623876814,49.683163040533444,38.03565789007057,11.199584208061387,12.69771986299473
Regen,200,SIGNAL4D_v5,False,46.26834662891199,11.403268289318428,12.324544274263562,43.11812512732209,50.88120014618297,38.533443057549654,11.403268289318431,12.324544274263562
Regen,202,SIGNAL4D_v5,False,48.575616805648686,14.244004222314324,11.21754556240077,48.26569755533756,50.649024210287294,43.7619635054981,14.24400422231432,11.21754556240077
Regen,204,SIGNAL4D_v5,False,45.89240030543985,10.885057242234863,11.410075507100906,43.936308792994225,49.10066575660452,39.66740260294487,10.885057242234861,11.4100755071009
SauerWuetend,191,SIGNAL4D_v5,True,48.809342668019575,,11.288998092482121,40.4333404382412,47.62742946402323,36.55652585131088,,11.288998092482126
SauerWuetend,193,SIGNAL4D_v5,True,50.9752604803987,,13.017978072143956,42.63937492816817,49.43875820556607,38.100828834129146,,13.017978072143956
SauerWuetend,195,SIGNAL4D_v5,True,51.7689391174798,,11.540971738347938,41.20656130319008,47.539421964596215,37.05545379197029,,11.54097173834794
SauerWuetend,197,SIGNAL4D_v5,True,49.35867692913313,,10.499395745103369,39.32087665069959,46.57192418729311,35.22790428167279,,10.499395745103369
SauerWuetend,199,SIGNAL4D_v5,True,45.81578360251153,,12.358259412911304,35.593369839695136,41.97908874551356,32.13519647716191,,12.358259412911304
SauerWuetend,201,SIGNAL4D_v5,True,40.33376552089846,,8.73017453990268,28.563778813687698,39.01730196552661,25.954664777931427,,8.73017453990268
SauerWuetend,203,SIGNAL4D_v5,True,41.31704197673293,,8.778734836571973,27.390567971266442,39.95469548427278,23.99168855615403,,8.778734836571973
SauerWuetend,205,SIGNAL4D_v5,True,40.13959857155166,,8.099687044241392,28.859587473801323,40.911724306148166,25.69784810158367,,8.099687044241394
SauerWuetend,207,SIGNAL4D_v5,True,39.802508828842186,,8.877523136906374,28.845229316431634,40.85895034896746,25.435341983203543,,8.877523136906376
SauerWuetend,209,SIGNAL4D_v5,True,37.599210049424855,,10.667357397656444,30.242826134551137,42.13151645700025,26.548021527585902,,10.667357397656444
SauerWuetend,211,SIGNAL4D_v5,True,44.759004857096166,,15.821863884924278,38.60505528721922,56.70276079757591,33.71089740922377,,15.821863884924278
Schreiben,209,SIGNAL4D_v5,False,47.969390677986745,10.141717625048557,8.00803884914709,34.13429561880711,53.77603264926753,29.003293230562328,10.141717625048557,8.00803884914709
Schreiben,211,SIGNAL4D_v5,False,46.28061291140927,12.62951351714873,8.009404345755886,32.44697508282695,52.5623260584604,27.455702215907174,12.629513517148728,8.009404345755888
Schreiben,213,SIGNAL4D_v5,False,43.223542390250316,10.756651334961255,9.334491300429217,31.55082836776671,51.5464093995167,26.707116269584873,10.756651334961253,9.334491300429217
Schreiben,215,SIGNAL4D_v5,False,39.40522105355529,12.565452840293654,7.9317620020492825,32.17337268319107,48.774592853178355,27.660707345725434,12.565452840293654,7.9317620020492825
Schreiben,217,SIGNAL4D_v5,False,41.683818815836005,10.80558399937964,8.13980839426216,27.454549042638547,43.78479751099858,23.83666171137195,10.805583999379639,8.13980839426216
Schreiben,219,SIGNAL4D_v5,False,41.39138449756492,10.397277058698789,9.7158586897187,24.501048774191716,38.05183235906009,21.30362690338174,10.397277058698789,9.7158586897187
Schreiben,221,SIGNAL4D_v5,False,41.32111622191632,9.706430870892115,11.294616871113169,39.30355002578506,53.636368533291716,34.303422823160865,9.706430870892115,11.29461687111317
Schreiben,223,SIGNAL4D_v5,False,45.389073759978,9.254821730040572,12.879169186843825,46.35358441816037,59.1377173397219,41.062903998384826,9.254821730040572,12.879169186843828
Schreiben,225,SIGNAL4D_v5,False,45.43278236613687,12.306155295086258,13.400233544297103,46.17811224647818,58.52397669135684,40.98564312931592,12.306155295086258,13.400233544297107
Schreiben,227,SIGNAL4D_v5,False,54.60514563429125,12.716658191506626,13.549184943845413,56.24988716054152,58.78878786571201,50.975585793983804,12.716658191506626,13.549184943845413
Schreiben,229,SIGNAL4D_v5,False,54.43400681526281,10.826289913501963,14.353737897162725,52.25158496841457,59.27585143049691,46.73400652191293,10.826289913501963,14.353737897162725
Schwach,188,SIGNAL4D_v5,False,52.06643309326642,10.246488822511548,10.316791361145691,52.28945180057627,60.33664654708143,47.36875881190882,10.246488822511548,10.316791361145693
Schwach,190,SIGNAL4D_v5,False,50.476538631301345,10.522999943806658,10.507090139991996,48.39875815436937,64.65301740737786,42.54226567339541,10.522999943806658,10.507090139991996
Schwach,192,SIGNAL4D_v5,False,50.952429517103525,10.012629543553464,10.223571487179527,51.71915289019116,58.79300077102491,46.92965548224242,10.012629543553462,10.223571487179523
Schwach,194,SIGNAL4D_v5,False,52.18816454931658,10.196794675240906,10.36843949535168,51.49011452837211,64.19876541826507,45.909717551077144,10.196794675240907,10.368439495351684
Schwach,196,SIGNAL4D_v5,False,51.49460308472357,10.167711884050894,9.985940542852646,50.39191764401494,62.41213259209991,44.961776117326316,10.167711884050895,9.985940542852646
Schwach,198,SIGNAL4D_v5,False,48.29169649444696,9.94429931137486,10.18833598139203,47.79574974894706,59.26961839221886,42.63262422821133,9.944299311374857,10.18833598139203
Schwach,200,SIGNAL4D_v5,False,51.19064783452431,10.46062667258373,9.774961579726197,49.88886434428686,60.910218425849585,44.672813621356404,10.460626672583736,9.774961579726195
Schwach,202,SIGNAL4D_v5,False,51.023163309575956,10.08151944841803,10.309509569234418,50.216473871510246,60.17622050796364,45.09737162102728,10.081519448418032,10.309509569234416
Schwach,204,SIGNAL4D_v5,False,52.153683734323906,10.338777000530605,11.400309108462384,50.16733608168196,54.95063318000681,45.54196282183095,10.338777000530605,11.400309108462384
Schwach,206,SIGNAL4D_v5,False,53.32909084715444,10.265899115251383,10.716049192004368,51.86435248975505,56.12814820705791,47.1465563606166,10.265899115251385,10.716049192004368
Schwach,208,SIGNAL4D_v5,False,54.38686678022644,10.543482926182854,10.374827623119872,53.4179964829557,53.979591362529035,48.81454230159458,10.543482926182852,10.374827623119868
Schwach,210,SIGNAL4D_v5,False,61.82055368055724,12.961432044240428,11.76506880528876,62.21647510389895,66.12297374911772,56.247844059306864,12.961432044240428,11.76506880528876
Schwach,212,SIGNAL4D_v5,False,59.45434208802647,13.428373531499961,11.900025044580213,60.52842204451137,62.87275640173158,54.940554824138395,13.428373531499961,11.900025044580213
Schwach,214,SIGNAL4D_v5,False,60.572258009206024,12.403072047108369,16.932477608372757,61.06495813338845,65.17409947575246,55.13245904591692,12.403072047108367,16.932477608372757
Schwer,199,SIGNAL4D_v5,False,34.79755659570629,13.282128569307185,16.0473453862231,23.656286343266935,32.84562170235322,20.83677989819172,13.28212856930719,16.0473453862231
Schwer,201,SIGNAL4D_v5,False,39.33340477335256,13.745120315975635,15.811368843197258,23.787976390811775,33.80522387432716,21.628299722727764,13.745120315975635,15.811368843197254
Schwer,203,SIGNAL4D_v5,False,40.36510080054414,12.98648561970769,16.17651732792708,23.694001648709406,34.04929063340667,21.542927287921636,12.98648561970769,16.176517327927076
Schwer,205,SIGNAL4D_v5,False,42.00175008476285,12.753857550874887,16.282895259154763,26.16089987015189,36.99864124902988,23.751481642779613,12.753857550874885,16.282895259154763
Schwer,207,SIGNAL4D_v5,False,39.949222411742085,12.44706360652558,15.971520246313709,25.819645224679626,36.26733851579447,23.358326033783673,12.44706360652558,15.971520246313709
Schwer,209,SIGNAL4D_v5,False,40.18545360359969,12.307891649862789,14.781669987815715,25.197617135433177,36.60156032174706,22.89210306162254,12.307891649862789,14.781669987815715
Schwer,211,SIGNAL4D_v5,False,37.53436060280859,13.01566194804131,14.400722677757562,27.749300881892996,32.57167201671702,24.986914845647156,13.015661948041311,14.400722677757562
Schwer,213,SIGNAL4D_v5,False,35.11179561553299,11.162264266988696,10.204375439901181,26.20433665388494,32.455126250178616,23.527873828604523,11.162264266988695,10.204375439901181
Schwer,215,SIGNAL4D_v5,False,37.89314579002043,9.713564729365531,9.965623129970663,23.490313013964176,34.186563493787254,21.16737752828541,9.713564729365531,9.965623129970663
Schwer,217,SIGNAL4D_v5,False,39.654799341203805,10.351132462841504,8.609039002899776,24.244373303082934,35.760856673999484,21.820869057684543,10.351132462841504,8.609039002899776
Schwer,219,SIGNAL4D_v5,False,35.59229966589427,9.12813494246769,7.3857461369496535,24.016548186376294,32.08977599456857,21.207075537131278,9.12813494246769,7.385746136949651
Schwer,221,SIGNAL4D_v5,False,42.30044628559687,9.584002629177656,6.423381207542777,37.215109312839544,38.91914885204929,33.85855041727337,9.584002629177656,6.423381207542776
Schwer,223,SIGNAL4D_v5,False,54.922146748754116,11.807984055296247,7.012989344035716,52.813939701839686,56.99754675490626,47.77267786721688,11.807984055296249,7.012989344035717
Schwer,225,SIGNAL4D_v5,False,59.367866391293035,11.800034008925824,10.820957373608577,60.58198265688026,60.89612295579168,55.12735051151231,11.80003400892582,10.820957373608577
Sonne,198,SIGNAL4D_v5,True,42.98327686279757,,86.07601753138087,44.115741614435066,72.55101295066544,37.0059548164904,,86.07601753138088
Sonne,200,SIGNAL4D_v5,True,41.82701265752427,,85.5323089883367,38.66807993432454,68.9655048239522,32.04243157127358,,85.5323089883367
Sonne,202,SIGNAL4D_v5,True,42.36345487434414,,84.8050527358387,38.104475328637626,67.61535659625461,31.796627463766708,,84.8050527358387
Sonne,204,SIGNAL4D_v5,True,43.43242796525709,,83.20052691373412,37.91707344207894,66.86769075137556,31.352773382698,,83.20052691373412
Sonne,206,SIGNAL4D_v5,True,43.34283416635184,,81.41738369870282,38.233392925384884,67.44829373450904,31.592694076522555,,81.41738369870282
Sonne,208,SIGNAL4D_v5,True,43.95875429694817,,78.96041514542468,39.0999046079712,69.46579556953786,32.336863983545996,,78.96041514542468
Sonne,210,SIGNAL4D_v5,True,36.917005263524004,,8.63481610574929,29.053988219723387,37.116480150665716,25.545764626666706,,8.63481610574929
Sonne,212,SIGNAL4D_v5,True,37.018174128470974,,5.6812505464251535,25.370156399700132,33.63505405436665,22.261715377332322,,5.6812505464251535
Sonne,214,SIGNAL4D_v5,True,41.67683198803672,,6.716704615040315,27.79629350107869,37.465472505132944,24.43608680584927,,6.716704615040314
Sonne,216,SIGNAL4D_v5,True,40.44582950515575,,6.839249661816195,26.275149044151718,38.06236269402384,22.93929601002601,,6.839249661816194
Sonne,218,SIGNAL4D_v5,True,40.9024541434426,,8.392840101090737,25.730733471000285,38.97887917034708,22.50684932879052,,8.392840101090737
Sonne,220,SIGNAL4D_v5,True,37.684376147268345,,8.374770149165322,28.438973541159456,40.16527673085765,24.660750753866726,,8.374770149165322
Sonne,222,SIGNAL4D_v5,True,40.585178272290094,,9.948601694210211,36.349743035744304,47.56496721195167,31.742549762788606,,9.948601694210213
Sonne,224,SIGNAL4D_v5,True,47.10994238970707,,11.770932233561254,43.93110800261143,55.127054055083086,38.81533337241441,,11.770932233561254
Sorry,196,SIGNAL4D_v5,True,49.45840363606911,,21.02883876906792,38.495339947735886,50.25639733235434,34.11546326727153,,21.02883876906792
Sorry,198,SIGNAL4D_v5,True,49.68924305750629,,17.85757468333957,41.97523407895694,53.795004401630166,37.149075138483624,,17.85757468333957
Sorry,200,SIGNAL4D_v5,True,51.89539460781914,,19.11470064867057,42.142326295295476,53.52169448355673,37.25095990116887,,19.11470064867057
Sorry,202,SIGNAL4D_v5,True,48.05755717846897,,17.099975379099124,36.30972646639196,46.65985256862577,32.03676347593841,,17.099975379099124
Sorry,204,SIGNAL4D_v5,True,45.011087532353706,,18.329514922294717,36.79310362171767,50.0814107918301,31.793832193436273,,18.329514922294717
Sorry,206,SIGNAL4D_v5,True,43.39070287293907,,13.951415124594813,34.450608972151194,43.96974787265417,30.03536921171409,,13.951415124594813
Sorry,208,SIGNAL4D_v5,True,42.49209582510379,,11.589607638711787,35.08640834123278,44.24853270022644,30.590029218597866,,11.589607638711783
Sorry,210,SIGNAL4D_v5,True,38.67722265303924,,11.587084933238806,30.80062246531041,39.97072087613532,26.89606901618376,,11.587084933238806
Sorry,212,SIGNAL4D_v5,True,41.13126014596374,,11.669790449450558,29.754686282154427,38.78472499069615,26.094377178126482,,11.669790449450556
Sorry,214,SIGNAL4D_v5,True,38.23039099233074,,11.14326209121099,28.513134062329478,37.78365076686911,25.171197082011027,,11.14326209121099
Sorry,216,SIGNAL4D_v5,True,35.60743529279694,,10.030420215724035,27.381526880025557,35.83589657781856,24.19116443211143,,10.030420215724034
Sorry,218,SIGNAL4D_v5,True,35.280717873333415,,10.476830553138502,25.72199779086129,35.34402545895409,22.54313721992164,,10.476830553138502
Sorry,220,SIGNAL4D_v5,True,38.59488774554787,,9.074583301159834,32.956205788395906,46.20550804739713,28.223239182403933,,9.074583301159834
Sorry,222,SIGNAL4D_v5,True,40.59409965411994,,8.978806529472113,39.000634171966,54.0110675567315,33.33876330796258,,8.97880652947211
SparenSparsam,191,SIGNAL4D_v5,False,35.325657254762426,15.83945287365153,11.512008750817287,24.916485399512972,34.82300308563163,21.8860035501057,15.83945287365153,11.512008750817287
SparenSparsam,193,SIGNAL4D_v5,False,36.16227892545746,18.337732761336763,11.992273391631782,23.863529587300864,34.80272793961736,20.958986926538806,18.337732761336767,11.992273391631782
SparenSparsam,195,SIGNAL4D_v5,False,37.298508289773636,16.41461246679482,10.94869214150899,22.65069125063338,34.151373655641635,19.560278912365483,16.41461246679482,10.94869214150899
SparenSparsam,197,SIGNAL4D_v5,False,38.72633450588509,15.463329643324792,10.034872994861955,23.972669757567257,34.86591453402298,21.055523094435816,15.463329643324792,10.034872994861953
SparenSparsam,199,SIGNAL4D_v5,False,36.74399816276125,15.140811497391521,10.414459349761193,25.133481682019006,37.22703641974145,22.199282270368318,15.140811497391521,10.414459349761193
SparenSparsam,201,SIGNAL4D_v5,False,40.52834400606394,16.09008700848675,12.384126345533558,36.773104020883665,51.39325841005086,32.0974148806807,16.09008700848675,12.384126345533554
SparenSparsam,203,SIGNAL4D_v5,False,43.90741304795477,23.63320260055782,11.346347221415186,37.23161796867525,52.42810748375389,32.526553805914226,23.633202600557812,11.346347221415186
SparenSparsam,205,SIGNAL4D_v5,False,41.96524892787057,17.770256674919576,10.711418631093908,37.85389111991641,43.8359106933678,34.15022244751699,17.770256674919576,10.711418631093906
SparenSparsam,207,SIGNAL4D_v5,False,42.53168454848999,32.10305316462033,11.970082185456015,35.125943025812184,46.813988673299264,31.11536007347061,32.10305316462032,11.970082185456015
Spezial,165,SIGNAL4D_v5,False,36.60677087851784,8.977930586298102,13.838602451620824,26.28663494605106,35.110332585725565,23.60892094129012,8.977930586298104,13.838602451620824
Spezial,167,SIGNAL4D_v5,False,34.26295778905963,9.298965008887592,13.74215261813278,25.841946785602573,35.7174762492396,22.87830704982178,9.298965008887595,13.742152618132774
Spezial,169,SIGNAL4D_v5,False,35.40232218789754,9.48535217837756,13.3542503757007,25.786748610100375,35.036833778777215,22.874357888822836,9.485352178377559,13.3542503757007
Spezial,171,SIGNAL4D_v5,False,35.13373320710832,9.118278774731744,13.066568974822124,24.83440207062141,32.38767727777872,22.161482799129654,9.118278774731747,13.066568974822125
Spezial,173,SIGNAL4D_v5,False,38.587762183554815,8.796682590612658,13.591694506028055,26.311823111056427,34.8474298082859,23.702579933420797,8.796682590612658,13.591694506028054
Spezial,175,SIGNAL4D_v5,False,36.082864999901815,9.083795051016034,11.627938119500001,24.543870200762125,32.75207833248498,22.069932253415278,9.083795051016034,11.6279381195
Spezial,177,SIGNAL4D_v5,False,37.41187236001499,9.412123834420884,11.385223179195172,25.419536870695453,34.16779343314366,22.772088014954583,9.412123834420882,11.385223179195172
Spezial,179,SIGNAL4D_v5,False,36.59675161017821,7.886925641756257,9.783623402709155,24.88185787664438,31.94678426030791,22.474691637546076,7.886925641756255,9.783623402709155
Spezial,181,SIGNAL4D_v5,False,37.41383716045912,8.826846258313896,8.157216737332318,24.008885459009946,31.47102502725948,21.552728766486187,8.826846258313896,8.157216737332314
Spezial,183,SIGNAL4D_v5,False,36.99298170584832,8.83884734855362,8.381514625062698,24.20890262345523,30.814807851942625,21.812199934543685,8.838847348553616,8.381514625062696
Spezial,185,SIGNAL4D_v5,False,34.19738539929364,9.023123919194123,8.855960419800477,24.003426144549664,28.473403653190346,21.342200168041817,9.023123919194127,8.855960419800477
Spezial,187,SIGNAL4D_v5,False,46.137486777874635,9.998467902417978,9.493612461957301,40.326422327925464,45.48215682063067,36.1405315422754,9.998467902417977,9.493612461957301
Spezial,189,SIGNAL4D_v5,False,47.40178112356716,11.472129941190566,10.606345777662371,46.71299828124026,47.46499942073722,42.62295379362855,11.472129941190566,10.60634577766237
Spezial,191,SIGNAL4D_v5,False,58.13827886161525,15.600798672476808,15.926261056908697,53.46597561071976,58.010689400951115,48.00224422053572,15.60079867247681,15.9262610569087
Tisch,169,SIGNAL4D_v5,False,37.02947444708889,12.075738410048576,15.329848888459864,28.459841862783083,43.119992647792515,24.424551736854696,12.07573841004858,15.329848888459862
Tisch,171,SIGNAL4D_v5,False,143.58667594919794,13.231186151453759,68.81062523304924,184.26871192998763,290.1731778576122,156.52427493025226,13.231186151453757,68.81062523304925
Tisch,173,SIGNAL4D_v5,False,142.3237289484777,12.300346118310658,69.01049798166507,185.18291219819042,291.9173947044868,157.26031223401367,12.300346118310657,69.01049798166507
Tisch,175,SIGNAL4D_v5,False,40.411570542597794,12.788707274094948,18.966603043687527,29.28987472507008,42.18340898082511,25.086641859543615,12.788707274094948,18.966603043687527
Tisch,177,SIGNAL4D_v5,False,43.6511262838507,15.143068620959882,19.303440907820566,34.51393327881202,49.317445619588995,29.660962511757425,15.143068620959882,19.303440907820566
Tisch,179,SIGNAL4D_v5,False,41.917650659740836,12.017511699442151,15.950459714886701,33.521315696924134,48.05578698430183,28.7626538037143,12.017511699442151,15.950459714886701
Tisch,181,SIGNAL4D_v5,False,40.76466825500054,13.460174002424186,16.184371329713393,29.905818376681026,42.020783035341786,25.707920420501942,13.46017400242418,16.184371329713397
Tisch,183,SIGNAL4D_v5,False,44.17698623582675,11.978473783038513,15.021784257788664,32.25855932339425,44.61298192304446,27.833630840847174,11.978473783038513,15.021784257788664
Tisch,185,SIGNAL4D_v5,False,42.34337372715884,11.959370891402097,16.43573907142688,33.97773609933171,45.49041151756743,29.509904859296604,11.959370891402097,16.43573907142688
Tisch,187,SIGNAL4D_v5,False,42.3014559453843,12.239381154708875,17.656223265480946,33.0918099005941,44.24541987515685,28.708702875930296,12.239381154708873,17.65622326548095
Tisch,189,SIGNAL4D_v5,False,40.85014103570772,11.67120107342973,15.276985119456839,32.315090632079205,44.132487279360404,28.074185528019704,11.67120107342973,15.276985119456839
Tisch,191,SIGNAL4D_v5,False,37.42483965341726,11.487380906125175,14.427593126180527,31.117138357546445,44.65768631688034,26.76595327671912,11.487380906125175,14.427593126180527
Tisch,193,SIGNAL4D_v5,False,43.019456619346705,11.516371186795102,11.91316207594969,34.27375764436257,49.77945406466899,29.517656370874587,11.516371186795103,11.91316207594969
Tisch,195,SIGNAL4D_v5,False,42.26986254332226,9.169782553517436,11.133192276541033,30.621598560357498,47.550313305536285,26.00708178474992,9.169782553517436,11.133192276541036
Tisch,197,SIGNAL4D_v5,False,43.034787102726476,8.0840105785741,11.805494001439035,33.32948869019588,48.649237973736945,28.67871280886629,8.084010578574103,11.805494001439033
Tisch,199,SIGNAL4D_v5,False,40.96666784803069,7.303247382115216,12.145115565340008,28.11688294261655,40.70028849506789,24.43664534126889,7.303247382115214,12.145115565340008
Tisch,201,SIGNAL4D_v5,False,42.852259169932495,7.728238797659628,13.092903529029346,32.27765971340988,42.042582522660496,28.626859913600175,7.728238797659627,13.092903529029343
Tisch,203,SIGNAL4D_v5,False,45.175245244175656,11.192292327819768,12.339060885480693,38.35654824289033,45.7518756777543,34.522353187269694,11.192292327819768,12.339060885480691
Tisch,205,SIGNAL4D_v5,False,57.6656819997492,13.618369162482688,14.022599913587865,60.175492958235516,77.15772616482471,53.75081988852668,13.618369162482688,14.022599913587865
Tisch,207,SIGNAL4D_v5,False,55.8499246688445,10.8910206879676,14.022609727847579,55.980723915677174,67.71766275684378,50.545817495440886,10.891020687967599,14.022609727847579
Tisch,209,SIGNAL4D_v5,False,62.91279061109806,20.4905370626117,27.131653965813722,60.85168772326453,64.16178563516958,55.11791642981801,20.490537062611704,27.131653965813722
Treffen,188,SIGNAL4D_v5,False,43.394952335269195,13.48148402572868,9.643110053552302,20.381956109109144,32.32092134976091,17.231010169077447,13.481484025728678,9.6431100535523
Treffen,190,SIGNAL4D_v5,False,42.24145369181387,16.27059755599364,8.801539404695195,20.083195846025646,30.967477231352575,17.164781703427305,16.27059755599364,8.801539404695193
Treffen,192,SIGNAL4D_v5,False,42.54194178316495,16.696084054476465,9.079750419723306,20.30015046401439,31.07649930634986,17.32180229138609,16.696084054476465,9.079750419723302
Treffen,194,SIGNAL4D_v5,False,41.65469201177134,15.28360336363322,8.470758915898337,25.777173759300034,34.23422602343861,22.693626247774077,15.283603363633215,8.470758915898339
Treffen,196,SIGNAL4D_v5,False,43.33162593239565,14.958237433425015,8.162268863651084,21.949165916231163,29.783966253824083,19.288258309000014,14.958237433425014,8.162268863651084
Treffen,198,SIGNAL4D_v5,False,44.909399081716096,18.32277945257931,7.955851130787242,20.12334701039104,28.995949308902674,17.341611905107676,18.32277945257931,7.955851130787246
Treffen,200,SIGNAL4D_v5,False,43.66445614359631,18.424473157844815,8.93405543039225,19.902918996071907,28.927565594162033,17.124466269806668,18.424473157844815,8.934055430392254
Treffen,202,SIGNAL4D_v5,False,44.46185219193399,13.02255112843931,8.20268517032653,28.793602388838366,32.411828572230405,25.8028487803712,13.022551128439313,8.202685170326532
Treffen,204,SIGNAL4D_v5,False,44.96523426643799,12.050528310185754,7.585686370972987,32.96920446689988,35.17677353685486,29.69651420082627,12.050528310185754,7.585686370972987
Treffen,206,SIGNAL4D_v5,False,39.769192748861556,13.680486725875951,7.467434163021566,28.363834529324834,36.96168961910723,25.35092157061818,13.680486725875953,7.467434163021566
Treffen,208,SIGNAL4D_v5,False,41.71063158009433,27.06822339932751,8.922630330110422,31.301367035853506,39.08128195623173,27.997620241567287,27.068223399327515,8.92263033011042
Treffen,210,SIGNAL4D_v5,False,45.90065683340729,31.08120888909097,8.680114932824626,42.23917481562405,46.420223272046734,38.46662906613362,31.08120888909097,8.680114932824626
Treffen,212,SIGNAL4D_v5,False,53.40145283626299,26.544558006277697,31.666351792853376,52.0890004815923,42.09478008053798,49.18427270401593,26.544558006277704,31.666351792853384
Treffen,214,SIGNAL4D_v5,False,51.924547574062174,32.89011587171567,25.707304753570106,50.72576860002358,43.74267158949033,47.69023933887894,32.89011587171568,25.70730475357011
Vater,205,SIGNAL4D_v5,True,48.49842417220314,,11.499823946608474,44.36942008261536,61.03698416441395,38.31135926135398,,11.499823946608478
Vater,207,SIGNAL4D_v5,True,46.19820016830974,,11.418829030098673,41.563713578140636,55.36873110678533,36.05803917218565,,11.41882903009867
Vater,209,SIGNAL4D_v5,True,46.298165036597744,,12.127241754759282,42.21633882869823,56.818771106778065,36.52349769476565,,12.12724175475928
Vater,211,SIGNAL4D_v5,True,44.625807727964414,,12.012932905572805,37.36979092408329,48.826960970559206,32.71571668988082,,12.012932905572805
Vater,213,SIGNAL4D_v5,True,41.11147173613119,,11.15978684072582,34.98344248213524,45.79535748736277,30.50774350123295,,11.15978684072582
Vater,215,SIGNAL4D_v5,True,39.31741674083164,,11.14721907443093,28.40831390071416,38.10084034903039,24.986502871940587,,11.14721907443093
Vater,217,SIGNAL4D_v5,True,35.40089465918341,,11.077333626410761,25.602686849569572,39.23855337107603,22.201173324749504,,11.077333626410763
Vater,219,SIGNAL4D_v5,True,37.526765644106284,,11.285605060552403,24.456125890541582,35.48158939903558,21.28339332918908,,11.285605060552403
Vater,221,SIGNAL4D_v5,True,39.08983974702197,,10.540382499205306,26.482012557947943,39.803224177347154,23.10136763669969,,10.540382499205306
Vater,223,SIGNAL4D_v5,True,40.34374429708648,,10.560474345264032,28.47776027785418,43.10770976801529,24.919508011134923,,10.56047434526403
Vater,225,SIGNAL4D_v5,True,40.68932393876609,,11.872470660161682,36.13231515972264,55.58231619946213,31.008536705482772,,11.872470660161682
Vater,227,SIGNAL4D_v5,True,42.520314814445705,,12.18879543518756,43.0816054709957,62.100769711197614,36.949288560139856,,12.188795435187556
Verschieden,224,SIGNAL4D_v5,False,36.29418361180311,13.266319086917221,16.355481609050273,28.60232794335199,40.99196015391295,24.59517179768009,13.266319086917221,16.355481609050273
Verschieden,226,SIGNAL4D_v5,False,37.75578304960256,13.091370097838379,16.812205817579613,30.055925828434443,42.21857050521031,25.997267083197936,13.091370097838375,16.812205817579613
Verschieden,228,SIGNAL4D_v5,False,40.03989915463773,12.71072593721369,15.203979611809089,31.123787699750224,43.518131915777644,27.0332240704834,12.71072593721369,15.203979611809089
Verschieden,230,SIGNAL4D_v5,False,39.89733590390178,12.433782120386468,13.082913220877822,35.58206181834317,47.24585935297564,31.24270952007052,12.433782120386468,13.082913220877826
Verschieden,232,SIGNAL4D_v5,False,41.0004630278833,14.214690250357657,10.631206383004884,33.846295289920434,45.995966337613964,29.8173439629363,14.21469025035766,10.63120638300488
Verschieden,234,SIGNAL4D_v5,False,46.35472083844393,14.237987313679755,11.165004474644794,45.772264820806434,62.07521523330503,40.154566947996635,14.237987313679755,11.165004474644796
Verschieden,236,SIGNAL4D_v5,False,48.0782204456539,13.042571658987521,12.703088572449257,47.717807393704206,65.16140821611059,41.8672201434017,13.042571658987521,12.703088572449257
VorsichtPassAuf,171,SIGNAL4D_v5,False,31.14863557263981,6.646801432440245,12.891242298931449,22.313142063686573,31.61881036302995,19.323492465962442,6.646801432440244,12.891242298931449
VorsichtPassAuf,173,SIGNAL4D_v5,False,40.18793687137361,6.317855733023763,11.835784909983099,34.26238365529288,40.019579491267564,30.818257361206392,6.3178557330237615,11.835784909983099
VorsichtPassAuf,175,SIGNAL4D_v5,False,33.067632099384035,7.032455014751439,11.497306796930129,25.596321565440437,37.27465159177955,22.331458308676176,7.032455014751436,11.49730679693013
VorsichtPassAuf,177,SIGNAL4D_v5,False,35.604637574938124,6.8355515580376665,10.942285829629522,25.865677782358535,37.239889387550576,22.33455445742495,6.8355515580376665,10.942285829629524
VorsichtPassAuf,179,SIGNAL4D_v5,False,36.71255000273806,7.0729033012526346,11.603935970940142,26.36832582396164,37.98773701492381,22.789615030705153,7.0729033012526346,11.603935970940142
VorsichtPassAuf,181,SIGNAL4D_v5,False,34.88235204496302,6.99105236625983,11.258937115601709,26.135148429170467,39.550402087346235,22.37608972698924,6.9910523662598285,11.258937115601709
VorsichtPassAuf,183,SIGNAL4D_v5,False,36.28950821842024,7.0514237363190615,11.593035817989835,26.551993067902437,38.7063676205041,22.95623809854666,7.0514237363190615,11.593035817989835
VorsichtPassAuf,185,SIGNAL4D_v5,False,39.58513147326658,6.913019031664819,10.949408484374635,27.311181323704044,39.690228346190175,23.588391330482846,6.913019031664817,10.949408484374635
VorsichtPassAuf,187,SIGNAL4D_v5,False,37.53482521212266,7.088329288324222,11.77030886487007,26.82483408252288,38.71084290644358,23.240494230195072,7.088329288324221,11.77030886487007
VorsichtPassAuf,189,SIGNAL4D_v5,False,35.16477767945443,6.561885188905708,11.542058485914954,25.912108304160114,37.39841993840443,22.450055649011375,6.561885188905708,11.542058485914954
VorsichtPassAuf,191,SIGNAL4D_v5,False,33.92781092732292,6.594133205637355,11.331959930003672,24.65868978170859,37.49794362839765,20.909447297189544,6.594133205637358,11.331959930003675
VorsichtPassAuf,193,SIGNAL4D_v5,False,36.75150483871734,7.388777614523037,11.611012518563994,27.809046239839123,39.40502072296757,24.087918436795395,7.388777614523037,11.611012518563994
VorsichtPassAuf,195,SIGNAL4D_v5,False,35.60313080914974,6.975180674087224,10.261964694135624,24.930584350245965,38.81775863276939,21.16063607750754,6.975180674087224,10.261964694135623
VorsichtPassAuf,197,SIGNAL4D_v5,False,34.28131528681924,6.999593664276217,10.5142360469756,22.704464057164213,34.356078827436505,19.233295392762667,6.999593664276217,10.514236046975602
VorsichtPassAuf,199,SIGNAL4D_v5,False,31.314471414241957,7.468710983946766,8.943117036784816,22.19053495703801,31.31014454846749,19.18036305556955,7.468710983946766,8.943117036784816
VorsichtPassAuf,201,SIGNAL4D_v5,False,32.77876799827172,7.290634948665286,8.229991364702883,23.36686018381679,34.13412046440602,20.141191600099543,7.290634948665287,8.229991364702881
VorsichtPassAuf,203,SIGNAL4D_v5,False,37.37884194180402,5.849406665954231,7.273211652497015,28.517528276491703,35.62378626599999,25.372466639937603,5.849406665954231,7.273211652497016
VorsichtPassAuf,205,SIGNAL4D_v5,False,39.19114927928124,6.966192727107872,7.461427785050273,31.662145661570676,37.85985761721905,28.296922119882073,6.966192727107872,7.461427785050273
VorsichtPassAuf,207,SIGNAL4D_v5,False,61.32283692670503,8.808152037264453,8.488666527927709,61.55846239473409,62.01516760005089,56.08870728713047,8.808152037264453,8.488666527927707
VorsichtPassAuf,209,SIGNAL4D_v5,False,57.915240765995264,14.73306038324085,11.250242932755054,62.421246089268344,61.08948266912367,57.19349699163389,14.73306038324085,11.250242932755054
Waschen,189,SIGNAL4D_v5,False,43.40874084868204,20.904514531390852,14.61039464394399,23.84951912213427,38.12366653032658,20.57955372744417,20.904514531390852,14.610394643943986
Waschen,191,SIGNAL4D_v5,False,46.23989409871665,21.052632718992495,15.893955551012287,26.337053711949416,42.73917285483082,22.75873663655418,21.052632718992495,15.893955551012287
Waschen,193,SIGNAL4D_v5,False,45.6446861392825,22.482077350203657,14.669267088015518,25.890315736734244,41.30264257881115,22.416788489319863,22.482077350203657,14.66926708801552
Waschen,195,SIGNAL4D_v5,False,55.59916770612594,20.83307215259792,14.273511872814064,35.86739602136101,44.8268564870095,32.3169294605757,20.833072152597918,14.273511872814064
Waschen,197,SIGNAL4D_v5,False,49.06106892886776,18.669508257928427,14.478218885375789,26.299142346512767,42.17865941087258,22.980057174796674,18.66950825792842,14.478218885375789
Waschen,199,SIGNAL4D_v5,False,52.61944879409877,16.083567753498038,14.25717386197067,28.779799156952038,45.844873171581106,25.431879024954515,16.083567753498034,14.25717386197067
Waschen,201,SIGNAL4D_v5,False,47.680612978057816,16.992982233210398,13.892859599180634,26.004829218652947,42.01229186147138,22.56653307130994,16.992982233210398,13.892859599180634
Waschen,203,SIGNAL4D_v5,False,45.008686291347864,17.284299848464794,13.851512012727012,25.310984045472416,40.15315549335315,22.121799734875623,17.284299848464794,13.85151201272701
Waschen,205,SIGNAL4D_v5,False,48.85867987565869,16.441581469592077,13.090340792703188,27.801597818363806,45.14043386516719,24.257402826208,16.441581469592077,13.09034079270319
Waschen,207,SIGNAL4D_v5,False,48.31150177786419,15.51978198239267,13.283928250527069,27.9528357933877,45.499344285014665,24.243528887117932,15.51978198239267,13.28392825052707
Waschen,209,SIGNAL4D_v5,False,47.41715557701737,15.168231576652662,13.188796886800446,29.123653506546734,44.74567724017476,25.092692034150716,15.168231576652667,13.18879688680045
Waschen,211,SIGNAL4D_v5,False,45.3583916727245,14.535409355654648,12.778377308575603,27.55307017800357,44.913146443027344,23.65878376440286,14.53540935565465,12.778377308575603
Waschen,213,SIGNAL4D_v5,False,46.58257000701618,15.23501506728972,13.070927797501504,27.812430059054055,45.81291486754024,23.91219583114191,15.235015067289721,13.0709277975015
Waschen,215,SIGNAL4D_v5,False,44.05875579689646,14.903097643636261,12.755819237417052,28.68242053224357,45.857446314265076,24.621750238688442,14.903097643636261,12.75581923741705
Waschen,217,SIGNAL4D_v5,False,38.95777412685809,15.187720220710846,10.802988116059442,29.381517856882187,43.85866687212675,25.183827607147624,15.187720220710844,10.80298811605944
Waschen,219,SIGNAL4D_v5,False,42.373289932267525,15.088789671589325,8.406311270668434,28.811054621527838,45.03873014593645,24.68200941254629,15.088789671589328,8.406311270668436
Waschen,221,SIGNAL4D_v5,False,40.80115376959764,14.982369244535548,7.847907743067459,28.37968422803853,44.54049570858304,24.4660623190519,14.982369244535548,7.847907743067459
Waschen,223,SIGNAL4D_v5,False,39.544545230976084,14.48939716015665,8.534691150418109,35.86707949830801,50.74750663034566,31.059892548239006,14.48939716015665,8.53469115041811
Waschen,225,SIGNAL4D_v5,False,39.87429707681533,16.05568061903338,8.953341170357126,36.08743380912426,52.940471376529324,30.937802932241652,16.05568061903338,8.953341170357122
Waschen,227,SIGNAL4D_v5,False,42.37963811746829,17.014799769850246,9.802071587496693,38.1645738109413,53.53576005181992,33.12023105895076,17.014799769850246,9.802071587496693
Waschen,229,SIGNAL4D_v5,False,45.1531225976237,18.05474325245291,11.754090514153823,45.46181389137529,60.418758184578486,39.89511314470505,18.05474325245291,11.754090514153825
Waschen,231,SIGNAL4D_v5,False,51.06821746851864,19.830981662666535,15.573599602982316,55.222233496926904,77.0611617031852,48.104529721734814,19.830981662666535,15.573599602982316
Waschen,233,SIGNAL4D_v5,False,51.11936365346714,18.61039976924908,17.62904900838411,54.6030649221348,67.27664250909388,48.80738439894027,18.61039976924908,17.629049008384108
Waschen,235,SIGNAL4D_v5,False,57.20249241511277,34.84677908075008,15.897048243284608,58.9825171782325,78.18214665369463,52.10057451610093,34.84677908075008,15.897048243284608
Waschen,237,SIGNAL4D_v5,False,46.67320799239327,25.21353140267176,23.40136421850104,44.050370889077215,42.782443147012735,40.92762617480598,25.21353140267176,23.40136421850104
Waschen,239,SIGNAL4D_v5,False,47.844821470710095,30.888676102424228,9.925224588392933,45.23517883418642,46.098156624467755,41.76223925259108,30.888676102424228,9.925224588392933
Widerspruch,162,SIGNAL4D_v5,False,44.58954999243582,18.448379417743556,9.318041745485102,36.29088008317284,54.13116368295766,31.619810918256885,18.448379417743556,9.3180417454851
Widerspruch,164,SIGNAL4D_v5,False,43.8902550755043,17.997032752036965,10.018120268780487,34.270908527757435,51.439470596646096,30.010103877357526,17.997032752036965,10.018120268780487
Widerspruch,166,SIGNAL4D_v5,False,49.964917781833236,16.76233832902076,10.528788997240088,43.244169137292594,63.24481157080758,37.84662574395521,16.76233832902076,10.528788997240088
Widerspruch,168,SIGNAL4D_v5,False,48.02705922532757,18.181989210384817,11.298852842291465,38.09738112910799,57.35178723753076,33.24737834490279,18.181989210384817,11.298852842291465
Widerspruch,170,SIGNAL4D_v5,False,44.07737275075934,17.275983213249884,11.200316208883807,31.624970492698544,48.29558993449505,27.754497305116928,17.275983213249887,11.200316208883807
Widerspruch,172,SIGNAL4D_v5,False,44.241411418828015,17.239917698371144,10.625192099689533,32.781168298249064,49.7093589060607,28.704844662549604,17.239917698371148,10.625192099689533
Widerspruch,174,SIGNAL4D_v5,False,43.36291363450493,18.575585004051835,10.414809314459346,33.04128405547832,49.42806025007024,28.966620092060566,18.575585004051835,10.414809314459344
Widerspruch,176,SIGNAL4D_v5,False,47.74606955980152,18.527970571943584,10.051121420161575,39.010898283288405,57.35113217147047,34.11671273375388,18.527970571943584,10.051121420161573
Widerspruch,178,SIGNAL4D_v5,False,45.986889121841884,17.284551928230076,10.687126543286086,35.4201269303279,52.055476785574434,31.01565142367216,17.284551928230073,10.687126543286084
Widerspruch,180,SIGNAL4D_v5,False,44.50951016288927,18.530610802409758,11.042967639263964,33.432626749408286,51.21197669298218,29.393356766132893,18.530610802409758,11.042967639263967
Widerspruch,182,SIGNAL4D_v5,False,44.74212051422885,19.20841650218619,10.748285735689768,35.677837178661704,52.69852811129653,31.311012896947155,19.20841650218619,10.748285735689768
Widerspruch,184,SIGNAL4D_v5,False,41.94534639999665,18.13915705552597,9.872823496286248,32.53678656578708,51.59025611901592,28.848366475930753,18.13915705552597,9.87282349628625
Widerspruch,186,SIGNAL4D_v5,False,38.7143333663294,16.665289887870756,10.43717765233142,34.63383502274438,56.235111335779486,29.89217821405994,16.665289887870756,10.43717765233142
Widerspruch,188,SIGNAL4D_v5,False,39.153319863008875,16.954961901714565,8.820827767720449,36.41191195104949,57.00776013631771,31.34344449523635,16.954961901714565,8.82082776772045
Widerspruch,190,SIGNAL4D_v5,False,40.79739582264253,16.065106707889665,7.216064740231199,36.66382329466236,58.532634322698,31.653042533611433,16.06510670788966,7.216064740231198
Widerspruch,192,SIGNAL4D_v5,False,43.16341248510625,42.44201692697208,38.107233074838156,40.56937030485747,38.97264937349923,37.53545855262208,42.44201692697208,38.107233074838156
Widerspruch,194,SIGNAL4D_v5,False,48.54273244878297,43.92360008342656,34.31632003433437,47.966544943906555,43.869577317414205,44.52481562166118,43.92360008342656,34.31632003433437
Widerspruch,196,SIGNAL4D_v5,False,43.387345773775586,43.810048347306136,32.05130866745661,41.668376346601875,40.914867875024655,38.55731776231743,43.810048347306136,32.05130866745661
Ziel,186,SIGNAL4D_v5,False,40.08671952519159,14.951617720351194,14.833544534220405,22.955393849950124,34.098697507089746,19.82469046100605,14.951617720351196,14.833544534220405
Ziel,188,SIGNAL4D_v5,False,37.94654586637981,14.771967121923108,15.452813820311862,23.620586670176717,32.04778982140732,20.58535444076429,14.771967121923108,15.452813820311862
Ziel,190,SIGNAL4D_v5,False,46.774583611127376,12.960589320531403,14.152612141312465,27.38335582858899,35.769584713859835,24.38264742305782,12.960589320531403,14.152612141312465
Ziel,192,SIGNAL4D_v5,False,35.01317453243744,13.318162276302846,13.589544036658221,23.32455231970857,33.4044677566324,20.251923546129113,13.318162276302846,13.589544036658221
Ziel,194,SIGNAL4D_v5,False,37.399308848449586,14.21095929713505,12.122398295990376,24.365746239004892,30.013728539635515,21.828468271040933,14.21095929713505,12.122398295990378
Ziel,196,SIGNAL4D_v5,False,42.29559560626256,12.775185250729674,11.701323812693206,22.87917724645357,31.49521817321106,20.023354712411965,12.775185250729674,11.701323812693206
Ziel,198,SIGNAL4D_v5,False,43.459391379401204,12.63019185001582,10.526518262028468,23.26212722968668,30.34835450646143,20.572998776412415,12.630191850015823,10.52651826202847
Ziel,200,SIGNAL4D_v5,False,41.185632305688294,11.609529003566617,8.340931059459866,22.47391317855555,29.46215256779127,19.974931102504872,11.60952900356662,8.340931059459868
Ziel,202,SIGNAL4D_v5,False,39.72334572358851,13.068344019425934,8.088805847879692,23.60678589706299,30.780418003574603,20.638212951621405,13.068344019425934,8.088805847879694
Ziel,204,SIGNAL4D_v5,False,35.97909130588827,12.447485816310897,7.785647203141427,24.09222289405538,32.416997536807806,21.285429512092144,12.447485816310891,7.785647203141427
Ziel,206,SIGNAL4D_v5,False,33.749310020187075,13.122895142617546,8.809497050261017,26.671039143282037,33.97301187728496,23.852208795630908,13.122895142617548,8.809497050261013
reparieren,163,SIGNAL4D_v5,False,39.97708553211409,13.640071664945296,9.450142475801139,28.189977967149904,42.87967173344184,24.642035523696922,13.640071664945296,9.450142475801139
reparieren,165,SIGNAL4D_v5,False,39.55408291937165,14.097791849982942,9.799989210005613,27.722498507451363,41.42799891627251,24.2665112627216,14.097791849982942,9.799989210005613
reparieren,167,SIGNAL4D_v5,False,42.88913568220755,14.588542078359085,9.358062648345655,31.1296302731277,49.55640782594858,26.863674657064898,14.588542078359087,9.358062648345653
reparieren,169,SIGNAL4D_v5,False,38.59930394167655,15.020798382336631,10.041858530592137,31.080033396096752,47.7819693984164,26.79717747347683,15.020798382336631,10.041858530592139
reparieren,171,SIGNAL4D_v5,False,40.549315340449496,14.762997959045599,9.673656692928807,33.2125366687897,52.2869673322099,28.276000053484342,14.762997959045599,9.673656692928807
reparieren,173,SIGNAL4D_v5,False,40.20135614000792,14.229328491043711,10.771946639831922,32.18919168980474,47.89470902205072,28.049441556183613,14.229328491043711,10.771946639831917
reparieren,175,SIGNAL4D_v5,False,40.87966058235797,16.095387160565267,11.6767416184844,38.37733163766917,53.08283560607245,33.51715228212241,16.09538716056527,11.676741618484398
reparieren,177,SIGNAL4D_v5,False,44.871899171507614,14.72088922082794,11.867956744383111,43.17014361862145,61.81378931874195,37.54852148891003,14.720889220827946,11.86795674438311
reparieren,179,SIGNAL4D_v5,False,52.06903858453386,17.081005458961485,20.1626172892685,55.80107123229893,73.82541410133335,49.224006437913424,17.08100545896148,20.1626172892685
reparieren,181,SIGNAL4D_v5,False,51.98706442909137,13.193039999199396,25.908156361117815,55.463138110703724,75.58765964023837,48.64309613665337,13.1930399991994,25.908156361117815
reparieren,183,SIGNAL4D_v5,False,47.97894317957388,12.655538513048779,27.749725635778226,47.11844959210902,61.82529280104612,41.888466749546524,12.655538513048779,27.749725635778223
