clip_id,frame_id,method,one_handed_class_0,tr_all_mm,tr_left_hand_mm,tr_right_hand_mm,tr_upper_body_minus_face_mm,tr_upper_body_minus_head_mm,tr_upper_body_mm,v2v_left_wrist_mm,v2v_right_wrist_mm
Ablehnen,149,W3_RAW,False,45.789056537587875,9.86299384826189,19.470934152343837,27.836622800796192,40.041057859917274,24.918329045651312,9.86299384826189,19.470934152343837
Ablehnen,151,W3_RAW,False,45.77410533916088,11.497236032131612,20.94706283436747,29.274393967506327,43.85659252778324,25.926989969013366,11.497236032131612,20.94706283436747
Ablehnen,153,W3_RAW,False,44.34968112185464,11.337290892542198,11.950082504026916,28.08731192613233,38.86695583812826,25.16443532141907,11.337290892542198,11.950082504026916
Ablehnen,155,W3_RAW,False,49.501390563808854,10.030142579758426,15.61972249870102,32.99040303200844,51.90303017770426,28.422943425512976,10.030142579758426,15.61972249870102
Ablehnen,157,W3_RAW,False,48.067091610491545,9.425903462315182,12.414227797333613,33.52509747716437,56.90206037581821,28.14366142162535,9.425903462315182,12.414227797333613
Ablehnen,159,W3_RAW,False,46.946103451100505,9.736413185246626,9.749390668672852,32.023479576864865,54.978719005114954,26.791364537545135,9.736413185246626,9.749390668672852
Ablehnen,161,W3_RAW,False,48.5105773507349,8.053866774118893,8.669561716089229,31.812298146145597,53.028425650391505,26.855485528475615,8.053866774118893,8.669561716089229
Ablehnen,163,W3_RAW,False,48.773033351624285,7.912285354259776,8.710959187258023,32.72654838235624,54.717179568892035,27.518502288241162,7.912285354259774,8.710959187258023
Ablehnen,165,W3_RAW,False,44.366299846481795,9.862175775085527,8.957992514534196,28.780190421203372,45.91859933068387,24.265974284685885,9.862175775085525,8.957992514534196
Ablehnen,167,W3_RAW,False,45.95153777061945,7.374833678558926,7.791416988712049,29.293553754024412,48.020789852505544,24.74342883370456,7.374833678558924,7.791416988712049
Ablehnen,169,W3_RAW,False,44.346148795370674,8.020822085741509,8.56919895600065,27.533946343343885,45.38382369325368,23.202202791455065,8.020822085741509,8.56919895600065
Ablehnen,171,W3_RAW,False,42.63459658240954,8.103218764381065,8.902707696929511,28.389692549840177,45.77837891739651,23.93207774212496,8.103218764381065,8.902707696929511
Ablehnen,173,W3_RAW,False,40.342922162213625,9.000190963066972,8.221967665194537,28.193569786448407,43.548251284676496,23.981923035818166,9.00019096306697,8.221967665194537
Ablehnen,175,W3_RAW,False,43.365761108589325,7.596373942824801,8.51479904907215,30.016626072766766,48.443184022974194,25.34742727341793,7.596373942824801,8.51479904907215
Akzeptieren,124,W3_RAW,False,35.99788640935349,6.541156211668296,7.149974575645619,27.139033379703612,38.862419827620755,23.260691589151936,6.541156211668296,7.149974575645619
Akzeptieren,126,W3_RAW,False,35.44112536842647,5.574333695362301,6.2968414203164516,24.075127877689656,33.85502051491426,20.941161016613048,5.574333695362301,6.296841420316454
Akzeptieren,128,W3_RAW,False,41.28123975763184,7.78395895099204,7.020049646806354,32.635440747775064,41.184872530665864,28.685941407406247,7.78395895099204,7.0200496468063545
Akzeptieren,130,W3_RAW,False,39.727224308700364,6.013696404533244,6.014779729746847,29.29748047254665,36.639444588520334,25.98728014051608,6.013696404533244,6.014779729746846
Akzeptieren,132,W3_RAW,False,39.84203306781175,7.209080894627807,4.903243387621411,31.16582682468512,37.81352368670557,27.681829341437936,7.209080894627807,4.903243387621411
Akzeptieren,134,W3_RAW,False,38.1193185742091,6.091625175726096,5.1062735993144095,29.751662285427656,35.14403262368425,26.61328332227646,6.091625175726096,5.1062735993144095
Akzeptieren,136,W3_RAW,False,40.68278699175541,6.1635461765201125,5.8592049986190595,27.31444013094841,32.73798398002502,24.35356808274557,6.1635461765201125,5.8592049986190595
Akzeptieren,138,W3_RAW,False,42.41131274577589,7.753599557865365,6.3115918608176775,36.87438211638404,39.15562554693199,33.35403032757144,7.753599557865363,6.3115918608176775
Akzeptieren,140,W3_RAW,False,38.696326725872936,8.315058501627062,6.104294132570423,29.260753761995012,34.931109397452865,26.0739667643363,8.315058501627062,6.104294132570423
Akzeptieren,142,W3_RAW,False,39.324926716317734,8.459359015057291,5.924273581481125,28.604384286988108,34.14917870311355,25.600019472488245,8.459359015057291,5.924273581481125
Akzeptieren,144,W3_RAW,False,40.259876017206075,8.579589001653618,6.428750074398293,30.267292373657032,33.822586168682825,27.451191871557775,8.579589001653618,6.428750074398293
Akzeptieren,146,W3_RAW,False,42.131379314304894,8.005494959545095,6.349197583291818,32.717052247374404,34.49660295856878,30.074919255330393,8.005494959545093,6.349197583291818
Akzeptieren,148,W3_RAW,False,42.4349635399668,6.889212440070305,6.379979121756774,26.951541094347252,33.850160911021746,24.07491025772532,6.889212440070305,6.379979121756774
Akzeptieren,150,W3_RAW,False,44.8380676403418,6.9805891270856435,5.904094324854559,24.535790253521405,33.41369663026657,21.73661762171531,6.9805891270856435,5.904094324854559
Akzeptieren,152,W3_RAW,False,44.607719353187655,7.277214663172666,5.751282760251982,24.232705299371926,33.487057858721876,21.30147612947846,7.277214663172667,5.751282760251982
Akzeptieren,154,W3_RAW,False,39.68406195104394,7.494840781425496,6.406371712722903,25.293355864731115,31.03226121299397,22.652622425374,7.494840781425497,6.406371712722903
Akzeptieren,156,W3_RAW,False,39.74071804167258,7.6440900663054085,5.947057755460411,22.59609628114583,29.458140344607163,20.157663898588822,7.6440900663054085,5.947057755460411
Akzeptieren,158,W3_RAW,False,40.10462346401356,8.31499016145025,5.507881949275984,24.633855111741862,31.071635453025927,21.886936128300576,8.314990161450252,5.507881949275984
Akzeptieren,160,W3_RAW,False,39.591394045308235,7.672359821791393,6.024374706774057,24.904473241844638,29.53545317154737,22.582137802150722,7.672359821791393,6.024374706774057
Akzeptieren,162,W3_RAW,False,39.83521377571445,7.31119403217915,5.804074202339764,22.922787432676646,30.693509998789178,20.48966471965104,7.31119403217915,5.804074202339764
Akzeptieren,164,W3_RAW,False,37.30049762661141,6.667783734985955,5.881728912607464,23.940275209729364,30.57861286545879,21.424166597942907,6.667783734985955,5.881728912607465
Akzeptieren,166,W3_RAW,False,38.51926732008527,6.819347242521014,5.998115167157548,24.51471837500703,30.28039054733913,21.995724100490058,6.819347242521014,5.998115167157548
Akzeptieren,168,W3_RAW,False,41.732597376847664,7.3036281105956045,5.885624152971291,26.55341662759077,32.345117733388214,23.935719721126443,7.3036281105956045,5.885624152971291
Akzeptieren,170,W3_RAW,False,42.234411840513225,7.568962661600384,5.7859347055639825,27.170173488730907,32.30981219237603,24.37151555246431,7.568962661600384,5.785934705563982
Akzeptieren,172,W3_RAW,False,42.55094358790557,6.990489323560389,5.740637036357273,23.68075694748306,31.687485692707025,21.02591481753963,6.990489323560389,5.740637036357274
Akzeptieren,174,W3_RAW,False,43.05710710977709,7.328558859494319,5.918898894456719,24.46611934924138,32.491904094658324,21.71149470301512,7.328558859494318,5.918898894456719
Akzeptieren,176,W3_RAW,False,41.27759244485733,6.788074701281392,5.991352504775539,27.923111804429684,33.086318667574,25.01509203035117,6.788074701281392,5.991352504775539
Akzeptieren,178,W3_RAW,False,41.28496016738696,6.813652037359751,6.043000510915243,26.613001959764876,31.42476914273789,23.88102978755116,6.813652037359751,6.043000510915243
Akzeptieren,180,W3_RAW,False,41.9156120574786,6.920270266043382,6.200996519715341,24.575974383007143,32.98867397481172,21.798040504466865,6.920270266043382,6.200996519715341
Akzeptieren,182,W3_RAW,False,41.84945178839298,6.949644715748117,6.18842708191213,24.6566679769174,32.88812463337449,22.01530339755939,6.949644715748117,6.188427081912128
Akzeptieren,184,W3_RAW,False,40.628704595575805,7.018375340200483,6.207609766349781,26.014151155583207,31.786884070187885,23.336839261832996,7.018375340200482,6.207609766349781
Arzt,166,W3_RAW,False,41.29719069761884,6.755231780974474,8.669164281832368,22.13537135942698,31.043227230269572,20.12408766474435,6.755231780974474,8.669164281832368
Arzt,168,W3_RAW,False,39.898441749945285,7.794270283451284,7.670592312287044,20.650261197179177,29.25068107412816,18.904834325890512,7.7942702834512865,7.670592312287044
Arzt,170,W3_RAW,False,43.388272596357154,7.7192414607609185,7.875465951441663,21.800082437755844,30.43283712687252,19.77791645877667,7.7192414607609185,7.875465951441663
Arzt,172,W3_RAW,False,43.07752388430032,8.192877035423734,7.8897193728440875,21.16253366673845,29.909628107105796,19.00718064618688,8.192877035423734,7.889719372844084
Arzt,174,W3_RAW,False,45.68297352498042,8.582516564525863,7.6628742791480935,21.729891089042397,30.631975371466815,19.686061630789933,8.582516564525863,7.6628742791480935
Arzt,176,W3_RAW,False,46.05707379192762,7.429229112657682,7.392927438066451,22.910032270693762,31.730001273047996,20.78005893046729,7.429229112657681,7.392927438066451
Arzt,178,W3_RAW,False,45.90082010972402,7.60840734650429,7.70473681810566,22.87541975020524,31.958952741270412,20.572904344752747,7.60840734650429,7.70473681810566
Arzt,180,W3_RAW,False,43.725059883680316,8.333134974485663,7.693100721902031,20.81982739217225,31.33278508959253,18.842035416006805,8.333134974485665,7.693100721902033
Arzt,182,W3_RAW,False,45.34922402538626,8.309533296921906,7.7946449935323106,21.364411155786314,30.315500544405538,18.920911134182106,8.309533296921906,7.7946449935323106
Arzt,184,W3_RAW,False,43.623979507645345,8.404768460459321,8.176809221030688,20.232421600281626,29.856028570674233,17.818064360104422,8.404768460459321,8.176809221030691
Arzt,186,W3_RAW,False,45.04540330171575,9.066089142479028,7.969589468605378,20.45912184053566,29.60603802192305,17.950258088087033,9.066089142479028,7.969589468605379
Arzt,188,W3_RAW,False,46.73123415129364,9.118688166683059,7.775755029309326,22.159656471677092,30.935450213794155,19.59899955060165,9.118688166683059,7.775755029309326
Arzt,190,W3_RAW,False,46.721490952811976,10.099051164644825,7.711344417175756,20.74893297733082,30.58085612650894,18.157209596456,10.099051164644827,7.711344417175757
Arzt,192,W3_RAW,False,49.02225826667704,9.174002599657744,7.497108337090638,22.091557233527116,31.456811857005675,19.460052643544767,9.174002599657744,7.49710833709064
Arzt,194,W3_RAW,False,47.27682686046276,8.515712734651203,7.8232061319668205,22.1000832340993,30.97756884840816,19.53107054433523,8.515712734651203,7.8232061319668205
Arzt,196,W3_RAW,False,45.58612352436032,10.44450631400378,7.764809606680051,21.126307131907588,31.848888426531317,18.561918832339412,10.444506314003776,7.76480960668005
Arzt,198,W3_RAW,False,46.975805108820786,9.593666114129284,7.7311505896754955,21.679861373101303,30.203126712344503,19.17472060831537,9.593666114129284,7.7311505896754955
Arzt,200,W3_RAW,False,48.749732823801885,8.185653761858587,7.587605824508803,22.769704508815515,30.358163652594293,20.232565434807174,8.185653761858584,7.587605824508803
Arzt,202,W3_RAW,False,48.00881772315512,10.123871072765864,7.625366262011618,21.559851720185154,30.96179638280226,18.932532192977636,10.123871072765864,7.625366262011618
Arzt,204,W3_RAW,False,47.023972489303006,10.483887980991403,7.623571580907594,21.682364874209036,31.098056682521765,19.011580508024917,10.483887980991403,7.623571580907596
Arzt,206,W3_RAW,False,50.4093096463632,8.670433157659552,7.485896981918554,23.21343303525334,31.11840089377554,20.579367829392066,8.67043315765955,7.485896981918554
AufgebenResignieren,122,W3_RAW,False,44.04858254811016,12.81054467179497,10.299484967742536,40.0513864467275,47.84767299021933,35.941204557246635,12.81054467179497,10.299484967742536
AufgebenResignieren,124,W3_RAW,False,50.96308901958437,14.020281811724928,12.01855487572941,45.618328684004894,50.032287448924244,41.29999745002847,14.020281811724928,12.01855487572941
AufgebenResignieren,126,W3_RAW,False,50.69483440794586,12.976030567479436,13.817729745585389,48.07171072091553,49.07591469660768,44.053637703386244,12.976030567479436,13.817729745585389
AufgebenResignieren,128,W3_RAW,False,52.82292825175621,14.302003313998869,14.44501667736833,48.065594804763826,52.75643851818386,43.74785136900625,14.302003313998869,14.44501667736833
AufgebenResignieren,130,W3_RAW,False,50.356996672206705,13.123564765116669,13.476963607548909,47.68825508540659,48.633124513509344,43.80241577645537,13.123564765116669,13.476963607548909
AufgebenResignieren,132,W3_RAW,False,34.71945264003259,11.844861828089561,13.511126704730598,23.145318471089322,25.61752168467934,21.78059660183774,11.844861828089561,13.511126704730598
AufgebenResignieren,134,W3_RAW,False,34.840122617931776,10.325361826183016,13.497824671996907,22.830783050271872,30.316713022366848,21.49655906991668,10.325361826183016,13.497824671996906
AufgebenResignieren,136,W3_RAW,False,34.743385236024515,9.729696739447403,12.264052472696353,22.45282987136966,30.17882088855766,21.134285549302337,9.729696739447402,12.264052472696353
AufgebenResignieren,138,W3_RAW,False,35.08162378403507,9.315913086641185,10.279069094710993,22.854186684688255,31.51568087986685,20.865593061846454,9.315913086641185,10.279069094710993
AufgebenResignieren,140,W3_RAW,False,35.280852816572285,8.066343905845631,9.375320093665875,22.655004848706646,30.62327307424482,20.809618598733532,8.066343905845631,9.375320093665875
AufgebenResignieren,142,W3_RAW,False,37.243643621651046,7.257434559390519,7.604070662305943,26.59128775330504,32.11929647792473,24.35407533992748,7.257434559390519,7.604070662305943
AufgebenResignieren,144,W3_RAW,False,39.746653270518905,7.4146116637955135,8.664086568492683,31.735868496845434,34.326516276933354,29.16266212760999,7.4146116637955135,8.664086568492682
AufgebenResignieren,146,W3_RAW,False,40.00451757211001,10.063545781287216,9.74175457715684,28.709013142837804,34.94488876384609,25.557392637225202,10.063545781287216,9.74175457715684
AufgebenResignieren,148,W3_RAW,False,44.97671166660088,9.98891514076085,10.998654590653912,31.40828435356153,39.488558895691604,27.641086717412517,9.98891514076085,10.998654590653912
AufgebenResignieren,150,W3_RAW,False,47.759527053298534,8.782426643938798,11.530749995505479,41.32807929589525,45.45088272557013,37.01404380777384,8.782426643938798,11.530749995505479
AufgebenResignieren,152,W3_RAW,False,41.58408413983861,7.719082832339618,11.13664329880785,31.692081409527493,37.70470873604157,28.114993311490156,7.719082832339618,11.13664329880785
AufgebenResignieren,154,W3_RAW,False,37.029545648294,8.609420771669917,12.267346488136814,25.191901791958013,34.79424473980161,21.88258774708094,8.609420771669917,12.267346488136814
AufgebenResignieren,156,W3_RAW,False,37.66122240440264,9.951933175494457,11.832449522840498,25.702965917843976,37.957708397245376,22.108296632234108,9.951933175494457,11.832449522840498
AufgebenResignieren,158,W3_RAW,False,39.34557345501761,10.30577375372149,12.42053075113675,26.688695225084007,40.279386032121025,23.064498350304472,10.30577375372149,12.42053075113675
AufgebenResignieren,160,W3_RAW,False,40.67209764501077,8.982324287984133,11.667244811157111,26.326803113857405,38.07878239755205,22.998962684720386,8.982324287984133,11.667244811157111
AufgebenResignieren,162,W3_RAW,False,39.28269661123995,8.762247519986786,11.487183377721268,26.12608419176671,36.71443063350399,22.833881773118122,8.762247519986786,11.487183377721268
AufgebenResignieren,164,W3_RAW,False,40.993199953772034,10.15601791481217,12.789700231557706,27.294226223418942,41.062335919217226,23.816843283025072,10.15601791481217,12.789700231557706
AufgebenResignieren,166,W3_RAW,False,38.16437540539618,8.370444591591351,11.934805250375506,25.074250157998893,35.520631049698906,21.91864547407654,8.370444591591351,11.934805250375506
AufgebenResignieren,168,W3_RAW,False,40.25478356716816,10.21760569451869,12.176459424217889,26.356160613994106,40.077647430978395,22.866954354792675,10.21760569451869,12.176459424217889
AufgebenResignieren,170,W3_RAW,False,39.387872496846796,8.254475592539857,11.87003131385868,25.1288814035762,36.92185131061366,21.63257301444029,8.254475592539857,11.87003131385868
AufgebenResignieren,172,W3_RAW,False,43.363687407908515,10.051893849828751,11.66986533645221,28.177066778915037,41.917870602506426,24.342238838188113,10.051893849828751,11.669865336452212
AufgebenResignieren,174,W3_RAW,False,42.592556165779705,10.329057662439881,10.710872689240825,27.65747906719443,44.99502551865586,23.51381308360927,10.329057662439881,10.710872689240825
AufgebenResignieren,176,W3_RAW,False,42.223683887461675,8.610800289735458,10.88997676874613,28.793506182930983,44.92477386032136,24.656876465031786,8.610800289735458,10.889976768746127
AufgebenResignieren,178,W3_RAW,False,43.98814277841787,9.988382838872433,11.759197512650791,27.544462113259836,41.07329592694142,23.870824828128093,9.988382838872433,11.759197512650791
AufgebenResignieren,180,W3_RAW,False,45.30320101773639,9.101743842690967,11.979969256622887,30.57325394627774,41.21498599475308,26.973584571148418,9.101743842690967,11.979969256622887
AufgebenResignieren,182,W3_RAW,False,40.5987376415539,10.392930106148754,12.262925642772696,25.622799481817488,39.452025530545264,21.967863213737157,10.392930106148754,12.262925642772696
AufgebenResignieren,184,W3_RAW,False,44.243410890723965,8.655630858621775,12.104868054000718,29.389990364427383,39.47183877137781,25.969662804027674,8.655630858621775,12.104868054000718
AufgebenResignieren,186,W3_RAW,False,44.80176168420937,10.41145036216809,11.880313044720449,29.575946740226623,42.258980638683056,25.861508381804512,10.41145036216809,11.880313044720449
AufgebenResignieren,188,W3_RAW,False,47.72673778038583,8.787597161610353,11.368138282071778,32.48407054334742,42.04435108592687,28.883523288805794,8.787597161610353,11.368138282071774
AusgebenGeldVerschwenden,120,W3_RAW,False,44.34831270090234,8.748092579254056,13.145773195524841,23.805919031770614,35.948932807634606,21.139612605614325,8.748092579254056,13.145773195524841
AusgebenGeldVerschwenden,122,W3_RAW,False,41.88433467952018,9.336535874815882,11.57664629130041,26.19882406991259,36.83079781717732,23.357777420767633,9.33653587481588,11.57664629130041
AusgebenGeldVerschwenden,124,W3_RAW,False,40.60225222681588,9.685946302003972,10.871863744557956,31.093801961797524,42.26412756009104,27.6918016802182,9.685946302003972,10.871863744557956
AusgebenGeldVerschwenden,126,W3_RAW,False,43.285994821462076,8.421201506886208,12.171713429603601,31.82635315309956,43.85993039224223,28.005162447440952,8.421201506886208,12.171713429603601
AusgebenGeldVerschwenden,128,W3_RAW,False,40.989346557032924,8.356988475581705,11.137515882054926,33.40127912475837,48.54073647916697,29.048098731536562,8.356988475581707,11.137515882054926
AusgebenGeldVerschwenden,130,W3_RAW,False,41.28542649340684,7.456107032314576,10.481028418015175,29.98783860307639,47.01941282366991,25.576122068054783,7.456107032314575,10.481028418015175
AusgebenGeldVerschwenden,132,W3_RAW,False,42.92494106007779,7.505469753973712,11.394164563625061,26.997105436436883,43.98295019950298,22.820532892444163,7.5054697539737125,11.394164563625061
AusgebenGeldVerschwenden,134,W3_RAW,False,35.2723109462754,7.430225299806509,11.548778755778574,22.858259023859887,34.55446262654691,19.76579843733334,7.430225299806507,11.54877875577858
AusgebenGeldVerschwenden,136,W3_RAW,False,38.44996008743487,8.642665844656987,13.278992853642846,22.890093068377553,35.735203081272836,19.9401218809477,8.642665844656987,13.278992853642846
AusgebenGeldVerschwenden,138,W3_RAW,False,35.478479682968334,8.58687802525408,12.466772448221164,21.288327683240432,30.302007520518142,18.619804484925922,8.58687802525408,12.466772448221164
AusgebenGeldVerschwenden,140,W3_RAW,False,39.40419409571592,8.909278362811216,12.773216788004978,21.1897795768019,28.693402033259222,18.775674929728464,8.909278362811216,12.773216788004978
AusgebenGeldVerschwenden,142,W3_RAW,False,38.27230705991422,9.393904619625232,13.869654457797425,22.709495068737535,31.136568316914424,20.27933600018649,9.393904619625232,13.869654457797425
AusgebenGeldVerschwenden,144,W3_RAW,False,37.60729933307508,9.248702901802902,13.73515879634966,20.477360000516832,29.643859652251276,18.045703847077284,9.248702901802902,13.735158796349657
AusgebenGeldVerschwenden,146,W3_RAW,False,38.61717257624733,9.966765835887085,13.389734232894183,21.478367055739216,32.15027012382199,18.892371979562153,9.966765835887083,13.389734232894183
AusgebenGeldVerschwenden,148,W3_RAW,False,41.54404756749824,8.147760165813915,13.798830802356358,25.797431136908823,37.866486869536246,22.55563608388917,8.147760165813915,13.798830802356358
AusgebenGeldVerschwenden,150,W3_RAW,False,44.43293243143549,10.298233319452395,14.02420017578032,25.39099889235182,38.2750286351748,21.96237550446068,10.298233319452399,14.024200175780315
AusgebenGeldVerschwenden,152,W3_RAW,False,43.303028119958654,7.047401527528848,11.601583844075106,27.91165758946648,45.010367746682924,24.038407133067313,7.047401527528848,11.601583844075106
AusgebenGeldVerschwenden,154,W3_RAW,False,41.34472639731017,6.895692676676662,10.161058492999677,24.43999539897883,38.13874542096233,20.94108711762446,6.895692676676661,10.161058492999679
AusgebenGeldVerschwenden,156,W3_RAW,False,39.322589531342686,7.323479012580594,10.841458745347818,22.492091057300815,34.341406754845,19.277349761834213,7.323479012580594,10.841458745347818
Auto,104,W3_RAW,False,41.24727728783997,10.66933800957445,13.73626063119523,26.963852929931694,42.6037767430421,23.448833402726443,10.66933800957445,13.73626063119523
Auto,106,W3_RAW,False,39.06786148989567,11.057323089050922,13.523948931060676,27.458727338847602,40.646325451953814,24.043929565079615,11.057323089050922,13.523948931060675
Auto,108,W3_RAW,False,37.73978739573031,11.695676946531316,12.371147846155472,23.386734621291794,35.11384785910549,20.81015080812462,11.695676946531316,12.371147846155473
Auto,110,W3_RAW,False,37.35048983516921,11.164064613719951,12.570953516321621,25.038722538161277,37.61039626009144,22.22040818507546,11.164064613719951,12.570953516321621
Auto,112,W3_RAW,False,36.1708736226977,11.582437459102051,13.192918424631738,25.183621674185662,37.75127036974935,22.583408648420328,11.582437459102051,13.192918424631738
Auto,114,W3_RAW,False,37.86900071516046,12.732834080731863,11.635167881148927,25.943646607486116,33.51608673047884,23.672566559465917,12.732834080731863,11.635167881148927
Auto,116,W3_RAW,False,37.90286431169357,12.051087279088982,12.05699202324785,27.22058521728937,36.0233147806228,24.541035795825504,12.051087279088982,12.05699202324785
Auto,118,W3_RAW,False,38.3950931301385,13.300435729811221,11.377276114214553,28.93748532344653,41.576909858709364,25.499903645668457,13.300435729811221,11.377276114214553
Auto,120,W3_RAW,False,38.536677944158996,13.256581727717176,11.592813598587371,31.414796399067487,45.224951755012235,27.6783663297493,13.25658172771718,11.592813598587371
Auto,122,W3_RAW,False,40.00298664122148,12.598391232606465,11.975725915170244,28.95807023574568,44.19833776504271,25.25092809082706,12.598391232606465,11.975725915170244
Auto,124,W3_RAW,False,41.24199616531717,11.872055923275322,11.939950315574794,29.950524359262985,45.600731772307725,25.987109858698446,11.872055923275322,11.939950315574794
Auto,126,W3_RAW,False,39.728365142183534,10.756298218152452,11.845627730092573,27.86800487591514,41.46251145099433,24.112071421343934,10.75629821815245,11.84562773009257
Auto,128,W3_RAW,False,38.327336838960306,10.002892058472568,12.067301874383858,24.21908679793883,35.9598201866266,21.691782276989855,10.002892058472568,12.067301874383858
Auto,130,W3_RAW,False,34.863716749890266,10.108606725317102,12.045486187139588,22.44663820676457,32.64208013584574,19.93927065940723,10.108606725317102,12.045486187139588
Auto,132,W3_RAW,False,38.94324628306914,9.831023886635208,11.891607209430914,22.408586937211222,33.23662806197623,20.157543412491716,9.831023886635208,11.891607209430914
Auto,134,W3_RAW,False,39.06753239198783,9.682500258742204,13.04474248754233,21.50861667646394,32.38363541262389,19.063577484132477,9.682500258742204,13.04474248754233
Auto,136,W3_RAW,False,37.27132414506485,10.424036423982718,13.186943056152561,23.310600962824996,35.8635852700872,20.21727607297415,10.424036423982718,13.186943056152561
Auto,138,W3_RAW,False,35.89982686035726,10.515744710302426,13.38289899212776,20.73018986711387,32.32677587568927,18.126375693900282,10.515744710302426,13.38289899212776
Auto,140,W3_RAW,False,38.506085588885455,10.229832233746308,13.106833965719835,20.918348322853827,32.03880325334872,18.196757835105625,10.229832233746308,13.106833965719838
Auto,142,W3_RAW,False,37.74358965560522,10.351583632232884,12.528370637358595,22.079378806394665,32.55375312436076,19.428265416400066,10.351583632232884,12.528370637358595
Auto,144,W3_RAW,False,37.68977847020088,10.850867949764407,11.827528703065475,22.49909755690454,32.675090405582615,20.306712016981177,10.850867949764407,11.827528703065475
Auto,146,W3_RAW,False,39.101736859276606,11.28488812389601,12.318920023532074,22.73201585752796,32.6212879258748,20.376162773733068,11.28488812389601,12.318920023532074
Auto,148,W3_RAW,False,33.96219523810154,11.199391956256646,12.5509243951939,23.64825032733541,32.778202375886686,20.93111739743563,11.199391956256646,12.5509243951939
Auto,150,W3_RAW,False,34.883102781426885,10.805070465996462,13.503787687667682,22.16087622614481,30.469626243612566,19.548546704672688,10.805070465996462,13.503787687667678
Auto,152,W3_RAW,False,31.763848205004766,10.80769581831986,12.588791261278566,22.486095786046366,31.405290025221166,19.85385498039489,10.80769581831986,12.588791261278566
Auto,154,W3_RAW,False,37.659633504052785,10.664365896304842,12.276664705432923,23.91397836072009,35.182069032534876,21.386479699610373,10.664365896304842,12.276664705432923
Auto,156,W3_RAW,False,35.944893669731066,11.050168691804936,13.432600812013948,24.139343432812638,35.047037047178165,21.226955750758723,11.050168691804936,13.432600812013948
Auto,158,W3_RAW,False,34.34820546024674,11.003068960440112,12.075697200849223,22.867499303270286,33.92211353263705,20.268532540762518,11.003068960440112,12.075697200849223
Auto,160,W3_RAW,False,35.448878199283904,10.84532324233841,12.806643842296078,23.030080071793737,34.34783242708507,20.455017588402917,10.84532324233841,12.806643842296078
Auto,162,W3_RAW,False,35.33050426493936,10.88669080754079,13.294793821408074,23.586560512274676,35.197058724833916,20.614939222986184,10.88669080754079,13.294793821408074
Auto,164,W3_RAW,False,35.76978684364273,10.794363672575805,12.068856055150059,24.688860828771293,36.50850880222953,21.740500860332794,10.794363672575805,12.068856055150059
Auto,166,W3_RAW,False,39.07549637182924,11.42985650647793,12.876594387358724,24.62483346681686,38.19870151346704,21.763211530009077,11.42985650647793,12.876594387358724
Auto,168,W3_RAW,False,36.69044648199077,11.158740011663722,12.784295364649358,24.648797483731148,36.39761664911348,21.648166209101145,11.158740011663726,12.784295364649358
Auto,170,W3_RAW,False,38.652588472400915,10.958810914504845,12.703734212661843,26.044911119867688,37.13972977281431,23.000305413561467,10.958810914504843,12.703734212661843
Auto,172,W3_RAW,False,36.72591370623683,11.133262631767543,12.602656961640296,24.305852394476627,36.14556128093508,21.448430860594243,11.133262631767542,12.602656961640296
BesuchenEinmischen,172,W3_RAW,False,41.94657942159002,17.43404130753867,8.888841614262843,23.449817673179602,35.128794090120216,21.010692614615152,17.43404130753867,8.888841614262843
BesuchenEinmischen,174,W3_RAW,False,40.898729431771336,11.306691510091753,8.1758549553122,28.024127472016122,39.67802968461826,25.06519555532889,11.306691510091749,8.175854955312202
BesuchenEinmischen,176,W3_RAW,False,46.330051348584725,26.845406772946756,8.144396113194663,29.05986258661632,45.55424425202652,25.63195719157585,26.84540677294676,8.144396113194663
BesuchenEinmischen,178,W3_RAW,False,41.37095995358475,12.017664226364845,8.741188107214693,25.001408739196446,37.163885741847594,22.10126570576172,12.017664226364845,8.741188107214693
BesuchenEinmischen,180,W3_RAW,False,40.97621240238472,8.793516164801547,8.039978222179213,23.763722209439116,34.848742161318626,21.299337355957594,8.793516164801547,8.039978222179213
BesuchenEinmischen,182,W3_RAW,False,42.85545674446754,21.80647416642451,8.922005831767006,26.271981616270978,38.382541351153364,23.41818365266265,21.80647416642451,8.922005831767006
BesuchenEinmischen,184,W3_RAW,False,38.345160910639336,9.416188052381443,9.047866275528737,24.40415885033577,33.96678931801854,22.10096322299222,9.416188052381443,9.047866275528737
BesuchenEinmischen,186,W3_RAW,False,39.6308839168477,18.8249295949256,9.536917851301117,26.170208864378655,38.52581495759165,23.22750942383298,18.824929594925603,9.53691785130112
BesuchenEinmischen,188,W3_RAW,False,38.6548480607283,9.990911357173788,10.244485374229487,22.32269387479308,30.980297842876844,20.405463967341998,9.990911357173788,10.244485374229487
BesuchenEinmischen,190,W3_RAW,False,37.876784484538724,20.93469732313544,12.25571469251933,28.28375747668952,35.2508115575936,25.777935977999753,20.93469732313544,12.25571469251933
BesuchenEinmischen,192,W3_RAW,False,33.0260720273014,11.60523755401411,12.180690410237819,21.874548206045546,31.601187734776598,20.024843474545158,11.60523755401411,12.180690410237817
BesuchenEinmischen,194,W3_RAW,False,36.262451487847216,20.97626575689533,12.996671582522971,28.458971812219037,39.635221378204044,25.462145197244993,20.97626575689533,12.996671582522971
BesuchenEinmischen,196,W3_RAW,False,33.490334622864175,11.725248547061515,13.183444791023957,22.532438527699586,32.24174482757847,20.405760043292787,11.725248547061515,13.18344479102396
BesuchenEinmischen,198,W3_RAW,False,34.25676460615272,16.057441767392046,13.379708795162049,24.55522073407074,33.90517758730553,22.119729477910237,16.057441767392046,13.379708795162045
BesuchenEinmischen,200,W3_RAW,False,34.27665104093848,11.664483965690405,13.337433666605582,24.764502965464214,32.11747484792275,22.737483180196172,11.664483965690405,13.337433666605582
BesuchenEinmischen,202,W3_RAW,False,35.23510854506848,17.919816495442657,13.661203681170948,25.37057306619358,33.6535702876678,23.011818995858537,17.919816495442657,13.661203681170948
BesuchenEinmischen,204,W3_RAW,False,32.5396921329149,13.365578636966424,11.608281619079838,21.398202332278238,30.101745465614915,19.300120554933695,13.365578636966424,11.608281619079834
BesuchenEinmischen,206,W3_RAW,False,35.18860815580169,18.86010592782029,13.00582540677656,25.590920365931396,34.81164465677489,23.02274843610584,18.86010592782029,13.00582540677656
BesuchenEinmischen,208,W3_RAW,False,34.88354918144252,13.402836886971278,13.10537372338244,26.948608893352464,34.874273353284,24.517543184882943,13.402836886971278,13.105373723382442
Blitz,131,W3_RAW,True,30.857183284398626,,14.019788628565898,26.25700931898234,37.15806791484217,22.60867687803304,,14.019788628565898
Blitz,133,W3_RAW,True,32.068858565023085,,14.772474232580269,28.461195506673256,44.14451359177719,24.106299045153992,,14.772474232580269
Blitz,135,W3_RAW,True,30.880848592043968,,14.401966471666316,26.467866542176342,41.80880143718257,22.335593120903066,,14.401966471666315
Blitz,137,W3_RAW,True,37.56860489040131,,13.938037682607684,30.198960717369218,47.80157662220232,25.64291238359641,,13.938037682607684
Blitz,139,W3_RAW,True,33.50526795903463,,12.574077705797148,25.203432460866765,39.8428312915932,21.473717857318924,,12.574077705797148
Blitz,141,W3_RAW,True,37.46797315010128,,12.627963299606515,28.224070538923545,45.31962603137581,24.502466274806682,,12.627963299606515
Blitz,143,W3_RAW,True,36.83305987933754,,10.799382585250834,26.86260023290983,38.9441375552626,23.198497083259223,,10.799382585250834
Blitz,145,W3_RAW,True,39.61025329104148,,11.744975411896466,28.941435074332546,41.43944821658746,25.510459011393568,,11.744975411896466
Blitz,147,W3_RAW,True,38.535398878956514,,11.99610940524275,25.80876556618425,37.858301046161955,22.889675459868506,,11.99610940524275
Blitz,149,W3_RAW,True,39.23462318343942,,11.561254113204628,26.022954524311366,39.18918753260358,22.862895505341964,,11.561254113204628
Blitz,151,W3_RAW,True,38.057982579748455,,11.22513808612699,25.88439784453624,40.294640920905344,22.30249379794688,,11.22513808612699
Blitz,153,W3_RAW,True,38.05147206841251,,11.677157297840346,28.94666035321169,41.30355658908002,25.067547209932517,,11.677157297840346
Blitz,155,W3_RAW,True,34.299353434448236,,11.781219871155896,23.72163850625389,34.79614083051943,20.60754864706144,,11.781219871155896
Blitz,157,W3_RAW,True,35.62339869632802,,11.86418473421949,24.780579651610587,39.05735789144433,21.446259133119817,,11.864184734219489
Blitz,159,W3_RAW,True,38.29785288108595,,10.674729227877355,24.680552710520725,36.70172486383949,21.560764979515305,,10.674729227877354
Blitz,161,W3_RAW,True,41.85315452194412,,11.296397482746539,30.484759881545052,44.156635075791066,26.668105343376777,,11.296397482746539
Blitz,163,W3_RAW,True,34.03099484066701,,12.524997323293523,26.342754743961333,34.76284074973888,23.163264668518643,,12.524997323293523
Blitz,165,W3_RAW,True,35.4929269896256,,14.263219441199977,27.728724822941988,37.206295951320016,24.260454415799877,,14.263219441199977
Blitz,167,W3_RAW,True,37.174456135264016,,14.431675468521489,27.86653278779597,36.45196166779342,24.606600785653207,,14.43167546852149
Blitz,169,W3_RAW,True,44.139533429691895,,15.118136971185221,35.34449053355162,49.20342658140179,30.68203166628642,,15.118136971185221
Blitz,171,W3_RAW,True,44.17812888693923,,16.728725513997727,35.639995998543064,49.85779019884561,31.143662922466763,,16.72872551399773
Blitz,173,W3_RAW,True,42.42047072644724,,16.049124693393015,35.94843931878025,48.628372421173836,31.481002701624913,,16.049124693393015
Blitz,175,W3_RAW,True,41.06119545935228,,16.60257099593176,34.68768954191597,48.67888772453172,29.874460268542705,,16.60257099593176
Blitz,177,W3_RAW,True,39.22006355327933,,16.593309825013293,34.16015692344556,45.41437500112885,29.510192488203764,,16.59330982501329
Blume,121,W3_RAW,False,43.042968992862065,14.14843157530325,10.071232053946543,25.22650311924593,35.95069032707463,22.907084505948447,14.14843157530325,10.071232053946543
Blume,123,W3_RAW,False,38.23564042823422,14.34083471564091,10.15036681185033,26.33386857408595,36.208763845709136,23.715499475266178,14.34083471564091,10.150366811850327
Blume,125,W3_RAW,False,45.47176363291241,12.452350260367512,13.67848360779334,31.173282619944803,40.77581696348203,28.39952284467921,12.452350260367512,13.67848360779334
Blume,127,W3_RAW,False,43.649935323792675,10.95585055002671,8.493475505728172,30.037844046999304,34.75656606773852,27.88694077891178,10.95585055002671,8.493475505728172
Blume,129,W3_RAW,False,41.07303527547952,12.002303987499959,8.979527146323813,26.30962195299027,34.93731939816232,23.975904174021256,12.002303987499959,8.97952714632381
Blume,131,W3_RAW,False,48.041989414983846,18.191941464703692,9.999093074561834,29.45083307492179,36.89957898492368,27.008309885391498,18.191941464703692,9.999093074561834
Blume,133,W3_RAW,False,47.87146432127253,11.643972265697483,9.486229068709312,27.759964052027232,39.584162200221606,25.5121533986503,11.643972265697483,9.48622906870931
Blume,135,W3_RAW,False,51.631273479484285,18.08752432581807,9.603593163059193,27.49923748241573,38.47406001712741,25.063649699377223,18.08752432581807,9.603593163059193
Blume,137,W3_RAW,False,52.7805352208112,11.219615150453984,9.576352697201953,30.24096429552089,42.800523991145475,27.554872761043438,11.219615150453984,9.576352697201951
Blume,139,W3_RAW,False,52.8942300001183,19.94222141950644,9.489555751569247,27.784818111201442,38.9105168608112,25.26205664206184,19.942221419506435,9.489555751569249
Blume,141,W3_RAW,False,50.50764842534002,12.77558934846382,9.72853568233449,28.241595368179098,38.60078536485352,25.7277469791005,12.775589348463821,9.72853568233449
Blume,143,W3_RAW,False,49.329890309587675,11.621968719293983,10.309523834464036,29.433206200384276,40.83130076187988,26.996819776995178,11.621968719293983,10.309523834464036
Blume,145,W3_RAW,False,41.32874946309296,14.215742508488807,10.90013295207865,27.623087488083936,38.61859805985452,25.049899175792294,14.215742508488807,10.90013295207865
Blume,147,W3_RAW,False,42.798958757931,20.652097883743384,10.949759016991433,27.924326237405964,37.46610175849544,25.463057515284618,20.652097883743384,10.949759016991434
Blume,149,W3_RAW,False,41.558881163138224,13.416291714376744,10.134301125713405,27.52788806838663,39.802947869177935,24.693887549113647,13.416291714376742,10.134301125713405
Blume,151,W3_RAW,False,41.13959548337737,22.917174644985124,12.633668879364103,29.643142503432248,36.59345790175914,26.706529250064523,22.917174644985124,12.633668879364103
Blume,153,W3_RAW,False,41.80466640219349,12.934728519482237,11.096230786458715,27.179314260980945,38.91412264028218,24.52529357106728,12.934728519482237,11.096230786458715
Blume,155,W3_RAW,False,40.56135611761442,14.491904860272173,11.156328801039512,27.60724317947606,37.597824435215585,25.06638478640827,14.491904860272173,11.156328801039512
Blume,157,W3_RAW,False,42.07117014502605,19.108669857060406,11.593740403735428,29.10731064379329,35.19883949839365,26.55858035881196,19.10866985706041,11.593740403735428
Blume,159,W3_RAW,False,42.30995691549692,16.479947304949402,11.007316234190279,28.845012449704434,36.107627604534336,26.353958574103878,16.479947304949402,11.007316234190284
Blume,161,W3_RAW,False,41.04474605191492,15.435798736068948,10.847847374048442,29.186207233093725,36.06108433298636,26.581620089112917,15.435798736068948,10.847847374048442
Boese,127,W3_RAW,True,45.268755620564896,,19.27624348338301,35.889506354637064,50.198787835193095,31.59344670965874,,19.27624348338301
Boese,129,W3_RAW,True,44.37504139775788,,23.30430857734396,36.137645459048755,51.3399806365855,31.843202126342263,,23.30430857734396
Boese,131,W3_RAW,True,44.711279137742686,,19.419552581198648,34.759619744585585,45.297525272851786,31.09009395800886,,19.419552581198648
Boese,133,W3_RAW,True,42.53738549814616,,20.390461584782738,37.823241062044964,53.92514065777219,33.31516591227108,,20.390461584782738
Boese,135,W3_RAW,True,45.76806230153211,,21.696595304338814,41.19776480926668,61.85158187756392,35.970878141477435,,21.696595304338814
Boese,137,W3_RAW,True,43.35486129021365,,23.003347153917467,40.27679779128013,65.41938533546237,34.27731201111668,,23.003347153917467
Boese,139,W3_RAW,True,47.33857042359261,,20.212009815016696,37.07098682248614,56.148383986853716,32.33967650739339,,20.212009815016696
Boese,141,W3_RAW,True,39.007176768540525,,21.480486221049677,32.417625532656636,47.75678750519566,28.69371065611143,,21.480486221049677
Boese,143,W3_RAW,True,40.651211611714146,,22.11898395250873,36.298318485419294,53.9748911607477,31.565983251042102,,22.11898395250874
Boese,145,W3_RAW,True,39.85535274267287,,18.122119147521563,32.52775649858121,46.84436607914861,28.586018231720622,,18.122119147521566
Boese,147,W3_RAW,True,42.99961303108897,,20.348206165554434,38.26276241861684,60.36804205641864,32.887143713443024,,20.348206165554437
Boese,149,W3_RAW,True,48.29533134682133,,22.55391046793478,41.83944884061704,64.7309239267188,35.85360017888869,,22.553910467934784
Boese,151,W3_RAW,True,41.82365721373686,,19.602852824322365,33.915732516578686,54.06732390630209,28.883546349426478,,19.602852824322365
Boese,153,W3_RAW,True,45.904450464432664,,20.213506574191143,35.17988899329579,50.5997972177467,30.81212261893653,,20.213506574191143
Boese,155,W3_RAW,True,43.62067827031023,,20.354795751740646,32.36659060670629,46.83492564638029,28.441185863457978,,20.354795751740646
Boese,157,W3_RAW,True,44.643563450490575,,18.87266372789676,34.37300977034121,50.357958697034434,30.32753359364502,,18.87266372789676
Boese,159,W3_RAW,True,43.81778389009458,,19.8771507947988,38.88813676320121,59.13232808973116,33.463073911948065,,19.877150794798798
Boese,161,W3_RAW,True,47.07418764745788,,18.74922192934168,37.968462115292255,57.2251905244389,33.260838340165975,,18.74922192934168
Boese,163,W3_RAW,True,40.235657636397036,,18.466823735744157,35.34166265268177,55.14718246854849,30.373228038740645,,18.466823735744157
BroetchenAufschneiden,151,W3_RAW,False,31.505517373209805,10.105115063682796,9.076771565331137,23.78922755324822,34.440302163671035,20.819282246892076,10.105115063682797,9.07677156533114
BroetchenAufschneiden,153,W3_RAW,False,30.90834091639629,11.695724385809367,8.157996667258635,24.259115704102793,35.66812060195112,20.993482719538438,11.695724385809365,8.157996667258633
BroetchenAufschneiden,155,W3_RAW,False,31.698904202397156,10.207586232381596,8.9242210229562,21.63834867404272,31.662786998864156,18.776160517629332,10.207586232381596,8.9242210229562
BroetchenAufschneiden,157,W3_RAW,False,31.796991998348798,12.8629251198028,8.302250850101911,22.889810515496446,33.99717859497856,19.754665323475812,12.8629251198028,8.302250850101911
BroetchenAufschneiden,159,W3_RAW,False,30.569858319735914,10.412549419649366,9.17395153136098,21.337131190388604,29.168635423967395,18.790374580537982,10.412549419649372,9.17395153136098
BroetchenAufschneiden,161,W3_RAW,False,32.6415117591959,10.468860459856174,8.191862806735145,19.533160772894792,27.84064810612013,17.11542714720156,10.468860459856176,8.191862806735145
BroetchenAufschneiden,163,W3_RAW,False,30.195993423469194,12.579271601301757,8.077958940479633,21.2395897042437,29.078462070491966,18.541502438496604,12.579271601301757,8.077958940479633
BroetchenAufschneiden,165,W3_RAW,False,36.22829264785842,10.67742181526698,9.140493770136885,27.29691871036545,32.715604864544545,24.545464772167378,10.67742181526698,9.140493770136885
BroetchenAufschneiden,167,W3_RAW,False,42.911829553965184,13.717594396820461,10.289315948756188,34.494933794916946,45.52741085918373,30.363937640312276,13.717594396820461,10.289315948756188
BroetchenAufschneiden,169,W3_RAW,False,42.22053080860408,10.815342488123258,11.638501824684685,32.53778517104051,43.01467338489963,28.8379085874065,10.815342488123258,11.638501824684685
BroetchenAufschneiden,171,W3_RAW,False,48.2630061540595,12.917239640740739,11.0593808086057,39.65817265332162,50.30655786482787,35.25027894423387,12.917239640740739,11.0593808086057
BroetchenAufschneiden,173,W3_RAW,False,46.92304897517541,12.01179968007294,10.734689798643602,34.43206387084538,45.04529977986851,30.47823033113935,12.01179968007294,10.734689798643604
BroetchenAufschneiden,175,W3_RAW,False,38.99734378806192,11.294524961466033,10.839597700830524,27.68113456976564,38.51048730596736,24.26009985192501,11.294524961466033,10.839597700830524
BroetchenAufschneiden,177,W3_RAW,False,37.28719834574666,11.259075878051076,9.477494346602294,32.492231649769174,43.039959880003806,28.755035324054525,11.259075878051076,9.477494346602294
BroetchenAufschneiden,179,W3_RAW,False,45.732436375081264,11.089067934487835,9.453431643118833,37.60722996331466,47.2755641154916,33.725810290994055,11.089067934487833,9.453431643118833
BroetchenAufschneiden,181,W3_RAW,False,43.06806074320712,13.705140874912784,9.442410849953179,34.5913017091101,44.478064787325486,30.623037980004906,13.705140874912784,9.442410849953179
BroetchenAufschneiden,183,W3_RAW,False,45.47131831819077,11.178389453896964,9.828251987316534,36.732973981975185,44.10542061133179,33.05225500337168,11.178389453896965,9.828251987316534
BroetchenAufschneiden,185,W3_RAW,False,42.714825074496225,11.383916549007337,14.046388322870964,34.658875985856746,45.39465262688858,30.795226744937175,11.383916549007337,14.046388322870964
BroetchenAufschneiden,187,W3_RAW,False,46.03904003366953,12.523502538552503,15.728183454929674,35.41030588363963,51.140989434410166,30.695992555635968,12.523502538552503,15.728183454929674
BroetchenAufschneiden,189,W3_RAW,False,45.85536533307986,11.189364977471515,14.898087314291343,32.556614474454804,44.162859462242444,28.69358765446361,11.189364977471516,14.898087314291345
BroetchenAufschneiden,191,W3_RAW,False,43.31736417093353,11.30106204790018,13.324976382965502,31.84093026639665,39.01880406824305,28.6510852110392,11.30106204790018,13.324976382965502
BroetchenAufschneiden,193,W3_RAW,False,42.33332216405586,13.379763313939009,10.197647265770668,31.74739030717256,37.31383121027676,28.429176084126926,13.379763313939009,10.197647265770666
BroetchenAufschneiden,195,W3_RAW,False,44.358520231177785,12.866307127315617,9.97103010676953,33.0197627651748,41.13687334417689,29.512866397212953,12.866307127315613,9.97103010676953
BroetchenAufschneiden,197,W3_RAW,False,40.93413879585314,11.940652885267676,10.247624818314293,29.051390536760774,30.566169812436954,26.661548258130157,11.940652885267676,10.247624818314291
BroetchenAufschneiden,199,W3_RAW,False,46.2848987306607,14.159364392767177,8.71986287119408,36.24712407758606,44.39559311076653,32.6605478519135,14.159364392767177,8.71986287119408
BroetchenAufschneiden,201,W3_RAW,False,44.18216635145839,11.533730527694107,10.980395697054666,34.402546013055876,40.62920758675618,31.05549126829985,11.533730527694107,10.980395697054666
BroetchenAufschneiden,203,W3_RAW,False,44.65439865653637,14.116999564203896,11.405481745636207,33.81857979603051,46.88231948425941,29.509865798435982,14.116999564203896,11.405481745636207
BroetchenAufschneiden,205,W3_RAW,False,46.60994366206147,11.336597989676955,11.585424346278362,36.46729114593272,46.24191256655815,32.40838025653743,11.336597989676955,11.585424346278362
BroetchenAufschneiden,207,W3_RAW,False,40.72200141486064,11.32230824606298,11.363897730939817,28.570980282880704,40.77074919362179,24.767753253089353,11.322308246062981,11.363897730939817
BroetchenAufschneiden,209,W3_RAW,False,38.33459369332549,11.308723905349936,12.392282888058592,25.742045681727518,36.331902530384,22.282441701598326,11.308723905349936,12.392282888058592
BroetchenAufschneiden,211,W3_RAW,False,42.75473606043018,14.368181978271465,11.14828336415216,31.897454501943027,45.68476037361375,27.599045501718674,14.368181978271465,11.14828336415216
BroetchenAufschneiden,213,W3_RAW,False,38.79971609098948,11.333249212261519,10.540577728395814,29.088868406067522,37.4240959900241,25.757213456507053,11.333249212261519,10.540577728395814
BroetchenAufschneiden,215,W3_RAW,False,44.25957448969023,11.244286170846289,9.884070141282507,29.75101767472985,41.04407236310465,25.969855664590085,11.24428617084629,9.884070141282507
BroetchenAufschneiden,217,W3_RAW,False,43.53769251812017,12.876162734082172,11.963201789424888,31.980204650303136,48.66296350431339,27.371625049629984,12.876162734082172,11.963201789424891
BroetchenAufschneiden,219,W3_RAW,False,50.63723544581084,13.483878830069099,11.843907545991073,38.83876868506078,54.817161802749496,33.891452140617986,13.483878830069099,11.843907545991073
BroetchenAufschneiden,221,W3_RAW,False,49.42101785357991,11.569794806247902,12.921218978668195,35.34195521218335,46.96878950560876,31.11634753918535,11.569794806247902,12.921218978668195
BroetchenAufschneiden,223,W3_RAW,False,48.39636390499861,14.992590686233257,13.71571707662177,33.300431398968946,48.31641459710074,28.793381939982925,14.992590686233257,13.71571707662177
BroetchenAufschneiden,225,W3_RAW,False,46.33853899925256,11.30224655080922,12.71192340706196,33.764274596224126,43.919173025257294,29.942978712497048,11.302246550809222,12.71192340706196
BroetchenAufschneiden,227,W3_RAW,False,44.96776927471406,13.682478182670007,13.120792493168512,32.24471095296776,44.917808337303384,28.240246017549026,13.682478182670007,13.120792493168512
BroetchenAufschneiden,229,W3_RAW,False,48.0195777921565,11.392141642746486,11.818805287488708,32.234419735901646,45.02959901823934,28.161800447719774,11.392141642746486,11.818805287488708
BroetchenAufschneiden,231,W3_RAW,False,52.0788291055173,13.336290495355858,14.480008323466969,36.599098000699975,54.69090046449735,31.531321423018206,13.336290495355858,14.480008323466969
BroetchenAufschneiden,233,W3_RAW,False,50.160563485905335,13.176007356672075,15.025485759777233,37.66728138579209,54.61384748811888,32.5541693899219,13.176007356672075,15.025485759777233
BroetchenAufschneiden,235,W3_RAW,False,50.434088889981645,10.602772873623062,15.647623959796377,36.75533581558992,51.312312395093215,32.038149798559026,10.602772873623062,15.647623959796377
BroetchenAufschneiden,237,W3_RAW,False,55.39686480638162,14.124156180196008,13.920857239805184,42.25611571959371,60.915199206229794,36.539575943555114,14.124156180196008,13.920857239805184
BroetchenAufschneiden,239,W3_RAW,False,50.60468077818763,10.790369624026546,12.513312576843534,34.084282090374515,44.968516219235205,30.016594637876743,10.790369624026546,12.51331257684353
BroetchenAufschneiden,241,W3_RAW,False,51.746159485144574,14.442038965750804,14.32906668634488,35.392809421254,55.92016838196331,30.063731012135584,14.442038965750804,14.32906668634488
BroetchenAufschneiden,243,W3_RAW,False,50.250540477191905,11.209292067213417,14.703013876792308,32.67914446162182,46.237063589493275,28.417135424005842,11.209292067213417,14.703013876792307
BroetchenAufschneiden,245,W3_RAW,False,53.67857772537273,12.23966153043829,15.20888258856092,37.621374210063514,52.17935768952573,32.884065974156684,12.23966153043829,15.208882588560918
Dort,171,W3_RAW,True,38.26067005010974,,11.202135912328934,25.039445574674087,38.669030508283534,21.529551288023402,,11.202135912328936
Dort,173,W3_RAW,True,38.662130952876,,11.424977650767488,25.52858940722911,39.661575983893464,22.298748697387417,,11.424977650767488
Dort,175,W3_RAW,True,39.767514717421875,,11.02711291295903,25.689628276412623,39.93775917197912,22.627005877913643,,11.02711291295903
Dort,177,W3_RAW,True,41.247406136997746,,12.16968987035505,30.862147581685075,47.58803052423169,26.59173721923269,,12.16968987035505
Dort,179,W3_RAW,True,36.056154430989736,,11.987053801483235,26.95747348048762,40.759327875304805,23.010333993443748,,11.987053801483235
Dort,181,W3_RAW,True,34.977127993223526,,11.571366003584483,26.060931045511428,40.72473923651132,22.309286701514242,,11.571366003584483
Dort,183,W3_RAW,True,35.42818260086934,,11.251267280104168,26.834408995931074,40.9011557516881,23.04120200917789,,11.251267280104162
Dort,185,W3_RAW,True,36.167952114296725,,11.249489261053675,28.028923892220188,42.40712140492588,24.2865690631006,,11.249489261053673
Dort,187,W3_RAW,True,38.11486992862744,,11.413389722469937,29.588346528853187,44.12933908069446,25.67378620724488,,11.413389722469937
Dort,189,W3_RAW,True,35.47438895052131,,10.82252361271184,26.158955445563365,40.49133440586801,22.38175850169032,,10.82252361271184
Dort,191,W3_RAW,True,35.247323742645094,,11.391644758156989,27.347924655785782,41.30714315016622,23.33490684479705,,11.391644758156989
Dort,193,W3_RAW,True,36.624013801646015,,10.82930954203054,26.499116421170296,41.95875857516214,22.56012341384267,,10.82930954203054
Dort,195,W3_RAW,True,37.400643619155275,,11.492197249657583,26.422317115593938,41.86094343579876,22.49207346771343,,11.492197249657583
Duenn,156,W3_RAW,True,37.911984870539236,,15.166984977771765,26.873564451019313,38.228024289027786,23.21507475505427,,15.166984977771765
Duenn,158,W3_RAW,True,37.19564871293282,,15.795420355637086,26.639172816745525,39.40005665830006,23.15532280398433,,15.795420355637086
Duenn,160,W3_RAW,True,37.09315687037565,,14.708032996897915,25.68226516933202,39.832864571829326,22.54539872448772,,14.708032996897913
Duenn,162,W3_RAW,True,37.31434930920721,,14.057261586866929,27.94422268280819,37.88367940787912,24.730809225688862,,14.057261586866929
Duenn,164,W3_RAW,True,39.69736260958836,,14.401125672878841,24.7889407323243,37.00161704107688,22.067596008355157,,14.401125672878841
Duenn,166,W3_RAW,True,39.51784357973865,,15.035275405986384,26.60643557056382,40.45607011543587,23.81124015616378,,15.035275405986384
Duenn,168,W3_RAW,True,36.8389009959069,,15.432753630228923,28.29736304821942,40.57770532018058,25.066875087661877,,15.432753630228923
Duenn,170,W3_RAW,True,43.149394990303975,,15.765589519784795,27.881110283174,39.89311423134801,25.281352890137562,,15.765589519784795
Duenn,172,W3_RAW,True,42.71856809275667,,16.53495180427187,27.573174882663164,40.19451484623169,24.58096591760833,,16.534951804271866
Duenn,174,W3_RAW,True,41.78149251066594,,15.54613619821067,26.046184089866816,38.708597882827874,23.353064906626127,,15.54613619821067
Duenn,176,W3_RAW,True,41.902681502635545,,15.144857797332254,26.323534900018974,37.857194949011614,23.701901054279173,,15.144857797332254
Duenn,178,W3_RAW,True,42.205407416206505,,15.249617291047024,26.723729149399155,38.392367234539314,24.202191848986704,,15.249617291047024
Duenn,180,W3_RAW,True,38.02644647998901,,14.8354127983831,28.576766657439855,35.53176066055445,25.80697610285066,,14.8354127983831
Duenn,182,W3_RAW,True,43.307931765486764,,14.433508996880484,26.74092606915147,39.709380940747046,23.912661518264045,,14.433508996880482
Duenn,184,W3_RAW,True,37.73857635503318,,14.547365351974737,30.30509909725164,37.194597263937176,27.278282837368153,,14.547365351974733
Duenn,186,W3_RAW,True,41.046857813008785,,14.77632764243882,27.356164818962128,40.72141970695886,24.65558801838669,,14.77632764243882
Duenn,188,W3_RAW,True,40.88619605919295,,14.737836868406948,25.786950362196038,39.14449129986258,22.9394164822805,,14.737836868406948
Duenn,190,W3_RAW,True,40.700516179838814,,15.029186883216239,28.55474092210167,38.988418280077916,25.620521828397166,,15.029186883216239
Duenn,192,W3_RAW,True,42.08343185120231,,14.886982823074645,27.62245609335047,39.2676993228404,24.822337796686266,,14.886982823074645
Duenn,194,W3_RAW,True,44.00793390358095,,15.091436585815403,29.053410049968292,42.91086510705275,25.74494567875844,,15.091436585815403
Duenn,196,W3_RAW,True,41.181964407465955,,14.853097191642185,27.820098863672538,38.78925574307534,24.61834387126683,,14.853097191642185
Duenn,198,W3_RAW,True,38.65583056430119,,15.229726275383312,28.951757999337335,38.88532444704117,25.430095088367825,,15.229726275383312
Duenn,200,W3_RAW,True,38.13748969193891,,14.979023807902067,27.160038856749946,38.14837587623846,23.96855638657769,,14.979023807902067
Einkaufen,142,W3_RAW,False,42.33581723777198,8.748243457142948,11.619178998294474,23.311881250660882,33.619231508760855,20.999512964679948,8.748243457142948,11.619178998294478
Einkaufen,144,W3_RAW,False,45.98551935569628,10.343495897425152,11.365180413166025,23.349633928032087,34.82698175596985,20.787875619150476,10.343495897425152,11.365180413166025
Einkaufen,146,W3_RAW,False,45.41904262886198,11.47800840714034,12.398369197634535,23.992769707482054,35.81904498508273,21.461204050656008,11.47800840714034,12.398369197634535
Einkaufen,148,W3_RAW,False,43.36060994412133,9.658783606766729,14.429777047431802,24.66332451457892,34.910434534740396,22.416732673898657,9.658783606766729,14.429777047431802
Einkaufen,150,W3_RAW,False,40.507215364700315,9.291873822118923,15.075463412641154,23.26294093317956,34.033769467918425,20.92472752756309,9.291873822118923,15.075463412641154
Einkaufen,152,W3_RAW,False,38.73110391014019,11.941356343674677,17.383189034972506,24.600307582471967,35.046209085048545,22.454353097599363,11.941356343674677,17.383189034972506
Einkaufen,154,W3_RAW,False,36.924381074330356,10.680334538777084,17.770982335382584,23.239435410338444,32.70456104848717,20.65569426141542,10.680334538777084,17.770982335382584
Einkaufen,156,W3_RAW,False,34.780168793237166,10.311153750166765,17.614539489090145,21.014452951234745,29.468087599484477,18.81460527657319,10.311153750166765,17.614539489090145
Einkaufen,158,W3_RAW,False,44.13528212021109,10.863806362831298,16.160747771808712,24.221379667911865,34.031282502821405,21.57773594826542,10.863806362831298,16.160747771808712
Einkaufen,160,W3_RAW,False,43.23228566388025,11.28845601205751,14.679762531206627,21.368680469055672,29.219420445512867,19.30760012823266,11.288456012057512,14.679762531206626
Einkaufen,162,W3_RAW,False,44.20363399732543,10.190670532874556,13.20709578792264,20.042439351560947,28.140161733920863,18.165967495388962,10.190670532874556,13.20709578792264
Einkaufen,164,W3_RAW,False,45.25562284548748,8.488959238870715,13.49348234486349,23.848171033584066,32.02329241074632,21.820697962868298,8.488959238870713,13.49348234486349
Einkaufen,166,W3_RAW,False,39.08065784534236,9.711780976956465,12.922679554798387,24.78570583573748,28.287831976331706,22.881598143076374,9.711780976956465,12.922679554798389
Einkaufen,168,W3_RAW,False,40.7567642987753,7.608175952223858,10.828786012967084,25.27890707436082,32.21499471222377,22.870552700347467,7.608175952223858,10.828786012967084
Einkaufen,170,W3_RAW,False,38.82852026729227,9.17883421656944,12.79211941844115,20.415034787984222,28.476201964066338,18.34582506377424,9.17883421656944,12.79211941844115
Einkaufen,172,W3_RAW,False,39.92954996086651,8.451669427422535,13.960663239924965,23.182763742500562,33.226631102847854,20.773194187192114,8.451669427422535,13.960663239924964
Einkaufen,174,W3_RAW,False,39.83909217947096,9.649967033427396,17.836367899977233,24.882267998893287,35.69083299699628,22.352295135032907,9.649967033427396,17.836367899977237
Einkaufen,176,W3_RAW,False,33.31668902769215,11.48869612946638,17.658769806601082,22.566944157176003,31.641250779400664,20.329009203514282,11.48869612946638,17.658769806601082
Einkaufen,178,W3_RAW,False,37.12670732644492,11.070577355064577,17.76718363457291,24.62616179707325,33.07804167707084,22.211653112326033,11.070577355064577,17.76718363457291
Einkaufen,180,W3_RAW,False,37.15539276035714,10.19677748715966,17.28262475222032,22.433869743983347,30.563715205223613,20.368197875642238,10.19677748715966,17.28262475222032
Einkaufen,182,W3_RAW,False,35.61159653270609,9.688840179205917,15.850124361478569,22.940835315749155,31.53144834780574,20.443108929398196,9.688840179205917,15.850124361478569
Einnehmen,161,W3_RAW,False,38.60293181968451,10.233714250606676,9.602271989379718,26.346908137046647,34.78227581569024,23.87303358264392,10.233714250606676,9.602271989379709
Einnehmen,163,W3_RAW,False,37.2141681433324,10.596081138652597,9.387032171704906,30.24384360610889,36.126692683164876,27.586986665458536,10.596081138652597,9.387032171704906
Einnehmen,165,W3_RAW,False,40.98694371577919,10.114315044045854,9.869782194184198,35.1225449836429,45.22941414715967,31.505780400711025,10.114315044045854,9.869782194184197
Einnehmen,167,W3_RAW,False,46.33495849064681,10.030961943850544,9.373984616383652,41.09415174004058,49.62182966805773,37.22710865971606,10.030961943850544,9.373984616383652
Einnehmen,169,W3_RAW,False,42.93845077245208,10.325591941269101,10.009157899616813,38.293020314317424,46.82462027530631,34.62141915807261,10.325591941269101,10.009157899616815
Einnehmen,171,W3_RAW,False,47.71916834532728,8.813114775393805,11.963068272039344,42.98240076416056,50.571176022695475,39.05467473059372,8.813114775393805,11.963068272039349
Einnehmen,173,W3_RAW,False,50.089589861421516,23.46091730882729,12.62983965882732,46.35615419248581,43.19448075448063,43.388411503153385,23.46091730882729,12.62983965882732
Einnehmen,175,W3_RAW,False,45.2654389033252,9.979222116769956,8.973692688743887,41.95886204775805,45.60240614484557,38.45409850074887,9.979222116769956,8.973692688743888
Einnehmen,177,W3_RAW,False,45.40633821404223,17.475691807141803,8.825568367669048,39.5911925181939,36.09440955079056,37.099708518456275,17.475691807141807,8.825568367669048
Einnehmen,179,W3_RAW,False,45.67036242733361,8.400326623594694,7.795484157659296,39.80141243292328,40.51058018605275,36.71404115401442,8.400326623594694,7.7954841576592955
Einnehmen,181,W3_RAW,False,44.018977258979234,10.729285168418578,9.229770810430017,37.647560196722225,37.758072813073376,34.76350055606063,10.729285168418576,9.229770810430018
Einnehmen,183,W3_RAW,False,44.68794380656164,13.71268475883143,9.058290408729475,38.55601789998564,38.18378445885788,35.60846072470984,13.71268475883143,9.058290408729475
Einnehmen,185,W3_RAW,False,41.33485006079559,10.608471868024576,9.54343617702128,34.62081164210179,37.99222362776505,31.51091889139742,10.608471868024578,9.54343617702128
Einnehmen,187,W3_RAW,False,43.239616897202225,25.14185269232107,10.490024285049206,36.782464702291364,38.8357215972438,33.622070979986795,25.14185269232107,10.490024285049207
Einnehmen,189,W3_RAW,False,39.3371036844489,9.663164181762983,11.532223252527526,26.22703179356038,38.764680175598336,22.991075865151334,9.663164181762983,11.532223252527526
Einnehmen,191,W3_RAW,False,38.40360197811716,19.72889719080805,13.016504231126563,26.716537033507223,38.08469191407539,23.38433107668461,19.728897190808052,13.016504231126563
Einnehmen,193,W3_RAW,False,38.184974972662395,9.657860085778717,14.747449995974023,26.779564163913644,39.47649831337095,23.493759436335672,9.657860085778719,14.747449995974023
Einnehmen,195,W3_RAW,False,39.15759436762185,22.056684629157814,15.645824398179311,28.341747128748995,37.63744435167281,25.132928574696965,22.056684629157814,15.645824398179311
Einnehmen,197,W3_RAW,False,37.8214783428667,10.613872776154533,16.778190756599994,27.613149587894814,38.46787204872147,24.52303526183131,10.61387277615453,16.77819075659999
Einnehmen,199,W3_RAW,False,42.44677712590969,10.054515231870438,16.119975823340674,34.983263383910455,39.24329381830362,31.804972202864192,10.054515231870438,16.119975823340678
Einnehmen,201,W3_RAW,False,43.598916226460105,15.304089033859906,14.93667793871753,36.222618998221925,34.476485432708415,33.67275918153642,15.304089033859903,14.936677938717535
Einnehmen,203,W3_RAW,False,44.99132860236939,21.88259829101762,14.895895122680088,37.59107219562004,35.434468845956,34.98237353071194,21.88259829101762,14.89589512268009
Einnehmen,205,W3_RAW,False,43.51642463236331,10.536799462669961,15.542424686302025,36.29745990609647,39.059012241707215,33.131655119284645,10.536799462669963,15.542424686302025
Einnehmen,207,W3_RAW,False,39.25709470638859,11.029282332183614,16.485453710296756,30.54943122134197,36.9500359709911,27.52516730465601,11.029282332183612,16.485453710296756
Einnehmen,209,W3_RAW,False,42.75584067051567,29.905633027390643,15.663853837307007,34.967340863217444,41.914206188849434,31.34325672214052,29.905633027390643,15.66385383730701
Einnehmen,211,W3_RAW,False,39.22555013346007,11.014297094386952,16.94247017335349,27.192173007822742,36.15962088004699,24.292945499814905,11.014297094386952,16.942470173353495
Einnehmen,213,W3_RAW,False,40.243776696540216,14.593915128466428,16.067708288829753,29.717037336246566,36.03364315507353,26.685118584324382,14.593915128466428,16.067708288829753
Einnehmen,215,W3_RAW,False,39.56896793551544,11.568121306723906,16.342523032969883,28.765870528301438,35.617211116690655,25.817467410889623,11.568121306723906,16.342523032969886
Einnehmen,217,W3_RAW,False,39.65534728105739,24.918166793083337,16.623378609129983,29.890788745242496,37.09322720241048,26.749191645370868,24.91816679308334,16.62337860912998
Einnehmen,219,W3_RAW,False,38.94039693260104,11.36600400626767,16.669297486771917,28.254604848805396,36.72022781869044,25.209620358516965,11.366004006267667,16.669297486771914
Einnehmen,221,W3_RAW,False,33.433562250973445,13.240632738178089,16.799925253464494,25.23823499264854,36.92044775059094,22.325514157199663,13.240632738178093,16.79992525346449
EinstellenJob,140,W3_RAW,False,50.56513693736577,10.551035641457382,10.533473004236745,33.6395294800947,51.27516354335357,28.864804815603698,10.551035641457382,10.533473004236745
EinstellenJob,142,W3_RAW,False,50.60992559874727,10.279909842028669,9.291100796277167,35.20731793299918,54.29001406591279,30.35000668253847,10.279909842028669,9.291100796277167
EinstellenJob,144,W3_RAW,False,50.85600019899401,10.167901241728252,9.776373454493106,34.41759510920947,54.3217716342482,29.512691904882193,10.16790124172825,9.776373454493106
EinstellenJob,146,W3_RAW,False,47.48391618349316,10.175492824588915,8.366291713310023,32.26322985185729,51.79054961840927,27.770557181856645,10.175492824588915,8.366291713310023
EinstellenJob,148,W3_RAW,False,48.722137160080635,10.021865388858446,9.247226246239698,32.662344371487485,50.52704832996601,28.23327184885542,10.021865388858448,9.247226246239698
EinstellenJob,150,W3_RAW,False,41.26595670498083,10.301882768847905,7.416705151033411,29.139139125062155,42.8487981098342,25.444176967581775,10.301882768847905,7.416705151033411
EinstellenJob,152,W3_RAW,False,40.81611872953942,9.4497852415806,5.422695712558657,30.711205148352317,39.477335889276034,27.348165830903515,9.449785241580601,5.422695712558657
EinstellenJob,154,W3_RAW,False,35.48309065230524,8.634667853203545,5.774396565290052,25.975377696195608,36.63363867450181,22.817833007423424,8.634667853203545,5.774396565290052
EinstellenJob,156,W3_RAW,False,40.51802701346037,8.755013484839866,5.702650467542225,27.65172766580129,38.6775360063123,24.36003261207135,8.755013484839868,5.702650467542225
EinstellenJob,158,W3_RAW,False,40.30760893452039,9.954892327543682,6.4654152270307295,21.98288757294778,33.106415405796895,19.315483716215034,9.954892327543682,6.465415227030731
EinstellenJob,160,W3_RAW,False,38.18389315244924,13.948686193964205,6.854617598334555,28.78931891661831,35.08642465050143,25.63573139560573,13.948686193964205,6.854617598334556
EinstellenJob,162,W3_RAW,False,36.633029233123686,11.345363057994215,7.627646128676389,26.35919445910439,36.48565548287141,23.11182342881343,11.345363057994215,7.627646128676389
EinstellenJob,164,W3_RAW,False,37.15292313726393,10.910900114963468,7.856425934871264,24.344131760501543,35.670076181939,21.501145585679428,10.910900114963468,7.856425934871264
EinstellenJob,166,W3_RAW,False,37.935673255361905,16.524505433729843,9.237840183654384,24.946798031846527,36.08660059603594,21.766704375250274,16.524505433729843,9.237840183654386
EinstellenJob,168,W3_RAW,False,34.20230733915578,11.987898436142808,8.880888315707594,22.460002083189227,32.6990997030405,19.668264923367424,11.987898436142807,8.880888315707594
EinstellenJob,170,W3_RAW,False,37.91365619414671,11.21291706021832,8.259229644553484,22.073116884299264,32.99493762127925,19.646322013598112,11.21291706021832,8.259229644553486
EinstellenJob,172,W3_RAW,False,37.866867819671036,14.843737475576186,8.240491171527374,23.246217374592682,33.22255975413957,20.577919430831003,14.843737475576186,8.240491171527374
EinstellenJob,174,W3_RAW,False,38.6417981423297,12.537057060032945,8.176832858569073,23.059480429074117,33.43224195877708,20.70935808589051,12.537057060032945,8.176832858569071
EinstellenJob,176,W3_RAW,False,36.85510248835198,13.882007693335265,7.89672166725817,22.64571541468496,32.4177100381421,20.17575811158793,13.882007693335266,7.89672166725817
EinstellenJob,178,W3_RAW,False,35.217935893112454,11.098232724849002,8.534048402216824,21.979063828379942,32.4365262394012,19.400028113060838,11.098232724849002,8.534048402216824
EinstellenJob,180,W3_RAW,False,36.505489640544724,10.719319647963511,7.882859707077465,22.49455860256784,32.91264804891171,19.99955277221965,10.719319647963511,7.882859707077465
EinstellenJob,182,W3_RAW,False,37.78068688894488,9.648057998517316,7.948695523493629,22.749847653979177,33.579340275520664,20.27658160676161,9.648057998517316,7.948695523493629
EinstellenJob,184,W3_RAW,False,38.51845777427901,13.251972242426557,7.916036692996179,23.320878099358108,33.55281275202772,20.523087817967564,13.251972242426557,7.916036692996179
EinstellenJob,186,W3_RAW,False,37.68821498425589,11.815101661364153,8.133470291517046,23.33659370916977,33.48372571918854,20.510664989402656,11.815101661364153,8.133470291517046
EinstellenJob,188,W3_RAW,False,37.4666172874921,14.813779247899788,8.15361218752501,23.89640744659549,32.60015885335897,21.10066999398455,14.813779247899788,8.153612187525011
EinstellenJob,190,W3_RAW,False,37.34004459660615,10.66969497217784,8.749113472232699,25.73327354139447,33.736341788783534,22.7871922802384,10.66969497217784,8.749113472232697
EinstellenJob,192,W3_RAW,False,35.869225651994974,10.370688290041137,8.335829400090905,25.026241863442536,33.358860465483474,22.078951287909526,10.370688290041137,8.335829400090905
EinstellenJob,194,W3_RAW,False,36.39874975978895,14.849709107495121,8.900970885656292,26.07038648946834,32.75675898532219,23.12470860343704,14.849709107495121,8.900970885656292
EinstellenJob,196,W3_RAW,False,36.599291706421525,13.84399352598665,9.220528367465102,27.202551191109887,32.87371031181544,24.177837035429498,13.84399352598665,9.220528367465102
EinstellenJob,198,W3_RAW,False,35.959344556341165,10.908195120453147,8.853257834261694,25.082910716679752,33.680302973808125,22.041717734489986,10.908195120453147,8.853257834261694
EinstellenJob,200,W3_RAW,False,37.49214853222019,13.271033231269104,8.909692469443309,27.08217904161496,35.010001634447406,23.85502727889581,13.271033231269104,8.909692469443309
EinstellenJob,202,W3_RAW,False,37.31598163065142,11.385251537094867,9.198860603035026,26.11245446284242,35.14208176127855,22.941764030543748,11.385251537094867,9.198860603035026
EinstellenJob,204,W3_RAW,False,38.8107598154495,11.307618086590844,8.889549780828142,25.202671893833458,35.729131368148316,22.045599539509183,11.307618086590844,8.889549780828142
EinstellenJob,206,W3_RAW,False,39.18597664893164,10.479131992132839,8.483217017224387,26.893497605386198,37.54205640347053,23.615639475996538,10.479131992132839,8.483217017224389
EisGefroren,182,W3_RAW,False,37.15942268857988,11.816288726544558,12.858866313757364,30.257628621899617,42.78699637111423,26.125664217539445,11.816288726544558,12.858866313757364
EisGefroren,184,W3_RAW,False,41.346876829437186,11.993351142670702,10.952654583103557,37.19038540757403,45.380128035523015,32.88609026641981,11.993351142670702,10.952654583103557
EisGefroren,186,W3_RAW,False,34.46470267048437,10.923568801622418,9.628895293007036,27.02641646684693,39.88745605663865,23.098766686175324,10.923568801622418,9.628895293007036
EisGefroren,188,W3_RAW,False,36.365814377483744,9.20649703259962,10.732576978581768,25.794814552960066,41.520054793275015,21.768430156033865,9.206497032599616,10.73257697858177
EisGefroren,190,W3_RAW,False,32.13119860600442,8.09291047265021,8.69806712923585,24.505397422230626,38.65295328957666,20.810166671851846,8.09291047265021,8.69806712923585
EisGefroren,192,W3_RAW,False,32.65658996718547,8.449123940906407,8.304452391406139,22.893611322290635,34.558822312373245,19.646536362394798,8.449123940906407,8.304452391406137
EisGefroren,194,W3_RAW,False,31.38774137468999,8.245083340631654,9.916635194337251,20.814127279009643,30.690130657819342,18.067140773517306,8.245083340631654,9.916635194337251
EisGefroren,196,W3_RAW,False,34.406670203447675,9.375586910358123,9.731778849918797,22.55507285685705,34.67772205644598,19.435099467289067,9.375586910358123,9.731778849918797
EisGefroren,198,W3_RAW,False,31.79271035275094,10.149714655515911,7.285214860793836,21.8076126272172,33.868515494859395,18.802172196290105,10.149714655515911,7.285214860793837
EisGefroren,200,W3_RAW,False,38.13732802251282,12.163777643921456,6.30984116732621,25.303140957567948,35.73606555341994,22.045246089330355,12.163777643921456,6.30984116732621
EisGefroren,202,W3_RAW,False,44.18965224829937,10.551733444373879,6.585350825995489,27.91941982219473,38.93273874146811,24.573817284223335,10.551733444373879,6.585350825995489
EisGefroren,204,W3_RAW,False,42.495890650987846,9.877394776475978,6.480486550278284,27.04345267213796,35.48584058455157,23.999716638493645,9.877394776475978,6.480486550278284
EisGefroren,206,W3_RAW,False,41.173685822457216,11.619648183999328,5.196268142163847,27.852637918860495,36.34426315874872,24.65171956411519,11.619648183999328,5.196268142163845
EisGefroren,208,W3_RAW,False,43.18183655780701,11.594923794640554,5.808348917642521,28.518829801110186,38.743151193349966,25.0773708209242,11.594923794640552,5.808348917642521
EisGefroren,210,W3_RAW,False,39.803220158742604,12.028883530992713,6.027722497640469,27.41863579531311,37.768477435024735,23.960863686374932,12.028883530992713,6.027722497640467
EisGefroren,212,W3_RAW,False,42.564493277740574,9.672995053061449,5.740927414875252,30.434793798199607,41.02288712925874,26.784450502741137,9.672995053061447,5.740927414875252
EisGefroren,214,W3_RAW,False,43.74763641053137,9.411483396800971,5.681553691700497,31.23426267043367,40.196014812247626,27.741015856259498,9.411483396800971,5.6815536917005
EisGefroren,216,W3_RAW,False,41.52626802479459,11.722351146341262,7.885123611397382,28.248295282764847,38.67366023209125,24.712060566593184,11.722351146341262,7.885123611397382
EisGefroren,218,W3_RAW,False,44.443896504052276,8.84514112339833,12.447544063207362,31.641899245843785,41.27931684249482,28.015579357291916,8.84514112339833,12.44754406320736
EisGefroren,220,W3_RAW,False,41.01060127375098,12.105060231856775,14.505544792018789,27.163815074428868,39.39186494204654,23.494478973166334,12.105060231856775,14.505544792018787
EisGefroren,222,W3_RAW,False,43.12601458268277,8.75311117171335,14.346227666531234,31.729401778905,42.13872606105284,27.985652083221098,8.753111171713352,14.346227666531234
EisGefroren,224,W3_RAW,False,40.10064835116316,11.030280797701828,13.880345417601493,27.570256581832545,38.14912944592779,24.088748837189506,11.030280797701828,13.880345417601495
EisGefroren,226,W3_RAW,False,42.26051673388273,9.539145204931888,13.733492525570902,30.15061475307496,40.10102783563965,26.555736021810013,9.539145204931888,13.733492525570902
EisGefroren,228,W3_RAW,False,43.291562417138394,9.674946608352604,13.967694440929433,30.914418236339024,39.044207174856,27.527353045987887,9.674946608352604,13.967694440929433
EisGefroren,230,W3_RAW,False,44.6045043636062,10.537564156111102,13.59332148195043,31.069482370257408,43.86198277180315,27.126396031562308,10.537564156111102,13.593321481950431
EisGefroren,232,W3_RAW,False,40.024122783080074,13.022555497304134,13.953653611817538,27.083235906202233,39.12362532591376,23.527412458781892,13.022555497304134,13.95365361181753
EisGefroren,234,W3_RAW,False,41.02380618961165,9.53765623316118,13.230378791942876,30.809272158806056,42.60367071749402,27.057767740579166,9.537656233161176,13.230378791942876
EisGefroren,236,W3_RAW,False,40.30765855746035,11.62392309397515,13.271032945271314,27.35899275815259,38.27937857123089,23.904011532986075,11.62392309397515,13.271032945271322
EisGefroren,238,W3_RAW,False,39.89147318061218,12.971109571994708,13.446590033607508,26.56994902737125,39.03166806604579,23.037896794410816,12.971109571994711,13.446590033607508
EisGefroren,240,W3_RAW,False,40.178722409774004,11.318962497048178,13.282798845905997,28.72921734913189,41.75142827319897,25.040209364755036,11.318962497048178,13.282798845905997
Empathie,136,W3_RAW,False,43.75993517015802,9.267598816686712,15.817245994473456,32.32678143995365,46.769889081490426,29.25133603323937,9.267598816686712,15.817245994473456
Empathie,138,W3_RAW,False,41.60428642836047,9.06368375410619,21.049137065492726,32.455794735729725,47.862516591717615,29.00799020857576,9.06368375410619,21.049137065492726
Empathie,140,W3_RAW,False,46.32226225787221,8.100466546179973,14.874338410160986,39.25355545370749,61.22498257625897,34.731149084807136,8.100466546179973,14.874338410160984
Empathie,142,W3_RAW,False,44.17170213118579,9.146752924877463,15.78792836920041,38.846573974562226,57.97475209964552,34.040783561856486,9.146752924877463,15.78792836920041
Empathie,144,W3_RAW,False,38.173936300816294,8.45250474787784,15.17828447352482,26.590480903984492,36.4459517804002,24.174931524680908,8.452504747877839,15.178284473524824
Empathie,146,W3_RAW,False,36.94276597543134,9.56121128690916,12.27204047446748,24.03871921906197,36.25142443462964,21.430364521588185,9.561211286909158,12.272040474467481
Empathie,148,W3_RAW,False,36.97966554033027,10.717924171335111,11.653912808187311,26.403522553437572,38.000310779026584,23.349911073269517,10.717924171335111,11.653912808187314
Empathie,150,W3_RAW,False,40.76389984917112,9.240817960260495,9.551440883100698,27.80866381212331,40.11072593534734,24.717140412103614,9.240817960260495,9.551440883100696
Empathie,152,W3_RAW,False,42.514598258776815,10.199763413337772,8.920921424481483,29.03652744891182,41.236396970742426,25.420563863625535,10.199763413337772,8.920921424481483
Empathie,154,W3_RAW,False,44.47896819481578,10.523697794821134,8.456993924377215,28.94622393483304,42.450299161116234,25.231954770814276,10.523697794821134,8.456993924377217
Empathie,156,W3_RAW,False,49.66430974282554,10.640285223515146,8.127925965936285,35.94726606842531,43.41159508570776,32.24984179873137,10.64028522351515,8.127925965936285
Empathie,158,W3_RAW,False,42.013527888524436,10.108570888270592,8.622472103845636,26.49918564588045,41.58471632918984,23.18536001747908,10.108570888270592,8.62247210384564
Empathie,160,W3_RAW,False,47.40903972709815,11.211153769807874,7.960864593499003,33.88731807771961,55.066028647641126,28.86462618420347,11.211153769807874,7.960864593499003
Empathie,162,W3_RAW,False,49.14895918619811,11.274298632387826,7.813414877179471,36.84032897572439,57.690482866897575,31.716697351286566,11.274298632387826,7.813414877179471
Empathie,164,W3_RAW,False,50.04839921238271,11.889600106551278,7.566514031541848,38.247555106894495,59.7577980007944,33.29619956577064,11.889600106551278,7.566514031541848
Empathie,166,W3_RAW,False,44.95603405838625,9.896963525370955,8.38719755967477,34.17691303659559,45.76202999437211,30.45138704587328,9.896963525370955,8.387197559674773
Empathie,168,W3_RAW,False,45.803551902984275,13.656635235979936,8.20008878745641,34.319113082193724,42.33818125616547,31.011432535784916,13.656635235979936,8.200088787456412
Empathie,170,W3_RAW,False,50.05106604212658,11.587347228577705,8.444657734894387,34.63243768857586,50.00848009746573,30.550086430364413,11.587347228577705,8.444657734894388
Empathie,172,W3_RAW,False,46.42757366271253,15.05153318216434,8.405690936390759,33.335365694074326,43.55856579522299,29.632001262150116,15.05153318216434,8.405690936390757
Empathie,174,W3_RAW,False,49.86303604873245,16.07605591063938,8.594967640022581,31.21057905350429,46.78116789528803,27.094184546539427,16.07605591063938,8.594967640022581
Empathie,176,W3_RAW,False,53.81012062430612,12.592740205219789,8.247013007813322,33.60572840707253,56.04541353352311,28.765286462175045,12.59274020521979,8.247013007813322
Empathie,178,W3_RAW,False,46.26029329148256,14.188801957545671,8.56093589277527,28.90695993367828,45.62255493203893,24.868045181740637,14.188801957545667,8.560935892775277
Empathie,180,W3_RAW,False,50.2117654066825,11.858274404291846,8.503998677182949,33.78562731041766,54.10055975990986,28.987568548092526,11.858274404291846,8.503998677182949
Entschuldigung,129,W3_RAW,False,39.545960624280504,10.577546349612092,14.300016891168987,22.18192132075455,32.492303026796904,20.207115995095986,10.577546349612092,14.300016891168987
Entschuldigung,131,W3_RAW,False,39.72220313035961,17.14060208408288,17.03446865417578,24.12514210150932,35.51699623334654,21.784441234668655,17.14060208408288,17.03446865417578
Entschuldigung,133,W3_RAW,False,33.83844917407419,9.83736577331414,14.049730755882827,20.411481635388295,30.33322758119996,18.321898216155503,9.83736577331414,14.049730755882825
Entschuldigung,135,W3_RAW,False,37.277657323131166,18.995999131604155,12.716017356525853,20.73390487177425,31.121679650555244,18.37785222581719,18.99599913160415,12.71601735652585
Entschuldigung,137,W3_RAW,False,33.97682346540724,10.1433081645989,13.389136052786744,20.159230139353255,28.83247393973757,18.412462855097623,10.1433081645989,13.389136052786748
Entschuldigung,139,W3_RAW,False,35.98673380263271,16.163096922358864,13.058365499606941,20.49922213314897,30.588885556207217,18.319216249241805,16.163096922358864,13.058365499606941
Entschuldigung,141,W3_RAW,False,34.89690229678868,13.998079251972536,15.48655495685964,21.034146993430063,32.09227031372683,18.906505054035794,13.998079251972536,15.48655495685964
Entschuldigung,143,W3_RAW,False,40.117558076126656,15.164998201398692,15.861299626169588,22.1448202004244,32.293263570048985,20.330316670827397,15.164998201398692,15.861299626169588
Entschuldigung,145,W3_RAW,False,38.60495809334341,16.203550116639605,15.872625600459079,22.702447329823304,34.07840476688057,20.487163447720512,16.203550116639608,15.872625600459079
Entschuldigung,147,W3_RAW,False,35.62176482055688,14.116397481621341,13.463983177931166,21.870995469257057,31.860089950436105,19.34926146479387,14.116397481621341,13.463983177931166
Entschuldigung,149,W3_RAW,False,37.6788017345495,9.941488812272095,14.293824023952332,21.287631114858566,31.124554108338025,19.38433734102199,9.941488812272095,14.29382402395233
Entschuldigung,151,W3_RAW,False,37.63638102437707,14.779413499308603,15.640456322770495,23.59500227133235,33.475802277175305,21.2523611735138,14.779413499308603,15.640456322770495
Entschuldigung,153,W3_RAW,False,38.81237821662066,8.820559146360498,13.109457936887036,21.706885879021858,28.745421846842387,20.092676881783788,8.8205591463605,13.109457936887036
Entschuldigung,155,W3_RAW,False,34.269145480683584,10.348236229856655,13.891138214133885,20.543364789229823,27.642892387494214,18.79281088981779,10.348236229856653,13.891138214133885
Entschuldigung,157,W3_RAW,False,35.55940210649413,11.22148425177301,14.17654672858742,21.15137603788254,30.78637863383796,19.483037788428916,11.221484251773008,14.17654672858742
Entschuldigung,159,W3_RAW,False,35.89710052216919,10.897141207026879,14.919869239830211,21.367251771036962,31.30090201676333,19.60677795167853,10.897141207026882,14.91986923983021
Entschuldigung,161,W3_RAW,False,38.31601707687285,9.20422167764355,14.6258418613698,21.17165751938467,31.054638134802346,19.33483391832931,9.20422167764355,14.6258418613698
Entschuldigung,163,W3_RAW,False,33.517972906866795,10.094288372865561,14.334140160551868,20.098595940318653,29.282795781886477,18.235115348103175,10.094288372865563,14.334140160551868
Entschuldigung,165,W3_RAW,False,34.282165608633136,18.211893181478093,15.532648756140322,24.419387369859784,34.187925615684726,21.525825914995256,18.211893181478093,15.532648756140325
Entschuldigung,167,W3_RAW,False,36.791351942927776,13.206595082468613,15.141647737798078,21.847182044253824,31.90209894711789,19.917546742702363,13.206595082468617,15.141647737798078
Entschuldigung,169,W3_RAW,False,36.66659786024595,9.402083464959995,15.362568271369309,21.95112743213961,32.32319457398901,20.115249013809038,9.402083464959995,15.362568271369312
Entschuldigung,171,W3_RAW,False,34.47095636465798,8.552333802666489,15.116878255093484,21.65488260064448,31.377761203196346,19.85228851596948,8.552333802666489,15.116878255093484
Entschuldigung,173,W3_RAW,False,33.343772777764656,12.611726836888192,14.925538961639695,22.31616464221097,31.776361772223574,19.851522735260456,12.61172683688819,14.925538961639695
Entschuldigung,175,W3_RAW,False,36.065494733770144,12.870637877742807,15.54851052916463,22.432822763458713,32.651318154156264,20.462903433157518,12.870637877742807,15.548510529164632
Entschuldigung,177,W3_RAW,False,32.33184832022463,8.917719668265704,14.768340648728305,21.234962892592662,31.09212825265919,19.046925339849825,8.917719668265706,14.768340648728305
Entschuldigung,179,W3_RAW,False,33.49205128968346,13.51099956190025,14.827335074055144,23.003324005330423,32.72327445272127,20.198776129166085,13.51099956190025,14.827335074055144
Entschuldigung,181,W3_RAW,False,35.949450685146054,10.122173020806006,14.076548290754971,20.674998434459972,30.864999537315153,18.388228072515723,10.122173020806004,14.076548290754971
Entschuldigung,183,W3_RAW,False,34.06025443093695,9.723379525171845,14.281491283203984,21.76362517053641,31.793504873198604,19.30199960411348,9.723379525171847,14.281491283203984
Entschuldigung,185,W3_RAW,False,36.64978595719085,13.430955542611477,14.413652748062091,22.420671781327048,32.618578135173045,20.064651879630585,13.430955542611477,14.413652748062091
Entschuldigung,187,W3_RAW,False,36.78763548236872,11.208824623715413,13.406905000835136,22.547213614180496,32.51790012236124,20.41650513268827,11.208824623715413,13.406905000835136
Entschuldigung,189,W3_RAW,False,35.85486087410939,8.373350025461638,13.257798543762412,23.818398788572875,34.66624263794012,21.096818548710818,8.373350025461635,13.257798543762412
FestellenDiagnose,141,W3_RAW,False,46.18716961348263,6.918181858833758,10.654656280795109,30.91933634611008,36.05868247232219,27.814286950000263,6.918181858833758,10.654656280795107
FestellenDiagnose,143,W3_RAW,False,50.80576271515759,7.695432614931792,11.528711940656626,26.376669377823212,35.63250933029551,23.12047465258631,7.695432614931788,11.528711940656624
FestellenDiagnose,145,W3_RAW,False,46.89821398396364,6.170405211426836,10.48379649986038,29.744180603056275,36.38016462472884,26.326113164037103,6.170405211426836,10.48379649986038
FestellenDiagnose,147,W3_RAW,False,45.033860718628155,8.538891780417266,10.611071002357846,23.80320605939455,33.22191522307372,20.707164468494003,8.538891780417266,10.611071002357846
FestellenDiagnose,149,W3_RAW,False,47.62575785821934,7.117421557395626,10.973690391915815,22.94946254207928,33.415709978683765,19.768094249052847,7.117421557395626,10.973690391915815
FestellenDiagnose,151,W3_RAW,False,49.08973533753235,7.908609022488295,11.038094095401844,24.150199452238127,36.10914423701062,20.967777902903478,7.908609022488295,11.038094095401844
FestellenDiagnose,153,W3_RAW,False,45.48477930617009,7.470541516169468,10.153102136938253,24.561087984552582,34.8090546814783,21.498599632640836,7.470541516169468,10.153102136938253
FestellenDiagnose,155,W3_RAW,False,46.206035530841326,13.131861122680831,10.703452938720753,25.886320998228868,40.21093333640145,22.212869628509104,13.131861122680831,10.703452938720753
FestellenDiagnose,157,W3_RAW,False,51.19310701274468,38.402247265577515,16.129678568019507,25.64924477717144,39.743947842514366,22.026762764144948,38.402247265577515,16.129678568019507
FestellenDiagnose,159,W3_RAW,False,56.262127163566724,27.94976769321191,9.75740201826714,28.846226788453492,44.00442209732828,25.166047274325464,27.94976769321191,9.75740201826714
FestellenDiagnose,161,W3_RAW,False,48.1148365191048,9.065883432758902,15.174611795210877,24.303442841080585,40.431625752815876,20.627281149618554,9.065883432758902,15.174611795210877
FestellenDiagnose,163,W3_RAW,False,50.49663806820718,7.957413746582282,15.840130724147995,26.572851811376562,42.544093235694376,22.72259753658802,7.957413746582284,15.840130724147995
FestellenDiagnose,165,W3_RAW,False,54.497524091152705,9.686131249779379,15.28000962603586,30.11505263750518,49.48087113192769,25.592942269722055,9.686131249779379,15.28000962603586
FestellenDiagnose,167,W3_RAW,False,52.68041259148891,8.366085787038513,14.296765319274453,27.971891879201905,44.069448430825354,24.05751835546146,8.366085787038513,14.296765319274453
FestellenDiagnose,169,W3_RAW,False,58.56267627590323,8.768600739724654,14.084765838039685,31.745335238243968,48.52364517699571,27.42768409072208,8.768600739724652,14.084765838039685
FestellenDiagnose,171,W3_RAW,False,55.38542408945179,8.827832245526979,13.341320459925376,29.595719509620523,47.6879113185017,25.302707000373,8.82783224552698,13.341320459925376
FestellenDiagnose,173,W3_RAW,False,57.9167473821148,9.081951588338644,14.05208868698201,29.823887543295537,48.71748317735072,25.56243685671797,9.081951588338644,14.05208868698201
FestellenDiagnose,175,W3_RAW,False,50.302651992873884,9.165051563588117,14.750253290985228,25.115839931378957,41.90681911725977,21.223285244113654,9.165051563588117,14.750253290985226
FestellenDiagnose,177,W3_RAW,False,52.88331786959947,9.856355031059325,13.878929359120537,28.312776132856047,46.614601176536766,24.1545694368671,9.856355031059325,13.878929359120537
FestellenDiagnose,179,W3_RAW,False,49.34336778848316,9.419380322315234,13.297363813297515,27.87335515736617,41.29248009047144,24.039273259976305,9.419380322315234,13.297363813297517
FestellenDiagnose,181,W3_RAW,False,49.34018561330325,9.83546287556537,13.46936501407659,29.209932435091655,44.70575370393471,25.169648465872758,9.83546287556537,13.46936501407659
FestellenDiagnose,183,W3_RAW,False,48.87886186499555,9.19225501229691,13.320155287474174,27.325017325854823,41.26093041465013,23.57275443660704,9.19225501229691,13.320155287474174
FestellenDiagnose,185,W3_RAW,False,48.93393690239088,9.507266759800158,13.082283757812775,26.242275330952804,40.34297741359802,22.530328981446207,9.507266759800158,13.082283757812775
FestellenDiagnose,187,W3_RAW,False,51.1395732448937,9.554409696285598,12.990429516107454,28.44994328315428,45.46777543660444,24.525370001930312,9.554409696285598,12.990429516107454
FestellenDiagnose,189,W3_RAW,False,51.24070344153515,10.103743904130235,12.676345723331274,27.367297611584338,44.578650868869694,23.41171734318267,10.103743904130235,12.676345723331274
FestellenDiagnose,191,W3_RAW,False,50.281630497013936,9.355919683857591,12.770468536479953,26.076571057756414,41.56545049802571,22.261709087421924,9.355919683857591,12.770468536479955
FestellenDiagnose,193,W3_RAW,False,52.17066769322194,10.199106887555867,13.131132353328086,26.960333408517734,44.63613123474141,22.989390896753143,10.199106887555867,13.131132353328086
FestellenDiagnose,195,W3_RAW,False,51.9042146116753,9.273975671582727,12.868557716616108,25.543380177979284,42.30355788091045,21.7369774747912,9.273975671582729,12.86855771661611
Frech,153,W3_RAW,True,43.30309927957932,,10.503568505889996,34.6176566895352,49.21212052245404,30.32950245704791,,10.503568505889994
Frech,155,W3_RAW,True,46.32828561799603,,11.556815547227188,43.182938130357726,58.424097765169876,37.618770979336965,,11.556815547227188
Frech,157,W3_RAW,True,51.254935291794624,,11.710539003096619,48.66802037095053,62.37598776287677,42.79500126168346,,11.710539003096619
Frech,159,W3_RAW,True,54.25303508047968,,13.030160121396039,49.18587266477859,59.37481906816293,43.58094161325867,,13.03016012139604
Frech,161,W3_RAW,True,60.342737543885036,,12.618626069197802,56.90149078888938,70.74574202417084,50.26163273607366,,12.618626069197804
Frech,163,W3_RAW,True,56.27640863422525,,12.386194131630031,54.54952674570777,71.63536009125741,47.79440810038582,,12.386194131630033
Frech,165,W3_RAW,True,58.509046191759474,,12.896783671562417,56.13520948680287,71.55103182424413,49.353404280773574,,12.896783671562417
Frech,167,W3_RAW,True,60.46975442655723,,11.648957103686044,57.035890788406434,69.16053449865721,50.64355993670729,,11.648957103686044
Frech,169,W3_RAW,True,60.49507824842335,,12.961314051151987,56.335558422214106,66.98221303632458,50.18520051435699,,12.961314051151986
Frech,171,W3_RAW,True,53.2450217748224,,11.816254646134489,50.22360489791215,60.71934524923421,44.671395645675965,,11.816254646134489
Frech,173,W3_RAW,True,49.86890392584385,,14.72502836128426,43.93625001483982,53.31701205633895,39.050825881592836,,14.72502836128426
Frech,175,W3_RAW,True,44.139476569590194,,13.439461497873484,36.58587219300428,44.05859533386586,32.44890901307492,,13.439461497873486
Frech,177,W3_RAW,True,42.91514339748139,,14.115135931391288,31.381779482667177,41.561910074369145,28.403379442898803,,14.115135931391286
Frech,179,W3_RAW,True,45.13353773081922,,11.784879736486488,31.13719755837268,38.14866865784916,28.689888071942278,,11.784879736486484
Frech,181,W3_RAW,True,43.81412823429165,,13.4410600420333,31.835317487232626,40.9553528552923,29.09966298207974,,13.4410600420333
Frech,183,W3_RAW,True,40.39548857105021,,12.847944642713154,31.637991886941123,40.673584206503406,28.593986495736157,,12.847944642713154
Frech,185,W3_RAW,True,42.250510351212895,,12.888314565744581,31.05969145020751,40.865261741836285,28.41542654879355,,12.888314565744581
Frech,187,W3_RAW,True,41.63388892842731,,12.81464890051405,31.70660784829634,41.22194653543616,28.915243570220028,,12.81464890051405
Frech,189,W3_RAW,True,39.04194790064859,,12.288986485462276,30.213672759002737,40.5443555564834,27.19391577957748,,12.288986485462273
Frech,191,W3_RAW,True,42.04030304683536,,13.04608241806666,32.78522644618162,43.026615244130085,29.837162972173907,,13.04608241806666
Frech,193,W3_RAW,True,42.1082342658034,,12.299632914731513,31.743181497271483,41.45006416342154,28.88696669017658,,12.299632914731513
Frech,195,W3_RAW,True,38.395052074194886,,11.93847714062962,30.11944841776224,39.465330670581686,27.308979828725466,,11.938477140629619
Frech,197,W3_RAW,True,40.444710096684986,,12.178934145283392,31.11046793590788,40.44753804365584,28.401244984520794,,12.178934145283392
Frech,199,W3_RAW,True,41.44460943278764,,13.001683407761018,30.032289823889162,39.73123354564504,27.43180278341691,,13.001683407761018
Frech,201,W3_RAW,True,38.435766770788604,,13.29316020013872,28.224228178262496,37.42729293783473,25.76969474810218,,13.29316020013872
Frieren,152,W3_RAW,False,38.02511717272303,10.985622185475068,13.515369662189467,23.23108531622567,33.787190238790004,20.68328058118847,10.985622185475068,13.515369662189467
Frieren,154,W3_RAW,False,36.7979973339929,10.922984861902162,13.167789000577363,23.74780705232687,33.908286133723536,21.46150442124122,10.922984861902165,13.167789000577363
Frieren,156,W3_RAW,False,41.150926784093635,11.116279552124578,12.842229048010608,23.224531067012947,32.4516213763378,20.838944911231085,11.116279552124581,12.842229048010612
Frieren,158,W3_RAW,False,42.62817821173852,11.106394629004253,13.041482238742667,23.471112508538532,33.44978940474086,21.27849341968564,11.106394629004251,13.041482238742667
Frieren,160,W3_RAW,False,38.102848366804814,11.260155578636923,12.468818545953681,22.80721172330801,31.855139399616395,20.654942343481864,11.260155578636924,12.468818545953681
Frieren,162,W3_RAW,False,38.733970506447406,10.863622654901073,13.182086976496187,24.40078185186485,34.624802152003525,22.154038626978974,10.863622654901071,13.182086976496185
Frieren,164,W3_RAW,False,38.75159357259825,10.730501367645962,13.624095901352973,24.479142394185025,32.45862051090223,22.156708814569978,10.73050136764596,13.624095901352973
Frieren,166,W3_RAW,False,40.18674842508843,10.278526664300662,13.530579794703762,25.435057336513687,34.705079228201534,22.84375740542811,10.278526664300662,13.530579794703764
Frieren,168,W3_RAW,False,38.80755242653771,10.689692785546223,13.51607445984432,26.7424222581149,36.158493770811475,23.88976473859731,10.689692785546217,13.51607445984432
Frieren,170,W3_RAW,False,38.4468675349479,10.141492056102438,13.754094652254414,26.836292208586098,36.42051264244532,24.00272872570859,10.141492056102438,13.754094652254413
Frieren,172,W3_RAW,False,40.664723521407424,10.014153604541276,13.109786116602265,28.14042701720391,36.74039134596279,25.350930698057915,10.014153604541276,13.109786116602265
Frieren,174,W3_RAW,False,40.96218710526205,10.013926522609015,12.53953419584636,30.82941100783475,40.94313327361794,27.564911040120535,10.013926522609015,12.53953419584636
Frieren,176,W3_RAW,False,38.6076783589859,9.848110926820253,12.99047006294795,28.842453230939537,37.42059321050458,25.91159354156288,9.848110926820253,12.99047006294795
Frieren,178,W3_RAW,False,39.289844142113225,10.404304088569768,13.105624204010168,27.504995867267308,37.38269518781221,24.768356498462314,10.40430408856977,13.105624204010168
Frieren,180,W3_RAW,False,39.56532301057489,10.027369899508518,12.764164769085461,29.126378833711687,35.68211602804321,26.285511473137788,10.02736989950852,12.764164769085461
Frieren,182,W3_RAW,False,38.176740311982684,10.298552313305759,13.026434687155303,29.687816078019743,37.468784421512716,26.612534156237196,10.298552313305759,13.026434687155303
Frieren,184,W3_RAW,False,38.506058506451396,10.28784196237832,12.784633076458762,30.366141337815325,36.64054812700729,27.26069813478934,10.28784196237832,12.784633076458762
Frieren,186,W3_RAW,False,36.83292540392495,10.46596646439391,12.88142296080492,27.574804194631483,35.62783649134831,24.75622835453777,10.46596646439391,12.88142296080492
Frieren,188,W3_RAW,False,37.89840292114935,10.646418803329434,13.157137238712865,24.583926292815093,32.19671580601752,22.151571380076366,10.646418803329434,13.157137238712865
Frisch,137,W3_RAW,False,52.77041842746203,21.456661988722278,21.078074480222455,41.10685678198493,57.00392989621787,35.71047436893752,21.456661988722278,21.078074480222458
Frisch,139,W3_RAW,False,52.66541665634952,24.136812679651822,22.422012001450202,39.54648255890617,55.26040350803439,34.21628121847198,24.136812679651822,22.422012001450202
Frisch,141,W3_RAW,False,52.5065784511999,19.10261731459407,21.816672193616583,39.74640006000167,57.48101411283153,34.20144512908527,19.10261731459407,21.816672193616583
Frisch,143,W3_RAW,False,54.80493269935477,18.862063547247086,14.326170213620602,38.34627409247734,60.60379528175358,32.68686409080586,18.862063547247086,14.326170213620602
Frisch,145,W3_RAW,False,53.45117727056168,14.453334930968515,15.146877900560002,40.408512193801506,60.77471163879342,34.56715355886368,14.453334930968515,15.146877900560002
Frisch,147,W3_RAW,False,52.240149463975925,13.044220994136621,12.631925150885152,34.07442293229659,55.685835518408155,29.044357539567123,13.044220994136621,12.631925150885152
Frisch,149,W3_RAW,False,41.13515949032533,11.222741671091077,10.931048526043348,26.43485996055927,43.787908038006606,22.41179281898645,11.222741671091077,10.931048526043348
Frisch,151,W3_RAW,False,44.57260023641135,10.54716099183542,11.22198912413767,30.02993316768785,38.44348825973728,27.017825880825587,10.54716099183542,11.22198912413767
Frisch,153,W3_RAW,False,40.63649256168006,10.743328740196034,11.178571568867149,26.850718444787645,36.65866554163294,24.52864807543872,10.743328740196034,11.178571568867149
Frisch,155,W3_RAW,False,39.94095334993251,12.844342018153887,10.795633823224415,28.433674808756027,36.78899541420963,25.75023577682241,12.844342018153887,10.795633823224415
Frisch,157,W3_RAW,False,53.55106722673517,13.215985366811267,11.086934366213951,44.29801918174912,40.03963203050517,41.73410752699243,13.215985366811267,11.086934366213951
Frisch,159,W3_RAW,False,52.19060754434705,13.444869567352312,10.264197865426464,43.99719900726815,37.49305708673685,41.602566921836775,13.444869567352312,10.264197865426464
Frisch,161,W3_RAW,False,54.23702062855466,13.476385990373714,10.300751752662473,47.75579600253035,43.05149319571047,44.930272854881636,13.476385990373714,10.300751752662473
Frisch,163,W3_RAW,False,50.18380911346741,12.66475371555648,11.422597734701126,44.06146462618511,39.12907576752197,41.376592056966636,12.66475371555648,11.422597734701126
Frisch,165,W3_RAW,False,48.49687241283018,12.739062065777247,11.134071863723383,40.26804597755808,37.99621766703313,37.73080212261989,12.739062065777247,11.134071863723383
Frisch,167,W3_RAW,False,45.62441407090659,11.547482559383967,11.48568447903765,38.82506325986617,37.69917545204871,36.26356759696035,11.547482559383967,11.48568447903765
Frisch,169,W3_RAW,False,50.62940975336759,10.853857906778876,11.014313671688223,41.293254986152554,34.08836428716835,39.354346011077126,10.853857906778876,11.014313671688225
Frisch,171,W3_RAW,False,59.91978108804878,11.3796735719483,10.722841803090173,51.84410666537818,40.6066160447164,49.45048110585503,11.3796735719483,10.722841803090173
Frisch,173,W3_RAW,False,51.096904239723415,10.415181538088776,10.706539044609178,42.644534167020225,36.57491887408038,40.46397499490248,10.415181538088776,10.706539044609176
Frisch,175,W3_RAW,False,59.52083066373941,11.614200018563231,10.450832964870328,51.335642693801894,40.79985602776796,48.810854392007094,11.614200018563231,10.450832964870328
Frisch,177,W3_RAW,False,57.06072797586012,10.695607397731953,10.218563592606584,47.83208132208095,35.84859036569576,45.839510085217476,10.695607397731953,10.218563592606584
Frisch,179,W3_RAW,False,52.44983498036509,11.226542155362523,10.669557048094154,46.08470421849849,42.13064566795929,43.24891020879698,11.226542155362525,10.669557048094154
Frisch,181,W3_RAW,False,49.34335649941621,10.750212642025842,10.614403540801465,42.64105398103247,39.109326036084056,40.04580619172015,10.750212642025842,10.614403540801465
Frisch,183,W3_RAW,False,57.6568673085112,10.719014690488967,10.49161296019398,49.95865451307683,39.07047887709709,47.688275161955985,10.719014690488967,10.49161296019398
Frisch,185,W3_RAW,False,53.44646606757078,10.469439142614007,10.598499284669986,47.72253447340332,39.20998896527468,45.374379933511136,10.469439142614007,10.598499284669986
Frisch,187,W3_RAW,False,55.42007222669792,10.419543621672162,10.149474893194096,47.88723024211895,39.50247416104673,45.525514223831216,10.419543621672165,10.149474893194096
Froh,126,W3_RAW,False,50.212410364006494,11.230891359553409,10.858109785622293,34.06281740480063,39.74687856235777,30.848219730400487,11.230891359553407,10.858109785622291
Froh,128,W3_RAW,False,48.04510949315215,9.538895812924375,10.141944952383081,34.81660718302469,42.57827281858533,31.515395570196294,9.538895812924375,10.141944952383081
Froh,130,W3_RAW,False,51.73426370709242,9.060581498844067,12.862778186707436,35.10318545461962,44.96905148797592,31.762793425426636,9.060581498844071,12.862778186707436
Froh,132,W3_RAW,False,50.350728502309444,9.175119413951718,13.285755475062462,40.731754980443164,46.79118360346981,36.646663238247775,9.175119413951716,13.285755475062462
Froh,134,W3_RAW,False,67.38027721506865,10.519286345093024,13.046622049345224,64.91514411044528,69.2612230088658,58.6639405986742,10.519286345093024,13.04662204934522
Froh,136,W3_RAW,False,55.578096532493234,9.053503906910548,9.28029810355972,53.45467762153871,58.62151686810682,48.14788492653171,9.053503906910548,9.28029810355972
Froh,138,W3_RAW,False,48.0400614968402,12.0205763850794,7.507484126653162,41.96697665785985,50.98690764808687,37.34064753915132,12.0205763850794,7.507484126653162
Froh,140,W3_RAW,False,42.07620339578347,10.477466867714563,8.380559865960995,32.663747155610835,41.029669626776226,29.283944219571133,10.477466867714561,8.380559865960993
Froh,142,W3_RAW,False,52.229181212767834,10.543371422536461,6.94518940531739,44.80651751339452,51.108315206116174,40.5331079914565,10.543371422536465,6.94518940531739
Froh,144,W3_RAW,False,42.183667049426525,10.128911657804647,7.778839707817072,31.572771700867342,40.489209557327484,28.524451135444835,10.128911657804647,7.778839707817072
Froh,146,W3_RAW,False,42.716215976639894,11.266262671951079,8.297107360248296,28.30353366617174,39.670324497011954,25.509032129739584,11.266262671951079,8.2971073602483
Froh,148,W3_RAW,False,46.60496397757299,9.254049584688046,9.227823418184776,29.51639703831576,37.664809173850216,27.036275214573216,9.254049584688048,9.227823418184775
Froh,150,W3_RAW,False,45.50256498497796,11.43779491233456,12.55979220140519,29.921824335846505,37.425186081027,27.111925015960782,11.43779491233456,12.55979220140519
Froh,152,W3_RAW,False,50.24551972518045,7.57858010637252,14.535757883304417,35.49703592873782,42.16728354749196,32.05046933656524,7.578580106372519,14.535757883304417
Froh,154,W3_RAW,False,55.04032950891687,9.07250168750587,16.440000533068453,43.30365097673436,47.72347087558262,39.36238969518109,9.072501687505866,16.440000533068453
Froh,156,W3_RAW,False,46.3613039071442,8.030840434169662,15.08734666812512,33.93710713065463,46.77382477449851,30.41582700409427,8.030840434169662,15.08734666812512
Froh,158,W3_RAW,False,49.33924973562195,10.67010773467003,13.066398761455924,40.42996748507226,53.764736460282265,35.85737372948009,10.670107734670031,13.066398761455924
Froh,160,W3_RAW,False,49.93630342677054,11.02430581737669,9.220093064188621,43.77238628103319,49.03755873466389,39.347257682493726,11.02430581737669,9.220093064188621
Froh,162,W3_RAW,False,47.264655012510886,10.957553550575675,6.992687346633611,39.02971145702433,40.555174084371906,35.30275971068426,10.957553550575675,6.992687346633611
Froh,164,W3_RAW,False,57.48495418299701,10.352046619378594,7.094294123021936,54.369384236587855,58.71183299783352,49.16205096185488,10.352046619378589,7.094294123021934
Froh,166,W3_RAW,False,57.82953149481873,8.712027625520273,7.385544293644947,55.02223595877524,59.186507748435154,49.94394030589411,8.712027625520271,7.385544293644946
Froh,168,W3_RAW,False,44.20241756030707,10.874395204535407,8.232731641164287,35.09921562419586,43.51074927851453,32.14441067650934,10.874395204535407,8.232731641164285
Froh,170,W3_RAW,False,45.948453828770745,9.805754970736125,9.068411674460057,36.846375644103446,41.51233281653061,33.671762730790135,9.805754970736125,9.06841167446006
Froh,172,W3_RAW,False,55.83216581410044,8.33535596898081,11.626702782719741,43.7500411473377,48.287742697030815,40.3371625612985,8.33535596898081,11.626702782719741
Froh,174,W3_RAW,False,57.48141816217984,8.044813802651037,11.200690777431708,44.92540757020589,47.37485214379953,40.89017862078121,8.04481380265104,11.20069077743171
Froh,176,W3_RAW,False,60.288328465176754,8.342244027261334,11.879661738657761,46.888899004193114,49.690592186878874,42.71172630214186,8.342244027261328,11.87966173865776
Froh,178,W3_RAW,False,50.95117783189139,9.714837283115825,15.025652168840736,38.0838289185194,44.104192194933745,34.57127988762189,9.714837283115825,15.025652168840736
Froh,180,W3_RAW,False,48.32830166852082,11.24502089571929,12.521930806868706,36.94843995467184,48.859887137798204,33.136412334141454,11.24502089571929,12.521930806868706
Froh,182,W3_RAW,False,46.525287619979466,13.698391779198818,12.610697251582996,35.7113122769518,44.18336971195356,32.075996502834876,13.698391779198818,12.610697251582996
Froh,184,W3_RAW,False,44.29378643568412,9.478022208241917,10.433149824960807,32.09920999236994,48.59153973586581,27.68632640965607,9.478022208241917,10.433149824960806
Glas,104,W3_RAW,False,36.980366725913285,9.195598719195038,9.44835777413739,20.3007333980558,27.559692873382286,18.522190363026063,9.195598719195038,9.448357774137392
Glas,106,W3_RAW,False,36.49115669369514,11.05043556722433,10.609756082845198,19.030523712925653,27.12471035995344,17.208232747942304,11.05043556722433,10.609756082845198
Glas,108,W3_RAW,False,37.16133354140617,12.647200897232928,8.964274608484006,21.070494468036568,26.917347503676,19.34856079516858,12.647200897232928,8.964274608484006
Glas,110,W3_RAW,False,36.00319681722111,12.176163927721468,10.257759456397327,23.79507081334401,28.43619356464017,21.751356687880012,12.17616392772147,10.257759456397325
Glas,112,W3_RAW,False,36.95465046854552,7.732418118688804,9.820856256857843,21.877706229273798,29.230369804880006,19.88707199151274,7.732418118688805,9.820856256857843
Glas,114,W3_RAW,False,34.77121333009391,7.75117981148009,12.638292150052841,21.642253560159727,29.713858775768152,19.560258259021932,7.751179811480089,12.638292150052841
Glas,116,W3_RAW,False,35.67604575424019,9.812628986176325,13.937939049196727,22.64236763320261,29.30282159828319,20.874495785259082,9.812628986176325,13.937939049196727
Glas,118,W3_RAW,False,33.86460198495944,9.628542524620471,13.355461691231536,25.190641873092645,30.213962018005375,23.165005470885337,9.628542524620471,13.355461691231536
Glas,120,W3_RAW,False,36.23878391871744,12.50654538372692,14.443095762152321,24.29105399082819,32.737420931265824,21.778501508467293,12.50654538372692,14.443095762152321
Glas,122,W3_RAW,False,34.21811873160717,14.596127631857769,14.030895675033129,24.144424476534354,32.79699486434995,21.743857240876604,14.596127631857769,14.030895675033129
Glas,124,W3_RAW,False,34.462760328220675,16.335641095347984,13.622104219396643,24.267707335900212,32.27757561088712,21.853685200897115,16.335641095347988,13.622104219396643
Glas,126,W3_RAW,False,36.65368928191369,11.82144256198513,14.444158112682219,27.691763083710104,36.96056132127953,24.83988518565088,11.82144256198513,14.444158112682219
Glas,128,W3_RAW,False,37.333498290942764,11.574463469934487,14.457767341454876,27.7810588623862,36.60409315428709,24.975272497430968,11.574463469934487,14.457767341454874
Glas,130,W3_RAW,False,34.21523500083656,15.194470518178012,15.247690809494651,25.160051438642633,32.880953912406866,23.091953202199065,15.194470518178012,15.247690809494651
Glas,132,W3_RAW,False,33.71033193756949,14.026794394319799,14.16400596826124,23.789556981556643,31.7649022046415,21.69779036811422,14.026794394319799,14.16400596826124
Glas,134,W3_RAW,False,37.930278473570695,12.87074968447554,14.924067508862414,26.22661145819957,37.35538028225014,23.303912086671748,12.87074968447554,14.924067508862414
Glas,136,W3_RAW,False,37.93495255899099,11.892235658638743,14.364855589129,23.48688314404168,33.45284090800559,20.837118880353675,11.892235658638743,14.364855589129
Glas,138,W3_RAW,False,34.843850894224616,15.474658037131254,14.754097651440398,21.757658774583593,30.992931869869278,19.32464469024784,15.474658037131254,14.754097651440398
IdiomPffIgnorieren,122,W3_RAW,False,43.72245137997067,15.846187514618446,13.324581008564051,22.814717903871276,36.34753468275957,19.71899327054382,15.846187514618446,13.324581008564055
IdiomPffIgnorieren,124,W3_RAW,False,43.9427626935553,10.587873818653,11.523560173619655,23.249252965305022,37.231238288029,19.935129714483477,10.587873818653,11.523560173619655
IdiomPffIgnorieren,126,W3_RAW,False,45.76684523722458,10.056972141753574,11.241716872794282,21.73004393902193,34.452042422612195,18.710510823656488,10.056972141753574,11.241716872794282
IdiomPffIgnorieren,128,W3_RAW,False,48.559030328813016,11.220294334132777,12.524916297900718,20.366137976703126,32.26701398389524,17.374348786938324,11.220294334132777,12.52491629790072
IdiomPffIgnorieren,130,W3_RAW,False,49.78802767159661,12.087883433846365,12.80505936634081,20.614663762615624,32.206681568102056,17.72849766043586,12.087883433846365,12.80505936634081
IdiomPffIgnorieren,132,W3_RAW,False,49.3906213218798,13.99362520972138,11.804366314525748,23.223243606482278,35.67053856525918,19.814233187499045,13.99362520972138,11.804366314525748
IdiomPffIgnorieren,134,W3_RAW,False,54.345881379931505,14.088494850547926,12.10689102442895,21.37581904850786,33.846513073836164,18.202895355579546,14.088494850547926,12.106891024428947
IdiomPffIgnorieren,136,W3_RAW,False,51.958055806880395,14.214589059236575,12.736684619020117,19.770293302353963,30.705494189408448,17.07354626926742,14.214589059236575,12.736684619020117
IdiomPffIgnorieren,138,W3_RAW,False,48.998101719584206,13.697674858042253,13.100707941484005,20.307004915030717,32.232627442825205,17.422142775936695,13.697674858042253,13.100707941484005
IdiomPffIgnorieren,140,W3_RAW,False,48.69699574969047,13.90968337219199,13.06771051564008,22.82792230018675,35.91604970476474,19.530596280120925,13.90968337219199,13.06771051564008
IdiomPffIgnorieren,142,W3_RAW,False,45.54267336094186,14.038871562691563,13.268348890256442,20.662335891098927,32.35657183697467,17.85132641422534,14.038871562691563,13.268348890256442
IdiomPffIgnorieren,144,W3_RAW,False,46.43654218901347,13.958545504590177,14.13811976686295,20.949419688062942,32.97057896969026,18.065377808615935,13.958545504590179,14.138119766862948
IdiomPffIgnorieren,146,W3_RAW,False,47.58590491025286,13.582766095443592,14.749096419144252,22.60338208942739,34.928700033242144,19.355837072942332,13.582766095443592,14.749096419144252
IdiomPffIgnorieren,148,W3_RAW,False,46.20856079853041,13.78245872783954,13.706128269301674,20.147724487344295,32.26102632918813,17.313290724200602,13.78245872783954,13.706128269301674
IdiomPffIgnorieren,150,W3_RAW,False,46.0326162307461,13.75732406572381,13.4044904227193,22.661398367668756,34.188221426518716,19.472589750225126,13.75732406572381,13.4044904227193
IdiomPffIgnorieren,152,W3_RAW,False,45.57832013375731,12.626437663192435,13.059802556228444,19.56611364112545,30.906384647779543,16.895851645721983,12.626437663192435,13.059802556228444
Jahr,162,W3_RAW,True,32.42759259669413,,17.83627470505492,24.216558133548595,33.96462077513217,20.999347212532196,,17.83627470505492
Jahr,164,W3_RAW,True,39.79426254648149,,17.403712244294983,30.77599420942591,40.82442476164146,27.125968931694423,,17.403712244294983
Jahr,166,W3_RAW,True,42.66803057094725,,15.456887496461555,33.25998102247921,45.70589820920084,29.364675187417607,,15.456887496461555
Jahr,168,W3_RAW,True,37.919136376235436,,15.517826771638484,32.62748222010415,46.57996064569695,28.255701101486235,,15.517826771638484
Jahr,170,W3_RAW,True,52.9900984316706,,21.04260356575139,58.76563680116541,76.42245508541438,51.330249670906106,,21.042603565751392
Jahr,172,W3_RAW,True,53.67678469972904,,19.552199878263348,57.82169166631914,76.92003535170149,50.429651825509524,,19.55219987826335
Jahr,174,W3_RAW,True,49.15370174590808,,18.96680765896651,53.11622327499451,71.10966749280382,46.146050215096636,,18.966807658966506
Jahr,176,W3_RAW,True,41.74553018063269,,18.806461413332283,43.67736594789837,56.92666445705494,38.16609288865145,,18.806461413332283
Jahr,178,W3_RAW,True,39.16588883991645,,19.496319642987256,34.388222540396,47.79870306407058,29.93670459219852,,19.496319642987256
Jahr,180,W3_RAW,True,35.33124773372848,,10.942909316778017,30.02602697834822,47.53199076164192,25.823495581370754,,10.942909316778017
Jahr,182,W3_RAW,True,37.363557911845355,,9.744685796112893,26.810419867216865,42.8503975348122,23.07972265465607,,9.744685796112893
Jahr,184,W3_RAW,True,39.89961334712587,,10.558215367802884,27.722684336459466,44.83140167970706,23.580248318836606,,10.558215367802884
Jahr,186,W3_RAW,True,35.67890962462519,,9.983268816519441,25.196460155488737,40.93634052070131,21.739175825412055,,9.983268816519443
Jahr,188,W3_RAW,True,37.964196057355394,,9.851025518343588,25.873088291774867,39.698964266763696,22.7652795426946,,9.851025518343588
Jahr,190,W3_RAW,True,38.10180261044036,,10.976726466963452,27.989048137608478,45.172239330157744,24.448632550713434,,10.976726466963452
Jahr,192,W3_RAW,True,31.9314162825131,,9.138179771183058,24.328726632439313,39.835810383711305,21.08181307614239,,9.138179771183058
Jahr,194,W3_RAW,True,30.540806418551874,,13.05800549547778,23.702468809686188,37.58151764761681,20.273558576727773,,13.05800549547778
Jahr,196,W3_RAW,True,41.410844068047815,,13.212359674351143,33.93724281471243,38.995789738415944,30.451565613466595,,13.212359674351143
Jahr,198,W3_RAW,True,73.82744083787094,,11.818875869699573,66.77664223499677,38.55335137834764,67.13234066428387,,11.818875869699573
Jahr,200,W3_RAW,True,27.79280334363175,,10.216657814459088,22.8493235516871,34.94786651570514,19.893279237461506,,10.216657814459088
Jahr,202,W3_RAW,True,30.460346638539306,,11.084915762119143,25.25780894615625,40.61647590213471,21.48728732556188,,11.084915762119143
Jahr,204,W3_RAW,True,31.892453479926296,,11.042988867411339,28.100497503024513,45.824135891847796,23.928651433744047,,11.042988867411339
Jahr,206,W3_RAW,True,32.9574005225467,,9.858782879888496,28.19797927435925,46.143471165851615,23.632115429603363,,9.858782879888498
Jahr,208,W3_RAW,True,35.74370952304292,,10.537172842446049,30.80157410021948,49.57095538938075,26.08061391101931,,10.537172842446049
Jahr,210,W3_RAW,True,35.26144369787549,,9.909164177633972,31.712674065486162,52.094595003003285,26.55557054660289,,9.909164177633974
Jahr,212,W3_RAW,True,31.73548603520746,,9.925752666868016,25.1254205272657,39.61061452777175,21.201429463520995,,9.925752666868014
Jahr,214,W3_RAW,True,36.45516316160482,,10.218911506365481,30.116325264371586,47.27693089751994,25.6484460465206,,10.21891150636548
Jahr,216,W3_RAW,True,35.65760497552464,,11.847024887281576,29.376789227694843,44.7513989135821,25.043233209870085,,11.847024887281572
Jahr,218,W3_RAW,True,38.391633848735076,,11.729675080836891,31.130637868640132,48.67892342441532,26.503613839884594,,11.729675080836891
Jahr,220,W3_RAW,True,35.06133036563138,,12.981777783996405,28.792900110190867,42.129282873787965,24.864002010413508,,12.981777783996405
Jahr,222,W3_RAW,True,37.22088933689038,,12.562273279921008,31.485869790252334,41.99526487772511,27.439887618284644,,12.562273279921008
Jahr,224,W3_RAW,True,35.66521778559751,,15.58671894608606,27.69218720056808,38.11319528745755,24.116634038837386,,15.58671894608606
Jahr,226,W3_RAW,True,39.90210875115969,,14.867011634041772,28.818857097677377,42.95206861468715,24.790306276009293,,14.867011634041774
Jahr,228,W3_RAW,True,34.79589951358235,,16.071617753125313,31.56064565634768,44.54570643997994,27.12248848430006,,16.071617753125313
Jahr,230,W3_RAW,True,32.41849839319157,,16.928086999484613,30.473197919817984,44.55588027139177,25.83955526202507,,16.928086999484613
Jahr,232,W3_RAW,True,39.24536651988902,,13.28600048575396,30.28893776603413,41.91295873302887,26.377783537076475,,13.28600048575396
Jahr,234,W3_RAW,True,37.58563318489024,,13.325354075904148,29.591358579905364,40.67042912306919,25.853358477322967,,13.325354075904148
Jahr,236,W3_RAW,True,38.467393211665126,,13.499874837129145,30.204231800275874,43.324035621671186,26.185878844130375,,13.499874837129148
Jahr,238,W3_RAW,True,40.244184436116434,,13.409912684200139,32.377762301180724,45.32935484144474,28.296451781066395,,13.409912684200139
Jahr,240,W3_RAW,True,36.46672298371686,,14.431778779006514,30.464624950928574,44.14039132511283,26.254937686863165,,14.431778779006514
Klar,122,W3_RAW,True,40.940632690928766,,12.371732059613764,30.068751402742915,40.892032184553116,26.597763837764333,,12.371732059613764
Klar,124,W3_RAW,True,38.50552412511768,,12.111169418787835,31.60031459571235,40.64601457563256,27.983220892701,,12.111169418787837
Klar,126,W3_RAW,True,47.3512570637644,,17.80491334614781,40.86009766676014,51.05709857923296,36.170616620706134,,17.804913346147806
Klar,128,W3_RAW,True,44.628341607120284,,14.695507029281808,37.331579055352925,44.42701457160223,32.99409137118956,,14.695507029281812
Klar,130,W3_RAW,True,45.96144928209889,,11.912590934139427,38.569495691432614,48.40052271693981,33.942702744006695,,11.912590934139427
Klar,132,W3_RAW,True,44.466625216092694,,15.205150724113299,39.20791848300996,49.96749580493915,34.433800175550594,,15.205150724113299
Klar,134,W3_RAW,True,44.27681024874234,,16.288643599026607,40.69469444145673,55.608931669086246,35.538386237500056,,16.288643599026607
Klar,136,W3_RAW,True,42.59799316849315,,19.01512990135325,38.71753286627492,55.612475244112275,33.38733096427697,,19.01512990135325
Klar,138,W3_RAW,True,40.99812795177152,,11.73678000500621,36.28806615407511,49.70023009929494,31.58294250949807,,11.73678000500621
Klar,140,W3_RAW,True,43.87186883949567,,10.060254163558945,38.94871039342552,53.33615102983569,33.89261409332876,,10.060254163558943
Klar,142,W3_RAW,True,42.90129673826463,,10.847039491981963,37.00993028374817,51.57076840536249,32.00616531368122,,10.847039491981963
Klar,144,W3_RAW,True,42.44777398031959,,10.32919768986414,37.003388184142956,52.493205735660915,32.287048684522404,,10.329197689864138
Klar,146,W3_RAW,True,40.01848119145748,,10.846744148235704,33.219290534152805,45.69205375485511,29.307267300496196,,10.846744148235704
Klar,148,W3_RAW,True,41.760936860898205,,9.716999945392589,33.581051284691135,49.74617961936174,29.09427541189078,,9.716999945392589
Klar,150,W3_RAW,True,36.770966529732966,,11.275125254942154,28.63223102529112,43.980599419205475,24.826408759095987,,11.275125254942154
Klar,152,W3_RAW,True,38.526991724510786,,9.790767683086365,30.665940334760926,45.02181624376516,26.70752403259456,,9.790767683086365
Kochen,135,W3_RAW,False,35.028564324768695,9.317404652990156,13.797794652669491,20.969788673050115,30.734849167337345,18.800918315843642,9.317404652990152,13.797794652669486
Kochen,137,W3_RAW,False,36.1066890961679,7.561152553972671,16.39957034595713,22.754153771770802,33.80288747775225,20.164635722309452,7.561152553972671,16.39957034595713
Kochen,139,W3_RAW,False,34.9049581750764,8.690743757673573,16.664400049175732,24.329881777492485,33.000904462549244,21.72694307510143,8.690743757673573,16.664400049175732
Kochen,141,W3_RAW,False,35.54929426440937,8.739779488153388,17.30539405213354,25.806485819934267,35.978425655618636,22.80564929360491,8.739779488153388,17.30539405213354
Kochen,143,W3_RAW,False,37.503208922162024,8.632153336281641,18.17296231889648,26.398629537579023,39.67010582580849,23.2365982648709,8.632153336281641,18.17296231889648
Kochen,145,W3_RAW,False,38.24508368033338,10.133535371287332,18.482976343492375,30.677664719558255,43.25881269842699,26.79270248490312,10.133535371287332,18.48297634349238
Kochen,147,W3_RAW,False,38.51012804437585,13.627652990868318,17.63303881994337,28.104915092626808,46.434280462371554,24.284332721562258,13.627652990868318,17.63303881994337
Kochen,149,W3_RAW,False,39.722088899247815,10.71101346281211,17.294311872546615,24.253620749158756,37.328426772517005,21.551763724347783,10.71101346281211,17.29431187254662
Kochen,151,W3_RAW,False,40.5091711106603,14.459427092044196,15.365626461711111,26.014729309572086,39.84328336326867,22.841641092938048,14.459427092044196,15.36562646171111
Kochen,153,W3_RAW,False,40.59114199958802,8.660815981648101,16.638618274474062,25.46749556532711,35.844144030490845,22.69545058096753,8.660815981648101,16.638618274474062
Kochen,155,W3_RAW,False,45.47512555314123,12.043861788634167,16.544461450978734,36.25727011815675,57.52344494277368,31.130004357247312,12.043861788634167,16.544461450978734
Kochen,157,W3_RAW,False,39.94700812871483,14.818928165891293,15.586730991183236,24.976356966294844,37.78614416997993,21.988690106494897,14.818928165891293,15.586730991183233
Kochen,159,W3_RAW,False,36.36051477991311,10.353182654851636,13.957783958749822,21.271461100265473,30.518683372727573,18.823784300149704,10.353182654851636,13.957783958749822
Kochen,161,W3_RAW,False,34.08547855022732,12.863922055519831,12.789912874551465,19.639730361535126,29.167592301929332,17.385162774101303,12.863922055519831,12.789912874551465
Kochen,163,W3_RAW,False,36.27237218686883,16.862836354480244,13.252764016855132,17.797257495576666,26.395244825529197,15.881519864252908,16.862836354480244,13.252764016855132
Kochen,165,W3_RAW,False,37.70906398564781,7.845142991401906,14.088745277490698,19.03977981892006,27.93194536766224,17.014279734623972,7.845142991401906,14.088745277490698
Kochen,167,W3_RAW,False,37.66690029148044,7.939125530996351,14.912391074698208,19.657701812901045,27.678067234850836,17.87991443846374,7.93912553099635,14.912391074698208
Kochen,169,W3_RAW,False,33.6472861699201,8.815614715133414,15.860983484253682,19.277303569478082,27.187890595275007,17.46250438904081,8.815614715133414,15.860983484253678
Kochen,171,W3_RAW,False,33.35301270530777,8.44763011686109,16.131470821049604,20.39832146537533,30.62810714129599,17.9398557576395,8.44763011686109,16.131470821049604
Kochen,173,W3_RAW,False,32.998161232478985,8.410036307427484,17.368391895848102,22.919026676105926,33.67789154928132,20.115425089474325,8.410036307427484,17.368391895848102
Kochen,175,W3_RAW,False,35.31157157073291,8.738297479285821,17.809498764357286,21.79664140778584,32.157575772399134,19.19561614975182,8.738297479285821,17.809498764357286
Kochen,177,W3_RAW,False,37.70506400308504,7.922971850588818,16.118546206810006,22.438092437088002,34.58840574201425,19.66923581950293,7.922971850588818,16.118546206810006
Kochen,179,W3_RAW,False,34.98691359847014,9.266049169149243,16.745846626439054,25.880280486201425,38.2562922622085,22.620691447487676,9.266049169149243,16.745846626439057
Kochen,181,W3_RAW,False,40.91775191495955,9.76397433111201,17.752469045970344,23.17823519793014,34.258036421951026,20.307026597370786,9.76397433111201,17.75246904597034
Kochen,183,W3_RAW,False,42.78433584325729,7.840030329113679,15.709239458904882,25.053865039143865,38.169375856360205,21.828209058390602,7.840030329113679,15.709239458904882
Kochen,185,W3_RAW,False,41.95436264688779,10.222620610749468,15.034904684410701,22.30515374790108,32.79607065028873,19.574216111439835,10.222620610749468,15.034904684410701
Kochen,187,W3_RAW,False,41.16797867963377,12.908040995922411,14.427120125962713,24.281599133761546,37.94986123961006,21.079581663632958,12.908040995922411,14.427120125962713
Kochen,189,W3_RAW,False,39.303222872141134,10.544535571470739,13.883641356183308,20.008952731248993,28.41123609101188,17.66575246429328,10.544535571470739,13.883641356183308
Kochen,191,W3_RAW,False,36.830718933352024,14.559260199272094,13.907724381333665,19.16666307696421,29.4833336965002,16.672974867819093,14.559260199272094,13.907724381333665
Kochen,193,W3_RAW,False,37.01174756587839,15.397099387377546,14.020423835408964,18.35133183456897,27.299111653481663,16.17309397717123,15.397099387377544,14.020423835408963
Kochen,195,W3_RAW,False,36.618149858578214,8.849323117153464,13.227888156111554,18.590149335806434,28.708492785370108,16.12033784506255,8.849323117153464,13.22788815611155
Kochen,197,W3_RAW,False,35.10376071050319,13.883571147449786,14.18199957732231,17.532157825023965,26.2908727272344,15.438100281805989,13.883571147449786,14.18199957732231
Kochen,199,W3_RAW,False,32.64033142898395,8.36053834549544,14.022318562736272,18.992284950371076,29.52805456757716,16.609540382137798,8.360538345495439,14.022318562736272
Kochen,201,W3_RAW,False,36.94738118894628,9.969971491821182,15.40433291862696,19.612471662675766,29.19165049115738,17.255839592371906,9.969971491821182,15.404332918626963
Kochen,203,W3_RAW,False,34.1056692024956,10.427612778251858,15.557584657387185,19.718323726584515,30.172971734074284,17.258218903198248,10.42761277825186,15.557584657387185
Kochen,205,W3_RAW,False,35.78553585422179,9.387757589198557,15.885691806194057,21.557682178141558,33.616626689398956,18.756534288038257,9.387757589198557,15.885691806194057
Kochen,207,W3_RAW,False,33.57797231110139,14.965126726264362,16.99205182639292,20.343820244444725,30.724610014670844,17.863730115505728,14.96512672626436,16.99205182639292
Kochen,209,W3_RAW,False,39.130746777368294,10.95059547138157,16.481774188312457,20.981515086843686,31.71022825237442,18.615902238663747,10.95059547138157,16.481774188312457
Kochen,211,W3_RAW,False,34.43340872527246,10.903907787541401,14.925455844546587,22.931917507607718,35.01069853161065,19.889797203570588,10.903907787541405,14.925455844546589
Kochen,213,W3_RAW,False,41.19363830965872,13.50812478165966,16.400594567511373,24.06870835251321,34.2829526173737,21.248356388478395,13.508124781659657,16.400594567511373
Kochen,215,W3_RAW,False,39.737092016748605,11.148371233252275,14.892623776946229,22.121198719979837,34.74708674593451,19.34353746530552,11.148371233252275,14.892623776946232
Kochen,217,W3_RAW,False,38.5575580583114,13.259806764350536,15.750897737147724,22.281936755915122,32.55331301798342,19.807744827478516,13.259806764350536,15.75089773714772
Kochen,219,W3_RAW,False,39.62483518140626,11.966765251414605,15.87381918344181,22.57763470276518,31.178409485118326,20.212425816917566,11.966765251414605,15.87381918344181
Kochen,221,W3_RAW,False,49.225672362548856,8.360363736278064,15.006965772754564,39.23028013224418,66.31066678176431,33.52049991502713,8.360363736278064,15.00696577275456
Kochen,223,W3_RAW,False,53.061087384867044,8.83636063821225,15.259741423764286,39.60409595358904,66.40437303859109,33.75045780954458,8.83636063821225,15.259741423764288
Kochen,225,W3_RAW,False,51.3920646393271,8.658495994334725,15.153159025219407,40.58459279275646,67.23399435581675,34.93074757816616,8.658495994334725,15.153159025219407
Lesen,153,W3_RAW,False,39.34818132687086,8.849300804428855,10.250095011249064,28.020767849466914,47.02106923864889,23.597570836734995,8.849300804428855,10.250095011249064
Lesen,155,W3_RAW,False,37.83671513055164,10.734516601299783,10.559645163010972,28.294748315155672,45.17328846131558,24.063326772864258,10.734516601299783,10.559645163010972
Lesen,157,W3_RAW,False,45.61938915280094,9.869109278482917,10.505405930059732,28.375220045470254,47.96740505531364,23.88670073965969,9.869109278482917,10.505405930059732
Lesen,159,W3_RAW,False,40.4160721142483,10.45722199010489,9.87453007194392,31.354464616996815,48.03690909929431,26.760143241966738,10.45722199010489,9.87453007194392
Lesen,161,W3_RAW,False,39.79325693410587,11.193429429164782,10.45924922839861,25.285347253413438,40.23792058516292,21.451538687626844,11.193429429164784,10.45924922839861
Lesen,163,W3_RAW,False,41.0960180617491,10.143944883455468,10.188530718537756,29.99633535250696,44.791391614815794,25.89184026597284,10.14394488345547,10.188530718537756
Lesen,165,W3_RAW,False,40.21734944066847,9.935653212173744,10.512278127479625,28.853242098828073,42.67005481763307,25.03221429867512,9.935653212173744,10.512278127479625
Lesen,167,W3_RAW,False,39.191471288617024,11.770501637565001,11.216306742161809,29.755106692763317,42.85081475094752,25.835747334867058,11.770501637565001,11.216306742161809
Lesen,169,W3_RAW,False,40.176239506287494,8.452896021706845,11.167318987042801,30.943379379581305,48.08642338386425,26.52383070701098,8.452896021706845,11.167318987042801
Lesen,171,W3_RAW,False,43.21178766826872,10.397830667202351,10.154325647639281,29.42981727502295,46.17114620385828,25.195798198720283,10.397830667202351,10.154325647639281
Lesen,173,W3_RAW,False,45.390095549394665,8.601147819618149,10.042814448549738,26.071239374554498,43.370979311126156,22.08282524638698,8.601147819618149,10.042814448549738
Lesen,175,W3_RAW,False,44.82079849260707,9.636575965969701,9.785810185613387,27.042407241395836,42.26644158982266,22.978524273104274,9.636575965969701,9.78581018561339
Lesen,177,W3_RAW,False,41.87728398300721,9.648274242428574,10.148342810741335,26.985296859192772,41.078606083092666,23.432693382235325,9.648274242428574,10.148342810741335
Lesen,179,W3_RAW,False,41.54106502272156,10.13380047652385,11.524411960216149,26.28583173823711,41.31859884061635,22.826724279115595,10.13380047652385,11.524411960216153
Lesen,181,W3_RAW,False,40.22674146200683,9.864279243292271,10.488489592243791,30.397495160825024,43.43663016617413,26.463938161083437,9.86427924329227,10.488489592243791
Lesen,183,W3_RAW,False,42.66361975685255,11.799576510806387,13.147439625426163,30.703505508914603,45.778642509287714,26.580391544940674,11.799576510806387,13.147439625426165
Lesen,185,W3_RAW,False,45.11538656293814,9.738225155572605,10.89661853503321,28.818212903492423,46.2641394818273,24.85208389147232,9.738225155572607,10.89661853503321
Lesen,187,W3_RAW,False,44.14950089556471,8.036197397140798,10.135088107692203,31.307333889509348,49.478732480197905,26.88396875663792,8.036197397140798,10.135088107692203
Lesen,189,W3_RAW,False,43.3322397220028,8.74204053309497,10.091786675798463,29.150308136328977,43.89225204297414,25.26834521392045,8.74204053309497,10.091786675798462
Lesen,191,W3_RAW,False,44.40510605526145,10.547519048408056,9.761154795001374,30.35925314621574,44.506089742891916,26.460201319468442,10.547519048408056,9.761154795001376
Lesen,193,W3_RAW,False,42.32068924303489,10.587292818674747,10.266235214587354,28.422455542297673,44.73913339963142,24.25374705782182,10.587292818674747,10.266235214587354
Lesen,195,W3_RAW,False,43.52650025674212,8.516034337007715,10.260715375523784,25.328509047082242,39.663254011157804,22.032893760521944,8.516034337007715,10.260715375523786
Lesen,197,W3_RAW,False,45.10256211536697,10.459799427515243,11.964376671139869,29.705806654137582,48.12659919023002,25.492628928170127,10.459799427515243,11.964376671139869
Lesen,199,W3_RAW,False,43.9953871085443,10.08306821576179,12.762034950049202,28.593710084344686,45.45103903802044,24.499311923489422,10.083068215761788,12.762034950049202
Lesen,201,W3_RAW,False,42.19154532667882,7.867343005827714,13.262749326091024,27.01630158534738,43.6860657213029,23.34939681290849,7.867343005827714,13.262749326091024
Lesen,203,W3_RAW,False,43.66586066382701,11.526246820352872,12.862106310283203,29.314434077910484,47.176598645201885,25.16945083838418,11.526246820352872,12.862106310283203
Lesen,205,W3_RAW,False,41.79114496354257,8.770891394422335,11.593829336177162,27.833210697055264,45.582323369513645,23.86334093890168,8.770891394422335,11.593829336177162
Lesen,207,W3_RAW,False,44.87802369553914,7.3473099209013295,11.785382715507714,31.79741614190573,51.7805982601639,27.012653303325294,7.3473099209013295,11.785382715507714
Lesen,209,W3_RAW,False,44.02466192440696,7.740729946769329,13.117632108112499,29.88300896281317,47.75616244065777,25.73028853606704,7.740729946769328,13.117632108112497
Lesen,211,W3_RAW,False,45.10804647626832,8.802538514471214,13.537352128574485,32.48937194874349,52.88317691621663,27.92354181801512,8.802538514471214,13.537352128574481
Lesen,213,W3_RAW,False,43.020462121081216,8.011799939445002,12.582883637255307,29.638394738442443,47.740833129057386,25.619191190032552,8.011799939445003,12.582883637255307
LiebBitte,142,W3_RAW,True,53.469109506883356,,11.65581189465461,52.090490234795155,65.45573601733776,45.99197715758554,,11.65581189465461
LiebBitte,144,W3_RAW,True,53.91318435128607,,12.975261985484071,51.8404328353449,65.89601463244968,45.64317947832817,,12.975261985484071
LiebBitte,146,W3_RAW,True,53.53021307924718,,12.278614473431498,50.35657460859032,62.792733124112324,44.51827420996284,,12.278614473431501
LiebBitte,148,W3_RAW,True,56.370057143876956,,13.23217969799416,53.70779688816469,67.47064303411136,47.47361932459583,,13.232179697994162
LiebBitte,150,W3_RAW,True,56.336861763441576,,16.551949801030155,53.6298788853696,67.94019547110567,47.23438798895283,,16.551949801030155
LiebBitte,152,W3_RAW,True,53.18322231605616,,13.520732866662481,47.64913699419563,57.320331187508586,42.24114321490721,,13.520732866662481
LiebBitte,154,W3_RAW,True,56.874909548822586,,13.101006538722649,49.08479857531651,58.31977502191499,43.95182951962794,,13.101006538722649
LiebBitte,156,W3_RAW,True,53.40474312274119,,14.549730425348535,45.19060217833172,55.9073492931863,40.13383720369661,,14.549730425348535
LiebBitte,158,W3_RAW,True,51.125699040371885,,14.572705897030609,43.46146625430087,53.69578166560503,38.47715720470197,,14.572705897030609
LiebBitte,160,W3_RAW,True,53.002443003738705,,14.65891668572429,44.08328052713042,52.07180286820395,39.20440679773241,,14.658916685724288
LiebBitte,162,W3_RAW,True,47.8694949151646,,14.26947046455484,40.9452356983898,50.29264969141529,36.15172641012154,,14.26947046455484
LiebBitte,164,W3_RAW,True,52.98564168707103,,14.569642085533461,45.980123551267155,56.791827360022864,40.52447116710054,,14.569642085533461
LiebBitte,166,W3_RAW,True,50.3867299099129,,14.717081060385782,43.430608493268274,54.90136270946638,38.22813754171471,,14.717081060385786
LiebBitte,168,W3_RAW,True,55.7580750367511,,14.678363890394918,49.02300355302122,63.906795364634434,42.95864483254686,,14.67836389039492
Luegen,115,W3_RAW,True,40.99365769967634,,15.377540589760029,31.403132456079877,44.91820951088435,27.566211159623073,,15.377540589760029
Luegen,117,W3_RAW,True,44.19141142822763,,15.838016609851273,33.83064591371874,47.14964283581127,30.140669915391967,,15.838016609851273
Luegen,119,W3_RAW,True,48.23497363350947,,14.973401206967292,40.53742560552905,52.677356665464195,35.90397385964667,,14.973401206967292
Luegen,121,W3_RAW,True,53.475280715539064,,14.309452863156933,44.284761320566524,53.64826612626706,39.51197026530571,,14.309452863156933
Luegen,123,W3_RAW,True,53.98288159641355,,12.432971434841916,44.75030820530165,55.357437001982476,39.67815848006066,,12.432971434841916
Luegen,125,W3_RAW,True,42.474950155189426,,13.154298987228364,34.61803783273392,51.231401685584224,30.570635626426032,,13.154298987228364
Luegen,127,W3_RAW,True,42.7850768538006,,11.865456938831342,32.720930118803885,45.70605024046779,29.19158844758773,,11.865456938831342
Luegen,129,W3_RAW,True,39.51822272392144,,10.75666032038768,29.47869908749046,40.891835079068315,26.322132243209694,,10.75666032038768
Luegen,131,W3_RAW,True,43.41569678320983,,12.968507033683,32.48804716404558,45.70685134041408,28.646078558471505,,12.968507033682998
Luegen,133,W3_RAW,True,51.668071371263785,,12.841822765539025,41.24354181271227,47.62850192695105,36.93040953683065,,12.841822765539025
Luegen,135,W3_RAW,True,48.21367026566312,,14.963917638793722,40.54643050865322,52.20422118195773,35.90905211050953,,14.963917638793722
Luegen,137,W3_RAW,True,50.554821028055045,,14.81617963323666,43.760242496922565,55.27688830384498,38.89125938440373,,14.81617963323666
Luegen,139,W3_RAW,True,52.10842717367061,,15.529773197172029,42.20384553072354,53.45007372470763,37.609942975890824,,15.529773197172027
Luegen,141,W3_RAW,True,61.938307358503266,,14.107840797936046,50.90866717128284,57.55771770842516,45.45252696362251,,14.107840797936046
Luegen,143,W3_RAW,True,49.440972944991266,,12.496998538799248,41.88960333794921,56.318028568217485,36.965692631459945,,12.496998538799248
Luegen,145,W3_RAW,True,41.489608848433754,,11.744971463734341,34.54561676418075,46.57759651749892,30.67641351852323,,11.744971463734341
Luegen,147,W3_RAW,True,34.13833436455237,,10.956168333972302,27.658934091288277,37.69340562002638,24.64113650280749,,10.956168333972302
Muell,116,W3_RAW,True,44.39648133360724,,11.691322464183264,27.22756892442378,40.613701781005005,24.09809866462552,,11.691322464183264
Muell,118,W3_RAW,True,40.703058051281616,,11.325022852592596,24.505120868717906,34.801942235752215,21.686593672584657,,11.325022852592596
Muell,120,W3_RAW,True,39.71677356038692,,11.384941166109476,23.341381829395395,32.86281775383884,20.578692803486994,,11.384941166109476
Muell,122,W3_RAW,True,46.84915341046046,,11.97980707081794,30.361802275500626,40.63099370916174,27.055629812048316,,11.97980707081794
Muell,124,W3_RAW,True,41.28404212094498,,11.653351042574466,26.939204485298855,38.84120052948847,23.628373726034802,,11.653351042574466
Muell,126,W3_RAW,True,54.35598021053806,,12.345257138279178,35.52880095491408,54.45735700582348,30.99855733628002,,12.345257138279178
Muell,128,W3_RAW,True,46.84874381326217,,9.985437536789915,30.486764035057924,47.191398746824134,26.518173410875487,,9.985437536789915
Muell,130,W3_RAW,True,47.85185168867104,,14.464935691361575,33.789953468022624,51.90783935302181,29.414575009359513,,14.464935691361575
Muell,132,W3_RAW,True,45.72334591978722,,13.214245790866688,30.075458204251554,42.885220494458224,27.04321740903493,,13.214245790866688
Muell,134,W3_RAW,True,40.50520842463872,,12.594681496542771,27.788754244276923,39.90295551233015,24.842579105907816,,12.594681496542771
Muell,136,W3_RAW,True,37.9207051089901,,14.479251962857367,28.79883401926409,40.116058779128565,26.208330634747735,,14.479251962857367
Muell,138,W3_RAW,True,45.24531143953354,,17.60311678835791,30.267902701430444,43.52881925079808,27.286025508366965,,17.60311678835791
Muell,140,W3_RAW,True,41.7085603582336,,27.828263695441024,30.45589570635632,44.19856028979373,26.984689187807312,,27.828263695441024
Muell,142,W3_RAW,True,41.45531838994916,,26.296172478281484,31.0339505201895,43.207933415140445,28.182481840593393,,26.296172478281484
Muell,144,W3_RAW,True,39.01628849927121,,26.28942572457448,29.2065029820831,39.19522397696184,26.702868277106425,,26.28942572457448
Mutter,138,W3_RAW,True,48.89158419948384,,13.017132822516466,38.13680203973664,51.96496296880071,33.51928730539247,,13.017132822516466
Mutter,140,W3_RAW,True,45.57357420926754,,12.142746590014163,35.28360623284045,49.02892470977894,30.815389294537816,,12.142746590014163
Mutter,142,W3_RAW,True,49.4499573418135,,14.771776770919015,39.70646138286652,53.711889889301155,34.91688718521112,,14.771776770919015
Mutter,144,W3_RAW,True,49.66237319856124,,12.942887758314084,37.39462892243347,50.84577655548968,33.110512461185166,,12.942887758314084
Mutter,146,W3_RAW,True,46.62687295622981,,10.416444320250333,34.85217331059722,47.55384653948761,30.617701682727414,,10.416444320250333
Mutter,148,W3_RAW,True,43.84854536963746,,7.11800433421609,32.64741022454104,45.38957488920003,28.713699593110633,,7.11800433421609
Mutter,150,W3_RAW,True,41.492280838318464,,7.197310838640652,32.309243500952256,44.35665890030505,28.700645014176636,,7.197310838640652
Mutter,152,W3_RAW,True,45.5592778096582,,7.411430666070457,33.56179688182263,44.58127424954134,29.715823982938705,,7.4114306660704585
Mutter,154,W3_RAW,True,46.19366427447449,,9.038751940494834,34.74152768121732,46.47121075312677,30.77797261920394,,9.038751940494834
Mutter,156,W3_RAW,True,42.91804748085657,,6.985619676196776,30.895870714049845,43.290182870896004,27.143473723976147,,6.985619676196776
Mutter,158,W3_RAW,True,44.77778108605159,,6.325895971895784,35.482789963752225,47.87277691982767,30.979264332007258,,6.325895971895784
Mutter,160,W3_RAW,True,45.95030857299673,,9.153341390042298,37.020176129666545,51.0006011358978,32.31608696838335,,9.153341390042298
Mutter,162,W3_RAW,True,47.29025768198069,,9.81750855363661,38.37189519804262,52.146307219616965,33.48905753430867,,9.81750855363661
Mutter,164,W3_RAW,True,43.09120122614954,,8.93170179783808,37.92762009301283,52.982935896626294,32.99335386245177,,8.93170179783808
Mutter,166,W3_RAW,True,46.49478189520272,,11.143407653637306,41.92100384203112,57.744425211037736,36.435768123591345,,11.143407653637306
Mutter,168,W3_RAW,True,50.42418116756812,,8.70548650927312,42.63962016532585,58.127651124971635,37.2222085574305,,8.70548650927312
Mutter,170,W3_RAW,True,50.014909406265566,,10.71894891373214,40.96484777060175,58.30740667843635,35.81826017280107,,10.718948913732142
Mutter,172,W3_RAW,True,49.8842234928121,,7.980930253386559,38.74363836819109,55.547018992033344,34.01045989774206,,7.980930253386559
Mutter,174,W3_RAW,True,50.33645268056264,,9.270472076199983,42.90657028891345,61.14764277920229,37.40793075569698,,9.270472076199983
Mutter,176,W3_RAW,True,50.65766018407664,,7.884625079229978,42.32339319447958,58.28290818305388,37.105922079221514,,7.884625079229978
Mutter,178,W3_RAW,True,50.90020056266416,,9.309949817241609,43.768965076448815,60.53300974964482,38.352681069120095,,9.309949817241609
Mutter,180,W3_RAW,True,47.87448719695625,,8.146317409454124,41.46119281482781,59.22058431356785,36.07531735664917,,8.146317409454124
Mutter,182,W3_RAW,True,48.41129146282823,,7.573760255250053,38.93155818375085,55.61555459578273,34.18566333266576,,7.573760255250053
Mutter,184,W3_RAW,True,50.74307861487952,,8.363021510084888,42.31808911580157,58.096140873840774,36.65615749397431,,8.363021510084888
Naehen,113,W3_RAW,False,36.99509129371443,12.899848607221681,9.720116660355142,21.270503457894748,27.9667481241792,19.250130052027043,12.899848607221681,9.720116660355144
Naehen,115,W3_RAW,False,39.062784513457196,14.85205991397674,9.61684757839099,24.388584239540048,30.971471301750494,22.161330014444474,14.852059913976738,9.61684757839099
Naehen,117,W3_RAW,False,37.78058804568316,14.424896570160127,9.974760004975629,21.111744883361474,29.68435445597466,18.939867529128122,14.424896570160127,9.974760004975629
Naehen,119,W3_RAW,False,40.74047676906176,14.645031430186446,10.697888152055508,23.09253105624135,33.33020583784956,20.739017037419174,14.645031430186446,10.697888152055508
Naehen,121,W3_RAW,False,44.033913492381096,15.74364464964504,11.284039609558441,21.937119236524865,33.46875353562013,19.225760877988744,15.74364464964504,11.284039609558441
Naehen,123,W3_RAW,False,42.6037486049993,13.692402344716706,11.583406838379434,21.212332584597437,31.950899034494647,18.787651103490166,13.692402344716708,11.583406838379434
Naehen,125,W3_RAW,False,41.0943052045737,14.74852426001055,11.64063219596087,21.77713308323367,32.790894581018215,19.254438576688624,14.74852426001055,11.640632195960869
Naehen,127,W3_RAW,False,38.41724223915543,15.44983260078644,12.214740721751788,22.131455843081625,31.604717246532285,19.755768417006212,15.44983260078644,12.214740721751788
Naehen,129,W3_RAW,False,37.5320990651386,13.058592497481424,11.522572115647563,20.99730721256472,29.756019783375848,18.878201764949765,13.058592497481424,11.522572115647561
Naehen,131,W3_RAW,False,36.6950271461829,14.42154336594725,10.212331943766898,21.022104912038273,29.731795528336388,18.94306930496901,14.42154336594725,10.212331943766898
Naehen,133,W3_RAW,False,36.81362603989725,12.670323725760666,9.639718322203246,21.014993930133915,29.101236574259577,19.04149306464623,12.670323725760666,9.639718322203246
Naehen,135,W3_RAW,False,36.670893576726414,14.579356293893968,9.526021977109597,23.031801174068995,28.945660417394063,20.879387941609078,14.579356293893968,9.526021977109595
Naehen,137,W3_RAW,False,36.205384891292994,13.704183966314538,8.083046344423064,26.35912764323733,29.77914660726095,24.291366100426767,13.704183966314538,8.083046344423064
Naehen,139,W3_RAW,False,37.363296237113445,15.261358781826674,7.999187143013476,22.379790591199434,27.888310752027742,20.36873696469832,15.261358781826674,7.999187143013476
Naehen,141,W3_RAW,False,38.6062203498765,13.934883170788657,9.522185332186085,26.541003354070046,29.979929340709322,24.315813016537163,13.934883170788655,9.522185332186085
Naehen,143,W3_RAW,False,38.973148185825835,17.259950212054683,10.27424375943978,22.28229584809496,28.871588194507275,19.905534214173144,17.259950212054683,10.27424375943978
Naehen,145,W3_RAW,False,39.694112436435084,14.922278923068863,10.684948009092972,24.097654484410818,30.66248328960702,21.79625497643807,14.922278923068863,10.684948009092972
Naehen,147,W3_RAW,False,38.59025764673033,15.077635328997472,10.507160278819251,23.204033698278344,29.983912675009442,20.9504238126259,15.077635328997472,10.507160278819251
Naehen,149,W3_RAW,False,39.95618483050312,15.061921837894122,10.414672948710527,20.632269343533718,29.63256603172548,18.29405602875731,15.061921837894122,10.414672948710525
Naehen,151,W3_RAW,False,39.84965370730187,15.541729594267,9.240833723756193,22.055832710682633,31.117183538402823,19.723184094931618,15.541729594267,9.240833723756193
Naehen,153,W3_RAW,False,40.8465912305735,14.36734794304111,10.333828694646279,22.31375446235225,32.0524615656702,19.88590519930098,14.36734794304111,10.333828694646279
Naehen,155,W3_RAW,False,38.838660387238114,15.205310827470374,9.017004333856905,22.12158255082321,31.046901429976703,19.88683352985736,15.205310827470374,9.017004333856903
Naehen,157,W3_RAW,False,37.10148084358226,14.20628921812476,9.974965953867642,22.22321074416033,30.10121908008146,19.967642288124292,14.20628921812476,9.974965953867642
Naehen,159,W3_RAW,False,38.200170675899045,15.297536529574545,10.160097135454627,22.120460247918707,30.760112981012853,19.73430339607536,15.297536529574547,10.160097135454627
Naehen,161,W3_RAW,False,39.30367452554231,15.00035843969113,9.44479695966595,21.46073690342591,29.630874603192403,19.202269847614033,15.00035843969113,9.44479695966595
Naehen,163,W3_RAW,False,32.542937480167964,14.259298555726778,10.124534924543223,23.54303880510474,29.619346324618093,21.408265069150033,14.259298555726778,10.124534924543223
Naehen,165,W3_RAW,False,33.566065789467125,14.107412807831386,8.343552127257983,22.71279016316316,29.788783503462543,20.48071081923058,14.107412807831386,8.343552127257983
Naehen,167,W3_RAW,False,35.256991151269105,15.159482680302757,9.044792604466874,23.810131638173132,30.181724716834758,21.430067442274893,15.159482680302757,9.044792604466874
Naehen,169,W3_RAW,False,39.16668938828281,14.676445908690395,9.589408125341896,22.86700511663801,29.409298803257606,20.56777659751178,14.676445908690395,9.589408125341897
Naehen,171,W3_RAW,False,38.986482903667856,15.814429768255037,10.82203511841722,23.153014985668896,30.398255344219578,20.836016245777603,15.814429768255037,10.82203511841722
Naehen,173,W3_RAW,False,37.78095954009049,15.747010505364582,10.706275982471297,22.18889063923659,29.152894088606832,19.77666551315981,15.747010505364582,10.706275982471297
Naehen,175,W3_RAW,False,35.906450431861806,16.356205610962856,10.397999050630437,21.13672062146722,30.258791604329,18.808152345561908,16.356205610962856,10.397999050630437
Naehen,177,W3_RAW,False,37.38474473524373,14.948955201366664,10.73076788273702,21.73955625130079,31.37784514960943,19.250808221424126,14.948955201366664,10.73076788273702
Naehen,179,W3_RAW,False,39.47163934065525,15.769302849632096,10.04562128933049,20.558286981255797,31.178666282031703,17.905324123515058,15.769302849632096,10.045621289330493
Naehen,181,W3_RAW,False,39.257524840994925,16.965198079651316,10.445909395485602,21.38610791128333,31.953869268814667,18.68325029239154,16.965198079651316,10.445909395485602
Naehen,183,W3_RAW,False,40.30691911098586,17.36058697466429,8.611020704633658,20.61871567961558,31.04041203828702,18.1397188087434,17.36058697466429,8.611020704633658
Naehen,185,W3_RAW,False,36.96631852801711,15.782953449989808,8.491592849945624,21.846496013403844,30.6988377224742,19.41507295143474,15.782953449989808,8.491592849945624
Naehen,187,W3_RAW,False,38.73182468291609,15.726964929021062,8.257947665326508,21.333867446573805,29.83073075113206,19.082170847097753,15.726964929021062,8.257947665326508
Naehen,189,W3_RAW,False,39.975378248291385,16.18019068025471,8.211653910963904,22.627375690301456,30.175918647972583,20.53207173252062,16.18019068025471,8.211653910963904
Naehen,191,W3_RAW,False,37.290908243710234,16.09925080425899,8.626237155378554,21.806715559659462,30.37736556907779,19.328619010708774,16.09925080425899,8.626237155378554
Naehen,193,W3_RAW,False,39.53193606645184,14.765389448380441,8.894338487568374,20.51437667847793,29.31494298826262,18.37427765893702,14.765389448380441,8.894338487568374
Naehen,195,W3_RAW,False,35.04359833586964,14.20392801802856,8.8092856571292,21.160887513076872,28.834400770631763,19.02683736748669,14.20392801802856,8.8092856571292
Naehen,197,W3_RAW,False,40.25642227266818,15.984330317125723,8.939566478839543,22.48573734491576,30.450081459326213,20.119891800324282,15.984330317125723,8.939566478839543
Naehen,199,W3_RAW,False,35.65464631848127,13.987167379115386,9.03818284398017,21.09534179603772,29.257425037825698,18.929412038154236,13.987167379115386,9.03818284398017
Nebel,118,W3_RAW,False,37.303566822143175,10.87354553690369,10.431065774458101,32.2212518857637,33.38894831092288,29.762455442292417,10.873545536903688,10.431065774458098
Nebel,120,W3_RAW,False,31.514902242966595,11.045048462808918,9.019425389930626,25.53512437213233,28.734834130879193,23.193474135516766,11.045048462808918,9.019425389930628
Nebel,122,W3_RAW,False,37.94361949916982,11.199875582156285,11.397523271894078,32.45603019327568,37.881588371561094,29.341347177753487,11.199875582156285,11.397523271894078
Nebel,124,W3_RAW,False,39.1970850846934,13.341406639339606,11.129079489083583,30.544024985664947,37.53236499948856,27.38288608586978,13.341406639339606,11.129079489083583
Nebel,126,W3_RAW,False,41.44181436397495,12.927315053968938,9.876604656290695,29.738332880391088,35.50456621678562,26.69971196967189,12.927315053968938,9.876604656290695
Nebel,128,W3_RAW,False,44.436572038495726,8.30612088268225,10.883373717451585,30.953703051208805,37.7798728886831,27.820480824457302,8.30612088268225,10.883373717451585
Nebel,130,W3_RAW,False,37.500724173457854,8.61204564913647,11.001633017357436,23.765696764475795,37.39906109088296,20.711612088413933,8.61204564913647,11.001633017357433
Nebel,132,W3_RAW,False,38.075733022552676,8.483149871111097,11.225389387352294,22.343045577567832,33.76610087509728,19.60795186922923,8.483149871111097,11.225389387352294
Nebel,134,W3_RAW,False,40.26087102585793,8.690436195173453,11.089386154736296,22.8938401486658,33.436766678965974,20.240215582022653,8.690436195173453,11.089386154736296
Nebel,136,W3_RAW,False,38.114527907331386,9.431237968342783,10.91649714363299,21.558076108921966,31.807226957169547,18.86652634019556,9.431237968342783,10.91649714363299
Nebel,138,W3_RAW,False,37.49753146642068,9.854134503801738,11.201078040413405,22.643884288221248,33.84025057097193,19.74445323022195,9.854134503801738,11.201078040413405
Nebel,140,W3_RAW,False,36.11586520257174,9.169643628447856,10.975914075199181,22.699843181846013,31.520845031670895,20.070652907930373,9.169643628447856,10.975914075199181
Nebel,142,W3_RAW,False,39.78028267787142,10.976553076775865,10.56006806651379,25.39331949371905,33.406433705053054,22.36768789265239,10.976553076775865,10.56006806651379
Nebel,144,W3_RAW,False,36.74362220760881,10.346729208125694,9.900539891308101,26.71335313181155,33.92926141761507,23.73533932595329,10.346729208125694,9.900539891308098
Nebel,146,W3_RAW,False,42.47881052509791,11.27600897882728,10.272212445172618,29.846257273626886,31.23021074762304,27.420729487674965,11.27600897882728,10.272212445172622
Nebel,148,W3_RAW,False,38.03784541919056,9.70792784215735,9.137650069562204,30.42688859753876,33.352988869278285,27.741677219946308,9.707927842157348,9.137650069562206
Nebel,150,W3_RAW,False,38.39199470516003,10.867343261426683,8.842547153222153,24.910563384571557,33.2586090739708,22.02128326852684,10.86734326142668,8.842547153222153
Nebel,152,W3_RAW,False,38.04353023164449,10.48453814034487,9.180897711334651,27.79423240370323,37.001621116412146,24.535060390955042,10.48453814034487,9.180897711334651
Nebel,154,W3_RAW,False,44.86163031368386,9.201829546163452,8.985529169018665,30.62447665959974,35.38543173159286,27.725024052144096,9.201829546163452,8.985529169018665
Nebel,156,W3_RAW,False,42.87846472620082,9.129145136964485,9.517475928481025,27.358985603983655,34.72995861307677,24.460147706811984,9.129145136964485,9.517475928481025
Nebel,158,W3_RAW,False,42.97939116339022,8.489624858210767,10.983705149197279,27.83169264665367,38.56000008916178,24.682906194483802,8.489624858210767,10.983705149197279
Nebel,160,W3_RAW,False,44.951876236588426,8.35411716378939,10.304717390221793,26.92263199290278,37.41965583022075,23.830078365686628,8.354117163789388,10.304717390221795
Nebel,162,W3_RAW,False,38.51048603685056,9.058712590995063,10.574950356033119,28.731102380459742,36.55642854626303,25.28164462751775,9.058712590995063,10.57495035603312
Nebel,164,W3_RAW,False,35.41616307607807,9.054464216421657,10.731628493506292,24.93041447380112,34.42784868633513,21.655087460583783,9.054464216421657,10.731628493506296
Nebel,166,W3_RAW,False,43.50747078768264,9.317761542765204,10.26154368043432,26.58440081471207,40.486159356496344,22.840854580192428,9.317761542765204,10.26154368043432
Nebel,168,W3_RAW,False,43.22068967088306,9.467518395866751,11.0656357013862,24.265388540223107,35.354702232793805,21.06143752749512,9.467518395866751,11.0656357013862
Nebel,170,W3_RAW,False,38.33722149945334,9.19894659299777,11.414468269726486,24.020343369667923,34.264579612842965,21.18610090410843,9.19894659299777,11.414468269726486
Nebel,172,W3_RAW,False,44.707642244616146,9.933828796297448,10.159457198536952,29.008409255588123,35.46962693234678,26.256041203394748,9.933828796297448,10.159457198536952
Nebel,174,W3_RAW,False,42.31248944669626,9.078072411619113,9.776528445431273,27.396557564495126,35.78374809851595,24.61105785693863,9.078072411619113,9.776528445431273
Nebel,176,W3_RAW,False,39.22570740993275,10.061249935944963,9.50566840680308,26.24547160319361,34.90759507666996,23.474925244035514,10.061249935944963,9.50566840680308
Nebel,178,W3_RAW,False,37.762094403317484,9.36259332353776,9.536160529571656,24.988452974833844,32.209589839303504,22.327537233753468,9.36259332353776,9.536160529571656
Nebel,180,W3_RAW,False,37.297432431042566,8.673166473037506,9.972461273795332,26.107951226058873,34.89263519293978,23.295207372259043,8.673166473037506,9.972461273795332
Nebel,182,W3_RAW,False,34.929660315107505,8.943742871008322,10.81182384255196,21.757386424817998,32.824649647716335,18.71709097644119,8.943742871008322,10.81182384255196
Nebel,184,W3_RAW,False,33.54108338914972,8.405119449921562,10.376113869430695,21.588326498105143,33.62312679625184,18.826799694283082,8.405119449921562,10.376113869430691
Nebel,186,W3_RAW,False,35.42129971036206,9.232572257624224,9.963144476517396,25.764338963075698,36.44162288292254,22.375491722137888,9.232572257624224,9.963144476517396
Nebel,188,W3_RAW,False,35.0482895639556,8.888632535224179,10.59718862665603,23.79306861980302,36.2793342191409,20.526653888785102,8.888632535224179,10.59718862665603
Nebel,190,W3_RAW,False,38.701983337472946,8.729854774190139,11.588592159432297,22.470555710414995,31.334723637617586,19.699973341437936,8.729854774190139,11.588592159432295
Nebel,192,W3_RAW,False,40.515470320298995,9.336444987694579,12.085120438027591,22.812041471923237,35.002535897455864,19.490505867066496,9.336444987694579,12.085120438027591
Nebel,194,W3_RAW,False,36.102943030853034,8.719464086889719,11.523552986073486,29.986606159585843,39.05823387342145,26.453415197000766,8.719464086889719,11.523552986073486
Neu,108,W3_RAW,False,42.00030847095133,11.78216552979452,8.258319796322603,32.79496603841056,36.757420002321616,29.899525199636642,11.782165529794518,8.258319796322603
Neu,110,W3_RAW,False,37.91753396425463,8.79120714687497,7.88548925740924,24.432340830246254,35.17637092366295,21.41727465093928,8.79120714687497,7.88548925740924
Neu,112,W3_RAW,False,41.52628628023235,12.661387002521623,9.457913341684556,30.50641385989724,40.96536264023627,27.08887856559829,12.661387002521623,9.457913341684556
Neu,114,W3_RAW,False,44.28934319833007,8.338811128512551,9.618439389345934,29.549626150148594,38.63333547820537,26.808165549440577,8.338811128512551,9.618439389345932
Neu,116,W3_RAW,False,40.54288905129987,17.595898712165795,10.300110740563493,28.42504718092846,38.88087306254014,25.65377786001735,17.595898712165795,10.300110740563493
Neu,118,W3_RAW,False,45.68198122294061,11.166012397742879,12.633075681086769,29.62277413512709,43.79114426715343,26.53959983145651,11.166012397742879,12.63307568108677
Neu,120,W3_RAW,False,44.533987466036315,20.62855128201904,12.55099388700733,27.749115571411323,40.53917719998923,24.690168164346705,20.62855128201904,12.55099388700733
Neu,122,W3_RAW,False,42.653219219560725,10.751579446272252,11.470864524965162,29.15760777831704,43.58814633262835,26.099959597660916,10.751579446272252,11.470864524965162
Neu,124,W3_RAW,False,39.583305880064806,17.04084103641001,12.309723669451746,26.835061042784904,39.27496499725233,24.163931952525054,17.04084103641001,12.309723669451746
Neu,126,W3_RAW,False,41.08074532286268,11.53659825396141,11.952846201324657,29.547198870171858,44.38072359334537,26.455700586313522,11.536598253961408,11.952846201324657
Neu,128,W3_RAW,False,40.59532980382623,18.15718671982109,11.760241805893722,26.8463455639698,40.079743656007054,24.027380151316553,18.15718671982109,11.760241805893722
Neu,130,W3_RAW,False,45.31834738484391,10.537080699344733,10.895395760326705,34.560036099609746,48.91995919134511,30.60818156570725,10.537080699344733,10.895395760326705
Neu,132,W3_RAW,False,40.6963893135806,15.783878788700815,10.818430949161282,27.993276600313,42.08330634100914,25.00817361803571,15.783878788700815,10.818430949161282
Operieren,199,W3_RAW,False,40.42989640436943,11.381352910335247,9.252071526027652,26.95959588620263,37.10230946487779,24.179597602685764,11.381352910335245,9.25207152602765
Operieren,201,W3_RAW,False,45.245174786002536,12.144106855791788,8.96552494099411,23.01968093083331,32.42927196502833,20.6145695594551,12.144106855791787,8.96552494099411
Operieren,203,W3_RAW,False,40.413579580542816,12.380151490293155,9.612763822391504,24.295922613156627,35.09198390558835,21.739199837279884,12.380151490293155,9.612763822391502
Operieren,205,W3_RAW,False,36.71997394892632,11.895793482086553,9.218045756059295,22.992441810854224,33.79903876561591,20.748836581978324,11.895793482086553,9.218045756059295
Operieren,207,W3_RAW,False,41.38097428875132,11.120547253925343,9.792983162312183,24.440718767456513,34.035312816651945,21.972677163482707,11.120547253925343,9.792983162312183
Operieren,209,W3_RAW,False,37.69932875334429,12.105176562387188,9.295621666110538,22.671886483029926,32.18813067105013,20.527527909620993,12.105176562387188,9.295621666110538
Operieren,211,W3_RAW,False,37.04444239918348,11.03996823522228,9.644674268675699,22.666986660326618,32.19091728597501,20.555830905800786,11.039968235222284,9.6446742686757
Operieren,213,W3_RAW,False,33.30487712900953,11.371577892244526,9.45893451342078,22.236921799188675,32.047124913914104,19.76730857865035,11.371577892244526,9.45893451342078
Operieren,215,W3_RAW,False,34.39358844885388,12.692676740939872,8.833581068470473,20.493268688904713,32.022479451590584,17.82494497522769,12.692676740939872,8.833581068470474
Operieren,217,W3_RAW,False,38.91245929892424,12.37396373960224,8.961016376032118,19.775680597779306,31.097234221789364,17.25768684153283,12.37396373960224,8.96101637603212
Operieren,219,W3_RAW,False,37.33426620174829,12.924595846544038,8.927713918206466,20.85451596688908,33.11094059049753,18.032036743562603,12.924595846544038,8.927713918206466
Operieren,221,W3_RAW,False,33.93475043660098,11.86777597427266,8.75141723139524,22.422128588615504,34.56880392261741,19.63897352242463,11.86777597427266,8.75141723139524
Operieren,223,W3_RAW,False,33.83335687555487,12.982611504145652,9.310485341519781,22.04765844241909,33.75151784408161,19.258527965274688,12.982611504145652,9.310485341519781
Operieren,225,W3_RAW,False,35.1552666825031,12.120062074898287,9.471806706424434,21.364656266769167,32.89541482590469,18.821749025293418,12.120062074898287,9.471806706424434
Operieren,227,W3_RAW,False,35.553862441332925,11.814006516563117,9.579124008535446,20.79841691466934,32.08421419691778,18.282093368377318,11.814006516563119,9.57912400853545
Operieren,229,W3_RAW,False,33.905145083400804,13.26696779828174,9.010827052430708,21.9945923738641,33.783329498426056,19.22084383198282,13.26696779828174,9.010827052430708
Operieren,231,W3_RAW,False,34.049232966588264,12.207466397107384,8.838506147229655,23.66485330697741,33.968879504110035,20.863766122488283,12.207466397107384,8.838506147229655
Operieren,233,W3_RAW,False,34.46683737627932,13.112792737009249,9.128317788123166,21.977876307638287,33.197912828331226,19.2011316405874,13.112792737009256,9.128317788123166
Operieren,235,W3_RAW,False,35.84505134692231,12.07500237123627,9.407402570428836,24.13330099062538,34.45092576035668,21.159026225951006,12.07500237123627,9.407402570428836
Operieren,237,W3_RAW,False,35.95035034128363,12.617617608089855,9.678263633104859,22.439696036576002,33.752233259457135,19.446439595751546,12.617617608089855,9.678263633104859
Operieren,239,W3_RAW,False,36.24002435065964,13.45813540225449,9.109559649986146,22.358787480811372,33.96554737418449,19.608758323473793,13.458135402254488,9.109559649986144
Operieren,241,W3_RAW,False,36.553011986978575,12.634653578953024,9.365610609894205,23.645528914635,34.22674907988737,20.785552699431165,12.63465357895303,9.365610609894205
Operieren,243,W3_RAW,False,36.27832642486812,13.548357111661879,9.439601531804739,22.268273688398665,33.1169171986808,19.450133728636406,13.548357111661879,9.439601531804739
Operieren,245,W3_RAW,False,37.22023769956807,12.731481955589633,9.143327435455548,22.63761126700164,34.1689820257695,19.647098769707075,12.731481955589633,9.143327435455548
Operieren,247,W3_RAW,False,35.52232349708471,13.299769183146832,9.39824934717005,21.356122765851577,32.418002974233396,18.5411442408185,13.299769183146836,9.39824934717005
Operieren,249,W3_RAW,False,36.573522543973965,13.018181828996967,9.858845991524204,22.10516697725242,33.25174971166945,19.21978709946622,13.018181828996967,9.858845991524202
Operieren,251,W3_RAW,False,38.08328054434297,12.337533133833288,9.405284608372199,23.437966174683964,33.98128131628503,20.551684242552138,12.337533133833288,9.405284608372199
Operieren,253,W3_RAW,False,34.42126804675672,12.593516402642548,9.504651572636526,21.698910100363847,33.36606855176711,18.987551108128407,12.593516402642548,9.504651572636526
Operieren,255,W3_RAW,False,34.73721802697321,12.933468648898131,9.56127444414026,22.43729155717675,33.45644954277794,19.730114356121174,12.933468648898133,9.56127444414026
Operieren,257,W3_RAW,False,35.091653670104435,12.478957399172412,9.38053688671474,23.565537095853575,33.98839536879722,20.75112926130587,12.478957399172412,9.38053688671474
Operieren,259,W3_RAW,False,32.543175512676385,13.227105754744652,9.419553548959994,22.344083806930733,32.62169799724885,19.64678104198379,13.227105754744654,9.419553548959994
Regen,112,W3_RAW,False,41.26920507706976,7.325081325107769,10.891504037420257,42.551168204975916,47.2833734643356,38.52681701440975,7.325081325107767,10.891504037420258
Regen,114,W3_RAW,False,38.018959977559796,7.048316453410943,10.263927655864,38.12978077905411,41.774989686916385,34.488926891355696,7.048316453410943,10.263927655864
Regen,116,W3_RAW,False,35.80785940210745,10.804992496128891,8.289801015389134,33.29105855522509,33.99964535500822,30.396216368550284,10.804992496128893,8.289801015389134
Regen,118,W3_RAW,False,36.60277876243652,8.925965841461696,10.77037642776495,34.16062752080765,37.768560802078085,31.14160259887756,8.925965841461698,10.770376427764946
Regen,120,W3_RAW,False,38.634814770970785,9.13799752601319,13.1920395658424,35.4534636420465,34.54738706049283,32.787181023298984,9.13799752601319,13.1920395658424
Regen,122,W3_RAW,False,42.92734591045569,8.239945530450402,9.473455653487305,32.92109579441282,35.286585464309354,30.153256879745392,8.239945530450402,9.473455653487306
Regen,124,W3_RAW,False,46.85173685387497,7.300270594941383,13.363377082905304,31.070340552543747,37.12272350614653,28.15459296457614,7.3002705949413835,13.363377082905304
Regen,126,W3_RAW,False,37.15493438352991,7.522414131229224,11.687662105678777,22.682464167405087,31.986236662589004,20.98039471995111,7.522414131229222,11.687662105678777
Regen,128,W3_RAW,False,43.03824037613419,7.94661699609423,13.21443020759925,23.117859625306014,33.3926711757808,20.75509300314852,7.94661699609423,13.21443020759925
Regen,130,W3_RAW,False,63.46105213650349,6.6153676217566035,16.655747276088277,52.945354862626544,72.85892798415172,46.55718587691606,6.6153676217566035,16.655747276088277
Regen,132,W3_RAW,False,49.822711933821715,8.564897998234288,11.827044553649145,37.87285191020152,45.573272863367535,33.971847848032795,8.564897998234288,11.827044553649145
Regen,134,W3_RAW,False,43.166888374522664,6.6172043000208784,11.179935974392734,35.8617002123318,38.17800770862219,32.84263315785507,6.6172043000208784,11.179935974392734
Regen,136,W3_RAW,False,40.44252596423538,6.479775697790757,10.391959764372023,42.072319244288785,47.46693795048313,37.940541948914664,6.479775697790757,10.391959764372023
Regen,138,W3_RAW,False,36.84273202597071,7.666158638858249,9.492238410343855,36.021606047523136,41.638353450574066,32.353177209173055,7.666158638858249,9.492238410343855
Regen,140,W3_RAW,False,38.47954943046234,9.207692910871788,9.474023426663928,37.63602293346127,41.0724308447573,34.06361013030908,9.207692910871788,9.474023426663928
Regen,142,W3_RAW,False,39.68435861283459,8.48976595346242,11.223055241898907,38.374252634262064,42.09090124913928,34.703129209775724,8.489765953462422,11.223055241898908
Regen,144,W3_RAW,False,37.82291580264314,9.311739110856564,10.845930198108798,33.91289919095576,31.81222043591461,31.499156300590975,9.311739110856564,10.845930198108798
Regen,146,W3_RAW,False,42.370168319147965,8.008780157130909,10.859826965392376,37.58267080010612,36.25132363552033,34.62965780097618,8.008780157130909,10.859826965392376
Regen,148,W3_RAW,False,46.365841318349005,6.777004563510969,10.901657453400608,35.14865854717418,34.02361894049867,32.20325049236431,6.777004563510969,10.901657453400608
Regen,150,W3_RAW,False,39.09087160124163,7.1482497769756055,12.20222856952372,24.647813907418648,26.644067776766594,22.599171987283494,7.1482497769756055,12.20222856952372
Regen,152,W3_RAW,False,39.621177176470546,11.307186351795192,9.482475015731815,22.85286368571378,31.24971449703175,20.395331943171986,11.307186351795188,9.482475015731815
Regen,154,W3_RAW,False,36.78728735229454,11.52604461174422,8.975420315857559,22.056869196969128,27.879731295015645,19.801746079405167,11.52604461174422,8.97542031585756
Regen,156,W3_RAW,False,36.65615588252058,12.746550900362397,9.406650470968374,20.73578061639079,31.818439512692343,18.17481123720564,12.746550900362397,9.406650470968374
Regen,158,W3_RAW,False,42.30793040493112,11.120169798138164,13.098625660738326,23.448852407880285,33.46697807849214,20.76372225048982,11.120169798138168,13.098625660738326
Regen,160,W3_RAW,False,40.422850864573974,7.516013988136594,13.05263164742075,25.593828715700102,39.79832085661791,22.31973634696005,7.516013988136594,13.05263164742075
Regen,162,W3_RAW,False,45.101036570083416,7.4785594221327925,9.768239534216104,33.22477914886987,35.96608417730922,30.3638575949173,7.478559422132794,9.768239534216104
Regen,164,W3_RAW,False,45.80728706144114,6.822114826755498,10.4730454717448,37.32516616540594,35.913310777228226,34.659781198798925,6.822114826755499,10.473045471744804
Regen,166,W3_RAW,False,42.1855807815371,7.175964709916389,9.214774031593409,39.356255605371175,39.65765504480641,36.179374444870405,7.1759647099163875,9.214774031593409
Regen,168,W3_RAW,False,40.64677438430971,7.029920763078892,9.424367975098772,38.8819887515182,37.86087053021975,35.7821813773369,7.029920763078892,9.424367975098772
Regen,170,W3_RAW,False,42.49642421542027,9.0409656658875,9.177927267300973,34.7847455891751,34.493512486418275,31.910888497228104,9.0409656658875,9.177927267300973
Regen,172,W3_RAW,False,44.30831788638282,7.485666648694662,9.491476629170565,36.97259469123984,38.60528793940011,33.9062679065236,7.485666648694662,9.491476629170565
Regen,174,W3_RAW,False,39.959582929672905,7.298346794050855,10.232204999285715,28.317474414430855,30.246933823975727,26.06136368412537,7.298346794050857,10.232204999285713
Regen,176,W3_RAW,False,34.66934612579146,6.553258936917195,10.206942709869685,21.416768761350532,25.63696071249892,19.46232709496096,6.553258936917195,10.206942709869686
Regen,178,W3_RAW,False,30.370425727431556,7.376807251321633,8.589207533547068,19.57348870686925,26.99434232094137,17.54425725940153,7.376807251321633,8.589207533547068
Regen,180,W3_RAW,False,38.45110801836155,10.294345911731268,9.193338587257479,20.05712069501552,26.664477184660193,18.22346486728344,10.294345911731265,9.193338587257479
Regen,182,W3_RAW,False,35.63882068706835,9.23771197542016,10.376362680676667,24.265731139041502,29.15090221054032,22.42248439944523,9.237711975420162,10.376362680676667
Regen,184,W3_RAW,False,37.614169010015814,11.677086514745373,11.37810370865444,26.70347234247094,37.31116001788808,24.060790612427596,11.677086514745376,11.378103708654434
Regen,186,W3_RAW,False,42.962228910196856,10.916168008186556,10.918657772672143,33.92791983823314,40.49006625588075,30.84016859455427,10.916168008186556,10.918657772672143
Regen,188,W3_RAW,False,43.30836281232622,19.171452176281267,17.61136227047477,36.1795472164997,44.5956873538555,32.36896320465936,19.171452176281267,17.61136227047477
SauerWuetend,147,W3_RAW,True,43.91878910773139,,14.84867391111141,31.992044599632834,45.89444419978879,27.804770361028517,,14.84867391111141
SauerWuetend,149,W3_RAW,True,47.85626058188206,,16.859521291485514,38.24799472663128,53.04764223004316,33.55597327262548,,16.85952129148552
SauerWuetend,151,W3_RAW,True,48.37346552864311,,14.787551314956886,38.3817179660196,50.774030141951606,33.90149862525189,,14.787551314956884
SauerWuetend,153,W3_RAW,True,46.88896975377634,,12.154100236994786,34.65618065073723,43.700832133279086,30.76227724770714,,12.154100236994786
SauerWuetend,155,W3_RAW,True,44.995578492196536,,10.692801222897677,32.57678842153493,42.01413170453165,29.014682884986915,,10.692801222897677
SauerWuetend,157,W3_RAW,True,43.07510580530364,,8.756194655708253,32.44608997483912,39.33087714122577,28.7462620019371,,8.756194655708251
SauerWuetend,159,W3_RAW,True,47.51449194765945,,5.94463551480385,34.9526935455734,43.76842953621234,31.277123512332075,,5.94463551480385
SauerWuetend,161,W3_RAW,True,50.03009689224793,,6.982845061487174,37.40860876981622,47.54692812690117,33.53129555080245,,6.982845061487174
SauerWuetend,163,W3_RAW,True,46.565451815039296,,7.5193278108003945,36.278802315938826,47.522781987896565,31.877498002550436,,7.5193278108003945
SauerWuetend,165,W3_RAW,True,54.41672578951668,,7.684704695159227,42.150105892939884,48.54984233718546,37.97088531397872,,7.684704695159227
SauerWuetend,167,W3_RAW,True,50.51499683221092,,7.46187853131621,37.21558589531753,43.264778602040415,33.39320790946056,,7.461878531316211
SauerWuetend,169,W3_RAW,True,45.687202116869095,,8.338041223576695,37.900807272581815,40.10345254459289,34.10388580522223,,8.338041223576695
SauerWuetend,171,W3_RAW,True,49.63910484736935,,7.65938882561275,37.62645576123726,42.72065381030617,33.889278459184574,,7.65938882561275
SauerWuetend,173,W3_RAW,True,54.83206347286623,,8.70985212724204,42.19388746243149,50.185551753659695,37.59362877383215,,8.70985212724204
SauerWuetend,175,W3_RAW,True,51.586636356560184,,11.056884513321947,42.141402438654886,49.65347927490736,37.86030614535582,,11.056884513321945
SauerWuetend,177,W3_RAW,True,56.555844615096376,,9.08663331455899,44.258911640745936,51.396417092510504,39.45021328328432,,9.08663331455899
SauerWuetend,179,W3_RAW,True,51.827035828523314,,9.665565116740666,42.17278634057072,51.96227885357644,37.311187561728886,,9.665565116740666
SauerWuetend,181,W3_RAW,True,43.229093712196445,,10.857856552170075,33.37214488404046,45.57873292625179,29.55554061031079,,10.857856552170075
SauerWuetend,183,W3_RAW,True,54.23245805303214,,9.976025072981209,43.65728494784279,51.90487897454064,38.66848995883682,,9.976025072981209
SauerWuetend,185,W3_RAW,True,54.735707719163315,,10.790347212339848,43.40106609969059,51.715154276768914,38.5270559491885,,10.790347212339848
SauerWuetend,187,W3_RAW,True,47.63521626049511,,10.940717950411141,41.753312586592514,50.285006535863246,37.18058160156406,,10.94071795041114
SauerWuetend,189,W3_RAW,True,47.87247820771244,,11.402446692243162,36.76687161637562,46.225634012477244,33.06221557861798,,11.40244669224316
Schnee,159,W3_RAW,False,38.86231765820514,9.746648959422561,10.914584660659312,34.917461430934104,40.69283515718771,31.461519015499576,9.746648959422561,10.914584660659306
Schnee,161,W3_RAW,False,42.561671814738034,6.766947913316308,13.738362896494145,41.197272489956966,49.086220949873606,36.949781214098046,6.766947913316308,13.738362896494145
Schnee,163,W3_RAW,False,35.85629616749494,10.637856213336864,11.36147967074656,31.179090175508684,35.746187655234884,28.091962931103144,10.637856213336864,11.36147967074656
Schnee,165,W3_RAW,False,36.21429936553487,8.96403388695276,11.924566296681204,33.06803685734258,39.025765237714744,29.729063418222847,8.96403388695276,11.924566296681204
Schnee,167,W3_RAW,False,31.62566933883664,12.354052024401527,10.213780632800157,24.290413621283687,28.33959228147522,21.901346143932543,12.354052024401527,10.213780632800155
Schnee,169,W3_RAW,False,30.9469091033726,9.533367155178894,10.170721798189962,24.872139116549594,32.45957983269549,22.108265815773454,9.533367155178894,10.170721798189964
Schnee,171,W3_RAW,False,29.65081591873498,8.477125077282995,9.018209697021026,23.744353270435546,31.39054979025408,20.99318208855988,8.477125077282993,9.018209697021028
Schnee,173,W3_RAW,False,36.182180094125286,6.195260162704021,8.63478641690904,29.11434959959157,32.30692081084228,26.630205971018473,6.195260162704021,8.63478641690904
Schnee,175,W3_RAW,False,28.598463855815226,6.802371793007599,8.027043419163887,22.27877504230666,29.55791612502786,19.662614643713525,6.802371793007599,8.027043419163887
Schnee,177,W3_RAW,False,35.12440374380991,6.146242944357936,9.228123563706669,23.254319825934175,36.02561359220855,20.230893794191463,6.146242944357936,9.228123563706667
Schnee,179,W3_RAW,False,32.03091230978168,6.4592855540953495,7.796733893409227,21.523838450976058,33.19703712733138,19.284784885758746,6.4592855540953495,7.796733893409229
Schnee,181,W3_RAW,False,31.05494471887174,7.587424307480378,8.844221796098719,22.235824108585852,36.414952397381846,19.04295666562221,7.58742430748038,8.844221796098719
Schnee,183,W3_RAW,False,31.898433104181287,7.007104652570518,7.781495134244869,22.494653946801407,31.847660654645775,19.701625578980117,7.007104652570518,7.781495134244869
Schnee,185,W3_RAW,False,32.693669152620664,6.9727101411231605,7.673604059722672,24.931816953724553,34.57527083387962,21.89736803028626,6.9727101411231605,7.673604059722672
Schnee,187,W3_RAW,False,33.85101018234331,6.935282448614745,7.965242802057862,26.21209000134993,36.54631561107913,22.906612710740486,6.9352824486147435,7.965242802057862
Schnee,189,W3_RAW,False,29.557321960611834,7.311264850285497,8.178042150365368,21.439039510570645,29.986234535450997,18.861971362810873,7.311264850285497,8.178042150365371
Schnee,191,W3_RAW,False,32.63891427274923,6.942903023470534,9.292026565553337,25.190617469509707,38.605319044321895,21.788704267115847,6.942903023470533,9.292026565553337
Schnee,193,W3_RAW,False,33.35225824944417,7.607815865363443,10.862585132660053,27.16303459540617,38.64354087711123,23.596151270761084,7.607815865363443,10.862585132660053
Schnee,195,W3_RAW,False,34.66553026508433,7.828262940666908,10.740401213403398,26.371638364067696,39.28875024376235,22.923053295830496,7.828262940666908,10.740401213403398
Schnee,197,W3_RAW,False,35.98911347950381,7.322521837448412,10.591275255900282,26.080165206955083,31.704832029582665,23.318119900834866,7.322521837448412,10.591275255900285
Schnee,199,W3_RAW,False,35.5184964595178,6.615429876691878,10.333169802693744,26.749064652097005,35.91051538152694,23.662704238168637,6.615429876691877,10.333169802693744
Schnee,201,W3_RAW,False,28.36006359847068,6.078440565508134,8.786627703348609,19.673211448915275,29.677812482877503,17.16125142559448,6.078440565508134,8.786627703348612
Schnee,203,W3_RAW,False,30.17320644226818,6.208698196272535,9.051532662583629,19.497560679469714,26.50518807930848,17.339472575702835,6.208698196272535,9.051532662583629
Schnee,205,W3_RAW,False,35.50374895265384,6.187614451107616,8.827401257810617,25.07830376705673,33.9393887414683,22.257459601046286,6.187614451107614,8.827401257810617
Schnee,207,W3_RAW,False,36.10910584195555,6.505226226859171,8.710120844036876,22.591907714815868,31.346884900991608,19.87083439669553,6.505226226859172,8.710120844036878
Schnee,209,W3_RAW,False,35.786905602629304,6.237635888491469,8.855253459248255,23.989181811936128,32.418794435385905,21.253834084400683,6.237635888491469,8.855253459248253
Schnee,211,W3_RAW,False,36.22716244533175,8.003461070781489,8.585644788779458,23.428133084833153,33.226201442133096,20.600031340404385,8.003461070781483,8.585644788779458
Schnee,213,W3_RAW,False,35.92281466845923,7.514400027585449,9.106504082738512,21.582719518337058,31.134255873524104,18.746220872522112,7.514400027585445,9.106504082738512
Schnee,215,W3_RAW,False,32.825333487854614,7.911828127090113,8.413999601471504,21.022549400669337,30.858225949351713,18.279878370203928,7.911828127090113,8.413999601471504
Schnee,217,W3_RAW,False,37.77171239628317,7.765371810597124,7.815372515488785,26.878750904843653,37.1927038866119,23.663741476186154,7.765371810597124,7.815372515488785
Schnee,219,W3_RAW,False,40.53073977835686,7.596772855307153,7.568526419319761,29.949352890305462,40.096163847768445,26.459165985228918,7.596772855307152,7.5685264193197614
Schnee,221,W3_RAW,False,38.36725901746134,7.637106272591489,7.939820230575422,31.000801487809778,40.38427748516699,27.592819413281173,7.637106272591488,7.9398202305754255
Schnee,223,W3_RAW,False,33.370397582430925,7.805710490954537,8.706887737625477,25.301160201318087,37.4298566590857,22.011333336133237,7.805710490954538,8.706887737625477
Schnee,225,W3_RAW,False,35.62672620351985,7.569768690650625,8.574653473826686,25.365889495476047,38.24780737478739,21.994789573668545,7.569768690650624,8.574653473826686
Schnee,227,W3_RAW,False,34.4021821432145,7.672909163650286,9.2459357721456,23.99912067546561,35.45309724460076,20.86341366874611,7.672909163650286,9.2459357721456
Schnee,229,W3_RAW,False,39.64883248281654,8.221496062985148,9.435124618232994,25.78204090274,39.93317539832987,22.11373546154219,8.221496062985146,9.435124618232997
Schnee,231,W3_RAW,False,37.21526064746374,8.082013615973416,9.519762946216941,32.38163531539782,38.62556612674566,29.084399638327437,8.082013615973416,9.519762946216941
Schnee,233,W3_RAW,False,40.25822356237951,7.519637277974891,8.493397245759873,33.85273156115754,41.54770518971494,30.093161646546225,7.519637277974891,8.493397245759873
Schnee,235,W3_RAW,False,40.43387757424541,8.64694529510292,9.307137163178716,34.43414744667754,38.0507106246186,31.316767451116522,8.646945295102919,9.307137163178718
Schnee,237,W3_RAW,False,42.566974428193596,11.935002908027451,10.064032601586373,40.20687856790984,44.130573377699626,36.447737628727346,11.935002908027451,10.064032601586375
Schnee,239,W3_RAW,False,41.34112827016162,12.854161481502373,12.654747984180954,38.15056845892217,44.90043592256723,34.54563734203459,12.854161481502373,12.65474798418095
Schnee,241,W3_RAW,False,47.29859495830887,17.211257667386107,30.29331791764494,45.77563747841284,56.6073708474638,40.76929747078746,17.211257667386107,30.29331791764494
Schnee,243,W3_RAW,False,47.09879253706868,13.261609394349968,46.177020864518624,46.73170095732273,51.91913408196806,42.422292017115204,13.261609394349968,46.177020864518624
Schreiben,121,W3_RAW,False,42.13812200424697,8.58738602497098,7.894551404405852,26.531794032446175,37.78551905807607,23.447242497458024,8.587386024970982,7.894551404405852
Schreiben,123,W3_RAW,False,45.73862081869367,9.447739676373521,7.893197708184986,26.629262052390658,39.11888540967371,23.342565333992457,9.447739676373521,7.893197708184984
Schreiben,125,W3_RAW,False,38.59880094260859,9.199500534318059,7.947537465225887,22.365208840604755,35.18693824112022,19.594144712326365,9.19950053431806,7.947537465225887
Schreiben,127,W3_RAW,False,42.34668447466632,8.912242052978263,8.560394722823846,21.817548592231713,32.37324076177009,19.096148106804076,8.912242052978263,8.560394722823846
Schreiben,129,W3_RAW,False,47.8604479312641,9.202156156668527,8.249970033944146,25.325719715081902,37.49600970714756,22.076694578473578,9.202156156668527,8.249970033944146
Schreiben,131,W3_RAW,False,49.177033424247156,8.805856627922863,8.873614835758984,27.169214590738605,38.081884792181015,23.90237085213048,8.805856627922863,8.873614835758984
Schreiben,133,W3_RAW,False,45.55262796328261,13.34411882966979,8.215568319130847,20.443345743974216,31.152555610531607,17.983388464234878,13.344118829669792,8.215568319130847
Schreiben,135,W3_RAW,False,51.829132552724815,8.784625446775337,8.614141483156674,28.5013264008102,39.27645683003253,25.116401467988297,8.784625446775337,8.614141483156674
Schreiben,137,W3_RAW,False,51.46546707452132,9.188075782619778,8.734480322585645,26.37518501858673,38.19679294615798,23.01814011995295,9.188075782619778,8.734480322585645
Schreiben,139,W3_RAW,False,40.47255484012198,11.34027145914665,8.50177843241029,20.63008792253632,29.394896456612035,18.313636439908464,11.34027145914665,8.50177843241029
Schreiben,141,W3_RAW,False,48.56347218455161,9.043249985468021,8.344634933288653,26.578965687278007,39.67570693107745,23.028791458276697,9.043249985468018,8.344634933288653
Schreiben,143,W3_RAW,False,42.42120841436194,9.52568014954869,7.8923660286519866,25.618730993105526,36.46794753731505,22.745950515492098,9.52568014954869,7.8923660286519866
Schreiben,145,W3_RAW,False,44.05825686644036,9.222787655783542,7.81580865700969,25.321758138164714,37.759935840466646,22.298569922909497,9.222787655783543,7.81580865700969
Schreiben,147,W3_RAW,False,44.44295738690084,8.857176784100266,7.9145079688357995,26.52198301428842,39.61445112276937,23.11674491793474,8.857176784100268,7.9145079688357995
Schreiben,149,W3_RAW,False,44.72282721093265,8.798844317450914,7.900361389847475,25.83012309891476,37.95263482545557,22.537792398367657,8.798844317450914,7.900361389847475
Schreiben,151,W3_RAW,False,45.77349552520763,10.141569728514572,8.173209273490585,24.136022310522467,36.28566286647249,21.07273171209618,10.141569728514572,8.173209273490583
Schreiben,153,W3_RAW,False,48.168660985018136,9.102996845669956,8.17441484215563,26.828859654621557,40.28135176972603,23.1426487362513,9.102996845669955,8.17441484215563
Schreiben,155,W3_RAW,False,43.13152421149684,12.663913391560715,8.559200734952585,21.641442993798158,30.749027704932463,18.973510602034903,12.663913391560715,8.559200734952585
Schreiben,157,W3_RAW,False,47.924143114086874,9.254286383613117,8.493707546975354,27.344546118319492,41.77441749079188,23.53118541102549,9.254286383613117,8.493707546975356
Schreiben,159,W3_RAW,False,42.14702264504114,10.404117843247207,8.154986332545372,24.66933592555089,34.63250919080395,21.754086163693113,10.404117843247208,8.15498633254537
Schreiben,161,W3_RAW,False,47.70154366270653,9.18739293603515,7.834853650950611,28.681736768119453,42.84927647221565,25.077946423818503,9.18739293603515,7.834853650950611
Schreiben,163,W3_RAW,False,46.37009724805127,9.164040682050947,7.671493183855806,33.53460347975461,39.548399121885964,30.110783211672295,9.164040682050947,7.671493183855806
Schreiben,165,W3_RAW,False,40.113330080231734,13.406279470906687,7.8997494518013545,22.814774665994214,32.169816150258015,20.13474646938282,13.406279470906687,7.8997494518013545
Schreiben,167,W3_RAW,False,46.50518130396325,10.56485082666969,8.151779332446559,27.74259319857035,39.663678337897956,24.145066778576037,10.56485082666969,8.151779332446559
Schreiben,169,W3_RAW,False,41.777866125199296,14.995200319910005,8.100777323145486,20.71157588044007,29.768481206578308,18.07093925601306,14.995200319910005,8.100777323145486
Schreiben,171,W3_RAW,False,49.444608075478314,10.522125668178763,7.935418987425041,28.126869893346704,40.645584270278256,24.428904511556585,10.52212566817876,7.935418987425039
Schreiben,173,W3_RAW,False,43.49930826285052,10.623761399494759,8.159328764141257,22.151040174049438,32.94615415643917,19.206503231670062,10.623761399494759,8.159328764141257
Schreiben,175,W3_RAW,False,44.34873979989851,9.845137281121048,7.884658734196904,25.043432073524812,38.83331097407809,21.41671058214552,9.845137281121048,7.884658734196904
Schreiben,177,W3_RAW,False,44.395443569029005,9.443737833015756,7.683883876089938,28.37152475968418,43.937698394093616,24.527548813449872,9.443737833015756,7.683883876089936
Schreiben,179,W3_RAW,False,46.05259317035867,9.609179317126458,8.089737213177465,29.2011741569203,45.544761986308266,24.892884357674387,9.609179317126458,8.089737213177463
Schreiben,181,W3_RAW,False,42.26328576776938,9.196754963190985,7.829395640968823,27.915622824524426,43.265348252684745,24.318853762664798,9.196754963190985,7.829395640968823
Schreiben,183,W3_RAW,False,37.921629565557964,10.851878803100824,7.585205588039951,25.65902206292438,36.625943087048974,22.62560242103168,10.851878803100824,7.585205588039951
Schreiben,185,W3_RAW,False,39.953371238547994,9.393046279769326,7.583239291190622,30.680976597358264,44.18197443036997,26.727509811570336,9.393046279769324,7.583239291190622
Schreiben,187,W3_RAW,False,39.191392821069584,9.13053679823831,7.767138685126134,28.99253107901119,44.53402121596583,25.060073643109014,9.130536798238309,7.767138685126134
Schreiben,189,W3_RAW,False,41.71964758238883,9.819301003880394,7.5330116960184235,30.148006285715933,44.063423912271084,26.184990694937138,9.819301003880394,7.5330116960184235
Schreiben,191,W3_RAW,False,41.768639353631315,9.315450721811931,8.528208698156547,29.14702421824384,45.37053637754,24.819916002949093,9.31545072181193,8.528208698156547
Schreiben,193,W3_RAW,False,39.322777908438,9.134850949779244,8.278152279433371,29.125983754248583,45.00857268704704,25.113962990376514,9.134850949779246,8.278152279433373
Schreiben,195,W3_RAW,False,39.79495469388975,9.49244091421941,8.32612960247563,31.4110288760218,46.229773523551,27.203735146931077,9.49244091421941,8.32612960247563
Schreiben,197,W3_RAW,False,43.44556243015953,9.480857766370738,8.143578610435167,29.610663094111146,46.301983257722654,25.139003404421477,9.480857766370738,8.143578610435167
Schreiben,199,W3_RAW,False,42.22255626682224,11.30299538706383,7.28111441947755,28.18755317361938,44.125178306275636,23.93677417469134,11.30299538706383,7.28111441947755
Schreiben,201,W3_RAW,False,44.14597169551833,10.625849812284153,7.741397723456434,30.454445395626372,48.22456624489161,25.982853465631578,10.625849812284153,7.741397723456437
Schreiben,203,W3_RAW,False,39.97618474242394,11.124508981465645,7.902183389084848,27.75819641209111,42.385782480849514,23.646659765353007,11.124508981465642,7.902183389084848
Schreiben,205,W3_RAW,False,43.0389321056934,11.051778697783105,8.225985006506768,27.90924538251922,43.629117877283335,23.74053868592848,11.051778697783103,8.225985006506768
Schreiben,207,W3_RAW,False,43.091581747836365,9.570366889910717,8.177946240361283,29.58522982862293,46.337952388897605,25.162521777729378,9.570366889910716,8.177946240361283
Schwach,138,W3_RAW,False,37.693577839612026,7.026030820309766,7.500247137227358,27.370809689512942,36.119976614960414,24.356229311267327,7.026030820309766,7.500247137227358
Schwach,140,W3_RAW,False,37.57177412221659,7.044395117388479,7.600724123613147,25.139635022677385,36.48961159079951,22.25593569374193,7.044395117388479,7.600724123613147
Schwach,142,W3_RAW,False,35.54504316526042,6.97573948374427,6.9695645162005935,25.951675625218776,34.927552940839846,22.920851726405676,6.97573948374427,6.9695645162005935
Schwach,144,W3_RAW,False,38.253109122180774,6.66772063729689,6.898754575312987,23.036305424913788,34.10403782187439,20.270909746507854,6.667720637296891,6.898754575312987
Schwach,146,W3_RAW,False,45.152083376975874,6.923952166675779,7.363522553150743,22.179601265422985,34.09451260975516,19.48759741287815,6.923952166675779,7.363522553150743
Schwach,148,W3_RAW,False,36.069760615450384,7.158340238446506,8.070775890816623,21.51497359676324,28.564633611773882,19.11975966520191,7.158340238446506,8.070775890816623
Schwach,150,W3_RAW,False,40.804928817198864,8.038806583630524,7.959651163486247,28.604096884502045,35.16390889793026,25.242836461078248,8.038806583630524,7.959651163486247
Schwach,152,W3_RAW,False,50.559625995525465,9.683335871832577,8.938745037110536,49.68636499523935,65.15435519508286,43.964759950269155,9.683335871832577,8.938745037110536
Schwach,154,W3_RAW,False,56.859563910360265,9.37881689243515,14.805414142933355,51.33629136029935,55.31569972514086,46.432351088838985,9.37881689243515,14.805414142933355
Schwach,156,W3_RAW,False,52.362497145391096,17.03288219910493,14.668810326332352,51.6635617209719,52.83174123268771,47.00639203640469,17.03288219910493,14.668810326332352
Schwach,158,W3_RAW,False,54.6880093954717,18.537166247978064,13.243793651070046,50.46986318815682,53.717007984720624,45.70148283733069,18.537166247978064,13.243793651070046
Schwach,160,W3_RAW,False,52.47582554888231,23.63808721251092,12.4395408501272,53.37380369460896,56.17031602004534,48.666212753493895,23.63808721251092,12.4395408501272
Schwach,162,W3_RAW,False,53.29224376314906,21.07038383167651,9.866226462285164,51.355781908110735,51.003413577976644,47.13459787314932,21.07038383167651,9.866226462285164
Schwach,164,W3_RAW,False,57.838569070994545,13.721710171918717,14.450983508950054,57.48475548005084,58.524923391419755,52.47759216895217,13.721710171918717,14.450983508950054
Schwach,166,W3_RAW,False,59.31612846553174,11.50164699153265,12.718689653869662,56.35774169272997,55.456212628168856,51.944410616729364,11.50164699153265,12.718689653869662
Schwach,168,W3_RAW,False,61.34619337927553,11.409542229560733,14.081808883841392,61.15100283297901,60.162669115264585,56.24208660849455,11.409542229560733,14.081808883841394
Schwach,170,W3_RAW,False,63.716283839551735,11.380585902844704,11.745219057002258,63.181210434762825,63.28316428046965,57.9035708043042,11.380585902844704,11.745219057002258
Schwach,172,W3_RAW,False,47.89142103740041,9.536007323151102,10.302588562102134,47.458938096601635,52.15011213265981,43.21340989621036,9.536007323151102,10.302588562102134
Schwach,174,W3_RAW,False,42.262407835865396,9.951528359454276,10.316930898210035,40.95038967308858,49.204349052900064,36.67263454329614,9.951528359454278,10.316930898210035
Schwach,176,W3_RAW,False,43.09453536050045,8.953025388446573,10.563672367678487,42.98243213597404,52.82088037577655,38.388039144248005,8.953025388446573,10.563672367678487
Schwach,178,W3_RAW,False,45.82426074682452,9.650545569630944,10.504418901912043,46.111126895418685,58.392618569415184,40.87008839032086,9.650545569630944,10.504418901912043
Schwach,180,W3_RAW,False,45.40324203067402,9.681006787450382,9.484038281612824,46.90512306530759,58.83635466983509,41.63189208092697,9.681006787450382,9.484038281612824
Schwach,182,W3_RAW,False,52.76331712950332,10.137346198376676,10.686021727829376,56.37708776003198,69.19727874758269,50.4562876350366,10.137346198376676,10.686021727829376
Schwach,184,W3_RAW,False,49.92264384771158,10.662376340694248,10.48342416996111,53.2572591314873,64.53924248764775,47.684566334896346,10.662376340694248,10.48342416996111
Schwach,186,W3_RAW,False,50.39336503129292,10.381643622025315,10.28865145083309,51.89972492783601,71.57997087006557,45.21912556023861,10.381643622025315,10.28865145083309
Schwer,157,W3_RAW,False,53.48250764846283,11.36342778533521,17.220844264508006,52.895215321694955,52.484537665716644,48.48841532998204,11.36342778533521,17.220844264508006
Schwer,159,W3_RAW,False,50.149811497611616,16.767681190993663,18.65368887812457,48.689128149130354,52.042176267712684,44.27635062052005,16.767681190993663,18.65368887812457
Schwer,161,W3_RAW,False,50.23827668692665,20.929135204353045,18.708512638321423,36.29464617505185,51.77152252990354,31.746225110341296,20.929135204353045,18.708512638321423
Schwer,163,W3_RAW,False,46.60707353052464,12.140397881826772,19.61130538282748,37.96342819266016,45.44304091909437,34.02668976419191,12.140397881826772,19.61130538282748
Schwer,165,W3_RAW,False,44.12800084063251,12.297293283317734,20.813345473586285,39.1211444807097,43.98123918953289,35.302022306191596,12.297293283317734,20.81334547358629
Schwer,167,W3_RAW,False,47.23977384796884,13.405439707597914,20.532219454260325,43.00272952283234,51.62779216059699,38.31500800899423,13.405439707597914,20.532219454260325
Schwer,169,W3_RAW,False,43.9335402778565,11.475718510176929,12.622078523714084,39.79657711590809,49.67856036622261,35.179548750074204,11.475718510176929,12.62207852371408
Schwer,171,W3_RAW,False,54.798499659456695,10.861903120805062,11.902838696787786,53.59036894825634,59.624308334253506,48.15758059721925,10.861903120805062,11.902838696787786
Schwer,173,W3_RAW,False,53.035185673578084,10.485771729820954,12.16279609120478,44.196067183090214,60.03384656405032,38.45431849763678,10.485771729820955,12.16279609120478
Schwer,175,W3_RAW,False,44.266917151168016,9.501064976803395,13.504512055319442,24.611632430941633,38.555375726019584,21.137306553775637,9.501064976803395,13.504512055319442
Schwer,177,W3_RAW,False,43.86798931723958,10.534809917462093,12.896813926956503,23.17645980671757,37.896001799800814,20.003894751697555,10.534809917462093,12.896813926956503
Schwer,179,W3_RAW,False,35.66692635974233,11.342678265141506,13.106000872795995,25.07081847940213,36.01719384752588,22.12050733104215,11.342678265141506,13.106000872795995
Schwer,181,W3_RAW,False,43.112244463465174,12.003256377761595,13.385707332945714,25.76770558268856,37.353062017593594,23.33834376463547,12.003256377761595,13.385707332945714
Schwer,183,W3_RAW,False,47.8647521645446,14.065798456646267,15.207781405063425,25.661004777343717,37.35266930824262,23.47070959906082,14.065798456646267,15.207781405063425
Schwer,185,W3_RAW,False,44.207970233563955,14.17441651158926,16.211087492166293,27.76987593670187,37.645873326452445,24.76417183384591,14.17441651158926,16.211087492166293
Schwer,187,W3_RAW,False,42.828755533003935,14.47111014029394,15.92786736495827,24.63784562027466,35.21366899703832,22.570236704619223,14.471110140293941,15.92786736495827
Schwer,189,W3_RAW,False,44.61955766617018,14.203212891487093,16.185232166980335,24.95302426068733,35.338398479047406,22.820055895256566,14.203212891487093,16.185232166980335
Schwer,191,W3_RAW,False,40.46011692356656,14.602628089736685,16.237727778623146,24.737476511804804,35.43882853934185,22.43841784196733,14.602628089736685,16.237727778623146
Schwer,193,W3_RAW,False,38.99181772156436,13.802454361099153,16.27225716583139,24.881859314979938,33.291513012980815,22.70543188201018,13.802454361099153,16.27225716583139
Schwer,195,W3_RAW,False,41.468197802588264,14.292911622716602,16.10140900729273,24.502985066918704,35.57847408395435,22.370563833092707,14.292911622716602,16.10140900729273
Schwer,197,W3_RAW,False,41.62430912019412,13.908898739491606,16.04816121887815,24.765077204096855,34.82736753111645,22.99206812628206,13.908898739491606,16.04816121887815
Sonne,148,W3_RAW,True,31.837457145915135,,11.792162376624399,23.08535850946794,33.058038514941806,19.946168992531383,,11.792162376624397
Sonne,150,W3_RAW,True,36.21567925858932,,11.662118738400997,25.346346947830664,37.11493775052668,22.104170207552176,,11.662118738400997
Sonne,152,W3_RAW,True,38.008328650826165,,12.037379490874109,29.429765458674115,42.102067392001814,25.78098170000083,,12.037379490874109
Sonne,154,W3_RAW,True,33.238001658097865,,11.758732526520795,25.459110679454437,36.50494213004793,21.910257849497928,,11.758732526520795
Sonne,156,W3_RAW,True,30.693781444169915,,11.955334623924308,22.778734904303985,33.7484244232455,19.384433015428485,,11.955334623924308
Sonne,158,W3_RAW,True,36.40554252418915,,11.591713246981554,26.6531839005749,38.70555543369395,23.430762884625427,,11.591713246981554
Sonne,160,W3_RAW,True,34.41458290791168,,10.062948705082027,23.003849530147967,34.092292280154815,20.00772758523749,,10.062948705082025
Sonne,162,W3_RAW,True,36.2976637072572,,14.613074473393311,24.146050063029836,35.209052830399926,21.016180051056736,,14.613074473393311
Sonne,164,W3_RAW,True,32.491000761703,,14.036212232042077,22.322838064052423,31.591700626750054,19.151355781922767,,14.036212232042077
Sonne,166,W3_RAW,True,33.92847690464644,,15.65020217203639,26.24136361460231,39.6504213930223,22.61194108937482,,15.65020217203639
Sonne,168,W3_RAW,True,31.524112335190196,,14.405882799255705,25.500036722151687,35.94943167719025,22.26484257556743,,14.405882799255705
Sonne,170,W3_RAW,True,32.907906525465854,,16.254879539384955,25.73608763920819,37.91342511446951,22.31826931818248,,16.254879539384962
Sonne,172,W3_RAW,True,29.78521365599054,,15.41082241491667,22.483991295980776,32.41391584709077,19.63048726537876,,15.41082241491667
Sonne,174,W3_RAW,True,32.445286128323914,,15.346630926106585,22.409648657075145,32.69371913444612,19.409610276075643,,15.346630926106581
Sonne,176,W3_RAW,True,31.851463231985623,,15.443052511453317,22.50818120672193,32.7087933893237,19.43701114510998,,15.443052511453311
Sonne,178,W3_RAW,True,31.27068038207774,,15.319839634590263,22.109571564244646,32.2545642509647,19.02584447142922,,15.319839634590267
Sonne,180,W3_RAW,True,33.522615735747266,,15.63473280911927,23.2801767356298,35.03418957907112,19.99613071317456,,15.63473280911927
Sonne,182,W3_RAW,True,31.231782141728367,,15.49317021231448,21.682624393765167,31.665384520198675,18.58129782451136,,15.49317021231448
Sonne,184,W3_RAW,True,31.847985675417885,,15.501444174740236,22.682633564685897,34.92277473563335,19.358190169604015,,15.501444174740236
Sonne,186,W3_RAW,True,29.777967759240628,,15.680313560622247,20.858283173589683,30.441219409624928,17.95661771054867,,15.680313560622247
Sonne,188,W3_RAW,True,31.956305994073958,,16.612241546252925,21.282402777835237,30.87104476032044,18.500323221086887,,16.61224154625292
Sonne,190,W3_RAW,True,31.167737503735275,,16.24223018204669,22.691149588292298,33.87575358361458,19.481354079700782,,16.242230182046683
Sonne,192,W3_RAW,True,31.123299297506147,,16.46589767109039,21.69862311701843,31.633807287727862,18.634048712137147,,16.46589767109039
Sonne,194,W3_RAW,True,32.16080643480597,,15.984419159071495,23.692736422700296,35.58044273114119,20.32480356933423,,15.984419159071491
Sonne,196,W3_RAW,True,30.925918934200723,,15.86184740350877,21.50092819662862,30.039023915095488,18.482865581834865,,15.861847403508774
Sorry,144,W3_RAW,True,48.795919926543704,,17.45105240728624,41.61045557972544,52.88458290923606,36.70973072586316,,17.45105240728624
Sorry,146,W3_RAW,True,52.739968991492155,,19.11820345340029,39.69198167255655,47.8691286643882,35.59857075963366,,19.11820345340029
Sorry,148,W3_RAW,True,50.12930906729143,,19.547990682698664,40.79622335875495,49.44975889036934,36.57115748512935,,19.547990682698664
Sorry,150,W3_RAW,True,52.28596000409119,,21.860730584106868,37.97879802848192,45.483893892335395,34.074204124843874,,21.860730584106868
Sorry,152,W3_RAW,True,48.3472870650537,,20.547979115847383,38.142502072279804,43.91562014303851,33.9710431861362,,20.547979115847383
Sorry,154,W3_RAW,True,50.54547110442462,,18.283819310881505,40.715024268983825,49.50436758161002,36.16561575181357,,18.283819310881505
Sorry,156,W3_RAW,True,56.16675450556087,,17.624528822676705,45.092767049897795,53.68919641972179,40.420560319900844,,17.62452882267671
Sorry,158,W3_RAW,True,46.50326196171115,,15.458059695691224,37.85029874529016,46.77614967997966,33.69314573634665,,15.458059695691224
Sorry,160,W3_RAW,True,46.80490018996946,,15.068875825109536,38.25627939444603,48.37530623289368,34.00434763121463,,15.068875825109536
Sorry,162,W3_RAW,True,45.847664097188186,,14.58462697409686,39.201872956262356,51.19926742555297,34.62725847360011,,14.58462697409686
Sorry,164,W3_RAW,True,51.174542218697646,,16.124504499201933,40.08740808797765,50.658113504863294,35.74884949475154,,16.124504499201933
Sorry,166,W3_RAW,True,53.68910129749186,,17.38112637109773,43.576912174907875,56.335533685554196,38.89911240555847,,17.38112637109773
Sorry,168,W3_RAW,True,44.3219703666627,,15.706634032513655,36.58334916265898,48.184035902402805,32.585334570685234,,15.706634032513655
Sorry,170,W3_RAW,True,53.65801122613905,,16.025212254864613,46.028450485616936,56.159829099751676,41.39988090193817,,16.025212254864613
Sorry,172,W3_RAW,True,48.528789383436084,,13.961719788368368,40.84034462573789,51.4952826942151,36.362167934764614,,13.961719788368368
Sorry,174,W3_RAW,True,57.07587116809898,,17.404322860067722,47.148941732636736,56.867433642281355,42.40099306636369,,17.404322860067722
Sorry,176,W3_RAW,True,47.35289968199931,,17.550740375366104,38.42405248925729,46.827328571514336,34.209253405676044,,17.550740375366104
Sorry,178,W3_RAW,True,47.74464662799743,,17.281363171629962,38.19737000735857,48.65563281704731,33.73771286158913,,17.281363171629962
Sorry,180,W3_RAW,True,44.784305996841404,,15.736876106140205,40.08683285004761,52.81220872455212,35.26395187899575,,15.736876106140208
Sorry,182,W3_RAW,True,50.4724224171585,,16.136250761397143,40.4937313630257,50.32318253760081,36.357227045839544,,16.136250761397143
Sorry,184,W3_RAW,True,54.23839345009302,,16.557754815955224,45.69767683382241,56.87625135079717,40.90555072751644,,16.557754815955224
Sorry,186,W3_RAW,True,47.499204228478675,,13.46690740880003,39.79728454968648,52.8141559606675,34.90398281079527,,13.46690740880003
Sorry,188,W3_RAW,True,53.84330444156323,,14.824446516396192,42.32874676918357,55.840005428673926,37.50818218125296,,14.824446516396192
Sorry,190,W3_RAW,True,50.95804243671307,,14.815137347102628,41.542293363593295,55.687254663003216,36.44086544864999,,14.815137347102628
Sorry,192,W3_RAW,True,50.07456393018588,,15.183346167375312,36.68247806189055,50.916400985791505,32.10665742683706,,15.183346167375312
Sorry,194,W3_RAW,True,41.71254760154074,,19.1978306133905,33.20333996712677,45.8600790724629,28.960509702358923,,19.1978306133905
SparenSparsam,133,W3_RAW,False,43.94845475966315,12.795277645988287,11.07975533187207,25.998498657634148,39.21576634430929,23.569995709022443,12.795277645988287,11.07975533187207
SparenSparsam,135,W3_RAW,False,42.461151694436225,12.25353881613977,10.40785375848912,24.084034371469198,37.72874700292616,21.34265328891465,12.25353881613977,10.40785375848912
SparenSparsam,137,W3_RAW,False,42.58540728388019,10.688840211402077,10.745130821820329,24.237679649473208,36.938043179899374,21.632842402648798,10.688840211402077,10.74513082182033
SparenSparsam,139,W3_RAW,False,45.60087193954679,12.088190221646714,9.907261761001998,27.054288090508905,40.699207586881336,24.360755260748533,12.088190221646714,9.907261761001998
SparenSparsam,141,W3_RAW,False,38.182396766912454,17.451907361078376,10.436226604985027,24.75462052828478,33.82002531029697,22.42940470414223,17.451907361078376,10.436226604985027
SparenSparsam,143,W3_RAW,False,41.02139556069242,12.088209418490464,11.947663194221969,24.563446497103268,35.79754703729968,22.369665958812508,12.088209418490466,11.947663194221969
SparenSparsam,145,W3_RAW,False,37.41585302010094,9.986329404572645,11.760537454476378,26.848091604296478,38.16131834868719,23.95455832127859,9.986329404572645,11.760537454476378
SparenSparsam,147,W3_RAW,False,37.327652138820504,13.464462364623214,10.77535607561506,24.853978968281222,37.33850039902757,22.025406874398623,13.464462364623214,10.775356075615061
SparenSparsam,149,W3_RAW,False,38.24265143849377,10.288919670104088,13.532704664020496,26.21026184002061,37.83511878506919,23.371820589477192,10.288919670104088,13.532704664020496
SparenSparsam,151,W3_RAW,False,38.23468745574252,18.00922449946466,12.766414529066479,28.07359170821546,36.74916689969458,24.919529996060472,18.00922449946466,12.766414529066479
SparenSparsam,153,W3_RAW,False,37.566904847922984,10.552809525291368,12.639490212161476,26.930889555257664,37.436902739378695,23.991457533809925,10.552809525291368,12.639490212161476
SparenSparsam,155,W3_RAW,False,38.22526960494565,9.539665561678305,11.48683394059788,27.777476798907102,38.67330966980711,24.693345051006688,9.539665561678305,11.48683394059788
SparenSparsam,157,W3_RAW,False,40.29350334158425,9.396985355946255,11.651164341195553,28.210888104162645,38.821842143722705,25.067367738868278,9.396985355946255,11.651164341195553
SparenSparsam,159,W3_RAW,False,44.960199082868904,29.75489012326521,10.524327843738611,36.16678412570472,37.08266647150639,33.31298940858324,29.75489012326521,10.524327843738611
SparenSparsam,161,W3_RAW,False,40.44520818410536,11.439809518560196,11.918898561017244,31.38952373569942,36.555948262548206,28.310687583821725,11.439809518560196,11.918898561017242
SparenSparsam,163,W3_RAW,False,40.96434769642541,21.938532871717097,11.636313629105167,32.93016960743038,33.16879719177909,30.265109625647433,21.938532871717097,11.636313629105167
SparenSparsam,165,W3_RAW,False,35.790196439515995,14.52247860584778,11.558878864017787,26.101404052358582,30.708207175343937,23.555610533172242,14.52247860584778,11.558878864017787
SparenSparsam,167,W3_RAW,False,35.74252908737236,9.593268819647886,10.886565365275715,27.302110753814098,38.51375052050385,24.022304384904086,9.593268819647884,10.886565365275715
SparenSparsam,169,W3_RAW,False,34.88811471235707,13.792550534428356,13.19391721871909,26.638857165122115,34.746327366583905,23.57414172809119,13.79255053442835,13.19391721871909
SparenSparsam,171,W3_RAW,False,37.36283070517183,11.779381258545296,11.908394751604959,27.904552673624664,33.75911920765706,25.046696845547686,11.779381258545293,11.908394751604959
SparenSparsam,173,W3_RAW,False,38.649351218116365,13.040246735016293,11.412998144234502,28.92055277531596,33.603942033834194,26.113868747493424,13.040246735016295,11.412998144234502
SparenSparsam,175,W3_RAW,False,39.55374707869941,8.917275066250939,11.560588516790899,30.014916777739074,38.58282207949761,26.716076427807938,8.91727506625094,11.560588516790899
SparenSparsam,177,W3_RAW,False,42.14002676108714,28.88903824353521,10.107449382403049,34.761358245493746,37.68809022770416,31.62054210064634,28.88903824353521,10.107449382403049
SparenSparsam,179,W3_RAW,False,39.070717389048,11.210323829223176,11.458040129718645,30.00971931224142,38.68674844078648,26.65936316903804,11.210323829223176,11.458040129718645
SparenSparsam,181,W3_RAW,False,36.31716260129986,14.491729042162742,12.073452429281994,26.4084393609593,33.974629980900666,23.532203167593636,14.491729042162742,12.073452429281994
SparenSparsam,183,W3_RAW,False,39.4194948175662,20.829002566871974,12.320949672291494,30.680442426744403,33.96600320586248,27.84230224321918,20.829002566871978,12.320949672291498
SparenSparsam,185,W3_RAW,False,36.72087434444726,9.753777531296079,12.683783629689227,25.401980966079403,34.40933420205245,22.542533898016195,9.753777531296079,12.683783629689227
SparenSparsam,187,W3_RAW,False,37.65733909945019,8.654146508976645,12.718057154090557,27.11753204405994,38.632878912243605,23.995959170479708,8.654146508976645,12.718057154090557
SparenSparsam,189,W3_RAW,False,37.50893646485557,13.021026506706217,11.466849179644969,29.232255397645652,35.45142483942516,26.14201009033833,13.021026506706214,11.466849179644969
Spezial,125,W3_RAW,False,65.09617873362161,11.955617740366089,11.597227130953193,60.43637746909918,61.86221805125918,55.54246471158739,11.955617740366092,11.597227130953193
Spezial,127,W3_RAW,False,69.54642708444176,12.268627339721576,11.66348256025446,66.03043010450781,69.74955056516227,60.454286549065806,12.268627339721576,11.66348256025446
Spezial,129,W3_RAW,False,60.79402515172508,14.190015035710784,10.551658079997052,56.58682882229026,56.00784914052918,52.17920275373249,14.190015035710786,10.551658079997054
Spezial,131,W3_RAW,False,66.1887539401044,12.450356871618434,11.56209000607167,61.76807002738275,62.196218617037424,56.92092866316774,12.450356871618432,11.562090006071672
Spezial,133,W3_RAW,False,61.25287876103873,11.796935794846588,10.636710131169405,52.37984136442506,51.18829499251721,48.31104126437811,11.796935794846588,10.636710131169403
Spezial,135,W3_RAW,False,57.64144954598323,10.003066393970995,9.955080941744574,49.41515766085291,53.006689872959576,45.06575560223882,10.003066393970995,9.955080941744576
Spezial,137,W3_RAW,False,50.72835107865605,11.885295460394042,8.131504686234246,37.66577903296099,37.99292428741693,34.54618933212234,11.885295460394044,8.131504686234246
Spezial,139,W3_RAW,False,45.228145374300354,11.34252861330529,8.452365305710845,32.5376510878428,36.21790136810314,29.644707826638236,11.34252861330529,8.452365305710845
Spezial,141,W3_RAW,False,34.69829475263074,9.016811723699982,9.145302905056488,26.67936934607671,29.33302133964199,24.283558500808443,9.016811723699982,9.145302905056488
Spezial,143,W3_RAW,False,30.939498895340158,8.750639688860344,10.149668162078665,23.587257562251985,30.149427057138475,21.276062400511712,8.750639688860344,10.149668162078665
Spezial,145,W3_RAW,False,30.246181738195755,9.468802384138312,10.34099293123758,22.269620298810263,27.410867351906493,20.283659519947694,9.468802384138312,10.34099293123758
Spezial,147,W3_RAW,False,35.16689433633431,9.235999999325099,11.464727948723533,23.84210428090493,28.4171978765489,21.819011215444483,9.235999999325099,11.464727948723533
Spezial,149,W3_RAW,False,37.351126757185945,9.211289406963004,11.037856717948122,25.500257970133095,32.011322134466596,23.24958052928478,9.211289406963004,11.037856717948122
Spezial,151,W3_RAW,False,38.73628827693004,9.155697619561701,11.36750251955233,26.253492770128023,32.0100160999265,23.927548920590382,9.155697619561701,11.36750251955233
Spezial,153,W3_RAW,False,40.05789323179387,8.915097864671543,11.369840059442165,27.33031494693142,34.2438696249624,24.80475872806642,8.915097864671543,11.369840059442165
Spezial,155,W3_RAW,False,36.26722018077561,9.313356045898095,11.120515761644413,24.28969720365195,31.34947618568605,22.097663167169227,9.313356045898095,11.120515761644413
Spezial,157,W3_RAW,False,36.41421300092473,8.984152968103503,11.350895194318555,24.729646144016197,32.116583110857455,22.379623961147093,8.984152968103501,11.350895194318555
Spezial,159,W3_RAW,False,36.85425893072153,8.939105102103392,11.85174663270869,25.269970521759554,30.349561355406028,23.034891993590225,8.939105102103392,11.85174663270869
Spezial,161,W3_RAW,False,34.397126976755956,9.402386431955467,13.175744122499532,25.005242386897304,32.598126217124396,22.431560171894294,9.402386431955467,13.175744122499532
Spezial,163,W3_RAW,False,35.329749930938014,9.039560862544285,12.405589594544452,23.644491533308617,29.980942302597573,21.392269466377243,9.039560862544285,12.405589594544452
Tisch,143,W3_RAW,False,43.13466150250476,9.15908920335323,7.640228951701427,22.809926355315334,35.37971396204504,19.671786931120945,9.159089203353231,7.640228951701426
Tisch,145,W3_RAW,False,45.61451828412939,10.975580746243297,7.641341330029636,22.73138576760653,35.30063826190798,19.714884440973986,10.975580746243295,7.641341330029637
Tisch,147,W3_RAW,False,46.361961323508375,11.20535566034746,8.085317502425617,24.091683579427432,37.410464659666296,20.6809844796314,11.205355660347461,8.085317502425616
Tisch,149,W3_RAW,False,43.41208273509745,9.55702270582506,8.365323139722223,22.989821254531954,36.1901053648106,19.887138062332063,9.55702270582506,8.365323139722223
Tisch,151,W3_RAW,False,41.664918885975325,15.052672802862975,8.924022455896075,25.064292763549233,38.01842467451115,21.30351077883585,15.052672802862977,8.924022455896077
Tisch,153,W3_RAW,False,38.11069909144802,11.46590539331804,7.379395103873098,25.36178940930964,39.03300094357894,21.460754544390994,11.46590539331804,7.379395103873096
Tisch,155,W3_RAW,False,38.55949488111584,10.726313532301877,5.922898098556176,30.075218321683945,41.36222116753612,26.065713628953652,10.726313532301875,5.922898098556175
Tisch,157,W3_RAW,False,41.068792224565485,7.1421576951605505,5.664616696636835,31.2177741597169,44.90994806048939,26.869321322374024,7.1421576951605505,5.664616696636836
Tisch,159,W3_RAW,False,41.71146600650871,9.286159594596747,7.704575998268368,33.63081956163979,45.31929564297108,29.27698476335265,9.286159594596747,7.704575998268368
Tisch,161,W3_RAW,False,38.1049696940853,10.902121276830721,9.225577566160876,29.051421749257624,36.27232475624372,25.69011956313531,10.902121276830721,9.225577566160876
Tisch,163,W3_RAW,False,39.93388303079743,9.89536133068196,10.961066270080345,34.18193121311967,38.3716148143361,30.582255891376825,9.89536133068196,10.961066270080343
Tisch,165,W3_RAW,False,46.32332633523158,11.463289499212296,12.127129286427055,39.150431489768835,47.65341120644515,34.364313112361685,11.463289499212296,12.127129286427055
Tisch,167,W3_RAW,False,38.340885959862575,12.802646722759812,13.499665828524877,32.95155447760688,43.19076665486531,28.677399621265646,12.802646722759812,13.499665828524877
Treffen,132,W3_RAW,False,43.81222756571524,12.213371883327342,11.659567854716299,31.580032322306334,47.52290949975083,26.931066315252604,12.213371883327342,11.659567854716299
Treffen,134,W3_RAW,False,41.857068239180116,13.022940644892142,11.069318852521853,30.331944166438088,40.98744476759123,26.606585801639294,13.022940644892142,11.069318852521853
Treffen,136,W3_RAW,False,40.656380813986075,13.58678593331868,10.966591750071615,26.32458755172118,35.134616522195905,23.02894066594026,13.58678593331868,10.966591750071615
Treffen,138,W3_RAW,False,39.96131146935844,13.814489485159227,9.430175035476443,28.809321544175905,34.154878962328304,25.731849173192828,13.814489485159227,9.430175035476445
Treffen,140,W3_RAW,False,39.42497447155055,12.019064380646828,8.68782734151132,25.367139439645342,31.5964146910782,22.383923252319384,12.01906438064683,8.68782734151132
Treffen,142,W3_RAW,False,44.30161829000772,13.257835392019837,8.713711209759646,28.584241750895384,31.774365013718096,25.7063745224243,13.257835392019837,8.713711209759644
Treffen,144,W3_RAW,False,39.69126800144548,13.013269919464818,8.65534325019903,27.02044592569835,31.4113091769452,24.032283946326896,13.013269919464818,8.655343250199028
Treffen,146,W3_RAW,False,44.21850974877948,14.150622811583029,8.210310711503773,27.11505880247204,31.253385005701336,24.13513492818381,14.150622811583029,8.210310711503773
Treffen,148,W3_RAW,False,42.86912168870588,13.429665957546954,8.301416829226293,28.971475526640287,33.830717454805004,25.921502424380353,13.429665957546954,8.301416829226293
Treffen,150,W3_RAW,False,45.68508114390165,14.979635051062225,9.24885942482395,24.352297843252245,32.398510458900425,21.258513074126018,14.979635051062225,9.24885942482395
Treffen,152,W3_RAW,False,40.59636786663674,16.354690178549543,8.935016371268281,24.237251451511476,29.810262230702598,21.560787072894453,16.354690178549543,8.935016371268283
Treffen,154,W3_RAW,False,43.108449344721755,15.323897809928857,11.34956951027242,25.68863599142353,33.460281799991556,22.736333301625724,15.323897809928855,11.34956951027242
Treffen,156,W3_RAW,False,44.68148178776957,16.098599498340754,10.59575365270225,22.710979454660574,27.888749215760594,20.32240965835871,16.098599498340754,10.59575365270225
Treffen,158,W3_RAW,False,45.28486277457902,15.582795302261568,10.285393959083668,24.03196614467705,31.35788379658523,21.321779199265254,15.582795302261568,10.285393959083668
Treffen,160,W3_RAW,False,45.54980224371904,17.016953512584468,10.684610928927315,23.182623359354462,30.352878398043558,20.460795478606187,17.016953512584468,10.684610928927315
Treffen,162,W3_RAW,False,44.12540611636143,16.367131021464935,10.389563841942714,23.846023655018673,32.94158287526131,20.77670847767259,16.36713102146493,10.389563841942714
Treffen,164,W3_RAW,False,44.924862205626766,16.938877431301403,9.995679275792858,21.68889140580055,31.96639127516422,18.639725074262113,16.938877431301403,9.995679275792858
Treffen,166,W3_RAW,False,44.46442330246649,16.00505853562609,9.715897634264744,20.81507634104142,32.5059536956,17.75250744835891,16.00505853562609,9.715897634264744
Treffen,168,W3_RAW,False,44.42561012492059,16.085603756659363,9.717303010060736,20.859939548433108,31.659723474238053,17.801022301012623,16.085603756659363,9.717303010060736
Treffen,170,W3_RAW,False,44.54939863245907,15.985315905314167,9.340573153897294,23.07014950282325,33.49500439888023,19.86208607661915,15.985315905314167,9.340573153897292
Treffen,172,W3_RAW,False,43.32310351524534,16.627263021012197,9.787905695622753,21.295563269968575,32.30458272369033,18.150974495476277,16.627263021012197,9.787905695622753
Treffen,174,W3_RAW,False,43.65097897157196,15.962447552952504,9.93880452969113,20.97184675319449,32.03348764702315,17.883120568929055,15.962447552952504,9.93880452969113
Treffen,176,W3_RAW,False,43.73435728879568,15.70754076055226,9.64197539915244,20.66234439328172,32.12407208981663,17.59020416113122,15.70754076055226,9.64197539915244
Treffen,178,W3_RAW,False,44.38624501294565,16.2246268788249,9.979795048555705,21.028952890565833,31.803129983782103,17.94984567815176,16.2246268788249,9.979795048555701
Treffen,180,W3_RAW,False,43.21193638340043,15.492480766611484,9.59567750675586,20.97575830747147,31.873788669612566,17.978394895819616,15.492480766611484,9.595677506755859
Treffen,182,W3_RAW,False,44.511823335269035,15.829987026460046,9.732761429228196,21.27340532100818,32.545741363321895,18.17094647821952,15.829987026460046,9.732761429228196
Treffen,184,W3_RAW,False,44.72751412440873,15.975444459185018,9.916493878504816,21.466229781484596,32.911719958463735,18.297181736397686,15.975444459185015,9.916493878504816
Treffen,186,W3_RAW,False,43.17956694065861,14.836945289819171,9.466618330276521,20.633078566186672,31.93540709752904,17.634829155111138,14.836945289819177,9.46661833027652
Vater,151,W3_RAW,True,41.78602671166217,,11.844130762490513,41.12549630961725,58.87794388440505,35.2591282857576,,11.844130762490511
Vater,153,W3_RAW,True,47.58846010996787,,13.529246749867918,46.55247727458955,65.43756981974072,40.14723471412746,,13.529246749867918
Vater,155,W3_RAW,True,43.52486497526819,,11.316704699730082,42.20858282946303,60.23510135947955,36.200098485968475,,11.316704699730082
Vater,157,W3_RAW,True,43.028614351156484,,10.476515373779337,41.7666912792957,58.51645695334401,35.88728727243461,,10.476515373779336
Vater,159,W3_RAW,True,41.35137083425307,,9.391992027066502,38.98957739825272,56.36302101922794,33.3393853533044,,9.3919920270665
Vater,161,W3_RAW,True,39.868539889144714,,7.821506846830251,34.35769839550155,50.56002411424518,29.472862661204747,,7.821506846830251
Vater,163,W3_RAW,True,39.228655974295386,,8.26831601946863,32.62529374350395,50.40429768535129,27.864442862964633,,8.268316019468632
Vater,165,W3_RAW,True,43.37355440369713,,7.363587607816302,35.6480275037973,55.39415411727129,30.578113655446526,,7.363587607816302
Vater,167,W3_RAW,True,43.637743765104226,,8.628883855077362,34.305492730526545,49.154622927700466,29.297877100153045,,8.628883855077362
Vater,169,W3_RAW,True,38.329408820099765,,8.635817636891883,30.82356836080271,46.142594577494805,26.346790310957193,,8.635817636891883
Vater,171,W3_RAW,True,40.07698207714396,,9.018559952885063,28.94860015662786,43.26188663583654,25.68125771649872,,9.018559952885063
Vater,173,W3_RAW,True,38.706574209317395,,9.715334553694301,26.95756133684881,40.01845065636123,23.942379817052462,,9.7153345536943
Vater,175,W3_RAW,True,38.88653365810532,,8.820694154331738,26.00342316712473,37.41029599465263,23.19024981522497,,8.820694154331738
Vater,177,W3_RAW,True,39.78593103153502,,9.630508690288371,26.12401450552983,38.120051810834205,22.85405002450942,,9.630508690288371
Vater,179,W3_RAW,True,43.05288674086781,,9.861317603434678,32.08326136840074,46.63519614751109,28.05065689868956,,9.861317603434678
Vater,181,W3_RAW,True,45.08384603580776,,10.376441472637113,32.61106942343706,47.34821688239938,28.326111582066478,,10.376441472637113
Vater,183,W3_RAW,True,42.22493848130401,,10.431574647006393,30.97917377067125,44.32765946579888,27.104523121756216,,10.431574647006393
Vater,185,W3_RAW,True,47.776404600097784,,11.558191738354077,42.16846930057001,60.28115105331212,36.296274826942245,,11.558191738354077
Vater,187,W3_RAW,True,44.54222814710443,,10.982283273236586,39.12225736205375,57.55720374424075,33.69020688560584,,10.982283273236586
Vater,189,W3_RAW,True,48.58601415969784,,12.520289845886559,48.16241133015246,67.85366167568655,41.29647802942632,,12.520289845886559
Vater,191,W3_RAW,True,43.2266513881371,,11.657599349126226,38.38519864987487,55.56390352580457,33.02092844310229,,11.657599349126226
Vater,193,W3_RAW,True,45.14383585973407,,13.105266230015129,40.107146276214564,60.78843512001093,34.39011193018239,,13.105266230015124
Vater,195,W3_RAW,True,43.614244701559315,,12.30858748374741,39.970285448899446,59.36323371201979,34.308563328338586,,12.30858748374741
Vater,197,W3_RAW,True,49.12356804322782,,12.899919702690578,43.71778553844058,64.48031220853427,37.5540843859058,,12.899919702690578
Vater,199,W3_RAW,True,45.17509697776331,,13.479219884089698,40.594176436129686,60.07457030981476,35.114687872721525,,13.479219884089698
Vater,201,W3_RAW,True,44.45572085308674,,12.239394397794864,40.24039460855599,59.31741253751497,34.58712395560484,,12.239394397794866
Vater,203,W3_RAW,True,48.66495967077101,,13.25032289228418,44.16433308465028,64.82892127195733,37.8578152889486,,13.25032289228418
Verschieden,142,W3_RAW,False,40.27866809358632,14.664032694382168,8.208887377440224,29.969471079248205,37.798091992455106,26.64869267952165,14.664032694382168,8.208887377440222
Verschieden,144,W3_RAW,False,41.470246649018286,14.649763397117995,9.430344778397064,30.136659256893836,38.246781222127986,26.586289272409214,14.649763397117995,9.430344778397064
Verschieden,146,W3_RAW,False,40.47933247205929,14.001654762486488,9.962257091986848,27.139032512738915,38.21802839708709,23.51052288148115,14.001654762486488,9.962257091986848
Verschieden,148,W3_RAW,False,44.564577920132706,12.612384174916134,10.376294280929391,29.026902584989177,41.76672744600792,24.835340992790872,12.612384174916135,10.376294280929391
Verschieden,150,W3_RAW,False,45.65614217568566,9.532155436685475,10.528616396118004,29.7008387598821,44.33326055167221,25.326698071246238,9.532155436685475,10.528616396118002
Verschieden,152,W3_RAW,False,43.22453273949095,10.27661830985612,12.819390097950512,28.499041644576938,42.30515356497569,24.28913417124501,10.27661830985612,12.819390097950512
Verschieden,154,W3_RAW,False,40.79596024258618,8.661521150873956,15.082686767053799,31.279600982561746,47.56736356542255,26.459005674375657,8.661521150873956,15.082686767053799
Verschieden,156,W3_RAW,False,38.45681833081627,9.474680271553826,15.8577170425077,30.387992747208795,45.83169755850282,25.75036741206132,9.474680271553828,15.8577170425077
Verschieden,158,W3_RAW,False,37.84931309449723,9.007886524773104,15.879775152895327,30.019381220768,42.91422694557795,25.74993505389223,9.007886524773104,15.879775152895327
Verschieden,160,W3_RAW,False,37.4694480452719,12.468642451338974,16.69102329245383,31.177970085291786,41.291282035345965,27.128109188818375,12.468642451338974,16.69102329245383
Verschieden,162,W3_RAW,False,38.84536079188437,9.182833516459997,13.770284337467553,32.675067798195144,43.7757223199306,28.69146824439085,9.182833516459997,13.770284337467555
Verschieden,164,W3_RAW,False,37.55470922027233,10.34877919936713,14.235683858570527,29.409242051908603,41.06417834820854,25.710850567804236,10.34877919936713,14.235683858570528
Verschieden,166,W3_RAW,False,39.055484422169165,10.39422060064714,13.012133071254746,27.222314070184012,38.73022639570228,23.82761851090508,10.39422060064714,13.012133071254746
Verschieden,168,W3_RAW,False,39.05891365010327,11.350503844765251,11.015235953927702,28.995164064435002,38.56089506357568,25.661771467931562,11.350503844765251,11.015235953927702
Verschieden,170,W3_RAW,False,39.486786273796966,14.874997124579746,10.844509777191767,29.454878999158897,40.61531643581665,25.772015082487147,14.874997124579746,10.844509777191767
Verschieden,172,W3_RAW,False,37.95732383735003,14.145802175808763,11.06334482573833,25.828831904981605,36.35954156075122,22.458201885519326,14.145802175808763,11.06334482573833
Verschieden,174,W3_RAW,False,39.821158242715576,13.767923732920925,12.11833718566062,29.26543566727328,39.654225040301974,25.53120873793782,13.767923732920925,12.11833718566062
Verschieden,176,W3_RAW,False,40.72354203395564,13.16581149080005,11.832999569210036,27.35125709396756,39.00171213021623,23.60846081002049,13.16581149080005,11.832999569210036
Verschieden,178,W3_RAW,False,40.34761266110137,11.656820885437146,12.750329943558876,27.575259942561853,40.06294321520758,23.734477361785512,11.656820885437146,12.750329943558878
Verschieden,180,W3_RAW,False,38.93505440368967,10.186003092523306,13.348394202844787,28.28755794686127,41.879448694118466,24.23467032656365,10.186003092523306,13.348394202844787
Verschieden,182,W3_RAW,False,39.06736134752302,12.82015613268352,16.211163566140563,29.375667618815886,41.800585611472854,25.266847140555427,12.82015613268352,16.211163566140563
Verschieden,184,W3_RAW,False,36.3336649018645,10.958877571975085,15.208811713323657,26.814457277020818,39.11302602071191,22.9162598263849,10.958877571975085,15.208811713323657
Verschieden,186,W3_RAW,False,35.22997982365432,13.416559213523914,15.83573388474227,27.661600960721977,39.212721873910034,23.79956576566017,13.416559213523914,15.83573388474227
Verschieden,188,W3_RAW,False,38.331103970224554,11.648918013817793,14.387919963315168,27.958005850496026,39.746134247515585,24.15224488740458,11.648918013817793,14.387919963315172
Verschieden,190,W3_RAW,False,40.29168802837773,11.14185595566269,14.282085891364453,28.924219753707057,41.68427959143737,24.958073461483377,11.14185595566269,14.282085891364455
Verschieden,192,W3_RAW,False,37.79194484455686,10.530101773185564,13.547539238559098,26.305852895884364,38.21023256544544,22.673327558794455,10.530101773185566,13.547539238559098
Verschieden,194,W3_RAW,False,37.69833911913159,14.467015509048885,11.486561255804249,25.12282896611428,35.16116149464664,21.824265820701335,14.467015509048885,11.486561255804249
Verschieden,196,W3_RAW,False,39.718810719405646,13.423520287748671,10.76579019528936,29.505861087702865,39.75299728133357,25.7767233934108,13.423520287748671,10.76579019528936
Verschieden,198,W3_RAW,False,40.23815703455141,13.479054243832019,10.458657287044224,28.06971202564008,40.14832513481698,24.35404582574468,13.479054243832019,10.458657287044224
Verschieden,200,W3_RAW,False,43.03870231523552,14.65506067153919,10.507967358386503,32.48705816994285,41.95588234150003,28.543719317712547,14.65506067153919,10.507967358386503
Verschieden,202,W3_RAW,False,41.05517070234723,19.411625397456703,11.589382288737037,28.16565130178629,38.83175887832904,24.41755178729239,19.411625397456703,11.589382288737038
Verschieden,204,W3_RAW,False,42.86643269007379,11.850829463581876,11.680915018520144,27.045751681645758,37.29890293996977,23.489913497387388,11.850829463581876,11.680915018520144
Verschieden,206,W3_RAW,False,40.317208485881785,11.328525715786324,12.833249235476043,26.928865060824073,39.64109322527799,22.878184949284908,11.328525715786324,12.833249235476043
Verschieden,208,W3_RAW,False,42.28179132926547,11.111102274507688,13.11483177355603,32.868947568027444,43.72887630772672,28.771588309409363,11.111102274507688,13.11483177355603
Verschieden,210,W3_RAW,False,40.881699458351136,10.811132918792149,14.686400260452631,33.92176595972337,43.63739540593302,29.850024880853432,10.811132918792149,14.686400260452626
Verschieden,212,W3_RAW,False,40.783726663459895,11.067679540129422,16.909933810284553,30.745541711511912,40.346793549218766,27.127526248721566,11.067679540129422,16.909933810284553
Verschieden,214,W3_RAW,False,38.482759845825555,10.747172513175789,15.649523577399984,34.623657957308524,43.08406585315601,30.69861648454349,10.747172513175789,15.649523577399988
Verschieden,216,W3_RAW,False,38.4350232701621,10.656711074575338,16.48746810206617,34.96811862423979,44.331355494667804,30.910653562025267,10.656711074575338,16.48746810206617
Verschieden,218,W3_RAW,False,36.18781380212123,11.348760530616032,14.579003576552681,27.003213757568602,38.80338996132046,23.222967238752453,11.348760530616032,14.579003576552681
Verschieden,220,W3_RAW,False,37.029757941469725,11.520226369752853,15.503638885983902,30.640795142738526,42.12706850513982,26.63769531762525,11.520226369752853,15.503638885983902
Verschieden,222,W3_RAW,False,38.6486572814722,11.241152497142672,14.738694762351273,31.26195197158142,41.691497983742096,27.343424699465686,11.241152497142672,14.738694762351274
VorsichtPassAuf,147,W3_RAW,False,64.55543756953725,6.724249303782836,11.859616729513585,51.096691764559516,42.541288711909985,48.095173997833825,6.724249303782836,11.859616729513585
VorsichtPassAuf,149,W3_RAW,False,66.26025624387192,13.252894627615888,10.47193266656113,51.85112959647747,49.23992997742668,48.18770710789535,13.252894627615888,10.47193266656113
VorsichtPassAuf,151,W3_RAW,False,58.450756093054636,11.84541521633885,9.703088294965468,47.09770683709571,44.893472179374804,43.80079468099229,11.845415216338852,9.703088294965468
VorsichtPassAuf,153,W3_RAW,False,50.26636303093134,7.118451045353685,8.282951666570382,35.30664620051297,28.98260731571555,33.1767690385667,7.118451045353685,8.282951666570382
VorsichtPassAuf,155,W3_RAW,False,53.31063503576278,11.737615908528925,9.950294083589963,36.91180322372727,36.945653672766134,34.17819077368834,11.737615908528925,9.950294083589963
VorsichtPassAuf,157,W3_RAW,False,34.12662748237038,8.87960388634533,8.946011670297711,20.770306967165904,29.07659411416671,18.37003979242233,8.87960388634533,8.946011670297711
VorsichtPassAuf,159,W3_RAW,False,37.64340096746765,8.408108403042265,10.037468504426398,28.10657205680024,37.11126549469438,25.109940496268763,8.408108403042265,10.037468504426398
VorsichtPassAuf,161,W3_RAW,False,32.91192069147377,9.870592044684397,10.488531375575015,20.863449689280664,30.714256789163517,17.91023672496635,9.870592044684397,10.488531375575015
VorsichtPassAuf,163,W3_RAW,False,33.60160842615681,8.370143648199438,10.684319836993621,21.711338966139685,34.1165794787892,18.49602192450494,8.370143648199438,10.684319836993621
VorsichtPassAuf,165,W3_RAW,False,31.54980873302561,9.100799623421358,11.659669161496197,22.030042091104267,34.6534100112236,18.817481360537677,9.100799623421358,11.659669161496197
VorsichtPassAuf,167,W3_RAW,False,33.83180688956809,9.142860160622583,11.770518168044603,23.811025825314005,37.146031479177296,20.193939446217673,9.142860160622583,11.770518168044603
VorsichtPassAuf,169,W3_RAW,False,33.07883772062874,8.579047703396911,12.679732741671808,19.543592901159943,29.6621604434786,16.58069046214074,8.579047703396911,12.679732741671808
Waschen,131,W3_RAW,False,43.3393721601924,14.794982319211295,13.481997321915047,24.07820051198631,37.29208448419815,21.09333686483632,14.794982319211297,13.481997321915047
Waschen,133,W3_RAW,False,45.18756995370394,15.728974234103465,13.853068406678545,28.371078887763627,43.54345671545584,24.665389028413927,15.728974234103465,13.853068406678545
Waschen,135,W3_RAW,False,47.89660913214812,15.975822011458643,14.06306968444447,25.8450581699412,41.80979145970316,22.39162989202791,15.975822011458643,14.06306968444447
Waschen,137,W3_RAW,False,50.0632796557565,17.912317268283918,12.278444866898118,25.657970257797473,41.18736234692838,22.16168940771086,17.912317268283918,12.278444866898118
Waschen,139,W3_RAW,False,51.5786858031296,15.503978646718931,11.868705573512301,27.980822621519458,46.249307063433,24.171031892048628,15.503978646718931,11.868705573512301
Waschen,141,W3_RAW,False,50.23889867981695,19.27183833661007,11.744388576160677,25.377132063076157,41.69244439860221,21.863407602794663,19.27183833661007,11.744388576160677
Waschen,143,W3_RAW,False,46.12883600017261,21.087240708161435,13.820259077430931,23.227388231934466,37.237409885632005,20.235666835891937,21.087240708161435,13.820259077430931
Waschen,145,W3_RAW,False,46.6790737571687,20.329868309340153,15.005157410595846,23.548931158508562,37.380248440681825,20.664004730580533,20.329868309340153,15.005157410595844
Waschen,147,W3_RAW,False,46.65521116127394,21.66501868753333,10.904984045850885,22.772802613025256,34.57906265715783,20.251554704153975,21.66501868753333,10.904984045850885
Waschen,149,W3_RAW,False,44.884297201021795,20.71433221154645,12.944508939190548,24.263862720163957,37.112375319755465,21.641988653794073,20.71433221154645,12.944508939190548
Waschen,151,W3_RAW,False,50.59117579802006,20.652717436864144,13.723571656379846,27.571401538892218,43.71482956269212,24.389442533778233,20.652717436864144,13.723571656379846
Waschen,153,W3_RAW,False,49.36614571522949,20.679897730018048,13.958284739269196,29.9287536587222,48.815514285258466,25.80306781192577,20.679897730018048,13.958284739269198
Waschen,155,W3_RAW,False,45.657615349500226,21.07545543978926,13.259031673871451,26.64953510159104,43.00965066843214,23.178983335465027,21.07545543978926,13.259031673871451
Waschen,157,W3_RAW,False,45.01014139668718,20.853211901084325,14.14211259102998,24.508847108778703,39.67517304832525,21.3610086762351,20.853211901084325,14.14211259102998
Waschen,159,W3_RAW,False,50.98258373033313,20.104809907869598,13.005664422422145,26.596333768916264,42.336245348239935,23.14396911476692,20.104809907869598,13.005664422422145
Waschen,161,W3_RAW,False,47.19459272108045,20.706842943239753,14.02183904092262,22.404351849061957,35.625953875098055,19.61735193761114,20.706842943239753,14.02183904092262
Waschen,163,W3_RAW,False,44.71772763558593,20.412065625625385,13.52457669075033,23.745623009351586,38.10369150398933,20.8416679039178,20.412065625625385,13.524576690750331
Waschen,165,W3_RAW,False,45.94258198540661,20.243502507059095,13.297894808966806,25.145772819444296,39.83143569637064,21.934554652773905,20.243502507059095,13.297894808966806
Waschen,167,W3_RAW,False,46.02077541203129,20.720205288329083,13.337765462906406,27.367836218543765,43.01789214403029,23.89531841875977,20.720205288329083,13.337765462906406
Waschen,169,W3_RAW,False,45.81988373335395,20.72844660231648,12.479182215155653,27.482754590615013,42.79626391717627,23.761490110063626,20.72844660231648,12.479182215155653
Waschen,171,W3_RAW,False,46.37168018523327,20.753607489085187,13.436009621294158,26.161005405500493,41.79362142872176,22.760160928923842,20.753607489085187,13.436009621294158
Waschen,173,W3_RAW,False,45.42875049992524,20.65239703000521,13.93006620111413,25.876472537077053,40.81455397006103,22.33107868873563,20.65239703000521,13.93006620111413
Waschen,175,W3_RAW,False,47.16311604917613,20.433079073169896,13.7078487790766,26.838840297229478,42.82069462504993,23.18346912517002,20.433079073169896,13.7078487790766
Waschen,177,W3_RAW,False,46.75915881762621,20.35564860296268,13.07755519141475,23.37848041728697,37.221944827987045,20.414533988899695,20.35564860296268,13.07755519141475
Waschen,179,W3_RAW,False,47.642492131717724,20.08450341536758,12.949141201780048,27.026171925353417,42.883392695912946,23.281175689256987,20.08450341536758,12.949141201780048
Waschen,181,W3_RAW,False,46.497602727693916,20.610447312353493,12.635188313355386,26.225102651528722,41.77285077656776,22.668988636435948,20.610447312353493,12.635188313355386
Waschen,183,W3_RAW,False,48.349927271258245,20.131640063752293,12.65925237578147,26.692001172974443,43.04076472323648,23.082946492896262,20.131640063752293,12.65925237578147
Waschen,185,W3_RAW,False,45.56990490448187,20.696227078247617,12.223971050151981,23.486337108197517,37.59839447184428,20.511704986547624,20.696227078247617,12.223971050151981
Waschen,187,W3_RAW,False,45.59096206256817,20.350451864615202,12.706532573635112,24.863770934365323,39.12265762112822,21.628244526126974,20.350451864615202,12.706532573635114
Widerspruch,134,W3_RAW,False,42.557863153777326,13.699370822432224,12.691842757036442,18.968436857497636,29.28693770539844,16.68681894394467,13.699370822432224,12.691842757036442
Widerspruch,136,W3_RAW,False,48.59501180190827,14.880090325224163,11.691287033661682,24.724055042468017,34.67475861464985,21.82956403836611,14.880090325224163,11.691287033661682
Widerspruch,138,W3_RAW,False,47.186938687275266,14.268667499140935,10.225999407740874,25.314419954899332,38.30872638424154,22.370647036918477,14.268667499140935,10.225999407740874
Widerspruch,140,W3_RAW,False,47.48372179897011,15.008236752865828,9.038789722482017,27.722979422021847,40.93634417450007,24.091086396226792,15.008236752865828,9.038789722482017
Widerspruch,142,W3_RAW,False,56.10055168732645,17.109566653465397,9.080316882350697,40.3507310829255,47.841494323062705,36.36407279217782,17.109566653465397,9.080316882350697
Widerspruch,144,W3_RAW,False,40.87690711572138,16.854517912429024,10.886553532499809,26.198214827744025,39.94117509857708,23.182801940218543,16.854517912429024,10.886553532499809
Widerspruch,146,W3_RAW,False,44.55756888135285,17.37653085939638,10.600808658555602,29.631790106711918,44.1635588596338,25.838611176450947,17.37653085939638,10.600808658555602
Widerspruch,148,W3_RAW,False,40.398881865855145,16.31105193543672,9.785619644196068,27.72072344373165,39.54019565917288,24.626563760958323,16.311051935436716,9.785619644196068
Widerspruch,150,W3_RAW,False,41.0879259094458,17.704288665670227,10.073018622089332,30.573219707389146,44.36003322142003,26.94628665136094,17.70428866567023,10.073018622089332
Widerspruch,152,W3_RAW,False,41.057400506985985,16.228784056798887,11.012253437287013,29.71148797161368,46.44602941485094,25.820836956401173,16.228784056798887,11.012253437287013
Widerspruch,154,W3_RAW,False,42.334984518808675,16.061430392410518,11.64893744220055,29.727204684555133,47.27892898061131,25.76172027526324,16.061430392410518,11.64893744220055
Widerspruch,156,W3_RAW,False,45.31518746445553,17.307016707897144,11.24108590557918,36.613263050277766,57.47129220363922,31.51027665166139,17.307016707897144,11.24108590557918
Widerspruch,158,W3_RAW,False,39.350868778971744,16.097980171054555,10.499064361892042,29.631265266172104,48.00318639855516,25.623967780950135,16.097980171054555,10.499064361892042
Widerspruch,160,W3_RAW,False,41.10712853107216,16.708171812158167,9.570525465986929,31.81743346244679,50.89936953926385,27.50721421753102,16.70817181215817,9.570525465986929
Ziel,126,W3_RAW,False,52.245510778311136,13.718937584419937,15.689120326887338,46.236477102097545,78.83590187105146,39.048884614378586,13.718937584419937,15.689120326887338
Ziel,128,W3_RAW,False,47.75907778674689,14.196144363451754,15.390715614800733,41.27132212107188,69.7665399740109,34.95994939658247,14.196144363451754,15.390715614800733
Ziel,130,W3_RAW,False,47.96964761048009,14.634925649103788,14.21846686639361,42.020868782120765,71.26016424145416,35.832957204326476,14.634925649103788,14.21846686639361
Ziel,132,W3_RAW,False,48.99099862200839,13.327087333423718,13.867559367897982,41.94725885243915,69.47472925015205,35.636528381729164,13.327087333423718,13.867559367897982
Ziel,134,W3_RAW,False,49.738826290378476,13.56820167117408,13.586057618356412,40.058681895266034,66.14969302262459,33.99939584878397,13.568201671174084,13.586057618356412
Ziel,136,W3_RAW,False,49.0966511676097,12.969551009080197,12.920394428304661,38.48809230401641,63.52839802287326,32.71102185489227,12.969551009080197,12.920394428304663
Ziel,138,W3_RAW,False,46.33759132316701,12.8916317829456,12.175870777257517,33.568920212616746,55.252206452647236,28.58584404842113,12.8916317829456,12.175870777257517
Ziel,140,W3_RAW,False,47.308627282170356,13.15266599749668,12.458874094577297,31.11860895001275,50.99182774666828,26.669969948985866,13.15266599749668,12.458874094577295
Ziel,142,W3_RAW,False,40.22812658957406,13.7516302006675,12.205705797317725,26.83907277586493,42.50772500473975,23.277169150682234,13.751630200667496,12.205705797317725
Ziel,144,W3_RAW,False,44.21816150570335,13.754979152334222,11.962072324409556,29.356594323370306,48.641824155255684,24.855589438475242,13.754979152334222,11.962072324409556
Ziel,146,W3_RAW,False,41.001113607154956,13.236081439845034,11.948038209585974,27.424554857439983,40.54795971210732,23.704199246101606,13.236081439845035,11.94803820958598
Ziel,148,W3_RAW,False,40.97901693569053,13.062555240161206,11.700630901926331,26.84575158060004,40.6597076893653,23.08084005216057,13.062555240161206,11.700630901926331
Ziel,150,W3_RAW,False,40.04707765766312,13.066818379115835,12.384323732160682,30.22529327745775,40.93324823703356,26.640122108551253,13.066818379115839,12.38432373216068
Ziel,152,W3_RAW,False,38.99534149785233,13.11880316049198,12.461612500156022,25.871342735650806,38.04901540205345,22.365856557523664,13.118803160491982,12.461612500156022
Ziel,154,W3_RAW,False,40.00284174478895,13.37916925339988,12.995687418467647,26.595179577833864,41.389548549761926,23.159707491089492,13.37916925339988,12.995687418467647
Ziel,156,W3_RAW,False,37.39009165272154,13.232194768663119,13.07682721172999,24.01031629560991,36.04735125444202,20.767656781521737,13.232194768663122,13.076827211729984
Ziel,158,W3_RAW,False,34.13060104513878,14.055293057640348,13.116528734187792,26.972863125694655,36.566478960401035,23.8831425007361,14.055293057640348,13.116528734187792
Ziel,160,W3_RAW,False,37.70479259719945,13.599858669119108,13.052543885718013,23.99979872167237,35.3135354004577,20.889986793830726,13.599858669119108,13.052543885718011
Ziel,162,W3_RAW,False,38.67224267622178,13.49798304847698,12.936870193534658,25.4837146464428,35.63966762485804,22.62681840626619,13.49798304847698,12.936870193534658
Ziel,164,W3_RAW,False,40.03008521594361,14.178095598914815,12.4728511860466,26.192086111517902,39.58780679281598,22.811874051532442,14.178095598914815,12.4728511860466
Ziel,166,W3_RAW,False,40.51697785728145,14.191041906132178,12.36969831267877,24.771408108267906,35.88295075843269,21.583144471206314,14.191041906132176,12.36969831267877
Ziel,168,W3_RAW,False,41.522622341738064,13.963103891907652,12.324089620632012,25.19114488752474,35.201104766315964,22.037982993249354,13.963103891907652,12.324089620632012
Ziel,170,W3_RAW,False,42.46003718455743,13.897195977624534,12.244910754091562,27.50726018198896,41.03079425689509,23.799940979694,13.89719597762453,12.244910754091562
Ziel,172,W3_RAW,False,42.82141112613471,13.996810336664442,12.185959401710077,26.012326566700875,37.11275955042246,22.57860713028471,13.996810336664444,12.185959401710077
Ziel,174,W3_RAW,False,40.23762248675638,13.758111676341704,11.84801124353225,30.156005398923124,44.182863065379756,26.05701357035484,13.758111676341704,11.84801124353225
Ziel,176,W3_RAW,False,39.10970062985388,13.878770386647897,11.942314508450902,24.456774236050013,35.354826117558396,21.235912870641485,13.878770386647897,11.9423145084509
Ziel,178,W3_RAW,False,38.58407255654533,13.513117518380549,12.307363969704655,23.98037627112554,34.251648982817265,20.712442508056284,13.513117518380549,12.307363969704655
Ziel,180,W3_RAW,False,38.63703827883314,13.717406945169497,11.96185576054719,25.906602973311102,37.068017495236916,22.35016103053356,13.717406945169497,11.961855760547188
Ziel,182,W3_RAW,False,39.84129202617746,13.775825139830037,12.016412748424393,24.470529191536706,33.791357029978435,21.302311598169556,13.775825139830037,12.016412748424393
Ziel,184,W3_RAW,False,39.39918968657052,13.733758556332587,12.190124428696873,23.67397980718305,34.75147404313667,20.469786181886278,13.733758556332587,12.19012442869687
reparieren,119,W3_RAW,False,43.37483102392788,14.279627344125293,9.425861700404585,20.925663281065233,28.744135049319166,18.803556280390545,14.27962734412529,9.425861700404585
reparieren,121,W3_RAW,False,41.02474308627186,14.415538849572355,9.906198466339768,21.762391218852816,32.06649632708626,19.586552752344808,14.415538849572355,9.906198466339768
reparieren,123,W3_RAW,False,41.8228707992698,14.21245916725634,8.925474971114083,20.059396467579283,28.32423060047752,18.3383218122937,14.21245916725634,8.925474971114083
reparieren,125,W3_RAW,False,40.48506370898232,13.012971514510879,9.720833238597473,24.122970135644348,34.882310150805026,21.490226482354664,13.01297151451088,9.720833238597473
reparieren,127,W3_RAW,False,40.10930795758482,13.372817121998986,10.10280722861975,26.978023497722692,41.01925819140301,23.539332200463626,13.372817121998986,10.102807228619751
reparieren,129,W3_RAW,False,38.178978420638586,12.895682186920467,9.48272162305609,27.13779690767816,40.618345381915915,23.89408688598212,12.895682186920467,9.48272162305609
reparieren,131,W3_RAW,False,43.89813541769013,13.46659272512548,10.429597371070702,25.934724590577524,40.32520293601174,23.284068020439964,13.46659272512548,10.429597371070702
reparieren,133,W3_RAW,False,43.878642123001136,14.112068693614841,10.676823695646627,25.626086940994494,40.01953130049293,22.33251923481861,14.112068693614845,10.676823695646627
reparieren,135,W3_RAW,False,49.92966387022988,14.194137020458095,9.750680498892457,26.393654244362207,40.721121906381796,23.00810224860897,14.194137020458095,9.750680498892457
reparieren,137,W3_RAW,False,50.63093284147683,15.48353470609165,9.963969499287272,22.862045929144404,36.391177406816006,20.137427546361234,15.483534706091648,9.963969499287273
reparieren,139,W3_RAW,False,46.65377750959245,14.27411588573888,8.773248630857266,24.461143294258967,35.10501405448218,21.604803326490202,14.274115885738881,8.773248630857266
reparieren,141,W3_RAW,False,43.321527298868496,14.343448552713884,8.84041604155623,23.765146502819476,36.076314584829,20.898615985889723,14.343448552713884,8.84041604155623
reparieren,143,W3_RAW,False,41.69874680016033,14.524656518033956,10.852998572240573,26.561279025272135,39.74936054405655,23.49373130894266,14.524656518033956,10.852998572240573
reparieren,145,W3_RAW,False,41.241577628837426,13.616512378701486,9.907090522108714,24.666575583200018,36.38947190275939,21.966732740543502,13.616512378701481,9.907090522108714
reparieren,147,W3_RAW,False,41.202536434006554,13.663283727114294,9.694840539061065,24.737866311407046,36.461233477915805,22.029648473975104,13.663283727114294,9.694840539061063
reparieren,149,W3_RAW,False,42.27547104187831,14.463168814447545,10.606305539653105,25.368821582967637,38.52198996289052,22.46995530976368,14.463168814447549,10.606305539653107
reparieren,151,W3_RAW,False,44.25303581434733,14.366813809097339,10.301823588862483,25.142094512874518,36.32106191361372,22.332919687840484,14.366813809097337,10.301823588862481
reparieren,153,W3_RAW,False,45.18819967740873,14.068954861637279,10.184268505240546,22.385643771439177,32.78169136085691,19.99063324613807,14.068954861637279,10.184268505240546
reparieren,155,W3_RAW,False,44.67755745010551,13.990697022882275,10.22029714782118,23.095501845086044,34.64987860245461,20.526180329385838,13.990697022882275,10.220297147821181
reparieren,157,W3_RAW,False,41.43907735682694,17.23918993110165,9.912832658727638,21.23125945111431,30.84179319321409,19.027796375620795,17.23918993110165,9.912832658727636
reparieren,159,W3_RAW,False,43.2100360288341,14.483336875699385,9.733912830085819,24.692821204541715,35.95080865851228,21.893788768924427,14.483336875699386,9.733912830085819
reparieren,161,W3_RAW,False,44.44944428478642,14.197350556280602,11.317311681930347,24.233209544834995,35.282813467387925,21.520334351041974,14.197350556280602,11.317311681930347
