abstain_left_hand,abstain_right_hand,abstain_upper_body,acceleration_error,clip_id,frame_id,jerk_error,pa_mpvpe_left_hand_mm,pa_mpvpe_right_hand_mm,pa_mpvpe_upper_body_mm,risk_left_hand,risk_right_hand,risk_upper_body,signer_id,tr_v2v_left_hand_mm,tr_v2v_right_hand_mm,tr_v2v_upper_body_mm,velocity_error
0.0,0.0,0.0,244.73362731933594,Ablehnen,149,4820.82421875,9.042322158813477,9.32461166381836,24.979825973510742,0.16253139078617096,0.11269398033618927,0.23192982375621796,unknown,10.00751781463623,19.724794387817383,25.71310043334961,15.297978401184082
0.0,0.0,0.0,76.82329559326172,Ablehnen,151,270.2762145996094,9.87619400024414,11.755536079406738,25.008560180664062,0.15994705259799957,0.11371543258428574,0.2304840385913849,unknown,11.717340469360352,20.861787796020508,26.437509536743164,1.1576240062713623
0.0,0.0,0.0,90.43270874023438,Ablehnen,153,473.16571044921875,9.533642768859863,9.697896957397461,22.285642623901367,0.15523821115493774,0.1068878248333931,0.22895631194114685,unknown,11.301980972290039,12.478172302246094,26.122018814086914,4.09266996383667
0.0,0.0,0.0,60.076045989990234,Ablehnen,155,4325.9013671875,7.9149699211120605,7.669072151184082,26.256074905395508,0.1588263213634491,0.10092928260564804,0.22971396148204803,unknown,10.13577938079834,15.692852020263672,29.15222930908203,10.101557731628418
0.0,0.0,0.0,228.40455627441406,Ablehnen,157,2999.314208984375,7.087039470672607,5.601463794708252,25.283079147338867,0.1594705432653427,0.09954921901226044,0.2300497442483902,unknown,9.691516876220703,13.380722999572754,29.350025177001953,14.096110343933105
0.0,0.0,0.0,28.502960205078125,Ablehnen,159,321.990966796875,6.4226861000061035,5.375586032867432,24.29436683654785,0.16213014721870422,0.10041560232639313,0.22835952043533325,unknown,9.702088356018066,10.51567554473877,28.272857666015625,1.134799838066101
0.0,0.0,0.0,49.821632385253906,Ablehnen,161,1929.4755859375,6.487597942352295,4.8136796951293945,24.329044342041016,0.16737794876098633,0.09960756450891495,0.22928878664970398,unknown,8.969237327575684,9.258598327636719,27.537927627563477,3.028942584991455
0.0,0.0,0.0,78.81633758544922,Ablehnen,163,1504.1676025390625,6.656832695007324,4.1609954833984375,24.001134872436523,0.16840064525604248,0.10052868723869324,0.23032939434051514,unknown,8.551570892333984,9.473470687866211,28.21776580810547,6.346068382263184
0.0,0.0,0.0,178.66868591308594,Ablehnen,165,5694.07275390625,6.483747482299805,4.058847427368164,20.097822189331055,0.1660403311252594,0.09809082001447678,0.22899645566940308,unknown,9.643705368041992,8.91809368133545,24.8316593170166,1.112345576286316
0.0,0.0,0.0,200.95138549804688,Ablehnen,167,2995.078125,6.458080768585205,4.097283363342285,21.966447830200195,0.16659261286258698,0.09768721461296082,0.22914710640907288,unknown,7.697227954864502,8.59731388092041,25.68355369567871,10.809164047241211
0.0,0.0,0.0,2.5293526649475098,Ablehnen,169,1963.078125,6.814531326293945,4.18714714050293,21.22130584716797,0.1662507802248001,0.09578074514865875,0.2283422201871872,unknown,8.52435302734375,9.150540351867676,23.95907974243164,2.5882561206817627
0.0,0.0,0.0,129.5803985595703,Ablehnen,171,,6.616392612457275,4.379457473754883,21.388011932373047,0.16242866218090057,0.09677764773368835,0.22704672813415527,unknown,8.334085464477539,9.57033920288086,25.08237075805664,2.6735618114471436
0.0,0.0,0.0,,Ablehnen,173,,6.651102066040039,4.325479507446289,20.376819610595703,0.16799713671207428,0.09766557067632675,0.22816137969493866,unknown,8.84022331237793,8.916316032409668,24.70066261291504,5.965348720550537
0.0,0.0,0.0,,Ablehnen,175,,6.697384834289551,4.400755882263184,22.41673469543457,0.1699129194021225,0.09935647994279861,0.22903534770011902,unknown,8.136219024658203,9.24071979522705,26.06641960144043,
0.0,0.0,0.0,7.103226184844971,Akzeptieren,124,2144.764892578125,4.503096580505371,4.010829448699951,14.714109420776367,0.0,0.0,0.0,unknown,6.543646812438965,7.45216703414917,22.698413848876953,1.7234231233596802
0.0,0.0,0.0,137.53851318359375,Akzeptieren,126,4542.64501953125,4.50724983215332,4.220888614654541,13.661419868469238,0.0,0.0,0.0,unknown,5.921850681304932,6.69061279296875,21.499191284179688,1.4009406566619873
0.0,0.0,0.0,165.31674194335938,Akzeptieren,128,2500.419677734375,4.560918807983398,4.427481174468994,13.98304271697998,0.0,0.0,0.0,unknown,7.585735321044922,7.149480819702148,28.34375762939453,10.537203788757324
0.0,0.0,0.0,7.469062805175781,Akzeptieren,130,3703.799072265625,4.648253440856934,4.44720458984375,14.632207870483398,0.0,0.0,0.0,unknown,6.303431034088135,6.333433151245117,26.43862533569336,0.6238182187080383
0.0,0.0,0.0,247.57858276367188,Akzeptieren,132,7081.26708984375,4.751216888427734,4.770364761352539,13.849013328552246,0.0,0.0,0.0,unknown,7.006789684295654,4.954424858093262,27.56329345703125,0.4414239823818207
0.0,0.0,0.0,224.54043579101562,Akzeptieren,134,7916.826171875,5.076057434082031,4.950997829437256,14.901970863342285,0.0,0.0,0.0,unknown,6.997692108154297,5.3644866943359375,27.775667190551758,16.089994430541992
0.0,0.0,0.0,303.28057861328125,Akzeptieren,136,9001.4970703125,5.220319747924805,5.017426013946533,15.368733406066895,0.0,0.0,0.0,unknown,6.8990678787231445,5.818463325500488,25.291378021240234,1.166683554649353
0.0,0.0,0.0,296.8266906738281,Akzeptieren,138,6781.53271484375,5.40907096862793,5.448308944702148,20.676176071166992,0.0,0.0,0.0,unknown,8.705830574035645,6.333186149597168,33.95830535888672,21.344486236572266
0.0,0.0,0.0,155.27659606933594,Akzeptieren,140,8376.681640625,6.141463756561279,5.799497127532959,16.853670120239258,0.0,0.0,0.0,unknown,9.290865898132324,6.14267635345459,27.390888214111328,1.5612990856170654
0.0,0.0,0.0,403.1733703613281,Akzeptieren,142,11806.0205078125,6.071924686431885,5.6120171546936035,16.231422424316406,0.0,0.0,0.0,unknown,9.411039352416992,6.0549445152282715,26.487998962402344,11.9077787399292
0.0,0.0,0.0,383.90057373046875,Akzeptieren,144,7678.0673828125,6.598776817321777,6.251788139343262,15.4081392288208,0.0,0.0,0.0,unknown,9.210495948791504,6.465231895446777,28.662036895751953,14.970941543579102
0.0,0.0,0.0,128.02845764160156,Akzeptieren,146,1863.4044189453125,6.183027744293213,6.024971961975098,14.660395622253418,0.0,0.0,0.0,unknown,8.713109970092773,6.382004737854004,31.3232421875,10.622879981994629
0.0,0.0,0.0,5.462785720825195,Akzeptieren,148,2672.86962890625,6.143163681030273,6.286515235900879,15.46291732788086,0.0,0.0,0.0,unknown,7.741614818572998,6.695609092712402,25.30852508544922,2.1097464561462402
0.0,0.0,0.0,182.15773010253906,Akzeptieren,150,3248.029052734375,6.284073352813721,5.374566078186035,16.18366050720215,0.0,0.0,0.0,unknown,7.4289116859436035,6.275572299957275,23.369998931884766,1.832821011543274
0.0,0.0,0.0,34.42095947265625,Akzeptieren,152,1052.3966064453125,6.2531585693359375,5.495800018310547,16.103609085083008,0.0,0.0,0.0,unknown,7.973771572113037,6.301767826080322,23.02010154724121,10.312284469604492
0.0,0.0,0.0,35.77742004394531,Akzeptieren,154,4271.26220703125,6.052150726318359,6.058222770690918,14.375374794006348,0.0,0.0,0.0,unknown,7.8705949783325195,6.9171462059021,23.758567810058594,8.021677017211914
0.0,0.0,0.0,249.0190887451172,Akzeptieren,156,3872.754638671875,6.1013593673706055,5.6865339279174805,14.151548385620117,0.0,0.0,0.0,unknown,8.307191848754883,6.366532802581787,21.64734649658203,10.401871681213379
0.0,0.0,0.0,9.355388641357422,Akzeptieren,158,319.2940368652344,6.614370346069336,5.478929042816162,14.511075019836426,0.0,0.0,0.0,unknown,8.800371170043945,5.740419387817383,22.1249942779541,6.199504852294922
0.0,0.0,0.0,30.24095344543457,Akzeptieren,160,305.1994934082031,6.4425950050354,5.655974864959717,13.596753120422363,0.0,0.0,0.0,unknown,8.264222145080566,6.454615592956543,24.06324005126953,5.589992046356201
0.0,0.0,0.0,10.64694595336914,Akzeptieren,162,881.91943359375,6.300442695617676,5.557847499847412,15.463509559631348,0.0,0.0,0.0,unknown,7.8646650314331055,6.164175510406494,21.802785873413086,3.5783331394195557
0.0,0.0,0.0,69.21292877197266,Akzeptieren,164,1292.805908203125,6.225255489349365,5.4948344230651855,15.241503715515137,0.0,0.0,0.0,unknown,7.252857685089111,6.264348030090332,22.458202362060547,2.88016414642334
0.0,0.0,0.0,17.013629913330078,Akzeptieren,166,846.2926025390625,6.152215480804443,5.5196661949157715,14.150339126586914,0.0,0.0,0.0,unknown,7.306651592254639,6.313539981842041,23.535886764526367,1.7354322671890259
0.0,0.0,0.0,73.34156036376953,Akzeptieren,168,2660.435302734375,6.122132778167725,5.715811252593994,14.964986801147461,0.0,0.0,0.0,unknown,7.6471734046936035,6.258330821990967,24.141366958618164,0.605454683303833
0.0,0.0,0.0,104.02367401123047,Akzeptieren,170,1666.6463623046875,6.098981857299805,5.693026065826416,14.231531143188477,0.0,0.0,0.0,unknown,7.9644975662231445,6.031181812286377,24.226165771484375,4.285181045532227
0.0,0.0,0.0,7.153382301330566,Akzeptieren,172,494.2396545410156,6.278694152832031,5.518287181854248,15.629131317138672,0.0,0.0,0.0,unknown,7.46639347076416,6.019216537475586,22.579639434814453,2.6499183177948
0.0,0.0,0.0,39.967323303222656,Akzeptieren,174,1286.920166015625,6.384485721588135,5.869024276733398,15.63315486907959,0.0,0.0,0.0,unknown,7.614609718322754,6.264518737792969,22.052371978759766,2.1786043643951416
0.0,0.0,0.0,45.83279037475586,Akzeptieren,176,915.7509765625,6.1281585693359375,5.87509298324585,14.585535049438477,0.0,0.0,0.0,unknown,7.117575645446777,6.376115798950195,24.955249786376953,0.4861592650413513
0.0,0.0,0.0,15.220000267028809,Akzeptieren,178,72.94017791748047,6.039976596832275,5.821443557739258,14.34430980682373,0.0,0.0,0.0,unknown,7.269285202026367,6.290736675262451,25.513113021850586,2.5696680545806885
0.0,0.0,0.0,10.432490348815918,Akzeptieren,180,,6.020096302032471,6.161709785461426,16.220712661743164,0.0,0.0,0.0,unknown,7.223807334899902,6.556976318359375,22.167776107788086,1.555494785308838
0.0,0.0,0.0,,Akzeptieren,182,,5.972286224365234,6.1037116050720215,16.6458683013916,0.0,0.0,0.0,unknown,7.305777072906494,6.525627136230469,22.660463333129883,0.8612087368965149
0.0,0.0,0.0,,Akzeptieren,184,,6.252633094787598,5.920077800750732,14.7905855178833,0.0,0.0,0.0,unknown,7.542588710784912,6.514809608459473,24.926115036010742,
0.0,0.0,0.0,19.980609893798828,Arzt,166,1090.4617919921875,4.7689385414123535,6.698757171630859,20.129640579223633,0.0,0.0,0.0,unknown,7.436197280883789,8.89287281036377,20.454723358154297,4.372474193572998
0.0,0.0,0.0,53.131988525390625,Arzt,168,379.18853759765625,5.090437889099121,6.6756157875061035,20.109600067138672,0.0,0.0,0.0,unknown,8.07891845703125,7.644367694854736,20.47570037841797,5.653680801391602
0.0,0.0,0.0,78.26903533935547,Arzt,170,2228.055419921875,5.30398416519165,6.744397163391113,19.52480697631836,0.0,0.0,0.0,unknown,8.197937965393066,7.838786602020264,20.066911697387695,2.1122055053710938
0.0,0.0,0.0,70.27070617675781,Arzt,172,1362.8236083984375,5.653172492980957,7.038055419921875,18.58576774597168,0.0,0.0,0.0,unknown,9.11776351928711,7.725973606109619,19.358524322509766,3.1067793369293213
0.0,0.0,0.0,20.616111755371094,Arzt,174,586.1839599609375,5.537106513977051,6.807971954345703,21.13835334777832,0.0,0.0,0.0,unknown,8.579309463500977,7.6602559089660645,21.615825653076172,1.5784168243408203
0.0,0.0,0.0,59.524085998535156,Arzt,176,2972.947998046875,5.190698146820068,6.3797149658203125,20.712045669555664,0.0,0.0,0.0,unknown,8.521764755249023,7.370899200439453,21.052522659301758,0.21703310310840607
0.0,0.0,0.0,138.70599365234375,Arzt,178,1968.883056640625,5.592563152313232,6.575264930725098,20.616317749023438,0.0,0.0,0.0,unknown,8.74966812133789,7.725566864013672,20.9287166595459,3.7603797912597656
0.0,0.0,0.0,7.633677959442139,Arzt,180,142.13743591308594,5.557692527770996,6.355810642242432,19.923200607299805,0.0,0.0,0.0,unknown,8.644441604614258,7.59299898147583,20.539655685424805,5.489058017730713
0.0,0.0,0.0,16.327966690063477,Arzt,182,2290.1064453125,5.7279767990112305,6.662569522857666,19.079784393310547,0.0,0.0,0.0,unknown,9.192132949829102,7.8971710205078125,19.726762771606445,5.986120700836182
0.0,0.0,0.0,136.4326171875,Arzt,184,1912.0018310546875,5.714365005493164,6.702789306640625,18.348501205444336,0.0,0.0,0.0,unknown,9.629387855529785,8.002507209777832,18.762266159057617,7.067287445068359
0.0,0.0,0.0,9.14227294921875,Arzt,186,678.9852905273438,6.129848957061768,6.968708038330078,19.013090133666992,0.0,0.0,0.0,unknown,10.02520751953125,7.852980136871338,19.36823272705078,2.029670238494873
0.0,0.0,0.0,36.23457717895508,Arzt,188,589.7664184570312,6.239024639129639,6.603472709655762,20.23944091796875,0.0,0.0,0.0,unknown,10.038886070251465,7.504791259765625,20.370695114135742,2.627837657928467
0.0,0.0,0.0,3.4530396461486816,Arzt,190,372.3055725097656,6.449934005737305,6.742575168609619,19.891347885131836,0.0,0.0,0.0,unknown,10.20568561553955,7.4465012550354,20.110416412353516,0.21610888838768005
0.0,0.0,0.0,27.856481552124023,Arzt,192,2074.18994140625,6.362881660461426,6.534488201141357,20.397916793823242,0.0,0.0,0.0,unknown,10.164895057678223,7.7757568359375,20.54534339904785,0.4182502031326294
0.0,0.0,0.0,110.4313735961914,Arzt,194,2778.23046875,5.994801044464111,6.489763259887695,20.0662784576416,0.0,0.0,0.0,unknown,9.706287384033203,7.944753170013428,20.260133743286133,2.2736217975616455
0.0,0.0,0.0,74.79280853271484,Arzt,196,827.09619140625,6.153757095336914,6.615859508514404,20.14377212524414,0.0,0.0,0.0,unknown,10.322750091552734,7.748839855194092,20.265439987182617,5.088910102844238
0.0,0.0,0.0,19.748987197875977,Arzt,198,418.601318359375,6.521063327789307,6.802250862121582,20.05763816833496,0.0,0.0,0.0,unknown,10.448083877563477,7.5233540534973145,20.476619720458984,0.12770214676856995
0.0,0.0,0.0,8.175240516662598,Arzt,200,286.7398681640625,6.293445587158203,6.649418830871582,20.535310745239258,0.0,0.0,0.0,unknown,9.141032218933105,7.479584217071533,20.984539031982422,1.2102688550949097
0.0,0.0,0.0,27.195249557495117,Arzt,202,,6.547974586486816,6.661787986755371,20.706443786621094,0.0,0.0,0.0,unknown,10.387207984924316,7.46580696105957,21.038311004638672,0.667635977268219
0.0,0.0,0.0,,Arzt,204,,6.444144248962402,6.716538906097412,20.584131240844727,0.0,0.0,0.0,unknown,10.465681076049805,7.434237957000732,20.9378604888916,1.145655870437622
0.0,0.0,0.0,,Arzt,206,,6.051531791687012,6.501397132873535,21.043378829956055,0.0,0.0,0.0,unknown,9.829407691955566,7.335380554199219,21.493206024169922,
0.0,0.0,0.0,9.357161521911621,AufgebenResignieren,122,315.73443603515625,7.547206401824951,6.453226566314697,23.253799438476562,0.19130896031856537,0.1040177270770073,0.2358749955892563,unknown,13.97768497467041,10.578189849853516,36.292945861816406,1.161444902420044
0.0,0.0,1.0,13.481221199035645,AufgebenResignieren,124,575.6541137695312,8.428680419921875,7.433414459228516,24.009239196777344,0.1894591748714447,0.12298379838466644,0.24042220413684845,unknown,15.27751636505127,12.998867988586426,41.36824035644531,0.6884549260139465
0.0,0.0,0.0,24.968904495239258,AufgebenResignieren,126,2194.357421875,8.024335861206055,8.077801704406738,24.731639862060547,0.19724982976913452,0.1284673660993576,0.2392142117023468,unknown,14.172654151916504,14.588071823120117,43.96462631225586,1.5508075952529907
0.0,0.0,1.0,121.47434997558594,AufgebenResignieren,128,4127.47607421875,8.420475006103516,8.682272911071777,24.335187911987305,0.19578270614147186,0.1318109780550003,0.2414836436510086,unknown,15.377477645874023,15.003342628479004,42.52305221557617,0.15631504356861115
0.0,0.0,0.0,153.70831298828125,AufgebenResignieren,130,171.51370239257812,8.790658950805664,9.121628761291504,25.19722557067871,0.1960476040840149,0.13148246705532074,0.2390831708908081,unknown,14.064943313598633,13.934598922729492,43.71644592285156,7.99485969543457
0.0,0.0,0.0,143.62562561035156,AufgebenResignieren,132,5624.0068359375,8.351325035095215,10.321475982666016,15.525073051452637,0.17432737350463867,0.11649565398693085,0.23233509063720703,unknown,12.828719139099121,14.061589241027832,22.18796157836914,2.2555699348449707
0.0,0.0,0.0,231.3252410888672,AufgebenResignieren,134,3846.564697265625,7.386316776275635,10.704439163208008,20.424924850463867,0.1614973396062851,0.10210466384887695,0.23230071365833282,unknown,11.476601600646973,13.843382835388184,21.92691993713379,11.827402114868164
0.0,0.0,0.0,25.254623413085938,AufgebenResignieren,136,5817.87646484375,7.017362117767334,10.192375183105469,20.072139739990234,0.1576918661594391,0.09916011244058609,0.2324402928352356,unknown,10.439708709716797,12.522354125976562,21.422393798828125,3.5989582538604736
0.0,0.0,0.0,362.8739318847656,AufgebenResignieren,138,11005.8486328125,7.184734344482422,9.084172248840332,19.06235122680664,0.1560782790184021,0.09668725728988647,0.2296261489391327,unknown,9.784854888916016,10.501121520996094,21.4794864654541,1.925137996673584
0.0,0.0,0.0,370.8509826660156,AufgebenResignieren,140,1668.178955078125,6.83078670501709,8.088499069213867,17.423004150390625,0.15747421979904175,0.10187482088804245,0.2311420440673828,unknown,8.493415832519531,9.327901840209961,21.613136291503906,26.11178970336914
0.0,0.0,0.0,259.6839904785156,AufgebenResignieren,142,8925.484375,6.086498260498047,6.1460747718811035,15.210845947265625,0.1616770625114441,0.10143619775772095,0.22888314723968506,unknown,7.96357536315918,7.62987756729126,24.730119705200195,1.3931572437286377
0.0,0.0,0.0,335.3657531738281,AufgebenResignieren,144,5355.21044921875,5.923863887786865,4.308046817779541,14.507783889770508,0.1613411009311676,0.10319606959819794,0.22661900520324707,unknown,7.889828681945801,8.396560668945312,29.2630615234375,15.923812866210938
0.0,0.0,0.0,23.05563735961914,AufgebenResignieren,146,3935.98388671875,5.897707939147949,4.29277229309082,14.800496101379395,0.16757170855998993,0.1173548772931099,0.2309485375881195,unknown,10.559313774108887,10.237114906311035,26.016094207763672,6.436642646789551
0.0,0.0,0.0,283.3643493652344,AufgebenResignieren,148,9310.1474609375,5.757063388824463,6.896334171295166,18.02670669555664,0.18107597529888153,0.11585599929094315,0.2347700297832489,unknown,10.442279815673828,11.20841121673584,28.077611923217773,5.013370990753174
0.0,0.0,0.0,337.3388977050781,AufgebenResignieren,150,6661.8857421875,5.701154708862305,6.401632785797119,21.44393539428711,0.18356792628765106,0.11765160411596298,0.23393110930919647,unknown,9.13448429107666,11.841249465942383,37.218040466308594,13.88074016571045
0.0,0.0,0.0,106.81156921386719,AufgebenResignieren,152,1207.6588134765625,5.525360584259033,6.73748779296875,18.256755828857422,0.17727477848529816,0.11368149518966675,0.23190073668956757,unknown,8.11429500579834,11.385437965393066,28.481473922729492,8.610496520996094
0.0,0.0,0.0,26.429224014282227,AufgebenResignieren,154,247.931396484375,5.2108917236328125,6.271694660186768,19.14887046813965,0.16762413084506989,0.10584400594234467,0.22881868481636047,unknown,9.107385635375977,12.645818710327148,22.428606033325195,1.4953179359436035
0.0,0.0,0.0,10.294523239135742,AufgebenResignieren,156,205.03463745117188,5.132483005523682,5.988574028015137,21.50188446044922,0.1664663553237915,0.10710347443819046,0.2284277081489563,unknown,10.567509651184082,12.241373062133789,22.70021629333496,0.27434971928596497
0.0,0.0,0.0,3.72428560256958,AufgebenResignieren,158,592.4163208007812,5.232111930847168,5.948298454284668,23.539051055908203,0.16287900507450104,0.10491030663251877,0.2303178906440735,unknown,11.090903282165527,12.852567672729492,23.732126235961914,0.9427865743637085
0.0,0.0,0.0,42.403831481933594,AufgebenResignieren,160,1165.9815673828125,5.538101673126221,6.059341907501221,23.01874351501465,0.1618560552597046,0.10418274998664856,0.22973571717739105,unknown,9.722966194152832,13.088977813720703,23.283523559570312,0.7383991479873657
0.0,0.0,0.0,35.33666229248047,AufgebenResignieren,162,904.3538208007812,5.548035144805908,6.005106449127197,22.749343872070312,0.16004636883735657,0.10526324808597565,0.22997809946537018,unknown,9.841265678405762,12.696086883544922,23.072105407714844,2.0891025066375732
0.0,0.0,0.0,24.965200424194336,AufgebenResignieren,164,812.2061767578125,5.50175666809082,6.094440460205078,23.926986694335938,0.16069720685482025,0.10429476946592331,0.22994981706142426,unknown,10.310108184814453,13.673638343811035,24.330095291137695,0.27028384804725647
0.0,0.0,0.0,29.186098098754883,AufgebenResignieren,166,1143.607421875,5.472748756408691,6.033971786499023,21.372663497924805,0.15782605111598969,0.1035895049571991,0.22977383434772491,unknown,9.149797439575195,12.954671859741211,22.772218704223633,1.3966199159622192
0.0,0.0,0.0,47.07614517211914,AufgebenResignieren,168,1460.3240966796875,5.426691055297852,6.457659721374512,23.159852981567383,0.15917614102363586,0.10441894829273224,0.23071426153182983,unknown,10.447237014770508,12.97544002532959,23.385669708251953,0.5503233671188354
0.0,0.0,0.0,50.29806900024414,AufgebenResignieren,170,596.2266845703125,5.487704277038574,6.159348964691162,21.971736907958984,0.15927283465862274,0.10453251004219055,0.23087190091609955,unknown,9.13701343536377,13.004907608032227,22.384841918945312,2.5903725624084473
0.0,0.0,0.0,11.382163047790527,AufgebenResignieren,172,604.2639770507812,5.4344563484191895,5.944947719573975,24.95487403869629,0.1587192863225937,0.1050429418683052,0.2311885803937912,unknown,10.156311988830566,12.628073692321777,25.088233947753906,0.7696664929389954
0.0,0.0,0.0,29.361324310302734,AufgebenResignieren,174,607.4187622070312,5.314663410186768,6.109375953674316,22.74785041809082,0.15924660861492157,0.10691338032484055,0.23138144612312317,unknown,11.130475044250488,10.979472160339355,24.300338745117188,1.4819667339324951
0.0,0.0,0.0,11.183638572692871,AufgebenResignieren,176,300.5455627441406,5.326229572296143,6.079841136932373,22.538421630859375,0.15792979300022125,0.11026453226804733,0.2326730340719223,unknown,9.468010902404785,11.82176399230957,25.68069839477539,0.4831540584564209
0.0,0.0,0.0,8.907014846801758,AufgebenResignieren,178,653.9803466796875,5.445301055908203,6.073147773742676,24.38044548034668,0.15788915753364563,0.10378037393093109,0.2325100600719452,unknown,10.541746139526367,12.547673225402832,24.68388557434082,0.26628535985946655
0.0,0.0,0.0,34.724449157714844,AufgebenResignieren,180,1086.9237060546875,5.446099281311035,6.183733940124512,26.41698455810547,0.15809737145900726,0.10293906927108765,0.23338034749031067,unknown,9.550103187561035,13.0454683303833,27.107318878173828,0.3287447988986969
0.0,0.0,0.0,37.73968505859375,AufgebenResignieren,182,980.9937744140625,5.302249908447266,6.039928436279297,22.473852157592773,0.1590806543827057,0.1034243032336235,0.23132845759391785,unknown,10.626319885253906,12.872292518615723,22.503278732299805,1.9887523651123047
0.0,0.0,0.0,27.665462493896484,AufgebenResignieren,184,,5.325188636779785,6.210612773895264,25.866395950317383,0.1595386415719986,0.10366334021091461,0.23264847695827484,unknown,9.559112548828125,13.139500617980957,26.298696517944336,0.5278238654136658
0.0,0.0,0.0,,AufgebenResignieren,186,,5.383454322814941,6.063854694366455,26.162687301635742,0.15971499681472778,0.1038503348827362,0.23404185473918915,unknown,10.66209602355957,12.787311553955078,26.790725708007812,1.3170744180679321
0.0,0.0,0.0,,AufgebenResignieren,188,,5.359938144683838,6.036679267883301,27.743249893188477,0.16039884090423584,0.1032380536198616,0.23338916897773743,unknown,9.418386459350586,12.585822105407715,29.143522262573242,
0.0,0.0,0.0,158.3188934326172,AusgebenGeldVerschwenden,120,1966.4248046875,7.413517951965332,9.147611618041992,20.32745361328125,0.15969036519527435,0.10761630535125732,0.23142360150814056,unknown,8.80417251586914,13.96846866607666,21.392677307128906,7.011505126953125
0.0,0.0,0.0,27.297313690185547,AusgebenGeldVerschwenden,122,245.5406951904297,7.2548747062683105,7.608954429626465,19.277402877807617,0.1566857397556305,0.10540805757045746,0.23173941671848297,unknown,9.104144096374512,13.220383644104004,24.202913284301758,3.543978214263916
0.0,0.0,0.0,12.364188194274902,AusgebenGeldVerschwenden,124,1376.1026611328125,7.594308376312256,6.572703838348389,21.059288024902344,0.15595342218875885,0.10799550265073776,0.23087546229362488,unknown,8.927881240844727,12.021621704101562,28.516555786132812,5.360461235046387
0.0,0.0,0.0,79.53547668457031,AusgebenGeldVerschwenden,126,476.0550537109375,7.2624287605285645,5.860983848571777,20.403209686279297,0.15887369215488434,0.10866504907608032,0.22913606464862823,unknown,8.487946510314941,13.255199432373047,28.773237228393555,6.170804500579834
0.0,0.0,0.0,110.85338592529297,AusgebenGeldVerschwenden,128,307.3392639160156,6.823532581329346,6.025274276733398,20.658384323120117,0.16316887736320496,0.11021395772695541,0.23082894086837769,unknown,8.30331039428711,11.906097412109375,29.56485366821289,0.8825735449790955
0.0,0.0,0.0,92.29190063476562,AusgebenGeldVerschwenden,130,8137.79052734375,6.725001335144043,6.097433090209961,20.77474594116211,0.16548986732959747,0.11106584221124649,0.2312626987695694,unknown,7.466071605682373,11.057650566101074,26.173002243041992,6.518938064575195
0.0,0.0,0.0,450.332763671875,AusgebenGeldVerschwenden,132,14024.5859375,7.3279218673706055,6.179253101348877,20.169401168823242,0.1681647002696991,0.11109603941440582,0.2318488210439682,unknown,7.552218437194824,11.95848560333252,23.622514724731445,12.661362648010254
0.0,0.0,0.0,484.64874267578125,AusgebenGeldVerschwenden,134,9945.1708984375,7.09958028793335,6.544803142547607,16.891864776611328,0.16676776111125946,0.11016696691513062,0.23269928991794586,unknown,7.55497932434082,12.531982421875,20.538869857788086,17.362281799316406
0.0,0.0,0.0,178.41441345214844,AusgebenGeldVerschwenden,136,359.25360107421875,7.6386942863464355,7.052065849304199,18.323339462280273,0.1602608859539032,0.10870929062366486,0.2284775674343109,unknown,8.972567558288574,14.02386474609375,20.652681350708008,14.947977066040039
0.0,0.0,0.0,158.0438690185547,AusgebenGeldVerschwenden,138,4491.5341796875,7.504302024841309,8.109697341918945,17.83367347717285,0.16200770437717438,0.10952237248420715,0.22986319661140442,unknown,8.92475414276123,13.423112869262695,19.387475967407227,3.0735080242156982
0.0,0.0,0.0,141.41307067871094,AusgebenGeldVerschwenden,140,5445.50146484375,7.335170745849609,8.572949409484863,18.25053596496582,0.16233079135417938,0.10635187476873398,0.23114627599716187,unknown,9.282965660095215,13.89533519744873,20.463171005249023,7.470732688903809
0.0,0.0,0.0,221.6328582763672,AusgebenGeldVerschwenden,142,6113.47998046875,8.296072006225586,8.665209770202637,19.261363983154297,0.16221556067466736,0.10492757707834244,0.2302524447441101,unknown,10.098133087158203,14.829984664916992,20.313749313354492,1.9578125476837158
0.0,0.0,0.0,185.93894958496094,AusgebenGeldVerschwenden,144,1583.2662353515625,7.222884654998779,8.57674789428711,17.047861099243164,0.16240721940994263,0.10273104161024094,0.23146004974842072,unknown,9.529942512512207,14.917487144470215,19.464466094970703,12.818971633911133
0.0,0.0,0.0,80.5956039428711,AusgebenGeldVerschwenden,146,5504.65625,7.5724687576293945,7.787746906280518,16.917348861694336,0.15721504390239716,0.10304125398397446,0.23093020915985107,unknown,9.568748474121094,14.844929695129395,19.543474197387695,0.43650779128074646
0.0,0.0,0.0,286.4244079589844,AusgebenGeldVerschwenden,148,4426.4814453125,7.364889621734619,7.308927536010742,19.168447494506836,0.15603682398796082,0.10432185232639313,0.22912026941776276,unknown,8.301679611206055,15.35261058807373,23.357219696044922,4.947624206542969
0.0,0.0,0.0,9.498075485229492,AusgebenGeldVerschwenden,150,2661.04541015625,8.001532554626465,6.804039478302002,19.327693939208984,0.15404334664344788,0.10544189810752869,0.2289578914642334,unknown,9.92967700958252,14.9811372756958,23.204545974731445,14.149617195129395
0.0,0.0,0.0,185.9775390625,AusgebenGeldVerschwenden,152,,6.558988571166992,5.875783443450928,21.89276885986328,0.16316869854927063,0.11134550720453262,0.23048584163188934,unknown,7.145380020141602,12.608612060546875,24.9096736907959,13.575118064880371
0.0,0.0,0.0,,AusgebenGeldVerschwenden,154,,6.512303352355957,5.849785327911377,19.758316040039062,0.16476526856422424,0.10925347357988358,0.23003818094730377,unknown,6.955690383911133,10.883057594299316,22.04771614074707,1.180262565612793
0.0,0.0,0.0,,AusgebenGeldVerschwenden,156,,6.936143398284912,5.76257848739624,18.415578842163086,0.1633824110031128,0.1077849268913269,0.23031413555145264,unknown,7.494662284851074,11.602118492126465,20.4289493560791,
0.0,0.0,0.0,66.59347534179688,Auto,104,6038.708984375,10.198322296142578,10.804132461547852,22.087053298950195,0.0,0.0,0.0,unknown,10.63809585571289,14.00780963897705,24.146018981933594,1.7213584184646606
0.0,0.0,0.0,335.9956359863281,Auto,106,10681.2041015625,10.669849395751953,10.837303161621094,20.719072341918945,0.0,0.0,0.0,unknown,11.053345680236816,14.059290885925293,24.448833465576172,2.720381259918213
0.0,0.0,0.0,376.09759521484375,Auto,108,6017.32421875,10.096489906311035,10.599944114685059,18.885164260864258,0.0,0.0,0.0,unknown,11.99385929107666,12.446125030517578,21.50761604309082,19.681385040283203
0.0,0.0,0.0,25.82644271850586,Auto,110,1479.6380615234375,10.08309555053711,10.843049049377441,22.12334632873535,0.0,0.0,0.0,unknown,11.407814025878906,12.9786958694458,23.34755516052246,5.395081043243408
0.0,0.0,0.0,123.08879089355469,Auto,112,3119.164794921875,9.923971176147461,10.875317573547363,19.968017578125,0.0,0.0,0.0,unknown,11.449357986450195,13.069549560546875,22.646480560302734,3.7357985973358154
0.0,0.0,0.0,84.88113403320312,Auto,114,4339.96923828125,10.459367752075195,10.280532836914062,17.62598419189453,0.0,0.0,0.0,unknown,12.604907989501953,11.706056594848633,24.107885360717773,4.4743170738220215
0.0,0.0,0.0,204.4532012939453,Auto,116,10346.458984375,10.6105375289917,10.653604507446289,20.983383178710938,0.0,0.0,0.0,unknown,12.845039367675781,12.050646781921387,25.322853088378906,1.1863702535629272
0.0,0.0,0.0,485.3140563964844,Auto,118,11928.5400390625,10.740555763244629,10.114550590515137,20.568679809570312,0.0,0.0,0.0,unknown,13.149580955505371,11.392226219177246,25.408300399780273,12.445510864257812
0.0,0.0,0.0,309.9260559082031,Auto,120,4054.264404296875,11.377985954284668,10.470726013183594,20.637653350830078,0.0,0.0,0.0,unknown,14.008567810058594,11.575523376464844,28.835790634155273,19.90913963317871
0.0,0.0,0.0,39.799137115478516,Auto,122,5371.97216796875,11.166706085205078,10.698555946350098,21.840938568115234,0.0,0.0,0.0,unknown,13.139735221862793,11.998400688171387,26.542205810546875,0.7648112773895264
0.0,0.0,0.0,318.4449157714844,Auto,124,11559.0703125,10.297855377197266,10.60650634765625,20.6871337890625,0.0,0.0,0.0,unknown,11.688587188720703,12.028372764587402,26.420541763305664,3.399550676345825
0.0,0.0,0.0,452.1617126464844,Auto,126,13058.0400390625,10.146526336669922,10.293001174926758,20.556621551513672,0.0,0.0,0.0,unknown,11.052199363708496,11.76510238647461,24.999929428100586,17.832767486572266
0.0,0.0,0.0,418.3890686035156,Auto,128,11042.1171875,9.530086517333984,10.852455139160156,19.53875160217285,0.0,0.0,0.0,unknown,9.804664611816406,12.170757293701172,22.499073028564453,12.312597274780273
0.0,0.0,0.0,317.7569274902344,Auto,130,3629.36572265625,9.93869400024414,10.930670738220215,16.561717987060547,0.0,0.0,0.0,unknown,10.034626960754395,12.22250747680664,20.840904235839844,15.580282211303711
0.0,0.0,0.0,76.03234100341797,Auto,132,5010.44189453125,9.762035369873047,10.528708457946777,18.728713989257812,0.0,0.0,0.0,unknown,9.875604629516602,12.015572547912598,20.520694732666016,5.604506969451904
0.0,0.0,0.0,258.02294921875,Auto,134,6820.0517578125,9.497483253479004,11.111856460571289,18.798627853393555,0.0,0.0,0.0,unknown,9.926191329956055,13.065692901611328,19.611160278320312,10.664847373962402
0.0,0.0,0.0,196.6490936279297,Auto,136,2217.369384765625,10.009589195251465,11.51024341583252,20.579246520996094,0.0,0.0,0.0,unknown,10.693370819091797,13.508135795593262,21.263917922973633,6.539875030517578
0.0,0.0,0.0,49.20475769042969,Auto,138,4925.48974609375,10.10671615600586,11.443819046020508,17.636606216430664,0.0,0.0,0.0,unknown,10.617197036743164,13.394648551940918,18.879301071166992,6.573366641998291
0.0,0.0,0.0,279.2798156738281,Auto,140,6573.46728515625,10.05787467956543,11.362199783325195,18.000730514526367,0.0,0.0,0.0,unknown,10.520421028137207,13.122206687927246,19.218034744262695,9.84414291381836
0.0,0.0,0.0,158.95799255371094,Auto,142,1505.2403564453125,10.1101655960083,11.170400619506836,17.71614646911621,0.0,0.0,0.0,unknown,10.60090446472168,12.668187141418457,20.286405563354492,8.777134895324707
0.0,0.0,0.0,58.710960388183594,Auto,144,2260.39697265625,10.178756713867188,10.871344566345215,18.90003776550293,0.0,0.0,0.0,unknown,10.825531005859375,11.743571281433105,20.56155014038086,1.8242870569229126
0.0,0.0,0.0,92.02051544189453,Auto,146,2350.14306640625,10.215680122375488,11.180269241333008,16.939794540405273,0.0,0.0,0.0,unknown,11.277961730957031,12.245329856872559,20.764480590820312,5.731741428375244
0.0,0.0,0.0,64.68031311035156,Auto,148,5425.14892578125,10.632325172424316,11.253905296325684,16.639638900756836,0.0,0.0,0.0,unknown,11.609103202819824,12.469386100769043,21.674659729003906,0.4160957932472229
0.0,0.0,0.0,297.0327453613281,Auto,150,8237.7119140625,10.41746711730957,11.566231727600098,15.568862915039062,0.0,0.0,0.0,unknown,10.663975715637207,13.545629501342773,19.754714965820312,3.9066293239593506
0.0,0.0,0.0,252.14955139160156,Auto,152,6200.4560546875,10.203694343566895,11.392088890075684,15.230706214904785,0.0,0.0,0.0,unknown,11.048110008239746,12.38089656829834,20.5023193359375,15.89657974243164
0.0,0.0,0.0,161.2169189453125,Auto,154,4623.666015625,10.116923332214355,11.249671936035156,18.177501678466797,0.0,0.0,0.0,unknown,10.827140808105469,12.221562385559082,22.080659866333008,0.9204797744750977
0.0,0.0,0.0,147.04019165039062,Auto,156,981.8554077148438,10.476319313049316,11.561853408813477,16.956851959228516,0.0,0.0,0.0,unknown,11.00883960723877,13.515557289123535,21.816354751586914,9.834677696228027
0.0,0.0,0.0,81.7626724243164,Auto,158,3380.5966796875,10.558424949645996,10.83724594116211,17.552684783935547,0.0,0.0,0.0,unknown,11.044941902160645,12.08082103729248,21.15178108215332,0.12449651211500168
0.0,0.0,0.0,143.61990356445312,Auto,160,2939.209716796875,10.592620849609375,11.517958641052246,17.32896614074707,0.0,0.0,0.0,unknown,10.944442749023438,12.797403335571289,21.16304588317871,5.419734954833984
0.0,0.0,0.0,52.339054107666016,Auto,162,1254.6788330078125,10.501310348510742,11.618152618408203,17.103084564208984,0.0,0.0,0.0,unknown,11.02005672454834,13.380844116210938,21.0631103515625,4.156843662261963
0.0,0.0,0.0,135.87857055664062,Auto,164,6680.23876953125,10.509769439697266,10.776119232177734,17.640453338623047,0.0,0.0,0.0,unknown,11.014735221862793,12.132814407348633,22.4720516204834,0.6704623103141785
0.0,0.0,0.0,309.4743957519531,Auto,166,7621.98876953125,10.667654037475586,11.009906768798828,20.09309196472168,0.0,0.0,0.0,unknown,11.60505485534668,12.925551414489746,22.1563777923584,8.390697479248047
0.0,0.0,0.0,198.66152954101562,Auto,168,,10.55257797241211,10.998611450195312,22.085893630981445,0.0,0.0,0.0,unknown,11.459455490112305,13.06201457977295,22.905052185058594,12.24155044555664
0.0,0.0,0.0,,Auto,170,,10.672799110412598,11.125179290771484,22.702001571655273,0.0,0.0,0.0,unknown,11.007554054260254,12.70137882232666,23.008195877075195,1.0030145645141602
0.0,0.0,0.0,,Auto,172,,10.776676177978516,11.017963409423828,21.59408950805664,0.0,0.0,0.0,unknown,11.229979515075684,12.499091148376465,22.258071899414062,
0.0,0.0,0.0,173.79605102539062,BesuchenEinmischen,172,4550.943359375,8.765490531921387,6.301458358764648,18.424636840820312,0.16724546253681183,0.10415395349264145,0.22997832298278809,unknown,17.940284729003906,9.380824089050293,21.693601608276367,10.688360214233398
0.0,0.0,0.0,129.6597137451172,BesuchenEinmischen,174,5355.6875,7.34794282913208,6.549437046051025,23.946582794189453,0.16769437491893768,0.10172160714864731,0.22853098809719086,unknown,11.906654357910156,8.486863136291504,24.67021942138672,1.0178943872451782
0.0,0.0,0.0,227.5105438232422,BesuchenEinmischen,176,3123.557373046875,9.38626766204834,6.469537734985352,24.607887268066406,0.16859182715415955,0.10108954459428787,0.22930772602558136,unknown,26.882802963256836,8.601633071899414,26.26743507385254,7.735228061676025
0.0,0.0,0.0,19.478221893310547,BesuchenEinmischen,178,3345.93359375,8.406882286071777,6.80458927154541,21.259096145629883,0.17233601212501526,0.10291791707277298,0.22971706092357635,unknown,12.936747550964355,9.066977500915527,22.340391159057617,7.434490203857422
0.0,0.0,0.0,203.74818420410156,BesuchenEinmischen,180,4631.96435546875,7.611815452575684,6.7774739265441895,20.791006088256836,0.16638188064098358,0.09924007952213287,0.22731348872184753,unknown,9.156078338623047,8.190682411193848,21.818984985351562,8.719452857971191
0.0,0.0,0.0,105.17626190185547,BesuchenEinmischen,182,2121.3095703125,9.049774169921875,7.598592281341553,20.235828399658203,0.16640721261501312,0.10000985115766525,0.22722642123699188,unknown,21.772687911987305,9.273039817810059,23.668712615966797,4.8644609451293945
0.0,0.0,0.0,37.790950775146484,BesuchenEinmischen,184,2300.63818359375,8.613532066345215,7.716980934143066,21.755081176757812,0.16100503504276276,0.09745755791664124,0.22460155189037323,unknown,9.39849853515625,9.480175971984863,22.133514404296875,2.1714227199554443
0.0,0.0,0.0,116.9856185913086,BesuchenEinmischen,186,5103.455078125,9.375933647155762,7.531307697296143,20.952491760253906,0.16664546728134155,0.10023976117372513,0.22697655856609344,unknown,19.199054718017578,9.834224700927734,24.03982162475586,0.5929396748542786
0.0,0.0,0.0,223.42579650878906,BesuchenEinmischen,188,3869.63427734375,8.71512222290039,8.337851524353027,19.54637336730957,0.1725829839706421,0.10317924618721008,0.2268054187297821,unknown,9.981560707092285,10.656307220458984,21.282052993774414,7.563572883605957
0.0,0.0,0.0,34.9591064453125,BesuchenEinmischen,190,1220.369140625,9.642304420471191,8.569807052612305,16.161935806274414,0.1738024353981018,0.1067870706319809,0.22845977544784546,unknown,21.092153549194336,12.90189266204834,25.512535095214844,7.334230899810791
0.0,0.0,0.0,46.480648040771484,BesuchenEinmischen,192,1197.034912109375,10.0276517868042,8.59437084197998,18.9001522064209,0.18481500446796417,0.10391610115766525,0.22858314216136932,unknown,11.869032859802246,13.751189231872559,20.833175659179688,5.0439653396606445
0.0,0.0,0.0,33.34846878051758,BesuchenEinmischen,194,4400.40869140625,10.41970443725586,8.841468811035156,20.09627914428711,0.1855349987745285,0.10728707909584045,0.22710871696472168,unknown,21.512340545654297,13.805965423583984,25.460294723510742,8.099397659301758
0.0,0.0,0.0,326.3162536621094,BesuchenEinmischen,196,8069.3935546875,10.387296676635742,8.563289642333984,18.84410858154297,0.1870952993631363,0.10903923958539963,0.22795478999614716,unknown,11.72050952911377,13.660726547241211,21.19227409362793,5.895720481872559
0.0,0.0,0.0,211.70103454589844,BesuchenEinmischen,198,2743.081298828125,10.577714920043945,8.734384536743164,18.129671096801758,0.18768499791622162,0.11049038916826248,0.23038387298583984,unknown,16.743024826049805,13.831010818481445,22.81781005859375,15.861095428466797
0.0,0.0,0.0,29.51268196105957,BesuchenEinmischen,200,494.35931396484375,9.84708309173584,8.564268112182617,17.82625389099121,0.17473389208316803,0.10859961807727814,0.22683589160442352,unknown,11.934350967407227,13.805927276611328,23.62284278869629,1.779889464378357
0.0,0.0,0.0,7.1642632484436035,BesuchenEinmischen,202,1488.348388671875,10.416150093078613,8.431934356689453,17.434852600097656,0.18672078847885132,0.11249711364507675,0.23080115020275116,unknown,18.809032440185547,14.135351181030273,23.77042007446289,0.26667520403862
0.0,0.0,0.0,96.2836685180664,BesuchenEinmischen,204,,10.580998420715332,8.201275825500488,17.10406494140625,0.1790509968996048,0.10787225514650345,0.22870896756649017,unknown,13.229397773742676,11.96550464630127,20.195598602294922,0.23778288066387177
0.0,0.0,0.0,,BesuchenEinmischen,206,,10.993632316589355,8.300728797912598,17.211408615112305,0.1889176219701767,0.11007294803857803,0.22941046953201294,unknown,19.5623779296875,14.71450424194336,23.311649322509766,6.411146640777588
0.0,0.0,0.0,,BesuchenEinmischen,208,,10.590798377990723,8.318910598754883,18.25510025024414,0.18139494955539703,0.10953587293624878,0.22670772671699524,unknown,13.56214427947998,13.607156753540039,25.36528778076172,
0.0,0.0,0.0,33.69342803955078,Blitz,131,3855.814697265625,11.155619621276855,10.31271743774414,32.976318359375,0.31245487928390503,0.0998404249548912,0.2362918108701706,unknown,32.847835540771484,14.040580749511719,42.99873733520508,4.978180885314941
0.0,0.0,0.0,229.5210418701172,Blitz,133,6890.115234375,11.841578483581543,11.006272315979004,46.18965148925781,0.35395461320877075,0.09862180054187775,0.2370346337556839,unknown,48.94786834716797,14.265129089355469,55.172393798828125,6.759198188781738
0.0,0.0,0.0,229.90560913085938,Blitz,135,5899.455078125,12.341691017150879,11.843889236450195,54.8045654296875,0.3660605847835541,0.09725643694400787,0.23724105954170227,unknown,54.17437744140625,14.677872657775879,64.85615539550781,8.568486213684082
1.0,0.0,0.0,163.66839599609375,Blitz,137,4931.87451171875,12.30567741394043,11.380837440490723,54.13612365722656,0.40831607580184937,0.09684678912162781,0.2403094470500946,unknown,52.89601135253906,13.49755859375,63.89170837402344,6.761488914489746
1.0,0.0,0.0,165.2391815185547,Blitz,139,4536.2265625,12.43099308013916,11.119100570678711,56.97073745727539,0.3848550319671631,0.09814756363630295,0.23647330701351166,unknown,54.653324127197266,12.739639282226562,66.11763000488281,4.179596900939941
1.0,0.0,0.0,137.66380310058594,Blitz,141,3117.73681640625,11.639660835266113,10.818788528442383,54.1745719909668,0.39648520946502686,0.10650891065597534,0.23739612102508545,unknown,54.28459167480469,12.226585388183594,60.8884391784668,6.868281364440918
1.0,0.0,0.0,71.40899658203125,Blitz,143,2325.017822265625,12.55392837524414,10.32760238647461,49.51083755493164,0.37924423813819885,0.10195928812026978,0.23489606380462646,unknown,48.09123229980469,10.790031433105469,56.828914642333984,2.544677257537842
1.0,0.0,0.0,86.10310363769531,Blitz,145,1304.126220703125,11.65246295928955,10.58155632019043,57.18889617919922,0.3708289563655853,0.09891564399003983,0.2341996729373932,unknown,59.56340026855469,11.578805923461914,63.36384201049805,2.286587715148926
0.0,0.0,0.0,4.75137186050415,Blitz,147,318.96185302734375,12.845820426940918,11.349665641784668,49.350502014160156,0.35455775260925293,0.10069989413022995,0.2345491349697113,unknown,45.051841735839844,12.211332321166992,55.72723388671875,3.5208380222320557
0.0,0.0,0.0,18.916841506958008,Blitz,149,3488.6318359375,11.046126365661621,10.664175033569336,48.844566345214844,0.3513434827327728,0.09527087211608887,0.23490802943706512,unknown,44.46346664428711,11.613914489746094,55.31158447265625,3.4711315631866455
0.0,0.0,0.0,216.89724731445312,Blitz,151,11342.537109375,11.806188583374023,10.2866792678833,49.58317947387695,0.3382225036621094,0.0948224887251854,0.235660120844841,unknown,53.16983413696289,11.256271362304688,56.674930572509766,4.492434024810791
0.0,0.0,0.0,539.4364624023438,Blitz,153,18113.521484375,11.182718276977539,10.63039493560791,50.83851623535156,0.3463788628578186,0.09727119654417038,0.23483090102672577,unknown,53.77045440673828,11.66491985321045,58.54571533203125,9.978707313537598
0.0,0.0,0.0,668.1414794921875,Blitz,155,16642.59765625,11.700292587280273,10.957798957824707,43.9520378112793,0.3388747274875641,0.09473329037427902,0.233479306101799,unknown,41.079158782958984,11.389798164367676,51.704322814941406,25.98806381225586
0.0,0.0,0.0,441.4210205078125,Blitz,157,11942.8974609375,10.836592674255371,11.214750289916992,57.10145950317383,0.35772180557250977,0.09649474918842316,0.23722796142101288,unknown,57.87578582763672,11.724601745605469,62.6340446472168,18.557567596435547
0.0,0.0,0.0,354.8485412597656,Blitz,159,12962.185546875,11.972513198852539,9.946419715881348,53.04901885986328,0.3602416515350342,0.09651033580303192,0.2362244874238968,unknown,50.893062591552734,10.26781940460205,59.35173416137695,10.876585006713867
1.0,0.0,1.0,509.3711242675781,Blitz,161,15587.763671875,11.876848220825195,10.646553993225098,64.41460418701172,0.39542683959007263,0.10764046013355255,0.2409297376871109,unknown,60.29469680786133,11.156408309936523,71.56331634521484,12.782984733581543
0.0,0.0,0.0,529.8329467773438,Blitz,163,16258.255859375,12.368328094482422,11.644948959350586,49.13454818725586,0.36220937967300415,0.09930987656116486,0.23651660978794098,unknown,41.69072341918945,12.366181373596191,54.41312026977539,21.181888580322266
0.0,0.0,0.0,554.0700073242188,Blitz,165,15260.2783203125,10.98994255065918,12.490912437438965,57.399574279785156,0.3637671172618866,0.09944649785757065,0.23889556527137756,unknown,53.98331069946289,14.394574165344238,61.33968734741211,14.141379356384277
0.0,0.0,0.0,463.4400329589844,Blitz,167,5175.96044921875,10.741841316223145,12.921685218811035,51.60507583618164,0.367178738117218,0.09910615533590317,0.23635143041610718,unknown,40.7628059387207,14.54219913482666,55.59479904174805,22.801450729370117
0.0,0.0,0.0,121.63768005371094,Blitz,169,6863.53369140625,10.036117553710938,13.132064819335938,57.96341323852539,0.35559582710266113,0.11354078352451324,0.23930828273296356,unknown,45.88460159301758,15.263405799865723,62.0822639465332,8.116470336914062
0.0,0.0,0.0,336.8016052246094,Blitz,171,6465.1328125,10.702799797058105,14.570930480957031,65.74796295166016,0.36713817715644836,0.11469273269176483,0.23995265364646912,unknown,56.9386100769043,16.97283935546875,68.43052673339844,16.076173782348633
1.0,0.0,0.0,94.67405700683594,Blitz,173,,12.810941696166992,14.70298957824707,56.56282424926758,0.3842943012714386,0.1134512647986412,0.23991768062114716,unknown,41.37293243408203,16.22754669189453,61.01209259033203,6.379126071929932
1.0,0.0,1.0,,Blitz,175,,12.253983497619629,14.670136451721191,58.99320602416992,0.3881889581680298,0.11315496265888214,0.2404286116361618,unknown,52.350467681884766,16.78057098388672,62.368648529052734,0.4667997658252716
1.0,0.0,0.0,,Blitz,177,,11.476078033447266,14.559915542602539,50.82646560668945,0.37077003717422485,0.11155467480421066,0.238107368350029,unknown,37.72810745239258,16.604127883911133,54.750038146972656,
0.0,0.0,0.0,495.2524108886719,Blume,121,9223.58984375,11.181172370910645,8.565394401550293,19.482908248901367,0.16804473102092743,0.114100381731987,0.23687788844108582,unknown,14.788681030273438,10.196819305419922,24.329540252685547,20.970069885253906
0.0,0.0,0.0,119.71939086914062,Blume,123,1860.73095703125,11.466872215270996,8.070013999938965,19.0237979888916,0.18178148567676544,0.10198360681533813,0.23467585444450378,unknown,14.920829772949219,10.062073707580566,24.6160831451416,12.048137664794922
0.0,0.0,0.0,5.487428188323975,Blume,125,166.14346313476562,11.104782104492188,8.503318786621094,23.06667137145996,0.18109194934368134,0.10156290233135223,0.23378971219062805,unknown,12.908647537231445,13.716449737548828,29.807933807373047,4.075235366821289
0.0,0.0,0.0,11.884108543395996,Blume,127,1826.613037109375,9.242934226989746,6.103590965270996,18.800573348999023,0.17061597108840942,0.11196628957986832,0.23124341666698456,unknown,11.037832260131836,8.767855644226074,28.563243865966797,4.355837345123291
0.0,0.0,0.0,111.10319519042969,Blume,129,2167.759521484375,9.895758628845215,6.736931800842285,18.637235641479492,0.16314682364463806,0.1044548898935318,0.22762922942638397,unknown,11.821100234985352,9.035446166992188,24.46444320678711,5.053058624267578
0.0,0.0,0.0,33.90885925292969,Blume,131,1433.735107421875,9.115814208984375,8.278108596801758,18.785709381103516,0.1704055517911911,0.1157851591706276,0.2330750674009323,unknown,18.79612922668457,10.0463228225708,27.554882049560547,2.3580009937286377
0.0,0.0,0.0,61.86320877075195,Blume,133,3467.4033203125,9.6585693359375,7.8862104415893555,23.508747100830078,0.1654125303030014,0.11290621012449265,0.2331119030714035,unknown,11.88904857635498,9.630864143371582,25.966798782348633,0.28278547525405884
0.0,0.0,0.0,169.5102996826172,Blume,135,5853.5576171875,8.754253387451172,8.140609741210938,21.13701820373535,0.1660933643579483,0.11444883793592453,0.23433130979537964,unknown,18.582618713378906,9.66696548461914,26.046310424804688,4.240553855895996
0.0,0.0,0.0,220.82252502441406,Blume,137,3416.666015625,9.079343795776367,7.462742805480957,26.89719581604004,0.1644071787595749,0.11865821480751038,0.23213325440883636,unknown,11.298904418945312,9.929869651794434,28.64230728149414,7.062151908874512
0.0,0.0,0.0,7.110897064208984,Blume,139,792.8353271484375,8.629076957702637,7.577796459197998,21.551462173461914,0.1677667498588562,0.11932940781116486,0.23479197919368744,unknown,20.334529876708984,9.404051780700684,26.208951950073242,7.667067527770996
0.0,0.0,0.0,59.74058151245117,Blume,141,109.52702331542969,8.656778335571289,7.963128566741943,24.38394546508789,0.1662648320198059,0.1164017915725708,0.23248454928398132,unknown,13.04379940032959,9.848865509033203,26.805095672607422,7.205018043518066
0.0,0.0,0.0,65.27391052246094,Blume,143,1279.9312744140625,8.53383731842041,7.95041036605835,26.299488067626953,0.16540652513504028,0.11477995663881302,0.2338985800743103,unknown,11.740578651428223,10.378363609313965,27.925905227661133,3.225123167037964
0.0,0.0,0.0,21.885683059692383,Blume,145,1054.9788818359375,9.058920860290527,7.772068500518799,21.93174171447754,0.1623188555240631,0.10530930012464523,0.22852717339992523,unknown,14.275071144104004,10.933090209960938,25.68488883972168,1.15287184715271
0.0,0.0,0.0,49.33194351196289,Blume,147,1978.2318115234375,8.604609489440918,6.727190017700195,19.95661163330078,0.1645323932170868,0.11081328988075256,0.2303828001022339,unknown,21.091753005981445,10.683755874633789,26.230493545532227,0.4238870441913605
0.0,0.0,0.0,82.71207427978516,Blume,149,1816.3177490234375,9.145986557006836,5.813762664794922,21.47229766845703,0.15968450903892517,0.10501772165298462,0.22806549072265625,unknown,13.865113258361816,10.190164566040039,24.888124465942383,3.0774288177490234
0.0,0.0,0.0,38.40019226074219,Blume,151,463.4563293457031,8.623808860778809,6.522492408752441,16.70707130432129,0.16147150099277496,0.10380637645721436,0.2275797575712204,unknown,23.272930145263672,12.216891288757324,26.997455596923828,2.4380173683166504
0.0,0.0,0.0,7.654838562011719,Blume,153,252.35658264160156,8.730082511901855,6.421582221984863,21.756736755371094,0.16183413565158844,0.10714690387248993,0.2292792648077011,unknown,13.039567947387695,11.025442123413086,25.21516227722168,0.15536417067050934
0.0,0.0,0.0,9.389786720275879,Blume,155,116.94245147705078,9.13369083404541,6.266737461090088,20.743328094482422,0.15959714353084564,0.10931431502103806,0.2285117357969284,unknown,14.585424423217773,11.120009422302246,25.730873107910156,0.6332898139953613
0.0,0.0,0.0,2.851052761077881,Blume,157,,8.759469032287598,6.205481052398682,16.336700439453125,0.15853093564510345,0.10568970441818237,0.22736163437366486,unknown,19.74190330505371,11.083237648010254,26.785276412963867,0.10000342130661011
0.0,0.0,0.0,,Blume,159,,8.885601997375488,6.265340805053711,18.569717407226562,0.16149276494979858,0.10773634165525436,0.22822192311286926,unknown,16.774696350097656,11.004846572875977,27.0118350982666,0.15705455839633942
0.0,0.0,0.0,,Blume,161,,8.894006729125977,6.066412925720215,18.235368728637695,0.15803000330924988,0.10708951205015182,0.22614772617816925,unknown,15.598102569580078,10.812409400939941,27.282535552978516,
0.0,0.0,1.0,65.63335418701172,Boese,127,1134.4761962890625,5.655572891235352,10.635313034057617,51.41379165649414,0.3195863366127014,0.10725713521242142,0.24580731987953186,unknown,50.02139663696289,19.846742630004883,58.07652282714844,7.62266731262207
0.0,0.0,1.0,139.8192901611328,Boese,129,6165.65771484375,6.687338829040527,10.964672088623047,42.32413101196289,0.31724029779434204,0.10562599450349808,0.24442195892333984,unknown,30.915359497070312,24.216093063354492,47.99298858642578,3.331219434738159
0.0,0.0,1.0,271.340087890625,Boese,131,7832.84228515625,7.108926296234131,10.755062103271484,41.32699203491211,0.3154541254043579,0.10652792453765869,0.2450239062309265,unknown,30.419513702392578,20.659387588500977,47.18865966796875,6.0616865158081055
0.0,0.0,1.0,250.9737091064453,Boese,133,5386.45849609375,5.352734565734863,11.774252891540527,59.98241424560547,0.30616387724876404,0.10214529931545258,0.2413414865732193,unknown,57.02130126953125,20.749231338500977,66.89606475830078,12.096774101257324
0.0,0.0,1.0,108.5498046875,Boese,135,1490.30712890625,7.721522331237793,11.907069206237793,49.57649612426758,0.3173573315143585,0.11357379704713821,0.24523787200450897,unknown,38.061561584472656,22.95650863647461,59.954986572265625,4.6694746017456055
0.0,0.0,0.0,14.079360008239746,Boese,137,2251.265380859375,5.187711238861084,11.227761268615723,59.252254486083984,0.30659201741218567,0.10328852385282516,0.24004130065441132,unknown,55.87938690185547,23.872751235961914,67.65125274658203,2.5975747108459473
0.0,0.0,1.0,139.59730529785156,Boese,139,4093.022216796875,6.466818332672119,11.254751205444336,47.66279220581055,0.31328967213630676,0.10688798129558563,0.24442334473133087,unknown,43.95640182495117,20.56333351135254,56.562015533447266,3.2690019607543945
0.0,0.0,0.0,133.6282958984375,Boese,141,2822.7060546875,8.451735496520996,11.213332176208496,39.47872543334961,0.30305394530296326,0.1026386171579361,0.23944517970085144,unknown,31.480918884277344,23.166763305664062,45.368858337402344,6.077852725982666
0.0,0.0,0.0,54.95033645629883,Boese,143,2886.460693359375,5.924459934234619,11.251705169677734,57.2041130065918,0.29350435733795166,0.0998406633734703,0.23600676655769348,unknown,54.06991958618164,22.43157196044922,61.125694274902344,2.8696341514587402
0.0,0.0,0.0,244.68710327148438,Boese,145,9488.2734375,7.667427062988281,11.571924209594727,42.9119987487793,0.3028617203235626,0.10361098498106003,0.23863863945007324,unknown,34.987831115722656,19.32161521911621,49.16474533081055,0.9589359760284424
0.0,0.0,0.0,388.0546569824219,Boese,147,8363.513671875,5.056471824645996,12.124786376953125,47.333744049072266,0.3019160032272339,0.10449357330799103,0.2382214367389679,unknown,39.44780731201172,21.518266677856445,55.5337028503418,17.112361907958984
0.0,0.0,1.0,170.18763732910156,Boese,149,4234.625,5.4261698722839355,12.502305030822754,54.50241470336914,0.3019156754016876,0.11121732741594315,0.2437046319246292,unknown,54.040409088134766,23.53635597229004,66.19788360595703,8.771411895751953
0.0,0.0,1.0,112.95086669921875,Boese,151,4285.2783203125,8.023356437683105,12.52137279510498,38.686912536621094,0.3004363477230072,0.10937447845935822,0.24120502173900604,unknown,33.01875305175781,20.545560836791992,48.534812927246094,2.732574701309204
0.0,0.0,1.0,174.17320251464844,Boese,153,1837.2833251953125,6.13933801651001,11.852472305297852,57.77197265625,0.3121563196182251,0.11171086877584457,0.24320663511753082,unknown,55.71597671508789,21.027212142944336,65.36923217773438,4.8492231369018555
0.0,0.0,0.0,52.14735412597656,Boese,155,6757.98974609375,7.561281681060791,11.872270584106445,40.72296142578125,0.30093055963516235,0.10539957880973816,0.23868520557880402,unknown,34.34128952026367,20.507326126098633,47.59609603881836,6.825625896453857
0.0,0.0,1.0,398.6875305175781,Boese,157,12367.3740234375,6.339163303375244,11.789154052734375,43.178138732910156,0.30824413895606995,0.11573486030101776,0.24453753232955933,unknown,35.724647521972656,19.12582778930664,51.81681442260742,10.279647827148438
0.0,0.0,1.0,425.87982177734375,Boese,159,,5.435868263244629,11.633917808532715,55.40950393676758,0.3095363676548004,0.10682510584592819,0.2415110021829605,unknown,53.668087005615234,20.57854461669922,64.90384674072266,16.307571411132812
0.0,0.0,1.0,,Boese,161,,6.689146995544434,11.702510833740234,46.30132293701172,0.3115371763706207,0.11379881948232651,0.2437484860420227,unknown,34.987510681152344,19.785358428955078,55.78759002685547,12.08812141418457
0.0,0.0,1.0,,Boese,163,,4.738935470581055,12.244232177734375,51.500389099121094,0.30338308215141296,0.10875913500785828,0.24059538543224335,unknown,51.132659912109375,18.890466690063477,59.59679412841797,
0.0,0.0,0.0,178.1248779296875,BroetchenAufschneiden,151,8307.447265625,9.39687728881836,7.740817546844482,20.835336685180664,0.16098526120185852,0.10180630534887314,0.23059192299842834,unknown,10.545844078063965,9.023369789123535,20.937795639038086,2.819040536880493
0.0,0.0,0.0,375.718994140625,BroetchenAufschneiden,153,10894.541015625,8.932522773742676,7.388732433319092,19.541976928710938,0.16479423642158508,0.1028817892074585,0.23060478270053864,unknown,12.420415878295898,8.611961364746094,21.48388671875,9.057331085205078
0.0,0.0,0.0,350.6104431152344,BroetchenAufschneiden,155,5761.80126953125,9.413424491882324,7.841567516326904,18.565345764160156,0.16543716192245483,0.11114612221717834,0.23221786320209503,unknown,10.750861167907715,8.903014183044434,19.069753646850586,15.99229621887207
0.0,0.0,0.0,33.76351547241211,BroetchenAufschneiden,157,892.1922607421875,8.874038696289062,7.522850036621094,18.47046661376953,0.16306865215301514,0.1042477935552597,0.23127569258213043,unknown,13.086297988891602,8.67066764831543,20.116060256958008,7.383743762969971
0.0,0.0,0.0,92.40522766113281,BroetchenAufschneiden,159,1474.835205078125,9.401874542236328,7.787150859832764,18.20956039428711,0.16580623388290405,0.10705024749040604,0.2315378189086914,unknown,10.864910125732422,9.002704620361328,18.996631622314453,5.152791500091553
0.0,0.0,0.0,9.202609062194824,BroetchenAufschneiden,161,851.78173828125,9.664862632751465,7.678886890411377,15.886584281921387,0.1627185344696045,0.11377549916505814,0.2323603332042694,unknown,11.167412757873535,8.611828804016113,17.493064880371094,1.0158952474594116
0.0,0.0,0.0,50.28288650512695,BroetchenAufschneiden,163,3758.030029296875,8.775470733642578,7.671000003814697,16.98540687561035,0.16496410965919495,0.11944472044706345,0.23505939543247223,unknown,13.641053199768066,8.469972610473633,20.04330062866211,0.7132673263549805
0.0,0.0,0.0,200.47067260742188,BroetchenAufschneiden,165,5866.568359375,9.671777725219727,8.634736061096191,21.860918045043945,0.16336998343467712,0.10897791385650635,0.2337922751903534,unknown,11.30575180053711,9.558369636535645,24.508790969848633,3.970100164413452
0.0,0.0,0.0,190.6593780517578,BroetchenAufschneiden,167,3986.32958984375,8.811881065368652,9.563813209533691,26.256074905395508,0.15912263095378876,0.10563455522060394,0.2340477854013443,unknown,14.103650093078613,10.914937019348145,31.312610626220703,9.395820617675781
0.0,0.0,0.0,75.1567611694336,BroetchenAufschneiden,169,830.6098022460938,9.691793441772461,10.1508150100708,26.581947326660156,0.15462061762809753,0.11164998263120651,0.23106317222118378,unknown,11.210094451904297,12.651848793029785,28.769685745239258,3.322552442550659
0.0,0.0,0.0,20.134868621826172,BroetchenAufschneiden,171,9903.212890625,9.325965881347656,10.178231239318848,30.397001266479492,0.15173137187957764,0.10368842631578445,0.230038583278656,unknown,13.340331077575684,12.31656265258789,36.05427169799805,1.6911581754684448
0.0,0.0,0.0,640.4386596679688,BroetchenAufschneiden,173,27199.5546875,9.661057472229004,9.724321365356445,26.87049102783203,0.15523292124271393,0.10829997807741165,0.23103776574134827,unknown,12.69649600982666,11.679547309875488,31.298913955688477,3.0185980796813965
0.0,0.0,0.0,1172.882568359375,BroetchenAufschneiden,175,27203.572265625,10.07150936126709,9.626980781555176,22.413793563842773,0.15530402958393097,0.10587548464536667,0.23033517599105835,unknown,11.588945388793945,11.858011245727539,24.327728271484375,39.691505432128906
0.0,0.0,0.0,640.69189453125,BroetchenAufschneiden,177,9958.2890625,9.720731735229492,9.331010818481445,27.202768325805664,0.153564915060997,0.10481403768062592,0.23002852499485016,unknown,11.89051628112793,10.654759407043457,28.945234298706055,38.50095748901367
0.0,0.0,0.0,23.32058334350586,BroetchenAufschneiden,179,5301.53076171875,9.948320388793945,9.573582649230957,31.265199661254883,0.15677756071090698,0.10684617608785629,0.22957675158977509,unknown,11.544195175170898,10.187297821044922,33.627464294433594,4.212969779968262
0.0,0.0,0.0,330.2301940917969,BroetchenAufschneiden,181,16927.6640625,9.375354766845703,9.637889862060547,27.26129722595215,0.1557084619998932,0.10630300641059875,0.23162713646888733,unknown,14.167375564575195,10.276371002197266,31.521398544311523,2.668610095977783
0.0,0.0,0.0,798.290283203125,BroetchenAufschneiden,183,17122.494140625,9.947443008422852,9.603553771972656,28.79881477355957,0.15778838098049164,0.11716154217720032,0.23188166320323944,unknown,11.834667205810547,10.711481094360352,33.4361686706543,24.68070411682129
0.0,0.0,0.0,343.25604248046875,BroetchenAufschneiden,185,3053.3330078125,9.609037399291992,12.170805931091309,27.783010482788086,0.15232406556606293,0.11039388924837112,0.2286992073059082,unknown,12.26236343383789,15.188241958618164,31.242008209228516,28.539358139038086
0.0,0.0,0.0,140.55963134765625,BroetchenAufschneiden,187,2000.6190185546875,9.145625114440918,12.317524909973145,27.330251693725586,0.1495734602212906,0.10566001385450363,0.22765667736530304,unknown,13.11623477935791,16.870807647705078,31.621906280517578,5.670893669128418
0.0,0.0,0.0,9.576641082763672,BroetchenAufschneiden,189,372.9645690917969,9.777034759521484,11.588749885559082,25.98609733581543,0.15212683379650116,0.106862373650074,0.2295217514038086,unknown,11.607817649841309,16.33136558532715,29.207565307617188,3.7012691497802734
0.0,0.0,0.0,15.820833206176758,BroetchenAufschneiden,191,1958.0648193359375,9.711813926696777,10.540453910827637,25.54979133605957,0.15238551795482635,0.11652906239032745,0.22973637282848358,unknown,11.805339813232422,13.82280445098877,28.854110717773438,4.207720756530762
0.0,0.0,0.0,145.47787475585938,BroetchenAufschneiden,193,5970.66455078125,9.653375625610352,9.439923286437988,23.166601181030273,0.15340860188007355,0.11489851027727127,0.2312903106212616,unknown,13.7285795211792,11.431328773498535,29.27614974975586,3.1971311569213867
0.0,0.0,0.0,252.5746307373047,BroetchenAufschneiden,195,8222.646484375,9.444639205932617,9.154728889465332,25.68599510192871,0.15549428761005402,0.11489050090312958,0.23033112287521362,unknown,13.40713882446289,11.225934028625488,30.81161117553711,6.502552509307861
0.0,0.0,0.0,295.6200866699219,BroetchenAufschneiden,197,6143.93994140625,10.2565279006958,8.866394996643066,22.30422019958496,0.16032753884792328,0.12135593593120575,0.2328062802553177,unknown,12.637835502624512,11.351248741149902,26.63170051574707,10.336143493652344
0.0,0.0,0.0,114.11644744873047,BroetchenAufschneiden,199,1945.865234375,9.62619400024414,8.564990043640137,29.272029876708984,0.15184170007705688,0.11858179420232773,0.2281571477651596,unknown,14.706732749938965,9.28622817993164,33.6251106262207,9.373408317565918
0.0,0.0,0.0,16.139724731445312,BroetchenAufschneiden,201,287.8129577636719,10.240023612976074,9.080327033996582,26.94176483154297,0.15022464096546173,0.11015142500400543,0.22963286936283112,unknown,12.113086700439453,11.972302436828613,31.02253532409668,1.8103176355361938
0.0,0.0,0.0,4.5007853507995605,BroetchenAufschneiden,203,1434.337158203125,9.662335395812988,9.639524459838867,25.58591651916504,0.15208487212657928,0.11665085703134537,0.22890853881835938,unknown,14.427472114562988,12.6728515625,30.157583236694336,2.796471118927002
0.0,0.0,0.0,98.02684783935547,BroetchenAufschneiden,205,383.44189453125,9.900423049926758,9.307428359985352,28.529132843017578,0.14901474118232727,0.12690649926662445,0.22751331329345703,unknown,11.846181869506836,12.900246620178223,33.036582946777344,2.6307718753814697
0.0,0.0,0.0,123.1534194946289,BroetchenAufschneiden,207,5404.12890625,10.204972267150879,8.612275123596191,22.889793395996094,0.1506897509098053,0.12491924315690994,0.22738982737064362,unknown,11.760732650756836,12.979104995727539,25.17827606201172,3.9063732624053955
0.0,0.0,0.0,237.1267547607422,BroetchenAufschneiden,209,4651.32861328125,9.914058685302734,9.444113731384277,20.10215187072754,0.14958776533603668,0.1224399283528328,0.22759990394115448,unknown,12.113102912902832,13.761003494262695,23.190895080566406,12.112826347351074
0.0,0.0,0.0,73.0464859008789,BroetchenAufschneiden,211,1084.09765625,9.67577075958252,8.988556861877441,25.03245735168457,0.14962518215179443,0.12463591992855072,0.22624541819095612,unknown,14.73960018157959,11.692086219787598,28.381134033203125,3.7015013694763184
0.0,0.0,0.0,4.296504020690918,BroetchenAufschneiden,213,761.22900390625,10.275200843811035,8.7211275100708,23.47881317138672,0.1495935618877411,0.13084609806537628,0.2285759449005127,unknown,11.76844596862793,11.854331970214844,25.708515167236328,1.169450044631958
0.0,0.0,0.0,49.819091796875,BroetchenAufschneiden,215,311.6849060058594,10.23526382446289,8.465964317321777,22.917617797851562,0.1530783772468567,0.1235550120472908,0.22905276715755463,unknown,11.855112075805664,11.381145477294922,26.716136932373047,1.2325806617736816
0.0,0.0,0.0,30.959606170654297,BroetchenAufschneiden,217,3124.64013671875,9.611814498901367,9.653765678405762,24.94942283630371,0.1527210921049118,0.11312967538833618,0.22771784663200378,unknown,13.721420288085938,12.54560375213623,28.544797897338867,2.099874496459961
0.0,0.0,0.0,177.4562530517578,BroetchenAufschneiden,219,3273.467041015625,9.427390098571777,9.682421684265137,30.075090408325195,0.15255704522132874,0.10130457580089569,0.22815285623073578,unknown,13.825919151306152,12.254410743713379,34.84901428222656,4.148121356964111
0.0,0.0,0.0,40.82931137084961,BroetchenAufschneiden,221,835.94921875,9.850639343261719,9.695216178894043,27.1281795501709,0.14992354810237885,0.10505159199237823,0.22821378707885742,unknown,12.220052719116211,14.134349822998047,31.619247436523438,7.682769775390625
0.0,0.0,0.0,15.131831169128418,BroetchenAufschneiden,223,1892.306396484375,9.268033027648926,9.129315376281738,24.55136489868164,0.1537608504295349,0.1080838292837143,0.23076166212558746,unknown,15.607209205627441,13.848366737365723,30.272491455078125,4.968040466308594
0.0,0.0,0.0,111.3775634765625,BroetchenAufschneiden,225,2370.968505859375,9.885927200317383,9.362129211425781,26.574542999267578,0.14963212609291077,0.11087966710329056,0.22817763686180115,unknown,11.964677810668945,14.028409004211426,30.330976486206055,5.948853015899658
0.0,0.0,0.0,46.71389389038086,BroetchenAufschneiden,227,4318.87060546875,8.987478256225586,9.424863815307617,25.28173065185547,0.14943911135196686,0.11854565143585205,0.22890697419643402,unknown,14.120545387268066,13.165498733520508,29.474964141845703,1.478621006011963
0.0,0.0,0.0,241.27865600585938,BroetchenAufschneiden,229,6559.455078125,9.929571151733398,9.105270385742188,25.058704376220703,0.15548519790172577,0.11799634993076324,0.2301381230354309,unknown,12.107834815979004,13.287466049194336,28.96564483642578,1.6364670991897583
0.0,0.0,0.0,196.0407257080078,BroetchenAufschneiden,231,1606.200439453125,9.23843765258789,10.606139183044434,27.633047103881836,0.15772365033626556,0.11179319769144058,0.2298101931810379,unknown,14.285637855529785,15.902379989624023,32.71602249145508,14.451348304748535
0.0,0.0,0.0,89.70915222167969,BroetchenAufschneiden,233,5260.9990234375,9.141926765441895,10.983112335205078,28.013383865356445,0.1553153246641159,0.10083255171775818,0.22907212376594543,unknown,13.808506965637207,16.17024040222168,33.631507873535156,1.4065399169921875
0.0,0.0,0.0,261.1265563964844,BroetchenAufschneiden,235,9519.9326171875,9.375749588012695,11.786115646362305,28.0463809967041,0.15172339975833893,0.09701746702194214,0.22741298377513885,unknown,11.38004207611084,16.586950302124023,32.69612121582031,4.583981513977051
0.0,0.0,0.0,373.5466613769531,BroetchenAufschneiden,237,10395.658203125,9.015870094299316,11.455223083496094,30.49850082397461,0.15647538006305695,0.1026158481836319,0.22855181992053986,unknown,14.427359580993652,14.272143363952637,37.9046630859375,12.826330184936523
0.0,0.0,0.0,319.5237121582031,BroetchenAufschneiden,239,6748.24365234375,9.358531951904297,10.049653053283691,25.292240142822266,0.15059451758861542,0.1108739972114563,0.2276574671268463,unknown,11.381006240844727,13.85055160522461,30.563196182250977,12.07701301574707
0.0,0.0,0.0,130.3899688720703,BroetchenAufschneiden,241,,9.314762115478516,9.861390113830566,27.130502700805664,0.15365885198116302,0.10936257243156433,0.2264629453420639,unknown,14.806112289428711,14.653529167175293,31.341638565063477,9.227618217468262
0.0,0.0,0.0,,BroetchenAufschneiden,243,,10.046269416809082,9.893109321594238,24.653926849365234,0.15316735208034515,0.102901890873909,0.2277044653892517,unknown,11.832357406616211,16.155736923217773,29.02704429626465,0.5402023196220398
0.0,0.0,0.0,,BroetchenAufschneiden,245,,9.866140365600586,11.236513137817383,27.847244262695312,0.1549738198518753,0.10274148732423782,0.2290317714214325,unknown,13.060921669006348,16.489049911499023,33.64570617675781,
0.0,0.0,0.0,112.82929992675781,Dort,171,2955.59033203125,8.126306533813477,9.781890869140625,37.384033203125,0.3248169720172882,0.10603227466344833,0.23746246099472046,unknown,45.95082473754883,11.578659057617188,45.49815368652344,9.722034454345703
0.0,0.0,0.0,84.27230834960938,Dort,173,793.5962524414062,8.098739624023438,9.967273712158203,37.72065734863281,0.31411057710647583,0.10122557729482651,0.23837609589099884,unknown,47.093223571777344,11.401078224182129,47.40617752075195,2.221771001815796
0.0,0.0,0.0,36.68167495727539,Dort,175,2946.87158203125,8.292957305908203,9.780064582824707,37.40357971191406,0.34866762161254883,0.10530991107225418,0.23914599418640137,unknown,45.408119201660156,10.92394733428955,46.45256423950195,7.810305595397949
0.0,0.0,0.0,161.2880401611328,Dort,177,2724.371826171875,7.7588276863098145,10.595723152160645,40.5263557434082,0.3415811061859131,0.10064549744129181,0.24011275172233582,unknown,48.69443130493164,12.039298057556152,51.044647216796875,10.104763984680176
0.0,0.0,0.0,20.942977905273438,Dort,179,869.857177734375,7.957472324371338,10.785452842712402,37.42360305786133,0.3391146659851074,0.09957408159971237,0.2403692752122879,unknown,44.249454498291016,11.405637741088867,46.223697662353516,0.6625829339027405
0.0,0.0,0.0,37.35761642456055,Dort,181,577.2662963867188,8.025179862976074,10.507107734680176,40.5545768737793,0.34142717719078064,0.09854721277952194,0.23972362279891968,unknown,49.50431442260742,11.63444995880127,48.42622756958008,0.7482554316520691
0.0,0.0,0.0,1.9801700115203857,Dort,183,97.30440521240234,8.452842712402344,10.001350402832031,37.998329162597656,0.34577715396881104,0.09964928030967712,0.23998942971229553,unknown,42.61406707763672,10.717881202697754,47.21797180175781,1.783757209777832
0.0,0.0,0.0,6.788130760192871,Dort,185,119.55812072753906,8.02294635772705,10.05811595916748,37.23231887817383,0.3486892282962799,0.1008046492934227,0.23998315632343292,unknown,41.8609619140625,11.146646499633789,47.04216384887695,1.7097209692001343
1.0,0.0,1.0,10.422361373901367,Dort,187,413.9526672363281,8.31131649017334,10.155040740966797,38.313514709472656,0.3780481517314911,0.09939747303724289,0.24080577492713928,unknown,44.58291244506836,11.322120666503906,48.48747253417969,1.3114383220672607
0.0,0.0,0.0,17.30562400817871,Dort,189,333.58782958984375,7.631905555725098,9.826462745666504,38.06095886230469,0.35553163290023804,0.09999233484268188,0.23976118862628937,unknown,45.65434646606445,10.747468948364258,46.611839294433594,0.6553334593772888
0.0,0.0,0.0,5.1248579025268555,Dort,191,,8.461772918701172,9.803181648254395,35.575706481933594,0.34816625714302063,0.10052590817213058,0.2386004775762558,unknown,42.290550231933594,10.804464340209961,44.487667083740234,1.760443925857544
0.0,0.0,0.0,,Dort,193,,8.110057830810547,9.84122371673584,38.066646575927734,0.35555949807167053,0.10146674513816833,0.2383849024772644,unknown,44.976890563964844,10.752559661865234,47.341556549072266,1.4505701065063477
0.0,0.0,0.0,,Dort,195,,7.9081525802612305,9.840781211853027,40.32659149169922,0.3408648371696472,0.10251622647047043,0.23883628845214844,unknown,46.786006927490234,11.464712142944336,49.18916320800781,
0.0,0.0,1.0,178.40411376953125,Duenn,156,1576.4727783203125,6.9014201164245605,13.329867362976074,27.498321533203125,0.33264103531837463,0.10702211409807205,0.24198202788829803,unknown,24.16371726989746,14.5870943069458,37.96333312988281,9.462061882019043
0.0,0.0,1.0,74.09534454345703,Duenn,158,1669.359619140625,7.483727931976318,13.436543464660645,42.97263717651367,0.31951290369033813,0.10628654807806015,0.24152110517024994,unknown,49.878196716308594,15.160980224609375,52.65739440917969,2.4381237030029297
0.0,0.0,1.0,37.65682601928711,Duenn,160,1566.02099609375,8.651588439941406,12.753896713256836,37.42695999145508,0.3542577028274536,0.10418177396059036,0.2430468648672104,unknown,44.03038787841797,14.11295223236084,47.474159240722656,7.355466365814209
0.0,0.0,0.0,140.831787109375,Duenn,162,3015.993408203125,8.592622756958008,12.513910293579102,27.95027732849121,0.31476303935050964,0.10525906085968018,0.23982317745685577,unknown,28.223962783813477,13.696521759033203,38.097957611083984,4.905008792877197
0.0,0.0,1.0,60.4346809387207,Duenn,164,175.64698791503906,8.95118522644043,12.867149353027344,29.476036071777344,0.33206456899642944,0.10021509975194931,0.2428450733423233,unknown,27.953350067138672,14.23581600189209,37.138755798339844,4.522934436798096
0.0,0.0,1.0,53.244964599609375,Duenn,166,4098.24755859375,8.522772789001465,13.350984573364258,41.31036376953125,0.325504332780838,0.10334541648626328,0.24212820827960968,unknown,46.729148864746094,14.487974166870117,50.59712219238281,0.5140377283096313
0.0,0.0,0.0,220.5859375,Duenn,168,4881.7841796875,6.809054374694824,13.575636863708496,44.98975372314453,0.295138418674469,0.10094839334487915,0.23738090693950653,unknown,47.04011917114258,14.851176261901855,53.542667388916016,3.0511116981506348
0.0,0.0,1.0,104.90001678466797,Duenn,170,842.0911865234375,8.77448844909668,13.823143005371094,30.9024658203125,0.30984124541282654,0.1071438193321228,0.24325411021709442,unknown,29.736446380615234,15.35926342010498,40.536781311035156,11.701445579528809
0.0,0.0,1.0,49.247230529785156,Duenn,172,751.9730834960938,8.155683517456055,14.56567096710205,41.39300537109375,0.32922202348709106,0.10439130663871765,0.24098677933216095,unknown,47.87311935424805,15.957183837890625,50.11372756958008,4.736562728881836
0.0,0.0,1.0,9.763834953308105,Duenn,174,783.2268676757812,7.714506149291992,14.053238868713379,39.439422607421875,0.3219362795352936,0.10429400205612183,0.24149009585380554,unknown,44.611488342285156,15.008794784545898,47.60947799682617,1.4839401245117188
0.0,0.0,1.0,46.472957611083984,Duenn,176,1166.806640625,9.171391487121582,13.823243141174316,36.09257507324219,0.31751158833503723,0.1030944436788559,0.2410556674003601,unknown,40.53382110595703,14.776497840881348,44.20270919799805,1.436654806137085
0.0,0.0,0.0,33.510780334472656,Duenn,178,2356.60693359375,7.600709438323975,13.685074806213379,44.41595458984375,0.3167804181575775,0.10009998828172684,0.23912882804870605,unknown,48.88814926147461,14.839441299438477,50.62568283081055,1.671338438987732
0.0,0.0,0.0,130.53582763671875,Duenn,180,4801.9619140625,9.381294250488281,13.531001091003418,33.17607879638672,0.30604079365730286,0.10175959765911102,0.23572558164596558,unknown,33.8223762512207,14.604387283325195,40.93943786621094,0.7689176797866821
0.0,0.0,0.0,189.8782196044922,Duenn,182,869.150634765625,7.702450275421143,13.146617889404297,48.48047637939453,0.3018271028995514,0.10331543534994125,0.23902280628681183,unknown,53.8638801574707,14.11072063446045,55.237667083740234,8.726210594177246
0.0,0.0,0.0,151.6971893310547,Duenn,184,7519.271484375,9.083319664001465,13.252565383911133,32.79621887207031,0.2999401390552521,0.10190360248088837,0.2362699806690216,unknown,32.609066009521484,14.192596435546875,41.51702117919922,3.962705612182617
0.0,0.0,0.0,350.14617919921875,Duenn,186,7259.3583984375,7.216001510620117,13.621230125427246,45.071533203125,0.2955770194530487,0.10346369445323944,0.23828943073749542,unknown,50.39451599121094,14.460977554321289,52.49261474609375,13.956439971923828
0.0,0.0,0.0,133.94000244140625,Duenn,188,659.0830688476562,8.3245267868042,13.557459831237793,43.67287826538086,0.3084007501602173,0.10210830718278885,0.238971546292305,unknown,51.744537353515625,14.329187393188477,50.608009338378906,9.407115936279297
0.0,0.0,0.0,90.44449615478516,Duenn,190,2890.54638671875,8.059492111206055,13.612874031066895,34.81888961791992,0.3111828565597534,0.1055145412683487,0.23932388424873352,unknown,32.15171432495117,14.56617259979248,42.62312698364258,0.4902074933052063
0.0,0.0,0.0,102.65685272216797,Duenn,192,2110.91845703125,9.071036338806152,13.67424488067627,35.720428466796875,0.31363335251808167,0.10350243747234344,0.2403225302696228,unknown,34.52785873413086,14.58815860748291,43.18880844116211,5.555975437164307
0.0,0.0,0.0,41.45261001586914,Duenn,194,1348.4815673828125,8.943137168884277,13.96397590637207,49.42815017700195,0.3204702138900757,0.10363764315843582,0.23970702290534973,unknown,54.24375915527344,14.73838996887207,56.848358154296875,1.469743013381958
0.0,0.0,0.0,48.9028205871582,Duenn,196,,9.61540412902832,13.834346771240234,34.08749008178711,0.30837053060531616,0.10378608107566833,0.238397017121315,unknown,35.866275787353516,14.602625846862793,41.777645111083984,1.309763789176941
0.0,0.0,0.0,,Duenn,198,,7.489896297454834,13.813922882080078,46.46712875366211,0.3034788966178894,0.10159656405448914,0.2365735024213791,unknown,52.857879638671875,14.873695373535156,52.89838409423828,2.0216081142425537
0.0,0.0,0.0,,Duenn,200,,8.076227188110352,13.766805648803711,33.65390396118164,0.3022421598434448,0.1042308360338211,0.23956622183322906,unknown,35.68921661376953,14.485934257507324,41.8270263671875,
0.0,0.0,0.0,35.01266860961914,Einkaufen,142,1141.593994140625,7.288216590881348,10.250227928161621,19.484817504882812,0.16971415281295776,0.0999407023191452,0.23046424984931946,unknown,9.184704780578613,11.569174766540527,21.62457847595215,1.9841089248657227
0.0,0.0,0.0,110.5257797241211,Einkaufen,144,883.2301025390625,6.949005603790283,9.586029052734375,19.708845138549805,0.16317178308963776,0.10323488712310791,0.23184405267238617,unknown,10.288840293884277,11.565998077392578,21.37309455871582,4.268904209136963
0.0,0.0,0.0,52.31836700439453,Einkaufen,146,4753.2255859375,7.127712726593018,10.577069282531738,20.951692581176758,0.15874460339546204,0.1058550700545311,0.23035655915737152,unknown,10.837297439575195,13.052852630615234,22.7227725982666,11.634758949279785
0.0,0.0,0.0,264.70751953125,Einkaufen,148,2892.0283203125,7.03611421585083,12.486506462097168,21.000246047973633,0.1567710041999817,0.11018352955579758,0.23011630773544312,unknown,9.381241798400879,15.232077598571777,23.61098861694336,15.10719108581543
0.0,0.0,0.0,72.03270721435547,Einkaufen,150,3426.942626953125,8.005946159362793,14.055736541748047,20.07693862915039,0.15554338693618774,0.09826425462961197,0.2269924134016037,unknown,9.310142517089844,16.040428161621094,21.620914459228516,2.5433757305145264
0.0,0.0,0.0,156.46961975097656,Einkaufen,152,1870.2314453125,9.116582870483398,15.833958625793457,21.693056106567383,0.16274970769882202,0.1018386259675026,0.23101763427257538,unknown,12.632495880126953,18.117965698242188,22.87024688720703,7.338571548461914
0.0,0.0,0.0,32.040802001953125,Einkaufen,154,3383.629638671875,9.912647247314453,15.818668365478516,18.46320152282715,0.15955866873264313,0.10902222990989685,0.23101836442947388,unknown,10.720486640930176,18.135534286499023,21.472965240478516,3.095053195953369
0.0,0.0,0.0,193.67787170410156,Einkaufen,156,4339.99169921875,9.22892951965332,15.754570960998535,18.19284439086914,0.16034437716007233,0.10615023225545883,0.23251719772815704,unknown,10.387659072875977,17.9821720123291,20.16405487060547,5.217498302459717
0.0,0.0,0.0,95.66166687011719,Einkaufen,158,812.1837158203125,8.850676536560059,15.192949295043945,20.46297264099121,0.1583281308412552,0.11368126422166824,0.23215213418006897,unknown,11.752116203308105,16.5986385345459,22.17277717590332,7.695582866668701
0.0,0.0,0.0,149.6990203857422,Einkaufen,160,6170.5419921875,9.048770904541016,14.566322326660156,16.203922271728516,0.16504710912704468,0.11484093964099884,0.23188430070877075,unknown,11.120006561279297,15.237709045410156,20.254247665405273,1.3225430250167847
0.0,0.0,0.0,261.6847229003906,Einkaufen,162,5615.86181640625,8.340171813964844,13.24503231048584,16.986730575561523,0.1661955863237381,0.10878941416740417,0.23339371383190155,unknown,10.07465648651123,13.655926704406738,19.72316551208496,8.661605834960938
0.0,0.0,0.0,112.73905944824219,Einkaufen,164,5749.37548828125,7.474947452545166,13.2350492477417,19.062191009521484,0.16762511432170868,0.10993972420692444,0.23034808039665222,unknown,9.228814125061035,13.642674446105957,23.148168563842773,8.786201477050781
0.0,0.0,0.0,270.59490966796875,Einkaufen,166,11852.0224609375,6.627094268798828,12.18146800994873,16.17062759399414,0.15968671441078186,0.099590003490448,0.22512629628181458,unknown,9.348519325256348,12.704782485961914,23.194488525390625,1.2891414165496826
0.0,0.0,0.0,519.5701293945312,Einkaufen,168,6749.19921875,5.766313552856445,10.29253101348877,17.908052444458008,0.1616414189338684,0.0997818186879158,0.22648829221725464,unknown,8.71084213256836,10.733574867248535,23.77986717224121,19.31377601623535
0.0,0.0,0.0,70.71402740478516,Einkaufen,170,6450.0703125,5.509853839874268,11.227237701416016,17.62347412109375,0.15517470240592957,0.10047845542430878,0.22714045643806458,unknown,8.896872520446777,13.13440990447998,19.8442440032959,15.326504707336426
0.0,0.0,0.0,359.84393310546875,Einkaufen,172,9906.173828125,6.522209644317627,11.71993350982666,19.093290328979492,0.15414728224277496,0.10485853254795074,0.22742751240730286,unknown,8.86398696899414,14.904914855957031,21.56377410888672,19.985538482666016
0.0,0.0,0.0,300.5953369140625,Einkaufen,174,5298.60693359375,8.258880615234375,15.442543983459473,20.49712562561035,0.1545257717370987,0.10353405773639679,0.22644779086112976,unknown,9.810171127319336,18.893598556518555,23.194978713989258,4.00866174697876
0.0,0.0,0.0,52.68190383911133,Einkaufen,176,2660.543212890625,9.454541206359863,15.704172134399414,19.819019317626953,0.1575869768857956,0.10160430520772934,0.22767409682273865,unknown,11.425515174865723,18.57787322998047,21.669118881225586,16.035009384155273
0.0,1.0,0.0,229.9588623046875,Einkaufen,178,,9.988483428955078,14.59116268157959,20.293344497680664,0.16078174114227295,0.2278846949338913,0.23419231176376343,unknown,11.608611106872559,17.748641967773438,22.018083572387695,12.527052879333496
0.0,1.0,0.0,,Einkaufen,180,,9.63050365447998,14.647244453430176,18.495826721191406,0.16667455434799194,0.2377883940935135,0.2371722310781479,unknown,10.608816146850586,17.365604400634766,21.138225555419922,2.8047068119049072
0.0,1.0,0.0,,Einkaufen,182,,9.107017517089844,14.267200469970703,17.01327133178711,0.1662476807832718,0.24308155477046967,0.23736000061035156,unknown,9.645785331726074,15.860262870788574,21.08339500427246,
0.0,0.0,0.0,425.12451171875,Einnehmen,161,12174.572265625,8.19985294342041,5.498327732086182,19.993892669677734,0.18090081214904785,0.1013367772102356,0.23722724616527557,unknown,10.279341697692871,10.747971534729004,24.621477127075195,26.85499382019043
0.0,0.0,0.0,386.5176696777344,Einnehmen,163,9568.4140625,8.174478530883789,4.4526286125183105,20.5411319732666,0.17281575500965118,0.10106320679187775,0.23157529532909393,unknown,10.401037216186523,10.871607780456543,28.270801544189453,1.5207651853561401
0.0,0.0,0.0,251.39364624023438,Einnehmen,165,787.1144409179688,7.5354766845703125,4.490538120269775,23.59450912475586,0.17033301293849945,0.11424010992050171,0.23582641780376434,unknown,10.50339126586914,10.148026466369629,31.788314819335938,24.28144073486328
0.0,0.0,0.0,301.609619140625,Einnehmen,167,8528.8251953125,7.396294593811035,4.5208024978637695,25.657209396362305,0.17542676627635956,0.12696976959705353,0.23907023668289185,unknown,10.309813499450684,9.904245376586914,37.40003204345703,7.531255722045898
0.0,0.0,0.0,267.1416015625,Einnehmen,169,6546.8447265625,6.992727279663086,4.750617027282715,24.726455688476562,0.16674178838729858,0.11847169697284698,0.23734943568706512,unknown,10.584001541137695,10.653704643249512,34.832664489746094,12.576884269714355
0.0,0.0,0.0,169.5855712890625,Einnehmen,171,3812.882568359375,6.7835612297058105,5.65640115737915,28.3103084564209,0.168418750166893,0.11914294213056564,0.2368006706237793,unknown,9.221942901611328,12.776192665100098,39.2468376159668,5.274052619934082
0.0,0.0,0.0,84.89620208740234,Einnehmen,173,3386.21533203125,6.77036714553833,6.638778209686279,20.28487777709961,0.17167945206165314,0.1167880967259407,0.23708830773830414,unknown,23.539058685302734,13.073827743530273,42.62429428100586,6.041630268096924
0.0,0.0,0.0,141.2312469482422,Einnehmen,175,3228.4169921875,7.196871757507324,7.369340896606445,25.92095947265625,0.1710679531097412,0.11622584611177444,0.23607249557971954,unknown,10.558810234069824,9.340837478637695,38.743507385253906,0.5749854445457458
0.0,0.0,0.0,74.00054168701172,Einnehmen,177,519.6063232421875,7.787972450256348,7.690956115722656,17.06460952758789,0.1707645058631897,0.11762004345655441,0.23579052090644836,unknown,17.113971710205078,8.915336608886719,36.21968460083008,9.85409164428711
0.0,0.0,0.0,39.838348388671875,Einnehmen,179,606.52001953125,7.707572937011719,7.294623374938965,21.533010482788086,0.1654592603445053,0.11552447080612183,0.2345951348543167,unknown,8.727628707885742,7.803812503814697,37.20894241333008,4.938467025756836
0.0,0.0,0.0,4.492853164672852,Einnehmen,181,761.3423461914062,8.463666915893555,7.564260482788086,19.058368682861328,0.16485965251922607,0.11558283865451813,0.23471678793430328,unknown,10.748135566711426,9.14053726196289,35.3032112121582,2.284508466720581
0.0,0.0,0.0,49.47160720825195,Einnehmen,183,3490.548095703125,8.548436164855957,7.848208904266357,16.278837203979492,0.16611281037330627,0.11332007497549057,0.2329881638288498,unknown,14.550838470458984,8.99915885925293,35.71358108520508,2.313258171081543
0.0,0.0,0.0,183.48707580566406,Einnehmen,185,4917.7001953125,8.663211822509766,8.278594017028809,17.983428955078125,0.1657833755016327,0.11455369740724564,0.23177647590637207,unknown,10.629888534545898,9.480117797851562,32.122947692871094,1.0621511936187744
0.0,0.0,0.0,144.3695526123047,Einnehmen,187,3968.779296875,8.977516174316406,8.848173141479492,15.872340202331543,0.16487258672714233,0.12218819558620453,0.2326798141002655,unknown,25.01750373840332,10.197015762329102,32.842735290527344,11.274556159973145
0.0,0.0,0.0,120.22120666503906,Einnehmen,189,6506.14306640625,8.545811653137207,9.622411727905273,20.373306274414062,0.16856837272644043,0.11847912520170212,0.23574773967266083,unknown,10.10592269897461,11.503995895385742,23.739917755126953,1.7009215354919434
0.0,0.0,0.0,313.652587890625,Einnehmen,191,7697.30908203125,9.052179336547852,10.565581321716309,17.632591247558594,0.16923433542251587,0.11676196753978729,0.23555247485637665,unknown,19.403812408447266,12.770435333251953,23.091123580932617,9.663902282714844
0.0,0.0,0.0,199.5507354736328,Einnehmen,193,804.4862670898438,8.633251190185547,10.865424156188965,20.0290584564209,0.17246100306510925,0.12132710218429565,0.23634009063243866,unknown,10.11512279510498,14.51970100402832,24.17173957824707,11.246458053588867
0.0,0.0,0.0,251.0481414794922,Einnehmen,195,8159.65283203125,9.711366653442383,11.46596622467041,17.712194442749023,0.16556647419929504,0.12453892081975937,0.23433925211429596,unknown,21.838176727294922,15.118929862976074,24.814504623413086,2.0898678302764893
0.0,0.0,0.0,293.014404296875,Einnehmen,197,4672.43505859375,9.606916427612305,12.01253604888916,20.760330200195312,0.16654975712299347,0.1274740844964981,0.2351660430431366,unknown,10.90604019165039,16.4930419921875,25.05710220336914,18.773197174072266
0.0,0.0,0.0,18.56412124633789,Einnehmen,199,812.9734497070312,9.261711120605469,11.996949195861816,19.687713623046875,0.1637328416109085,0.11757408827543259,0.22933892905712128,unknown,10.391253471374512,15.818349838256836,33.40220260620117,0.8097467422485352
0.0,0.0,0.0,72.72632598876953,Einnehmen,201,2539.3212890625,9.326934814453125,11.949915885925293,16.636505126953125,0.16203615069389343,0.1185779795050621,0.22904613614082336,unknown,14.957651138305664,14.534703254699707,34.10089111328125,0.4829120635986328
0.0,0.0,0.0,96.60501861572266,Einnehmen,203,1031.3648681640625,9.41045093536377,11.96703052520752,16.06885528564453,0.1623675376176834,0.1230396181344986,0.22919005155563354,unknown,21.63286590576172,14.579230308532715,34.90810775756836,5.303205966949463
0.0,0.0,0.0,28.680042266845703,Einnehmen,205,1804.28759765625,9.448580741882324,12.06296443939209,19.674407958984375,0.16641473770141602,0.12402285635471344,0.23002852499485016,unknown,10.807623863220215,15.317183494567871,33.74806594848633,1.1384104490280151
0.0,0.0,0.0,91.75627136230469,Einnehmen,207,1864.6871337890625,9.494912147521973,12.520122528076172,18.581525802612305,0.16467000544071198,0.12395600229501724,0.23203395307064056,unknown,11.265844345092773,16.262475967407227,28.121274948120117,3.025509834289551
0.0,0.0,0.0,32.981597900390625,Einnehmen,209,541.2276611328125,10.7307710647583,12.38102912902832,18.688920974731445,0.16897138953208923,0.12964887917041779,0.23375442624092102,unknown,30.163528442382812,15.589692115783691,30.530614852905273,3.0918936729431152
0.0,0.0,0.0,4.999685764312744,Einnehmen,211,268.4713439941406,9.225486755371094,12.713432312011719,18.340320587158203,0.17127135396003723,0.12686561048030853,0.2345455139875412,unknown,11.28378677368164,16.715299606323242,24.99697494506836,0.9937461614608765
0.0,0.0,0.0,13.652888298034668,Einnehmen,213,575.7814331054688,8.77680492401123,12.713071823120117,16.50201416015625,0.17221584916114807,0.13148020207881927,0.2352491170167923,unknown,15.485857963562012,15.703506469726562,27.19349479675293,1.0534404516220093
0.0,0.0,0.0,24.765422821044922,Einnehmen,215,3365.369873046875,9.392776489257812,12.941804885864258,16.9963321685791,0.172061026096344,0.12900322675704956,0.2348463386297226,unknown,11.711152076721191,16.143138885498047,26.465614318847656,0.4426814317703247
0.0,0.0,0.0,203.4794464111328,Einnehmen,217,,9.744318962097168,13.127062797546387,17.07073974609375,0.1653907299041748,0.12723222374916077,0.23383252322673798,unknown,26.44855499267578,16.61273193359375,27.139833450317383,1.7624766826629639
0.0,0.0,0.0,,Einnehmen,219,,9.329421043395996,13.047595024108887,18.153385162353516,0.17026378214359283,0.13190753757953644,0.23556670546531677,unknown,11.59270191192627,16.488101959228516,25.866756439208984,11.854527473449707
0.0,0.0,0.0,,Einnehmen,221,,9.439312934875488,13.165119171142578,19.14225959777832,0.16795124113559723,0.12220039963722229,0.23631907999515533,unknown,13.46038818359375,16.58897590637207,22.913963317871094,
0.0,1.0,0.0,142.3686065673828,EinstellenJob,140,5030.09423828125,6.290748119354248,4.650830268859863,23.235918045043945,0.18202657997608185,0.14944817125797272,0.23415179550647736,unknown,10.930686950683594,10.955078125,29.296661376953125,7.573785305023193
0.0,1.0,0.0,193.0235137939453,EinstellenJob,142,1858.759765625,6.399988174438477,4.473848819732666,24.62236785888672,0.1739245504140854,0.14295075833797455,0.23106124997138977,unknown,10.669493675231934,9.687518119812012,30.828441619873047,1.9504700899124146
0.0,1.0,0.0,69.44282531738281,EinstellenJob,144,5966.0009765625,6.263999938964844,4.618923187255859,24.191078186035156,0.17693406343460083,0.13889095187187195,0.23210705816745758,unknown,10.641356468200684,10.201273918151855,30.03075408935547,10.9624662399292
0.0,0.0,0.0,467.0649108886719,EinstellenJob,146,6971.58349609375,6.164668083190918,4.694004058837891,23.844898223876953,0.17083892226219177,0.12913981080055237,0.2303285002708435,unknown,10.632822036743164,8.675127029418945,28.392473220825195,15.587135314941406
0.0,0.0,0.0,8.307260513305664,EinstellenJob,148,1829.0196533203125,6.3394975662231445,5.015864849090576,23.499095916748047,0.17431913316249847,0.1227666437625885,0.22929389774799347,unknown,10.432133674621582,9.635736465454102,28.84809684753418,46.7228889465332
0.0,0.0,0.0,119.06802368164062,EinstellenJob,150,3115.85791015625,6.230294704437256,4.604417324066162,20.619447708129883,0.16716596484184265,0.11001336574554443,0.22792239487171173,unknown,10.642596244812012,7.693813323974609,26.005090713500977,46.88528060913086
0.0,0.0,0.0,326.556884765625,EinstellenJob,152,1438.02783203125,6.188449859619141,4.351997375488281,20.092449188232422,0.17025253176689148,0.10739373415708542,0.22790145874023438,unknown,9.785784721374512,5.630048751831055,27.898897171020508,38.95351028442383
0.0,0.0,0.0,422.2762756347656,EinstellenJob,154,9438.64453125,6.222192764282227,4.910155296325684,18.652456283569336,0.1667710691690445,0.10619263350963593,0.22854049503803253,unknown,9.009933471679688,5.954677581787109,23.343320846557617,17.185245513916016
0.0,0.0,0.0,206.97540283203125,EinstellenJob,156,3767.54638671875,6.5214338302612305,5.082587718963623,20.00326919555664,0.16531583666801453,0.10669306665658951,0.22967830300331116,unknown,9.035638809204102,5.936038017272949,24.916810989379883,10.967926979064941
0.0,0.0,0.0,44.29849624633789,EinstellenJob,158,730.6649780273438,6.353306770324707,4.816219329833984,18.735620498657227,0.16545738279819489,0.10521530359983444,0.23179881274700165,unknown,10.261893272399902,6.863595485687256,20.122528076171875,2.8361423015594482
0.0,0.0,0.0,4.824860095977783,EinstellenJob,160,424.8426208496094,6.226986408233643,5.211348533630371,15.836315155029297,0.15978902578353882,0.10730549693107605,0.22915856540203094,unknown,14.152925491333008,7.8812575340271,25.864782333374023,0.2223430871963501
0.0,0.0,0.0,32.59368896484375,EinstellenJob,162,1098.541748046875,6.407802581787109,5.819037437438965,18.12348175048828,0.16041314601898193,0.10780281573534012,0.2298625260591507,unknown,11.721611976623535,8.002466201782227,23.706302642822266,0.17642788589000702
0.0,0.0,0.0,40.66324996948242,EinstellenJob,164,738.17822265625,6.347322940826416,5.567897319793701,19.14375877380371,0.1623184233903885,0.10848534107208252,0.23124413192272186,unknown,11.257378578186035,8.296306610107422,22.12993812561035,2.338977813720703
0.0,0.0,0.0,8.640656471252441,EinstellenJob,166,309.9220275878906,6.25817346572876,5.7433857917785645,18.499784469604492,0.1639743596315384,0.10692691802978516,0.23106174170970917,unknown,16.73949432373047,10.043537139892578,22.222700119018555,0.40344229340553284
0.0,0.0,0.0,28.853843688964844,EinstellenJob,168,701.5471801757812,6.319655418395996,5.887921333312988,17.469593048095703,0.16064129769802094,0.10319600999355316,0.229159876704216,unknown,12.400402069091797,9.33862018585205,20.281543731689453,0.20875737071037292
0.0,0.0,0.0,17.945106506347656,EinstellenJob,170,145.77127075195312,5.860922336578369,5.449619293212891,19.26090431213379,0.1626463681459427,0.10610842704772949,0.230543851852417,unknown,11.601162910461426,8.699613571166992,20.402080535888672,2.12345552444458
0.0,0.0,0.0,10.281759262084961,EinstellenJob,172,206.04354858398438,6.392233371734619,5.567209243774414,18.006977081298828,0.16274425387382507,0.10715287923812866,0.23014365136623383,unknown,15.439122200012207,8.695062637329102,21.266260147094727,0.9397107362747192
0.0,0.0,0.0,22.521081924438477,EinstellenJob,174,525.6748657226562,6.410670280456543,5.649171829223633,19.30654525756836,0.16596412658691406,0.10824563354253769,0.2316121608018875,unknown,12.970386505126953,8.583616256713867,21.403669357299805,0.2991604208946228
0.0,0.0,0.0,12.532301902770996,EinstellenJob,176,124.49524688720703,6.234639644622803,5.543406963348389,18.26073455810547,0.16397573053836823,0.10616272687911987,0.2301749438047409,unknown,14.420364379882812,8.304052352905273,20.846485137939453,1.2128269672393799
0.0,0.0,0.0,19.624189376831055,EinstellenJob,178,54.53754425048828,5.9094648361206055,6.263524055480957,18.148090362548828,0.15882454812526703,0.1029217466711998,0.22768943011760712,unknown,11.460415840148926,8.888198852539062,20.06280517578125,0.38736531138420105
0.0,0.0,0.0,21.556730270385742,EinstellenJob,180,579.2578125,6.062079906463623,5.732257843017578,18.381284713745117,0.16275031864643097,0.1054682806134224,0.22959907352924347,unknown,11.075393676757812,8.253853797912598,20.66876983642578,0.9230384230613708
0.0,0.0,0.0,17.155284881591797,EinstellenJob,182,290.9568176269531,6.20267391204834,5.735142707824707,19.27910614013672,0.16429561376571655,0.10612987726926804,0.23026229441165924,unknown,9.902846336364746,8.322480201721191,20.98903465270996,2.3504371643066406
0.0,0.0,0.0,3.751474618911743,EinstellenJob,184,618.9646606445312,6.331027507781982,5.711215972900391,18.065898895263672,0.1655869483947754,0.10942547023296356,0.23174624145030975,unknown,13.517742156982422,8.759132385253906,21.23516845703125,1.2242484092712402
0.0,0.0,0.0,39.34486770629883,EinstellenJob,186,1002.7490234375,6.1753435134887695,5.687567234039307,17.557373046875,0.16395848989486694,0.10840154439210892,0.2294420599937439,unknown,12.195538520812988,8.534017562866211,21.153730392456055,1.3389885425567627
0.0,0.0,0.0,27.50971221923828,EinstellenJob,188,76.79886627197266,6.14140510559082,5.306023597717285,16.995254516601562,0.16385303437709808,0.10653461515903473,0.22986716032028198,unknown,15.01004409790039,8.917699813842773,21.5131778717041,1.286848545074463
0.0,0.0,0.0,23.063777923583984,EinstellenJob,190,821.2221069335938,6.1068830490112305,5.7524824142456055,17.006290435791016,0.16000059247016907,0.1047857254743576,0.22901847958564758,unknown,11.056806564331055,9.17611026763916,23.34052848815918,0.5515456199645996
0.0,0.0,0.0,31.690736770629883,EinstellenJob,192,339.59246826171875,6.0956711769104,5.715890884399414,16.894046783447266,0.1603740155696869,0.10600747168064117,0.22994308173656464,unknown,10.71216106414795,8.709141731262207,22.66946029663086,2.0861051082611084
0.0,0.0,0.0,9.096410751342773,EinstellenJob,194,234.25479125976562,6.210920810699463,6.191401481628418,15.783524513244629,0.15718211233615875,0.10423488169908524,0.22871531546115875,unknown,14.850032806396484,9.919990539550781,23.60710906982422,0.05858299136161804
0.0,0.0,0.0,6.7655863761901855,EinstellenJob,196,174.3697052001953,6.230017185211182,6.498271942138672,15.17223072052002,0.15686477720737457,0.10454417765140533,0.22797229886054993,unknown,13.861774444580078,10.225993156433105,24.61127281188965,0.6321516633033752
0.0,0.0,0.0,4.983108997344971,EinstellenJob,198,135.1177215576172,6.143119812011719,6.002260684967041,16.722959518432617,0.15754897892475128,0.10652030259370804,0.22941142320632935,unknown,11.25456428527832,9.246535301208496,22.700891494750977,0.2263408899307251
0.0,0.0,0.0,4.465719223022461,EinstellenJob,200,68.2648696899414,5.9294257164001465,6.124911785125732,16.213666915893555,0.15744179487228394,0.10783292353153229,0.22939391434192657,unknown,14.413683891296387,9.852139472961426,24.35805320739746,0.478478342294693
0.0,0.0,0.0,2.136559009552002,EinstellenJob,202,,6.040080547332764,6.4860029220581055,16.987186431884766,0.1581229865550995,0.10844231396913528,0.2299257218837738,unknown,11.789810180664062,9.56576919555664,23.572214126586914,0.24314653873443604
0.0,0.0,0.0,,EinstellenJob,204,,6.305807113647461,6.505581855773926,18.053176879882812,0.16353608667850494,0.11233972758054733,0.23063792288303375,unknown,11.667815208435059,9.214613914489746,22.652734756469727,0.14689528942108154
0.0,0.0,0.0,,EinstellenJob,206,,6.373409271240234,6.29301118850708,18.692569732666016,0.1643090695142746,0.11405196785926819,0.2305813580751419,unknown,10.796270370483398,8.814648628234863,24.1293888092041,
0.0,0.0,0.0,150.49436950683594,EisGefroren,182,9734.98828125,6.370056629180908,5.451889514923096,21.8232479095459,0.1820991039276123,0.12753926217556,0.22919239103794098,unknown,12.388978004455566,13.660362243652344,26.351848602294922,57.19099044799805
0.0,0.0,0.0,498.52178955078125,EisGefroren,184,12550.26171875,6.8176374435424805,6.50511360168457,23.732919692993164,0.17912831902503967,0.12896978855133057,0.2292190045118332,unknown,12.582221031188965,11.627790451049805,33.05711364746094,47.1591682434082
0.0,0.0,0.0,338.2300109863281,EisGefroren,186,4008.764892578125,6.816741943359375,6.639416694641113,16.658979415893555,0.17271119356155396,0.11411907523870468,0.2269657850265503,unknown,11.484505653381348,10.138484001159668,23.530588150024414,80.3934097290039
0.0,0.0,0.0,71.46806335449219,EisGefroren,188,7421.16552734375,5.760748863220215,5.352164268493652,17.475255966186523,0.1676003485918045,0.11368007957935333,0.22747516632080078,unknown,9.774007797241211,11.477010726928711,22.250375747680664,57.853179931640625
0.0,0.0,0.0,565.8806762695312,EisGefroren,190,5807.48681640625,6.287263870239258,5.057044506072998,16.0252628326416,0.17291657626628876,0.11287689954042435,0.22969990968704224,unknown,8.264365196228027,9.25879955291748,21.278112411499023,53.102203369140625
0.0,0.0,0.0,179.140625,EisGefroren,192,3608.542724609375,5.869023323059082,4.562625885009766,16.32291603088379,0.1762908399105072,0.11575572937726974,0.23071078956127167,unknown,8.889811515808105,8.80772590637207,20.217967987060547,15.387080192565918
0.0,0.0,0.0,61.46443557739258,EisGefroren,194,1795.0318603515625,5.500706672668457,5.009198188781738,16.620641708374023,0.18724283576011658,0.11612444370985031,0.23148319125175476,unknown,8.79192066192627,10.41574478149414,18.596664428710938,3.4512884616851807
0.0,0.0,0.0,180.96258544921875,EisGefroren,196,7419.767578125,6.478672981262207,5.626608848571777,16.98272705078125,0.1942470371723175,0.1199871152639389,0.23498713970184326,unknown,10.31369400024414,10.792709350585938,20.57021141052246,7.544335842132568
0.0,0.0,0.0,313.701171875,EisGefroren,198,5554.55126953125,6.826348304748535,4.778755187988281,16.17632484436035,0.18333306908607483,0.11392007023096085,0.23140811920166016,unknown,11.246034622192383,8.069358825683594,20.37058448791504,19.605384826660156
0.0,0.0,0.0,56.69384002685547,EisGefroren,200,738.614501953125,6.000115394592285,4.817159175872803,19.638874053955078,0.18022769689559937,0.11245749145746231,0.23316173255443573,unknown,12.864861488342285,6.7977800369262695,23.254676818847656,1.3147259950637817
0.0,0.0,0.0,8.003711700439453,EisGefroren,202,563.1399536132812,7.162230968475342,5.939345359802246,22.490427017211914,0.17708593606948853,0.11311596632003784,0.2328885942697525,unknown,11.534390449523926,6.7800984382629395,25.400508880615234,2.4699764251708984
0.0,0.0,0.0,29.827163696289062,EisGefroren,204,362.56103515625,7.117767810821533,5.993831634521484,22.20114517211914,0.17051583528518677,0.10702921450138092,0.23190516233444214,unknown,10.599753379821777,6.845284938812256,24.824560165405273,2.9761545658111572
0.0,0.0,0.0,6.8554277420043945,EisGefroren,206,490.66558837890625,6.8904290199279785,5.280392646789551,22.295700073242188,0.16647973656654358,0.10742677748203278,0.2321617603302002,unknown,11.628874778747559,5.561679840087891,26.037734985351562,1.0057992935180664
0.0,0.0,0.0,38.73273849487305,EisGefroren,208,1161.6708984375,7.107847690582275,5.850176811218262,22.036884307861328,0.1681538224220276,0.10837133973836899,0.23128138482570648,unknown,11.700127601623535,6.050213813781738,25.814891815185547,0.5781034231185913
0.0,0.0,0.0,38.721195220947266,EisGefroren,210,87.9043960571289,6.582218647003174,6.053304195404053,21.257492065429688,0.16438564658164978,0.10758557170629501,0.23128587007522583,unknown,11.974990844726562,6.325618743896484,25.427173614501953,2.0098633766174316
0.0,0.0,0.0,33.53181076049805,EisGefroren,212,2188.1806640625,6.463681221008301,5.827049255371094,23.53876304626465,0.16350872814655304,0.10718503594398499,0.2311450093984604,unknown,10.296041488647461,5.920520782470703,27.031618118286133,0.5741158723831177
0.0,0.0,0.0,112.3897933959961,EisGefroren,214,3772.29150390625,6.0733489990234375,5.550175189971924,24.338462829589844,0.16694609820842743,0.10887140035629272,0.23158499598503113,unknown,9.975322723388672,6.013431549072266,28.158723831176758,2.8027899265289307
0.0,0.0,0.0,139.11398315429688,EisGefroren,216,4245.291015625,6.1196088790893555,7.240333080291748,21.447553634643555,0.1664004623889923,0.10931948572397232,0.2315482646226883,unknown,11.734099388122559,8.122330665588379,26.16012954711914,4.691461563110352
0.0,0.0,0.0,143.92396545410156,EisGefroren,218,3665.5654296875,6.2460103034973145,12.113383293151855,24.499208450317383,0.16712678968906403,0.10854700207710266,0.23045562207698822,unknown,9.55087661743164,12.399161338806152,28.15129852294922,4.585936069488525
0.0,0.0,0.0,100.45067596435547,EisGefroren,220,1971.1617431640625,6.396176815032959,14.308000564575195,19.92038917541504,0.16964805126190186,0.10995177179574966,0.23199070990085602,unknown,12.012328147888184,14.539209365844727,24.874753952026367,5.009747505187988
0.0,0.0,0.0,31.019275665283203,EisGefroren,222,568.1541137695312,6.375913619995117,13.685698509216309,23.770919799804688,0.16926945745944977,0.1105133444070816,0.23312629759311676,unknown,9.309040069580078,14.184514999389648,27.80430030822754,1.688996434211731
0.0,0.0,0.0,6.928022861480713,EisGefroren,224,139.87600708007812,6.22494649887085,13.485823631286621,21.041223526000977,0.1676097959280014,0.10958332568407059,0.23257926106452942,unknown,10.989447593688965,13.890693664550781,25.45969581604004,0.38490912318229675
0.0,0.0,0.0,15.656258583068848,EisGefroren,226,99.7057876586914,6.434058666229248,13.30661392211914,22.845090866088867,0.16668565571308136,0.1089114397764206,0.2318665236234665,unknown,9.940160751342773,13.701122283935547,26.919139862060547,0.08585740625858307
0.0,0.0,0.0,19.2130184173584,EisGefroren,228,614.9462890625,6.525120258331299,13.167729377746582,23.894615173339844,0.1657412201166153,0.10857870429754257,0.2319725900888443,unknown,10.083416938781738,13.974215507507324,27.963443756103516,1.115678310394287
0.0,0.0,0.0,21.91502571105957,EisGefroren,230,959.8636474609375,6.622851371765137,13.045589447021484,23.359647750854492,0.16517274081707,0.10964038223028183,0.23266394436359406,unknown,11.038163185119629,13.62926959991455,27.498533248901367,2.3686206340789795
0.0,0.0,0.0,42.1854133605957,EisGefroren,232,816.3052978515625,6.824624061584473,12.992387771606445,20.585973739624023,0.16808119416236877,0.10995034128427505,0.23259007930755615,unknown,12.990708351135254,14.072372436523438,24.919864654541016,0.9332296252250671
0.0,0.0,0.0,12.31140422821045,EisGefroren,234,654.9465942382812,6.681768894195557,12.595602989196777,23.628015518188477,0.16368421912193298,0.10671621561050415,0.2299906611442566,unknown,10.075104713439941,13.19148063659668,27.16362762451172,3.7332708835601807
0.0,0.0,0.0,55.59043884277344,EisGefroren,236,,6.584378242492676,12.654075622558594,20.768455505371094,0.1680741012096405,0.11044351011514664,0.23249633610248566,unknown,11.712239265441895,13.3417387008667,25.228559494018555,2.9248909950256348
0.0,0.0,0.0,,EisGefroren,238,,6.642083644866943,12.953474998474121,20.15239906311035,0.166463240981102,0.11005023866891861,0.23160311579704285,unknown,13.105110168457031,13.585006713867188,24.52802085876465,0.7860607504844666
0.0,0.0,0.0,,EisGefroren,240,,6.610060214996338,12.587061882019043,21.53472328186035,0.16849663853645325,0.11075752228498459,0.2316608726978302,unknown,11.854344367980957,13.356338500976562,25.39455795288086,
0.0,0.0,0.0,146.11062622070312,Empathie,136,1942.2576904296875,6.087625026702881,7.676775932312012,22.839942932128906,0.16262608766555786,0.10580119490623474,0.23229865729808807,unknown,10.479555130004883,16.268110275268555,29.7490177154541,9.789161682128906
0.0,0.0,0.0,17.112850189208984,Empathie,138,469.9047546386719,6.757333278656006,9.901105880737305,22.912933349609375,0.16408105194568634,0.10372284054756165,0.22967365384101868,unknown,10.306598663330078,21.503864288330078,29.681142807006836,0.26238754391670227
0.0,0.0,0.0,14.886429786682129,Empathie,140,971.3330078125,6.257113933563232,7.58457612991333,29.86945915222168,0.18268245458602905,0.10292407125234604,0.23529426753520966,unknown,8.53748893737793,15.562704086303711,35.23379898071289,1.0729366540908813
0.0,0.0,0.0,78.75785064697266,Empathie,142,3934.91357421875,6.072635650634766,8.463666915893555,28.055479049682617,0.17594678699970245,0.10553623735904694,0.23313447833061218,unknown,10.535338401794434,16.63360595703125,34.76117706298828,0.5486612915992737
0.0,0.0,0.0,183.58033752441406,Empathie,144,4355.5673828125,6.668793678283691,8.042564392089844,18.96794891357422,0.16470961272716522,0.11552326381206512,0.234493225812912,unknown,9.054410934448242,15.603398323059082,25.1181583404541,5.121493816375732
0.0,0.0,0.0,106.79662322998047,Empathie,146,309.6527099609375,6.928496837615967,8.05961799621582,20.398757934570312,0.15848252177238464,0.11307280510663986,0.23241060972213745,unknown,9.876753807067871,12.355964660644531,22.30324935913086,7.118296146392822
0.0,0.0,0.0,126.11924743652344,Empathie,148,3531.1669921875,6.184826850891113,7.732769012451172,18.338537216186523,0.15466651320457458,0.11522678285837173,0.23267951607704163,unknown,11.144176483154297,11.841156959533691,24.4913330078125,0.21780714392662048
0.0,0.0,0.0,109.30490112304688,Empathie,150,1543.666748046875,7.366297721862793,7.319657325744629,23.776533126831055,0.1575864851474762,0.1059245616197586,0.2336062341928482,unknown,9.802056312561035,9.905320167541504,25.567480087280273,8.404740333557129
0.0,0.0,0.0,7.586010932922363,Empathie,152,270.64410400390625,7.782198905944824,6.957279682159424,23.814748764038086,0.15850229561328888,0.10512824356555939,0.23265323042869568,unknown,10.567683219909668,9.050324440002441,26.587738037109375,1.121963381767273
0.0,0.0,0.0,10.619623184204102,Empathie,154,597.7737426757812,7.697025775909424,6.916545391082764,24.125350952148438,0.1602320373058319,0.10442058742046356,0.23324941098690033,unknown,10.55190372467041,8.84990406036377,26.226667404174805,0.7016780376434326
0.0,0.0,0.0,44.20267105102539,Empathie,156,2998.456298828125,7.390303134918213,6.9638352394104,29.689851760864258,0.15627945959568024,0.09601861983537674,0.23053279519081116,unknown,11.47844409942627,8.113287925720215,33.757381439208984,0.9975225329399109
0.0,0.0,0.0,155.72210693359375,Empathie,158,3228.703857421875,7.49329137802124,7.639939308166504,21.95244026184082,0.153476744890213,0.09842552244663239,0.22869761288166046,unknown,10.706914901733398,8.809412956237793,24.576875686645508,3.934863805770874
0.0,0.0,0.0,59.56843948364258,Empathie,160,2593.185302734375,8.46262264251709,7.491014003753662,25.279415130615234,0.16479331254959106,0.10922645032405853,0.23093293607234955,unknown,11.653715133666992,7.911691665649414,29.42233657836914,6.447421073913574
0.0,0.0,0.0,113.3884048461914,Empathie,162,4037.0517578125,7.774559497833252,7.495156288146973,26.82051658630371,0.16532079875469208,0.11975962668657303,0.23330268263816833,unknown,11.862574577331543,7.835024833679199,32.90234375,2.485053062438965
0.0,0.0,0.0,155.7563018798828,Empathie,164,1347.972900390625,8.909561157226562,7.310242652893066,27.132755279541016,0.16942892968654633,0.11636874824762344,0.23313993215560913,unknown,12.393094062805176,7.452885150909424,33.69205856323242,10.036876678466797
0.0,0.0,0.0,66.69483184814453,Empathie,166,2641.53955078125,7.136404037475586,8.252553939819336,19.652788162231445,0.1614285111427307,0.10657989233732224,0.22795352339744568,unknown,10.618412971496582,8.332887649536133,31.19083023071289,0.41313567757606506
0.0,0.0,0.0,109.48258209228516,Empathie,168,1942.35791015625,9.699366569519043,8.10069465637207,18.47532844543457,0.16594214737415314,0.1046360656619072,0.22786599397659302,unknown,14.26880931854248,8.149447441101074,31.549528121948242,4.776081562042236
0.0,0.0,0.0,20.068132400512695,Empathie,170,324.5416564941406,9.994272232055664,8.318382263183594,22.935585021972656,0.17075973749160767,0.10542258620262146,0.22903859615325928,unknown,11.693610191345215,8.336849212646484,31.30524253845215,2.523709774017334
0.0,0.0,0.0,41.394676208496094,Empathie,172,1048.6390380859375,9.952032089233398,8.148296356201172,19.217323303222656,0.17016036808490753,0.10054314136505127,0.22848156094551086,unknown,15.125088691711426,8.427197456359863,30.216739654541016,1.193160891532898
0.0,0.0,0.0,28.575847625732422,Empathie,174,622.6525268554688,9.981937408447266,8.359745025634766,21.465736389160156,0.1781829446554184,0.10645684599876404,0.23052802681922913,unknown,16.476041793823242,8.496224403381348,27.945287704467773,1.5692859888076782
0.0,0.0,0.0,13.176665306091309,Empathie,176,,10.789365768432617,7.940730094909668,26.510517120361328,0.17443610727787018,0.10737165063619614,0.23148253560066223,unknown,12.814831733703613,8.146049499511719,29.788087844848633,0.3782479763031006
0.0,0.0,0.0,,Empathie,178,,10.387832641601562,8.17353630065918,20.481718063354492,0.17111866176128387,0.10241033881902695,0.22859764099121094,unknown,14.937167167663574,8.564237594604492,25.618511199951172,0.5238907337188721
0.0,0.0,0.0,,Empathie,180,,10.734536170959473,8.059332847595215,24.718433380126953,0.1778329610824585,0.10870246589183807,0.23158401250839233,unknown,12.104225158691406,8.387635231018066,30.134540557861328,
0.0,0.0,0.0,38.46828842163086,Entschuldigung,129,5188.04052734375,8.152373313903809,8.959609985351562,18.572546005249023,0.17845970392227173,0.10725931078195572,0.2312827855348587,unknown,11.665760040283203,15.28343391418457,21.39009666442871,1.2092599868774414
0.0,0.0,0.0,307.54803466796875,Entschuldigung,131,10868.861328125,7.181352615356445,9.86850357055664,18.929079055786133,0.18737651407718658,0.1136246919631958,0.23245243728160858,unknown,17.948495864868164,17.686309814453125,22.399459838867188,3.754488945007324
0.0,0.0,0.0,417.0489807128906,Entschuldigung,133,6719.12255859375,6.723182201385498,9.056307792663574,16.582218170166016,0.176034614443779,0.10970643907785416,0.22992989420890808,unknown,11.04334545135498,14.99618148803711,19.130123138427734,16.749608993530273
0.0,0.0,0.0,31.91208267211914,Entschuldigung,135,1334.1845703125,6.834761619567871,8.560141563415527,16.928340911865234,0.18065211176872253,0.10798489302396774,0.23110096156597137,unknown,19.729280471801758,13.385298728942871,19.66695785522461,11.054546356201172
0.0,0.0,0.0,57.71525955200195,Entschuldigung,137,2684.585693359375,6.823647975921631,8.654027938842773,16.84204864501953,0.17494288086891174,0.10572882741689682,0.22929193079471588,unknown,11.485542297363281,14.208937644958496,19.133594512939453,9.008212089538574
0.0,0.0,0.0,121.2911376953125,Entschuldigung,139,394.8528137207031,6.663534641265869,9.148488998413086,16.504711151123047,0.17154814302921295,0.10532886534929276,0.2303362637758255,unknown,16.81865692138672,13.833980560302734,19.344274520874023,12.849434852600098
0.0,0.0,0.0,95.58057403564453,Entschuldigung,141,717.4868774414062,7.2806806564331055,9.605344772338867,17.60081672668457,0.17492714524269104,0.09966962784528732,0.22657783329486847,unknown,14.660685539245605,15.728616714477539,19.727556228637695,4.766679763793945
0.0,0.0,0.0,47.8635368347168,Entschuldigung,143,215.36146545410156,8.007431983947754,9.595467567443848,20.49178123474121,0.18281637132167816,0.10016711801290512,0.22861754894256592,unknown,16.766742706298828,16.72509002685547,21.6374568939209,1.6070544719696045
0.0,0.0,0.0,33.7713508605957,Entschuldigung,145,159.9707489013672,8.21980094909668,9.555846214294434,18.44478416442871,0.1888914555311203,0.10375001281499863,0.23093844950199127,unknown,17.01091766357422,16.165498733520508,21.37862777709961,4.794684886932373
0.0,0.0,0.0,43.900604248046875,Entschuldigung,147,879.5804443359375,8.22580337524414,8.747576713562012,15.822420120239258,0.1794050931930542,0.10233601182699203,0.22790680825710297,unknown,14.79643440246582,13.684662818908691,20.17903709411621,7.043634414672852
0.0,0.0,0.0,15.161946296691895,Entschuldigung,149,1522.6083984375,7.629485607147217,9.17318058013916,17.408567428588867,0.17816999554634094,0.1013961136341095,0.2285953015089035,unknown,10.394128799438477,14.515387535095215,20.303316116333008,9.967616081237793
0.0,0.0,0.0,115.9308853149414,Entschuldigung,151,1302.0855712890625,6.699858665466309,9.293206214904785,17.337093353271484,0.1748713254928589,0.10056935250759125,0.22663086652755737,unknown,15.557467460632324,16.08203125,22.00508689880371,8.999055862426758
0.0,0.0,0.0,202.6655731201172,Entschuldigung,153,4336.09765625,6.573974609375,8.561882972717285,18.925777435302734,0.18037331104278564,0.10657088458538055,0.23230870068073273,unknown,9.265878677368164,13.33804988861084,21.139253616333008,1.271551251411438
0.0,0.0,0.0,86.41349792480469,Entschuldigung,155,404.9468994140625,6.64823055267334,8.898515701293945,17.186796188354492,0.17382225394248962,0.10352101176977158,0.22880977392196655,unknown,10.91519832611084,14.111221313476562,19.665184020996094,12.240150451660156
0.0,0.0,0.0,59.52219009399414,Entschuldigung,157,828.7854614257812,8.16901969909668,8.838180541992188,18.1265811920166,0.18024687469005585,0.10363370180130005,0.22760631144046783,unknown,11.718840599060059,14.400708198547363,20.289249420166016,6.480435371398926
0.0,0.0,0.0,5.766780853271484,Entschuldigung,159,323.2591247558594,7.583160877227783,8.508800506591797,18.342220306396484,0.18679015338420868,0.10919706523418427,0.2305004894733429,unknown,11.438798904418945,15.196446418762207,20.415151596069336,2.5126852989196777
0.0,0.0,0.0,25.7142333984375,Entschuldigung,161,664.11279296875,6.604421138763428,8.06722640991211,17.728824615478516,0.18031015992164612,0.10913366079330444,0.22983191907405853,unknown,9.737112998962402,14.9573335647583,20.277902603149414,2.227684736251831
0.0,0.0,0.0,18.939393997192383,Entschuldigung,163,1265.9736328125,7.43034029006958,8.437978744506836,16.48794174194336,0.16835935413837433,0.09963154047727585,0.22465160489082336,unknown,11.13282585144043,15.350887298583984,19.23008155822754,0.5280008316040039
0.0,0.0,0.0,66.0089340209961,Entschuldigung,165,109.42345428466797,7.381218910217285,8.910902976989746,15.361461639404297,0.1682196408510208,0.10003921389579773,0.225910946726799,unknown,18.55055046081543,15.717556953430176,21.652143478393555,1.736196517944336
0.0,0.0,0.0,63.82630920410156,Entschuldigung,167,895.9254150390625,8.597016334533691,8.837329864501953,17.71546745300293,0.172893688082695,0.1033916100859642,0.22753071784973145,unknown,13.795434951782227,15.464324951171875,20.733745574951172,2.6693506240844727
0.0,0.0,0.0,4.554010391235352,Entschuldigung,169,724.03857421875,7.5515289306640625,9.025018692016602,18.626422882080078,0.17376625537872314,0.10419093072414398,0.2285011112689972,unknown,10.257192611694336,16.449312210083008,20.90707015991211,6.920517444610596
0.0,0.0,0.0,44.02479553222656,Entschuldigung,171,1610.1494140625,6.835299491882324,8.710480690002441,17.867055892944336,0.17409460246562958,0.10128442198038101,0.2271004468202591,unknown,9.216257095336914,16.101593017578125,20.809865951538086,7.198493480682373
0.0,0.0,0.0,151.3363800048828,Entschuldigung,173,3321.8779296875,6.082832336425781,8.524140357971191,15.807241439819336,0.17283844947814941,0.1016581729054451,0.2260476052761078,unknown,13.213072776794434,15.712980270385742,20.388324737548828,4.265064239501953
0.0,0.0,0.0,70.19226837158203,Entschuldigung,175,2662.605224609375,5.822354316711426,8.920883178710938,18.16839027404785,0.17375393211841583,0.10569398105144501,0.22839806973934174,unknown,13.077874183654785,16.250810623168945,20.868000030517578,5.8247246742248535
0.0,0.0,0.0,107.34282684326172,Entschuldigung,177,3392.264892578125,6.219417095184326,8.770511627197266,16.43501853942871,0.17042216658592224,0.10198922455310822,0.22508063912391663,unknown,9.2441987991333,15.879091262817383,19.524246215820312,1.16172194480896
0.0,0.0,0.0,118.8379898071289,Entschuldigung,179,943.5653686523438,6.080679893493652,8.119329452514648,15.245007514953613,0.17248785495758057,0.10241060703992844,0.22542555630207062,unknown,13.759438514709473,15.029365539550781,20.62497329711914,8.306364059448242
0.0,0.0,0.0,56.10641860961914,Entschuldigung,181,1486.7685546875,7.078577995300293,7.7596659660339355,16.505809783935547,0.17078283429145813,0.10296671837568283,0.22525416314601898,unknown,11.468119621276855,15.215411186218262,19.203384399414062,0.3964797854423523
0.0,0.0,0.0,43.01660919189453,Entschuldigung,183,336.7635192871094,7.141520023345947,7.3928632736206055,16.81329345703125,0.16655172407627106,0.10381118953227997,0.2248917520046234,unknown,10.713112831115723,15.451759338378906,20.247217178344727,3.3538289070129395
0.0,0.0,0.0,20.629375457763672,Entschuldigung,185,,5.9425368309021,7.433793544769287,16.867259979248047,0.1652304232120514,0.10758735984563828,0.22873055934906006,unknown,13.651087760925293,15.015311241149902,20.700956344604492,0.49093881249427795
0.0,0.0,0.0,,Entschuldigung,187,,5.5727643966674805,7.642395496368408,17.65886116027832,0.16420674324035645,0.10829895734786987,0.22825156152248383,unknown,11.812077522277832,14.403426170349121,21.520503997802734,0.8899648785591125
0.0,0.0,0.0,,Entschuldigung,189,,5.695065498352051,7.8666534423828125,17.48334312438965,0.16072407364845276,0.10349953174591064,0.22479742765426636,unknown,9.360556602478027,14.15805435180664,22.182626724243164,
0.0,0.0,0.0,63.853755950927734,FestellenDiagnose,141,1151.0003662109375,5.635871410369873,5.691493034362793,15.82906436920166,0.1658305823802948,0.11192593723535538,0.23655682802200317,unknown,7.0506415367126465,11.882000923156738,28.19063949584961,2.467151403427124
0.0,0.0,0.0,13.111682891845703,FestellenDiagnose,143,288.3661193847656,5.197213172912598,6.992331027984619,17.14371681213379,0.16632264852523804,0.11154749244451523,0.23615165054798126,unknown,8.224163055419922,12.275279998779297,24.964054107666016,1.7904232740402222
0.0,0.0,0.0,6.195995330810547,FestellenDiagnose,145,4198.46630859375,4.97302770614624,5.015567302703857,16.699390411376953,0.16605015099048615,0.10826914757490158,0.23261825740337372,unknown,6.464776039123535,10.8901948928833,25.927810668945312,0.9410379528999329
0.0,0.0,0.0,274.0510559082031,FestellenDiagnose,147,8602.3310546875,5.113953590393066,4.676537990570068,16.434951782226562,0.1668734848499298,0.10811606794595718,0.23154684901237488,unknown,8.883942604064941,11.380049705505371,22.24579429626465,1.3298006057739258
0.0,0.0,0.0,299.4402770996094,FestellenDiagnose,149,1294.1240234375,5.160473823547363,4.894675254821777,16.846355438232422,0.1652594953775406,0.10745813697576523,0.23199130594730377,unknown,7.893652439117432,12.49109172821045,20.875,16.942289352416992
0.0,0.0,0.0,213.30921936035156,FestellenDiagnose,151,7633.994140625,5.75006628036499,5.123808860778809,18.12607765197754,0.16524232923984528,0.11109450459480286,0.2347739338874817,unknown,8.69227123260498,12.472516059875488,22.38241195678711,3.0223162174224854
0.0,0.0,0.0,295.6399841308594,FestellenDiagnose,153,4308.44580078125,5.672631740570068,4.774354457855225,16.680774688720703,0.16818508505821228,0.1093016192317009,0.23411528766155243,unknown,7.569189071655273,10.773643493652344,22.4063777923584,17.239933013916016
0.0,0.0,0.0,13.14786148071289,FestellenDiagnose,155,1506.6507568359375,8.289061546325684,4.544695854187012,19.550474166870117,0.15717469155788422,0.11143079400062561,0.23116056621074677,unknown,12.766867637634277,12.003438949584961,23.26024627685547,2.4891436100006104
0.0,0.0,0.0,91.79124450683594,FestellenDiagnose,157,1691.663330078125,30.683090209960938,6.996309757232666,18.917505264282227,0.15681783854961395,0.10412745922803879,0.23045766353607178,unknown,38.780845642089844,16.891977310180664,22.453645706176758,3.0373945236206055
0.0,0.0,0.0,21.104345321655273,FestellenDiagnose,159,1225.074462890625,19.504924774169922,8.256878852844238,26.004430770874023,0.14783179759979248,0.10292381048202515,0.2299632728099823,unknown,28.14566421508789,10.337791442871094,26.054628372192383,3.08548641204834
0.0,0.0,0.0,102.54582214355469,FestellenDiagnose,161,3025.803955078125,5.910895347595215,14.170425415039062,22.049348831176758,0.15598300099372864,0.10839931666851044,0.2314000129699707,unknown,9.02213191986084,15.948694229125977,22.295961380004883,1.6890219449996948
0.0,0.0,0.0,99.2051010131836,FestellenDiagnose,163,2625.59912109375,5.499939441680908,14.711621284484863,24.05803108215332,0.15802225470542908,0.10839919745922089,0.23148342967033386,unknown,7.924618244171143,16.389923095703125,23.8563232421875,5.149197578430176
0.0,0.0,0.0,75.84998321533203,FestellenDiagnose,165,1722.5224609375,5.839430332183838,14.505778312683105,26.373363494873047,0.15785382688045502,0.10916340351104736,0.23171520233154297,unknown,10.243435859680176,15.80667495727539,26.328889846801758,1.4706037044525146
0.0,0.0,0.0,39.011566162109375,FestellenDiagnose,167,288.3362121582031,5.262446403503418,13.80782699584961,25.55857276916504,0.1577392816543579,0.10815970599651337,0.23166343569755554,unknown,8.25275707244873,14.892394065856934,25.839183807373047,3.5905251502990723
0.0,0.0,0.0,20.590505599975586,FestellenDiagnose,169,443.72344970703125,5.73790979385376,13.40898609161377,27.860668182373047,0.15615616738796234,0.10860629379749298,0.2325073629617691,unknown,9.250655174255371,14.654476165771484,28.24008560180664,0.9985359311103821
0.0,0.0,0.0,49.688560485839844,FestellenDiagnose,171,2127.6806640625,5.952001094818115,12.773825645446777,25.97126579284668,0.1580306738615036,0.11265884339809418,0.2317718267440796,unknown,9.34292221069336,13.976916313171387,26.076627731323242,0.3757399916648865
0.0,0.0,0.0,92.18107604980469,FestellenDiagnose,173,2814.724365234375,6.036707878112793,13.365198135375977,26.381805419921875,0.15910455584526062,0.11315885186195374,0.23177632689476013,unknown,9.808372497558594,14.691384315490723,26.47612190246582,3.680615186691284
0.0,0.0,0.0,95.47509765625,FestellenDiagnose,175,2359.757080078125,5.619230270385742,13.88532829284668,20.98323631286621,0.1587277352809906,0.11218193918466568,0.23101504147052765,unknown,9.130778312683105,15.27353286743164,21.98017692565918,2.4665000438690186
0.0,0.0,0.0,61.856163024902344,FestellenDiagnose,177,1570.57666015625,5.999656677246094,13.244678497314453,23.52952766418457,0.15952663123607635,0.11385726183652878,0.2308885157108307,unknown,10.490928649902344,14.542409896850586,25.04412078857422,3.8993186950683594
0.0,0.0,0.0,42.86389923095703,FestellenDiagnose,179,1174.6395263671875,5.414829254150391,12.800932884216309,19.353994369506836,0.16004569828510284,0.11337076127529144,0.23100216686725616,unknown,9.419846534729004,13.935074806213379,24.341093063354492,0.31020376086235046
0.0,0.0,0.0,35.47252655029297,FestellenDiagnose,181,178.80580139160156,6.236715316772461,12.878081321716309,21.89630126953125,0.15722310543060303,0.10998409986495972,0.228901669383049,unknown,10.524757385253906,13.990992546081543,26.201656341552734,2.6300172805786133
0.0,0.0,0.0,23.641447067260742,FestellenDiagnose,183,591.146240234375,5.688701152801514,12.805296897888184,20.210195541381836,0.15692287683486938,0.11412856727838516,0.23182529211044312,unknown,9.098974227905273,13.863523483276367,24.517902374267578,0.26688194274902344
0.0,0.0,0.0,15.796182632446289,FestellenDiagnose,185,152.11868286132812,5.985947132110596,12.603924751281738,20.01936912536621,0.1569279134273529,0.11251276731491089,0.23071974515914917,unknown,9.395403861999512,13.623799324035645,23.432479858398438,1.3105297088623047
0.0,0.0,0.0,5.814276695251465,FestellenDiagnose,187,498.27239990234375,6.383470058441162,12.563028335571289,23.10698699951172,0.15767638385295868,0.11408623307943344,0.23133410513401031,unknown,10.088644027709961,13.51694107055664,25.47806739807129,0.2663743495941162
0.0,0.0,0.0,27.456098556518555,FestellenDiagnose,189,989.5919189453125,6.748010635375977,12.262733459472656,22.4095401763916,0.15865981578826904,0.11484624445438385,0.2320948988199234,unknown,10.379890441894531,13.257733345031738,24.411205291748047,0.19093170762062073
0.0,0.0,0.0,38.53371047973633,FestellenDiagnose,191,,6.19247579574585,12.330596923828125,20.390283584594727,0.15957525372505188,0.11498204618692398,0.23245103657245636,unknown,9.225505828857422,13.282105445861816,22.961864471435547,1.706637978553772
0.0,0.0,0.0,,FestellenDiagnose,193,,6.865269184112549,12.69176197052002,22.994356155395508,0.1598358303308487,0.11620873212814331,0.23200316727161407,unknown,10.80525016784668,13.644088745117188,24.018875122070312,0.8637069463729858
0.0,0.0,0.0,,FestellenDiagnose,195,,6.272462368011475,12.43605899810791,22.015335083007812,0.16076332330703735,0.11577098071575165,0.23371227085590363,unknown,9.359469413757324,13.405782699584961,23.071857452392578,
0.0,0.0,0.0,88.43962860107422,Frech,153,524.1864624023438,9.296319961547852,6.239988327026367,45.6915397644043,0.3302951157093048,0.1010836809873581,0.23897269368171692,unknown,37.92548370361328,11.49197006225586,52.616817474365234,6.235287189483643
0.0,0.0,0.0,122.75038146972656,Frech,155,4287.7158203125,8.443860054016113,7.230436325073242,56.27634048461914,0.32584670186042786,0.10289331525564194,0.23839987814426422,unknown,54.36423110961914,11.668601036071777,65.85197448730469,0.37513548135757446
0.0,0.0,0.0,163.11502075195312,Frech,157,2559.6875,8.070241928100586,7.506341934204102,59.12228012084961,0.3165837824344635,0.10988358408212662,0.2383960336446762,unknown,55.575992584228516,12.262285232543945,71.54997253417969,7.839535236358643
0.0,0.0,0.0,11.36987018585205,Frech,159,332.5993957519531,11.742463111877441,8.304328918457031,48.01401138305664,0.31909239292144775,0.10374760627746582,0.23947806656360626,unknown,35.36181640625,14.330426216125488,59.766151428222656,3.03690242767334
0.0,0.0,1.0,22.55695343017578,Frech,161,569.489990234375,9.919367790222168,7.5962018966674805,55.84354782104492,0.35622933506965637,0.11107230931520462,0.24061334133148193,unknown,44.007896423339844,13.732481956481934,67.12897491455078,2.6517446041107178
0.0,0.0,0.0,52.116600036621094,Frech,163,1170.673583984375,9.40916919708252,8.068284034729004,56.28480529785156,0.34546664357185364,0.11025378853082657,0.23825949430465698,unknown,45.807403564453125,13.05543327331543,66.24472045898438,1.2775778770446777
1.0,0.0,0.0,28.83350944519043,Frech,165,529.3245239257812,8.763617515563965,8.291107177734375,57.64581298828125,0.37548431754112244,0.11029434204101562,0.23999229073524475,unknown,45.925785064697266,13.572539329528809,68.85285186767578,2.207184314727783
0.0,0.0,0.0,7.402698993682861,Frech,167,2123.19873046875,11.450416564941406,8.411506652832031,53.85383987426758,0.36966007947921753,0.11306620389223099,0.23977644741535187,unknown,34.35146713256836,12.179414749145508,63.21752166748047,0.8083435893058777
0.0,0.0,0.0,141.4695281982422,Frech,169,6813.287109375,8.937131881713867,8.39253044128418,54.68474578857422,0.3553401529788971,0.10688465088605881,0.23983588814735413,unknown,41.701045989990234,13.15196418762207,67.298095703125,0.7208571434020996
0.0,0.0,0.0,312.8155517578125,Frech,171,7686.8876953125,10.219361305236816,7.4213104248046875,49.213905334472656,0.32667669653892517,0.10625825822353363,0.23664557933807373,unknown,39.98067092895508,12.308267593383789,61.342681884765625,8.725048065185547
0.0,0.0,0.0,199.9331817626953,Frech,173,3606.53662109375,9.080122947692871,7.929076671600342,50.50898742675781,0.3324209451675415,0.09722542017698288,0.23865413665771484,unknown,45.812435150146484,14.62721061706543,63.118682861328125,12.132613182067871
0.0,0.0,0.0,44.67329406738281,Frech,175,2172.537841796875,9.89653205871582,7.850446701049805,45.010372161865234,0.33413514494895935,0.09632108360528946,0.23927436769008636,unknown,37.77490234375,13.349087715148926,55.664493560791016,1.626047134399414
1.0,0.0,0.0,102.96448516845703,Frech,177,2139.270751953125,9.266282081604004,10.598230361938477,55.739990234375,0.37023913860321045,0.09987258166074753,0.23939527571201324,unknown,49.94084548950195,13.825040817260742,64.87321472167969,1.516059160232544
0.0,0.0,0.0,39.957271575927734,Frech,179,2176.858154296875,11.61534595489502,7.937260150909424,55.73329544067383,0.35136058926582336,0.10386717319488525,0.23879043757915497,unknown,42.863956451416016,12.794859886169434,64.49937438964844,5.4151997566223145
0.0,0.0,0.0,183.2152099609375,Frech,181,6195.8173828125,8.70618724822998,8.890738487243652,61.98371887207031,0.35755279660224915,0.10334835946559906,0.23891840875148773,unknown,51.24087142944336,14.10450553894043,69.27700805664062,2.8321373462677
0.0,0.0,0.0,229.94366455078125,Frech,183,7581.66748046875,8.244384765625,8.165637969970703,59.02705383300781,0.34097394347190857,0.09813357889652252,0.23556526005268097,unknown,48.07731628417969,13.184698104858398,65.8257827758789,9.390896797180176
0.0,0.0,0.0,275.5127258300781,Frech,185,7535.83935546875,11.767059326171875,8.537849426269531,59.586631774902344,0.3436548709869385,0.10029150545597076,0.23592284321784973,unknown,42.2288932800293,13.530518531799316,66.08858489990234,5.948119640350342
0.0,0.0,0.0,226.91883850097656,Frech,187,4682.02490234375,8.414920806884766,9.486725807189941,64.17085266113281,0.34793180227279663,0.0993427187204361,0.23753932118415833,unknown,52.54005813598633,13.03515625,69.56324005126953,12.427225112915039
0.0,0.0,0.0,86.7544937133789,Frech,189,2642.752197265625,11.520418167114258,9.893901824951172,56.74839782714844,0.34145602583885193,0.09593970328569412,0.23516829311847687,unknown,41.288475036621094,12.773920059204102,63.872867584228516,2.759883165359497
0.0,0.0,0.0,89.7665786743164,Frech,191,1220.140380859375,8.511918067932129,9.780133247375488,67.06717681884766,0.3504163324832916,0.09822241961956024,0.237415611743927,unknown,55.556915283203125,13.165894508361816,72.24453735351562,3.0299575328826904
0.0,0.0,0.0,9.989431381225586,Frech,193,992.5674438476562,11.651366233825684,9.335887908935547,56.79585266113281,0.35405129194259644,0.096919484436512,0.23725779354572296,unknown,40.51654052734375,12.743287086486816,63.34000015258789,3.028130054473877
0.0,0.0,0.0,57.171234130859375,Frech,195,247.7349395751953,11.537169456481934,9.894913673400879,56.676605224609375,0.3507511019706726,0.09708454459905624,0.2355804592370987,unknown,41.63880920410156,12.395528793334961,62.86062240600586,3.571685314178467
0.0,0.0,0.0,40.75133514404297,Frech,197,,9.282602310180664,9.416868209838867,61.66505813598633,0.3494112193584442,0.10160437226295471,0.23782123625278473,unknown,51.353092193603516,12.484344482421875,67.2220230102539,0.2583126723766327
0.0,0.0,0.0,,Frech,199,,8.51330852508545,10.758183479309082,60.1153564453125,0.3520694375038147,0.10675456374883652,0.23897364735603333,unknown,48.268375396728516,13.240291595458984,65.98543548583984,2.958432197570801
0.0,0.0,0.0,,Frech,201,,9.587725639343262,11.613604545593262,53.02084732055664,0.3539218306541443,0.10522767901420593,0.23810988664627075,unknown,39.14099884033203,13.46873950958252,57.439292907714844,
0.0,0.0,0.0,255.76670837402344,Frieren,152,3602.939453125,9.203601837158203,10.85156536102295,19.73906707763672,0.0,0.0,0.0,unknown,11.049806594848633,13.66630744934082,21.000898361206055,13.858724594116211
0.0,0.0,0.0,15.806073188781738,Frieren,154,2519.971923828125,9.880585670471191,10.791133880615234,19.218368530273438,0.0,0.0,0.0,unknown,11.113052368164062,13.579686164855957,21.831247329711914,3.194967746734619
0.0,0.0,0.0,152.36793518066406,Frieren,156,4525.6806640625,10.48376178741455,10.377345085144043,18.71605682373047,0.0,0.0,0.0,unknown,11.313319206237793,13.387795448303223,21.841686248779297,4.2332611083984375
0.0,0.0,0.0,149.355224609375,Frieren,158,4895.93701171875,10.102422714233398,10.22358226776123,19.5044002532959,0.0,0.0,0.0,unknown,11.206462860107422,13.407681465148926,21.460891723632812,5.925136089324951
0.0,0.0,0.0,177.05059814453125,Frieren,160,5605.82958984375,10.315703392028809,10.154131889343262,18.94596290588379,0.0,0.0,0.0,unknown,11.580135345458984,12.934789657592773,21.549760818481445,4.033349514007568
0.0,0.0,0.0,196.68055725097656,Frieren,162,2721.735107421875,9.968923568725586,10.51930046081543,19.39900779724121,0.0,0.0,0.0,unknown,10.992368698120117,13.52476978302002,22.45463752746582,7.770848274230957
0.0,0.0,0.0,15.338582038879395,Frieren,164,2625.873046875,9.942204475402832,10.684954643249512,17.98821449279785,0.0,0.0,0.0,unknown,10.88453483581543,14.112926483154297,22.838876724243164,5.3417534828186035
0.0,0.0,0.0,159.80319213867188,Frieren,166,2519.48583984375,9.57921028137207,10.759923934936523,18.069679260253906,0.0,0.0,0.0,unknown,10.579779624938965,13.953612327575684,23.5734920501709,6.357699394226074
0.0,0.0,0.0,8.369487762451172,Frieren,168,1034.2701416015625,9.887727737426758,11.146156311035156,16.93475914001465,0.0,0.0,0.0,unknown,10.799027442932129,13.838390350341797,24.480968475341797,4.2961273193359375
0.0,0.0,0.0,77.06319427490234,Frieren,170,1997.6676025390625,9.401198387145996,11.071468353271484,19.215898513793945,0.0,0.0,0.0,unknown,10.367403984069824,14.028702735900879,24.635883331298828,3.752851963043213
0.0,0.0,0.0,56.124263763427734,Frieren,172,1423.1273193359375,9.37479305267334,10.810425758361816,19.86248016357422,0.0,0.0,0.0,unknown,10.194979667663574,13.598596572875977,26.043663024902344,1.3860225677490234
0.0,0.0,0.0,38.766719818115234,Frieren,174,650.8814697265625,9.254587173461914,10.195652961730957,19.179309844970703,0.0,0.0,0.0,unknown,10.174915313720703,12.904130935668945,28.195938110351562,2.3573365211486816
0.0,0.0,0.0,4.748425483703613,Frieren,176,1489.6126708984375,9.237566947937012,10.473960876464844,19.061674118041992,0.0,0.0,0.0,unknown,10.175971031188965,13.54496955871582,26.521642684936523,0.23225891590118408
0.0,0.0,0.0,94.70050048828125,Frieren,178,3375.354736328125,9.762421607971191,10.245589256286621,19.581262588500977,0.0,0.0,0.0,unknown,10.495859146118164,13.49976921081543,25.185405731201172,0.09555936604738235
0.0,0.0,0.0,130.32537841796875,Frieren,180,3222.83740234375,9.527365684509277,10.21168041229248,17.996118545532227,0.0,0.0,0.0,unknown,10.195507049560547,13.107243537902832,27.11075782775879,6.232859134674072
0.0,0.0,0.0,84.53348541259766,Frieren,182,1882.1964111328125,9.694758415222168,10.418595314025879,17.91234016418457,0.0,0.0,0.0,unknown,10.375755310058594,13.50813102722168,27.40483283996582,2.455761432647705
0.0,0.0,0.0,40.95462417602539,Frieren,184,,9.935174942016602,10.27524471282959,18.10977554321289,0.0,0.0,0.0,unknown,10.359742164611816,13.348480224609375,28.129013061523438,3.180000066757202
0.0,0.0,0.0,,Frieren,186,,10.048935890197754,10.638808250427246,17.186859130859375,0.0,0.0,0.0,unknown,10.482335090637207,13.315611839294434,25.47461700439453,0.4574125409126282
0.0,0.0,0.0,,Frieren,188,,10.114480018615723,10.663796424865723,17.43452262878418,0.0,0.0,0.0,unknown,10.617358207702637,13.52958869934082,22.956703186035156,
0.0,0.0,0.0,15.570050239562988,Frisch,137,178.26333618164062,13.300914764404297,15.645978927612305,26.808473587036133,0.0,0.0,0.0,unknown,21.688745498657227,21.159053802490234,36.33656692504883,2.588146209716797
0.0,0.0,0.0,5.890750408172607,Frisch,139,1119.811767578125,8.922096252441406,16.06427574157715,28.13484001159668,0.0,0.0,0.0,unknown,25.250219345092773,22.735313415527344,36.34144592285156,1.5866670608520508
0.0,0.0,0.0,69.5116195678711,Frisch,141,1160.3284912109375,10.951888084411621,15.592141151428223,29.415803909301758,0.0,0.0,0.0,unknown,20.4420223236084,22.138090133666992,36.23569107055664,1.2607918977737427
0.0,0.0,0.0,9.140816688537598,Frisch,143,444.1764831542969,13.009751319885254,9.027641296386719,28.69795799255371,0.0,0.0,0.0,unknown,19.86094093322754,14.677165985107422,32.461822509765625,5.876498222351074
0.0,0.0,0.0,36.10374069213867,Frisch,145,1152.6160888671875,8.898429870605469,8.853231430053711,29.022518157958984,0.0,0.0,0.0,unknown,15.626768112182617,15.956075668334961,35.21843719482422,5.378509521484375
0.0,0.0,0.0,40.95885467529297,Frisch,147,6116.2490234375,8.675594329833984,7.610389709472656,28.161970138549805,0.0,0.0,0.0,unknown,14.106121063232422,13.59906005859375,30.257923126220703,2.9857444763183594
0.0,0.0,0.0,366.91229248046875,Frisch,149,7024.05126953125,6.924908638000488,7.3881635665893555,23.411361694335938,0.0,0.0,0.0,unknown,11.945900917053223,11.381126403808594,22.870786666870117,5.7030720710754395
0.0,0.0,0.0,101.44200897216797,Frisch,151,4424.7451171875,6.834930896759033,7.61467170715332,26.402780532836914,0.0,0.0,0.0,unknown,11.335238456726074,11.856396675109863,27.775022506713867,18.75941276550293
0.0,0.0,0.0,396.2328796386719,Frisch,153,8276.1484375,8.10195255279541,6.867549896240234,24.431995391845703,0.0,0.0,0.0,unknown,11.580053329467773,11.674503326416016,25.405765533447266,12.005769729614258
0.0,0.0,0.0,155.6413116455078,Frisch,155,2957.285888671875,11.737702369689941,6.806680679321289,25.214021682739258,0.0,0.0,0.0,unknown,12.99903392791748,10.770703315734863,26.078798294067383,14.412555694580078
0.0,0.0,0.0,41.63043212890625,Frisch,157,3912.8564453125,12.227875709533691,6.927959442138672,36.29875564575195,0.0,0.0,0.0,unknown,13.236685752868652,10.655184745788574,41.406097412109375,4.061886787414551
0.0,0.0,0.0,219.51065063476562,Frisch,159,3750.712890625,12.146406173706055,6.753635883331299,37.067649841308594,0.0,0.0,0.0,unknown,13.643379211425781,9.987493515014648,43.042930603027344,6.799651622772217
0.0,0.0,0.0,30.611324310302734,Frisch,161,597.5348510742188,12.059073448181152,6.576214790344238,38.76496124267578,0.0,0.0,0.0,unknown,13.177010536193848,10.077303886413574,43.7421875,7.834648609161377
0.0,0.0,0.0,70.20822143554688,Frisch,163,156.07081604003906,11.865579605102539,7.432275295257568,37.45292282104492,0.0,0.0,0.0,unknown,13.007137298583984,11.276424407958984,42.73408508300781,5.800623893737793
0.0,0.0,0.0,59.9514045715332,Frisch,165,262.26043701171875,11.80748462677002,7.1243791580200195,33.47440719604492,0.0,0.0,0.0,unknown,12.867728233337402,10.490119934082031,37.65635681152344,1.1221892833709717
0.0,0.0,0.0,43.0175666809082,Frisch,167,4145.68408203125,10.55899429321289,7.4192399978637695,33.06382369995117,0.0,0.0,0.0,unknown,11.898843765258789,10.858320236206055,36.656394958496094,2.8758645057678223
0.0,0.0,0.0,233.4134063720703,Frisch,169,8346.8251953125,10.088542938232422,7.3472089767456055,34.25825500488281,0.0,0.0,0.0,unknown,11.22680950164795,10.639116287231445,40.82761764526367,5.740265369415283
0.0,0.0,0.0,323.052490234375,Frisch,171,8974.9423828125,10.062541961669922,7.200284957885742,40.76604461669922,0.0,0.0,0.0,unknown,11.18200397491455,10.355403900146484,48.57041549682617,9.822593688964844
0.0,0.0,0.0,275.2786560058594,Frisch,173,6740.55859375,9.663470268249512,7.151538848876953,37.48977279663086,0.0,0.0,0.0,unknown,10.724886894226074,10.372754096984863,41.83488082885742,11.714278221130371
0.0,0.0,0.0,174.10043334960938,Frisch,175,4080.85009765625,10.269037246704102,6.8194098472595215,40.302398681640625,0.0,0.0,0.0,unknown,11.386507987976074,10.076375961303711,47.819549560546875,6.637809753417969
0.0,0.0,0.0,97.95948791503906,Frisch,177,1548.930908203125,10.04146671295166,6.755561351776123,39.64928436279297,0.0,0.0,0.0,unknown,11.047896385192871,9.954336166381836,47.33707046508789,4.9701972007751465
0.0,0.0,0.0,5.380839824676514,Frisch,179,232.61151123046875,9.817229270935059,6.855989456176758,37.89712142944336,0.0,0.0,0.0,unknown,11.006471633911133,10.54245376586914,42.204986572265625,1.5613316297531128
0.0,0.0,0.0,20.695316314697266,Frisch,181,259.1675109863281,10.003363609313965,6.835038185119629,36.77204132080078,0.0,0.0,0.0,unknown,11.09423828125,10.12652587890625,40.98771286010742,1.2094109058380127
0.0,0.0,0.0,37.237030029296875,Frisch,183,,9.967267990112305,6.662684440612793,40.66530227661133,0.0,0.0,0.0,unknown,11.081564903259277,9.770593643188477,48.085052490234375,0.1746465116739273
0.0,0.0,0.0,,Frisch,185,,9.736043930053711,6.731465816497803,39.73688507080078,0.0,0.0,0.0,unknown,10.88416576385498,9.945987701416016,46.138710021972656,2.6460742950439453
0.0,0.0,0.0,,Frisch,187,,9.588785171508789,6.636221408843994,38.484928131103516,0.0,0.0,0.0,unknown,10.559613227844238,9.747223854064941,44.965702056884766,
0.0,0.0,0.0,31.767427444458008,Froh,126,4210.2099609375,6.648373603820801,6.514151096343994,26.371557235717773,0.0,0.0,0.0,unknown,11.17623233795166,10.380414009094238,32.104026794433594,0.24352389574050903
0.0,0.0,0.0,312.3346862792969,Froh,128,13964.466796875,6.178786754608154,6.712854385375977,27.70234489440918,0.0,0.0,0.0,unknown,9.512398719787598,10.278802871704102,31.05449676513672,2.0581679344177246
0.0,0.0,0.0,618.6561279296875,Froh,130,13687.822265625,5.916493892669678,5.359671115875244,29.16048240661621,0.0,0.0,0.0,unknown,9.277237892150879,12.703723907470703,32.20468521118164,22.873628616333008
0.0,0.0,0.0,293.880859375,Froh,132,8573.6630859375,7.1038737297058105,6.113136291503906,33.32034683227539,0.0,0.0,0.0,unknown,9.944414138793945,14.015063285827637,37.87873458862305,18.372886657714844
0.0,0.0,0.0,277.7364196777344,Froh,134,8405.2587890625,7.06112003326416,5.935032367706299,51.66416931152344,0.0,0.0,0.0,unknown,10.288430213928223,12.732117652893066,57.09741973876953,1.2221057415008545
0.0,0.0,0.0,282.61846923828125,Froh,136,6402.3994140625,6.021468162536621,5.812221050262451,46.263648986816406,0.0,0.0,0.0,unknown,9.91925048828125,9.680333137512207,49.14021301269531,17.29624366760254
0.0,0.0,0.0,144.2317657470703,Froh,138,6689.30224609375,4.763314247131348,5.910531520843506,34.93183517456055,0.0,0.0,0.0,unknown,12.030241966247559,7.604063034057617,36.17762756347656,1.547450065612793
0.0,0.0,0.0,301.7315673828125,Froh,140,6281.35888671875,5.673111915588379,5.82388973236084,29.841346740722656,0.0,0.0,0.0,unknown,11.141550064086914,8.198112487792969,30.82027244567871,8.069738388061523
0.0,0.0,0.0,117.03114318847656,Froh,142,5094.4052734375,4.939112663269043,5.543599605560303,36.782501220703125,0.0,0.0,0.0,unknown,10.45371150970459,7.122596263885498,39.2550163269043,12.046710968017578
0.0,0.0,0.0,222.60110473632812,Froh,144,7930.77734375,5.181634426116943,6.0142130851745605,28.9419002532959,0.0,0.0,0.0,unknown,10.760782241821289,7.947924613952637,29.888622283935547,4.247199535369873
0.0,0.0,0.0,306.12677001953125,Froh,146,2279.035888671875,5.059567928314209,5.189014434814453,24.98626708984375,0.0,0.0,0.0,unknown,11.245183944702148,8.142657279968262,25.495468139648438,19.084924697875977
0.0,0.0,0.0,154.30380249023438,Froh,148,10246.8046875,6.72793436050415,6.07700252532959,25.516000747680664,0.0,0.0,0.0,unknown,9.123391151428223,8.794600486755371,27.8885498046875,1.327055811882019
0.0,0.0,0.0,528.8314208984375,Froh,150,14317.451171875,7.169289588928223,5.97905969619751,25.426897048950195,0.0,0.0,0.0,unknown,12.262375831604004,12.988564491271973,28.53785514831543,11.610472679138184
0.0,0.0,0.0,425.6755065917969,Froh,152,5113.5126953125,5.84952974319458,6.077967166900635,27.597614288330078,0.0,0.0,0.0,unknown,7.290017604827881,14.376809120178223,31.966224670410156,23.646587371826172
0.0,0.0,0.0,85.0739974975586,Froh,154,3832.370361328125,7.608578205108643,6.182703971862793,33.93490219116211,0.0,0.0,0.0,unknown,8.862241744995117,16.34136199951172,39.477745056152344,4.734554767608643
0.0,0.0,0.0,170.50390625,Froh,156,3866.437744140625,6.835076332092285,6.259317874908447,29.247451782226562,0.0,0.0,0.0,unknown,8.468095779418945,15.993945121765137,31.69733238220215,10.392587661743164
0.0,0.0,0.0,87.41006469726562,Froh,158,1123.115966796875,6.605177402496338,6.393184661865234,33.747314453125,0.0,0.0,0.0,unknown,10.784991264343262,13.143961906433105,36.12440872192383,0.9828718304634094
0.0,0.0,0.0,13.470743179321289,Froh,160,2368.67236328125,5.538149356842041,6.278783321380615,37.727779388427734,0.0,0.0,0.0,unknown,11.739678382873535,9.08923053741455,40.817684173583984,4.852860450744629
0.0,0.0,0.0,145.04518127441406,Froh,162,5485.12939453125,5.093194484710693,6.455807685852051,32.00197982788086,0.0,0.0,0.0,unknown,11.05716609954834,7.060666561126709,36.28313064575195,5.703794956207275
0.0,0.0,0.0,220.63516235351562,Froh,164,8726.876953125,5.2813615798950195,6.412006378173828,43.47471237182617,0.0,0.0,0.0,unknown,10.13736629486084,7.192293643951416,47.678585052490234,3.968686819076538
0.0,0.0,0.0,361.1710205078125,Froh,166,10329.9873046875,4.575685024261475,6.465304374694824,45.90808868408203,0.0,0.0,0.0,unknown,9.509909629821777,7.428685188293457,50.87730407714844,10.74193000793457
0.0,0.0,0.0,327.509033203125,Froh,168,9454.013671875,5.090936183929443,6.553696632385254,29.937620162963867,0.0,0.0,0.0,unknown,10.781084060668945,8.090876579284668,31.587753295898438,13.336865425109863
0.0,0.0,0.0,302.7911682128906,Froh,170,3281.220458984375,5.4142045974731445,7.235198020935059,31.723003387451172,0.0,0.0,0.0,unknown,9.947935104370117,9.482002258300781,35.125755310058594,8.499529838562012
0.0,0.0,0.0,84.23912811279297,Froh,172,6511.3759765625,6.818277359008789,6.554200172424316,35.374298095703125,0.0,0.0,0.0,unknown,8.347715377807617,11.756998062133789,39.66049575805664,11.688494682312012
0.0,0.0,0.0,349.9422607421875,Froh,174,10727.9296875,5.224737167358398,5.927225589752197,33.01994705200195,0.0,0.0,0.0,unknown,7.740771770477295,11.124570846557617,40.71120071411133,17.29584312438965
0.0,0.0,0.0,365.2689514160156,Froh,176,15176.833984375,6.968037128448486,5.681386470794678,37.258506774902344,0.0,0.0,0.0,unknown,8.825691223144531,12.922368049621582,44.13916015625,6.035802841186523
0.0,0.0,0.0,646.5303955078125,Froh,178,13576.5654296875,6.5853095054626465,6.605781078338623,29.86775779724121,0.0,0.0,0.0,unknown,9.439441680908203,15.062907218933105,34.51895523071289,18.316688537597656
0.0,0.0,0.0,258.63818359375,Froh,180,,5.980901718139648,6.54275369644165,30.931352615356445,0.0,0.0,0.0,unknown,12.051121711730957,12.888995170593262,34.311038970947266,24.786888122558594
0.0,0.0,0.0,,Froh,182,,6.1875457763671875,6.609410762786865,28.567306518554688,0.0,0.0,0.0,unknown,13.89033317565918,12.96760082244873,32.4674072265625,7.555313587188721
0.0,0.0,0.0,,Froh,184,,5.592113018035889,7.071005821228027,24.207441329956055,0.0,0.0,0.0,unknown,9.564336776733398,10.381272315979004,28.41073989868164,
0.0,0.0,0.0,250.59637451171875,Glas,104,4798.458984375,7.701373100280762,7.388739585876465,15.974717140197754,0.15239699184894562,0.09991642832756042,0.22860892117023468,unknown,8.982062339782715,10.005925178527832,19.73381996154785,10.303435325622559
0.0,0.0,0.0,69.3261947631836,Glas,106,489.7749938964844,9.669677734375,7.486745357513428,15.693400382995605,0.15385986864566803,0.09875865280628204,0.22722049057483673,unknown,11.402591705322266,11.191898345947266,18.113941192626953,6.403295516967773
0.0,0.0,0.0,101.4826431274414,Glas,108,1188.701171875,10.012898445129395,7.2020487785339355,14.796707153320312,0.15200799703598022,0.09910978376865387,0.22756971418857574,unknown,12.41209602355957,9.593378067016602,20.181840896606445,1.7867357730865479
0.0,0.0,0.0,23.138444900512695,Glas,110,2282.149169921875,9.079355239868164,7.209897518157959,13.917348861694336,0.15306682884693146,0.0983509048819542,0.2260957658290863,unknown,12.133428573608398,11.005531311035156,22.872081756591797,4.979846000671387
0.0,0.0,0.0,129.21209716796875,Glas,112,526.2684936523438,6.144789695739746,6.879806995391846,16.26689338684082,0.14992985129356384,0.10013639181852341,0.22704271972179413,unknown,7.522104740142822,10.624979019165039,21.318939208984375,6.488646030426025
0.0,0.0,0.0,100.57298278808594,Glas,114,5652.35302734375,6.523324489593506,8.460811614990234,16.748065948486328,0.15079206228256226,0.09934918582439423,0.22794049978256226,unknown,8.014402389526367,13.174509048461914,20.20374298095703,2.146362543106079
0.0,0.0,0.0,276.570556640625,Glas,116,6430.47265625,6.641671180725098,11.480719566345215,17.34187889099121,0.14843250811100006,0.09698502719402313,0.22539278864860535,unknown,9.572677612304688,14.40270709991455,22.16058921813965,8.778979301452637
0.0,0.0,0.0,152.1584930419922,Glas,118,2303.901123046875,6.926535129547119,11.452564239501953,16.470895767211914,0.1471935212612152,0.0960373505949974,0.22562003135681152,unknown,9.372986793518066,13.678197860717773,24.104272842407227,9.663067817687988
0.0,0.0,0.0,2.413761854171753,Glas,120,398.6442565917969,7.851425647735596,11.664857864379883,19.911739349365234,0.2731289565563202,0.0971180647611618,0.23371513187885284,unknown,13.48423957824707,14.59383487701416,21.97802734375,0.488400399684906
0.0,0.0,0.0,27.883926391601562,Glas,122,842.94091796875,9.265374183654785,11.271780967712402,20.308364868164062,0.2726050317287445,0.0938623920083046,0.23193524777889252,unknown,14.644901275634766,14.253722190856934,22.581247329711914,0.39555099606513977
0.0,0.0,0.0,28.330677032470703,Glas,124,164.0382843017578,8.927901268005371,11.442644119262695,20.36277198791504,0.2726422846317291,0.09435716271400452,0.23265324532985687,unknown,16.12769889831543,13.782490730285645,23.02077293395996,1.4653478860855103
0.0,0.0,0.0,39.03993225097656,Glas,126,1102.028076171875,8.552989959716797,11.577301979064941,22.936506271362305,0.2728567123413086,0.09404108673334122,0.23249287903308868,unknown,12.600419998168945,14.446500778198242,24.704835891723633,0.4264858663082123
0.0,0.0,0.0,34.44173812866211,Glas,128,1288.45166015625,8.478340148925781,11.785643577575684,22.854463577270508,0.2725886106491089,0.09485126286745071,0.23373226821422577,unknown,12.332132339477539,14.432948112487793,24.713293075561523,3.0271849632263184
0.0,0.0,0.0,119.96420288085938,Glas,130,3236.855712890625,8.808614730834961,12.186117172241211,19.98748779296875,0.2736952006816864,0.09429032355546951,0.2316482812166214,unknown,14.908048629760742,15.324666023254395,23.860689163208008,0.7397165298461914
0.0,0.0,0.0,95.83329010009766,Glas,132,1178.5982666015625,9.028437614440918,11.860172271728516,19.64161491394043,0.2742210328578949,0.0947919711470604,0.23140747845172882,unknown,14.266727447509766,14.486693382263184,22.499984741210938,7.260578155517578
0.0,0.0,0.0,17.5782527923584,Glas,134,,8.965877532958984,11.706974029541016,21.196712493896484,0.2737426459789276,0.09872541576623917,0.23346377909183502,unknown,13.804800987243652,15.156174659729004,23.394079208374023,0.8752000331878662
0.0,0.0,0.0,,Glas,136,,8.805603981018066,11.625320434570312,19.038204193115234,0.27372828125953674,0.10001559555530548,0.2345343381166458,unknown,12.554536819458008,14.545310974121094,21.44015121459961,0.37366795539855957
0.0,0.0,0.0,,Glas,138,,8.832795143127441,11.603875160217285,17.421175003051758,0.2748994529247284,0.09800736606121063,0.23226043581962585,unknown,15.289045333862305,14.998908996582031,20.28009796142578,
0.0,0.0,0.0,132.85528564453125,IdiomPffIgnorieren,122,142.04615783691406,15.437631607055664,9.96367073059082,17.997541427612305,0.0,0.0,0.0,unknown,16.339895248413086,12.964734077453613,20.723262786865234,9.671130180358887
0.0,0.0,0.0,124.8776626586914,IdiomPffIgnorieren,124,4447.71142578125,10.319089889526367,8.016844749450684,18.612720489501953,0.0,0.0,0.0,unknown,11.034862518310547,11.676133155822754,21.078100204467773,0.8293958902359009
0.0,0.0,0.0,171.65570068359375,IdiomPffIgnorieren,126,2880.470947265625,9.529383659362793,9.98332691192627,17.16015625,0.0,0.0,0.0,unknown,10.009323120117188,11.340750694274902,19.701847076416016,7.508825778961182
0.0,0.0,0.0,20.44086265563965,IdiomPffIgnorieren,128,993.48095703125,10.357351303100586,12.164348602294922,16.25213050842285,0.0,0.0,0.0,unknown,11.0706148147583,12.71501636505127,18.017887115478516,3.9363152980804443
0.0,0.0,0.0,45.84328842163086,IdiomPffIgnorieren,130,1776.151123046875,11.441375732421875,11.98412036895752,17.14515495300293,0.0,0.0,0.0,unknown,11.756656646728516,13.285402297973633,19.010028839111328,2.5785536766052246
0.0,0.0,0.0,72.5774917602539,IdiomPffIgnorieren,132,481.757568359375,13.146662712097168,10.830759048461914,16.967592239379883,0.0,0.0,0.0,unknown,13.891559600830078,12.066825866699219,19.801406860351562,5.6319966316223145
0.0,0.0,0.0,40.78804016113281,IdiomPffIgnorieren,134,361.5733947753906,13.291029930114746,10.559107780456543,17.60250473022461,0.0,0.0,0.0,unknown,13.94558048248291,12.437552452087402,19.43890953063965,0.7974183559417725
0.0,0.0,0.0,17.496089935302734,IdiomPffIgnorieren,136,1477.2789306640625,13.536792755126953,11.610613822937012,17.976194381713867,0.0,0.0,0.0,unknown,14.012944221496582,12.862592697143555,18.557701110839844,1.9237916469573975
0.0,0.0,0.0,81.15878295898438,IdiomPffIgnorieren,138,1252.9420166015625,13.138274192810059,12.14648723602295,17.137537002563477,0.0,0.0,0.0,unknown,13.596735954284668,13.437148094177246,18.72455596923828,3.0681521892547607
0.0,0.0,0.0,2.6938860416412354,IdiomPffIgnorieren,140,1193.886474609375,13.333680152893066,12.207208633422852,17.620399475097656,0.0,0.0,0.0,unknown,13.834571838378906,13.451240539550781,19.55110740661621,2.3425726890563965
0.0,0.0,0.0,81.93232727050781,IdiomPffIgnorieren,142,1821.0701904296875,13.372492790222168,12.422282218933105,17.245994567871094,0.0,0.0,0.0,unknown,13.94064998626709,13.57510757446289,18.981863021850586,2.1858582496643066
0.0,0.0,0.0,39.4830207824707,IdiomPffIgnorieren,144,453.3758544921875,13.28961181640625,13.152987480163574,17.090442657470703,0.0,0.0,0.0,unknown,13.840718269348145,14.479390144348145,19.197105407714844,3.27669620513916
0.0,0.0,0.0,9.496243476867676,IdiomPffIgnorieren,146,94.70060729980469,13.004215240478516,13.686783790588379,17.115692138671875,0.0,0.0,0.0,unknown,13.43750286102295,15.062844276428223,19.543359756469727,0.6476748585700989
0.0,0.0,0.0,9.462600708007812,IdiomPffIgnorieren,148,,13.160955429077148,12.562372207641602,17.50829315185547,0.0,0.0,0.0,unknown,13.59494686126709,13.907718658447266,18.330821990966797,0.11993737518787384
0.0,0.0,0.0,,IdiomPffIgnorieren,150,,13.181427955627441,12.319643020629883,16.600934982299805,0.0,0.0,0.0,unknown,13.595511436462402,13.558083534240723,20.618680953979492,0.6018964052200317
0.0,0.0,0.0,,IdiomPffIgnorieren,152,,12.231801986694336,12.029412269592285,17.38642692565918,0.0,0.0,0.0,unknown,12.446526527404785,13.369823455810547,18.16141128540039,
0.0,0.0,0.0,37.54464340209961,Jahr,162,4448.8564453125,6.329592227935791,12.766926765441895,55.46788787841797,0.3196711242198944,0.10338505357503891,0.23771826922893524,unknown,58.69593048095703,18.00334930419922,58.25603103637695,0.8004333972930908
0.0,0.0,0.0,262.7328796386719,Jahr,164,10285.908203125,7.332295894622803,13.417693138122559,53.49508285522461,0.3506145775318146,0.10336567461490631,0.23969720304012299,unknown,40.87678527832031,17.483333587646484,58.52235794067383,2.0465095043182373
1.0,0.0,1.0,423.0738220214844,Jahr,166,8781.185546875,8.67435359954834,12.543816566467285,62.97772216796875,0.37971243262290955,0.10620257258415222,0.2420748472213745,unknown,54.7620964050293,15.85540771484375,64.67715454101562,15.500038146972656
0.0,0.0,1.0,162.48406982421875,Jahr,168,1893.0130615234375,6.200976371765137,12.951951026916504,51.35486602783203,0.3559730648994446,0.10952255129814148,0.24127596616744995,unknown,32.335487365722656,15.140279769897461,54.217803955078125,12.716367721557617
0.0,1.0,1.0,36.421142578125,Jahr,170,194.11386108398438,5.89152193069458,19.755048751831055,60.41249084472656,0.32458242774009705,0.2611599862575531,0.24493785202503204,unknown,49.30784225463867,20.52834129333496,69.94424438476562,1.898590326309204
0.0,1.0,1.0,23.963489532470703,Jahr,172,3082.03662109375,7.038201332092285,19.316438674926758,58.71284484863281,0.3428550064563751,0.26722702383995056,0.2471841424703598,unknown,44.03303527832031,19.141536712646484,68.60759735107422,0.6147940158843994
0.0,1.0,1.0,228.9584197998047,Jahr,174,4939.18896484375,7.2645745277404785,18.97430992126465,54.841365814208984,0.3519790768623352,0.2646334767341614,0.2470206618309021,unknown,43.813785552978516,18.482421875,63.6576042175293,2.1618378162384033
0.0,1.0,1.0,102.06439208984375,Jahr,176,2339.590576171875,6.045848369598389,18.712095260620117,46.25725173950195,0.3416675925254822,0.2499946504831314,0.24477271735668182,unknown,30.60199546813965,18.303640365600586,54.897945404052734,17.355030059814453
0.0,1.0,1.0,54.93345260620117,Jahr,178,974.6224975585938,4.642953395843506,18.7210693359375,42.92913818359375,0.3564254939556122,0.23930417001247406,0.24647380411624908,unknown,29.926719665527344,19.017953872680664,50.444766998291016,10.718282699584961
0.0,0.0,0.0,10.856332778930664,Jahr,180,260.9169006347656,5.3303093910217285,8.893294334411621,52.406394958496094,0.31779253482818604,0.10076835006475449,0.23601041734218597,unknown,54.204715728759766,10.796387672424316,55.50688171386719,13.996377944946289
0.0,0.0,0.0,10.280959129333496,Jahr,182,3710.694580078125,4.39432430267334,8.209416389465332,48.19832229614258,0.31977707147598267,0.10743437707424164,0.23986028134822845,unknown,44.99053955078125,9.625533103942871,52.74193572998047,13.47404670715332
0.0,0.0,0.0,250.4805908203125,Jahr,184,5195.57421875,4.991811275482178,8.118941307067871,52.335227966308594,0.31478753685951233,0.10458088666200638,0.2394702285528183,unknown,55.86473083496094,10.600469589233398,56.71015167236328,13.229837417602539
0.0,0.0,0.0,96.14142608642578,Jahr,186,257.8003234863281,5.198337078094482,7.130747318267822,40.644805908203125,0.31803280115127563,0.11420587450265884,0.24033038318157196,unknown,40.684085845947266,9.234047889709473,46.264366149902344,3.4772896766662598
0.0,0.0,1.0,103.49575805664062,Jahr,188,5410.3642578125,6.422306537628174,7.324656009674072,44.602760314941406,0.3352753520011902,0.11081928014755249,0.24249079823493958,unknown,56.13234329223633,9.938580513000488,51.18024826049805,2.9421794414520264
1.0,0.0,1.0,257.31561279296875,Jahr,190,4165.5576171875,6.380724906921387,7.359287738800049,37.8340950012207,0.3922097980976105,0.10832610726356506,0.24364399909973145,unknown,41.483402252197266,11.091670036315918,43.852691650390625,9.809833526611328
0.0,0.0,1.0,27.477659225463867,Jahr,192,739.34423828125,6.520053386688232,6.939565658569336,30.67947769165039,0.3486495614051819,0.10871405899524689,0.244485005736351,unknown,30.91506576538086,9.398425102233887,37.74808120727539,7.346985340118408
0.0,0.0,1.0,22.168834686279297,Jahr,194,1508.6893310546875,5.238136291503906,10.715057373046875,34.17660903930664,0.34221500158309937,0.1099909171462059,0.24244315922260284,unknown,43.88196563720703,12.835334777832031,41.980770111083984,6.037574291229248
1.0,0.0,1.0,83.65367889404297,Jahr,196,459.6632385253906,6.472256660461426,10.21538257598877,36.01597595214844,0.3947280943393707,0.1047767847776413,0.2459467202425003,unknown,37.077823638916016,13.075511932373047,42.83116912841797,7.1649980545043945
0.0,0.0,1.0,87.8570327758789,Jahr,198,5435.76171875,5.9201884269714355,9.102136611938477,56.36018371582031,0.33896446228027344,0.10673041641712189,0.253601998090744,unknown,38.636688232421875,11.697153091430664,77.89075469970703,1.7055206298828125
0.0,0.0,0.0,275.3672790527344,Jahr,200,986.9462280273438,5.858665466308594,9.585349082946777,35.25425720214844,0.31223708391189575,0.10097093880176544,0.23643973469734192,unknown,50.8914680480957,9.942461013793945,42.040199279785156,4.229963779449463
0.0,0.0,1.0,238.8192596435547,Jahr,202,8521.076171875,6.923227310180664,10.186136245727539,30.23879623413086,0.3589043915271759,0.10162544995546341,0.24086277186870575,unknown,28.374736785888672,11.213526725769043,39.8104133605957,14.210519790649414
1.0,0.0,1.0,329.2953186035156,Jahr,204,1067.3040771484375,6.937148571014404,10.467157363891602,33.987300872802734,0.38964414596557617,0.10142450779676437,0.2416006475687027,unknown,39.857181549072266,10.89708423614502,43.93252944946289,30.09596061706543
1.0,0.0,1.0,260.8559875488281,Jahr,206,12697.349609375,6.406581878662109,9.407746315002441,36.52824020385742,0.40013715624809265,0.09930021315813065,0.24128024280071259,unknown,27.409387588500977,9.7219820022583,48.257930755615234,8.16996955871582
1.0,0.0,1.0,585.7615356445312,Jahr,208,16564.76953125,6.477312088012695,9.300169944763184,39.672760009765625,0.40786996483802795,0.0986221581697464,0.24259814620018005,unknown,38.255435943603516,9.952519416809082,49.6103630065918,9.226130485534668
1.0,0.0,1.0,518.61328125,Jahr,210,7715.07763671875,6.947847843170166,9.02692985534668,45.61721420288086,0.40796998143196106,0.10032139718532562,0.2416880875825882,unknown,32.91447067260742,9.803180694580078,59.230796813964844,29.828960418701172
1.0,0.0,0.0,15.855534553527832,Jahr,212,5130.89892578125,6.882714748382568,8.978939056396484,29.05006217956543,0.3830885887145996,0.10394289344549179,0.23817084729671478,unknown,30.859493255615234,9.899478912353516,37.96706008911133,4.763592720031738
1.0,0.0,0.0,336.69854736328125,Jahr,214,8966.318359375,6.496506214141846,9.205789566040039,38.735660552978516,0.3916080594062805,0.10078742355108261,0.23993153870105743,unknown,42.924163818359375,10.14627742767334,47.887542724609375,5.077981948852539
1.0,0.0,0.0,261.2643127441406,Jahr,216,3296.086669921875,6.94128942489624,10.675058364868164,38.20946502685547,0.37891581654548645,0.10065106302499771,0.23910777270793915,unknown,30.008094787597656,11.590338706970215,47.11082077026367,17.386751174926758
1.0,0.0,0.0,51.67501449584961,Jahr,218,1636.099853515625,6.386324882507324,10.314727783203125,38.72724914550781,0.39586880803108215,0.10118753463029861,0.23930099606513977,unknown,31.256637573242188,11.539189338684082,47.3234748840332,0.9915096163749695
0.0,0.0,0.0,57.8290901184082,Jahr,220,3088.026611328125,6.517913818359375,11.723384857177734,48.55934524536133,0.345900297164917,0.10295595973730087,0.23676179349422455,unknown,52.02741241455078,12.466054916381836,53.89946746826172,2.996342897415161
0.0,0.0,0.0,152.5001983642578,Jahr,222,461.9081115722656,6.803614616394043,11.408041000366211,40.161216735839844,0.3557656705379486,0.11116550862789154,0.2377634048461914,unknown,32.9074592590332,12.389305114746094,48.08612823486328,1.1695283651351929
0.0,0.0,0.0,172.56593322753906,Jahr,224,5857.0166015625,6.368152618408203,13.981788635253906,47.85001754760742,0.3262602984905243,0.1150430217385292,0.23751232028007507,unknown,54.97111511230469,15.31066608428955,53.167274475097656,9.687691688537598
0.0,0.0,1.0,217.99046325683594,Jahr,226,2385.96142578125,6.412134170532227,12.557844161987305,39.920501708984375,0.36980298161506653,0.10942130535840988,0.2406291961669922,unknown,39.92825698852539,14.4306640625,45.729312896728516,21.166366577148438
0.0,0.0,0.0,64.23162078857422,Jahr,228,1061.9228515625,6.260908126831055,11.862129211425781,43.840309143066406,0.32230454683303833,0.10234641283750534,0.23539452254772186,unknown,48.658111572265625,15.936037063598633,49.83402633666992,6.675877094268799
0.0,0.0,0.0,14.512093544006348,Jahr,230,281.93170166015625,5.5522565841674805,11.290351867675781,39.70290756225586,0.3223084807395935,0.1009356677532196,0.23573748767375946,unknown,32.79342269897461,16.941587448120117,45.044677734375,2.6745660305023193
0.0,0.0,0.0,5.592082500457764,Jahr,232,603.2064819335938,6.904294967651367,10.911301612854004,46.42510223388672,0.33551064133644104,0.10279027372598648,0.23882606625556946,unknown,52.896141052246094,13.31745719909668,51.590606689453125,2.4271042346954346
0.0,0.0,0.0,44.966644287109375,Jahr,234,960.9513549804688,5.088682651519775,11.009832382202148,41.505455017089844,0.32693177461624146,0.10590292513370514,0.23915910720825195,unknown,40.5588264465332,13.297344207763672,47.429931640625,2.1516242027282715
0.0,0.0,1.0,21.83672332763672,Jahr,236,,5.728266716003418,11.229510307312012,41.55034255981445,0.3356671929359436,0.10691402852535248,0.24083343148231506,unknown,37.56361770629883,13.354723930358887,47.75724411010742,1.069589376449585
0.0,0.0,1.0,,Jahr,238,,7.304600238800049,11.544550895690918,51.357322692871094,0.35417160391807556,0.10500172525644302,0.2418328821659088,unknown,55.39821243286133,13.353677749633789,57.14623260498047,0.4105505049228668
0.0,0.0,1.0,,Jahr,240,,5.718163967132568,12.125218391418457,44.60344696044922,0.3374013304710388,0.10696446895599365,0.24080035090446472,unknown,39.57324981689453,14.304510116577148,50.15562057495117,
0.0,0.0,0.0,172.8481903076172,Klar,122,5966.75390625,4.919416427612305,10.653633117675781,45.36698913574219,0.3337007761001587,0.1013350710272789,0.2401587963104248,unknown,43.94792938232422,12.83090591430664,53.20507049560547,2.25468373298645
0.0,0.0,0.0,225.1006622314453,Klar,124,3938.64404296875,5.7188544273376465,10.42003059387207,45.2287483215332,0.32809978723526,0.09847183525562286,0.23876062035560608,unknown,36.00465393066406,12.363160133361816,55.79362106323242,9.331572532653809
1.0,0.0,1.0,43.485477447509766,Klar,126,1391.420166015625,6.508576393127441,14.241809844970703,52.836978912353516,0.38376104831695557,0.09541255980730057,0.2432193011045456,unknown,47.525596618652344,17.32028579711914,61.82634353637695,5.709285259246826
0.0,0.0,0.0,49.8414192199707,Klar,128,4099.87548828125,6.495049953460693,12.374388694763184,42.402767181396484,0.3560779094696045,0.09545282274484634,0.23996832966804504,unknown,25.91313934326172,15.147879600524902,49.87287902832031,3.343411445617676
1.0,0.0,1.0,226.05303955078125,Klar,130,5847.84814453125,4.843161106109619,9.88187026977539,46.47757339477539,0.38042160868644714,0.09513219445943832,0.24145089089870453,unknown,43.28352737426758,11.906045913696289,53.679996490478516,6.375221252441406
0.0,0.0,1.0,164.02777099609375,Klar,132,3621.6845703125,5.7319560050964355,11.88609504699707,41.00879669189453,0.3627249598503113,0.094989113509655,0.2417736053466797,unknown,20.972211837768555,15.847427368164062,46.97138595581055,8.700091361999512
1.0,0.0,1.0,77.80826568603516,Klar,134,653.6302490234375,5.3789777755737305,10.694500923156738,48.670867919921875,0.3878036141395569,0.09588253498077393,0.24346201121807098,unknown,48.36101531982422,16.119922637939453,56.03083419799805,2.4579193592071533
1.0,0.0,1.0,36.4943962097168,Klar,136,1539.9305419921875,6.751919746398926,13.193020820617676,44.136165618896484,0.4045381247997284,0.09989234805107117,0.2439967840909958,unknown,26.743629455566406,19.094165802001953,53.343849182128906,2.934018850326538
0.0,0.0,0.0,66.92517852783203,Klar,138,3812.74755859375,6.388520240783691,4.977614402770996,37.94871520996094,0.3577214777469635,0.10242850333452225,0.24033145606517792,unknown,30.041683197021484,12.464713096618652,46.009464263916016,5.295881271362305
1.0,0.0,1.0,189.30355834960938,Klar,140,5294.8388671875,6.12355375289917,4.818022727966309,42.48847198486328,0.392413467168808,0.10042230784893036,0.24101383984088898,unknown,49.25027847290039,9.738147735595703,51.80495071411133,1.2182105779647827
1.0,0.0,1.0,163.74363708496094,Klar,142,2703.638671875,6.147595405578613,4.362131595611572,39.76948165893555,0.4005194306373596,0.10049274563789368,0.24133160710334778,unknown,27.302297592163086,10.383583068847656,51.38240051269531,13.6649751663208
1.0,0.0,0.0,24.49424934387207,Klar,144,2017.3221435546875,6.512697219848633,4.723186016082764,41.771690368652344,0.3742113709449768,0.10084863007068634,0.23931585252285004,unknown,46.431556701660156,10.124998092651367,51.40755844116211,2.838141918182373
0.0,0.0,0.0,115.9974136352539,Klar,146,3549.50634765625,6.183420181274414,5.06068754196167,33.78786849975586,0.3356800079345703,0.10138850659132004,0.23810607194900513,unknown,31.690034866333008,10.045541763305664,43.36991882324219,3.753427028656006
0.0,0.0,0.0,120.6765365600586,Klar,148,,6.582438945770264,4.78010368347168,42.82271957397461,0.3656647503376007,0.10261914134025574,0.2391345202922821,unknown,52.0839729309082,9.797314643859863,51.995243072509766,3.9809436798095703
0.0,0.0,0.0,,Klar,150,,6.625505447387695,4.785431861877441,31.704105377197266,0.3556831479072571,0.10305386036634445,0.23881599307060242,unknown,29.772005081176758,10.185137748718262,42.06592559814453,4.068526744842529
0.0,0.0,0.0,,Klar,152,,6.346222877502441,4.591701030731201,43.16897201538086,0.33909544348716736,0.10256335139274597,0.2377970814704895,unknown,53.960227966308594,9.882588386535645,52.06946563720703,
0.0,0.0,0.0,16.98555564880371,Kochen,135,343.94757080078125,7.698520183563232,11.162001609802246,16.927875518798828,0.0,0.0,0.0,unknown,8.9009428024292,13.552059173583984,20.243066787719727,3.154388427734375
0.0,0.0,0.0,36.79667663574219,Kochen,137,118.09813690185547,7.4509429931640625,12.435567855834961,17.10184097290039,0.0,0.0,0.0,unknown,7.864776134490967,15.989953994750977,20.22752571105957,2.10776686668396
0.0,0.0,0.0,42.571372985839844,Kochen,139,399.0260925292969,7.3152971267700195,12.665579795837402,16.369346618652344,0.0,0.0,0.0,unknown,8.149724960327148,16.44281768798828,23.134469985961914,0.35267508029937744
0.0,0.0,0.0,69.01557159423828,Kochen,141,3779.443359375,7.419659614562988,12.445554733276367,17.07908821105957,0.0,0.0,0.0,unknown,8.278531074523926,16.9278564453125,23.87891387939453,3.18768310546875
0.0,0.0,0.0,182.9552001953125,Kochen,143,7583.6875,7.924800872802734,12.61780834197998,18.985807418823242,0.0,0.0,0.0,unknown,9.065099716186523,18.104660034179688,23.02554702758789,7.786468505859375
0.0,0.0,0.0,322.64691162109375,Kochen,145,8417.27734375,8.120063781738281,12.11993408203125,19.55743408203125,0.0,0.0,0.0,unknown,10.054384231567383,18.636423110961914,27.41858673095703,4.412034034729004
0.0,0.0,0.0,238.51040649414062,Kochen,147,4622.34423828125,7.806565761566162,12.473138809204102,23.067882537841797,0.0,0.0,0.0,unknown,14.772438049316406,17.781448364257812,24.57435417175293,17.10162925720215
0.0,0.0,0.0,69.67449188232422,Kochen,149,2310.483642578125,7.973401069641113,12.20630168914795,21.180219650268555,0.0,0.0,0.0,unknown,9.803424835205078,16.885366439819336,22.896160125732422,1.203957200050354
0.0,0.0,0.0,84.36409759521484,Kochen,151,1358.438720703125,7.270177841186523,11.612313270568848,22.220840454101562,0.0,0.0,0.0,unknown,15.888169288635254,15.543184280395508,24.168100357055664,5.8444719314575195
0.0,0.0,0.0,13.785055160522461,Kochen,153,2607.61279296875,7.811468601226807,11.971938133239746,21.504045486450195,0.0,0.0,0.0,unknown,8.289694786071777,16.200178146362305,23.96773338317871,0.5260001420974731
0.0,0.0,0.0,179.9897003173828,Kochen,155,7577.5986328125,7.51029109954834,12.194305419921875,29.75030517578125,0.0,0.0,0.0,unknown,11.265864372253418,16.79973793029785,32.91020584106445,0.6726083159446716
0.0,0.0,0.0,325.1849365234375,Kochen,157,8709.7783203125,7.608670234680176,12.019485473632812,19.762126922607422,0.0,0.0,0.0,unknown,16.127046585083008,15.488443374633789,22.38544464111328,12.629217147827148
0.0,0.0,0.0,255.4705810546875,Kochen,159,10023.4453125,7.53692626953125,11.325937271118164,15.86743450164795,0.0,0.0,0.0,unknown,10.359978675842285,13.726799964904785,19.94400978088379,9.050104141235352
0.0,0.0,0.0,412.7818908691406,Kochen,161,9306.939453125,7.0819926261901855,11.123106956481934,15.144183158874512,0.0,0.0,0.0,unknown,14.144819259643555,12.800658226013184,17.991859436035156,7.981697082519531
0.0,0.0,0.0,207.68533325195312,Kochen,163,3317.70849609375,7.183135509490967,11.421977043151855,15.567525863647461,0.0,0.0,0.0,unknown,16.471681594848633,13.093904495239258,17.095081329345703,19.53789710998535
0.0,0.0,0.0,13.709775924682617,Kochen,165,320.4619445800781,7.17399787902832,11.849431037902832,16.437456130981445,0.0,0.0,0.0,unknown,8.164112091064453,13.810261726379395,18.121963500976562,5.6943769454956055
0.0,0.0,0.0,34.65647888183594,Kochen,167,2430.26171875,7.314862251281738,12.087898254394531,17.592012405395508,0.0,0.0,0.0,unknown,7.674481391906738,14.449610710144043,18.74077796936035,6.591374397277832
0.0,0.0,0.0,127.4758529663086,Kochen,169,1171.9566650390625,7.488490581512451,12.388401985168457,16.67409896850586,0.0,0.0,0.0,unknown,8.274744987487793,15.4782075881958,18.26361846923828,8.889643669128418
0.0,0.0,0.0,205.4125518798828,Kochen,171,7726.7177734375,7.367293834686279,12.084094047546387,17.138137817382812,0.0,0.0,0.0,unknown,9.013806343078613,16.313024520874023,18.733280181884766,0.40381425619125366
0.0,0.0,0.0,309.705078125,Kochen,173,7114.7255859375,7.105578422546387,12.673201560974121,16.531465530395508,0.0,0.0,0.0,unknown,8.497608184814453,17.191465377807617,20.525300979614258,13.302338600158691
0.0,0.0,0.0,164.64804077148438,Kochen,175,785.5048217773438,7.485272407531738,12.505671501159668,18.327463150024414,0.0,0.0,0.0,unknown,8.160236358642578,17.31783103942871,20.376548767089844,7.345282077789307
0.0,0.0,0.0,113.30581665039062,Kochen,177,3607.056884765625,7.704501628875732,11.773516654968262,18.852426528930664,0.0,0.0,0.0,unknown,8.307196617126465,16.371231079101562,20.30961036682129,3.6376118659973145
0.0,0.0,0.0,127.2199935913086,Kochen,179,2333.628173828125,7.491898536682129,12.061939239501953,18.079774856567383,0.0,0.0,0.0,unknown,9.151630401611328,16.577800750732422,23.063064575195312,11.173359870910645
0.0,0.0,0.0,28.463275909423828,Kochen,181,1584.52880859375,7.358805179595947,12.408621788024902,19.724275588989258,0.0,0.0,0.0,unknown,9.057286262512207,17.339221954345703,21.56328773498535,2.6967484951019287
0.0,0.0,0.0,77.23766326904297,Kochen,183,4763.681640625,7.2237229347229,11.764842987060547,21.12500762939453,0.0,0.0,0.0,unknown,8.30721378326416,15.962032318115234,23.186792373657227,4.580677032470703
0.0,0.0,0.0,240.3610382080078,Kochen,185,10204.0771484375,7.540436744689941,11.444218635559082,19.116575241088867,0.0,0.0,0.0,unknown,9.48449993133545,14.528156280517578,21.02219581604004,0.5760814547538757
0.0,0.0,0.0,439.9130554199219,Kochen,187,8300.73828125,7.946291923522949,11.520217895507812,20.033113479614258,0.0,0.0,0.0,unknown,13.892319679260254,14.461551666259766,21.934764862060547,15.456582069396973
0.0,0.0,0.0,113.48149108886719,Kochen,189,950.8538208007812,8.037642478942871,11.037410736083984,18.10052490234375,0.0,0.0,0.0,unknown,9.839869499206543,13.42031192779541,19.122488021850586,13.871058464050293
0.0,0.0,0.0,50.203147888183594,Kochen,191,145.4756622314453,8.328734397888184,11.368467330932617,16.83315086364746,0.0,0.0,0.0,unknown,15.437870025634766,13.723346710205078,17.578996658325195,6.307540416717529
0.0,0.0,0.0,41.3018684387207,Kochen,193,2350.068115234375,7.816783905029297,11.369891166687012,16.33240509033203,0.0,0.0,0.0,unknown,16.58548355102539,13.942246437072754,17.216894149780273,2.9637115001678467
0.0,0.0,0.0,115.41329956054688,Kochen,195,3660.87158203125,7.553974628448486,11.294750213623047,16.018190383911133,0.0,0.0,0.0,unknown,9.458142280578613,13.130156517028809,17.146223068237305,0.2272743284702301
0.0,0.0,0.0,128.67727661132812,Kochen,197,1872.0657958984375,7.484029293060303,11.308561325073242,14.994104385375977,0.0,0.0,0.0,unknown,13.307344436645508,13.800189018249512,16.508834838867188,7.90767765045166
0.0,0.0,0.0,9.626720428466797,Kochen,199,258.1780700683594,7.537843227386475,11.53162670135498,16.212881088256836,0.0,0.0,0.0,unknown,8.405138969421387,14.10686206817627,17.62000274658203,0.717928409576416
0.0,0.0,0.0,12.211674690246582,Kochen,201,862.485595703125,8.262229919433594,11.735319137573242,16.4715576171875,0.0,0.0,0.0,unknown,9.856313705444336,14.871620178222656,18.09103775024414,1.0131019353866577
0.0,0.0,0.0,65.94115447998047,Kochen,203,2038.10009765625,8.172422409057617,11.768111228942871,16.546863555908203,0.0,0.0,0.0,unknown,9.954188346862793,15.50004768371582,18.522817611694336,1.619011640548706
0.0,0.0,0.0,70.00791931152344,Kochen,205,522.4219360351562,8.282540321350098,11.59363079071045,17.707969665527344,0.0,0.0,0.0,unknown,9.873705863952637,15.686003684997559,19.0240478515625,5.9898762702941895
0.0,0.0,0.0,103.83597564697266,Kochen,207,4457.99072265625,7.758026123046875,12.226165771484375,17.444494247436523,0.0,0.0,0.0,unknown,14.192453384399414,16.45115852355957,18.732004165649414,1.3347848653793335
0.0,0.0,0.0,193.39248657226562,Kochen,209,3895.1904296875,7.948300838470459,12.206991195678711,18.001605987548828,0.0,0.0,0.0,unknown,9.998269081115723,15.892142295837402,19.88787841796875,5.595056056976318
0.0,0.0,0.0,66.35343933105469,Kochen,211,1686.5982666015625,8.107149124145508,12.116493225097656,17.019174575805664,0.0,0.0,0.0,unknown,11.722284317016602,15.069616317749023,20.18790054321289,7.299262046813965
0.0,0.0,0.0,46.404964447021484,Kochen,213,2370.4970703125,8.517326354980469,12.380290031433105,20.80492401123047,0.0,0.0,0.0,unknown,12.462910652160645,15.745139122009277,21.98688507080078,2.8846516609191895
0.0,0.0,0.0,111.6707992553711,Kochen,215,939.089111328125,8.497787475585938,11.898476600646973,19.603023529052734,0.0,0.0,0.0,unknown,11.883820533752441,14.947951316833496,20.460168838500977,5.970715522766113
0.0,0.0,0.0,49.26422119140625,Kochen,217,1532.132080078125,8.545515060424805,11.871657371520996,19.55663299560547,0.0,0.0,0.0,unknown,13.178048133850098,15.686513900756836,20.912696838378906,1.4771212339401245
0.0,0.0,0.0,52.93368148803711,Kochen,219,174.8340606689453,8.700662612915039,11.758522033691406,20.141477584838867,0.0,0.0,0.0,unknown,10.982876777648926,15.3331880569458,21.113523483276367,4.755774974822998
0.0,0.0,0.0,55.35521697998047,Kochen,221,,8.118274688720703,11.655152320861816,32.5797004699707,0.0,0.0,0.0,unknown,8.801790237426758,15.23733901977539,34.31078338623047,1.235255241394043
0.0,0.0,0.0,,Kochen,223,,8.159867286682129,11.95315170288086,32.80719757080078,0.0,0.0,0.0,unknown,9.109211921691895,15.307952880859375,34.681209564208984,2.45662784576416
0.0,0.0,0.0,,Kochen,225,,8.210062980651855,11.981168746948242,32.75032424926758,0.0,0.0,0.0,unknown,8.736616134643555,15.056314468383789,35.681793212890625,
0.0,0.0,0.0,41.15871047973633,Lesen,153,4314.7451171875,5.915096282958984,9.223093032836914,20.83039665222168,0.1720847189426422,0.10171383619308472,0.23320215940475464,unknown,9.065176010131836,10.38663101196289,24.20560073852539,4.508272647857666
0.0,0.0,0.0,246.58694458007812,Lesen,155,5700.85498046875,6.186558246612549,9.255779266357422,20.348987579345703,0.16960710287094116,0.10082784295082092,0.23154601454734802,unknown,11.431626319885254,10.491227149963379,24.409706115722656,7.244605541229248
0.0,0.0,0.0,133.57644653320312,Lesen,157,621.2247924804688,5.9911346435546875,9.129043579101562,22.249374389648438,0.16948294639587402,0.10031607002019882,0.2308044731616974,unknown,10.103703498840332,10.534150123596191,24.367876052856445,9.197663307189941
0.0,0.0,0.0,95.7426986694336,Lesen,159,5308.20849609375,6.212891578674316,9.147411346435547,20.962995529174805,0.16406014561653137,0.09868264943361282,0.228632390499115,unknown,10.50161361694336,9.797205924987793,27.219837188720703,0.42236778140068054
0.0,0.0,0.0,258.2710266113281,Lesen,161,6920.89599609375,6.568290710449219,9.252166748046875,19.605581283569336,0.16164976358413696,0.09638100862503052,0.2295234650373459,unknown,11.71945571899414,9.974915504455566,22.29960060119629,6.060308933258057
0.0,0.0,0.0,203.13723754882812,Lesen,163,2539.729248046875,6.382379531860352,9.81129264831543,18.98236656188965,0.16636794805526733,0.09895927459001541,0.22961483895778656,unknown,10.179094314575195,10.21369743347168,26.40924644470215,11.159950256347656
0.0,0.0,0.0,34.09367752075195,Lesen,165,1910.2535400390625,6.356718063354492,9.854588508605957,18.44051170349121,0.1631034016609192,0.09740321338176727,0.2284805178642273,unknown,10.189139366149902,10.710772514343262,25.794050216674805,2.3856587409973145
0.0,0.0,0.0,93.30973052978516,Lesen,167,3109.450927734375,6.328628063201904,10.097994804382324,18.760801315307617,0.16236048936843872,0.0978633388876915,0.2297782450914383,unknown,12.249221801757812,10.71337890625,26.216659545898438,4.644253730773926
0.0,0.0,0.0,114.03326416015625,Lesen,169,3993.16162109375,6.0985822677612305,10.348548889160156,20.513330459594727,0.1570008099079132,0.0973079726099968,0.22483474016189575,unknown,8.584465980529785,11.311125755310059,27.318695068359375,1.5817654132843018
0.0,0.0,0.0,152.1891632080078,Lesen,171,3341.51904296875,6.0135369300842285,9.03760814666748,21.81267738342285,0.16070279479026794,0.09454962611198425,0.22659465670585632,unknown,10.581034660339355,9.905113220214844,25.811382293701172,6.024936676025391
0.0,0.0,0.0,70.60798645019531,Lesen,173,399.61163330078125,5.844325065612793,9.006569862365723,20.27276611328125,0.1600354015827179,0.09406429529190063,0.22711624205112457,unknown,8.744224548339844,10.213415145874023,23.076980590820312,4.121866226196289
0.0,0.0,0.0,45.42095184326172,Lesen,175,141.48239135742188,6.001610279083252,8.802642822265625,19.36531639099121,0.15946148335933685,0.09620720893144608,0.22607773542404175,unknown,9.65004825592041,9.443255424499512,23.658105850219727,0.6004908680915833
0.0,0.0,0.0,48.09434509277344,Lesen,177,2272.497802734375,6.141368389129639,9.107192993164062,20.254343032836914,0.1695021688938141,0.09815122187137604,0.2370895892381668,unknown,9.962657928466797,9.817217826843262,24.331764221191406,3.5968058109283447
0.0,0.0,0.0,103.47924041748047,Lesen,179,1785.654541015625,6.223925590515137,10.352324485778809,20.54277229309082,0.15752004086971283,0.09388304501771927,0.22707204520702362,unknown,10.529699325561523,11.00518798828125,23.660497665405273,6.786624431610107
0.0,0.0,0.0,15.911965370178223,Lesen,181,3937.180419921875,6.138380527496338,9.930649757385254,18.833820343017578,0.15895621478557587,0.09500625729560852,0.2241821587085724,unknown,9.937362670898438,10.58280086517334,27.38992691040039,0.200737863779068
0.0,0.0,0.0,247.02444458007812,Lesen,183,8483.384765625,6.035346031188965,12.229069709777832,20.745237350463867,0.1604166477918625,0.09244579821825027,0.22441498935222626,unknown,12.367279052734375,12.70473575592041,27.138044357299805,0.9268465638160706
0.0,0.0,0.0,318.5390625,Lesen,185,6928.40380859375,5.774392127990723,9.892288208007812,22.05164909362793,0.1588653028011322,0.09273211658000946,0.22365885972976685,unknown,10.114994049072266,11.003512382507324,25.835716247558594,15.549430847167969
0.0,0.0,0.0,143.37216186523438,Lesen,187,3868.649169921875,6.1570563316345215,8.599642753601074,22.992843627929688,0.15883168578147888,0.0929984450340271,0.22421015799045563,unknown,8.145233154296875,10.35140609741211,27.57672119140625,5.687325954437256
0.0,0.0,0.0,114.57642364501953,Lesen,189,1261.078125,5.78376579284668,9.335389137268066,19.293212890625,0.15839238464832306,0.09657874703407288,0.22481776773929596,unknown,8.827839851379395,10.290843963623047,26.293087005615234,3.8714208602905273
0.0,0.0,0.0,32.75864791870117,Lesen,191,1062.0059814453125,5.973824977874756,9.121377944946289,20.451995849609375,0.1587262749671936,0.09708066284656525,0.2239440679550171,unknown,10.609704971313477,9.716299057006836,26.874736785888672,3.771980047225952
0.0,0.0,0.0,38.2636833190918,Lesen,193,862.23583984375,6.163821697235107,9.563910484313965,20.762191772460938,0.16454634070396423,0.09472464770078659,0.22651195526123047,unknown,11.0205717086792,9.968271255493164,24.933015823364258,5.87237548828125
0.0,0.0,0.0,19.400671005249023,Lesen,195,714.2152099609375,5.919164657592773,9.76202392578125,19.44748306274414,0.1595456451177597,0.09643609076738358,0.2246416062116623,unknown,8.625811576843262,10.474424362182617,23.08158302307129,3.3499655723571777
0.0,0.0,0.0,66.67078399658203,Lesen,197,4529.322265625,5.903182506561279,11.429862022399902,22.82373809814453,0.16089335083961487,0.09608570486307144,0.22547070682048798,unknown,10.969564437866211,11.821941375732422,26.30083656311035,4.627418041229248
0.0,0.0,0.0,235.3328857421875,Lesen,199,5448.52734375,5.870226860046387,11.957521438598633,20.721704483032227,0.163519948720932,0.10095334053039551,0.22702151536941528,unknown,10.16841983795166,12.986156463623047,24.716459274291992,9.068108558654785
0.0,0.0,0.0,127.94938659667969,Lesen,201,3035.78271484375,5.4995012283325195,12.072195053100586,21.006275177001953,0.16254626214504242,0.10073672235012054,0.226377934217453,unknown,8.091180801391602,13.42551326751709,24.104921340942383,6.623361587524414
0.0,0.0,0.0,74.46317291259766,Lesen,203,2506.889404296875,5.595029354095459,11.574084281921387,21.884605407714844,0.1597510129213333,0.10062696784734726,0.22642184793949127,unknown,11.738540649414062,13.121411323547363,25.98590087890625,1.9100940227508545
0.0,0.0,0.0,92.66876220703125,Lesen,205,2973.328369140625,5.478244304656982,10.610919952392578,22.381916046142578,0.15949933230876923,0.10097680985927582,0.22781631350517273,unknown,9.197491645812988,11.73275375366211,24.597402572631836,3.0552446842193604
0.0,0.0,0.0,105.5741958618164,Lesen,207,3666.065673828125,5.6613616943359375,10.74206256866455,24.174400329589844,0.16139571368694305,0.10129279643297195,0.22909636795520782,unknown,7.483833312988281,12.075424194335938,28.15281867980957,3.123351812362671
0.0,0.0,0.0,138.85592651367188,Lesen,209,,5.493993759155273,12.20378589630127,24.12461280822754,0.1647966504096985,0.10219541192054749,0.22818869352340698,unknown,8.018688201904297,13.087525367736816,26.31671714782715,3.917020559310913
0.0,0.0,0.0,,Lesen,211,,5.754663467407227,11.784738540649414,25.386240005493164,0.16089442372322083,0.09910450130701065,0.22680586576461792,unknown,8.784628868103027,13.607732772827148,28.732816696166992,5.340504169464111
0.0,0.0,0.0,,Lesen,213,,5.728011608123779,11.256747245788574,23.541284561157227,0.16337643563747406,0.10343869775533676,0.2289026528596878,unknown,8.184976577758789,13.005337715148926,26.113210678100586,
0.0,0.0,1.0,38.6068229675293,LiebBitte,142,769.7621459960938,7.756400108337402,7.3003129959106445,44.73389434814453,0.33113622665405273,0.10292292386293411,0.24259953200817108,unknown,28.246938705444336,12.368816375732422,56.77589797973633,1.758423924446106
0.0,0.0,1.0,13.496977806091309,LiebBitte,144,206.14529418945312,8.77507495880127,6.844200134277344,51.66969680786133,0.3444606363773346,0.10219056159257889,0.2436498999595642,unknown,47.033775329589844,13.026956558227539,65.07009887695312,0.935796856880188
0.0,0.0,1.0,20.320966720581055,LiebBitte,146,1727.738525390625,8.66112995147705,6.909336090087891,47.85005187988281,0.3346240222454071,0.0997723788022995,0.24218977987766266,unknown,31.881532669067383,13.370278358459473,59.68990707397461,0.3231351375579834
0.0,0.0,1.0,128.9136505126953,LiebBitte,148,8494.4921875,8.276296615600586,6.849558353424072,49.028202056884766,0.36149853467941284,0.09961869567632675,0.2439524233341217,unknown,29.187381744384766,13.74615478515625,59.14015579223633,1.2941609621047974
1.0,0.0,1.0,437.58197021484375,LiebBitte,150,13871.7529296875,8.9432954788208,10.858198165893555,51.807498931884766,0.38554778695106506,0.09925413876771927,0.24393382668495178,unknown,39.64518737792969,16.405704498291016,63.58753967285156,9.729779243469238
0.0,0.0,1.0,487.2989807128906,LiebBitte,152,9337.1044921875,7.477527618408203,7.014969348907471,45.04771041870117,0.3558286726474762,0.10000370442867279,0.24124667048454285,unknown,41.37119674682617,13.599349975585938,58.069759368896484,19.451034545898438
0.0,0.0,1.0,135.73025512695312,LiebBitte,154,1659.824951171875,7.150607585906982,5.933717250823975,46.72021484375,0.32698333263397217,0.10148265212774277,0.24250563979148865,unknown,39.66476058959961,13.277790069580078,60.759944915771484,13.04102897644043
0.0,0.0,0.0,29.55955696105957,LiebBitte,156,180.64520263671875,7.157810211181641,7.8415069580078125,44.19017028808594,0.32095715403556824,0.10433676093816757,0.2402586191892624,unknown,34.57435607910156,15.24886417388916,57.00471115112305,4.103011131286621
0.0,0.0,0.0,18.07950782775879,LiebBitte,158,443.3002014160156,8.656501770019531,8.251516342163086,48.18590545654297,0.3323766887187958,0.10290396213531494,0.2397637814283371,unknown,49.21413040161133,15.25499439239502,61.43062973022461,2.256216526031494
0.0,0.0,0.0,13.429405212402344,LiebBitte,160,640.9393920898438,7.409899711608887,8.451988220214844,45.47407150268555,0.3245996832847595,0.1044723391532898,0.24039019644260406,unknown,44.11252212524414,14.87937068939209,59.74991989135742,1.2570856809616089
0.0,0.0,0.0,30.882097244262695,LiebBitte,162,556.6528930664062,9.407772064208984,8.479570388793945,39.37518310546875,0.31884893774986267,0.10127615928649902,0.2381763458251953,unknown,32.214290618896484,15.108498573303223,51.61001968383789,1.3358829021453857
0.0,0.0,1.0,9.412206649780273,LiebBitte,164,,9.030426025390625,8.483779907226562,47.63080596923828,0.3477741479873657,0.1027916818857193,0.24180804193019867,unknown,46.56178283691406,14.82780647277832,61.34319305419922,0.7947961688041687
0.0,0.0,1.0,,LiebBitte,166,,9.257903099060059,8.490591049194336,42.06456756591797,0.3522317409515381,0.1051047071814537,0.24175678193569183,unknown,31.901649475097656,15.419528007507324,53.54787826538086,0.7745198607444763
1.0,0.0,1.0,,LiebBitte,168,,9.254096984863281,8.526658058166504,46.23537063598633,0.3832070231437683,0.1024230569601059,0.2440904974937439,unknown,39.161399841308594,14.855295181274414,57.99392318725586,
0.0,0.0,0.0,482.43707275390625,Luegen,115,11495.6513671875,8.41980266571045,10.15358829498291,44.8984260559082,0.3253018260002136,0.10174988955259323,0.23918016254901886,unknown,47.38086700439453,15.472699165344238,51.99384689331055,17.038267135620117
0.0,0.0,1.0,283.9964904785156,Luegen,117,4730.82958984375,8.69559097290039,9.757862091064453,49.16225051879883,0.35101789236068726,0.1008676216006279,0.24157947301864624,unknown,47.644493103027344,16.082496643066406,56.712501525878906,15.133550643920898
1.0,0.0,1.0,36.40254592895508,Luegen,119,419.7225036621094,9.136834144592285,8.924957275390625,54.8813591003418,0.37294039130210876,0.1009647324681282,0.24275636672973633,unknown,53.1090087890625,14.828805923461914,64.60661315917969,3.8925352096557617
1.0,0.0,1.0,12.041727066040039,Luegen,121,1760.257080078125,9.892422676086426,9.475484848022461,60.78055191040039,0.3935580849647522,0.10048266500234604,0.24240154027938843,unknown,48.14350509643555,14.702433586120605,70.83649444580078,1.7983282804489136
1.0,0.0,1.0,105.6702651977539,Luegen,123,4000.694091796875,9.654117584228516,8.44861125946045,60.1240119934082,0.40631920099258423,0.09809296578168869,0.2422967404127121,unknown,49.295860290527344,12.821205139160156,71.3047866821289,1.1023757457733154
1.0,0.0,0.0,161.56356811523438,Luegen,125,1674.4921875,8.745742797851562,8.481446266174316,62.06388854980469,0.38421034812927246,0.09678824990987778,0.23701193928718567,unknown,60.85438537597656,13.610345840454102,67.5167465209961,8.009509086608887
0.0,0.0,0.0,53.22578430175781,Luegen,127,1771.6588134765625,9.081514358520508,8.860113143920898,52.49094772338867,0.3660171627998352,0.09954014420509338,0.23837921023368835,unknown,48.31105041503906,11.567571640014648,60.29800796508789,2.7975516319274902
0.0,0.0,0.0,65.19194793701172,Luegen,129,1671.523193359375,11.05495834350586,9.25804328918457,46.10448455810547,0.33950063586235046,0.09617596119642258,0.23580288887023926,unknown,41.18081283569336,11.177138328552246,53.506595611572266,6.197824954986572
1.0,0.0,0.0,47.4050407409668,Luegen,131,2617.5087890625,9.947235107421875,9.55845832824707,52.480682373046875,0.37718403339385986,0.09682931005954742,0.23925994336605072,unknown,54.23898696899414,12.77730941772461,61.060447692871094,2.1921324729919434
1.0,0.0,1.0,131.55564880371094,Luegen,133,1584.998779296875,10.823347091674805,9.361540794372559,55.37221908569336,0.3871717154979706,0.09643261879682541,0.24072135984897614,unknown,43.913063049316406,13.681114196777344,67.86073303222656,4.753323078155518
0.0,0.0,0.0,26.96782875061035,Luegen,135,592.1341552734375,7.858652591705322,9.745113372802734,64.78878021240234,0.3462706506252289,0.0960368812084198,0.23671072721481323,unknown,59.659786224365234,14.716151237487793,76.05166625976562,4.034832000732422
1.0,0.0,1.0,14.136232376098633,Luegen,137,2261.557861328125,9.429178237915039,9.202574729919434,61.93033218383789,0.3970673382282257,0.09998911619186401,0.24041011929512024,unknown,56.36845397949219,15.34854507446289,73.09132385253906,5.781121253967285
1.0,0.0,0.0,160.2991180419922,Luegen,139,2478.572998046875,10.994946479797363,9.782474517822266,58.37784194946289,0.40320444107055664,0.09774649888277054,0.24028977751731873,unknown,44.25875473022461,16.024385452270508,68.18460083007812,5.113273620605469
1.0,0.0,1.0,10.241094589233398,Luegen,141,414.05206298828125,10.087082862854004,9.645087242126465,65.19652557373047,0.4045647382736206,0.09871834516525269,0.24168334901332855,unknown,48.95548629760742,14.823566436767578,78.1097412109375,5.59156608581543
0.0,0.0,0.0,31.507862091064453,Luegen,143,,8.308460235595703,8.446891784667969,65.98661041259766,0.3640042841434479,0.1032767966389656,0.2350928783416748,unknown,57.708858489990234,12.78056812286377,75.31621551513672,5.291043758392334
0.0,0.0,0.0,,Luegen,145,,9.514509201049805,9.790987014770508,57.74955368041992,0.35494184494018555,0.09489252418279648,0.2356216311454773,unknown,56.95587921142578,11.41411304473877,66.90162658691406,3.5102789402008057
0.0,0.0,0.0,,Luegen,147,,10.374411582946777,10.372845649719238,47.45905685424805,0.34799593687057495,0.09768851846456528,0.23590686917304993,unknown,45.90973663330078,11.003082275390625,55.35478591918945,
1.0,1.0,1.0,439.7424011230469,Muell,116,3484.817626953125,7.582081317901611,8.83340835571289,40.8378791809082,0.41174089908599854,0.23912936449050903,0.36302319169044495,unknown,50.632633209228516,11.624639511108398,49.762996673583984,41.9617805480957
0.0,0.0,0.0,209.4854736328125,Muell,118,2837.526611328125,6.060920238494873,9.167620658874512,41.04889678955078,0.29827985167503357,0.09731142967939377,0.23750151693820953,unknown,49.1877555847168,11.433487892150879,51.11424255371094,12.668044090270996
0.0,0.0,0.0,396.7000427246094,Muell,120,14425.97265625,7.34675407409668,9.338075637817383,30.76116180419922,0.2873726189136505,0.09617020934820175,0.23560573160648346,unknown,36.02050018310547,11.47414493560791,40.68466567993164,1.4296178817749023
0.0,0.0,0.0,565.0655517578125,Muell,122,7699.7685546875,6.444986343383789,9.817024230957031,43.15119171142578,0.31882673501968384,0.09407263249158859,0.23802171647548676,unknown,47.331268310546875,11.615683555603027,55.82194900512695,27.70659637451172
0.0,0.0,0.0,54.05520248413086,Muell,124,6755.384765625,6.8638505935668945,9.570869445800781,47.920658111572266,0.30190497636795044,0.09528514742851257,0.23741163313388824,unknown,55.911399841308594,11.521900177001953,59.28676986694336,9.967440605163574
0.0,0.0,1.0,397.66436767578125,Muell,126,13699.978515625,6.394909381866455,9.383213996887207,50.801551818847656,0.3256113827228546,0.10287793725728989,0.24277198314666748,unknown,51.77168273925781,11.977420806884766,67.0459976196289,13.447458267211914
0.0,0.0,0.0,515.6932373046875,Muell,128,14855.8828125,6.6262617111206055,5.014251232147217,39.63159942626953,0.31392809748649597,0.0974406898021698,0.23669368028640747,unknown,37.35831832885742,10.184858322143555,50.11848831176758,13.069519996643066
0.0,0.0,0.0,474.7701110839844,Muell,130,9016.0205078125,3.981729030609131,12.562851905822754,53.30811309814453,0.32345718145370483,0.10686272382736206,0.23930960893630981,unknown,57.203922271728516,14.364731788635254,62.450260162353516,21.31291961669922
0.0,0.0,1.0,126.5032958984375,Muell,132,414.5857238769531,5.879721164703369,11.5360107421875,43.240478515625,0.35222646594047546,0.11253708600997925,0.24172595143318176,unknown,31.944040298461914,13.373115539550781,50.356258392333984,10.350597381591797
0.0,0.0,0.0,99.49066925048828,Muell,134,2147.034912109375,3.2775704860687256,9.150716781616211,51.540931701660156,0.332366943359375,0.10936066508293152,0.23850232362747192,unknown,53.210731506347656,12.846381187438965,57.815093994140625,1.9356211423873901
0.0,1.0,1.0,43.965110778808594,Muell,136,1185.9849853515625,3.7414114475250244,9.343170166015625,55.583919525146484,0.3059632182121277,0.23546424508094788,0.2410792112350464,unknown,56.084171295166016,14.652000427246094,60.708648681640625,4.724427700042725
0.0,1.0,1.0,122.17781066894531,Muell,138,3415.607666015625,6.306637763977051,9.983720779418945,43.32350540161133,0.3108581006526947,0.2434028685092926,0.2474859207868576,unknown,35.72628402709961,17.635448455810547,51.64699935913086,1.8257099390029907
0.0,1.0,1.0,105.95252990722656,Muell,140,,6.216516017913818,17.293180465698242,41.80054473876953,0.3094378411769867,0.24026162922382355,0.24341273307800293,unknown,31.088726043701172,26.951801300048828,50.26678466796875,6.327081680297852
0.0,1.0,1.0,,Muell,142,,4.078918933868408,16.91153335571289,52.7224006652832,0.31591278314590454,0.24505919218063354,0.24667003750801086,unknown,52.458709716796875,26.399045944213867,60.5654296875,0.9858721494674683
0.0,1.0,1.0,,Muell,144,,5.210153579711914,17.27145004272461,42.42604064941406,0.3103588819503784,0.24192966520786285,0.24531637132167816,unknown,33.137454986572266,26.800405502319336,49.069400787353516,
0.0,0.0,1.0,14.416271209716797,Mutter,138,524.8369140625,10.71250057220459,8.414780616760254,42.06829071044922,0.34281885623931885,0.1049274280667305,0.2445439100265503,unknown,40.13459014892578,12.736319541931152,52.683128356933594,0.4002426862716675
0.0,0.0,1.0,20.664634704589844,Mutter,140,979.309814453125,12.32044792175293,8.541658401489258,42.82868957519531,0.3415507674217224,0.10594844073057175,0.24228915572166443,unknown,41.06962203979492,13.524206161499023,50.78145980834961,0.7395930886268616
0.0,0.0,1.0,44.93112564086914,Mutter,142,3457.906494140625,11.176042556762695,8.62368106842041,44.503692626953125,0.36771905422210693,0.10570208728313446,0.2448253184556961,unknown,39.86444091796875,14.368042945861816,55.0045280456543,0.7257606387138367
1.0,0.0,1.0,193.8943328857422,Mutter,144,1810.4871826171875,12.669402122497559,8.954504013061523,45.582603454589844,0.37500301003456116,0.10469891875982285,0.24470248818397522,unknown,36.193763732910156,14.393240928649902,52.391944885253906,2.4373176097869873
0.0,0.0,1.0,75.74068450927734,Mutter,146,10966.361328125,9.990744590759277,6.442355632781982,48.07923126220703,0.3448463976383209,0.10300850868225098,0.24165251851081848,unknown,47.552947998046875,10.118646621704102,57.55339050292969,10.685811996459961
0.0,0.0,1.0,656.2138061523438,Mutter,148,15979.220703125,10.335137367248535,4.80220890045166,43.799705505371094,0.33292728662490845,0.10341799259185791,0.24053527414798737,unknown,45.18972396850586,7.280240058898926,53.397865295410156,15.659235000610352
0.0,0.0,0.0,409.2503662109375,Mutter,150,5299.57568359375,10.359095573425293,4.86984920501709,45.92935562133789,0.3216012418270111,0.10217577964067459,0.23922786116600037,unknown,43.794227600097656,7.616761207580566,54.88979721069336,28.093067169189453
0.0,0.0,0.0,65.39105987548828,Mutter,152,2839.371826171875,10.851806640625,4.713766098022461,42.13279342651367,0.33354997634887695,0.10313177853822708,0.2402106076478958,unknown,37.04236602783203,8.427046775817871,51.96855545043945,1.242297887802124
0.0,0.0,1.0,126.00151062011719,Mutter,154,1032.732421875,9.605652809143066,5.30119514465332,54.17464828491211,0.32547539472579956,0.10859143733978271,0.24056704342365265,unknown,56.728782653808594,9.228982925415039,63.96567916870117,3.209662675857544
0.0,0.0,0.0,63.593318939208984,Mutter,156,3599.489501953125,11.930723190307617,4.681420803070068,39.05392074584961,0.33537790179252625,0.10589409619569778,0.23900897800922394,unknown,35.20985794067383,7.900420665740967,47.58279037475586,5.25577449798584
0.0,0.0,0.0,176.92762756347656,Mutter,158,2738.721923828125,9.869649887084961,4.4744157791137695,43.31905746459961,0.33148255944252014,0.10256160795688629,0.2365805208683014,unknown,45.63323974609375,6.326838970184326,53.163818359375,9.412407875061035
0.0,0.0,0.0,8.106725692749023,Mutter,160,364.9949645996094,9.154500961303711,4.851474285125732,54.327205657958984,0.32828521728515625,0.10123797506093979,0.23703542351722717,unknown,55.34760284423828,9.098136901855469,62.69042205810547,2.420258045196533
0.0,0.0,0.0,28.790904998779297,Mutter,162,1202.077880859375,11.137542724609375,5.155896186828613,43.87666702270508,0.3415832817554474,0.09940198808908463,0.23989270627498627,unknown,39.54094696044922,9.929121017456055,54.53681182861328,2.050405502319336
0.0,0.0,0.0,51.43495559692383,Mutter,164,1887.610595703125,11.487807273864746,4.670907974243164,45.442481994628906,0.3276103138923645,0.10038676857948303,0.2379513531923294,unknown,40.26517105102539,10.095785140991211,53.54410934448242,0.6847477555274963
0.0,0.0,0.0,75.0936050415039,Mutter,166,1965.5504150390625,10.597542762756348,4.9581427574157715,55.524017333984375,0.3274187445640564,0.09981156140565872,0.23872123658657074,unknown,52.83534622192383,10.84109115600586,65.45901489257812,3.479151964187622
0.0,0.0,0.0,56.016361236572266,Mutter,168,1270.1650390625,13.18174934387207,4.819159984588623,46.67985534667969,0.35304489731788635,0.09925582259893417,0.2397666871547699,unknown,36.852333068847656,10.269899368286133,55.87031555175781,1.5916093587875366
0.0,0.0,0.0,30.745481491088867,Mutter,170,1324.47216796875,11.057838439941406,4.715688705444336,53.61152267456055,0.34691688418388367,0.10423461347818375,0.2372167408466339,unknown,48.042808532714844,10.596795082092285,62.600425720214844,2.1834988594055176
0.0,0.0,0.0,60.73609161376953,Mutter,172,2705.908447265625,11.89801025390625,4.539348125457764,46.782188415527344,0.35281795263290405,0.10454229265451431,0.23827342689037323,unknown,39.211978912353516,9.642936706542969,54.35813522338867,1.0112450122833252
0.0,0.0,0.0,120.87184143066406,Mutter,174,2048.8564453125,11.01134204864502,4.639876842498779,56.887935638427734,0.3394313454627991,0.10763100534677505,0.23533190786838531,unknown,50.17361068725586,9.068255424499512,65.48578643798828,4.714454174041748
0.0,0.0,0.0,17.737537384033203,Mutter,176,191.72378540039062,12.5347318649292,4.655923843383789,48.96529006958008,0.34774234890937805,0.10568731278181076,0.23809707164764404,unknown,39.54825973510742,9.67877197265625,58.27226257324219,3.3501129150390625
0.0,0.0,0.0,17.24641227722168,Mutter,178,848.7283325195312,9.974893569946289,4.507936477661133,53.71289825439453,0.33766499161720276,0.10801880061626434,0.23778311908245087,unknown,46.55976104736328,9.166998863220215,64.00273132324219,2.357696294784546
0.0,0.0,0.0,41.2393913269043,Mutter,180,,10.472949028015137,4.408328533172607,57.8177604675293,0.33045220375061035,0.10676519572734833,0.23469659686088562,unknown,55.3586540222168,8.142960548400879,66.24297332763672,1.9651737213134766
0.0,0.0,0.0,,Mutter,182,,12.855690002441406,4.36297607421875,45.699100494384766,0.3475629389286041,0.1062428280711174,0.2387600839138031,unknown,37.634334564208984,8.747364044189453,53.711936950683594,4.263458728790283
1.0,0.0,0.0,,Mutter,184,,12.206111907958984,4.323154926300049,46.79399108886719,0.3700704276561737,0.10075461864471436,0.23950763046741486,unknown,42.98335266113281,8.1402587890625,57.852569580078125,
0.0,0.0,0.0,235.4388885498047,Naehen,113,2152.39501953125,6.137617588043213,8.355277061462402,15.62021255493164,0.0,0.0,0.0,unknown,13.958681106567383,10.489471435546875,20.077747344970703,14.660052299499512
0.0,0.0,0.0,92.31541442871094,Naehen,115,2986.240234375,6.8364667892456055,7.318842887878418,16.098539352416992,0.0,0.0,0.0,unknown,15.13160514831543,10.568893432617188,22.905071258544922,1.0374233722686768
0.0,0.0,0.0,106.77618408203125,Naehen,117,1446.8050537109375,6.943882465362549,7.712473392486572,16.253416061401367,0.0,0.0,0.0,unknown,15.521764755249023,10.512720108032227,20.237165451049805,7.189755916595459
0.0,0.0,0.0,10.927299499511719,Naehen,119,1426.0167236328125,6.48625373840332,8.0394287109375,17.69338607788086,0.0,0.0,0.0,unknown,14.51806926727295,11.617460250854492,21.37643051147461,0.1528356522321701
0.0,0.0,0.0,84.5278091430664,Naehen,121,676.82177734375,6.656053066253662,8.504981994628906,17.042898178100586,0.0,0.0,0.0,unknown,15.407880783081055,11.766392707824707,19.81992530822754,0.6326234936714172
0.0,0.0,0.0,39.46520233154297,Naehen,123,3018.5625,6.67753791809082,8.724740982055664,16.712095260620117,0.0,0.0,0.0,unknown,14.897435188293457,12.033181190490723,19.774398803710938,5.010979652404785
0.0,0.0,0.0,161.7889862060547,Naehen,125,3186.53662109375,6.793858051300049,8.951236724853516,17.627330780029297,0.0,0.0,0.0,unknown,15.862040519714355,11.952143669128418,19.80504608154297,7.640317440032959
0.0,0.0,0.0,50.79608917236328,Naehen,127,2525.658447265625,6.6581597328186035,9.912945747375488,17.084964752197266,0.0,0.0,0.0,unknown,14.884739875793457,12.378898620605469,20.750873565673828,3.146145820617676
0.0,0.0,0.0,117.6301040649414,Naehen,129,3182.36865234375,6.713194847106934,9.710441589355469,16.1314697265625,0.0,0.0,0.0,unknown,14.18893814086914,11.389493942260742,19.331445693969727,0.3909963369369507
0.0,0.0,0.0,94.63553619384766,Naehen,131,2946.72412109375,6.449459552764893,9.651874542236328,16.712657928466797,0.0,0.0,0.0,unknown,14.059085845947266,10.474721908569336,19.89710235595703,7.609107971191406
0.0,0.0,0.0,101.8227767944336,Naehen,133,4713.73681640625,6.638124942779541,8.920937538146973,16.010604858398438,0.0,0.0,0.0,unknown,13.86900520324707,9.609102249145508,19.777191162109375,1.3126513957977295
0.0,0.0,0.0,212.44447326660156,Naehen,135,8159.576171875,6.417259216308594,8.873164176940918,15.548776626586914,0.0,0.0,0.0,unknown,14.14532470703125,9.643630027770996,21.134166717529297,8.087145805358887
0.0,0.0,0.0,331.5290832519531,Naehen,137,12204.755859375,6.842195987701416,6.866282939910889,16.081098556518555,0.0,0.0,0.0,unknown,14.806591033935547,8.187336921691895,25.27781867980957,6.076094627380371
0.0,0.0,0.0,482.1252136230469,Naehen,139,12157.6806640625,6.40875768661499,6.186481475830078,16.053133010864258,0.0,0.0,0.0,unknown,15.062745094299316,8.731328010559082,20.952869415283203,16.026195526123047
0.0,0.0,0.0,328.388427734375,Naehen,141,7109.09326171875,6.6440277099609375,7.1559929847717285,15.464319229125977,0.0,0.0,0.0,unknown,15.014688491821289,10.28824234008789,25.573999404907227,16.115739822387695
0.0,0.0,0.0,145.55465698242188,Naehen,143,1864.7437744140625,7.0067057609558105,7.2766804695129395,15.445090293884277,0.0,0.0,0.0,unknown,16.698579788208008,10.644728660583496,20.442903518676758,5.777631759643555
0.0,0.0,0.0,21.501087188720703,Naehen,145,675.2850952148438,7.312069416046143,7.241299629211426,15.960792541503906,0.0,0.0,0.0,unknown,15.990793228149414,11.320989608764648,22.824071884155273,3.9267375469207764
0.0,0.0,0.0,23.612180709838867,Naehen,147,903.6710205078125,7.16674280166626,7.297755718231201,15.743548393249512,0.0,0.0,0.0,unknown,15.998167991638184,11.11213207244873,21.99761390686035,5.347398281097412
0.0,0.0,0.0,83.64385986328125,Naehen,149,3954.130615234375,6.9611687660217285,7.814189434051514,16.947439193725586,0.0,0.0,0.0,unknown,14.846138000488281,11.26294231414795,19.378597259521484,3.7792508602142334
0.0,0.0,0.0,179.9974822998047,Naehen,151,5283.79931640625,7.197169303894043,7.484042644500732,17.597110748291016,0.0,0.0,0.0,unknown,15.333409309387207,9.796578407287598,20.765361785888672,1.8009068965911865
0.0,0.0,0.0,172.25962829589844,Naehen,153,830.3923950195312,7.018132209777832,7.27177619934082,18.26547622680664,0.0,0.0,0.0,unknown,15.364191055297852,10.506316184997559,20.140430450439453,10.206595420837402
0.0,0.0,0.0,226.3024444580078,Naehen,155,7717.29736328125,7.574218273162842,7.714169502258301,18.3317928314209,0.0,0.0,0.0,unknown,14.851675033569336,9.29226303100586,20.98784637451172,1.2993690967559814
0.0,0.0,0.0,288.2228088378906,Naehen,157,7769.23974609375,7.1513776779174805,9.302366256713867,18.48505210876465,0.0,0.0,0.0,unknown,15.213212966918945,10.236532211303711,20.309391021728516,16.35371971130371
0.0,0.0,0.0,229.7718963623047,Naehen,159,5998.18798828125,7.098254680633545,9.52358627319336,18.324533462524414,0.0,0.0,0.0,unknown,16.437917709350586,10.436370849609375,20.17485237121582,2.8639464378356934
0.0,0.0,0.0,170.1141815185547,Naehen,161,2274.071533203125,7.031153678894043,8.980545043945312,15.853611946105957,0.0,0.0,0.0,unknown,15.589351654052734,9.584810256958008,19.85515022277832,12.45499038696289
0.0,0.0,0.0,18.74998664855957,Naehen,163,772.44775390625,7.11634635925293,9.261772155761719,16.306720733642578,0.0,0.0,0.0,unknown,15.007158279418945,9.889978408813477,21.92262840270996,1.1258352994918823
0.0,0.0,0.0,32.822265625,Naehen,165,3606.682861328125,7.2067413330078125,6.924410343170166,16.305599212646484,0.0,0.0,0.0,unknown,15.227190017700195,8.310290336608887,21.212257385253906,0.14153128862380981
0.0,0.0,0.0,207.65916442871094,Naehen,167,4128.24755859375,7.317976951599121,6.356042385101318,15.726648330688477,0.0,0.0,0.0,unknown,14.844886779785156,9.631815910339355,21.5728816986084,2.0633420944213867
0.0,0.0,0.0,67.58641052246094,Naehen,169,1050.998779296875,7.78510046005249,7.381993770599365,16.321964263916016,0.0,0.0,0.0,unknown,14.798863410949707,9.882193565368652,21.352962493896484,11.782271385192871
0.0,0.0,0.0,137.4120635986328,Naehen,171,381.8435363769531,7.710397720336914,8.140362739562988,16.36879539489746,0.0,0.0,0.0,unknown,15.819530487060547,11.620075225830078,21.799964904785156,7.280383110046387
0.0,0.0,0.0,112.56754302978516,Naehen,173,5240.56982421875,7.241800785064697,8.464699745178223,15.61767292022705,0.0,0.0,0.0,unknown,15.559714317321777,11.677204132080078,20.631568908691406,1.8818981647491455
0.0,0.0,0.0,236.84371948242188,Naehen,175,4220.4267578125,8.504056930541992,7.325150966644287,17.56637191772461,0.0,0.0,0.0,unknown,16.189380645751953,11.317997932434082,19.600811004638672,9.381855010986328
0.0,0.0,0.0,44.53920364379883,Naehen,177,388.593017578125,8.157881736755371,8.09175968170166,17.4128475189209,0.0,0.0,0.0,unknown,16.051280975341797,11.380568504333496,19.68174171447754,6.411201477050781
0.0,0.0,0.0,69.71206665039062,Naehen,179,399.95343017578125,7.143844127655029,7.617615699768066,17.32978630065918,0.0,0.0,0.0,unknown,15.63570499420166,10.760480880737305,18.887737274169922,3.4468417167663574
0.0,0.0,0.0,45.060646057128906,Naehen,181,1370.6427001953125,8.921606063842773,8.011812210083008,16.821990966796875,0.0,0.0,0.0,unknown,17.446044921875,11.203024864196777,19.392986297607422,1.2100886106491089
0.0,0.0,0.0,46.404109954833984,Naehen,183,182.90365600585938,8.954561233520508,6.661666393280029,17.28849983215332,0.0,0.0,0.0,unknown,16.684968948364258,9.214998245239258,19.11276626586914,4.178591251373291
0.0,0.0,0.0,34.33675765991211,Naehen,185,286.9783630371094,9.717863082885742,6.49650239944458,15.693675994873047,0.0,0.0,0.0,unknown,16.713729858398438,8.79773998260498,20.423912048339844,1.0869343280792236
0.0,0.0,0.0,16.086795806884766,Naehen,187,1440.680419921875,10.267228126525879,6.869461536407471,15.927087783813477,0.0,0.0,0.0,unknown,16.459613800048828,8.755766868591309,19.922883987426758,1.205104947090149
0.0,0.0,0.0,80.1874008178711,Naehen,189,1294.4307861328125,10.404454231262207,6.092478275299072,16.62198829650879,0.0,0.0,0.0,unknown,16.860137939453125,8.648504257202148,21.703201293945312,2.2536814212799072
0.0,0.0,0.0,7.742424011230469,Naehen,191,1166.522216796875,8.254997253417969,6.317775249481201,16.381441116333008,0.0,0.0,0.0,unknown,15.766438484191895,9.0271635055542,19.946392059326172,3.093616008758545
0.0,0.0,0.0,83.58229064941406,Naehen,193,1780.7791748046875,8.50758171081543,6.483511447906494,16.420934677124023,0.0,0.0,0.0,unknown,15.391566276550293,9.362264633178711,19.593984603881836,2.6970856189727783
0.0,0.0,0.0,35.1413688659668,Naehen,195,,8.325000762939453,6.975183963775635,15.760857582092285,0.0,0.0,0.0,unknown,15.188488006591797,9.306686401367188,19.846637725830078,2.876295566558838
0.0,0.0,0.0,,Naehen,197,,8.147419929504395,6.673183917999268,15.734465599060059,0.0,0.0,0.0,unknown,15.356788635253906,9.651346206665039,20.504959106445312,0.5477195978164673
0.0,0.0,0.0,,Naehen,199,,7.436049461364746,6.874929428100586,15.945770263671875,0.0,0.0,0.0,unknown,14.980023384094238,9.595163345336914,19.743024826049805,
0.0,0.0,0.0,287.714599609375,Nebel,118,6274.36083984375,6.928035736083984,6.4984002113342285,27.569944381713867,0.0,0.0,0.0,unknown,11.46783447265625,10.00755500793457,28.340410232543945,4.364403247833252
0.0,0.0,0.0,130.5791778564453,Nebel,120,2478.99169921875,6.743406295776367,5.929840564727783,25.210559844970703,0.0,0.0,0.0,unknown,10.574182510375977,10.166627883911133,25.130006790161133,14.817885398864746
0.0,0.0,0.0,295.7992858886719,Nebel,122,5373.8330078125,7.207890510559082,6.690032005310059,27.837547302246094,0.0,0.0,0.0,unknown,12.240912437438965,11.051153182983398,27.61916160583496,6.112995147705078
0.0,0.0,0.0,62.46607208251953,Nebel,124,6861.08544921875,7.153331756591797,6.4373908042907715,25.829025268554688,0.0,0.0,0.0,unknown,14.497367858886719,10.744734764099121,25.62755584716797,13.608172416687012
0.0,0.0,0.0,519.8392333984375,Nebel,126,13622.791015625,7.37183952331543,6.89127779006958,28.012313842773438,0.0,0.0,0.0,unknown,12.36484432220459,10.170409202575684,28.363691329956055,9.4451322555542
0.0,0.0,0.0,388.3482666015625,Nebel,128,581.3614501953125,6.9552202224731445,6.569432258605957,26.502668380737305,0.0,0.0,0.0,unknown,8.617733001708984,10.577766418457031,27.38788414001465,25.211111068725586
0.0,0.0,0.0,349.7881774902344,Nebel,130,11193.912109375,7.289938926696777,6.745833396911621,18.246334075927734,0.0,0.0,0.0,unknown,8.695026397705078,10.733526229858398,21.218242645263672,0.6825634837150574
0.0,0.0,0.0,396.4739990234375,Nebel,132,5941.3623046875,7.180586338043213,6.746129035949707,18.587221145629883,0.0,0.0,0.0,unknown,8.75243091583252,10.94248104095459,20.174184799194336,23.997703552246094
0.0,0.0,0.0,2.0473315715789795,Nebel,134,211.7837371826172,7.441783905029297,6.700862884521484,18.42758560180664,0.0,0.0,0.0,unknown,9.014104843139648,10.778326988220215,20.781545639038086,2.435647487640381
0.0,0.0,0.0,13.548798561096191,Nebel,136,302.0220947265625,7.744426727294922,6.710831642150879,15.642812728881836,0.0,0.0,0.0,unknown,9.4534273147583,10.953679084777832,19.47598648071289,2.460951328277588
0.0,0.0,0.0,33.4211540222168,Nebel,138,911.3557739257812,7.8980207443237305,6.672338485717773,13.919683456420898,0.0,0.0,0.0,unknown,10.41229248046875,12.002492904663086,21.156597137451172,1.5752431154251099
0.0,0.0,0.0,27.517303466796875,Nebel,140,1757.8687744140625,7.33413028717041,6.511620998382568,17.60533905029297,0.0,0.0,0.0,unknown,9.807923316955566,11.8006591796875,20.56464958190918,0.7046293020248413
0.0,0.0,0.0,89.70603942871094,Nebel,142,3726.2880859375,7.68556547164917,6.579122543334961,20.245723724365234,0.0,0.0,0.0,unknown,10.520036697387695,10.823023796081543,23.823047637939453,1.24180006980896
0.0,0.0,0.0,158.92556762695312,Nebel,144,7584.26318359375,7.652312278747559,6.4037089347839355,21.201927185058594,0.0,0.0,0.0,unknown,11.140843391418457,10.29256820678711,23.444881439208984,4.790663719177246
0.0,0.0,0.0,346.7219543457031,Nebel,146,13948.2724609375,8.075048446655273,7.031689643859863,25.42388153076172,0.0,0.0,0.0,unknown,10.670161247253418,10.166921615600586,29.102359771728516,5.80686092376709
0.0,0.0,0.0,583.1669311523438,Nebel,148,18554.974609375,7.38397216796875,6.65079402923584,24.83975601196289,0.0,0.0,0.0,unknown,10.412747383117676,9.41382884979248,26.99263572692871,17.313840866088867
0.0,0.0,0.0,653.8381958007812,Nebel,150,14732.5751953125,7.224127292633057,6.608635902404785,22.345224380493164,0.0,0.0,0.0,unknown,10.204021453857422,8.915306091308594,23.487686157226562,21.566001892089844
0.0,0.0,0.0,328.3348693847656,Nebel,152,1534.3160400390625,6.868313789367676,6.388505935668945,22.499053955078125,0.0,0.0,0.0,unknown,11.318414688110352,9.403783798217773,23.842731475830078,22.023420333862305
0.0,0.0,0.0,226.0850372314453,Nebel,154,9247.400390625,7.14175271987915,6.597132205963135,26.22486114501953,0.0,0.0,0.0,unknown,9.666642189025879,9.034899711608887,27.849515914916992,0.16660656034946442
0.0,0.0,0.0,390.4120788574219,Nebel,156,14654.416015625,6.889390468597412,6.764192581176758,24.29900550842285,0.0,0.0,0.0,unknown,8.943253517150879,9.632896423339844,25.954824447631836,14.937566757202148
0.0,0.0,0.0,586.5516967773438,Nebel,158,13306.22265625,6.563856601715088,6.058468341827393,22.382490158081055,0.0,0.0,0.0,unknown,8.604541778564453,10.857475280761719,24.675033569335938,11.090108871459961
0.0,0.0,0.0,300.534423828125,Nebel,160,3603.154541015625,6.631443023681641,6.029213905334473,22.563129425048828,0.0,0.0,0.0,unknown,8.67377758026123,10.110015869140625,25.38017463684082,28.013736724853516
0.0,0.0,0.0,540.7353515625,Nebel,162,13289.748046875,7.227420330047607,6.278401851654053,13.642329216003418,0.0,0.0,0.0,unknown,9.402949333190918,10.199265480041504,26.017070770263672,7.979681015014648
0.0,0.0,0.0,345.2561340332031,Nebel,164,3490.86474609375,7.488353252410889,6.371796607971191,13.430766105651855,0.0,0.0,0.0,unknown,9.639851570129395,10.325939178466797,22.725879669189453,28.072050094604492
0.0,0.0,0.0,112.71630096435547,Nebel,166,4565.97216796875,7.7399492263793945,6.18080997467041,17.223541259765625,0.0,0.0,0.0,unknown,9.691021919250488,10.280579566955566,23.571212768554688,5.056064128875732
0.0,0.0,0.0,191.6898651123047,Nebel,168,6686.82958984375,7.732893466949463,6.113857269287109,16.446752548217773,0.0,0.0,0.0,unknown,9.488855361938477,10.814169883728027,21.895553588867188,2.4778640270233154
0.0,0.0,0.0,254.18740844726562,Nebel,170,7372.7841796875,7.63926362991333,6.3723530769348145,18.881309509277344,0.0,0.0,0.0,unknown,9.66935920715332,11.60484504699707,21.6729679107666,10.320963859558105
0.0,0.0,0.0,237.4202423095703,Nebel,172,3944.843017578125,7.707756996154785,6.918224811553955,25.14148712158203,0.0,0.0,0.0,unknown,9.644426345825195,10.2134370803833,27.713815689086914,6.627553462982178
0.0,0.0,0.0,26.102375030517578,Nebel,174,5803.1533203125,7.704140663146973,6.417096138000488,22.564226150512695,0.0,0.0,0.0,unknown,9.528382301330566,9.827942848205566,24.726791381835938,9.20215129852295
0.0,0.0,0.0,412.1697082519531,Nebel,176,7991.92236328125,7.370245933532715,6.7397661209106445,23.297557830810547,0.0,0.0,0.0,unknown,9.919042587280273,9.632156372070312,24.799619674682617,7.505044460296631
0.0,0.0,0.0,120.73784637451172,Nebel,178,2221.623046875,7.1234450340271,6.673436164855957,22.241838455200195,0.0,0.0,0.0,unknown,9.07577133178711,9.51071548461914,23.516433715820312,19.973827362060547
0.0,0.0,0.0,27.74199867248535,Nebel,180,4932.0439453125,7.311947822570801,7.020081043243408,22.915237426757812,0.0,0.0,0.0,unknown,8.938939094543457,9.942755699157715,23.025264739990234,11.93884563446045
0.0,0.0,0.0,301.7665710449219,Nebel,182,8279.8203125,7.273321628570557,7.471009731292725,14.629231452941895,0.0,0.0,0.0,unknown,8.983646392822266,10.715383529663086,19.416637420654297,13.737263679504395
0.0,0.0,0.0,250.2405548095703,Nebel,184,9529.302734375,6.767813682556152,6.713368892669678,17.314393997192383,0.0,0.0,0.0,unknown,8.666377067565918,10.48625373840332,19.243663787841797,6.388150215148926
0.0,0.0,0.0,385.1108093261719,Nebel,186,9644.7587890625,6.8453240394592285,5.993432998657227,14.69940185546875,0.0,0.0,0.0,unknown,9.410476684570312,10.180525779724121,22.84526824951172,10.29761028289795
0.0,0.0,0.0,257.8757629394531,Nebel,188,3738.948974609375,6.83353853225708,5.888646125793457,16.758073806762695,0.0,0.0,0.0,unknown,9.163610458374023,10.767178535461426,21.240999221801758,15.378372192382812
0.0,0.0,0.0,9.468316078186035,Nebel,190,,6.474827289581299,6.378701210021973,19.72115135192871,0.0,0.0,0.0,unknown,9.084480285644531,11.98984432220459,21.209787368774414,1.8158130645751953
0.0,0.0,0.0,,Nebel,192,,6.42584228515625,6.20067834854126,18.093645095825195,0.0,0.0,0.0,unknown,9.47637939453125,11.760171890258789,20.162492752075195,2.395955801010132
0.0,0.0,0.0,,Nebel,194,,6.170345783233643,5.848909378051758,14.726860046386719,0.0,0.0,0.0,unknown,9.066265106201172,11.85579776763916,26.877641677856445,
0.0,0.0,0.0,492.1690673828125,Neu,108,9038.5947265625,6.1463847160339355,6.433766841888428,19.655048370361328,0.16419841349124908,0.11196611821651459,0.2333643138408661,unknown,12.088351249694824,8.438408851623535,30.83177947998047,21.005451202392578
0.0,0.0,0.0,110.65644836425781,Neu,110,3053.3994140625,5.7800068855285645,6.172145366668701,17.767208099365234,0.1575348824262619,0.11384712904691696,0.23193809390068054,unknown,8.789591789245605,7.910052299499512,22.46416473388672,11.807762145996094
0.0,0.0,0.0,93.02208709716797,Neu,112,5579.3984375,5.872729301452637,6.002691268920898,20.00880241394043,0.16392482817173004,0.1081843227148056,0.2300957590341568,unknown,12.635461807250977,9.518912315368652,27.020967483520508,4.465758323669434
0.0,0.0,0.0,279.2928771972656,Neu,114,6726.40576171875,5.621217727661133,6.308798789978027,19.68285369873047,0.1601237952709198,0.10295318067073822,0.2255527824163437,unknown,8.678901672363281,9.477681159973145,27.455121994018555,10.604722023010254
0.0,0.0,0.0,169.1444549560547,Neu,116,3177.666259765625,6.670750617980957,5.899789333343506,20.340679168701172,0.16378164291381836,0.11373381316661835,0.22827087342739105,unknown,17.03555679321289,10.142889976501465,25.734310150146484,8.016366958618164
0.0,0.0,0.0,42.91066360473633,Neu,118,2562.718994140625,5.723917007446289,5.983250617980957,24.887222290039062,0.15714338421821594,0.11268865317106247,0.22790370881557465,unknown,11.925104141235352,12.30542278289795,25.823524475097656,3.262995958328247
0.0,0.0,0.0,128.147216796875,Neu,120,7632.60205078125,6.71926736831665,5.403535842895508,21.882543563842773,0.1675749272108078,0.11868631839752197,0.2307477444410324,unknown,20.665342330932617,12.619620323181152,25.46563720703125,0.46208080649375916
0.0,0.0,0.0,380.71844482421875,Neu,122,9605.638671875,5.9880266189575195,5.209097862243652,23.329511642456055,0.15926389396190643,0.11049860715866089,0.2300058901309967,unknown,11.694916725158691,11.089617729187012,25.345443725585938,8.961060523986816
0.0,0.0,0.0,259.6812438964844,Neu,124,4132.541015625,6.367303371429443,4.98837423324585,21.40247917175293,0.15909326076507568,0.11735117435455322,0.2317093014717102,unknown,16.482934951782227,11.701056480407715,24.545001983642578,16.420663833618164
0.0,0.0,0.0,17.629011154174805,Neu,126,721.6856079101562,6.414762020111084,5.1100850105285645,25.761497497558594,0.16192612051963806,0.12038276344537735,0.23202911019325256,unknown,11.520508766174316,12.011299133300781,27.030452728271484,0.946921169757843
0.0,0.0,0.0,31.46870994567871,Neu,128,,6.841466426849365,5.044507026672363,23.770164489746094,0.15909048914909363,0.11310358345508575,0.23155611753463745,unknown,18.228113174438477,11.549295425415039,25.02571678161621,0.32833391427993774
0.0,0.0,0.0,,Neu,130,,6.094332218170166,5.136323928833008,28.79543113708496,0.15907590091228485,0.11365913599729538,0.23192064464092255,unknown,10.927265167236328,10.393585205078125,29.78968620300293,1.930554986000061
0.0,0.0,0.0,,Neu,132,,6.4375786781311035,4.994640827178955,25.146421432495117,0.1596224457025528,0.11291158199310303,0.23079493641853333,unknown,16.067733764648438,10.88333511352539,25.615646362304688,
0.0,0.0,0.0,24.13712501525879,Operieren,199,493.9297180175781,8.230719566345215,7.783056735992432,24.11101722717285,0.0,0.0,0.0,unknown,12.496092796325684,9.330991744995117,24.09162712097168,3.639690399169922
0.0,0.0,0.0,51.9732780456543,Operieren,201,305.7309265136719,8.20457649230957,7.931907653808594,22.009607315063477,0.0,0.0,0.0,unknown,12.819192886352539,9.331452369689941,22.369020462036133,2.164797067642212
0.0,0.0,0.0,71.40673065185547,Operieren,203,2819.700927734375,8.275290489196777,7.969786643981934,22.8372745513916,0.0,0.0,0.0,unknown,12.264779090881348,9.752323150634766,22.9276180267334,1.3125272989273071
0.0,0.0,0.0,116.61980438232422,Operieren,205,5341.50048828125,8.223275184631348,8.00218391418457,21.965673446655273,0.0,0.0,0.0,unknown,12.928284645080566,9.53977108001709,21.871078491210938,6.0719895362854
0.0,0.0,0.0,239.5020751953125,Operieren,207,5498.51953125,8.3551607131958,8.331239700317383,21.455049514770508,0.0,0.0,0.0,unknown,12.406561851501465,9.539261817932129,21.905242919921875,1.726244330406189
0.0,0.0,0.0,127.07496643066406,Operieren,209,4014.821533203125,8.08734130859375,8.155521392822266,22.022785186767578,0.0,0.0,0.0,unknown,12.593390464782715,9.227030754089355,22.003740310668945,14.267476081848145
0.0,0.0,0.0,140.6058807373047,Operieren,211,5801.86474609375,7.925114631652832,8.410476684570312,21.665773391723633,0.0,0.0,0.0,unknown,12.222596168518066,9.371249198913574,21.560035705566406,5.797662258148193
0.0,0.0,0.0,246.2125701904297,Operieren,213,3621.62548828125,7.9462432861328125,7.783645153045654,20.745149612426758,0.0,0.0,0.0,unknown,12.582060813903809,9.152388572692871,20.713071823120117,15.165207862854004
0.0,0.0,0.0,6.940492153167725,Operieren,215,614.8185424804688,7.85341215133667,7.114497184753418,18.453580856323242,0.0,0.0,0.0,unknown,12.953438758850098,8.639724731445312,18.712858200073242,1.26116144657135
0.0,0.0,0.0,36.133663177490234,Operieren,217,1679.4742431640625,7.990603446960449,7.651647090911865,18.31098175048828,0.0,0.0,0.0,unknown,13.705791473388672,8.792866706848145,18.730714797973633,1.5735158920288086
0.0,0.0,0.0,75.87816619873047,Operieren,219,1950.8175048828125,7.794917583465576,7.118557929992676,18.12177276611328,0.0,0.0,0.0,unknown,13.19961929321289,8.748936653137207,19.38648223876953,0.857552170753479
0.0,0.0,0.0,54.34082794189453,Operieren,221,764.6428833007812,7.934126853942871,7.078007221221924,18.992074966430664,0.0,0.0,0.0,unknown,13.021815299987793,8.757882118225098,20.10995101928711,4.225137710571289
0.0,0.0,0.0,5.199200630187988,Operieren,223,45.85405731201172,8.177350044250488,7.506224632263184,19.630123138427734,0.0,0.0,0.0,unknown,12.802181243896484,9.090901374816895,20.465669631958008,0.6490012407302856
0.0,0.0,0.0,6.406018257141113,Operieren,225,317.6878662109375,8.247395515441895,7.461918354034424,18.91400909423828,0.0,0.0,0.0,unknown,13.355733871459961,9.085855484008789,20.08514404296875,0.3614483177661896
0.0,0.0,0.0,25.842748641967773,Operieren,227,886.9564208984375,8.388141632080078,7.802455425262451,17.64760398864746,0.0,0.0,0.0,unknown,12.875131607055664,9.309184074401855,19.504207611083984,0.25304436683654785
0.0,0.0,0.0,33.39432907104492,Operieren,229,1179.3292236328125,8.417842864990234,7.454483509063721,19.629478454589844,0.0,0.0,0.0,unknown,13.107473373413086,8.69578742980957,20.2156925201416,1.7120757102966309
0.0,0.0,0.0,45.23363494873047,Operieren,231,1330.7467041015625,8.42467212677002,7.454291343688965,20.85352897644043,0.0,0.0,0.0,unknown,13.373616218566895,8.63102912902832,21.198877334594727,0.5151346921920776
0.0,0.0,0.0,43.48467254638672,Operieren,233,973.5391845703125,8.367398262023926,7.395155429840088,20.17876434326172,0.0,0.0,0.0,unknown,13.378832817077637,8.851459503173828,20.810855865478516,2.5017950534820557
0.0,0.0,0.0,108.36311340332031,Operieren,235,4012.9267578125,8.35753059387207,7.989563941955566,20.977163314819336,0.0,0.0,0.0,unknown,13.425285339355469,9.26418399810791,21.716516494750977,0.3977174162864685
0.0,0.0,0.0,159.1687469482422,Operieren,237,2587.572998046875,8.59759521484375,7.985428810119629,19.876344680786133,0.0,0.0,0.0,unknown,13.707124710083008,9.437143325805664,20.84904670715332,7.620992660522461
0.0,0.0,0.0,13.442502975463867,Operieren,239,625.2147827148438,8.618480682373047,7.826403617858887,20.308773040771484,0.0,0.0,0.0,unknown,13.86193561553955,8.815293312072754,21.19736671447754,2.9910662174224854
0.0,0.0,0.0,28.389972686767578,Operieren,241,1734.8349609375,8.629859924316406,7.825742244720459,20.546031951904297,0.0,0.0,0.0,unknown,13.580658912658691,9.231572151184082,21.39751434326172,2.103102922439575
0.0,0.0,0.0,87.34805297851562,Operieren,243,1627.3240966796875,8.634565353393555,7.7690229415893555,20.294002532958984,0.0,0.0,0.0,unknown,13.706007957458496,9.146645545959473,21.040651321411133,3.9867804050445557
0.0,0.0,0.0,21.163877487182617,Operieren,245,197.44749450683594,8.460137367248535,7.743764877319336,19.543245315551758,0.0,0.0,0.0,unknown,14.035816192626953,8.952153205871582,20.521520614624023,1.8383764028549194
0.0,0.0,0.0,34.218894958496094,Operieren,247,2468.1943359375,8.520498275756836,7.795040607452393,19.738239288330078,0.0,0.0,0.0,unknown,13.506901741027832,9.019975662231445,20.11084747314453,0.4291824400424957
0.0,0.0,0.0,130.33602905273438,Operieren,249,3854.21044921875,8.45991039276123,7.959200859069824,20.003263473510742,0.0,0.0,0.0,unknown,13.254945755004883,9.525311470031738,20.791879653930664,1.8526235818862915
0.0,0.0,0.0,126.61967468261719,Operieren,251,1607.5599365234375,8.403097152709961,7.932346343994141,21.10113525390625,0.0,0.0,0.0,unknown,13.5729341506958,9.209611892700195,21.305490493774414,6.837261199951172
0.0,0.0,0.0,19.833467483520508,Operieren,253,513.4951782226562,8.502226829528809,7.974296569824219,19.2513370513916,0.0,0.0,0.0,unknown,13.413264274597168,9.213667869567871,20.47777557373047,1.6089110374450684
0.0,0.0,0.0,14.421487808227539,Operieren,255,,8.518949508666992,8.005228996276855,20.764039993286133,0.0,0.0,0.0,unknown,13.301254272460938,9.278828620910645,21.364437103271484,2.9102590084075928
0.0,0.0,0.0,,Operieren,257,,8.35452651977539,7.930644989013672,20.55596923828125,0.0,0.0,0.0,unknown,13.51335334777832,9.195070266723633,21.29026222229004,1.9545727968215942
0.0,0.0,0.0,,Operieren,259,,8.466448783874512,7.968260765075684,20.90460777282715,0.0,0.0,0.0,unknown,13.820688247680664,9.117339134216309,21.2332820892334,
0.0,0.0,0.0,126.63941192626953,Regen,112,297.9616394042969,5.118830680847168,4.881048202514648,38.826995849609375,0.0,0.0,0.0,unknown,7.503539562225342,11.479412078857422,38.13526916503906,5.38601541519165
0.0,0.0,0.0,125.18228912353516,Regen,114,5086.072265625,4.971930980682373,4.602382659912109,35.928558349609375,0.0,0.0,0.0,unknown,6.952181339263916,10.645905494689941,35.36466979980469,3.0858893394470215
0.0,0.0,0.0,214.07594299316406,Regen,116,4094.472900390625,6.588500499725342,4.663233757019043,31.926143646240234,0.0,0.0,0.0,unknown,10.31891918182373,8.604971885681152,31.687732696533203,11.357789993286133
0.0,0.0,0.0,59.334442138671875,Regen,118,544.2190551757812,6.7710137367248535,5.951722621917725,29.29053497314453,0.0,0.0,0.0,unknown,9.321990013122559,11.224373817443848,29.114810943603516,2.9149668216705322
0.0,0.0,0.0,30.1283016204834,Regen,120,2132.713134765625,7.099497318267822,6.345950603485107,32.95684051513672,0.0,0.0,0.0,unknown,8.559764862060547,12.883460998535156,33.968666076660156,1.1435916423797607
0.0,0.0,0.0,113.52741241455078,Regen,122,4475.4638671875,6.123109817504883,5.852120876312256,30.458803176879883,0.0,0.0,0.0,unknown,7.8297953605651855,9.371788024902344,31.423009872436523,2.875838041305542
0.0,0.0,0.0,184.9082489013672,Regen,124,5069.19482421875,6.544852256774902,6.069803237915039,26.53350067138672,0.0,0.0,0.0,unknown,7.255423545837402,12.990912437438965,27.75566291809082,4.698851585388184
0.0,0.0,0.0,153.12698364257812,Regen,126,3752.138427734375,6.784572124481201,6.143378257751465,21.614458084106445,0.0,0.0,0.0,unknown,8.218546867370605,12.494413375854492,22.115724563598633,7.6313066482543945
0.0,0.0,0.0,97.10401153564453,Regen,128,6066.548828125,6.44222354888916,6.366110801696777,20.68771743774414,0.0,0.0,0.0,unknown,8.30681324005127,13.743268013000488,21.028478622436523,2.599022150039673
0.0,0.0,0.0,307.561279296875,Regen,130,5781.56982421875,5.313443660736084,6.253762722015381,47.324398040771484,0.0,0.0,0.0,unknown,7.644258975982666,17.94947052001953,47.65268325805664,3.8893468379974365
0.0,0.0,0.0,78.11354064941406,Regen,132,6537.20556640625,5.825634002685547,6.192753314971924,33.07316970825195,0.0,0.0,0.0,unknown,8.62987995147705,11.699392318725586,32.8843994140625,16.622587203979492
0.0,0.0,0.0,513.3350830078125,Regen,134,12426.5966796875,5.5295915603637695,6.055027961730957,34.75794219970703,0.0,0.0,0.0,unknown,6.8960442543029785,11.818891525268555,34.76864242553711,11.44336223602295
0.0,0.0,0.0,315.1158447265625,Regen,136,2956.247802734375,5.8355536460876465,5.88433313369751,36.83265686035156,0.0,0.0,0.0,unknown,6.718389987945557,10.112088203430176,36.276390075683594,22.780860900878906
0.0,0.0,0.0,118.08446502685547,Regen,138,1581.453369140625,6.362845420837402,6.027859210968018,32.29677200317383,0.0,0.0,0.0,unknown,7.807403564453125,9.49796199798584,31.591176986694336,1.7766175270080566
0.0,0.0,0.0,13.549429893493652,Regen,140,9053.626953125,6.8955535888671875,5.996828556060791,34.46697235107422,0.0,0.0,0.0,unknown,9.176331520080566,9.617379188537598,33.90644836425781,6.099364757537842
0.0,0.0,0.0,590.6685791015625,Regen,142,17295.72265625,7.1119160652160645,6.224850654602051,33.410133361816406,0.0,0.0,0.0,unknown,8.912460327148438,11.310518264770508,32.95029830932617,6.955838203430176
0.0,0.0,0.0,562.3836669921875,Regen,144,8109.0498046875,6.820047378540039,6.254771709442139,30.66853904724121,0.0,0.0,0.0,unknown,8.709811210632324,11.290550231933594,31.894163131713867,32.42461395263672
0.0,0.0,0.0,22.066503524780273,Regen,146,2144.83837890625,6.734985828399658,6.015909194946289,34.20313262939453,0.0,0.0,0.0,unknown,7.4868855476379395,10.797724723815918,35.699127197265625,5.071902275085449
0.0,0.0,0.0,121.14530181884766,Regen,148,2162.379638671875,6.444150447845459,5.932962894439697,28.676664352416992,0.0,0.0,0.0,unknown,6.87841796875,11.038674354553223,31.666532516479492,6.522369861602783
0.0,0.0,0.0,23.310029983520508,Regen,150,168.35397338867188,6.918419361114502,6.256967067718506,22.368026733398438,0.0,0.0,0.0,unknown,7.428249359130859,12.503003120422363,23.711448669433594,1.5638823509216309
0.0,0.0,0.0,21.34381866455078,Regen,152,2512.6162109375,8.411147117614746,5.728175163269043,16.240936279296875,0.0,0.0,0.0,unknown,12.128629684448242,9.728253364562988,20.946975708007812,0.20416758954524994
0.0,0.0,0.0,146.3330841064453,Regen,154,8905.3369140625,8.974074363708496,5.727307319641113,18.644020080566406,0.0,0.0,0.0,unknown,12.553613662719727,9.074542045593262,19.813852310180664,1.3897113800048828
0.0,0.0,0.0,447.3880920410156,Regen,156,11618.1796875,8.474157333374023,5.794697284698486,18.7291259765625,0.0,0.0,0.0,unknown,13.238627433776855,9.852348327636719,19.152759552001953,8.372774124145508
0.0,0.0,0.0,327.16729736328125,Regen,158,4300.15625,7.760329723358154,5.737625598907471,21.139991760253906,0.0,0.0,0.0,unknown,11.991826057434082,13.794014930725098,21.122638702392578,21.45636749267578
0.0,0.0,0.0,40.720760345458984,Regen,160,1633.0263671875,6.455299377441406,5.787980079650879,23.219253540039062,0.0,0.0,0.0,unknown,8.067437171936035,13.97098445892334,23.441572189331055,0.4634832441806793
0.0,0.0,0.0,149.33119201660156,Regen,162,10489.7578125,6.625805854797363,5.944667816162109,31.58485221862793,0.0,0.0,0.0,unknown,7.900089263916016,10.450129508972168,31.904373168945312,3.058712959289551
0.0,0.0,0.0,549.98876953125,Regen,164,14108.6259765625,6.141298294067383,6.089194297790527,35.20655822753906,0.0,0.0,0.0,unknown,7.1626667976379395,10.999216079711914,36.12693786621094,13.012596130371094
0.0,0.0,0.0,390.6143493652344,Regen,166,3675.336181640625,6.559178829193115,6.193925857543945,34.28842544555664,0.0,0.0,0.0,unknown,7.663254261016846,9.119805335998535,34.72622299194336,23.653640747070312
0.0,0.0,0.0,146.0838165283203,Regen,168,8790.0244140625,6.224068641662598,6.051494598388672,34.10059356689453,0.0,0.0,0.0,unknown,7.453954696655273,9.380760192871094,34.597877502441406,2.4267752170562744
0.0,0.0,0.0,440.02191162109375,Regen,170,11042.1123046875,6.440855026245117,6.029449462890625,32.94200134277344,0.0,0.0,0.0,unknown,8.413337707519531,9.208491325378418,33.355796813964844,12.113449096679688
0.0,0.0,0.0,296.125244140625,Regen,172,1326.6243896484375,6.047667503356934,5.766393184661865,31.521778106689453,0.0,0.0,0.0,unknown,8.1842041015625,9.891118049621582,32.374454498291016,17.222532272338867
0.0,0.0,0.0,207.828369140625,Regen,174,7324.50927734375,6.191523551940918,5.837439060211182,25.51150894165039,0.0,0.0,0.0,unknown,7.253737926483154,10.265801429748535,27.403539657592773,2.5272328853607178
0.0,0.0,0.0,280.49658203125,Regen,176,8648.26953125,5.8704376220703125,6.037556171417236,19.512317657470703,0.0,0.0,0.0,unknown,6.591761112213135,10.430106163024902,20.623088836669922,16.373294830322266
0.0,0.0,0.0,296.0601806640625,Regen,178,10498.7158203125,5.7866716384887695,5.083404541015625,16.165231704711914,0.0,0.0,0.0,unknown,7.810206890106201,8.552233695983887,17.8077392578125,2.334191083908081
0.0,0.0,0.0,403.87493896484375,Regen,180,6009.423828125,6.790935516357422,6.220089912414551,15.28274154663086,0.0,0.0,0.0,unknown,10.622385025024414,9.766453742980957,18.681760787963867,17.410398483276367
0.0,0.0,0.0,11.032974243164062,Regen,182,7656.39208984375,5.659087657928467,5.887041091918945,16.61971664428711,0.0,0.0,0.0,unknown,10.155403137207031,10.713700294494629,22.974985122680664,9.5159330368042
0.0,0.0,0.0,507.118408203125,Regen,184,,5.734698295593262,5.898345947265625,20.37761688232422,0.0,0.0,0.0,unknown,12.892372131347656,11.768110275268555,24.737939834594727,9.734198570251465
0.0,0.0,0.0,,Regen,186,,8.599517822265625,6.039475440979004,18.802734375,0.0,0.0,0.0,unknown,11.759027481079102,11.606710433959961,31.89204216003418,24.074325561523438
0.0,0.0,0.0,,Regen,188,,8.755638122558594,11.261136054992676,18.910945892333984,0.0,0.0,0.0,unknown,19.804689407348633,17.97623062133789,32.84328842163086,
0.0,0.0,1.0,42.53105545043945,SauerWuetend,147,989.0198974609375,4.460470199584961,11.197114944458008,39.55863952636719,0.3459274470806122,0.10204260051250458,0.24173440039157867,unknown,33.77547073364258,14.681599617004395,47.584693908691406,5.463036060333252
0.0,0.0,1.0,23.714540481567383,SauerWuetend,149,540.7460327148438,6.735064506530762,11.413521766662598,46.50178527832031,0.3564563989639282,0.09947209805250168,0.2443474531173706,unknown,48.65802764892578,16.430631637573242,56.11151885986328,8.034541130065918
0.0,0.0,1.0,58.016361236572266,SauerWuetend,151,616.3280029296875,5.802005767822266,10.533221244812012,40.613609313964844,0.335422158241272,0.09849105030298233,0.2407689094543457,unknown,38.61353302001953,16.048322677612305,51.427005767822266,6.531535625457764
0.0,0.0,1.0,98.60259246826172,SauerWuetend,153,2587.811279296875,5.416783332824707,7.233908176422119,38.46125030517578,0.3114106357097626,0.1006011888384819,0.24118758738040924,unknown,38.07468032836914,11.898508071899414,50.943878173828125,2.6774818897247314
0.0,0.0,1.0,75.6085205078125,SauerWuetend,155,1734.78125,5.7391252517700195,5.4499616622924805,39.223114013671875,0.3151997923851013,0.10786409676074982,0.24256987869739532,unknown,42.388275146484375,10.165168762207031,51.28632736206055,3.947932243347168
0.0,0.0,0.0,40.260986328125,SauerWuetend,157,210.8523406982422,6.163153648376465,5.667794227600098,50.5826301574707,0.2980225384235382,0.1084120124578476,0.23935720324516296,unknown,61.259586334228516,9.71231746673584,61.98603057861328,1.329913854598999
0.0,0.0,1.0,29.528350830078125,SauerWuetend,159,2680.845703125,5.781759738922119,5.23301362991333,40.31416702270508,0.31953832507133484,0.10541382431983948,0.24048861861228943,unknown,40.2251091003418,6.193061828613281,51.172340393066406,1.6250663995742798
0.0,0.0,1.0,150.48751831054688,SauerWuetend,161,3652.329833984375,5.928949356079102,5.194952011108398,44.797332763671875,0.32145413756370544,0.10666992515325546,0.2413008064031601,unknown,39.39060974121094,7.8409881591796875,56.41879653930664,3.473472833633423
0.0,0.0,0.0,93.18352508544922,SauerWuetend,163,987.2334594726562,7.297054767608643,4.697146892547607,56.02592468261719,0.31032201647758484,0.10394448041915894,0.2379848212003708,unknown,63.94279861450195,8.410863876342773,67.03201293945312,6.585168838500977
0.0,0.0,1.0,29.719789505004883,SauerWuetend,165,729.2144775390625,6.653033256530762,5.321186542510986,45.635169982910156,0.32521852850914,0.10024528950452805,0.24185709655284882,unknown,43.35422897338867,8.28306770324707,61.50257110595703,0.540001630783081
0.0,0.0,1.0,20.135740280151367,SauerWuetend,167,516.8942260742188,6.47072172164917,5.794601917266846,38.76055908203125,0.30263087153434753,0.10811467468738556,0.24244090914726257,unknown,41.62274169921875,7.795273780822754,54.45119857788086,1.532995343208313
0.0,0.0,0.0,15.421713829040527,SauerWuetend,169,3376.787109375,7.068199157714844,5.396093368530273,44.324466705322266,0.28328853845596313,0.10273665189743042,0.23736947774887085,unknown,52.32685852050781,8.33226490020752,60.29155731201172,0.5536506772041321
0.0,0.0,0.0,214.52027893066406,SauerWuetend,171,10764.73828125,7.361701011657715,5.712429523468018,38.47464370727539,0.32680997252464294,0.10550972819328308,0.24007849395275116,unknown,42.2310791015625,8.22773551940918,53.84373474121094,1.0929416418075562
0.0,0.0,1.0,503.3412170410156,SauerWuetend,173,12813.7021484375,8.073670387268066,6.187677383422852,51.049869537353516,0.3528591990470886,0.1001688688993454,0.24110522866249084,unknown,53.78719711303711,8.799104690551758,63.94581604003906,13.304931640625
0.0,0.0,0.0,350.9388122558594,SauerWuetend,175,2605.35595703125,7.396371841430664,8.59603500366211,44.4202766418457,0.319322407245636,0.09865101426839828,0.2387848049402237,unknown,45.22684097290039,11.265198707580566,57.881431579589844,20.255128860473633
1.0,0.0,1.0,177.54299926757812,SauerWuetend,177,9167.2197265625,8.287679672241211,7.589821815490723,43.71320724487305,0.38656288385391235,0.09753734618425369,0.24558526277542114,unknown,38.10139083862305,9.155473709106445,57.25714111328125,3.144085168838501
1.0,0.0,1.0,433.6109619140625,SauerWuetend,179,9485.2529296875,8.163553237915039,8.246336936950684,45.22958755493164,0.39044877886772156,0.09969112277030945,0.24408309161663055,unknown,42.02448654174805,9.675919532775879,57.400604248046875,14.975457191467285
0.0,0.0,0.0,198.748291015625,SauerWuetend,181,219.36509704589844,7.514944553375244,9.405158996582031,44.198577880859375,0.3273318111896515,0.10132680833339691,0.23817549645900726,unknown,40.410865783691406,10.817666053771973,52.947731018066406,13.932607650756836
1.0,0.0,1.0,211.52589416503906,SauerWuetend,183,3620.3701171875,8.453276634216309,8.39852237701416,48.36503982543945,0.39521685242652893,0.09725826978683472,0.24273206293582916,unknown,44.92276382446289,10.003387451171875,62.12968444824219,0.7057451605796814
1.0,0.0,1.0,33.84901809692383,SauerWuetend,185,,9.18684196472168,8.916845321655273,49.96833801269531,0.4042767286300659,0.09725180268287659,0.24490955471992493,unknown,45.37592315673828,10.930238723754883,62.9673957824707,13.416146278381348
0.0,0.0,0.0,,SauerWuetend,187,,6.277700901031494,8.485208511352539,48.348533630371094,0.3356066644191742,0.0980067178606987,0.23970039188861847,unknown,42.43742752075195,11.1558256149292,59.722991943359375,11.494880676269531
0.0,0.0,1.0,,SauerWuetend,189,,7.810443878173828,9.162796974182129,49.23809051513672,0.3355446755886078,0.11155100166797638,0.24539630115032196,unknown,49.69095993041992,11.606389045715332,62.35997772216797,
0.0,0.0,0.0,250.8548583984375,Schnee,159,8393.8427734375,5.047667503356934,6.306972503662109,32.79280090332031,0.0,0.0,0.0,unknown,9.392122268676758,11.100425720214844,32.36185836791992,8.194672584533691
0.0,0.0,0.0,308.80029296875,Schnee,161,9193.48828125,5.659598350524902,6.158416748046875,34.618431091308594,0.0,0.0,0.0,unknown,7.37087869644165,13.578364372253418,34.26976013183594,8.531603813171387
0.0,0.0,0.0,304.10345458984375,Schnee,163,11911.5322265625,5.638592720031738,6.054584503173828,30.632720947265625,0.0,0.0,0.0,unknown,10.025437355041504,12.196635246276855,30.502063751220703,12.068995475769043
0.0,0.0,0.0,490.1584167480469,Schnee,165,16096.396484375,5.786740779876709,6.032663822174072,29.788732528686523,0.0,0.0,0.0,unknown,9.09676456451416,12.266834259033203,29.76714515686035,8.215910911560059
0.0,0.0,0.0,582.941650390625,Schnee,167,15485.14453125,5.506149768829346,6.577963352203369,23.402149200439453,0.0,0.0,0.0,unknown,12.090611457824707,10.610053062438965,24.00004005432129,24.46222496032715
0.0,0.0,0.0,449.42449951171875,Schnee,169,11258.47265625,5.171443462371826,6.371096611022949,19.729358673095703,0.0,0.0,0.0,unknown,10.581991195678711,10.495186805725098,20.9135799407959,14.403660774230957
0.0,0.0,0.0,301.1581726074219,Schnee,171,4611.96484375,5.08700704574585,5.5321879386901855,19.588943481445312,0.0,0.0,0.0,unknown,7.927944183349609,9.099870681762695,22.502742767333984,15.558446884155273
0.0,0.0,0.0,12.628894805908203,Schnee,173,3103.333984375,4.906661510467529,5.442477703094482,22.765594482421875,0.0,0.0,0.0,unknown,6.565703392028809,8.374566078186035,25.131179809570312,4.526325225830078
0.0,0.0,0.0,200.44627380371094,Schnee,175,9331.1650390625,4.831747055053711,5.923015594482422,19.78654670715332,0.0,0.0,0.0,unknown,6.365466117858887,8.605009078979492,21.34287452697754,4.139935493469238
0.0,0.0,0.0,421.66473388671875,Schnee,177,12469.4228515625,5.166824817657471,6.144472599029541,18.518571853637695,0.0,0.0,0.0,unknown,6.527559280395508,8.674442291259766,19.54401969909668,17.476070404052734
0.0,0.0,0.0,409.65313720703125,Schnee,179,10398.9931640625,5.225052356719971,5.744658946990967,19.386810302734375,0.0,0.0,0.0,unknown,6.921121597290039,8.2059907913208,20.840534210205078,10.643081665039062
0.0,0.0,0.0,283.64727783203125,Schnee,181,107.13322448730469,5.162912845611572,6.199253559112549,17.29146957397461,0.0,0.0,0.0,unknown,7.541813373565674,8.491023063659668,18.879547119140625,16.670202255249023
0.0,0.0,0.0,282.792724609375,Schnee,183,14524.1064453125,5.440920352935791,5.6331377029418945,21.47838020324707,0.0,0.0,0.0,unknown,7.677623748779297,7.9099016189575195,21.463653564453125,2.2453742027282715
0.0,0.0,0.0,685.498291015625,Schnee,185,22535.408203125,5.826061725616455,5.448151111602783,23.76864242553711,0.0,0.0,0.0,unknown,7.464866638183594,7.700412750244141,23.446422576904297,21.090652465820312
0.0,0.0,0.0,816.864990234375,Schnee,187,21179.029296875,6.005617141723633,5.458357334136963,22.358055114746094,0.0,0.0,0.0,unknown,7.087130069732666,8.26357364654541,22.211599349975586,24.609811782836914
0.0,0.0,0.0,595.0709228515625,Schnee,189,15603.3486328125,6.296781063079834,5.805081367492676,20.650161743164062,0.0,0.0,0.0,unknown,7.387054920196533,8.344154357910156,20.1715087890625,29.847942352294922
0.0,0.0,0.0,445.1752624511719,Schnee,191,16009.67578125,6.17064905166626,6.006676197052002,20.851272583007812,0.0,0.0,0.0,unknown,7.184412956237793,10.145151138305664,21.361604690551758,9.823601722717285
0.0,0.0,0.0,622.1389770507812,Schnee,193,13564.291015625,6.205428123474121,6.377798080444336,23.892492294311523,0.0,0.0,0.0,unknown,7.314619541168213,11.112958908081055,24.622970581054688,19.856122970581055
0.0,0.0,0.0,282.1590881347656,Schnee,195,2309.022216796875,6.440274238586426,6.139519214630127,20.6721248626709,0.0,0.0,0.0,unknown,8.462423324584961,11.67966365814209,22.428348541259766,21.620887756347656
0.0,0.0,0.0,128.52040100097656,Schnee,197,1922.90625,5.965160369873047,6.029677867889404,22.122722625732422,0.0,0.0,0.0,unknown,7.453763961791992,11.236438751220703,23.97258186340332,2.828773021697998
0.0,0.0,0.0,2.8395307064056396,Schnee,199,93.92736053466797,5.65132999420166,5.677133560180664,22.940336227416992,0.0,0.0,0.0,unknown,6.8289618492126465,10.503013610839844,24.775503158569336,5.751210689544678
0.0,0.0,0.0,6.039998531341553,Schnee,201,1286.3575439453125,5.189084529876709,5.598820209503174,14.20107650756836,0.0,0.0,0.0,unknown,6.428152561187744,9.05135726928711,18.425106048583984,5.772282123565674
0.0,0.0,0.0,81.44654846191406,Schnee,203,3287.7373046875,5.181188106536865,5.643825531005859,12.258235931396484,0.0,0.0,0.0,unknown,6.514008045196533,9.46738338470459,17.97533416748047,6.052066326141357
0.0,0.0,0.0,137.79815673828125,Schnee,205,5265.3095703125,5.190676212310791,5.304808616638184,13.684398651123047,0.0,0.0,0.0,unknown,6.412266731262207,8.838764190673828,22.74124526977539,0.6334869265556335
0.0,0.0,0.0,213.2328643798828,Schnee,207,2020.9573974609375,5.13405704498291,5.831221580505371,14.10633373260498,0.0,0.0,0.0,unknown,6.807893753051758,9.225446701049805,20.330041885375977,9.812002182006836
0.0,0.0,0.0,347.91021728515625,Schnee,209,10622.771484375,5.110489845275879,5.584842681884766,14.505221366882324,0.0,0.0,0.0,unknown,6.558538913726807,9.051460266113281,21.838598251342773,4.405121803283691
0.0,0.0,0.0,360.2775573730469,Schnee,211,810.4830322265625,5.130503177642822,5.57410192489624,15.857206344604492,0.0,0.0,0.0,unknown,8.439109802246094,8.909728050231934,21.517475128173828,27.59689712524414
0.0,0.0,0.0,306.314697265625,Schnee,213,11465.3759765625,4.891233921051025,5.575323104858398,17.037944793701172,0.0,0.0,0.0,unknown,8.097707748413086,9.35394287109375,19.217470169067383,3.580003023147583
0.0,0.0,0.0,458.04986572265625,Schnee,215,13220.8583984375,5.7940521240234375,5.222652912139893,14.642830848693848,0.0,0.0,0.0,unknown,8.274005889892578,9.024274826049805,18.75712776184082,16.842363357543945
0.0,0.0,0.0,423.35455322265625,Schnee,217,11442.3486328125,6.285919666290283,4.865839004516602,16.282899856567383,0.0,0.0,0.0,unknown,8.358583450317383,7.958428859710693,25.203720092773438,13.695164680480957
0.0,0.0,0.0,339.5106506347656,Schnee,219,6316.494140625,6.1503400802612305,4.693551540374756,17.25592803955078,0.0,0.0,0.0,unknown,8.05467414855957,8.05409049987793,26.710552215576172,14.533164024353027
0.0,0.0,0.0,81.60083770751953,Schnee,221,2900.625,6.578787326812744,5.014768600463867,16.916114807128906,0.0,0.0,0.0,unknown,7.99740743637085,8.112788200378418,28.785785675048828,8.1015043258667
0.0,0.0,0.0,274.930419921875,Schnee,223,6967.7021484375,6.658722877502441,5.248085975646973,16.134031295776367,0.0,0.0,0.0,unknown,8.119039535522461,9.100212097167969,22.32232666015625,2.664038896560669
0.0,0.0,0.0,189.59739685058594,Schnee,225,5113.43017578125,6.525595664978027,5.03608512878418,16.9635066986084,0.0,0.0,0.0,unknown,7.974081516265869,9.006875038146973,22.871877670288086,15.668220520019531
0.0,0.0,0.0,151.3850860595703,Schnee,227,4543.65625,6.636699676513672,4.99307918548584,14.864537239074707,0.0,0.0,0.0,unknown,8.027166366577148,9.567792892456055,22.039365768432617,3.0451624393463135
0.0,0.0,0.0,151.52854919433594,Schnee,229,2661.042724609375,6.580328941345215,4.969255447387695,17.16501235961914,0.0,0.0,0.0,unknown,8.489900588989258,9.847290992736816,22.230024337768555,13.107933044433594
0.0,0.0,0.0,26.050811767578125,Schnee,231,2572.37548828125,6.607227802276611,4.499894142150879,15.582135200500488,0.0,0.0,0.0,unknown,8.44019889831543,9.819791793823242,29.395809173583984,3.028820276260376
0.0,0.0,0.0,145.589111328125,Schnee,233,3429.930419921875,5.5675883293151855,4.458993911743164,16.699016571044922,0.0,0.0,0.0,unknown,7.769069671630859,9.171226501464844,29.562116622924805,4.748599052429199
0.0,0.0,0.0,83.0921859741211,Schnee,235,2653.782470703125,5.72265625,4.434752464294434,16.706382751464844,0.0,0.0,0.0,unknown,9.384763717651367,9.720724105834961,31.620525360107422,4.961700916290283
0.0,0.0,0.0,93.8503189086914,Schnee,237,3451.26171875,5.776487827301025,4.432384014129639,16.98526382446289,0.0,0.0,0.0,unknown,11.983282089233398,10.536436080932617,35.0213623046875,0.5991425514221191
0.0,0.0,0.0,136.25221252441406,Schnee,239,,6.167261123657227,5.699244499206543,20.853073120117188,0.0,0.0,0.0,unknown,15.08779239654541,14.206472396850586,36.4306755065918,5.680673599243164
0.0,0.0,0.0,,Schnee,241,,6.087578296661377,12.131943702697754,22.043704986572266,0.0,0.0,0.0,unknown,17.26685333251953,29.973875045776367,38.940521240234375,3.405522346496582
0.0,0.0,0.0,,Schnee,243,,6.1002678871154785,28.335268020629883,21.01226234436035,0.0,0.0,0.0,unknown,14.257509231567383,46.65622329711914,42.47895431518555,
0.0,0.0,0.0,290.58282470703125,Schreiben,121,3932.63232421875,7.573422431945801,7.3450446128845215,23.205949783325195,0.16830813884735107,0.10497710108757019,0.2308468520641327,unknown,8.93511962890625,8.151620864868164,23.817062377929688,15.949009895324707
0.0,0.0,0.0,28.574220657348633,Schreiben,123,230.32052612304688,7.549890995025635,7.148262023925781,23.37810516357422,0.17143554985523224,0.10590770095586777,0.2324649542570114,unknown,9.44970703125,8.030396461486816,24.388423919677734,3.428658962249756
0.0,0.0,0.0,15.518933296203613,Schreiben,125,419.8847351074219,7.378078937530518,7.233086109161377,19.906322479248047,0.1620345413684845,0.10603106766939163,0.23073619604110718,unknown,9.277203559875488,8.161535263061523,20.89248275756836,5.319747447967529
0.0,0.0,0.0,12.566537857055664,Schreiben,127,464.5707702636719,7.553799629211426,7.701252460479736,19.716869354248047,0.18294596672058105,0.10391230136156082,0.23037104308605194,unknown,9.311477661132812,8.60055923461914,20.908235549926758,6.299182891845703
0.0,0.0,0.0,42.20747375488281,Schreiben,129,1686.969482421875,7.658988952636719,7.550327777862549,21.674915313720703,0.17684678733348846,0.10441741347312927,0.23067276179790497,unknown,10.036002159118652,8.309229850769043,22.764482498168945,5.524634838104248
0.0,0.0,0.0,70.38990020751953,Schreiben,131,1974.7352294921875,7.52223014831543,7.2805304527282715,23.05352783203125,0.17050127685070038,0.10351191461086273,0.23112399876117706,unknown,9.524036407470703,8.78722858428955,24.409109115600586,2.743091344833374
0.0,0.0,0.0,61.307987213134766,Schreiben,133,1831.1051025390625,7.4605255126953125,7.395846366882324,19.4571533203125,0.1797785758972168,0.10489722341299057,0.23120220005512238,unknown,13.194381713867188,8.550360679626465,20.05211067199707,7.406670570373535
0.0,0.0,0.0,183.20912170410156,Schreiben,135,5130.85009765625,7.565065860748291,7.706985950469971,23.596864700317383,0.17083457112312317,0.10339276492595673,0.22962431609630585,unknown,9.433831214904785,8.616193771362305,25.518091201782227,3.3245949745178223
0.0,0.0,0.0,158.87281799316406,Schreiben,137,5971.45263671875,7.594627857208252,7.768261909484863,22.05927848815918,0.17160971462726593,0.1055845320224762,0.23007559776306152,unknown,9.973735809326172,8.700920104980469,23.610668182373047,8.889996528625488
0.0,0.0,0.0,239.26612854003906,Schreiben,139,6434.9208984375,7.242730617523193,7.89263391494751,17.95119857788086,0.170699805021286,0.1041717678308487,0.22995689511299133,unknown,11.20921802520752,8.68226432800293,19.78754234313965,1.7112873792648315
0.0,0.0,0.0,189.74685668945312,Schreiben,141,2728.088134765625,7.382903099060059,7.68697452545166,21.778303146362305,0.16956406831741333,0.10322243720293045,0.23005419969558716,unknown,9.780896186828613,8.340107917785645,23.844043731689453,14.255091667175293
0.0,0.0,0.0,7.952287673950195,Schreiben,143,348.2011413574219,7.385965824127197,7.532646179199219,20.987154006958008,0.16780021786689758,0.10157939791679382,0.22804908454418182,unknown,9.648422241210938,7.993131160736084,24.047508239746094,1.6073192358016968
0.0,0.0,0.0,30.998714447021484,Schreiben,145,1048.0997314453125,7.6538920402526855,7.389200687408447,21.041826248168945,0.16639341413974762,0.10149230062961578,0.22710947692394257,unknown,9.53612232208252,7.9251389503479,23.59834098815918,1.0815279483795166
0.0,0.0,0.0,100.82518005371094,Schreiben,147,997.2150268554688,7.599010467529297,7.389237403869629,22.76945686340332,0.16850502789020538,0.09918395429849625,0.22684232890605927,unknown,9.211923599243164,8.19193172454834,24.412538528442383,0.9865576028823853
0.0,0.0,0.0,34.58039474487305,Schreiben,149,6071.98388671875,7.608996868133545,7.4374213218688965,22.41147232055664,0.167183056473732,0.0987330973148346,0.22701112926006317,unknown,9.123549461364746,8.18103313446045,24.0006046295166,7.706482410430908
0.0,0.0,0.0,370.30511474609375,Schreiben,151,11552.998046875,7.423270225524902,7.683776378631592,21.332300186157227,0.16599053144454956,0.10118000209331512,0.2270178198814392,unknown,10.224848747253418,8.493496894836426,22.778348922729492,10.004172325134277
0.0,0.0,0.0,399.8969421386719,Schreiben,153,9688.2529296875,7.517262935638428,7.800578594207764,22.05744743347168,0.16699139773845673,0.10124523192644119,0.22744104266166687,unknown,9.791102409362793,8.33838176727295,23.406225204467773,14.683971405029297
0.0,0.0,0.0,246.03897094726562,Schreiben,155,4128.6728515625,7.4481425285339355,7.876469612121582,18.148609161376953,0.1658242642879486,0.09966569393873215,0.2260311394929886,unknown,12.540192604064941,8.617271423339844,20.477405548095703,11.976422309875488
0.0,0.0,0.0,29.630943298339844,Schreiben,157,5554.49169921875,7.666388511657715,7.792788505554199,22.430883407592773,0.16814155876636505,0.10093516111373901,0.22759486734867096,unknown,10.07823657989502,8.82691478729248,24.214496612548828,4.434749603271484
0.0,0.0,0.0,399.263916015625,Schreiben,159,12877.806640625,7.335740089416504,7.720101356506348,19.999713897705078,0.15947923064231873,0.10200532525777817,0.22594064474105835,unknown,10.342044830322266,8.632026672363281,22.884729385375977,2.4947032928466797
0.0,0.0,0.0,459.279296875,Schreiben,161,8025.4306640625,7.721553325653076,7.600161552429199,24.40679931640625,0.160781130194664,0.10025227069854736,0.2263331562280655,unknown,9.819537162780762,8.037519454956055,26.113981246948242,24.12788963317871
0.0,0.0,0.0,75.9676742553711,Schreiben,163,2343.193115234375,7.623533248901367,7.232816696166992,22.499956130981445,0.1738843321800232,0.10626441985368729,0.2269163280725479,unknown,9.903477668762207,7.7218475341796875,31.226228713989258,6.494700908660889
0.0,0.0,0.0,80.26127624511719,Schreiben,165,4562.7470703125,7.581637859344482,7.144707679748535,18.623992919921875,0.166890949010849,0.10315217077732086,0.22619850933551788,unknown,13.311888694763184,7.781606674194336,21.408039093017578,1.4595708847045898
0.0,0.0,0.0,224.02694702148438,Schreiben,167,8139.07763671875,7.876067638397217,7.442511081695557,22.607378005981445,0.16643601655960083,0.10307647287845612,0.22741961479187012,unknown,11.535181999206543,8.3191499710083,24.526824951171875,6.778563022613525
0.0,0.0,0.0,318.59857177734375,Schreiben,169,9426.580078125,7.765820503234863,7.672049522399902,18.42314338684082,0.1654457151889801,0.10371986031532288,0.2262810319662094,unknown,14.917009353637695,8.26081371307373,20.125627517700195,8.156826972961426
0.0,0.0,0.0,309.8453063964844,Schreiben,171,3629.953857421875,7.757623672485352,7.425047397613525,22.9052734375,0.16543444991111755,0.10417851060628891,0.2271120399236679,unknown,11.345632553100586,8.131658554077148,24.74291229248047,13.084711074829102
0.0,0.0,0.0,67.87462615966797,Schreiben,173,8853.90234375,7.85011625289917,7.516178131103516,19.889986038208008,0.16395577788352966,0.10117223858833313,0.22520232200622559,unknown,10.583436965942383,8.460921287536621,21.38113021850586,7.572286605834961
0.0,0.0,0.0,522.411376953125,Schreiben,175,19242.927734375,7.86413049697876,7.422458171844482,21.86077117919922,0.17030610144138336,0.10290353745222092,0.22639897465705872,unknown,10.004927635192871,8.37881088256836,23.31569480895996,12.095926284790039
0.0,0.0,0.0,760.454345703125,Schreiben,177,17756.248046875,7.742886066436768,7.2270965576171875,23.58213233947754,0.16969667375087738,0.1027921736240387,0.22680366039276123,unknown,10.119331359863281,7.872445583343506,25.39759635925293,22.733184814453125
0.0,0.0,0.0,423.3019104003906,Schreiben,179,6566.19677734375,7.692727565765381,7.183463096618652,24.386743545532227,0.164119690656662,0.10606051236391068,0.2272508591413498,unknown,10.16059684753418,8.48311710357666,25.73328971862793,27.96397590637207
0.0,0.0,0.0,15.46661376953125,Schreiben,181,960.4054565429688,7.914450168609619,6.687605381011963,23.732824325561523,0.16975398361682892,0.10650157183408737,0.228261336684227,unknown,9.864944458007812,8.010168075561523,25.30092430114746,0.3442363440990448
0.0,0.0,0.0,49.28547668457031,Schreiben,183,573.115478515625,7.443158149719238,6.018301010131836,20.047042846679688,0.1683800369501114,0.10548412799835205,0.22744128108024597,unknown,11.586042404174805,7.849299430847168,23.26738166809082,0.7258492708206177
0.0,0.0,0.0,11.322774887084961,Schreiben,185,5025.11181640625,7.5495100021362305,6.308470726013184,23.16765022277832,0.1653198003768921,0.1177322119474411,0.2265036702156067,unknown,10.21452522277832,7.809926986694336,27.65835189819336,2.5768680572509766
0.0,0.0,0.0,346.2245788574219,Schreiben,187,17855.466796875,7.572973251342773,6.522820949554443,23.392160415649414,0.16947069764137268,0.10393568128347397,0.22725704312324524,unknown,9.8728666305542,7.911739826202393,25.799304962158203,3.326232671737671
0.0,0.0,0.0,844.1432495117188,Schreiben,189,19570.857421875,7.897605895996094,6.378938674926758,22.598995208740234,0.17439092695713043,0.12267699837684631,0.22984600067138672,unknown,10.14469051361084,7.717471122741699,26.837478637695312,26.406524658203125
0.0,0.0,0.0,460.58197021484375,Schreiben,191,786.81494140625,7.9552764892578125,6.584410190582275,24.02184295654297,0.164226695895195,0.10331542044878006,0.22811204195022583,unknown,9.8267240524292,8.789795875549316,25.619789123535156,29.869766235351562
0.0,0.0,0.0,408.3352355957031,Schreiben,193,12385.82421875,7.799408912658691,6.60604190826416,23.196638107299805,0.16697897017002106,0.11087758094072342,0.22731441259384155,unknown,9.747584342956543,8.541842460632324,25.658845901489258,0.8413488864898682
0.0,0.0,0.0,417.3945007324219,Schreiben,195,3492.828857421875,8.01348876953125,6.666548728942871,23.58831024169922,0.1659419983625412,0.11499018967151642,0.22655543684959412,unknown,10.149301528930664,8.625926971435547,27.83802604675293,28.057342529296875
0.0,0.0,0.0,184.77821350097656,Schreiben,197,6246.2314453125,8.060352325439453,6.581942558288574,24.674575805664062,0.16497670114040375,0.10594390332698822,0.22787021100521088,unknown,9.99940013885498,8.385202407836914,25.864107131958008,0.3044589161872864
0.0,0.0,0.0,231.64291381835938,Schreiben,199,4008.4013671875,7.767455101013184,6.58698844909668,23.127700805664062,0.165822371840477,0.11682798713445663,0.22946535050868988,unknown,11.2224760055542,7.83928108215332,25.210805892944336,12.082662582397461
0.0,0.0,0.0,35.760658264160156,Schreiben,201,173.82554626464844,8.096463203430176,6.390050888061523,25.384422302246094,0.1676194965839386,0.11338002234697342,0.22775323688983917,unknown,11.556727409362793,7.920511245727539,26.659929275512695,3.362692356109619
0.0,0.0,0.0,27.459789276123047,Schreiben,203,,7.929316520690918,7.180400371551514,22.936006546020508,0.1690526157617569,0.11424388736486435,0.23019534349441528,unknown,11.135283470153809,8.388279914855957,25.10742950439453,0.9975725412368774
0.0,0.0,0.0,,Schreiben,205,,8.058248519897461,7.129507541656494,23.369234085083008,0.16933222115039825,0.11387844383716583,0.2302984595298767,unknown,11.101855278015137,8.426767349243164,25.52996063232422,0.8380371928215027
0.0,0.0,0.0,,Schreiben,207,,7.900785446166992,6.964045524597168,24.19888687133789,0.16891443729400635,0.11364319175481796,0.22946611046791077,unknown,10.3363037109375,8.328665733337402,25.892236709594727,
0.0,0.0,0.0,15.793301582336426,Schwach,138,382.212890625,5.772890567779541,4.261011600494385,16.10382652282715,0.16797800362110138,0.11421685665845871,0.23523013293743134,unknown,7.056134223937988,7.611591815948486,24.279897689819336,0.11596541106700897
0.0,0.0,0.0,9.755982398986816,Schwach,140,4139.0908203125,5.957695007324219,4.346383094787598,18.120407104492188,0.16635288298130035,0.11496084928512573,0.23605279624462128,unknown,7.442153453826904,7.477132797241211,23.203813552856445,1.0824558734893799
0.0,0.0,0.0,266.3689880371094,Schwach,142,9672.0830078125,5.568403720855713,4.367108345031738,16.100736618041992,0.16229625046253204,0.10817531496286392,0.23221202194690704,unknown,7.012269496917725,7.084323883056641,22.428354263305664,0.44836482405662537
0.0,0.0,0.0,378.43902587890625,Schwach,144,6613.97265625,5.826227188110352,4.364843368530273,17.897098541259766,0.1640382558107376,0.1154361143708229,0.23559361696243286,unknown,6.879780292510986,7.206390857696533,21.62310218811035,18.199138641357422
0.0,0.0,0.0,62.6652717590332,Schwach,146,2978.37841796875,5.750117301940918,4.735228538513184,18.645526885986328,0.1641368567943573,0.11518723517656326,0.23714715242385864,unknown,6.7980194091796875,7.829370975494385,20.76409149169922,7.0306830406188965
0.0,0.0,0.0,260.81573486328125,Schwach,148,6440.85205078125,5.873454570770264,5.025755405426025,14.459036827087402,0.16068732738494873,0.10352307558059692,0.23070712387561798,unknown,7.358899116516113,8.635375022888184,20.594654083251953,2.881527900695801
0.0,0.0,0.0,168.59259033203125,Schwach,150,3085.16943359375,7.266491413116455,4.973802089691162,17.631147384643555,0.16469861567020416,0.10155486315488815,0.23185212910175323,unknown,8.474858283996582,8.992894172668457,25.40422248840332,14.518437385559082
0.0,0.0,0.0,37.45065689086914,Schwach,152,759.3348999023438,8.736729621887207,4.674966335296631,27.515207290649414,0.20766504108905792,0.10029854625463486,0.23720958828926086,unknown,10.643594741821289,9.890226364135742,43.73889923095703,3.2841930389404297
0.0,0.0,0.0,13.849493980407715,Schwach,154,223.6342315673828,6.827534198760986,6.1722235679626465,27.500112533569336,0.1855754405260086,0.1293746680021286,0.23996055126190186,unknown,10.477165222167969,15.533666610717773,46.4878044128418,5.749380588531494
0.0,0.0,1.0,25.9722843170166,Schwach,156,684.1710815429688,6.882238864898682,7.226704120635986,26.384580612182617,0.30667635798454285,0.12547624111175537,0.24278205633163452,unknown,18.062210083007812,15.395954132080078,46.88175964355469,4.933406352996826
0.0,1.0,1.0,69.86739349365234,Schwach,158,996.8136596679688,9.4019775390625,4.856269359588623,25.128572463989258,0.31416863203048706,0.2535194158554077,0.24972179532051086,unknown,20.16952896118164,13.934630393981934,45.6644287109375,3.2225775718688965
0.0,1.0,1.0,5.327934741973877,Schwach,160,807.9288940429688,10.536209106445312,4.815648078918457,25.60639190673828,0.315628319978714,0.2464979887008667,0.24792441725730896,unknown,25.954097747802734,12.757014274597168,48.46125030517578,1.437100887298584
0.0,1.0,1.0,57.20122528076172,Schwach,162,1499.4503173828125,8.759257316589355,4.636054039001465,23.620445251464844,0.3153453469276428,0.24437524378299713,0.24696345627307892,unknown,22.909961700439453,10.145598411560059,46.9534797668457,1.684850811958313
0.0,0.0,1.0,42.78648376464844,Schwach,164,488.5938415527344,6.127702236175537,4.686038494110107,27.253204345703125,0.3115922212600708,0.12541809678077698,0.24336476624011993,unknown,15.21863842010498,15.265633583068848,52.27802276611328,5.483548641204834
0.0,0.0,0.0,10.402233123779297,Schwach,166,942.8814086914062,7.15225076675415,4.452879428863525,26.837261199951172,0.19115211069583893,0.1287650316953659,0.23778516054153442,unknown,12.819316864013672,13.513585090637207,51.73405075073242,2.640092134475708
0.0,0.0,0.0,52.524742126464844,Schwach,168,457.2628173828125,8.463166236877441,5.2233428955078125,29.015073776245117,0.194675475358963,0.1323687732219696,0.237436443567276,unknown,12.590982437133789,14.869377136230469,55.983604431152344,1.9550259113311768
0.0,0.0,0.0,22.645721435546875,Schwach,170,1860.5640869140625,9.219608306884766,4.323817729949951,29.925777435302734,0.1869179755449295,0.12379476428031921,0.23635166883468628,unknown,12.527205467224121,13.040234565734863,57.49848937988281,5.44920539855957
0.0,0.0,0.0,101.57784271240234,Schwach,172,2562.93017578125,8.42029094696045,4.785883903503418,23.06369400024414,0.1808478832244873,0.10166852176189423,0.23409584164619446,unknown,10.333436965942383,11.268574714660645,42.73347473144531,6.942500591278076
0.0,0.0,0.0,69.28767395019531,Schwach,174,2543.706298828125,7.879672527313232,4.779935359954834,22.503803253173828,0.17553143203258514,0.09805307537317276,0.23237602412700653,unknown,10.36002254486084,11.035491943359375,37.882568359375,0.17470324039459229
0.0,0.0,0.0,100.29412841796875,Schwach,176,85.57930755615234,7.965875625610352,4.768978595733643,22.528905868530273,0.1748712658882141,0.09624478965997696,0.23241908848285675,unknown,9.628443717956543,11.300108909606934,37.36041259765625,4.7897748947143555
0.0,0.0,0.0,100.00126647949219,Schwach,178,4299.9580078125,7.543814659118652,5.215487957000732,25.13268280029297,0.1838844120502472,0.09591993689537048,0.23226499557495117,unknown,10.019831657409668,11.263707160949707,41.79338073730469,1.8970844745635986
0.0,0.0,0.0,186.6656494140625,Schwach,180,4591.72119140625,8.364493370056152,4.448813438415527,25.98114585876465,0.19132904708385468,0.09802565723657608,0.2340528815984726,unknown,10.364035606384277,10.219415664672852,42.63087463378906,8.562272071838379
0.0,0.0,0.0,119.45232391357422,Schwach,182,,8.541028022766113,4.347477912902832,28.283466339111328,0.19804348051548004,0.09614024311304092,0.2342229187488556,unknown,10.892354011535645,11.1144437789917,48.817054748535156,3.8821861743927
0.0,0.0,0.0,,Schwach,184,,8.970519065856934,4.119381427764893,27.907907485961914,0.201383575797081,0.097725048661232,0.2361382246017456,unknown,11.681589126586914,11.280694007873535,48.67926788330078,4.081606864929199
0.0,0.0,0.0,,Schwach,186,,9.35822868347168,4.187324047088623,29.280529022216797,0.21231234073638916,0.09731623530387878,0.2381724864244461,unknown,11.65237045288086,11.426004409790039,45.6177864074707,
0.0,1.0,1.0,41.766868591308594,Schwer,157,180.371826171875,8.68881893157959,13.255826950073242,25.83448600769043,0.34040454030036926,0.2686193585395813,0.25334984064102173,unknown,11.690424919128418,17.42042350769043,48.32612228393555,2.202666759490967
0.0,1.0,1.0,41.2844352722168,Schwer,159,800.83837890625,10.32576847076416,13.819191932678223,23.887386322021484,0.32926565408706665,0.25868165493011475,0.25354135036468506,unknown,16.821331024169922,18.91761016845703,43.8293342590332,0.5978923439979553
0.0,1.0,1.0,12.226966857910156,Schwer,161,552.2145385742188,14.052434921264648,13.94648551940918,24.908693313598633,0.318574994802475,0.2664840817451477,0.25849443674087524,unknown,20.805042266845703,18.792030334472656,31.494081497192383,3.3302550315856934
0.0,1.0,1.0,48.75859832763672,Schwer,163,796.47900390625,9.004267692565918,14.886882781982422,22.291282653808594,0.331720769405365,0.25993162393569946,0.253337562084198,unknown,12.380701065063477,19.726118087768555,34.486717224121094,2.529956579208374
0.0,1.0,1.0,6.13991641998291,Schwer,165,2196.730712890625,9.230427742004395,15.328967094421387,21.457576751708984,0.3255792260169983,0.25515666604042053,0.24954122304916382,unknown,12.449361801147461,20.923616409301758,35.53180694580078,0.7383981347084045
0.0,1.0,1.0,150.53562927246094,Schwer,167,6134.12841796875,10.222471237182617,15.168145179748535,23.242687225341797,0.3304314613342285,0.26055043935775757,0.25086984038352966,unknown,13.685420036315918,20.78110122680664,37.6842041015625,0.4799657166004181
0.0,1.0,1.0,258.4358825683594,Schwer,169,5988.57666015625,7.504335880279541,9.551164627075195,22.929447174072266,0.19400286674499512,0.26099058985710144,0.24417060613632202,unknown,11.75599193572998,13.26326847076416,35.3626708984375,9.596952438354492
0.0,0.0,0.0,140.8345947265625,Schwer,171,248.17274475097656,7.968878269195557,9.204188346862793,28.030101776123047,0.21588782966136932,0.1365736722946167,0.23928187787532806,unknown,11.180477142333984,12.163192749023438,48.0443115234375,7.636073589324951
0.0,1.0,1.0,152.8575439453125,Schwer,173,5837.15625,8.001127243041992,10.395857810974121,28.185226440429688,0.20676927268505096,0.1373233199119568,0.2450592815876007,unknown,10.834051132202148,12.297574043273926,39.01637649536133,1.7642337083816528
0.0,0.0,0.0,236.3029327392578,Schwer,175,890.7803344726562,8.085230827331543,12.096957206726074,19.370147705078125,0.1711423695087433,0.11697620153427124,0.2363756000995636,unknown,9.618131637573242,13.761802673339844,22.044647216796875,11.9383544921875
0.0,0.0,0.0,179.66714477539062,Schwer,177,9262.0263671875,9.54477310180664,11.421213150024414,20.93177032470703,0.1684683859348297,0.11606549471616745,0.238142192363739,unknown,10.444705963134766,12.915059089660645,21.246183395385742,3.8192455768585205
0.0,0.0,0.0,437.859619140625,Schwer,179,6229.240234375,9.810148239135742,11.067307472229004,18.048961639404297,0.16111990809440613,0.10699456930160522,0.22958430647850037,unknown,11.290096282958984,12.959758758544922,23.4818058013916,15.773903846740723
0.0,0.0,0.0,24.010452270507812,Schwer,181,7009.5263671875,10.104253768920898,11.435111045837402,21.343273162841797,0.17414672672748566,0.1142706647515297,0.2364519089460373,unknown,11.885892868041992,13.249940872192383,24.331268310546875,13.416916847229004
0.0,0.0,0.0,444.4097900390625,Schwer,183,9378.7099609375,11.572310447692871,12.597480773925781,24.083242416381836,0.17793209850788116,0.11925271153450012,0.23896907269954681,unknown,13.927188873291016,15.069269180297852,24.92621421813965,14.935027122497559
0.0,0.0,0.0,180.85121154785156,Schwer,185,1346.587158203125,11.670804023742676,13.312336921691895,23.98517417907715,0.1635214239358902,0.10570845007896423,0.2332855761051178,unknown,13.925893783569336,16.029075622558594,25.248010635375977,14.693493843078613
0.0,0.0,0.0,270.18096923828125,Schwer,187,8418.83984375,11.850401878356934,13.048026084899902,22.286663055419922,0.16461250185966492,0.10549566149711609,0.23351271450519562,unknown,14.029449462890625,15.76262378692627,23.277612686157227,2.645397186279297
0.0,0.0,0.0,291.076904296875,Schwer,189,6394.5068359375,11.776677131652832,13.29509449005127,22.551456451416016,0.16116996109485626,0.10691507905721664,0.2338002473115921,unknown,13.89464282989502,16.048423767089844,23.472023010253906,15.370471954345703
0.0,0.0,0.0,135.29635620117188,Schwer,191,5534.13134765625,11.957413673400879,13.155786514282227,20.82933807373047,0.16282889246940613,0.10597909241914749,0.23078110814094543,unknown,14.375072479248047,16.093528747558594,23.243568420410156,4.0393218994140625
0.0,0.0,0.0,233.678955078125,Schwer,193,,11.680253028869629,13.137710571289062,19.454734802246094,0.1634002923965454,0.1046157106757164,0.23043204843997955,unknown,13.299235343933105,15.877180099487305,23.406402587890625,4.980502128601074
0.0,0.0,0.0,,Schwer,195,,11.732048988342285,13.103326797485352,21.525373458862305,0.1640332043170929,0.10719199478626251,0.2324916422367096,unknown,14.092730522155762,15.951449394226074,23.13300323486328,10.600465774536133
0.0,0.0,0.0,,Schwer,197,,11.603551864624023,13.029733657836914,22.003629684448242,0.16389144957065582,0.10683374851942062,0.23225730657577515,unknown,13.555821418762207,15.823884010314941,23.94063949584961,
0.0,0.0,0.0,105.19754791259766,Sonne,148,204.2587890625,6.2976884841918945,7.45294713973999,35.530242919921875,0.28819239139556885,0.11098643392324448,0.23778176307678223,unknown,48.05739212036133,12.15925121307373,46.012996673583984,0.9007238745689392
0.0,0.0,0.0,100.52469635009766,Sonne,150,8611.2021484375,6.304227828979492,7.428028583526611,44.73727035522461,0.2872038185596466,0.11667537689208984,0.23764380812644958,unknown,54.94636154174805,12.177213668823242,53.22802734375,6.7844719886779785
0.0,0.0,0.0,473.7870788574219,Sonne,152,12620.7939453125,6.799836158752441,7.959431171417236,45.153778076171875,0.28714945912361145,0.10730328410863876,0.2365611046552658,unknown,53.47490692138672,12.52078628540039,53.36854553222656,13.469950675964355
0.0,0.0,0.0,367.93511962890625,Sonne,154,8176.09765625,6.872021675109863,7.751572608947754,38.398094177246094,0.2893775403499603,0.1111004576086998,0.23660993576049805,unknown,50.43876266479492,12.238944053649902,46.79522705078125,18.128341674804688
0.0,0.0,0.0,177.3152313232422,Sonne,156,2585.938232421875,7.291402816772461,7.908174991607666,25.90253448486328,0.28547874093055725,0.1131100058555603,0.23636527359485626,unknown,32.52695846557617,12.314474105834961,35.19825744628906,6.446028232574463
0.0,0.0,0.0,10.037042617797852,Sonne,158,630.8087768554688,6.752012729644775,6.974640369415283,51.577762603759766,0.2873154878616333,0.10322507470846176,0.23469191789627075,unknown,63.0196647644043,11.352063179016113,57.382667541503906,5.396538257598877
0.0,0.0,0.0,34.465667724609375,Sonne,160,440.31036376953125,7.371208190917969,7.083970069885254,42.02193832397461,0.2854200601577759,0.10050582885742188,0.23465880751609802,unknown,57.40955352783203,9.756807327270508,50.580772399902344,5.759770393371582
0.0,0.0,0.0,54.561222076416016,Sonne,162,1241.5650634765625,6.8150482177734375,11.818939208984375,37.34564971923828,0.2960129678249359,0.09917638450860977,0.23340480029582977,unknown,50.068111419677734,14.441963195800781,43.98635482788086,3.639397621154785
0.0,0.0,0.0,30.53217315673828,Sonne,164,1851.7901611328125,7.108380317687988,11.507017135620117,32.78462219238281,0.2880341410636902,0.10675258189439774,0.23405833542346954,unknown,44.40528869628906,13.786642074584961,40.64551544189453,0.6056951284408569
0.0,0.0,0.0,96.39952087402344,Sonne,166,1663.01220703125,6.715763568878174,12.234124183654785,45.8948974609375,0.2952677607536316,0.10944923013448715,0.23581771552562714,unknown,58.945682525634766,15.833782196044922,52.671138763427734,1.732759952545166
0.0,0.0,0.0,17.726947784423828,Sonne,168,499.6262512207031,8.153800964355469,11.688231468200684,38.579959869384766,0.2814033627510071,0.11189474165439606,0.23352406919002533,unknown,44.41874694824219,14.462759971618652,43.477516174316406,4.749244689941406
0.0,0.0,0.0,15.643607139587402,Sonne,170,789.1121215820312,6.39297342300415,12.018022537231445,46.090843200683594,0.28122562170028687,0.10753487795591354,0.2325500100851059,unknown,53.069828033447266,16.235166549682617,51.162139892578125,3.92225980758667
0.0,0.0,0.0,39.57373046875,Sonne,172,79.96315002441406,8.12685489654541,11.80980110168457,38.33356857299805,0.2831496000289917,0.10438989847898483,0.23258903622627258,unknown,49.866355895996094,15.743885040283203,43.15021896362305,4.714538097381592
0.0,0.0,0.0,35.36450958251953,Sonne,174,524.3576049804688,6.458792686462402,11.627128601074219,40.80351257324219,0.28500109910964966,0.10079432278871536,0.23302748799324036,unknown,49.81403350830078,15.499526023864746,48.572509765625,2.0778605937957764
0.0,0.0,0.0,3.048842668533325,Sonne,176,466.6307067871094,6.377681255340576,11.830164909362793,42.24031066894531,0.2796277105808258,0.1033320501446724,0.2318921536207199,unknown,53.92938232421875,15.669048309326172,49.82365798950195,0.302644819021225
0.0,0.0,0.0,31.254846572875977,Sonne,178,1288.4000244140625,6.871787071228027,11.85538387298584,43.026344299316406,0.27754393219947815,0.10566448420286179,0.23197735846042633,unknown,57.877262115478516,15.50053596496582,50.2464599609375,0.33016127347946167
0.0,0.0,0.0,54.689640045166016,Sonne,180,1636.123291015625,6.2158355712890625,11.83769416809082,45.08702087402344,0.2779148817062378,0.1037004366517067,0.2324526309967041,unknown,54.425025939941406,15.693564414978027,54.03087615966797,2.3368616104125977
0.0,0.0,0.0,54.39558410644531,Sonne,182,1124.059326171875,8.535626411437988,11.724327087402344,30.724851608276367,0.27864986658096313,0.10430540889501572,0.2316647619009018,unknown,39.82968521118164,15.93739128112793,39.49013137817383,1.3473875522613525
0.0,0.0,0.0,121.4220962524414,Sonne,184,6462.82958984375,5.7880330085754395,11.94835090637207,45.7381591796875,0.2757619023323059,0.10544909536838531,0.23194506764411926,unknown,60.553531646728516,15.549654960632324,53.17567825317383,2.323928117752075
0.0,0.0,0.0,309.915283203125,Sonne,186,9066.7470703125,6.92034912109375,12.501168251037598,33.45183181762695,0.27820953726768494,0.10712779313325882,0.23171263933181763,unknown,45.13966751098633,15.794509887695312,40.06492233276367,10.308794975280762
0.0,0.0,0.0,294.6901550292969,Sonne,188,7058.63134765625,7.001933574676514,12.812756538391113,32.01645278930664,0.2811868190765381,0.10550349950790405,0.23231005668640137,unknown,41.54606628417969,17.011220932006836,37.355411529541016,10.365700721740723
0.0,0.0,0.0,176.1910400390625,Sonne,190,3795.408447265625,6.248992443084717,12.995712280273438,49.85125732421875,0.2815994322299957,0.10612588375806808,0.23257598280906677,unknown,62.136253356933594,16.475833892822266,55.69770812988281,9.281461715698242
0.0,0.0,0.0,78.07237243652344,Sonne,192,,7.590905666351318,12.86323356628418,30.87453269958496,0.2853449583053589,0.10720925778150558,0.23269431293010712,unknown,39.06315231323242,16.730295181274414,36.41042709350586,2.5644078254699707
0.0,0.0,0.0,,Sonne,194,,6.130466938018799,12.770614624023438,49.4288215637207,0.2841309607028961,0.1111149936914444,0.23282666504383087,unknown,60.22190856933594,16.088109970092773,54.64974594116211,2.6488609313964844
0.0,0.0,0.0,,Sonne,196,,7.23227596282959,12.775718688964844,32.702518463134766,0.2886234521865845,0.1105041429400444,0.23371116816997528,unknown,42.15946960449219,16.169523239135742,40.07689666748047,
0.0,0.0,1.0,83.0743637084961,Sorry,144,1103.203857421875,9.114083290100098,11.743246078491211,50.19190979003906,0.3143715262413025,0.10250940918922424,0.24208900332450867,unknown,47.62689208984375,17.34902572631836,65.57018280029297,6.742837429046631
0.0,0.0,1.0,147.65673828125,Sorry,146,1917.71533203125,11.678370475769043,13.149459838867188,39.83879089355469,0.31902697682380676,0.10559366643428802,0.24696406722068787,unknown,33.627784729003906,18.961462020874023,54.800296783447266,1.4971482753753662
0.0,0.0,1.0,30.970184326171875,Sorry,148,2532.932373046875,9.741018295288086,14.633705139160156,51.085357666015625,0.3419964611530304,0.10450174659490585,0.24420756101608276,unknown,47.23640060424805,18.969539642333984,65.71542358398438,8.384676933288574
0.0,0.0,1.0,145.2107391357422,Sorry,150,2053.8740234375,10.123653411865234,16.638879776000977,42.026573181152344,0.3421626389026642,0.11390861123800278,0.24782977998256683,unknown,36.53045654296875,21.96297836303711,56.13534164428711,9.852126121520996
0.0,0.0,1.0,8.874175071716309,Sorry,152,446.6545104980469,9.775113105773926,16.597043991088867,43.40187072753906,0.35348209738731384,0.10786967724561691,0.24288581311702728,unknown,43.38414764404297,19.892452239990234,59.3193473815918,0.3119764029979706
0.0,0.0,1.0,38.045406341552734,Sorry,154,1395.975341796875,10.210063934326172,12.728432655334473,51.27797317504883,0.35392624139785767,0.1053515151143074,0.24415290355682373,unknown,49.9048957824707,18.611764907836914,66.13959503173828,0.40074601769447327
0.0,0.0,1.0,130.41041564941406,Sorry,156,3818.5244140625,9.920160293579102,11.539389610290527,53.53244400024414,0.36948925256729126,0.10597909986972809,0.2466859370470047,unknown,47.21583938598633,17.266862869262695,70.12773132324219,2.911593437194824
0.0,0.0,1.0,124.21239471435547,Sorry,158,1070.8095703125,9.929573059082031,11.019272804260254,49.22930145263672,0.3609941601753235,0.1065717414021492,0.2415744513273239,unknown,43.62544631958008,15.753165245056152,61.93684768676758,11.590291023254395
0.0,0.0,1.0,55.916648864746094,Sorry,160,234.1529083251953,10.382568359375,10.333917617797852,55.37126159667969,0.36728817224502563,0.10410124808549881,0.24128808081150055,unknown,44.44710922241211,15.480297088623047,67.22599029541016,3.370922088623047
0.0,0.0,0.0,52.77002716064453,Sorry,162,3031.85888671875,10.67738151550293,10.596593856811523,51.938358306884766,0.3450995981693268,0.09993262588977814,0.23602330684661865,unknown,41.27899169921875,14.664064407348633,64.31535339355469,0.5920512080192566
0.0,0.0,1.0,150.3050994873047,Sorry,164,3682.773193359375,9.63377571105957,11.835380554199219,51.04548645019531,0.34123820066452026,0.10678338259458542,0.24218212068080902,unknown,45.616050720214844,16.65816307067871,64.47437286376953,3.815244197845459
0.0,0.0,1.0,95.48188781738281,Sorry,166,1581.252685546875,9.264907836914062,12.6906099319458,59.60779571533203,0.35584235191345215,0.10397493839263916,0.2461889535188675,unknown,53.10606384277344,17.457931518554688,71.5543441772461,6.230900764465332
0.0,0.0,1.0,11.47861099243164,Sorry,168,314.4644470214844,11.513949394226074,12.12110710144043,56.902835845947266,0.34321901202201843,0.10681705921888351,0.2429651916027069,unknown,47.73411178588867,15.708165168762207,66.79805755615234,0.3669738173484802
0.0,0.0,1.0,11.054536819458008,Sorry,170,4026.14013671875,9.493050575256348,10.318955421447754,60.86125183105469,0.364199697971344,0.1046859472990036,0.2472001165151596,unknown,49.1072883605957,15.889801025390625,75.49978637695312,0.6300632357597351
0.0,0.0,1.0,274.3878479003906,Sorry,172,8064.986328125,9.696306228637695,10.914924621582031,67.82366943359375,0.347811222076416,0.10348644107580185,0.24193896353244781,unknown,65.17102813720703,14.323346138000488,78.51309967041016,0.33841320872306824
1.0,0.0,1.0,263.3043212890625,Sorry,174,204.6682586669922,10.3383207321167,13.431475639343262,62.67539978027344,0.3747057020664215,0.10458191484212875,0.24785177409648895,unknown,49.392601013183594,17.414405822753906,79.3468017578125,18.185035705566406
0.0,0.0,1.0,256.71148681640625,Sorry,176,7566.478515625,10.205328941345215,14.373998641967773,51.5113525390625,0.3641097843647003,0.10334984958171844,0.24045120179653168,unknown,43.344120025634766,17.759601593017578,65.22303771972656,0.6359902024269104
0.0,0.0,0.0,247.7871551513672,Sorry,178,3536.0205078125,10.030625343322754,14.26295280456543,49.88653564453125,0.36189913749694824,0.1011832058429718,0.24030470848083496,unknown,44.368072509765625,17.50660514831543,62.67741394042969,16.48251724243164
0.0,0.0,0.0,15.10605239868164,Sorry,180,323.7085876464844,9.335224151611328,13.07728099822998,63.388893127441406,0.3603096902370453,0.09767735004425049,0.23714053630828857,unknown,57.350120544433594,15.50717830657959,75.16210174560547,0.47418779134750366
0.0,0.0,1.0,9.3998384475708,Sorry,182,240.94020080566406,10.81866455078125,12.321969985961914,62.77036666870117,0.3584763705730438,0.10886207967996597,0.2456628382205963,unknown,54.199913024902344,16.69595718383789,75.38008880615234,0.8663023710250854
1.0,0.0,1.0,8.865702629089355,Sorry,184,276.1766662597656,11.042465209960938,11.832664489746094,61.91626739501953,0.37550878524780273,0.10195489972829819,0.24466857314109802,unknown,46.70992660522461,16.698001861572266,76.74605560302734,0.6000679135322571
0.0,0.0,0.0,14.395112991333008,Sorry,186,158.9586639404297,8.65699577331543,9.774049758911133,64.80030059814453,0.3558056950569153,0.10065736621618271,0.23769500851631165,unknown,59.69401550292969,13.87734603881836,74.94548797607422,0.5538201928138733
0.0,0.0,1.0,11.333101272583008,Sorry,188,1636.0938720703125,9.877540588378906,9.427495956420898,56.48075866699219,0.35933274030685425,0.10316264629364014,0.2429780215024948,unknown,50.88009262084961,14.860182762145996,68.76435852050781,0.5374123454093933
0.0,0.0,0.0,98.31596374511719,Sorry,190,,10.223100662231445,10.459762573242188,53.76320266723633,0.3617657423019409,0.10149939358234406,0.24024814367294312,unknown,42.36909866333008,14.82894515991211,65.62926483154297,1.137696623802185
0.0,0.0,1.0,,Sorry,192,,10.894539833068848,11.490876197814941,51.143592834472656,0.36397719383239746,0.10848204791545868,0.24252289533615112,unknown,39.5416145324707,15.165843963623047,60.7756233215332,5.4387431144714355
0.0,0.0,0.0,,Sorry,194,,10.216924667358398,15.857049942016602,49.125789642333984,0.35569244623184204,0.10537968575954437,0.23902921378612518,unknown,44.34893798828125,19.201581954956055,58.694087982177734,
0.0,0.0,1.0,116.46578216552734,SparenSparsam,133,2818.98291015625,8.087592124938965,10.521583557128906,23.44013214111328,0.18429581820964813,0.12568078935146332,0.24047206342220306,unknown,12.779788970947266,11.115412712097168,24.82579803466797,13.396810531616211
0.0,0.0,0.0,304.23663330078125,SparenSparsam,135,6461.1357421875,8.039936065673828,9.972293853759766,20.950281143188477,0.17770791053771973,0.12265008687973022,0.237385556101799,unknown,12.260626792907715,10.407915115356445,22.547727584838867,5.6414265632629395
0.0,0.0,0.0,126.5641860961914,SparenSparsam,137,1170.4034423828125,7.623290538787842,9.952705383300781,21.41883087158203,0.18276359140872955,0.12414497137069702,0.23686610162258148,unknown,10.699312210083008,10.702035903930664,22.695293426513672,14.64539909362793
0.0,0.0,1.0,203.474365234375,SparenSparsam,139,3067.61181640625,8.635275840759277,8.92358684539795,24.310585021972656,0.1885921061038971,0.13085317611694336,0.24180647730827332,unknown,12.102914810180664,9.801148414611816,25.387283325195312,6.2205729484558105
0.0,0.0,0.0,3.315058946609497,SparenSparsam,141,1841.4324951171875,9.561528205871582,8.502405166625977,17.814250946044922,0.17684105038642883,0.12191113829612732,0.23759618401527405,unknown,17.48772430419922,10.004446983337402,22.9586181640625,7.345658302307129
0.0,0.0,0.0,123.71531677246094,SparenSparsam,143,852.2078247070312,8.969948768615723,8.62617301940918,21.49180793762207,0.17606402933597565,0.13111752271652222,0.2403518110513687,unknown,12.081530570983887,11.868504524230957,23.314115524291992,7.279433250427246
0.0,0.0,0.0,180.1312255859375,SparenSparsam,145,5533.3564453125,8.054102897644043,8.925646781921387,20.652559280395508,0.1727502942085266,0.12823504209518433,0.23714640736579895,unknown,9.972164154052734,11.505293846130371,24.614343643188477,0.9800985455513
0.0,0.0,0.0,188.7729034423828,SparenSparsam,147,2638.41552734375,7.853962421417236,9.090709686279297,20.237764358520508,0.17154920101165771,0.12362448871135712,0.2392284870147705,unknown,13.627668380737305,10.564207077026367,22.847200393676758,12.972820281982422
0.0,0.0,0.0,17.634647369384766,SparenSparsam,149,482.1716003417969,7.254489898681641,10.198236465454102,20.722213745117188,0.17642803490161896,0.12149877101182938,0.23881827294826508,unknown,10.459809303283691,13.339591026306152,24.120710372924805,0.5100011825561523
0.0,0.0,0.0,14.969042778015137,SparenSparsam,151,111.97991180419922,7.489771842956543,10.109110832214355,17.81403160095215,0.17749933898448944,0.12232960760593414,0.2375018298625946,unknown,19.45355987548828,12.610701560974121,25.503833770751953,0.6698238253593445
0.0,0.0,0.0,10.992897987365723,SparenSparsam,153,1195.061767578125,7.157826900482178,9.808431625366211,20.925628662109375,0.17178405821323395,0.12253326177597046,0.23734183609485626,unknown,10.253381729125977,12.126908302307129,25.371736526489258,0.4497036933898926
0.0,0.0,0.0,90.52687072753906,SparenSparsam,155,3744.925537109375,7.030298709869385,9.110615730285645,21.22422981262207,0.1699184626340866,0.12238442152738571,0.23677925765514374,unknown,9.987738609313965,11.026534080505371,25.33783531188965,1.1685774326324463
0.0,0.0,0.0,159.13870239257812,SparenSparsam,157,2721.581298828125,7.213771820068359,9.436888694763184,22.001628875732422,0.16454845666885376,0.11884712427854538,0.23486487567424774,unknown,9.573827743530273,11.44133472442627,25.76922035217285,7.196695327758789
0.0,0.0,0.0,26.602941513061523,SparenSparsam,159,654.6712646484375,8.83597183227539,8.905993461608887,17.67275619506836,0.15577584505081177,0.11341512203216553,0.23040485382080078,unknown,30.872173309326172,10.483562469482422,33.30544662475586,3.4199516773223877
0.0,0.0,0.0,17.113157272338867,SparenSparsam,161,1494.140869140625,8.356698036193848,8.404528617858887,19.933443069458008,0.16099004447460175,0.11616463959217072,0.23028628528118134,unknown,11.50032901763916,11.857120513916016,29.133010864257812,2.026142120361328
0.0,0.0,0.0,111.29840850830078,SparenSparsam,163,5539.38818359375,9.133925437927246,8.702096939086914,16.59779167175293,0.1657896190881729,0.12056507915258408,0.23217332363128662,unknown,23.697860717773438,11.309505462646484,31.166950225830078,2.816251754760742
0.0,0.0,0.0,258.03021240234375,SparenSparsam,165,4127.2529296875,7.841385841369629,8.66997241973877,16.733137130737305,0.1658540815114975,0.11849941313266754,0.23221656680107117,unknown,13.609169006347656,10.902321815490723,24.230257034301758,10.226181983947754
0.0,0.0,0.0,17.830453872680664,SparenSparsam,167,567.0823974609375,6.699140548706055,8.9041109085083,21.318449020385742,0.1651584804058075,0.12168680131435394,0.23462745547294617,unknown,9.99766731262207,10.664502143859863,24.615333557128906,6.976253509521484
0.0,0.0,0.0,54.31692123413086,SparenSparsam,169,588.7748413085938,7.121754169464111,9.713918685913086,17.341365814208984,0.1664193570613861,0.11658922582864761,0.2337297946214676,unknown,14.091073989868164,13.012303352355957,24.177339553833008,5.841366291046143
0.0,0.0,0.0,16.193614959716797,SparenSparsam,171,903.2899780273438,7.360646724700928,9.656893730163574,17.885204315185547,0.17124298214912415,0.11897505819797516,0.2352532148361206,unknown,11.143816947937012,11.54340648651123,26.303367614746094,2.2273807525634766
0.0,0.0,0.0,44.048038482666016,SparenSparsam,173,2192.165771484375,6.916139125823975,9.507814407348633,16.55486297607422,0.17382878065109253,0.11797482520341873,0.2342137098312378,unknown,13.295785903930664,11.212158203125,26.69655418395996,1.2053189277648926
0.0,0.0,0.0,102.45808410644531,SparenSparsam,175,1801.6920166015625,6.647656440734863,9.245146751403809,20.137920379638672,0.16994710266590118,0.11621053516864777,0.23233196139335632,unknown,9.233499526977539,11.356165885925293,27.33917808532715,4.040124893188477
0.0,0.0,0.0,20.397655487060547,SparenSparsam,177,302.4787292480469,9.193602561950684,8.417677879333496,16.290929794311523,0.16191935539245605,0.11161548644304276,0.2287081927061081,unknown,30.195323944091797,10.08226490020752,31.807649612426758,2.7944419384002686
0.0,0.0,0.0,1.6247282028198242,SparenSparsam,179,138.77529907226562,7.919407367706299,8.73238468170166,19.474822998046875,0.16397704184055328,0.11814835667610168,0.23135650157928467,unknown,11.350470542907715,11.253013610839844,27.461727142333984,1.7065566778182983
0.0,0.0,0.0,8.703770637512207,SparenSparsam,181,228.39427185058594,8.462489128112793,8.939309120178223,16.49151039123535,0.1671271026134491,0.1257227659225464,0.23407697677612305,unknown,14.582474708557129,11.826266288757324,24.23843765258789,1.7151447534561157
0.0,0.0,0.0,7.535423278808594,SparenSparsam,183,1461.2933349609375,8.329748153686523,9.021419525146484,15.591033935546875,0.16815777122974396,0.13204875588417053,0.2338280826807022,unknown,21.327476501464844,12.013046264648438,28.39007568359375,2.0819175243377686
0.0,0.0,0.0,104.84130859375,SparenSparsam,185,,7.209823131561279,9.346790313720703,17.422006607055664,0.17519980669021606,0.13071265816688538,0.23696120083332062,unknown,9.78447437286377,12.410894393920898,23.30257797241211,1.5837332010269165
0.0,0.0,0.0,,SparenSparsam,187,,7.249512672424316,9.925996780395508,20.499658584594727,0.17432016134262085,0.12816323339939117,0.23745888471603394,unknown,8.836045265197754,12.456097602844238,24.692081451416016,5.407778739929199
0.0,0.0,0.0,,SparenSparsam,189,,8.118632316589355,9.781612396240234,16.099220275878906,0.1730068176984787,0.12648120522499084,0.23591995239257812,unknown,12.665742874145508,11.112408638000488,26.71224594116211,
0.0,0.0,0.0,34.58167266845703,Spezial,125,3218.528076171875,9.447300910949707,10.062548637390137,52.80327224731445,0.15974335372447968,0.10115031898021698,0.2327718883752823,unknown,12.029389381408691,12.0452299118042,55.97665023803711,0.896640956401825
0.0,0.0,0.0,180.2998046875,Spezial,127,3278.460693359375,9.7800931930542,9.933762550354004,55.42500686645508,0.15877944231033325,0.10208770632743835,0.2332630604505539,unknown,12.256875991821289,11.556755065917969,58.83292770385742,3.166097640991211
0.0,0.0,0.0,38.381126403808594,Spezial,129,6740.2177734375,9.223676681518555,9.34266185760498,49.58815002441406,0.15632399916648865,0.10045665502548218,0.2303437441587448,unknown,13.616436958312988,11.068984031677246,53.21141052246094,8.858196258544922
0.0,0.0,0.0,487.4909362792969,Spezial,131,18761.265625,9.65382194519043,9.627633094787598,51.306392669677734,0.15883003175258636,0.10085564106702805,0.22946658730506897,unknown,12.360742568969727,11.467320442199707,55.54705047607422,6.314504146575928
0.0,0.0,0.0,763.2681884765625,Spezial,133,15567.8115234375,8.428022384643555,9.514484405517578,44.93968963623047,0.15678848326206207,0.10237746685743332,0.23070098459720612,unknown,11.791748046875,11.138089179992676,49.12884521484375,26.187021255493164
0.0,0.0,0.0,274.6181945800781,Spezial,135,708.3471069335938,7.80744743347168,8.914021492004395,42.09322738647461,0.15575115382671356,0.10098761320114136,0.22681444883346558,unknown,10.607337951660156,10.4867582321167,44.868186950683594,24.697750091552734
0.0,0.0,0.0,229.1731414794922,Spezial,137,6347.0634765625,7.474870204925537,7.090710639953613,31.109315872192383,0.16113586723804474,0.10239693522453308,0.22840768098831177,unknown,11.821524620056152,8.879745483398438,35.40200424194336,6.399018287658691
0.0,0.0,0.0,193.97811889648438,Spezial,139,1728.195068359375,7.34871244430542,7.014070987701416,26.809568405151367,0.16554033756256104,0.10342268645763397,0.22668328881263733,unknown,11.81021499633789,8.908952713012695,29.37732696533203,8.881689071655273
0.0,0.0,0.0,78.86490631103516,Spezial,141,1508.578857421875,6.112093925476074,7.190905570983887,21.128557205200195,0.16715407371520996,0.10617613047361374,0.22622381150722504,unknown,9.353049278259277,9.591465950012207,25.168489456176758,4.052064418792725
0.0,0.0,0.0,21.770893096923828,Spezial,143,173.6790771484375,6.420203685760498,7.338192939758301,18.805418014526367,0.1669827252626419,0.10571254789829254,0.22762325406074524,unknown,9.088979721069336,10.282958984375,22.135597229003906,9.307705879211426
0.0,0.0,0.0,11.175881385803223,Spezial,145,1419.566162109375,6.246469020843506,7.1815338134765625,17.11699104309082,0.16296939551830292,0.10206405818462372,0.22841624915599823,unknown,9.956604957580566,10.988306045532227,19.989356994628906,7.863951683044434
0.0,0.0,0.0,105.40949249267578,Spezial,147,1006.1721801757812,5.886966705322266,7.496120452880859,18.554203033447266,0.16575495898723602,0.103887639939785,0.2299322783946991,unknown,9.507015228271484,11.778021812438965,22.42108154296875,7.14223575592041
0.0,0.0,0.0,38.50078582763672,Spezial,149,414.984375,5.849205493927002,6.9937968254089355,20.24495506286621,0.1641138345003128,0.10382585227489471,0.2293005734682083,unknown,9.474230766296387,11.411446571350098,23.842180252075195,0.1404893398284912
0.0,0.0,0.0,11.62615966796875,Spezial,151,166.1363067626953,5.76038122177124,6.98663854598999,20.065303802490234,0.16515323519706726,0.10537051409482956,0.23161469399929047,unknown,9.996193885803223,11.938069343566895,24.200763702392578,2.4477152824401855
0.0,0.0,0.0,2.4340474605560303,Spezial,153,2669.560546875,6.013056755065918,7.31272029876709,20.84119987487793,0.16385695338249207,0.10589920729398727,0.23088259994983673,unknown,9.161365509033203,11.68993091583252,25.31946563720703,3.1974117755889893
0.0,0.0,0.0,179.2205810546875,Spezial,155,7780.5234375,5.980297088623047,7.3251495361328125,18.66042137145996,0.1646774560213089,0.1047641932964325,0.23037654161453247,unknown,10.108183860778809,11.886018753051758,22.566835403442383,3.280616044998169
0.0,0.0,0.0,339.4815979003906,Spezial,157,6781.51025390625,5.795367240905762,7.187856674194336,18.71254539489746,0.16631391644477844,0.10584885627031326,0.23116855323314667,unknown,9.777039527893066,12.034794807434082,22.951900482177734,15.228069305419922
0.0,0.0,0.0,112.7317886352539,Spezial,159,,6.254730224609375,7.345925807952881,19.874610900878906,0.1661980152130127,0.1051216647028923,0.23153898119926453,unknown,9.543815612792969,11.965778350830078,23.862438201904297,7.404897212982178
0.0,0.0,0.0,,Spezial,161,,6.037505626678467,8.03319263458252,19.28761100769043,0.1648039072751999,0.1046842485666275,0.22932502627372742,unknown,9.95417594909668,13.914898872375488,22.247140884399414,0.33675217628479004
0.0,0.0,0.0,,Spezial,163,,6.295506477355957,7.216296195983887,18.842580795288086,0.16895031929016113,0.10622061789035797,0.23100951313972473,unknown,9.724627494812012,12.646601676940918,21.773488998413086,
0.0,0.0,0.0,93.99950408935547,Tisch,143,83.7081069946289,6.145561695098877,6.864073276519775,19.435039520263672,0.17101164162158966,0.10973503440618515,0.2317776083946228,unknown,10.139543533325195,8.263668060302734,20.829526901245117,3.7492775917053223
0.0,0.0,0.0,98.26571655273438,Tisch,145,3242.434326171875,5.999396324157715,6.817004680633545,19.388399124145508,0.17072871327400208,0.11013295501470566,0.23095695674419403,unknown,11.374552726745605,8.387506484985352,21.313261032104492,2.5199387073516846
0.0,0.0,0.0,117.90892028808594,Tisch,147,6410.62646484375,6.080659866333008,7.058322429656982,17.808685302734375,0.17160849273204803,0.11099255084991455,0.23184005916118622,unknown,11.412054061889648,8.541352272033691,21.753862380981445,9.067496299743652
0.0,0.0,0.0,309.5266418457031,Tisch,149,8396.6728515625,6.4934611320495605,6.912845134735107,18.403060913085938,0.1769326776266098,0.11254015564918518,0.23315314948558807,unknown,10.615522384643555,9.091177940368652,21.11512565612793,1.2270146608352661
0.0,0.0,0.0,250.2686767578125,Tisch,151,7727.830078125,6.823271751403809,6.541421413421631,16.535961151123047,0.18117788434028625,0.11429385095834732,0.23241771757602692,unknown,15.33102798461914,9.25103759765625,21.96040153503418,21.847179412841797
0.0,0.0,0.0,264.93511962890625,Tisch,153,13008.8818359375,6.1055097579956055,6.067968368530273,16.56413459777832,0.18103910982608795,0.11314289271831512,0.22896762192249298,unknown,12.171875,7.653354167938232,22.052993774414062,5.172797203063965
0.0,0.0,0.0,1132.1417236328125,Tisch,155,26160.056640625,4.954863548278809,5.221824645996094,15.181123733520508,0.18596720695495605,0.12233950942754745,0.231453999876976,unknown,11.14670181274414,6.547519683837891,26.498231887817383,22.825532913208008
0.0,0.0,0.0,611.8836059570312,Tisch,157,1838.9783935546875,5.104433536529541,4.474351406097412,15.247800827026367,0.18110060691833496,0.12285633385181427,0.23009364306926727,unknown,7.555797100067139,6.004914283752441,27.269502639770508,98.30105590820312
0.0,0.0,0.0,489.70306396484375,Tisch,159,7254.68798828125,6.904750823974609,4.9575066566467285,16.47940444946289,0.17607896029949188,0.12313172966241837,0.22893527150154114,unknown,9.719338417053223,7.962957859039307,29.57228660583496,57.51158142089844
0.0,0.0,0.0,8.140929222106934,Tisch,161,1478.4073486328125,6.612908363342285,4.537486553192139,15.478544235229492,0.17802470922470093,0.10971931368112564,0.22588331997394562,unknown,11.619690895080566,9.66260814666748,26.00079917907715,24.866600036621094
0.0,0.0,0.0,104.35926818847656,Tisch,163,,6.243227005004883,5.275790214538574,18.036144256591797,0.18428027629852295,0.10899725556373596,0.22688926756381989,unknown,10.512099266052246,11.687761306762695,30.876527786254883,24.45865821838379
0.0,0.0,0.0,,Tisch,165,,6.068032264709473,5.1371660232543945,24.530235290527344,0.19668272137641907,0.12183959037065506,0.23044341802597046,unknown,12.225927352905273,12.948770523071289,34.65084457397461,17.50550651550293
0.0,0.0,0.0,,Tisch,167,,6.154685974121094,5.2908196449279785,21.002504348754883,0.1849984973669052,0.11230574548244476,0.22778834402561188,unknown,12.996947288513184,15.53242015838623,29.004697799682617,
0.0,0.0,0.0,148.7740020751953,Treffen,132,1500.65087890625,11.584342956542969,8.880532264709473,18.418766021728516,0.0,0.0,0.0,unknown,12.585650444030762,10.918559074401855,27.01572036743164,14.47634506225586
0.0,0.0,0.0,248.18089294433594,Treffen,134,7087.19189453125,12.546454429626465,8.687076568603516,15.96667766571045,0.0,0.0,0.0,unknown,13.326497077941895,10.30400562286377,26.703231811523438,4.571812629699707
0.0,0.0,0.0,224.3129119873047,Treffen,136,5139.00244140625,12.849408149719238,9.499711990356445,14.932682991027832,0.0,0.0,0.0,unknown,13.940494537353516,10.281258583068848,23.622278213500977,11.977714538574219
0.0,0.0,0.0,118.33370971679688,Treffen,138,4801.93701171875,12.895517349243164,8.157200813293457,15.364066123962402,0.0,0.0,0.0,unknown,13.90950870513916,8.984047889709473,26.12985610961914,2.9778480529785156
0.0,0.0,0.0,201.82388305664062,Treffen,140,6820.7353515625,11.022443771362305,7.90730094909668,15.701661109924316,0.0,0.0,0.0,unknown,12.532438278198242,8.4287691116333,23.170726776123047,4.912482738494873
0.0,0.0,0.0,252.9282684326172,Treffen,142,6024.2138671875,11.291702270507812,8.025274276733398,17.976097106933594,0.0,0.0,0.0,unknown,13.526021957397461,8.583268165588379,26.587413787841797,8.548358917236328
0.0,0.0,0.0,148.69277954101562,Treffen,144,2576.1064453125,10.625849723815918,8.186345100402832,17.631982803344727,0.0,0.0,0.0,unknown,13.664408683776855,8.471386909484863,24.972719192504883,8.313872337341309
0.0,0.0,0.0,23.172468185424805,Treffen,146,258.2449645996094,10.863960266113281,7.878209590911865,17.579090118408203,0.0,0.0,0.0,unknown,14.294203758239746,8.180100440979004,24.27956199645996,1.601389765739441
0.0,0.0,0.0,8.593045234680176,Treffen,148,1374.1865234375,11.212613105773926,8.085846900939941,19.117868423461914,0.0,0.0,0.0,unknown,14.171082496643066,8.42548656463623,26.76432991027832,0.18467822670936584
0.0,0.0,0.0,84.48696899414062,Treffen,150,4967.4091796875,12.165791511535645,8.929293632507324,16.896047592163086,0.0,0.0,0.0,unknown,15.54407787322998,9.165542602539062,22.14790916442871,0.43973836302757263
0.0,0.0,0.0,246.69757080078125,Treffen,152,6887.0732421875,12.547231674194336,8.604005813598633,14.782185554504395,0.0,0.0,0.0,unknown,15.983160972595215,8.951482772827148,21.89255714416504,5.230056285858154
0.0,0.0,0.0,212.447509765625,Treffen,154,4336.03515625,13.138612747192383,10.546568870544434,15.90813159942627,0.0,0.0,0.0,unknown,15.665550231933594,11.244914054870605,22.83190155029297,11.216963768005371
0.0,0.0,0.0,76.63651275634766,Treffen,156,2153.848388671875,13.079488754272461,9.908358573913574,14.296063423156738,0.0,0.0,0.0,unknown,15.921829223632812,10.625822067260742,20.877286911010742,2.9477152824401855
0.0,0.0,0.0,66.96550750732422,Treffen,158,1348.9766845703125,13.80917739868164,9.661580085754395,15.128085136413574,0.0,0.0,0.0,unknown,15.833929061889648,10.125824928283691,22.26485252380371,2.1621012687683105
0.0,0.0,0.0,22.98710060119629,Treffen,160,567.0554809570312,14.23842716217041,9.904325485229492,15.427562713623047,0.0,0.0,0.0,unknown,16.485923767089844,10.565642356872559,21.00996971130371,2.30478572845459
0.0,0.0,0.0,14.838383674621582,Treffen,162,604.1309204101562,14.223285675048828,9.862127304077148,15.961008071899414,0.0,0.0,0.0,unknown,16.594608306884766,10.407425880432129,21.854597091674805,0.7748599648475647
0.0,0.0,0.0,25.455265045166016,Treffen,164,493.5876770019531,14.119343757629395,9.310672760009766,16.314163208007812,0.0,0.0,0.0,unknown,16.494243621826172,9.885388374328613,19.261005401611328,1.7603734731674194
0.0,0.0,0.0,7.472655773162842,Treffen,166,445.0380554199219,13.795209884643555,9.188780784606934,17.049535751342773,0.0,0.0,0.0,unknown,16.248018264770508,9.851863861083984,18.91782569885254,0.06691698729991913
0.0,0.0,0.0,22.208593368530273,Treffen,168,561.5440673828125,13.581843376159668,9.013957023620605,16.673946380615234,0.0,0.0,0.0,unknown,15.752039909362793,9.659865379333496,18.60965919494629,0.5604869723320007
0.0,0.0,0.0,15.23046875,Treffen,170,91.27178955078125,13.856239318847656,8.920889854431152,16.99237823486328,0.0,0.0,0.0,unknown,16.27602767944336,9.430503845214844,20.93743324279785,0.9204373359680176
0.0,0.0,0.0,9.24180793762207,Treffen,172,500.4883728027344,13.879866600036621,9.115273475646973,17.01367950439453,0.0,0.0,0.0,unknown,16.21695327758789,9.783577919006348,18.961366653442383,0.09658274054527283
0.0,0.0,0.0,24.13353157043457,Treffen,174,559.2765502929688,13.666114807128906,9.088820457458496,16.82084083557129,0.0,0.0,0.0,unknown,15.620237350463867,9.92759895324707,18.695144653320312,0.7102611660957336
0.0,0.0,0.0,13.169775009155273,Treffen,176,260.08392333984375,13.776163101196289,8.98570728302002,16.527130126953125,0.0,0.0,0.0,unknown,15.954609870910645,9.720450401306152,18.649826049804688,0.8993364572525024
0.0,0.0,0.0,4.180232048034668,Treffen,178,34.118038177490234,13.684490203857422,9.04507827758789,16.21164894104004,0.0,0.0,0.0,unknown,15.900838851928711,9.920528411865234,18.62058448791504,0.04537646472454071
0.0,0.0,0.0,2.183483839035034,Treffen,180,760.50537109375,13.79849624633789,8.882688522338867,16.090614318847656,0.0,0.0,0.0,unknown,15.671878814697266,9.682524681091309,19.04147720336914,0.2995595633983612
0.0,0.0,0.0,48.625675201416016,Treffen,182,,13.670888900756836,8.985868453979492,16.543737411499023,0.0,0.0,0.0,unknown,16.127321243286133,9.853008270263672,19.278236389160156,0.4374457895755768
0.0,0.0,0.0,,Treffen,184,,13.083175659179688,9.202662467956543,16.707820892333984,0.0,0.0,0.0,unknown,15.806469917297363,9.88097095489502,18.936447143554688,2.805034875869751
0.0,0.0,0.0,,Treffen,186,,12.849547386169434,8.824061393737793,16.123661041259766,0.0,0.0,0.0,unknown,15.298795700073242,9.715503692626953,18.535388946533203,
0.0,0.0,0.0,331.7313537597656,Vater,151,8584.59765625,10.722235679626465,7.695339202880859,43.64340591430664,0.31272274255752563,0.11547117680311203,0.2365865856409073,unknown,34.29698181152344,12.753284454345703,50.099849700927734,12.867944717407227
1.0,0.0,1.0,240.70872497558594,Vater,153,5841.23876953125,11.685328483581543,7.907958507537842,54.512508392333984,0.39008474349975586,0.11688438057899475,0.24071505665779114,unknown,43.80512619018555,13.53219223022461,62.06988525390625,9.254024505615234
0.0,0.0,0.0,148.7261962890625,Vater,155,2076.474609375,12.733158111572266,7.888936519622803,47.68918228149414,0.3595547080039978,0.11090399324893951,0.23865489661693573,unknown,38.50422668457031,12.189785957336426,55.14533233642578,6.797682762145996
1.0,0.0,0.0,12.422396659851074,Vater,157,2804.447265625,12.478633880615234,7.83015775680542,51.507625579833984,0.39146190881729126,0.11082849651575089,0.23917147517204285,unknown,48.45491027832031,10.4409761428833,61.45621109008789,3.1238460540771484
0.0,0.0,0.0,176.4567108154297,Vater,159,6660.74658203125,11.643684387207031,7.272077560424805,48.22600173950195,0.3667922914028168,0.11158600449562073,0.2391519844532013,unknown,43.18354797363281,9.446720123291016,57.01875686645508,3.814385175704956
0.0,0.0,0.0,267.6259765625,Vater,161,8372.8115234375,12.993143081665039,6.6876912117004395,42.85414123535156,0.3378704786300659,0.10816299915313721,0.23740407824516296,unknown,43.23920440673828,8.297974586486816,49.763916015625,7.952998161315918
1.0,0.0,0.0,290.580322265625,Vater,163,6180.68798828125,11.753971099853516,6.630883693695068,45.96186447143555,0.38422921299934387,0.10514646023511887,0.23922336101531982,unknown,49.601219177246094,8.348124504089355,52.982120513916016,9.890181541442871
1.0,0.0,1.0,121.93498229980469,Vater,165,3291.598876953125,12.578948974609375,5.580207347869873,44.967872619628906,0.39526164531707764,0.10750725865364075,0.24080808460712433,unknown,36.474002838134766,7.7845330238342285,51.58971405029297,9.482963562011719
1.0,0.0,0.0,97.84004211425781,Vater,167,3348.031494140625,12.27908992767334,7.244983673095703,43.91371536254883,0.37569868564605713,0.10333816707134247,0.2375817447900772,unknown,46.090553283691406,8.6377592086792,50.58363723754883,1.519616723060608
0.0,0.0,0.0,126.62613677978516,Vater,169,570.52685546875,12.863228797912598,7.147128582000732,37.94668960571289,0.3592050075531006,0.09898203611373901,0.23592299222946167,unknown,34.28575134277344,9.142319679260254,44.254764556884766,7.817412376403809
0.0,0.0,0.0,90.7698974609375,Vater,171,1893.265380859375,11.759917259216309,7.5866007804870605,42.842288970947266,0.3680708408355713,0.09537304192781448,0.2373037338256836,unknown,42.45273208618164,9.584107398986816,48.908077239990234,0.7140842080116272
0.0,0.0,0.0,36.0244140625,Vater,173,903.7557373046875,12.447247505187988,7.819727897644043,52.365055084228516,0.3434975743293762,0.0955277755856514,0.23622815310955048,unknown,55.75743865966797,9.925662994384766,57.458351135253906,6.646778583526611
0.0,0.0,0.0,94.68327331542969,Vater,175,1909.15771484375,13.926700592041016,7.7248711585998535,45.61975860595703,0.33208122849464417,0.09543018043041229,0.23599953949451447,unknown,43.430450439453125,9.386079788208008,52.38711929321289,4.296387195587158
0.0,0.0,0.0,32.95499038696289,Vater,177,419.37371826171875,14.562673568725586,8.21975040435791,42.841373443603516,0.34190917015075684,0.0955781489610672,0.23496901988983154,unknown,42.60069274902344,9.94560432434082,49.18455505371094,2.043196201324463
0.0,0.0,0.0,58.9636344909668,Vater,179,2651.325927734375,13.512447357177734,7.796972274780273,50.52326202392578,0.3693898618221283,0.09464365988969803,0.23548667132854462,unknown,52.09712600708008,9.91441535949707,57.078548431396484,0.21353787183761597
1.0,0.0,0.0,117.88885498046875,Vater,181,3735.0625,13.554540634155273,7.599545478820801,51.40864562988281,0.3850041925907135,0.09643400460481644,0.2382153421640396,unknown,51.96254348754883,10.2166166305542,58.14472961425781,4.073549747467041
0.0,0.0,0.0,131.28890991210938,Vater,183,3406.070068359375,14.609655380249023,8.112107276916504,49.511722564697266,0.36293095350265503,0.0960749015212059,0.23682801425457,unknown,45.978919982910156,10.866209983825684,56.911495208740234,3.7962796688079834
0.0,0.0,0.0,96.12015533447266,Vater,185,2493.72607421875,12.809613227844238,8.124491691589355,61.01655197143555,0.34840768575668335,0.09465669840574265,0.23736655712127686,unknown,58.948936462402344,11.116374969482422,69.3449478149414,4.964409828186035
0.0,0.0,0.0,70.66847229003906,Vater,187,1801.236083984375,14.889925003051758,8.210086822509766,48.09531784057617,0.3394623398780823,0.09388000518083572,0.23562568426132202,unknown,41.4616584777832,11.774442672729492,55.37651062011719,1.5917410850524902
0.0,0.0,0.0,49.490562438964844,Vater,189,1092.3822021484375,11.487518310546875,8.548078536987305,61.93888854980469,0.3178779184818268,0.0977485254406929,0.2350703328847885,unknown,59.54109191894531,12.128609657287598,72.35897064208984,3.190585136413574
0.0,0.0,0.0,23.817380905151367,Vater,191,1422.2852783203125,14.893031120300293,8.785096168518066,49.18638229370117,0.358241468667984,0.09554407000541687,0.2385912835597992,unknown,42.29383850097656,12.341197967529297,57.22956085205078,0.36601439118385315
1.0,0.0,0.0,73.49845123291016,Vater,193,2410.46337890625,13.688806533813477,8.705375671386719,54.84537887573242,0.38886430859565735,0.09407293796539307,0.238564595580101,unknown,49.17381286621094,13.367026329040527,62.415740966796875,1.387170433998108
0.0,0.0,0.0,87.37294006347656,Vater,195,1236.9703369140625,13.832725524902344,8.72740650177002,53.5874137878418,0.34451690316200256,0.09300477057695389,0.23540076613426208,unknown,49.03520202636719,13.150138854980469,60.4647102355957,3.5615756511688232
1.0,0.0,0.0,9.791814804077148,Vater,197,1379.1988525390625,12.751211166381836,8.781323432922363,61.12793731689453,0.37923720479011536,0.09616953879594803,0.24010096490383148,unknown,55.355037689208984,13.130699157714844,69.11587524414062,2.267451286315918
1.0,0.0,0.0,84.94506072998047,Vater,199,,13.149130821228027,8.904518127441406,52.06595230102539,0.3781249225139618,0.09605088829994202,0.23903104662895203,unknown,43.26895523071289,12.935506820678711,59.3975830078125,2.6756019592285156
0.0,0.0,0.0,,Vater,201,,13.865033149719238,9.106639862060547,55.42451095581055,0.34883126616477966,0.09534702450037003,0.2386004626750946,unknown,47.38905715942383,13.06563949584961,62.44028854370117,3.041486978530884
0.0,0.0,0.0,,Vater,203,,11.024039268493652,9.070645332336426,53.99186325073242,0.33786630630493164,0.09598725289106369,0.23621882498264313,unknown,51.643001556396484,12.6868896484375,62.562705993652344,
0.0,0.0,0.0,605.9990844726562,Verschieden,142,18795.626953125,10.427444458007812,7.202115535736084,15.882572174072266,0.0,0.0,0.0,unknown,16.12006187438965,8.151235580444336,28.496601104736328,15.005605697631836
0.0,0.0,0.0,647.04345703125,Verschieden,144,15363.1611328125,8.787012100219727,8.131085395812988,15.910841941833496,0.0,0.0,0.0,unknown,15.511664390563965,9.536877632141113,27.45823097229004,25.394987106323242
0.0,0.0,0.0,377.1894226074219,Verschieden,146,6397.5791015625,10.03372859954834,7.631873607635498,15.618309020996094,0.0,0.0,0.0,unknown,15.047126770019531,10.147068977355957,24.85602569580078,17.741779327392578
0.0,0.0,0.0,49.63112258911133,Verschieden,148,2451.676025390625,9.726314544677734,8.311699867248535,16.318517684936523,0.0,0.0,0.0,unknown,12.940142631530762,10.24996280670166,24.849735260009766,7.407609462738037
0.0,0.0,0.0,113.95945739746094,Verschieden,150,3383.969970703125,7.828194618225098,9.87368106842041,17.252595901489258,0.0,0.0,0.0,unknown,9.876300811767578,10.459346771240234,26.259033203125,4.126892566680908
0.0,0.0,0.0,111.65896606445312,Verschieden,152,382.1326599121094,7.814110279083252,12.645551681518555,18.42385482788086,0.0,0.0,0.0,unknown,9.712154388427734,12.880149841308594,25.721895217895508,11.70781135559082
0.0,0.0,0.0,86.7142333984375,Verschieden,154,388.0445556640625,7.787102699279785,14.27156925201416,18.045475006103516,0.0,0.0,0.0,unknown,9.181654930114746,15.181482315063477,26.614057540893555,4.2674641609191895
0.0,0.0,0.0,60.92317581176758,Verschieden,156,3201.9404296875,8.234620094299316,14.885008811950684,17.11269187927246,0.0,0.0,0.0,unknown,9.853927612304688,16.077022552490234,26.442285537719727,1.5157495737075806
0.0,0.0,0.0,152.55149841308594,Verschieden,158,4669.71826171875,7.38244104385376,14.71605396270752,15.516170501708984,0.0,0.0,0.0,unknown,9.831464767456055,16.378286361694336,26.495088577270508,5.574896335601807
0.0,0.0,0.0,158.78179931640625,Verschieden,160,3014.52734375,8.779367446899414,15.000730514526367,15.8665771484375,0.0,0.0,0.0,unknown,11.97463607788086,16.635019302368164,26.644622802734375,4.597503185272217
0.0,0.0,0.0,42.7819709777832,Verschieden,162,2752.34765625,7.215039253234863,12.871092796325684,16.631732940673828,0.0,0.0,0.0,unknown,9.832254409790039,14.349653244018555,29.892091751098633,5.98983097076416
0.0,0.0,0.0,224.4377899169922,Verschieden,164,11739.5810546875,8.232348442077637,13.199094772338867,16.380786895751953,0.0,0.0,0.0,unknown,10.257347106933594,14.728418350219727,25.992177963256836,3.2279601097106934
0.0,0.0,0.0,558.2957153320312,Verschieden,166,16208.7080078125,8.308675765991211,12.522154808044434,16.4953556060791,0.0,0.0,0.0,unknown,11.348584175109863,13.36561393737793,25.42498779296875,11.748835563659668
0.0,0.0,0.0,522.3096313476562,Verschieden,168,11281.9921875,8.719998359680176,10.651185035705566,14.964154243469238,0.0,0.0,0.0,unknown,12.44124984741211,11.021441459655762,26.696413040161133,25.472408294677734
0.0,0.0,0.0,229.8869171142578,Verschieden,170,8888.0634765625,9.798201560974121,10.299980163574219,16.811494827270508,0.0,0.0,0.0,unknown,14.888381004333496,10.602141380310059,26.666154861450195,9.352092742919922
0.0,0.0,0.0,362.7046203613281,Verschieden,172,13271.908203125,10.064846992492676,10.162393569946289,15.50225830078125,0.0,0.0,0.0,unknown,15.490716934204102,11.107561111450195,23.633859634399414,5.975420951843262
0.0,0.0,0.0,522.1119384765625,Verschieden,174,15487.2099609375,8.20592975616455,10.765273094177246,15.494546890258789,0.0,0.0,0.0,unknown,13.89018726348877,11.732372283935547,25.826839447021484,18.210893630981445
0.0,0.0,0.0,510.3775329589844,Verschieden,176,13188.83984375,8.558263778686523,11.367011070251465,15.651841163635254,0.0,0.0,0.0,unknown,14.014143943786621,11.792717933654785,24.322998046875,16.597232818603516
0.0,0.0,0.0,368.966064453125,Verschieden,178,7090.2685546875,8.604681968688965,12.671016693115234,16.11888885498047,0.0,0.0,0.0,unknown,11.819768905639648,12.735760688781738,24.20418930053711,17.429550170898438
0.0,0.0,0.0,103.87488555908203,Verschieden,180,1812.286376953125,7.894606113433838,13.039139747619629,15.846488952636719,0.0,0.0,0.0,unknown,10.687873840332031,13.648054122924805,24.976295471191406,7.179841041564941
0.0,0.0,0.0,16.999488830566406,Verschieden,182,2791.71484375,10.48304271697998,14.812813758850098,15.376529693603516,0.0,0.0,0.0,unknown,12.360411643981934,16.01121711730957,25.32798957824707,0.2895866632461548
0.0,0.0,0.0,169.2172088623047,Verschieden,184,5656.37255859375,8.509089469909668,14.379714965820312,14.454282760620117,0.0,0.0,0.0,unknown,11.823427200317383,15.539822578430176,23.621292114257812,1.3877559900283813
0.0,0.0,0.0,207.8844757080078,Verschieden,186,6699.89599609375,9.530341148376465,14.247421264648438,14.807585716247559,0.0,0.0,0.0,unknown,12.931713104248047,15.741951942443848,23.7670955657959,9.896559715270996
0.0,0.0,0.0,238.7860107421875,Verschieden,188,8670.7138671875,9.426162719726562,13.241548538208008,15.708120346069336,0.0,0.0,0.0,unknown,12.376429557800293,14.965760231018066,25.41095733642578,3.9667205810546875
0.0,0.0,0.0,339.30535888671875,Verschieden,190,7497.94921875,8.801386833190918,12.943337440490723,16.290369033813477,0.0,0.0,0.0,unknown,11.003725051879883,14.445711135864258,25.158132553100586,11.954599380493164
0.0,0.0,0.0,160.6477508544922,Verschieden,192,2114.40478515625,8.328383445739746,12.78561019897461,16.068790435791016,0.0,0.0,0.0,unknown,10.906843185424805,14.073620796203613,23.346817016601562,10.669686317443848
0.0,0.0,0.0,20.69240951538086,Verschieden,194,1055.43896484375,9.33063793182373,11.295536041259766,15.547287940979004,0.0,0.0,0.0,unknown,14.445466041564941,11.494659423828125,22.94704818725586,0.255614310503006
0.0,0.0,0.0,50.04341125488281,Verschieden,196,1587.442626953125,8.113046646118164,10.555977821350098,15.724479675292969,0.0,0.0,0.0,unknown,13.746705055236816,10.797513008117676,25.712966918945312,1.3790444135665894
0.0,0.0,0.0,55.925201416015625,Verschieden,198,1972.0775146484375,7.951860427856445,9.670271873474121,16.927745819091797,0.0,0.0,0.0,unknown,15.044424057006836,10.551431655883789,25.27039337158203,1.9662716388702393
0.0,0.0,0.0,187.1927032470703,Verschieden,200,9740.9599609375,8.115433692932129,9.852350234985352,15.689799308776855,0.0,0.0,0.0,unknown,14.716912269592285,10.536334991455078,28.202110290527344,1.7715425491333008
0.0,0.0,0.0,462.2484436035156,Verschieden,202,12618.30078125,17.581613540649414,10.890268325805664,14.935051918029785,0.0,0.0,0.0,unknown,19.733156204223633,11.586727142333984,25.740835189819336,14.236648559570312
0.0,0.0,0.0,378.9999084472656,Verschieden,204,10322.3681640625,8.435647010803223,11.62121868133545,15.497075080871582,0.0,0.0,0.0,unknown,12.600871086120605,11.725751876831055,24.655607223510742,16.581544876098633
0.0,0.0,0.0,309.17193603515625,Verschieden,206,8641.1806640625,8.236988067626953,12.46655559539795,16.26863670349121,0.0,0.0,0.0,unknown,11.500042915344238,12.871378898620605,23.582096099853516,8.687021255493164
0.0,0.0,0.0,266.92681884765625,Verschieden,208,3763.21630859375,8.079476356506348,12.394485473632812,15.63392162322998,0.0,0.0,0.0,unknown,11.450151443481445,13.517402648925781,29.95907211303711,11.930587768554688
0.0,0.0,0.0,16.178455352783203,Verschieden,210,2747.277587890625,8.276683807373047,13.675703048706055,14.83433723449707,0.0,0.0,0.0,unknown,10.774555206298828,14.797029495239258,30.08197784423828,5.865107536315918
0.0,0.0,0.0,167.08982849121094,Verschieden,212,3355.00634765625,8.224800109863281,15.154863357543945,14.570493698120117,0.0,0.0,0.0,unknown,10.982696533203125,17.18048095703125,27.04229736328125,6.935733318328857
0.0,0.0,0.0,56.6954460144043,Verschieden,214,1069.75244140625,8.476216316223145,14.517602920532227,14.806092262268066,0.0,0.0,0.0,unknown,10.96457576751709,16.130786895751953,32.10928726196289,4.207921981811523
0.0,0.0,0.0,16.501768112182617,Verschieden,216,617.2791137695312,8.081583023071289,14.526700019836426,15.016817092895508,0.0,0.0,0.0,unknown,10.518970489501953,16.492366790771484,30.24703598022461,0.5357823371887207
0.0,0.0,0.0,25.559329986572266,Verschieden,218,,9.333428382873535,13.464641571044922,15.157629013061523,0.0,0.0,0.0,unknown,11.868057250976562,15.150073051452637,24.86632537841797,1.3792191743850708
0.0,0.0,0.0,,Verschieden,220,,8.859004020690918,13.962691307067871,15.144442558288574,0.0,0.0,0.0,unknown,11.519989967346191,15.673227310180664,26.18326187133789,0.34386447072029114
0.0,0.0,0.0,,Verschieden,222,,8.696967124938965,13.748888969421387,15.340195655822754,0.0,0.0,0.0,unknown,11.690760612487793,15.215161323547363,28.672466278076172,
0.0,0.0,0.0,291.0247802734375,VorsichtPassAuf,147,3449.87548828125,5.135536193847656,6.420960426330566,42.5898551940918,0.1617637723684311,0.10286055505275726,0.23420104384422302,unknown,7.317677974700928,12.210676193237305,48.74040985107422,24.176105499267578
0.0,0.0,0.0,61.808780670166016,VorsichtPassAuf,149,5738.84326171875,6.306512832641602,6.425041198730469,43.01774597167969,0.15869776904582977,0.10160218179225922,0.22981111705303192,unknown,12.635392189025879,10.499003410339355,47.28141784667969,4.777080535888672
0.0,0.0,0.0,321.08935546875,VorsichtPassAuf,151,10456.3056640625,6.437186241149902,7.41273307800293,39.4992790222168,0.15886695683002472,0.09763623028993607,0.2270936220884323,unknown,11.422619819641113,9.461627006530762,42.604209899902344,0.8237382769584656
0.0,0.0,0.0,376.0353698730469,VorsichtPassAuf,153,7973.97705078125,6.364336013793945,7.2849321365356445,30.3513240814209,0.15724244713783264,0.09698883444070816,0.22722122073173523,unknown,7.097233772277832,8.897785186767578,34.77278137207031,22.090869903564453
0.0,0.0,0.0,155.6458740234375,VorsichtPassAuf,155,3464.37109375,6.592193126678467,7.970807075500488,30.586105346679688,0.15969108045101166,0.0956854522228241,0.22559846937656403,unknown,10.988422393798828,9.474685668945312,32.950374603271484,2.981858730316162
0.0,0.0,0.0,75.4308090209961,VorsichtPassAuf,157,10775.248046875,5.712732791900635,7.797846794128418,17.595142364501953,0.1584889143705368,0.09708742797374725,0.22547458112239838,unknown,8.29080867767334,9.05994987487793,19.627511978149414,7.397954940795898
0.0,0.0,0.0,643.2174682617188,VorsichtPassAuf,159,14559.990234375,6.173890590667725,8.286943435668945,23.298269271850586,0.1572398543357849,0.09581801295280457,0.2260351926088333,unknown,7.8663330078125,9.789093971252441,23.729686737060547,2.398876905441284
0.0,0.0,0.0,327.4506530761719,VorsichtPassAuf,161,2922.3779296875,6.27321720123291,8.414339065551758,14.304174423217773,0.15634164214134216,0.09847765415906906,0.22702573239803314,unknown,9.874490737915039,10.435829162597656,19.03700828552246,45.26897048950195
0.0,0.0,0.0,132.68214416503906,VorsichtPassAuf,163,1031.4814453125,6.977038383483887,8.914715766906738,12.322244644165039,0.1570538580417633,0.09999480098485947,0.22633151710033417,unknown,8.359195709228516,10.643878936767578,20.024141311645508,23.440200805664062
0.0,0.0,0.0,64.02494049072266,VorsichtPassAuf,165,,7.352405071258545,8.985154151916504,13.656662940979004,0.15856145322322845,0.10100112855434418,0.2261093407869339,unknown,8.955867767333984,11.607755661010742,18.83570098876953,14.595335006713867
0.0,0.0,0.0,,VorsichtPassAuf,167,,7.332358360290527,8.803131103515625,14.098226547241211,0.16203728318214417,0.10118165612220764,0.22573916614055634,unknown,8.98898983001709,11.592901229858398,19.758024215698242,10.332967758178711
0.0,0.0,0.0,,VorsichtPassAuf,169,,6.737825870513916,9.113982200622559,13.351052284240723,0.16102346777915955,0.10217145085334778,0.22632735967636108,unknown,8.195240020751953,12.363669395446777,17.555418014526367,
0.0,0.0,0.0,36.10848617553711,Waschen,131,564.31298828125,13.738655090332031,11.473784446716309,19.402812957763672,0.0,0.0,0.0,unknown,15.177074432373047,13.64753532409668,22.090715408325195,3.55391001701355
0.0,0.0,0.0,1.892059564590454,Waschen,133,909.0529174804688,14.600332260131836,11.870101928710938,22.071086883544922,0.0,0.0,0.0,unknown,16.132946014404297,14.208572387695312,25.512958526611328,1.149190902709961
0.0,0.0,0.0,59.10953140258789,Waschen,135,1481.453369140625,14.728049278259277,11.788963317871094,21.816621780395508,0.0,0.0,0.0,unknown,16.238479614257812,14.262529373168945,23.553030014038086,1.246216893196106
0.0,0.0,0.0,39.68762969970703,Waschen,137,1196.1240234375,16.794540405273438,10.501399993896484,22.123788833618164,0.0,0.0,0.0,unknown,18.17164421081543,12.598233222961426,23.8210391998291,2.6948678493499756
0.0,0.0,0.0,40.07586669921875,Waschen,139,457.9203186035156,14.265691757202148,10.470236778259277,23.771015167236328,0.0,0.0,0.0,unknown,15.833971977233887,12.137784004211426,25.468647003173828,0.136299267411232
0.0,0.0,0.0,9.759732246398926,Waschen,141,2375.98583984375,17.901582717895508,10.80959415435791,22.024860382080078,0.0,0.0,0.0,unknown,19.35103988647461,12.194379806518555,23.594074249267578,2.7233693599700928
0.0,0.0,0.0,148.7630615234375,Waschen,143,2833.493408203125,19.509885787963867,12.261211395263672,20.739444732666016,0.0,0.0,0.0,unknown,21.30118179321289,14.053851127624512,21.8536319732666,3.364630699157715
0.0,0.0,0.0,40.16402816772461,Waschen,145,3120.830322265625,18.908063888549805,13.605823516845703,20.4457950592041,0.0,0.0,0.0,unknown,20.392738342285156,15.132377624511719,21.5806941986084,6.553249359130859
0.0,0.0,0.0,248.14601135253906,Waschen,147,8539.546875,19.529247283935547,10.142568588256836,19.294700622558594,0.0,0.0,0.0,unknown,21.68136215209961,11.180900573730469,21.415218353271484,3.879300832748413
0.0,0.0,0.0,321.1658020019531,Waschen,149,6697.58447265625,19.314043045043945,10.514730453491211,20.160884857177734,0.0,0.0,0.0,unknown,20.847665786743164,12.95541763305664,22.483583450317383,12.665766716003418
0.0,0.0,0.0,125.35063934326172,Waschen,151,980.6455688476562,19.18279457092285,12.472810745239258,23.296146392822266,0.0,0.0,0.0,unknown,20.6988468170166,14.1217679977417,25.509740829467773,8.745522499084473
0.0,0.0,0.0,60.294883728027344,Waschen,153,1386.6319580078125,19.299345016479492,12.346322059631348,24.06940460205078,0.0,0.0,0.0,unknown,20.700056076049805,14.251638412475586,26.78097152709961,0.40790995955467224
0.0,0.0,0.0,32.1690559387207,Waschen,155,815.8475952148438,19.756017684936523,11.893701553344727,21.766923904418945,0.0,0.0,0.0,unknown,20.94944953918457,13.540079116821289,24.151941299438477,3.627460241317749
0.0,0.0,0.0,86.41830444335938,Waschen,157,1681.5340576171875,18.913326263427734,12.50538444519043,21.113433837890625,0.0,0.0,0.0,unknown,20.941883087158203,14.464518547058105,22.57097053527832,1.4874199628829956
0.0,0.0,0.0,25.708297729492188,Waschen,159,328.703369140625,18.912275314331055,10.900568008422852,22.37501335144043,0.0,0.0,0.0,unknown,20.0299129486084,13.247692108154297,24.624942779541016,4.275353908538818
0.0,0.0,0.0,47.418209075927734,Waschen,161,576.311767578125,19.3240966796875,12.159282684326172,20.353757858276367,0.0,0.0,0.0,unknown,20.59020233154297,14.387381553649902,21.48891830444336,2.564138412475586
0.0,0.0,0.0,9.217426300048828,Waschen,163,197.5491485595703,18.821908950805664,11.968233108520508,20.539464950561523,0.0,0.0,0.0,unknown,20.432701110839844,13.826760292053223,21.963266372680664,0.5996842980384827
0.0,0.0,0.0,4.556232452392578,Waschen,165,563.2898559570312,18.85870933532715,11.843592643737793,20.77983856201172,0.0,0.0,0.0,unknown,20.39971160888672,13.475984573364258,23.29116439819336,1.2033549547195435
0.0,0.0,0.0,33.957828521728516,Waschen,167,2088.4306640625,19.48564910888672,11.998199462890625,21.339956283569336,0.0,0.0,0.0,unknown,20.682430267333984,13.562110900878906,24.77492332458496,0.9719873666763306
0.0,0.0,0.0,105.29171752929688,Waschen,169,2029.293212890625,19.373014450073242,11.454497337341309,21.285808563232422,0.0,0.0,0.0,unknown,20.659114837646484,12.712909698486328,24.48651885986328,3.230675458908081
0.0,0.0,0.0,30.01188087463379,Waschen,171,70.56050109863281,19.22134017944336,12.114742279052734,21.163362503051758,0.0,0.0,0.0,unknown,20.7883243560791,13.755281448364258,23.717348098754883,3.7891030311584473
0.0,0.0,0.0,25.914033889770508,Waschen,173,754.6746215820312,19.09484100341797,12.573625564575195,20.960792541503906,0.0,0.0,0.0,unknown,20.65898323059082,14.26770305633545,23.636503219604492,1.7905806303024292
0.0,0.0,0.0,24.412324905395508,Waschen,175,1338.4063720703125,18.786272048950195,12.31735610961914,21.822860717773438,0.0,0.0,0.0,unknown,20.453380584716797,14.049707412719727,24.378631591796875,0.15732167661190033
0.0,0.0,0.0,64.84236907958984,Waschen,177,1621.7911376953125,18.977279663085938,11.716094970703125,20.216501235961914,0.0,0.0,0.0,unknown,20.386945724487305,13.434075355529785,21.63492774963379,1.68727445602417
0.0,0.0,0.0,43.27972412109375,Waschen,179,431.8787536621094,18.454078674316406,11.977415084838867,21.54448890686035,0.0,0.0,0.0,unknown,20.085268020629883,13.380616188049316,23.993427276611328,2.636148452758789
0.0,0.0,0.0,14.531682968139648,Waschen,181,294.7718811035156,19.201993942260742,10.822198867797852,20.95051383972168,0.0,0.0,0.0,unknown,20.65671157836914,12.973060607910156,23.650737762451172,0.2502259314060211
0.0,0.0,0.0,5.353207111358643,Waschen,183,,18.678939819335938,10.863008499145508,21.601533889770508,0.0,0.0,0.0,unknown,20.23808479309082,12.968929290771484,24.11913299560547,1.217076301574707
0.0,0.0,0.0,,Waschen,185,,19.273155212402344,10.73342227935791,20.327049255371094,0.0,0.0,0.0,unknown,20.727706909179688,12.76668930053711,21.92378807067871,0.8882232904434204
0.0,0.0,0.0,,Waschen,187,,19.124345779418945,11.057490348815918,19.9367618560791,0.0,0.0,0.0,unknown,20.357332229614258,13.043280601501465,22.641416549682617,
0.0,0.0,0.0,211.1421356201172,Widerspruch,134,3266.156982421875,12.832993507385254,9.982732772827148,17.89141273498535,0.1689002513885498,0.11512063443660736,0.23671934008598328,unknown,14.219624519348145,12.93838882446289,18.002046585083008,9.712658882141113
0.0,0.0,0.0,8.475922584533691,Widerspruch,136,304.1326599121094,13.64876651763916,9.589130401611328,20.925846099853516,0.1628776490688324,0.10528282821178436,0.2335495501756668,unknown,15.729522705078125,11.523384094238281,22.4309024810791,4.371767044067383
0.0,0.0,0.0,25.605451583862305,Widerspruch,138,2503.92578125,12.77798843383789,8.650690078735352,21.998279571533203,0.15375663340091705,0.10150030255317688,0.2306699901819229,unknown,14.699153900146484,10.093233108520508,23.63827133178711,3.935556411743164
0.0,0.0,0.0,191.94166564941406,Widerspruch,140,2437.48486328125,13.540188789367676,7.97809362411499,22.018163681030273,0.15798096358776093,0.10808287560939789,0.2314741015434265,unknown,15.560615539550781,9.077696800231934,26.056772232055664,2.2569141387939453
0.0,0.0,0.0,29.872474670410156,Widerspruch,142,4632.6552734375,14.210856437683105,8.29936695098877,30.062118530273438,0.16340523958206177,0.11179560422897339,0.23567883670330048,unknown,17.891170501708984,8.949922561645508,36.9779052734375,10.542691230773926
0.0,0.0,0.0,279.1575012207031,Widerspruch,144,6388.6875,14.031588554382324,9.856269836425781,22.11581802368164,0.16248831152915955,0.10214891284704208,0.2312396913766861,unknown,17.645692825317383,10.84478759765625,24.081722259521484,12.515835762023926
0.0,0.0,0.0,146.79164123535156,Widerspruch,146,5078.23974609375,13.55225658416748,9.60096263885498,23.86722183227539,0.1588180661201477,0.10145298391580582,0.22881920635700226,unknown,18.098356246948242,10.538254737854004,25.925609588623047,6.096988201141357
0.0,0.0,0.0,191.80030822753906,Widerspruch,148,4596.81689453125,13.917688369750977,8.981522560119629,23.654987335205078,0.16090434789657593,0.11007342487573624,0.23216311633586884,unknown,17.266305923461914,9.5374174118042,25.95414924621582,3.6942050457000732
0.0,0.0,0.0,114.67728424072266,Widerspruch,150,932.6524047851562,14.44021987915039,9.620370864868164,25.342403411865234,0.16386495530605316,0.11458959430456161,0.23224224150180817,unknown,18.76290512084961,10.022528648376465,27.817359924316406,9.095540046691895
0.0,0.0,0.0,52.7440299987793,Widerspruch,152,1161.1748046875,13.854141235351562,10.405327796936035,23.801366806030273,0.16308404505252838,0.10796862095594406,0.23157134652137756,unknown,17.0327091217041,11.01528549194336,26.241897583007812,1.4550668001174927
0.0,0.0,0.0,24.91568946838379,Widerspruch,154,718.6287231445312,13.813156127929688,10.336517333984375,24.27842903137207,0.1621265709400177,0.11408130824565887,0.23218584060668945,unknown,16.94196128845215,11.26519775390625,26.9545841217041,2.06209659576416
0.0,0.0,0.0,23.013530731201172,Widerspruch,156,,14.211864471435547,10.491033554077148,28.578046798706055,0.15979529917240143,0.11679219454526901,0.23282736539840698,unknown,18.453330993652344,11.386245727539062,31.922082901000977,0.44845032691955566
0.0,0.0,0.0,,Widerspruch,158,,13.78866195678711,9.251275062561035,24.136747360229492,0.16066135466098785,0.11557848006486893,0.23152033984661102,unknown,17.017562866210938,10.188042640686035,26.611005783081055,1.9432927370071411
0.0,0.0,0.0,,Widerspruch,160,,14.333494186401367,8.633495330810547,25.019664764404297,0.1652434766292572,0.11571459472179413,0.23372186720371246,unknown,17.600845336914062,9.63846492767334,27.881563186645508,
0.0,0.0,0.0,112.61865997314453,Ziel,126,2563.153076171875,13.036757469177246,10.826443672180176,36.47797775268555,0.0,0.0,0.0,unknown,13.639214515686035,16.17095947265625,39.815956115722656,2.2876980304718018
0.0,0.0,0.0,58.29091262817383,Ziel,128,936.2466430664062,13.506312370300293,10.940251350402832,31.903669357299805,0.0,0.0,0.0,unknown,14.34746265411377,15.614653587341309,34.956268310546875,5.222523212432861
0.0,0.0,0.0,4.196907043457031,Ziel,130,1063.232421875,14.088754653930664,10.903229713439941,33.13195037841797,0.0,0.0,0.0,unknown,14.502911567687988,14.660414695739746,36.56016159057617,1.3422352075576782
0.0,0.0,0.0,66.80777740478516,Ziel,132,1116.1441650390625,12.952109336853027,10.751407623291016,32.27993392944336,0.0,0.0,0.0,unknown,13.239522933959961,14.115713119506836,35.68921661376953,1.6146496534347534
0.0,0.0,0.0,8.868888854980469,Ziel,134,3834.245361328125,13.197596549987793,10.493531227111816,31.958528518676758,0.0,0.0,0.0,unknown,13.340766906738281,14.337553977966309,34.88739013671875,2.842160940170288
0.0,0.0,0.0,262.75341796875,Ziel,136,6963.83203125,12.598484992980957,10.254770278930664,30.529123306274414,0.0,0.0,0.0,unknown,12.76974868774414,13.124088287353516,32.89380645751953,2.3586082458496094
0.0,0.0,0.0,201.50535583496094,Ziel,138,5766.44677734375,12.721785545349121,10.54444694519043,28.01396942138672,0.0,0.0,0.0,unknown,12.732871055603027,12.898996353149414,29.63762855529785,15.162932395935059
0.0,0.0,0.0,182.94639587402344,Ziel,140,5485.8818359375,12.886730194091797,10.490612983703613,25.868595123291016,0.0,0.0,0.0,unknown,13.192047119140625,12.752240180969238,27.419660568237305,1.731112003326416
0.0,0.0,0.0,182.78668212890625,Ziel,142,1945.39990234375,13.443002700805664,10.662778854370117,22.177169799804688,0.0,0.0,0.0,unknown,13.57772159576416,12.568580627441406,24.25466537475586,13.926126480102539
0.0,0.0,0.0,53.32625198364258,Ziel,144,1867.634521484375,13.429168701171875,10.766364097595215,23.756471633911133,0.0,0.0,0.0,unknown,13.507145881652832,12.059396743774414,25.77666473388672,1.7468785047531128
0.0,0.0,0.0,177.6385955810547,Ziel,146,10352.60546875,12.995553970336914,11.087631225585938,20.189537048339844,0.0,0.0,0.0,unknown,13.066305160522461,12.3270263671875,24.238529205322266,1.8101394176483154
0.0,0.0,0.0,512.538818359375,Ziel,148,9906.28515625,12.70955753326416,11.230696678161621,19.596071243286133,0.0,0.0,0.0,unknown,13.209253311157227,11.66368293762207,23.894336700439453,13.648890495300293
0.0,0.0,0.0,147.91436767578125,Ziel,150,922.4884643554688,12.87331485748291,11.604755401611328,19.296857833862305,0.0,0.0,0.0,unknown,13.034748077392578,12.339742660522461,27.3603515625,20.52118492126465
0.0,0.0,0.0,208.87615966796875,Ziel,152,5869.396484375,12.982616424560547,11.679109573364258,18.719703674316406,0.0,0.0,0.0,unknown,12.975821495056152,12.491491317749023,23.531856536865234,10.663775444030762
0.0,0.0,0.0,182.4312744140625,Ziel,154,6172.76806640625,13.164692878723145,12.474357604980469,22.550029754638672,0.0,0.0,0.0,unknown,13.117667198181152,12.968868255615234,24.39844512939453,3.266828775405884
0.0,0.0,0.0,229.09414672851562,Ziel,156,7032.69140625,13.04835319519043,12.594873428344727,18.671659469604492,0.0,0.0,0.0,unknown,13.121564865112305,13.115302085876465,22.189369201660156,8.898253440856934
0.0,0.0,0.0,239.7574462890625,Ziel,158,7928.18310546875,13.187724113464355,12.5879545211792,17.30448341369629,0.0,0.0,0.0,unknown,13.478553771972656,12.94002628326416,24.53789520263672,6.374759674072266
0.0,0.0,0.0,288.7944030761719,Ziel,160,6107.80419921875,13.196455955505371,12.319524765014648,18.007959365844727,0.0,0.0,0.0,unknown,13.32360553741455,12.943944931030273,21.8822021484375,9.609726905822754
0.0,0.0,0.0,118.39785766601562,Ziel,162,1468.0858154296875,13.105255126953125,12.260711669921875,18.374155044555664,0.0,0.0,0.0,unknown,13.337044715881348,12.894418716430664,23.590919494628906,9.64352798461914
0.0,0.0,0.0,20.56956672668457,Ziel,164,332.7955322265625,13.327286720275879,11.812620162963867,20.697792053222656,0.0,0.0,0.0,unknown,13.920162200927734,12.555000305175781,23.418148040771484,1.751397728919983
0.0,0.0,0.0,4.394687175750732,Ziel,166,269.56884765625,13.617035865783691,11.483308792114258,18.19936752319336,0.0,0.0,0.0,unknown,13.942266464233398,12.295819282531738,22.578458786010742,0.38360142707824707
0.0,0.0,0.0,16.274459838867188,Ziel,168,165.1475067138672,13.381632804870605,11.329477310180664,16.876943588256836,0.0,0.0,0.0,unknown,13.767919540405273,12.351645469665527,22.34721565246582,0.49009302258491516
0.0,0.0,0.0,20.18862533569336,Ziel,170,793.905517578125,13.268107414245605,11.29798698425293,20.255016326904297,0.0,0.0,0.0,unknown,13.86754322052002,12.186111450195312,24.534778594970703,0.5953734517097473
0.0,0.0,0.0,32.7492561340332,Ziel,172,389.8091735839844,13.390475273132324,11.197463035583496,17.741662979125977,0.0,0.0,0.0,unknown,13.88197135925293,12.147953033447266,23.546092987060547,1.9366199970245361
0.0,0.0,0.0,6.9095892906188965,Ziel,174,476.0409240722656,13.145316123962402,11.166557312011719,21.514074325561523,0.0,0.0,0.0,unknown,13.514270782470703,12.088017463684082,26.271446228027344,0.34093722701072693
0.0,0.0,0.0,24.886199951171875,Ziel,176,256.69842529296875,13.158912658691406,11.167977333068848,17.525875091552734,0.0,0.0,0.0,unknown,13.635457992553711,12.085173606872559,21.761856079101562,0.7029126882553101
0.0,0.0,0.0,8.076282501220703,Ziel,178,946.7432250976562,13.164079666137695,11.094433784484863,15.815319061279297,0.0,0.0,0.0,unknown,13.385148048400879,12.253933906555176,21.55300521850586,0.9577991366386414
0.0,0.0,0.0,55.17235565185547,Ziel,180,,13.310413360595703,11.091320037841797,17.35783576965332,0.0,0.0,0.0,unknown,13.459131240844727,11.864931106567383,23.361042022705078,1.4846726655960083
0.0,0.0,0.0,,Ziel,182,,13.213011741638184,11.23216724395752,16.39185905456543,0.0,0.0,0.0,unknown,13.547487258911133,12.25899887084961,21.72949981689453,2.1942193508148193
0.0,0.0,0.0,,Ziel,184,,13.243186950683594,11.236547470092773,17.332914352416992,0.0,0.0,0.0,unknown,13.57187557220459,12.15930461883545,21.520061492919922,
0.0,0.0,0.0,492.80047607421875,reparieren,119,8227.98828125,13.165825843811035,8.449378967285156,15.203743934631348,0.16850733757019043,0.10423704981803894,0.23156747221946716,unknown,14.465424537658691,9.424259185791016,20.040416717529297,19.846078872680664
0.0,0.0,0.0,56.1111946105957,reparieren,121,1678.7857666015625,13.45987606048584,8.372723579406738,18.19808006286621,0.16753916442394257,0.10354702919721603,0.23276405036449432,unknown,14.769704818725586,9.674225807189941,20.194337844848633,13.008248329162598
0.0,0.0,0.0,166.99037170410156,reparieren,123,2289.05224609375,13.129755020141602,8.315973281860352,17.294294357299805,0.1665666699409485,0.10048982501029968,0.22917410731315613,unknown,14.316872596740723,9.051203727722168,19.702425003051758,9.302255630493164
0.0,0.0,0.0,14.752988815307617,reparieren,125,3648.708740234375,12.496962547302246,8.744229316711426,19.425033569335938,0.16799724102020264,0.10547709465026855,0.23149551451206207,unknown,13.09896183013916,9.541191101074219,22.000112533569336,1.8309531211853027
0.0,0.0,0.0,257.6643981933594,reparieren,127,12583.8154296875,12.722809791564941,9.334529876708984,20.47182273864746,0.16714058816432953,0.1091296598315239,0.23145563900470734,unknown,13.610271453857422,10.244986534118652,24.837265014648438,2.7989661693573
0.0,0.0,0.0,581.2706909179688,reparieren,129,17525.369140625,12.458745956420898,9.024248123168945,19.63832664489746,0.16887980699539185,0.10969319939613342,0.22918295860290527,unknown,13.02197551727295,9.329076766967773,24.522136688232422,19.971187591552734
0.0,0.0,0.0,587.1017456054688,reparieren,131,16199.3193359375,12.808765411376953,9.705171585083008,21.105249404907227,0.1712767630815506,0.11071451753377914,0.23254378139972687,unknown,13.753284454345703,10.273853302001953,24.217559814453125,18.780609130859375
0.0,0.0,0.0,492.8616027832031,reparieren,133,9615.9140625,12.891222953796387,9.178352355957031,19.53017807006836,0.1658511608839035,0.10735183209180832,0.22932161390781403,unknown,14.22886848449707,10.288630485534668,23.38388442993164,20.361358642578125
0.0,0.0,0.0,148.24362182617188,reparieren,135,3181.9482421875,13.579449653625488,8.682361602783203,21.798927307128906,0.16491559147834778,0.10444033145904541,0.22926250100135803,unknown,14.507866859436035,9.869900703430176,24.083839416503906,12.497446060180664
0.0,0.0,0.0,63.99365997314453,reparieren,137,2148.42578125,12.664085388183594,8.776390075683594,18.8002986907959,0.16836030781269073,0.10827954113483429,0.23098593950271606,unknown,15.719003677368164,10.037271499633789,21.493579864501953,2.6227176189422607
0.0,0.0,0.0,79.25180053710938,reparieren,139,1084.4193115234375,13.435498237609863,8.092572212219238,20.43883514404297,0.16346535086631775,0.10383487492799759,0.22869418561458588,unknown,14.60962963104248,8.757566452026367,22.482784271240234,6.877809047698975
0.0,0.0,0.0,8.002854347229004,reparieren,141,488.61407470703125,12.890036582946777,7.920243740081787,18.762691497802734,0.1643400341272354,0.1046719178557396,0.2293902486562729,unknown,14.414533615112305,8.964265823364258,22.120763778686523,1.604685664176941
0.0,0.0,0.0,39.49279022216797,reparieren,143,2667.38232421875,13.993182182312012,10.105195999145508,20.48678207397461,0.16194678843021393,0.10782040655612946,0.228581041097641,unknown,14.702314376831055,10.700270652770996,24.295528411865234,1.127341389656067
0.0,0.0,0.0,217.28298950195312,reparieren,145,8321.984375,13.26904010772705,9.300561904907227,19.846088409423828,0.16693764925003052,0.10893812775611877,0.22913376986980438,unknown,13.82974910736084,10.054791450500488,23.383840560913086,1.5079562664031982
0.0,0.0,0.0,337.5196228027344,reparieren,147,5874.4345703125,13.22611141204834,9.192094802856445,19.246320724487305,0.16754332184791565,0.10937824845314026,0.22934845089912415,unknown,13.879568099975586,9.724780082702637,23.182315826416016,15.992512702941895
0.0,0.0,0.0,54.140689849853516,reparieren,149,420.73663330078125,13.764134407043457,9.718594551086426,20.292314529418945,0.16537469625473022,0.10918759554624557,0.2295464426279068,unknown,14.678434371948242,10.465583801269531,23.34498405456543,6.510101318359375
0.0,0.0,0.0,82.11140441894531,reparieren,151,4662.50439453125,13.368741035461426,9.51716136932373,18.296222686767578,0.17151965200901031,0.11345318704843521,0.23182490468025208,unknown,14.499073028564453,10.31053352355957,23.583850860595703,2.9028830528259277
0.0,0.0,0.0,228.73609924316406,reparieren,153,8304.3251953125,13.402902603149414,9.08549690246582,17.609289169311523,0.16556455194950104,0.10452981293201447,0.22885745763778687,unknown,14.235936164855957,10.018998146057129,21.441633224487305,2.5753986835479736
0.0,0.0,0.0,324.8935852050781,reparieren,155,7611.53515625,13.290193557739258,9.038610458374023,19.060527801513672,0.1630261093378067,0.10532905906438828,0.22887232899665833,unknown,14.400152206420898,10.042573928833008,21.322240829467773,12.67831802368164
0.0,0.0,0.0,182.56597900390625,reparieren,157,,13.689645767211914,9.08044719696045,16.959671020507812,0.16405627131462097,0.10331515967845917,0.22909697890281677,unknown,17.322681427001953,9.863692283630371,20.345998764038086,8.982768058776855
0.0,0.0,0.0,,reparieren,159,,13.652094841003418,9.160290718078613,20.475061416625977,0.1631934940814972,0.10691851377487183,0.23000773787498474,unknown,14.7653169631958,9.696401596069336,22.584718704223633,3.190978765487671
0.0,0.0,0.0,,reparieren,161,,13.23791790008545,10.370424270629883,20.091718673706055,0.16700780391693115,0.10824120044708252,0.22993426024913788,unknown,14.29954719543457,11.455514907836914,23.192556381225586,
