clip_id,frame_id,method,one_handed_class_0,tr_all_mm,tr_left_hand_mm,tr_right_hand_mm,tr_upper_body_minus_face_mm,tr_upper_body_minus_head_mm,tr_upper_body_mm,v2v_left_wrist_mm,v2v_right_wrist_mm
Ablehnen,177,M1_alpha1p5,False,42.94901184626828,8.22856669914973,8.011001466292395,30.695396027676466,51.303591663267156,25.837664665591273,8.228566699149729,8.011001466292395
Ablehnen,179,M1_alpha1p5,False,39.42137868059433,10.875722399949456,8.05726556395205,32.414823868102694,50.818680458222545,27.61794784045941,10.875722399949456,8.05726556395205
Ablehnen,181,M1_alpha1p5,False,44.485453670666345,9.27773224525035,8.432973555294517,36.62459756948906,61.820313974896784,30.562530747478508,9.27773224525035,8.432973555294517
Ablehnen,183,M1_alpha1p5,False,41.62640699491062,11.3224091057347,8.078305470379991,32.967772163736676,51.82351356267605,27.932461859180346,11.3224091057347,8.078305470379991
Ablehnen,185,M1_alpha1p5,False,44.549695865313325,9.19521643417879,8.392806386897718,36.83128776706164,60.917473381097665,30.865733999800497,9.195216434178787,8.392806386897718
Ablehnen,187,M1_alpha1p5,False,41.815612675703264,9.979627517184904,8.813208758739052,37.59504852054238,59.11844214242232,31.808060642017015,9.979627517184904,8.813208758739052
Ablehnen,189,M1_alpha1p5,False,43.59032926015938,9.149588164504,8.629633490217879,36.17266224136504,60.02835278171486,30.349948550756793,9.149588164504,8.629633490217879
Ablehnen,191,M1_alpha1p5,False,44.32389621121944,8.743142234841443,11.610809804210547,39.61968786819334,64.50309108435769,33.45814907508963,8.743142234841443,11.610809804210547
Ablehnen,193,M1_alpha1p5,False,47.48813133447325,8.593926178014756,11.935962653338757,40.20373785266306,64.54115267845293,34.192728528483705,8.593926178014756,11.935962653338757
Ablehnen,195,M1_alpha1p5,False,42.76588429002643,10.077249013759374,12.363216458395407,35.54613373847355,56.7617662752548,30.13877182272404,10.077249013759378,12.363216458395407
Ablehnen,197,M1_alpha1p5,False,48.83475225334522,10.210493048587377,13.433849409761077,39.91153666343803,65.27838871571703,33.711351857715904,10.210493048587377,13.433849409761077
Ablehnen,199,M1_alpha1p5,False,42.79680798437674,10.247825778736457,12.512917969892518,37.98406589726074,60.84838004126337,32.104946825479715,10.247825778736457,12.512917969892518
Ablehnen,201,M1_alpha1p5,False,42.25097834778099,10.557054880075041,12.291693813761494,35.810200817190335,54.58831244613573,30.551087564818076,10.557054880075041,12.291693813761492
Ablehnen,203,M1_alpha1p5,False,39.68398988073446,11.78276722394212,12.580820838941795,35.09807443950835,49.748313501785404,30.435908232277967,11.78276722394212,12.580820838941793
Ablehnen,205,M1_alpha1p5,False,39.98546284484547,13.831640001011905,16.563275316668445,38.036361504682496,49.959111016385755,33.41505272940222,13.831640001011905,16.563275316668445
Ablehnen,207,M1_alpha1p5,False,48.02421060253085,16.465953096240415,24.349072885081593,48.39026686020404,60.2837372753064,43.02752721535555,16.465953096240415,24.349072885081593
Akzeptieren,186,M1_alpha1p5,False,37.97126124609869,8.52605005923504,6.717750405168479,20.733562801922485,30.14636856420724,17.839084572679823,8.52605005923504,6.717750405168479
Akzeptieren,188,M1_alpha1p5,False,36.92501904414773,8.461791566738166,7.43409439299866,24.08482614972331,34.50692796534405,21.133553856094625,8.461791566738166,7.434094392998659
Akzeptieren,190,M1_alpha1p5,False,41.3671759661306,10.584029700908163,7.159291914665423,25.51812937556105,38.19678830024812,22.014037716214457,10.584029700908163,7.159291914665423
Akzeptieren,192,M1_alpha1p5,False,40.57912962139093,7.0996636738291725,6.320825941602323,30.61753010241064,43.05108767377183,26.747604196503982,7.0996636738291725,6.320825941602325
Akzeptieren,194,M1_alpha1p5,False,38.709978796249395,6.739370804859124,8.48492284707292,30.397803364327707,42.24995886837662,26.646858324445553,6.739370804859124,8.484922847072921
Akzeptieren,196,M1_alpha1p5,False,38.27009558849658,8.021398177489381,10.112005250962222,32.652528576257026,46.67864195532578,28.292764167574603,8.021398177489381,10.11200525096222
Akzeptieren,198,M1_alpha1p5,False,50.18873752759576,9.573495390599515,12.36100267069922,49.01333056685778,54.54770887802939,44.28241428159612,9.573495390599515,12.36100267069922
Akzeptieren,200,M1_alpha1p5,False,57.16659537335685,10.636372359659305,13.171982538458677,58.299857746777725,61.43144876017419,52.77646925041522,10.636372359659305,13.17198253845868
Arzt,208,M1_alpha1p5,False,50.68046404142498,11.851703484437865,6.915539986645012,24.36148678204255,33.8283780931241,21.444265746162607,11.851703484437865,6.915539986645012
Arzt,210,M1_alpha1p5,False,47.170641814768295,15.308543850687116,7.966651355634267,22.199404618341102,32.28771873766121,19.58151323380594,15.308543850687116,7.966651355634268
Arzt,212,M1_alpha1p5,False,51.318224069726035,11.375042888268933,7.942330372008285,27.837704572417326,35.91143297190542,24.799284354871553,11.37504288826893,7.9423303720082865
Arzt,214,M1_alpha1p5,False,43.28241928046312,14.88283670742606,7.622145700387932,21.690277077216916,32.42519517952713,18.984844064028405,14.882836707426064,7.622145700387931
Arzt,216,M1_alpha1p5,False,46.139750613346976,10.969186955145176,6.791381758870168,26.31803662839236,37.8610753794024,23.12432590269408,10.969186955145176,6.791381758870168
Arzt,218,M1_alpha1p5,False,42.97234960156197,13.656381516672196,7.039169003073694,23.423227049684293,33.457596023317976,20.80650234224491,13.656381516672193,7.039169003073694
Arzt,220,M1_alpha1p5,False,46.057589882765505,14.372742090306973,6.997373225999808,23.497199607056423,33.9468777422175,20.951326043975953,14.372742090306973,6.997373225999808
Arzt,222,M1_alpha1p5,False,44.91406051429732,14.197549982230429,7.370605443665179,23.121614883719076,33.693873812936914,20.528743344023063,14.197549982230429,7.370605443665181
Arzt,224,M1_alpha1p5,False,48.964254280532245,10.167031839119701,6.734029414516933,27.073838606270797,37.984252427693825,23.938398695765102,10.1670318391197,6.734029414516933
Arzt,226,M1_alpha1p5,False,43.750080712171545,11.324566627260785,7.662416934748252,24.123894183253615,33.754894156265905,21.313208530808684,11.324566627260785,7.662416934748252
Arzt,228,M1_alpha1p5,False,41.810153767422214,14.65044396955193,6.74466952124415,21.417020134425925,32.89083305936777,18.696205981916002,14.65044396955193,6.74466952124415
Arzt,230,M1_alpha1p5,False,40.71237916343635,12.00856561296622,5.96364957876437,22.13181358806525,33.848790495286984,19.52653428309011,12.008565612966223,5.96364957876437
Arzt,232,M1_alpha1p5,False,38.04662838667241,13.43609434657966,6.9197726193468005,25.28466591179348,36.4472641527211,22.329301915457577,13.43609434657966,6.919772619346801
Arzt,234,M1_alpha1p5,False,39.563644254037676,10.996264553478305,8.58964975984435,25.008417232432222,37.900040463481346,22.433523733331896,10.996264553478305,8.58964975984435
Arzt,236,M1_alpha1p5,False,41.23916464997085,14.62884627266553,10.63423025853247,27.5845849842815,37.76445499055316,24.76719252362421,14.62884627266553,10.634230258532469
Arzt,238,M1_alpha1p5,False,37.687732152171414,15.856020158683576,12.134797400652005,32.582824452796366,41.565473529680155,29.05504112544501,15.856020158683576,12.134797400652005
Arzt,240,M1_alpha1p5,False,41.48671497782041,24.700623934215162,12.640576183644416,39.68762615164607,56.48685786934761,34.58694930000685,24.700623934215162,12.640576183644416
Arzt,242,M1_alpha1p5,False,43.86697709106572,30.142149952780894,13.426305753240104,44.89804519567993,61.17950824872666,39.403286721669524,30.142149952780894,13.426305753240104
Arzt,244,M1_alpha1p5,False,44.031767011753026,21.492473644195485,13.655156306480709,44.8772677084274,56.84457614278736,40.05896551684865,21.492473644195485,13.655156306480709
Arzt,246,M1_alpha1p5,False,50.21899708270454,15.161467822841757,25.079407284959917,47.693082099871546,37.55821139111148,45.124929341014514,15.161467822841757,25.079407284959917
Arzt,248,M1_alpha1p5,False,47.47797124398708,14.718879808346784,10.801081355893936,45.134348080638155,38.94011342133048,42.64867126798243,14.71887980834679,10.801081355893936
AufgebenResignieren,190,M1_alpha1p5,False,41.36423901467447,9.313414688714625,10.793438406698753,25.580348892486825,36.37126680507726,22.150461010882346,9.313414688714625,10.793438406698758
AufgebenResignieren,192,M1_alpha1p5,False,43.585177409101554,7.756948082697014,9.225134846117777,29.714848224220425,41.67446728980135,25.829090626897067,7.756948082697014,9.22513484611778
AufgebenResignieren,194,M1_alpha1p5,False,42.3900481940331,8.249313075316229,8.33000317582763,28.936953193292442,41.134931463842925,25.12012611390828,8.249313075316229,8.33000317582763
AufgebenResignieren,196,M1_alpha1p5,False,41.74243598500782,7.7258008186295895,8.17907504257838,26.733188982413008,39.66613612062443,22.99071450058121,7.7258008186295895,8.17907504257838
AufgebenResignieren,198,M1_alpha1p5,False,42.38399456254718,8.905451543104043,7.284790232829165,26.125393254453403,37.98449914932288,22.523561810939988,8.905451543104043,7.284790232829165
AufgebenResignieren,200,M1_alpha1p5,False,40.99401343757176,9.053558152096977,7.043392695016065,30.811102825197693,40.29787519988966,26.97296505187353,9.053558152096977,7.043392695016065
AufgebenResignieren,202,M1_alpha1p5,False,39.28620753333738,10.147698785604677,7.414213129036447,32.335599736950286,39.60107208401666,28.727801371955717,10.147698785604677,7.414213129036447
AufgebenResignieren,204,M1_alpha1p5,False,40.24879685252574,7.121051100425216,6.316997312413152,29.206361677936442,43.804290213137996,25.097184853927644,7.121051100425216,6.316997312413152
AufgebenResignieren,206,M1_alpha1p5,False,41.30977902677646,8.529402487095844,6.792118136207504,27.490387190759897,45.471993554628014,23.1302223987899,8.529402487095844,6.792118136207504
AufgebenResignieren,208,M1_alpha1p5,False,39.86001549897384,10.094140322609253,7.355166340906526,30.912618712523965,48.35424157753965,26.270693944656117,10.094140322609253,7.355166340906527
AufgebenResignieren,210,M1_alpha1p5,False,43.999973526969754,10.054311849035674,8.917764398877262,41.87902327988215,59.82051141908112,36.2983207601228,10.054311849035676,8.917764398877262
AufgebenResignieren,212,M1_alpha1p5,False,54.421483633685874,14.270046587524586,13.335266575137998,55.53997398660629,58.551695843782824,50.303213590808795,14.270046587524586,13.335266575137998
AusgebenGeldVerschwenden,158,M1_alpha1p5,False,42.66855608006353,8.167895592430858,11.824613824986882,28.85108647958869,46.028012160998735,24.580701184591604,8.167895592430858,11.824613824986882
AusgebenGeldVerschwenden,160,M1_alpha1p5,False,39.59994365980644,8.9315713680177,12.322862123037085,25.76845142382448,40.392596963638994,22.001624807474315,8.9315713680177,12.322862123037083
AusgebenGeldVerschwenden,162,M1_alpha1p5,False,36.75814188468146,8.833173873256472,12.361114245713681,24.154366513620694,36.47399588308583,20.87592130619609,8.833173873256472,12.361114245713685
AusgebenGeldVerschwenden,164,M1_alpha1p5,False,40.458601954717096,8.360385183883192,13.090391591449544,27.83024890485063,44.45349868638494,23.61093148951062,8.360385183883192,13.090391591449544
AusgebenGeldVerschwenden,166,M1_alpha1p5,False,37.1793126263345,9.023883822052365,13.422782566968104,28.94356949164208,42.962148516479544,24.737404666345956,9.023883822052365,13.422782566968104
AusgebenGeldVerschwenden,168,M1_alpha1p5,False,40.51246539134953,8.7458256643976,14.11383783562801,27.480988744209828,41.07577638623921,23.86659020822173,8.7458256643976,14.11383783562801
AusgebenGeldVerschwenden,170,M1_alpha1p5,False,41.11906062716364,9.407115974122002,14.446332681917353,28.571112414428807,42.0210378584272,24.733667545772196,9.407115974122002,14.446332681917353
Auto,174,M1_alpha1p5,False,39.76806140142497,13.762310670604517,13.820594589360617,24.32229493518834,36.68607817503356,21.748086043631435,13.762310670604517,13.820594589360617
Auto,176,M1_alpha1p5,False,39.31110897011322,13.078608519219227,13.693674908325123,23.57749509195703,34.170359234454175,21.287222732461515,13.078608519219227,13.693674908325123
Auto,178,M1_alpha1p5,False,37.59289724978,12.72515005630558,12.49730654042287,26.256436873866935,36.85788486664591,23.279018748303724,12.72515005630558,12.49730654042287
Auto,180,M1_alpha1p5,False,33.838644488258204,12.866660385261195,13.555742461062374,22.174781198957994,31.633400024712813,19.55725298404934,12.866660385261195,13.555742461062374
Auto,182,M1_alpha1p5,False,35.66186554155265,13.616032127104312,13.730873434205328,24.00950885247319,36.43575444022658,21.18397662577653,13.616032127104312,13.730873434205328
Auto,184,M1_alpha1p5,False,37.351614020306336,12.08132213768845,14.220546616169239,21.804387591551603,30.517270282269646,19.559014522093833,12.08132213768845,14.220546616169239
Auto,186,M1_alpha1p5,False,40.0304906388176,13.05391158333826,14.03608249952893,23.33524147746821,34.986094181271966,20.89487343925037,13.05391158333826,14.03608249952893
Auto,188,M1_alpha1p5,False,36.651855302336074,12.666248778577936,13.61731614986073,23.035369982259567,34.00290752286505,20.178868565375627,12.666248778577936,13.61731614986073
Auto,190,M1_alpha1p5,False,35.79555319436387,11.23083426636572,11.923541268675258,22.793324324673925,27.665306445379876,20.631503929700028,11.23083426636572,11.923541268675258
Auto,192,M1_alpha1p5,False,35.95993277648116,11.77160881839557,8.262939337418741,21.55446606968427,30.467746500087628,19.319729412576645,11.77160881839557,8.262939337418741
Auto,194,M1_alpha1p5,False,33.74391021670683,11.860906992405999,6.329866716974968,21.29018620332577,27.816418184325403,18.867684961807527,11.860906992405999,6.32986671697497
Auto,196,M1_alpha1p5,False,32.93334772939377,9.329419592703099,7.247132144332321,22.663036486763694,27.16881935635849,20.56823875553582,9.329419592703099,7.247132144332321
Auto,198,M1_alpha1p5,False,43.61437186775547,8.900064743305665,7.463636814310597,40.344783178784915,43.00569068133704,37.090028406708385,8.900064743305665,7.463636814310596
Auto,200,M1_alpha1p5,False,51.77710331040014,8.526948710150672,9.57466045824413,49.2365875608096,51.841144956894375,44.86854575959562,8.526948710150672,9.57466045824413
Auto,202,M1_alpha1p5,False,53.84381315142029,11.37163505269037,12.661259677432923,51.884405748369154,53.87811394015825,47.01273227198169,11.371635052690365,12.661259677432923
BesuchenEinmischen,210,M1_alpha1p5,False,32.475502846242335,18.425895335898527,15.522675755078728,23.588475029062643,32.370471188998465,21.15433976357468,18.42589533589853,15.522675755078728
BesuchenEinmischen,212,M1_alpha1p5,False,31.477845765073656,11.35724539464939,15.54704881062268,23.16595748237374,33.62722031116103,20.796981703963215,11.35724539464939,15.54704881062268
BesuchenEinmischen,214,M1_alpha1p5,False,32.962361971475964,11.16397799266244,14.893902523890198,23.033990359230287,34.662642723675006,20.87147874132232,11.16397799266244,14.893902523890198
BesuchenEinmischen,216,M1_alpha1p5,False,33.165392789610515,16.334747842834126,14.213672379926129,21.84492485508166,31.73652107241142,19.903970033927557,16.334747842834126,14.213672379926129
BesuchenEinmischen,218,M1_alpha1p5,False,33.574348349337484,19.660549160554066,13.16946398355546,25.765813196916362,35.17101665112215,23.07071385316478,19.660549160554066,13.16946398355546
BesuchenEinmischen,220,M1_alpha1p5,False,33.30877878944309,10.137651784168552,12.048913131406632,23.191466256247722,35.520794028055285,20.77740216605379,10.137651784168552,12.048913131406636
BesuchenEinmischen,222,M1_alpha1p5,False,34.46097328158336,17.386577367017594,12.237844641508184,25.789591999489996,34.695179807424054,23.056493912290936,17.386577367017594,12.237844641508184
BesuchenEinmischen,224,M1_alpha1p5,False,32.29045455391275,11.168759067844286,12.460185926681115,20.638246485519282,31.33092812293902,18.51316237509254,11.168759067844286,12.460185926681115
BesuchenEinmischen,226,M1_alpha1p5,False,34.358095119588334,18.93850121028566,12.035879285941375,24.500345013889394,34.415317109654,21.88545480316212,18.93850121028566,12.035879285941373
BesuchenEinmischen,228,M1_alpha1p5,False,32.86649677383932,17.75747696968779,10.418680560154714,21.746235473451883,30.825239980517892,19.419869728105112,17.757476969687794,10.418680560154714
BesuchenEinmischen,230,M1_alpha1p5,False,35.00463353468605,22.436213266932707,10.719120505850496,25.864321654408272,33.94369795788952,23.149522039830092,22.436213266932707,10.719120505850498
BesuchenEinmischen,232,M1_alpha1p5,False,33.74043414842592,16.174269012716703,9.998109988670999,21.982463311240206,32.29726373132204,19.506293796865577,16.174269012716703,9.998109988670999
BesuchenEinmischen,234,M1_alpha1p5,False,33.46144762199261,22.31273964351535,9.912078410217397,26.705735996178426,35.64268411470154,23.958526617103278,22.312739643515343,9.912078410217397
BesuchenEinmischen,236,M1_alpha1p5,False,33.883508614586,14.369618009737572,9.003591826242824,22.962858613407967,32.35388890402593,20.660459605793676,14.369618009737568,9.003591826242824
BesuchenEinmischen,238,M1_alpha1p5,False,43.88823022618051,31.323998211663895,11.35583971251515,42.73078545298887,48.41717964133566,38.53538926296549,31.323998211663895,11.355839712515149
BesuchenEinmischen,240,M1_alpha1p5,False,41.559695333994625,30.11523068567014,11.800031527702416,39.223805409698166,46.5433549496416,35.34336005806845,30.115230685670138,11.800031527702416
BesuchenEinmischen,242,M1_alpha1p5,False,44.6566783671329,33.361361851271134,12.52241242234359,43.87732152693554,44.1635919789338,40.72102250108675,33.361361851271134,12.522412422343592
Blitz,179,M1_alpha1p5,True,42.27991518215963,,15.522885665367083,37.35004658683768,53.95560159590074,32.02123830678271,,15.52288566536708
Blitz,181,M1_alpha1p5,True,43.02730205829653,,15.571106881412646,41.07134271962986,57.571030127136936,35.40100192836432,,15.571106881412646
Blitz,183,M1_alpha1p5,True,44.84702690236297,,15.81256041638909,40.64744844639957,57.7639608695101,35.29073845184043,,15.81256041638909
Blitz,185,M1_alpha1p5,True,43.894514383654126,,16.154978464128334,42.93387960617547,59.37285425464777,37.16756899779916,,16.154978464128334
Blume,163,M1_alpha1p5,False,42.34828546204625,18.3063120483985,11.905705865866858,28.84124695130313,35.00121241306962,26.640389316131177,18.3063120483985,11.905705865866858
Blume,165,M1_alpha1p5,False,39.480975080843194,16.070804684429664,10.911816178555181,28.277931744449578,37.52044243023378,25.44249292177789,16.070804684429664,10.911816178555185
Blume,167,M1_alpha1p5,False,41.00750342647356,15.104932979888716,10.862854814143462,30.26889125199975,41.87379383827599,27.230754902979445,15.10493297988872,10.862854814143462
Blume,169,M1_alpha1p5,False,39.209032466770466,19.732555153906965,11.722596532296054,29.553743799731098,36.70509855847325,26.775075235230787,19.732555153906965,11.722596532296054
Blume,171,M1_alpha1p5,False,43.67958416703013,18.12572213431025,10.781809352165384,27.488608596020978,36.312900520610796,25.01897402284794,18.125722134310248,10.781809352165382
Blume,173,M1_alpha1p5,False,41.805747070516915,15.863584157413662,10.020912493599686,30.0756835164604,35.889841947512686,27.45422410685235,15.863584157413662,10.020912493599686
Blume,175,M1_alpha1p5,False,41.60497856907489,14.017201369113042,10.71755721914092,29.135644905724952,41.618230103856796,26.273847253540026,14.017201369113048,10.71755721914092
Blume,177,M1_alpha1p5,False,43.43696961349744,21.937984436855636,11.353253604998873,29.50064603355879,37.82102618796646,26.67451065496689,21.93798443685563,11.353253604998873
Blume,179,M1_alpha1p5,False,43.1201545659087,13.799868299025784,12.525413671355391,28.682215954616364,42.426348459094896,25.94357458004935,13.799868299025784,12.525413671355391
Blume,181,M1_alpha1p5,False,43.809702900533544,22.761692804311192,13.597725946698883,28.653189261099904,40.793886712333375,26.04752963924829,22.761692804311192,13.597725946698883
Blume,183,M1_alpha1p5,False,40.39030350938947,15.576467496490473,12.772935467103895,28.195844409531855,41.64601825624716,25.27401538931461,15.576467496490473,12.772935467103895
Blume,185,M1_alpha1p5,False,42.60214074066047,16.874277473002106,11.521439750310737,26.26890367345022,37.000981973225635,23.98287425645895,16.874277473002106,11.521439750310735
Blume,187,M1_alpha1p5,False,39.69280142574729,18.20330711204838,11.928376885037542,25.01310129714108,37.0258874919692,22.20790998355122,18.20330711204839,11.928376885037542
Blume,189,M1_alpha1p5,False,42.933908935695364,18.17121949046196,11.764636201879432,25.792794127066006,37.55797611486279,23.0826885380759,18.17121949046196,11.764636201879432
Blume,191,M1_alpha1p5,False,41.232373516946055,19.052980536138318,11.957011371532708,26.51434575309264,39.72790729147654,23.190372042253998,19.052980536138314,11.957011371532708
Blume,193,M1_alpha1p5,False,41.28575553516912,16.415637339726718,12.921827860438233,32.28974361526906,49.34500575025587,28.238330798387793,16.415637339726718,12.921827860438233
Blume,195,M1_alpha1p5,False,40.5333399363661,19.042129129214807,13.793122402616984,33.97344433479428,48.969007770828576,29.66656974858162,19.042129129214807,13.79312240261698
Blume,197,M1_alpha1p5,False,47.40348203405542,15.398500782398203,12.489588864471864,42.931810805234385,67.67657060047767,36.890153968485336,15.398500782398203,12.489588864471864
Boese,165,M1_alpha1p5,True,46.675528560445336,,17.54073234590427,36.82599659327995,52.39378373633757,32.24932327485736,,17.54073234590427
Boese,167,M1_alpha1p5,True,43.40920404816764,,17.53895407018437,35.35332096280398,52.83549103213969,30.68745776495654,,17.538954070184367
Boese,169,M1_alpha1p5,True,46.38433635909283,,17.952431546733234,37.14566668240237,55.23275704419269,32.4567915649269,,17.952431546733234
Boese,171,M1_alpha1p5,True,48.49905939496737,,17.649456183821986,38.547542502028676,55.37498115154238,33.72775741793029,,17.649456183821986
Boese,173,M1_alpha1p5,True,46.34199202520514,,15.8462130208508,34.93880453708943,53.15615476001854,30.26849442220659,,15.8462130208508
Boese,175,M1_alpha1p5,True,41.05474187591872,,14.054172813248568,32.164429670738734,49.097482599877694,27.827238881377067,,14.054172813248572
Boese,177,M1_alpha1p5,True,40.171608809611435,,17.597994966465592,31.374778520954667,47.62465775059996,27.015902635692342,,17.5979949664656
Boese,179,M1_alpha1p5,True,44.59266600539299,,22.24313967719228,32.21929043210054,47.932355187581166,28.300261767508818,,22.24313967719228
Boese,181,M1_alpha1p5,True,38.83252881585206,,24.986112494134275,28.999616485379775,45.23722568943992,25.124920179883784,,24.986112494134275
Boese,183,M1_alpha1p5,True,35.08924115692482,,28.369261691361608,28.264478849223206,42.76872684960518,24.594177558806614,,28.369261691361608
Boese,185,M1_alpha1p5,True,46.371200721350334,,27.60481796073123,42.18148677313005,63.67185310156885,36.52731242344789,,27.604817960731225
BroetchenAufschneiden,247,M1_alpha1p5,False,49.211846217186,14.37503937398829,17.403932907495882,32.63266004318471,50.6402533768785,28.031587525305188,14.37503937398829,17.403932907495882
BroetchenAufschneiden,249,M1_alpha1p5,False,52.242781343152764,10.811633304458327,17.492119851335232,33.09820956594296,45.506556457647676,29.07154197411427,10.811633304458327,17.492119851335232
BroetchenAufschneiden,251,M1_alpha1p5,False,56.18721822555377,18.14582500230458,17.80560779637281,38.367773538938074,55.048955177549296,33.3778102755647,18.14582500230458,17.805607796372804
BroetchenAufschneiden,253,M1_alpha1p5,False,48.63543451683679,10.891320986743812,16.56701860028952,28.45883859401685,36.533770565178486,25.500854553521556,10.891320986743814,16.56701860028952
BroetchenAufschneiden,255,M1_alpha1p5,False,50.3655695048013,10.655933050922224,16.105610387462974,29.95243828172169,39.18133794622853,26.74845853166802,10.655933050922222,16.105610387462974
BroetchenAufschneiden,257,M1_alpha1p5,False,46.56531526533277,17.093037972359348,14.921078163672346,28.56376108092012,41.990470357696225,24.950369034825282,17.093037972359348,14.921078163672346
BroetchenAufschneiden,259,M1_alpha1p5,False,45.48559436537876,13.492442480142179,15.146861850488904,27.81063273316425,38.11185980905882,24.6500288315794,13.492442480142179,15.146861850488905
BroetchenAufschneiden,261,M1_alpha1p5,False,54.616938795186854,13.542577888547022,15.143958197936707,34.131662220275594,46.19201484049562,30.258478009976642,13.54257788854702,15.143958197936705
BroetchenAufschneiden,263,M1_alpha1p5,False,49.31069478697124,10.474158007421524,13.04468825750546,29.711997774741402,37.97863833553115,26.769290587527948,10.474158007421524,13.044688257505456
BroetchenAufschneiden,265,M1_alpha1p5,False,43.844013020587624,10.78633572871974,12.464541388213608,25.772589971545322,37.27339185592705,22.84027744113166,10.78633572871974,12.464541388213608
BroetchenAufschneiden,267,M1_alpha1p5,False,37.42043094423081,11.768052420267216,12.649808261154886,23.334539453020714,36.52522661319904,20.635370717165067,11.768052420267216,12.649808261154888
BroetchenAufschneiden,269,M1_alpha1p5,False,46.521728921507744,10.934474783553917,11.541842433387547,27.78972859346147,32.5715950119678,25.08972270048815,10.934474783553917,11.541842433387547
BroetchenAufschneiden,271,M1_alpha1p5,False,34.35522056728625,7.877114197973971,9.824132816552416,22.17115946149707,30.505392677793168,19.802050112894516,7.877114197973973,9.824132816552416
BroetchenAufschneiden,273,M1_alpha1p5,False,30.41670931840151,11.083250978221571,9.297110425620696,20.140863191934248,29.184074525885507,17.951036027529586,11.083250978221567,9.297110425620698
BroetchenAufschneiden,275,M1_alpha1p5,False,32.70818363475961,6.920831271586942,9.759120009949733,20.234141885059888,29.72775171913617,18.151373349168438,6.920831271586945,9.759120009949733
BroetchenAufschneiden,277,M1_alpha1p5,False,32.12429996561082,10.234318293477616,9.449478632011,24.176310224067297,30.217633310675996,21.907763119655854,10.234318293477616,9.449478632011001
BroetchenAufschneiden,279,M1_alpha1p5,False,37.07285285809965,11.046159315985985,13.539735878543068,31.560622310164725,39.60096273228282,28.37695847028194,11.046159315985985,13.539735878543066
BroetchenAufschneiden,281,M1_alpha1p5,False,38.43303040472184,11.91671628016498,11.759738885871394,35.74853985342152,47.19627097754729,31.699755319005533,11.91671628016498,11.759738885871396
BroetchenAufschneiden,283,M1_alpha1p5,False,41.72900854681792,8.140452575333423,19.161001217027685,40.44646058184203,57.074824212421696,35.2266977422712,8.140452575333423,19.161001217027685
BroetchenAufschneiden,285,M1_alpha1p5,False,43.03288486190569,9.289544848469577,24.25694727745291,42.67255588811838,58.06088758454711,37.69816045205867,9.289544848469577,24.256947277452905
BroetchenAufschneiden,287,M1_alpha1p5,False,41.44793775968222,16.66488907865433,14.755603460617158,39.455700460101866,51.383980091757955,35.396551522903714,16.66488907865433,14.755603460617158
BroetchenAufschneiden,289,M1_alpha1p5,False,46.16760421502121,10.574759791293868,35.23932099273127,44.4276204244964,58.068126810566994,39.388727896210774,10.574759791293868,35.23932099273127
Dort,197,M1_alpha1p5,True,36.609937058625924,,13.217943066188774,24.593046526547955,41.15370076973843,20.968990098534128,,13.217943066188774
Dort,199,M1_alpha1p5,True,38.44163785658047,,13.503480256775463,26.04324893589504,43.70969965970247,22.295775430930224,,13.503480256775463
Dort,201,M1_alpha1p5,True,39.47248983717544,,12.596033463680442,26.776061667806594,44.98085348074226,23.16482480066611,,12.596033463680438
Dort,203,M1_alpha1p5,True,41.4315995167342,,12.98819834823017,28.94170781907547,48.12443741090981,25.2728745044635,,12.98819834823017
Dort,205,M1_alpha1p5,True,43.10540894478078,,11.85066885251851,29.72154710865619,49.395555633627914,25.939296682263446,,11.850668852518513
Dort,207,M1_alpha1p5,True,41.75037044919963,,10.8199457500644,29.269713507174224,48.4723854733245,25.44264518645902,,10.8199457500644
Dort,209,M1_alpha1p5,True,44.05220207942566,,9.34529513284128,30.512326696867888,51.506613717193964,26.426636009092856,,9.345295132841283
Dort,211,M1_alpha1p5,True,41.61815925176414,,7.93122090238896,30.59252163110791,48.88532641425348,26.437727135445527,,7.93122090238896
Dort,213,M1_alpha1p5,True,42.36644718185752,,7.101877147412801,34.4523596380862,54.23345350271582,29.529873055415734,,7.101877147412801
Dort,215,M1_alpha1p5,True,39.02713181391454,,7.7365889194765,34.6896587952581,54.24580892353172,29.57501313501683,,7.7365889194765
Dort,217,M1_alpha1p5,True,45.910809811337806,,11.354027023021125,45.781320026566014,64.89227021217538,39.423518498862656,,11.354027023021127
Duenn,202,M1_alpha1p5,True,40.40011123653877,,16.223198365312243,25.997744522587276,37.78923087792503,22.832422670119232,,16.223198365312243
Duenn,204,M1_alpha1p5,True,42.51961102549511,,16.210081999660176,26.62681746286301,40.22486646301851,23.682847834188937,,16.210081999660172
Duenn,206,M1_alpha1p5,True,41.57011058117795,,15.922905112987856,27.04304118321351,39.27511070080135,24.17979197510119,,15.922905112987856
Duenn,208,M1_alpha1p5,True,39.452180564886,,15.968077040239514,26.93164601142264,38.37317326432092,23.99466974880045,,15.968077040239514
Duenn,210,M1_alpha1p5,True,38.632605691167804,,15.525109218344136,27.24189313599416,37.94763156441788,23.94832459215283,,15.525109218344136
Duenn,212,M1_alpha1p5,True,42.948312388481064,,14.721106293423132,26.918396611481157,39.890450325358,24.02075088505329,,14.721106293423132
Duenn,214,M1_alpha1p5,True,40.1702502858222,,13.773021882391316,27.895751125496073,40.15331979660342,24.571617776310646,,13.773021882391316
Duenn,216,M1_alpha1p5,True,44.39130367438417,,12.213564842552,28.91190237330657,44.09838852999064,25.605282753669243,,12.213564842552
Duenn,218,M1_alpha1p5,True,43.34783979625556,,12.151604891026793,30.91643426972739,46.22656935601381,27.21322376736725,,12.151604891026793
Duenn,220,M1_alpha1p5,True,46.923381565771614,,10.430864274176036,32.56310803819662,49.758376251069045,28.53674230445208,,10.430864274176038
Duenn,222,M1_alpha1p5,True,39.6761593594726,,9.135486186722952,31.963991170851823,42.93540843784316,28.01120965265245,,9.135486186722952
Duenn,224,M1_alpha1p5,True,45.10446252642236,,10.461713016821088,34.9455918395784,52.07667840156934,30.473856273584694,,10.46171301682109
Duenn,226,M1_alpha1p5,True,40.73600116263247,,10.378034987003893,29.400816742554753,45.74733097870666,25.16863842343988,,10.378034987003895
Duenn,228,M1_alpha1p5,True,43.23612019731379,,11.397169957037484,36.070088017742336,57.93676197288941,30.652261027010518,,11.397169957037484
Duenn,230,M1_alpha1p5,True,41.02390226024647,,12.131578533137231,33.984570618761644,53.36484258069184,29.142189995990545,,12.131578533137231
Einkaufen,184,M1_alpha1p5,False,36.440051472042754,9.88450477019667,14.89600026458712,22.12002483845683,31.24993936082701,19.382825606511243,9.88450477019667,14.896000264587116
Einkaufen,186,M1_alpha1p5,False,33.756485170654074,10.806475775543744,18.844605934349623,21.680710465640868,30.705897954469158,18.795675872875805,10.806475775543744,18.844605934349623
Einkaufen,188,M1_alpha1p5,False,40.743188322465144,10.986762316283917,22.382137920589958,26.13039894206311,37.96224210632401,22.981914895526664,10.986762316283917,22.382137920589958
Einkaufen,190,M1_alpha1p5,False,37.41660998532779,11.316186063744144,21.795849341672145,31.133608263110208,43.729519208193764,26.972111855369317,11.316186063744144,21.795849341672145
Einkaufen,192,M1_alpha1p5,False,41.27599448485472,22.305649087027657,40.932435010190204,37.5606673346241,36.257867471707186,34.60139272186959,22.305649087027657,40.9324350101902
Einkaufen,194,M1_alpha1p5,False,42.58116010796425,23.518729655494703,38.49588077047197,39.49041156766034,38.50161532248578,36.37271844761595,23.518729655494703,38.49588077047197
Einnehmen,223,M1_alpha1p5,False,34.003662862808966,15.887156707065866,15.686685699321933,22.538074135265596,32.36013869096107,20.04175666225946,15.887156707065866,15.686685699321936
Einnehmen,225,M1_alpha1p5,False,34.484884539185096,13.11898618828911,15.711924564755693,23.872577174593143,35.933895996257945,21.141395792397372,13.11898618828911,15.711924564755693
Einnehmen,227,M1_alpha1p5,False,34.02218196855792,19.32649062076249,14.633328207539346,22.126838110684147,33.61747162265864,19.6429557287702,19.32649062076249,14.633328207539346
Einnehmen,229,M1_alpha1p5,False,31.58816348329537,14.766701637947985,13.53843023531921,22.917934499163767,33.91906201332171,20.360472679485248,14.766701637947987,13.53843023531921
Einnehmen,231,M1_alpha1p5,False,35.09747281370093,12.107259263452177,12.334395288327508,26.35368145695713,38.677644542429896,23.40270609995091,12.107259263452177,12.334395288327508
Einnehmen,233,M1_alpha1p5,False,35.43343830320983,14.358294717440511,13.000066254721709,26.23243811487336,39.4314529779213,23.38091489296499,14.35829471744051,13.000066254721709
Einnehmen,235,M1_alpha1p5,False,37.0392485493251,20.0523831257028,12.972961189862128,27.314197168271654,40.5877942535791,24.318324286264804,20.0523831257028,12.972961189862128
Einnehmen,237,M1_alpha1p5,False,34.496224213130326,12.18697766856749,11.550074692410393,30.56306068592301,46.24543492888136,26.7160511291605,12.18697766856749,11.550074692410398
Einnehmen,239,M1_alpha1p5,False,47.915739567517896,29.88418439211782,18.610387115853836,48.868491637781894,49.40924314083174,44.69417650287295,29.88418439211782,18.610387115853836
EinstellenJob,208,M1_alpha1p5,False,37.632661964318594,10.979470979580864,9.151307979218156,27.89858691006818,35.39237866562576,24.59514466447453,10.979470979580864,9.151307979218156
EinstellenJob,210,M1_alpha1p5,False,37.87653688172529,9.810328170384707,8.510908274987004,26.72404407547795,39.183772079745175,23.146509326455483,9.810328170384707,8.510908274987004
EinstellenJob,212,M1_alpha1p5,False,38.33754346004138,10.012169433925479,7.782601160669255,28.364613646078162,41.51311433411123,24.612493061580366,10.012169433925479,7.782601160669255
EinstellenJob,214,M1_alpha1p5,False,42.9754219727861,12.695807243279495,7.183775958670939,31.638632710186304,50.51572267059271,27.585974168545555,12.695807243279495,7.183775958670938
EinstellenJob,216,M1_alpha1p5,False,48.270976543321126,10.473347219345401,6.770298448431042,34.554331651382,56.24425074549228,29.714562164922334,10.473347219345401,6.77029844843104
EinstellenJob,218,M1_alpha1p5,False,44.789591425855335,12.202017039979134,6.844448319727172,35.43906592974881,57.91458226099575,30.56019471944657,12.202017039979134,6.844448319727172
EinstellenJob,220,M1_alpha1p5,False,42.907746054187974,10.685927366877014,6.799364957233611,38.87281567385747,65.1527273004285,32.50798191587144,10.685927366877014,6.799364957233612
EinstellenJob,222,M1_alpha1p5,False,51.140700709971426,10.62989666612982,6.88493959497091,38.88030284911849,65.00715268454373,33.23304354516703,10.62989666612982,6.88493959497091
EinstellenJob,224,M1_alpha1p5,False,51.27754637302476,15.517738896111286,7.760449723275742,41.4275545795425,70.30130580204055,35.13638986912133,15.517738896111286,7.760449723275742
EinstellenJob,226,M1_alpha1p5,False,42.58077156789628,10.067166902345079,9.506527186105918,38.22504579924054,52.319955887929076,33.24336463951962,10.067166902345079,9.506527186105918
EinstellenJob,228,M1_alpha1p5,False,48.146252627241275,16.347544752983943,11.110302674815811,47.15301763955714,57.16554191950068,41.790366687180914,16.347544752983943,11.110302674815811
EinstellenJob,230,M1_alpha1p5,False,56.832269360624025,13.094910829322858,12.195908735259875,58.27506688384172,64.29597783252844,52.249008817649724,13.094910829322858,12.195908735259879
EinstellenJob,232,M1_alpha1p5,False,63.29391559682476,39.69009463264548,12.847220140656132,67.61063820677943,74.75003740768682,60.63348663600909,39.69009463264548,12.847220140656132
EinstellenJob,234,M1_alpha1p5,False,62.2073205363773,42.99314084601395,13.58578811716653,65.9847637862018,78.61317491409143,58.73558963736608,42.99314084601395,13.58578811716653
EisGefroren,242,M1_alpha1p5,False,42.964133476023335,11.3780301070106,13.774490253422087,29.81566392613255,41.18823932254419,26.16373689996799,11.378030107010604,13.774490253422087
EisGefroren,244,M1_alpha1p5,False,41.26331549739287,11.0314630249882,13.161940754256477,29.955382494799306,42.02309852877224,26.17004600530105,11.0314630249882,13.161940754256479
EisGefroren,246,M1_alpha1p5,False,41.97930321400623,9.570663375090813,5.716665206280487,29.447696638835243,40.31639321125115,25.917229599070534,9.570663375090813,5.716665206280488
EisGefroren,248,M1_alpha1p5,False,40.19686163486209,11.928230701915583,6.732245200299621,25.987674897518257,36.73617607424917,22.686294283194208,11.928230701915583,6.732245200299623
EisGefroren,250,M1_alpha1p5,False,40.8590099468386,10.410658604842306,7.5416549464409375,25.23047517283246,37.48324068576463,21.85690737740863,10.410658604842306,7.541654946440939
EisGefroren,252,M1_alpha1p5,False,37.5100337325821,11.959563196563622,7.716877101745978,26.252921286182293,38.318179174247256,22.615757752962754,11.959563196563622,7.716877101745978
EisGefroren,254,M1_alpha1p5,False,40.70960587100992,10.702429165981838,7.842793367463291,24.844966446594903,37.60793001149758,21.42214960870022,10.702429165981838,7.842793367463291
EisGefroren,256,M1_alpha1p5,False,37.70893448832403,13.96459507270572,10.140774742017273,26.86090060825815,40.09489183028251,22.838731937916847,13.96459507270572,10.140774742017273
EisGefroren,258,M1_alpha1p5,False,40.10107109776282,13.417473524190621,10.104035476476628,27.44739425891008,40.56317151271314,23.26940695284709,13.417473524190621,10.104035476476628
EisGefroren,260,M1_alpha1p5,False,33.02725267234279,11.125755795778176,9.479498757080416,25.25000511441274,37.238913963685434,21.588305447550052,11.125755795778176,9.479498757080417
EisGefroren,262,M1_alpha1p5,False,39.463518176320875,14.235048582033498,10.906895705462057,35.51460822083212,51.068182239242816,30.607451823711553,14.235048582033498,10.906895705462057
EisGefroren,264,M1_alpha1p5,False,44.8985060686882,13.757169035496108,12.078128047120977,44.10130265026382,61.57762868650407,38.390214199898274,13.757169035496108,12.078128047120977
EisGefroren,266,M1_alpha1p5,False,54.86306056444301,10.917284017487518,13.520858226785652,51.14448055533086,54.72876113145765,46.162620831855335,10.917284017487518,13.520858226785652
EisGefroren,268,M1_alpha1p5,False,57.38058734357487,36.89672751280579,15.920363159704475,57.24085500066613,64.76064058455786,51.34829080791007,36.89672751280579,15.920363159704475
Empathie,182,M1_alpha1p5,False,50.49266505397132,13.369136612911747,8.27773712085534,30.615721261573782,50.35563637846743,26.211441041311204,13.369136612911747,8.277737120855335
Empathie,184,M1_alpha1p5,False,56.20980741235222,13.24187771206162,8.443338347738099,34.52488819676154,58.06028559587933,29.565075001430458,13.24187771206162,8.443338347738107
Empathie,186,M1_alpha1p5,False,45.77128361309216,17.260066218425997,8.156680685158854,31.243091463771,48.116990212657896,26.765637906514105,17.260066218425997,8.156680685158854
Empathie,188,M1_alpha1p5,False,53.599710525163246,12.720556144798717,8.040275522103626,34.76685712879182,58.50187061591175,29.55295303972014,12.720556144798717,8.04027552210362
Empathie,190,M1_alpha1p5,False,46.50577692079485,14.477292300730465,8.358867138319159,31.31230062546459,49.932956380151246,26.698998140419608,14.477292300730465,8.358867138319168
Empathie,192,M1_alpha1p5,False,51.82643136422824,12.515297844340871,8.155642801378214,33.625570116807985,57.03554521066626,28.52770380149311,12.515297844340871,8.155642801378214
Empathie,194,M1_alpha1p5,False,47.50379155643638,13.907642497921975,8.110044669300427,30.14800674507595,47.91172308705225,25.75208881444416,13.907642497921975,8.110044669300425
Empathie,196,M1_alpha1p5,False,46.51821924450967,14.322980489304747,8.210542472917153,29.6548871455035,46.93607900197278,25.32933016879187,14.322980489304747,8.210542472917155
Empathie,198,M1_alpha1p5,False,47.99021786799906,13.490236093919393,8.31000770585827,32.375286502960826,55.325510786727484,27.363439406009086,13.490236093919393,8.310007705858277
Empathie,200,M1_alpha1p5,False,49.064603116095725,16.015595536569883,8.991044328232475,29.491300437968388,48.55744653550833,25.14841872168631,16.015595536569883,8.991044328232473
Empathie,202,M1_alpha1p5,False,43.752544049033055,15.016636310480234,8.47778623481585,30.00162450925044,46.15982395051083,25.729706323545948,15.016636310480234,8.477786234815852
Empathie,204,M1_alpha1p5,False,51.221108328964064,13.272548714261514,7.951199427523815,34.676685471287115,57.812822000592554,29.266992864569428,13.272548714261514,7.951199427523815
Empathie,206,M1_alpha1p5,False,47.81268624213507,13.332228036028425,7.990640165615084,31.79543630266732,48.29414606499644,27.498043618999745,13.332228036028425,7.990640165615084
Empathie,208,M1_alpha1p5,False,53.41684832227783,15.629390442621336,7.210736110671472,34.05565457167864,57.01330294816592,28.839825881209073,15.629390442621336,7.210736110671472
Empathie,210,M1_alpha1p5,False,55.235837110137325,18.400174520094748,7.600531862469004,33.72683987714859,56.632879343312204,28.247245228307076,18.400174520094748,7.600531862469004
Empathie,212,M1_alpha1p5,False,53.00464116785042,11.780696996658355,9.320197384093044,37.901766709621924,64.65830287740089,31.878866640369242,11.780696996658357,9.320197384093044
Empathie,214,M1_alpha1p5,False,54.021110685689955,10.652079881466664,7.860259242703075,37.24249242860464,63.55371777630456,31.080918312163806,10.652079881466664,7.860259242703075
Empathie,216,M1_alpha1p5,False,54.345017761603415,10.242594949441692,9.322190859947275,38.82491945835388,66.88199246856698,32.3529408745566,10.242594949441688,9.322190859947275
Empathie,218,M1_alpha1p5,False,48.413027991373866,10.542612876642067,9.561034370822043,39.00651521460583,64.44040764088948,32.741475974526644,10.542612876642064,9.561034370822043
Empathie,220,M1_alpha1p5,False,46.92292228756883,12.939860853165705,11.186136924363794,43.469700471402966,67.90161868003344,37.001058869505485,12.939860853165705,11.186136924363794
Empathie,222,M1_alpha1p5,False,46.109932578435675,10.910980778217906,17.34059436014753,40.20352197949228,63.97301598420714,33.97351819271304,10.910980778217903,17.34059436014753
Empathie,224,M1_alpha1p5,False,48.22148378970771,11.616863314245117,23.84845271073725,46.2399001988681,68.16645820427003,39.76565554364905,11.61686331424512,23.84845271073725
Empathie,226,M1_alpha1p5,False,48.59443935483438,10.402044762958926,43.18290129353264,36.19083606968654,53.523238236560985,31.400395085615656,10.402044762958926,43.18290129353264
Empathie,228,M1_alpha1p5,False,44.88754062632665,13.945228524138821,35.483807575553435,39.08023574727566,42.042756722646494,35.89516802780327,13.945228524138821,35.483807575553435
Empathie,230,M1_alpha1p5,False,46.85011331080779,13.614151821262594,37.56846516168033,41.50479857226539,44.81861383972466,38.2029770235435,13.614151821262594,37.568465161680315
Empathie,232,M1_alpha1p5,False,47.83517107628737,12.774507819243174,36.78675140968152,45.25570168026053,51.39699568166733,41.399080067192926,12.774507819243174,36.78675140968152
Entschuldigung,191,M1_alpha1p5,False,37.52822552402163,11.72111182275802,14.973311384202507,24.315290183694795,36.18810626795788,21.84034750629962,11.72111182275802,14.973311384202507
Entschuldigung,193,M1_alpha1p5,False,40.540437426006775,9.34526237782769,14.018361117846656,27.995542997232334,43.956333644748206,24.937268012693906,9.345262377827689,14.018361117846656
Entschuldigung,195,M1_alpha1p5,False,37.38440749170173,14.804505591145757,13.803043979313827,25.72189170003851,37.270386370331664,22.903933280361827,14.804505591145759,13.803043979313827
Entschuldigung,197,M1_alpha1p5,False,41.35977353761044,8.94076898035457,13.445244878033366,26.9539354489211,41.39579557683407,24.230845885613512,8.94076898035457,13.445244878033366
Entschuldigung,199,M1_alpha1p5,False,40.142481319682375,12.240302534297433,14.775758936802166,26.30958611608407,39.185940457217235,23.632040901664556,12.240302534297433,14.775758936802164
Entschuldigung,201,M1_alpha1p5,False,41.71254339603166,10.16095912276698,14.99465309277666,26.483337544464256,38.98708578062496,23.848488396401855,10.16095912276698,14.99465309277666
Entschuldigung,203,M1_alpha1p5,False,45.04513344745834,18.150099778341545,14.35794673645777,32.497102992777094,49.00172787608522,28.781011692711736,18.150099778341545,14.357946736457766
Entschuldigung,205,M1_alpha1p5,False,43.889105926615734,10.725859781384463,10.826440546747962,40.50092128406539,62.122698189794846,35.229012224468036,10.725859781384466,10.826440546747962
Entschuldigung,207,M1_alpha1p5,False,44.50957577746425,11.641626254138155,10.368958033712666,43.355668220827255,65.85991266555632,37.72364767871213,11.641626254138155,10.368958033712666
Entschuldigung,209,M1_alpha1p5,False,46.531089820868864,11.40103600730273,11.051997529189325,42.59260782361289,47.10204709020993,38.45817645741077,11.40103600730273,11.051997529189324
FestellenDiagnose,197,M1_alpha1p5,False,54.80491686546019,10.097220989481906,13.697229070159922,28.324346058066887,46.854041608775866,24.1206805507545,10.097220989481906,13.69722907015992
FestellenDiagnose,199,M1_alpha1p5,False,55.13054092799167,8.998510176805183,13.993986094395783,25.397662029172082,42.2194029631843,21.578838381499715,8.998510176805182,13.993986094395783
FestellenDiagnose,201,M1_alpha1p5,False,54.29460774459725,8.397000962035099,14.206884305670325,25.842512585318808,43.392664464408675,21.955504146465877,8.397000962035099,14.206884305670325
FestellenDiagnose,203,M1_alpha1p5,False,52.1612257262655,10.646117662442531,13.786353479922022,28.56538258990609,48.271085681800756,24.174400023687156,10.646117662442531,13.786353479922019
FestellenDiagnose,205,M1_alpha1p5,False,48.6085813618235,8.141347188505742,13.315297248622727,25.780074828099064,43.14438468312615,21.735415405510963,8.141347188505742,13.315297248622727
FestellenDiagnose,207,M1_alpha1p5,False,44.88483304672799,10.26642193967844,13.298065795374267,28.41908668228079,47.80374403933718,24.06786494679315,10.266421939678441,13.298065795374267
FestellenDiagnose,209,M1_alpha1p5,False,41.144145226140814,8.860607677675254,13.977852801429618,25.714130781775285,41.8852530557113,22.069077264858915,8.860607677675253,13.977852801429618
FestellenDiagnose,211,M1_alpha1p5,False,37.33471436331715,9.971426940918871,13.575401833376434,27.541143909786836,43.44533673569388,23.590390444816475,9.97142694091887,13.575401833376434
FestellenDiagnose,213,M1_alpha1p5,False,42.64329481514345,8.554169698950098,11.968678428719599,26.68171854800339,44.63708798332405,22.53275595338964,8.554169698950098,11.968678428719599
FestellenDiagnose,215,M1_alpha1p5,False,42.241819666765664,9.186100841888438,10.730350775360353,30.364111033021416,48.97648124254358,25.595352040833816,9.186100841888438,10.730350775360353
FestellenDiagnose,217,M1_alpha1p5,False,40.831101816346006,9.418065581550918,12.132268976572657,35.98093432441948,51.478915825431066,31.084287015333235,9.418065581550918,12.132268976572657
FestellenDiagnose,219,M1_alpha1p5,False,39.67778363434098,8.689290855103499,14.102280931504406,39.6188676137059,56.13288518866116,34.28073136272752,8.6892908551035,14.102280931504408
FestellenDiagnose,221,M1_alpha1p5,False,40.220992960029875,9.94679691954702,14.469060559360758,40.94699152156894,62.382994713710936,34.936032960642756,9.94679691954702,14.469060559360758
FestellenDiagnose,223,M1_alpha1p5,False,40.45857761805277,9.759731627908808,14.984271517467436,33.936140984298795,53.612673242282995,28.90432120745565,9.759731627908808,14.984271517467436
Frech,203,M1_alpha1p5,True,42.323798142781776,,13.024015180936674,29.346989341929007,40.02305853785699,26.608438097807298,,13.02401518093668
Frech,205,M1_alpha1p5,True,42.628165138083446,,11.815928797864975,30.53978705544167,42.45858753907588,27.60073033823307,,11.815928797864979
Frech,207,M1_alpha1p5,True,41.35149045575377,,10.212015561158525,29.58503864329449,42.22993398357087,26.41272565261136,,10.212015561158529
Frech,209,M1_alpha1p5,True,44.827318910469614,,8.908479021280582,36.521533116080505,44.98736839651883,32.89604340113855,,8.908479021280582
Frieren,190,M1_alpha1p5,False,38.25853296682225,11.71246659539127,14.492302246272093,26.346503704950177,37.92269058221208,23.504007049277973,11.71246659539127,14.492302246272093
Frieren,192,M1_alpha1p5,False,35.937377827105536,11.365940096860513,14.155717043991118,23.427957494373064,29.715496624614254,21.373929453429554,11.365940096860513,14.155717043991118
Frieren,194,M1_alpha1p5,False,38.094483376710954,12.731996674944725,13.943314392971807,25.490816338076318,37.66680677861338,22.483638843899577,12.731996674944723,13.943314392971807
Frieren,196,M1_alpha1p5,False,36.375448222068556,11.0725538895621,13.75980946333739,24.948563975163722,28.860472995275074,22.98972580069077,11.0725538895621,13.759809463337394
Frieren,198,M1_alpha1p5,False,40.0322399507643,10.574060772801756,13.328291681929828,24.331665690596665,34.71135326848546,21.84155353030372,10.574060772801756,13.328291681929828
Frieren,200,M1_alpha1p5,False,37.68535585841973,10.659888529941853,13.395773438974107,25.216743285257117,36.137048479040736,22.729338327751265,10.659888529941853,13.395773438974107
Frieren,202,M1_alpha1p5,False,36.44911722373269,11.376220646206725,12.915911490254894,24.421788659068728,32.408532362215205,22.475679029637085,11.376220646206725,12.915911490254897
Frieren,204,M1_alpha1p5,False,42.463353498042814,10.899638043694008,13.072403736575119,29.121637933254807,41.12355114069243,25.843356739342866,10.899638043694008,13.072403736575119
Frieren,206,M1_alpha1p5,False,40.32775938348201,10.62389665313688,12.060530725153424,28.551669258163752,36.55560319639775,25.772067719203893,10.62389665313688,12.060530725153424
Frieren,208,M1_alpha1p5,False,41.54423018158126,9.224281667760707,11.232718699320577,29.116142950677183,35.53920322530299,26.47219912048806,9.224281667760707,11.232718699320577
Frieren,210,M1_alpha1p5,False,37.506397337240266,9.256630082581976,11.478933421522333,23.449904999770556,28.460108679066806,21.15584617493128,9.256630082581976,11.478933421522333
Frieren,212,M1_alpha1p5,False,37.84381754060321,8.284959652169343,9.960729167579295,20.87724735909013,26.205946054211907,18.820700968926516,8.284959652169345,9.960729167579297
Frieren,214,M1_alpha1p5,False,40.91348320420321,7.959611258289542,9.170329298499908,22.851362290983978,29.894750510843874,20.918155820636123,7.959611258289542,9.170329298499908
Frieren,216,M1_alpha1p5,False,40.2114054659104,9.966850515554968,11.546090158731614,22.841077473453122,27.453521355146666,21.431240515134803,9.966850515554968,11.546090158731614
Frieren,218,M1_alpha1p5,False,51.31608396139536,11.141354338425668,13.652144822376036,44.86370121722941,42.955375322098064,41.41581245725426,11.141354338425668,13.652144822376036
Frieren,220,M1_alpha1p5,False,53.74230368973234,11.568383607077708,13.735024589290973,47.0968118248034,44.92276280905981,43.73866554825204,11.568383607077708,13.73502458929097
Frieren,222,M1_alpha1p5,False,48.24306346290415,10.607118396065824,18.67211052744802,40.517048578573736,40.715234579513314,37.28986660068922,10.607118396065824,18.672110527448016
Frieren,224,M1_alpha1p5,False,42.252304871633754,9.030575738024428,14.395494243565318,37.10790315118114,30.002951166069963,35.062140680802194,9.030575738024428,14.395494243565318
Frisch,189,M1_alpha1p5,False,60.68510686345902,12.204510165305816,10.741737185024144,51.893770920501176,42.97046856774228,49.309475887866654,12.204510165305816,10.741737185024144
Frisch,191,M1_alpha1p5,False,53.186293034889815,10.39411063176632,9.998419647692206,44.89868853661052,35.290360716866594,42.913786765942625,10.39411063176632,9.998419647692206
Frisch,193,M1_alpha1p5,False,56.85698553379741,13.310717372859925,10.038844151851958,50.396747940989115,42.650695743193594,47.82632496495232,13.310717372859925,10.03884415185196
Frisch,195,M1_alpha1p5,False,53.22500567953289,12.414381529195234,10.101127381327487,45.30096792842605,39.10216794485779,42.938493557611515,12.414381529195236,10.101127381327487
Frisch,197,M1_alpha1p5,False,53.265225814167806,10.12172242134501,9.68348539682688,44.18991171673716,34.516670127436484,42.42259721008898,10.12172242134501,9.68348539682688
Frisch,199,M1_alpha1p5,False,56.28196794215451,12.435240866504207,9.160230857700176,48.38826948828269,40.43287743319355,45.94514381839624,12.435240866504211,9.160230857700176
Frisch,201,M1_alpha1p5,False,50.79100394540349,9.226563331024378,10.523117765189493,39.57068974677738,31.45201079204292,38.04449424838879,9.226563331024378,10.523117765189488
Frisch,203,M1_alpha1p5,False,41.51850455719213,10.172789036099932,9.263281062267948,30.089332100800828,37.05898743383564,27.637122753401286,10.172789036099932,9.263281062267948
Frisch,205,M1_alpha1p5,False,46.40472927088323,11.20706658268223,8.507512236372136,33.52465503045185,45.141903910607816,29.96110137184627,11.20706658268223,8.507512236372136
Frisch,207,M1_alpha1p5,False,46.56723937000898,8.358529223266338,7.746485298903394,31.247505393407696,39.1172608303555,28.262252446887587,8.358529223266338,7.746485298903394
Frisch,209,M1_alpha1p5,False,49.059465903986734,7.124910539181406,6.635198463928099,33.25601307907944,42.66758494197935,29.94244965611932,7.124910539181404,6.6351984639280985
Frisch,211,M1_alpha1p5,False,50.093124886291726,6.860353785418364,6.210968937276594,31.638024722115972,36.10296486380668,29.120054618096983,6.860353785418364,6.210968937276594
Frisch,213,M1_alpha1p5,False,43.944086287214965,5.9032109679448785,6.442329546475704,32.81536777456234,44.29551377628967,29.19146521265108,5.903210967944879,6.442329546475704
Frisch,215,M1_alpha1p5,False,44.79054117773854,6.152347824594874,7.164794318417831,36.462646747576315,54.059145258936866,31.685825085521856,6.152347824594874,7.164794318417831
Froh,186,M1_alpha1p5,False,63.20576923298348,10.445802054435624,10.003343563254914,60.71048961059424,62.034454023867674,55.63904896622744,10.445802054435623,10.003343563254914
Froh,188,M1_alpha1p5,False,67.17572815451294,10.263141356812655,8.87707742958431,66.88694976798594,69.98292252696017,61.050012551831294,10.263141356812655,8.87707742958431
Froh,190,M1_alpha1p5,False,54.910406683234214,12.75245278982274,8.970675310334578,50.06502836360542,59.515647080892805,45.24826143768152,12.752452789822739,8.970675310334578
Froh,192,M1_alpha1p5,False,50.1257838138042,12.006786003021427,8.007781827228795,46.27532238556172,64.59052081997709,40.707141052655494,12.006786003021427,8.007781827228795
Froh,194,M1_alpha1p5,False,47.60427124223626,11.308659765737312,8.44004422337627,41.67044723403034,58.34023298112042,36.488178609555774,11.308659765737312,8.440044223376269
Froh,196,M1_alpha1p5,False,47.12232898613205,12.179991170428348,7.580469423135719,41.47707698067795,62.16883027440833,35.91410418592691,12.179991170428348,7.580469423135719
Froh,198,M1_alpha1p5,False,44.71581169200054,10.678516314552077,8.21656904749054,39.81839793310329,60.597643964215386,34.41825566054567,10.678516314552077,8.21656904749054
Froh,200,M1_alpha1p5,False,43.14276481054443,10.011426552526043,7.812021329954964,37.41785012508829,56.11338536753718,32.72733472173476,10.011426552526045,7.8120213299549635
Froh,202,M1_alpha1p5,False,37.62984955014545,11.965875047758866,7.3479364487303185,30.31996810652745,40.51970055212258,26.941965225512405,11.965875047758866,7.3479364487303185
Froh,204,M1_alpha1p5,False,42.18565386836922,8.827300462077,7.607136549298684,23.69074684299898,27.148573188114707,21.97692302545942,8.827300462076998,7.607136549298684
Froh,206,M1_alpha1p5,False,53.31510439619755,8.62669580450032,7.750442948252175,45.95039167656183,46.5745319589007,42.10209674300012,8.626695804500319,7.750442948252177
Froh,208,M1_alpha1p5,False,52.77327827660626,9.469984442739849,12.968873138927083,47.81448451002827,50.24672223613078,43.53943397395099,9.469984442739847,12.968873138927085
Froh,210,M1_alpha1p5,False,45.44969360196753,10.605045732323003,12.69124630099923,40.53886535297397,41.74194747391298,37.209377655296336,10.605045732323003,12.69124630099923
Glas,140,M1_alpha1p5,False,38.19259050830606,16.00874543992642,14.504201583175776,24.118386818007675,32.256142148514066,21.551544272015942,16.00874543992642,14.504201583175776
Glas,142,M1_alpha1p5,False,42.66101696605958,14.21434116835153,14.384337771846495,32.147241415212875,44.25546269589936,28.43035954652847,14.21434116835153,14.384337771846498
Glas,144,M1_alpha1p5,False,37.846163038640086,16.239910231196106,14.214578782649909,26.703824904660237,36.52527952741014,23.730247627402022,16.239910231196106,14.214578782649909
Glas,146,M1_alpha1p5,False,43.798115177162735,12.985747187708602,13.772721680671815,33.361280097768315,44.57293456367469,29.664702781880926,12.985747187708602,13.772721680671815
Glas,148,M1_alpha1p5,False,42.842124759044545,14.43389279928601,14.50688749778048,30.568145455316067,40.269976803054924,27.29491951852574,14.43389279928601,14.506887497780479
Glas,150,M1_alpha1p5,False,40.03522903965958,14.814948640315148,14.004407817911336,28.679324399834456,37.19548552121657,25.575367785715507,14.814948640315148,14.004407817911337
Glas,152,M1_alpha1p5,False,44.45602669328074,12.642489398136558,13.803497524082337,34.308198738873294,43.05296294867283,30.646843001359294,12.642489398136558,13.803497524082337
Glas,154,M1_alpha1p5,False,40.24036242223923,14.70925848265345,13.757023861184512,27.00296529670634,38.3049955368106,23.864629075331376,14.70925848265345,13.757023861184514
Glas,156,M1_alpha1p5,False,44.3435147365067,12.851411992031903,14.234268490099971,31.301033545204415,45.018651915355974,27.68296312385995,12.851411992031903,14.234268490099973
Glas,158,M1_alpha1p5,False,37.87619951331544,15.940217768733076,14.581007051088719,27.346756837026838,40.49904928744977,23.952429649747582,15.940217768733076,14.581007051088719
Glas,160,M1_alpha1p5,False,41.0041257433218,16.022879357693192,13.732765258138986,27.803471756241926,38.29998976713011,24.665085344760087,16.022879357693192,13.732765258138988
Glas,162,M1_alpha1p5,False,44.97080489773588,13.663006528073174,14.226576630357425,32.922936061452724,45.781499421453695,29.128795499541834,13.663006528073172,14.226576630357425
Glas,164,M1_alpha1p5,False,44.99895613300784,13.904101174022406,14.079532659409228,33.294610384404926,43.835384020618086,29.669099475657056,13.904101174022404,14.079532659409228
Glas,166,M1_alpha1p5,False,38.48306134075577,15.214811127132167,13.92800602235139,25.552285602570567,35.040902473832574,22.89784935854258,15.214811127132167,13.928006022351388
Glas,168,M1_alpha1p5,False,36.67568726543735,12.506794914890136,13.941650526162338,26.41803867996399,37.47776881197234,23.2651887830188,12.506794914890136,13.941650526162338
Glas,170,M1_alpha1p5,False,47.025620774406896,13.411733012069188,13.81805903463562,32.0300531616773,45.563921638863924,28.426596958917557,13.411733012069188,13.81805903463562
Glas,172,M1_alpha1p5,False,38.14428712421516,15.185773135135433,13.90101518510463,25.348121556640482,37.44654711496872,22.392785549565982,15.185773135135433,13.901015185104631
Glas,174,M1_alpha1p5,False,38.94808189088767,15.631587773714175,14.028375889677731,25.904290770903884,37.65900020569477,22.79987518059475,15.631587773714175,14.028375889677731
Glas,176,M1_alpha1p5,False,41.840963965110745,12.43522387611058,13.756341886327482,30.436711056702578,42.26076404308777,26.943250174649723,12.43522387611058,13.756341886327482
Glas,178,M1_alpha1p5,False,39.0788310183667,14.793181671163364,13.174226584285543,26.093098134587354,34.814163518258574,23.27095872331728,14.793181671163364,13.174226584285543
Glas,180,M1_alpha1p5,False,40.981453042506764,13.507010280442987,14.12434879976997,30.607112146474304,43.60556769706006,26.95015311042736,13.507010280442987,14.124348799769967
Glas,182,M1_alpha1p5,False,42.31614329068106,13.513819280394076,13.993047121018277,31.178240044886238,45.229443104044265,27.367677217916178,13.513819280394076,13.993047121018279
Glas,184,M1_alpha1p5,False,38.44797726884351,18.474300930108633,14.018439648452073,26.21499505203053,37.85140583506099,23.124246815124494,18.474300930108633,14.018439648452073
Glas,186,M1_alpha1p5,False,43.572808577130324,16.205021189655643,14.23815743156604,31.91266093070126,44.081898207994335,28.197834443402574,16.205021189655643,14.23815743156604
Glas,188,M1_alpha1p5,False,36.61078528769582,25.81465670072499,15.65459638630134,23.73747816560278,34.466555137647745,21.135762757891793,25.81465670072499,15.654596386301344
Glas,190,M1_alpha1p5,False,37.184748619338784,23.30547707922909,16.189127374955465,25.729677826680852,38.951768134755504,22.6511302458385,23.30547707922909,16.189127374955465
Glas,192,M1_alpha1p5,False,35.42658519765008,24.177838848129017,13.896497610306712,22.699557649360493,33.18288525147127,20.276901493744298,24.177838848129017,13.896497610306712
Glas,194,M1_alpha1p5,False,34.81259067879238,29.57808586030617,14.38318747932584,25.012248589418128,34.46295841471217,22.13500394781292,29.57808586030617,14.38318747932584
Glas,196,M1_alpha1p5,False,37.97334916150666,31.5206294682922,15.267289836032516,25.008008384187256,35.83527083445982,22.014968733760693,31.5206294682922,15.26728983603251
Glas,198,M1_alpha1p5,False,36.565743367624016,32.74812968024879,14.862037453222719,26.493660020112713,38.40836548285375,23.183492106220925,32.74812968024879,14.862037453222719
Glas,200,M1_alpha1p5,False,36.158401142863525,31.807315273723983,14.127792095149893,26.945580005028287,38.32143196964257,23.637658972306653,31.807315273723983,14.127792095149895
Glas,202,M1_alpha1p5,False,37.228040171159954,34.31945482630437,15.585194994338504,31.534852168556448,44.434251553531325,27.60074722631404,34.31945482630437,15.585194994338504
Glas,204,M1_alpha1p5,False,37.66983203047246,34.49538743248295,16.103190345410965,35.14395739122989,49.764377324224384,30.74656545060463,34.49538743248295,16.103190345410965
Glas,206,M1_alpha1p5,False,38.86279455830234,31.89964179787784,16.006363233217588,35.45881811540331,51.05146613140378,31.12373183954749,31.89964179787784,16.006363233217588
IdiomPffIgnorieren,154,M1_alpha1p5,False,46.316563864781365,14.934854110382581,12.663426099312863,20.638406898467935,32.32487635087326,17.76314366671491,14.934854110382581,12.663426099312863
IdiomPffIgnorieren,156,M1_alpha1p5,False,48.368428251411885,15.490342493941174,13.736381953809339,22.40785855530791,35.67805500489634,19.25552372392228,15.490342493941174,13.736381953809339
IdiomPffIgnorieren,158,M1_alpha1p5,False,51.78286809091845,15.48062626283076,12.27501200512667,24.28918501223085,37.162968109941836,20.77486074158808,15.48062626283076,12.27501200512667
IdiomPffIgnorieren,160,M1_alpha1p5,False,57.38294309898133,15.908412321754717,9.853811330639985,24.28237765393217,39.965665362592844,20.759332675712297,15.908412321754717,9.853811330639983
IdiomPffIgnorieren,162,M1_alpha1p5,False,49.93112017552532,15.224380368730541,7.732043105429577,24.324247639613297,38.240946982384436,20.89010524975295,15.224380368730541,7.732043105429577
IdiomPffIgnorieren,164,M1_alpha1p5,False,49.451070339879415,16.01502484115209,6.058259925512079,25.25568667480585,40.38222232024537,22.053524641160546,16.01502484115209,6.058259925512077
IdiomPffIgnorieren,166,M1_alpha1p5,False,46.73118630753996,16.283781536779607,6.700078942264819,21.60524961598115,34.91000083296868,18.369082653134434,16.283781536779607,6.700078942264819
IdiomPffIgnorieren,168,M1_alpha1p5,False,48.42293404228594,15.64785436153567,7.7508565601834984,24.650540021538607,39.61050813511746,21.258828091993102,15.64785436153567,7.7508565601834984
IdiomPffIgnorieren,170,M1_alpha1p5,False,46.50501713875037,17.218608925269656,8.542992274048805,24.019244640965788,38.46081395010608,20.947088855104294,17.218608925269653,8.542992274048805
IdiomPffIgnorieren,172,M1_alpha1p5,False,40.786529143602294,16.508504176108698,8.419572918261895,22.10728172179517,34.73875036378366,18.986986279359215,16.508504176108698,8.419572918261895
IdiomPffIgnorieren,174,M1_alpha1p5,False,40.56815283663133,15.428182142829584,8.105211339962672,27.525903292801235,44.3335974861783,23.659967057454843,15.428182142829588,8.105211339962674
IdiomPffIgnorieren,176,M1_alpha1p5,False,38.306499791228,18.217298253909128,8.487717712595876,31.22810625600357,45.925108851991574,26.891794561831798,18.217298253909128,8.487717712595876
IdiomPffIgnorieren,178,M1_alpha1p5,False,42.06353618696341,20.973830326330173,6.818151716890549,34.94184492900912,53.613349377342374,29.874424071220876,20.973830326330173,6.818151716890549
IdiomPffIgnorieren,180,M1_alpha1p5,False,47.94895831643532,20.221504314276363,6.604068240182807,49.178295501188174,68.57709160140377,43.122810267996634,20.221504314276363,6.604068240182807
IdiomPffIgnorieren,182,M1_alpha1p5,False,50.517675601931714,37.40226810358472,32.79232791233389,50.51543547893195,46.453044667684715,47.04292914334587,37.40226810358472,32.79232791233389
IdiomPffIgnorieren,184,M1_alpha1p5,False,48.31442241013069,39.47870308824786,29.186366692362867,47.9512003218081,47.51859334797359,44.29890581382156,39.47870308824787,29.186366692362867
Jahr,242,M1_alpha1p5,True,38.17712006494582,,14.148813671697853,26.899851871296818,39.11021260069404,23.11343553723762,,14.148813671697853
Jahr,244,M1_alpha1p5,True,38.86920311730487,,14.07557182665237,28.097363863280464,40.11832005456183,24.39458954023688,,14.07557182665237
Jahr,246,M1_alpha1p5,True,44.49933588179364,,14.402413161631518,34.176063604505096,49.82865810251897,29.17384025295169,,14.402413161631515
Jahr,248,M1_alpha1p5,True,43.94288678299191,,14.136115949515396,38.16689426152166,54.98398033456066,32.57531918827201,,14.136115949515396
Jahr,250,M1_alpha1p5,True,41.45566978939578,,14.027462793861446,38.11672494580591,53.65156302794483,32.64260325553851,,14.027462793861444
Jahr,252,M1_alpha1p5,True,46.45610936230949,,13.477902072259981,41.306813733980974,60.97825396191496,35.2569732274603,,13.477902072259981
Jahr,254,M1_alpha1p5,True,43.59689288135258,,13.67840753148125,40.64106603650552,57.14735200187458,34.86140859656207,,13.67840753148125
Jahr,256,M1_alpha1p5,True,41.0910747282205,,13.055286543629965,41.17396021973112,57.43502867619187,35.16543810964792,,13.05528654362997
Jahr,258,M1_alpha1p5,True,47.217389738975065,,14.235682149612144,52.14659440237246,75.716349361989,44.340940735497774,,14.235682149612144
Jahr,260,M1_alpha1p5,True,46.451040987222406,,10.124845217324133,49.00647234121738,70.9314661115619,41.689486916482785,,10.12484521732413
Klar,154,M1_alpha1p5,True,37.9372191610338,,9.414144765156784,29.40558662601322,39.10944870384617,25.812514797132014,,9.414144765156784
Klar,156,M1_alpha1p5,True,35.00754445644655,,9.393394763574861,27.085626896014325,35.90846681661192,23.82903464761993,,9.39339476357486
Klar,158,M1_alpha1p5,True,38.4572436742621,,8.895209409225675,29.135120961903848,35.6846807200664,25.780263487331524,,8.895209409225675
Klar,160,M1_alpha1p5,True,39.26748367833625,,8.764252143878187,29.254612348242016,36.697941745239724,25.83050302577223,,8.764252143878187
Klar,162,M1_alpha1p5,True,36.49101543369958,,8.376753551193671,28.93480624121808,36.470795875285894,25.58118963036265,,8.376753551193671
Klar,164,M1_alpha1p5,True,37.4099024249444,,9.26615562135184,29.59985699516788,36.83288897330948,26.148384383605208,,9.26615562135184
Klar,166,M1_alpha1p5,True,35.07832386108835,,10.190186873875007,26.76974727981093,34.202663190473686,23.53659038834267,,10.190186873875005
Klar,168,M1_alpha1p5,True,36.079217974499464,,10.422841586267971,27.1616659139482,35.46689258875468,23.765684924557984,,10.422841586267971
Klar,170,M1_alpha1p5,True,34.062867148902605,,9.139722681070694,25.237273280239652,33.33281241389654,22.10570874453777,,9.139722681070696
Klar,172,M1_alpha1p5,True,40.94987666678983,,7.744928705147878,31.663445298822293,39.0267774989341,28.192792156698168,,7.744928705147877
Klar,174,M1_alpha1p5,True,37.365677517185254,,7.887635765008212,28.439275279378844,36.37068893283745,25.411345022405996,,7.887635765008212
Klar,176,M1_alpha1p5,True,39.37797232388346,,7.906298291984444,28.635646226942463,43.39965165477194,25.265251014446868,,7.906298291984444
Klar,178,M1_alpha1p5,True,41.40171455185711,,8.401275436673531,30.373414878998776,47.2913953580888,26.217469600492873,,8.401275436673535
Klar,180,M1_alpha1p5,True,39.93675328001411,,9.302245017478675,35.26307422701495,53.42462932253824,30.096607992793594,,9.30224501747867
Kochen,227,M1_alpha1p5,False,39.29638389534983,20.683292788707366,15.567432445134793,24.80105097372044,30.85829034725363,22.74193596000232,20.683292788707366,15.567432445134793
Kochen,229,M1_alpha1p5,False,38.60018414851931,12.545525670473989,16.049520684111663,22.243545147117445,32.58342028594673,20.014678408231116,12.545525670473985,16.049520684111663
Kochen,231,M1_alpha1p5,False,41.833306603090236,11.644970953971539,16.18899021521204,25.88038576933586,35.39023799788761,23.414021846872828,11.64497095397154,16.18899021521204
Kochen,233,M1_alpha1p5,False,44.29591704607347,26.238469921650694,16.259969228412835,30.768119024583463,37.85740312374453,28.098422516398504,26.238469921650694,16.259969228412835
Kochen,235,M1_alpha1p5,False,37.8406178922648,11.576353468616094,13.910556982146721,22.57371791136155,32.71511962718968,20.638120836494924,11.576353468616094,13.910556982146721
Kochen,237,M1_alpha1p5,False,36.95820044382899,13.695371390459314,13.495572543202659,21.447123355299727,29.71963474554213,19.510679593303976,13.695371390459314,13.495572543202659
Kochen,239,M1_alpha1p5,False,36.106887511730356,12.102539052501536,11.832540409966457,21.491662265961594,29.864844472236104,19.791633423483866,12.102539052501536,11.832540409966457
Kochen,241,M1_alpha1p5,False,36.79025593067632,16.450924113729137,10.159701258414824,23.400472632655752,33.67451707611352,21.008361154357868,16.450924113729137,10.159701258414826
Kochen,243,M1_alpha1p5,False,34.28553991156755,8.97786885907628,10.624015152793207,22.216627929943083,32.43939413190899,19.959014661813995,8.97786885907628,10.624015152793207
Kochen,245,M1_alpha1p5,False,35.47727308440181,10.994788951377663,10.621664544768674,22.07251182383812,31.29704645336817,19.574214287977217,10.994788951377663,10.621664544768674
Kochen,247,M1_alpha1p5,False,34.516117781262075,11.056186414656509,10.921977398335727,23.538458650825163,30.657389817786306,20.944438365314728,11.056186414656514,10.921977398335727
Kochen,249,M1_alpha1p5,False,36.585906436372376,10.960731678059568,12.42282109355524,25.958095436181036,33.726889888084585,23.238479625653707,10.960731678059568,12.422821093555237
Kochen,251,M1_alpha1p5,False,38.87122383802656,21.530553322708702,10.761981889334548,32.87130301452611,41.072985756631034,29.39602633325565,21.5305533227087,10.76198188933455
Kochen,253,M1_alpha1p5,False,35.4530335730481,21.286371018417434,14.676157710732271,31.494479353759534,42.21765073883528,27.65597305928943,21.286371018417434,14.676157710732271
Lesen,215,M1_alpha1p5,False,41.01485414505252,8.333105381304808,11.719114255672535,27.9154763087492,45.851679991505925,24.23924733651772,8.333105381304808,11.719114255672535
Lesen,217,M1_alpha1p5,False,38.131243325453525,9.570214382433397,11.655473217399962,25.62504267164249,36.72562626410348,22.38989485852488,9.570214382433397,11.655473217399962
Lesen,219,M1_alpha1p5,False,38.83575375339731,8.247314953878245,10.680243632751267,25.921566068990874,35.00578135032861,22.743269820546868,8.247314953878245,10.680243632751269
Lesen,221,M1_alpha1p5,False,42.05048322719288,9.092930910131193,8.09821967068187,26.789958332346174,43.07127662529073,23.460073497596,9.09293091013119,8.09821967068187
Lesen,223,M1_alpha1p5,False,38.751929827450006,8.799135684081525,8.702040085355115,24.221546940051624,37.66730269666398,21.169942971186195,8.799135684081525,8.702040085355115
Lesen,225,M1_alpha1p5,False,36.101798687577244,8.251074447160322,11.815747478217078,26.947696672320035,36.466325641470036,23.62706930064624,8.251074447160324,11.81574747821708
Lesen,227,M1_alpha1p5,False,40.1909914361495,11.764698910205638,11.53916198366551,31.978811075256367,35.75581019453452,28.910253011424754,11.76469891020564,11.53916198366551
Lesen,229,M1_alpha1p5,False,36.01311968761225,8.470087645519817,10.896811587037636,26.32150632829548,35.848091357341055,22.991713580671917,8.470087645519818,10.896811587037634
Lesen,231,M1_alpha1p5,False,36.37549050067348,10.004348741360825,10.600785658782787,28.621299676355147,33.33980380119708,25.63009704567236,10.004348741360825,10.60078565878279
Lesen,233,M1_alpha1p5,False,35.83407165636986,8.790426726581547,10.907938019178742,23.660048893107668,33.891859230183755,20.841327304147303,8.790426726581547,10.907938019178744
Lesen,235,M1_alpha1p5,False,34.989656625745106,8.027482825121412,11.298323365564858,26.87658511193767,36.28573988941032,23.45419579868084,8.027482825121412,11.298323365564857
Lesen,237,M1_alpha1p5,False,35.942914045462636,10.05542306628161,11.321990123833283,27.35213886103275,34.99410396435915,24.086155064315864,10.05542306628161,11.321990123833283
Lesen,239,M1_alpha1p5,False,39.29367165369183,9.788288932756297,11.539512706576753,34.74520902448444,39.69902471191296,31.153708618089915,9.788288932756297,11.539512706576753
Lesen,241,M1_alpha1p5,False,38.599369112737214,8.32905562969298,10.983764263851652,32.70506677606001,42.1019380106045,28.70741331836296,8.32905562969298,10.983764263851652
Lesen,243,M1_alpha1p5,False,37.695432945642764,11.018138880507026,11.495970529540598,33.22036611867074,42.497757001664546,29.219587560019306,11.018138880507026,11.495970529540598
Lesen,245,M1_alpha1p5,False,40.72624922252893,10.083154389479775,11.875439448358225,35.168386151864944,42.60753299148954,31.20357021551215,10.083154389479775,11.875439448358225
Lesen,247,M1_alpha1p5,False,41.96204905986949,11.594474905787106,13.561863785203556,39.83603946553857,50.6286587743883,35.1848322080634,11.594474905787106,13.561863785203556
Lesen,249,M1_alpha1p5,False,45.40697801478798,14.03842796704885,16.79570444285187,46.74223536826475,59.36842838435529,41.44421053206032,14.03842796704885,16.79570444285187
LiebBitte,170,M1_alpha1p5,True,58.32298227652075,,13.014543887041018,48.89717531693671,58.77106182647512,43.34400329904017,,13.014543887041018
LiebBitte,172,M1_alpha1p5,True,47.41569005048238,,12.997521843464801,43.36010575575297,56.62265043533119,38.248293788559806,,12.997521843464801
LiebBitte,174,M1_alpha1p5,True,53.645670083525644,,12.558205776134594,47.69939186283444,57.45800937072484,42.38639348503958,,12.558205776134594
LiebBitte,176,M1_alpha1p5,True,60.3639937811217,,12.821020504834664,54.7622355211065,65.63167942020175,48.68458406334186,,12.821020504834664
LiebBitte,178,M1_alpha1p5,True,60.11296960005933,,12.53989762963148,53.666869119845586,64.15486220791004,47.59465253872737,,12.53989762963148
LiebBitte,180,M1_alpha1p5,True,52.24474921136798,,12.1947725021146,45.95568154995773,52.61608020198728,41.020764298702176,,12.1947725021146
LiebBitte,182,M1_alpha1p5,True,48.346665674624155,,12.662866550546356,44.33294513014322,52.62507966654675,39.195734201583846,,12.662866550546356
LiebBitte,184,M1_alpha1p5,True,51.70695857206707,,11.52732207439476,44.013536853799394,51.00523838457968,39.08469335432124,,11.52732207439476
LiebBitte,186,M1_alpha1p5,True,47.900609505754765,,10.646505675290802,39.811955144593796,47.010478597817375,35.61717199199345,,10.646505675290802
LiebBitte,188,M1_alpha1p5,True,46.36513915237736,,9.951067698818175,42.22190593106138,50.15032898913467,37.30494908845207,,9.951067698818175
LiebBitte,190,M1_alpha1p5,True,37.42332859873304,,10.683252696251577,28.750671745289853,34.17773510065837,25.66439809340489,,10.683252696251577
LiebBitte,192,M1_alpha1p5,True,38.5351546570954,,11.115031608149035,25.2492926796823,33.646204426868415,22.6205771809257,,11.115031608149035
LiebBitte,194,M1_alpha1p5,True,34.6073680987188,,9.537352056976939,24.780686311186088,33.05228695729804,22.09164702503093,,9.537352056976939
LiebBitte,196,M1_alpha1p5,True,36.82733886350717,,9.670124999262914,33.35681802299779,42.969280614775585,29.00384980102996,,9.670124999262914
LiebBitte,198,M1_alpha1p5,True,44.608218458708805,,10.288156365217189,43.82336645907653,58.090618890412394,38.249406309610585,,10.288156365217189
LiebBitte,200,M1_alpha1p5,True,48.279862495441996,,17.24414914460276,50.797568945215374,68.3189548138812,44.11757529995996,,17.244149144602762
Luegen,149,M1_alpha1p5,True,41.99631670073848,,12.335538397307165,31.092446085805502,40.72378761471159,27.912804737634943,,12.335538397307165
Luegen,151,M1_alpha1p5,True,43.62590639787401,,13.355791732403521,33.06793816614327,42.783903859641704,29.5092921004995,,13.355791732403521
Luegen,153,M1_alpha1p5,True,42.00214312284298,,12.629080722039799,31.777672824529937,41.26079262670427,28.438754553284422,,12.629080722039797
Luegen,155,M1_alpha1p5,True,36.37086651629834,,12.268916736077191,27.18842940052982,37.87015050154154,24.238166961046506,,12.268916736077191
Luegen,157,M1_alpha1p5,True,37.521942519801534,,11.81596822682347,28.438158999023354,38.713748953507654,25.276269754440982,,11.81596822682347
Luegen,159,M1_alpha1p5,True,36.868923009911384,,11.672128692684131,29.18632661631352,37.22515827542537,25.9865262512493,,11.672128692684131
Muell,160,M1_alpha1p5,True,37.19857937210245,,15.550894763700233,29.287435655779262,43.98887109080547,25.489398473870757,,15.550894763700237
Muell,162,M1_alpha1p5,True,36.771018101148556,,13.64129486029324,26.619239796557252,38.9254509605547,23.428327921132524,,13.641294860293236
Muell,164,M1_alpha1p5,True,40.68513242539611,,12.731746269411364,28.517235242353802,40.04394577653006,25.428433363992223,,12.731746269411362
Muell,166,M1_alpha1p5,True,39.59153111776929,,8.627023428288325,29.624823290763416,39.52463202001887,26.250008263376685,,8.627023428288327
Muell,168,M1_alpha1p5,True,38.815683708624306,,7.896346066360939,29.30009582756794,38.87121062528742,26.257140990991665,,7.896346066360939
Muell,170,M1_alpha1p5,True,41.81569430052525,,9.843869791796367,30.491870370348167,42.433854245908506,27.053378978964172,,9.843869791796367
Mutter,186,M1_alpha1p5,True,51.93589602915933,,8.637474894311621,46.119527181077395,59.170822788836475,40.577231467992604,,8.637474894311621
Mutter,188,M1_alpha1p5,True,51.778582237742576,,9.03844311428139,45.64752123039115,57.415569992777506,40.30712424748541,,9.03844311428139
Mutter,190,M1_alpha1p5,True,48.51542743785932,,7.53556569187667,41.7081811912093,53.02603206662792,36.811085547320594,,7.53556569187667
Mutter,192,M1_alpha1p5,True,49.474698196592094,,7.572003236099574,41.33134910914152,50.8242281858489,36.53534249266375,,7.572003236099574
Mutter,194,M1_alpha1p5,True,45.03555350849336,,8.088128784972021,34.393016939235295,43.57756725488554,30.459386878096897,,8.088128784972021
Mutter,196,M1_alpha1p5,True,46.79381614310398,,7.582000693773823,31.65845608547952,41.47681539467665,28.709356036094675,,7.582000693773823
Mutter,198,M1_alpha1p5,True,41.922095605150425,,7.9910186537906975,29.229017036555735,39.057623381785454,25.865713803171026,,7.9910186537906975
Mutter,200,M1_alpha1p5,True,41.26730209111266,,7.3672725344562195,27.368125041932355,39.03424664444437,24.102967588994883,,7.3672725344562195
Mutter,202,M1_alpha1p5,True,43.1707785093855,,7.62953595826302,29.201512772372496,43.26037259798262,25.724032676684097,,7.629535958263019
Mutter,204,M1_alpha1p5,True,43.26177158189233,,9.001588522614341,35.889617119428856,54.40956757447233,30.818200530276926,,9.001588522614341
Mutter,206,M1_alpha1p5,True,47.34748977825327,,11.283916545908323,42.35663641083328,63.795374341806394,36.704503003174466,,11.283916545908323
Naehen,201,M1_alpha1p5,False,39.38613991439979,16.339254177471837,9.851034810780291,22.06248645095098,32.340730992364115,19.956591044172086,16.339254177471837,9.851034810780291
Naehen,203,M1_alpha1p5,False,35.98623319605006,18.709374981096133,10.409014788536686,22.422608184259282,31.272058989955013,19.94429028283355,18.709374981096136,10.409014788536686
Naehen,205,M1_alpha1p5,False,36.318843575266165,16.439257563855882,10.969550697505255,23.92067889188437,34.57341135037732,21.120722473873577,16.439257563855882,10.969550697505257
Naehen,207,M1_alpha1p5,False,36.348484295097336,16.492237622221232,10.516960450842715,23.726557442278246,34.03674599321708,20.956607288763898,16.492237622221232,10.516960450842715
Naehen,209,M1_alpha1p5,False,35.9647004058588,16.65947940073832,10.524861452862405,22.34665637472282,31.305165222705803,19.869623726260134,16.65947940073832,10.524861452862407
Naehen,211,M1_alpha1p5,False,36.79387793606625,16.411608082894457,10.70699319913423,23.62435661795372,33.82203524347313,20.940791030027192,16.411608082894453,10.706993199134228
Naehen,213,M1_alpha1p5,False,36.27299656459994,18.457918518641424,11.02543213490912,20.515393972991266,29.85275816335928,18.045962903598788,18.457918518641424,11.02543213490912
Naehen,215,M1_alpha1p5,False,37.57638274145098,16.4159851001362,10.667110890051017,24.137606954965634,35.66645309827347,21.287883233481406,16.4159851001362,10.667110890051017
Naehen,217,M1_alpha1p5,False,37.235236240414,15.939630813384138,11.434412032236377,22.571440033149454,31.499698267567446,20.09488120283877,15.939630813384134,11.434412032236377
Naehen,219,M1_alpha1p5,False,36.13285678574462,14.332951156171658,11.335738112093106,25.066470663575117,34.16480116144404,22.455654041844145,14.332951156171658,11.335738112093106
Naehen,221,M1_alpha1p5,False,36.45670640215082,12.054745623756503,10.59164912198052,24.582715271237294,34.829712090355706,21.680021517064688,12.054745623756503,10.59164912198052
Naehen,223,M1_alpha1p5,False,35.3406738565415,12.555197235551017,10.540364076048675,24.241358283702937,32.14631835694274,21.603195976053662,12.555197235551017,10.540364076048675
Naehen,225,M1_alpha1p5,False,34.66203197825805,11.781276153791232,10.37024735635324,28.421281768217682,36.95503859060231,25.512479538481873,11.781276153791232,10.37024735635324
Naehen,227,M1_alpha1p5,False,38.550869749519734,17.28001830904632,11.190393475956146,36.053198647748246,42.544575764645664,32.20891691471809,17.28001830904632,11.190393475956146
Naehen,229,M1_alpha1p5,False,45.5610146521572,26.453913418731844,13.060690839583284,47.33658038227385,63.20669662940462,41.638789890375634,26.453913418731844,13.060690839583284
Nebel,196,M1_alpha1p5,False,43.23983213644837,11.574193823211319,7.740722845766839,35.60908155718843,57.88647239736628,30.704813555647384,11.574193823211319,7.740722845766839
Nebel,198,M1_alpha1p5,False,53.03860802879015,11.877193909450828,8.036525348009453,44.832709977061654,67.66806005784578,38.855948947222885,11.877193909450828,8.036525348009453
Nebel,200,M1_alpha1p5,False,46.59828778402555,14.289924324541518,8.784249478492924,40.1111257030041,56.731779493994246,35.15855895055231,14.289924324541518,8.784249478492924
Nebel,202,M1_alpha1p5,False,46.25367499325719,11.415776045592935,10.88176729616668,41.2914547125205,56.54358392981888,36.452722258102064,11.415776045592938,10.881767296166682
Nebel,204,M1_alpha1p5,False,41.572099456362935,11.638542745762887,11.463248964550912,34.421674681809556,47.0956660824896,30.27052116013782,11.638542745762887,11.463248964550912
Nebel,206,M1_alpha1p5,False,45.107725448844015,12.521600048906903,14.195319827789074,38.51594540507561,57.954989376074295,33.215499528469536,12.521600048906903,14.195319827789074
Nebel,208,M1_alpha1p5,False,47.415634768652644,14.274814644087106,13.012026174270288,46.3398318610652,73.86319340938837,39.574192911731494,14.274814644087106,13.012026174270286
Neu,134,M1_alpha1p5,False,42.530636702274265,13.508956692124602,11.294264479815233,30.09795232662117,41.89083800192003,26.96568971549811,13.508956692124602,11.294264479815233
Neu,136,M1_alpha1p5,False,43.41524188304718,13.743902981203027,11.586741052729302,32.408040912551826,46.47055709951007,28.734449519780707,13.743902981203021,11.586741052729302
Neu,138,M1_alpha1p5,False,40.15784167571018,20.62862246093933,10.120000643632237,28.146896301249388,41.74995521217285,25.536391297938337,20.62862246093933,10.120000643632237
Neu,140,M1_alpha1p5,False,41.10158772319804,11.546087491113486,10.028153343818708,32.42976085346402,49.03508720616479,29.06473055675028,11.546087491113486,10.028153343818708
Neu,142,M1_alpha1p5,False,39.44916659806499,21.687205870322657,10.069951179044892,28.615943565848827,43.20227404082219,25.849216771095403,21.687205870322657,10.069951179044892
Neu,144,M1_alpha1p5,False,40.28149692328537,12.283267911333914,10.589231220919041,32.1705002021975,48.11184575298112,28.444601226316305,12.283267911333914,10.589231220919041
Neu,146,M1_alpha1p5,False,39.23728213989886,19.639147701131904,10.447552336177079,27.213899496371173,40.304047212094446,24.8129087228783,19.639147701131904,10.447552336177079
Neu,148,M1_alpha1p5,False,39.62734658106171,18.658221301694947,9.561118198899614,23.38145008433742,33.95429298948102,21.198730615659912,18.658221301694947,9.561118198899614
Neu,150,M1_alpha1p5,False,42.83112161293259,13.844742293013505,10.851279206648071,28.603797642508486,41.76997152453807,26.005309031919346,13.844742293013505,10.851279206648071
Neu,152,M1_alpha1p5,False,43.182139352719894,11.155621511757536,9.604090269405956,29.624236948508827,44.55366310705354,26.632448062508924,11.155621511757536,9.604090269405956
Neu,154,M1_alpha1p5,False,37.7205104476926,21.160156285751814,7.8228340189902115,26.94512955590767,37.69647695198671,24.05912575640112,21.160156285751814,7.8228340189902115
Neu,156,M1_alpha1p5,False,38.63300927778879,11.281340233045407,6.493863994582351,27.79208370958345,41.657264332479635,24.724188309040233,11.281340233045407,6.493863994582351
Neu,158,M1_alpha1p5,False,35.6616452634295,21.302136982045496,5.921513761195791,23.27866293042356,32.44435172657602,20.69256694140443,21.302136982045496,5.921513761195791
Neu,160,M1_alpha1p5,False,41.525215550444884,17.485740293687655,8.873193847657443,29.46074027803728,44.95978164068089,25.75450406859973,17.485740293687655,8.873193847657443
Neu,162,M1_alpha1p5,False,40.075559893033976,26.30392513423106,10.584795821801231,30.459826910654257,41.06394928242124,26.867276672535002,26.30392513423106,10.584795821801231
Neu,164,M1_alpha1p5,False,42.80070070064849,25.545711830271216,12.987253451049003,32.33613266009335,46.90669293953416,28.125893044633518,25.54571183027122,12.987253451049003
Neu,166,M1_alpha1p5,False,39.894498853412834,29.45949523632974,14.904253540934398,31.63968436516755,43.079987178807826,28.25893187722286,29.45949523632974,14.904253540934398
Neu,168,M1_alpha1p5,False,44.064115288154085,39.42980388125884,18.5055555288316,42.38531622876049,56.189781623245345,37.53673417611169,39.429803881258835,18.5055555288316
Operieren,261,M1_alpha1p5,False,38.93463143948356,12.655465420250227,10.634889653659343,28.501663584015276,41.31646790603745,24.86502913007113,12.655465420250227,10.634889653659345
Operieren,263,M1_alpha1p5,False,38.06078052680519,16.696594349189436,10.532812939460827,25.099886645400236,38.383613948334194,21.892533104575826,16.696594349189443,10.532812939460827
Operieren,265,M1_alpha1p5,False,37.68809114948658,17.779529458005136,10.90127777441056,23.928731737324252,35.67219803225127,20.93364352082555,17.779529458005136,10.90127777441056
Operieren,267,M1_alpha1p5,False,38.32759381653754,11.931378045348467,11.04201514253672,25.868833818628193,39.21563930023641,22.466194819055335,11.93137804534847,11.04201514253672
Operieren,269,M1_alpha1p5,False,36.84539627752704,16.814887299852174,10.23458314224942,23.26484917266392,35.78702372790721,20.11039679347074,16.814887299852174,10.23458314224942
Operieren,271,M1_alpha1p5,False,41.73980939736099,12.14113861844254,9.604958259184958,27.009536748931023,41.83221246387152,23.335581431139882,12.14113861844254,9.60495825918496
Operieren,273,M1_alpha1p5,False,35.06977783157017,17.385340004777525,8.807487457333764,23.181705321645815,35.62796584263844,19.851726737212875,17.38534000477752,8.807487457333766
Operieren,275,M1_alpha1p5,False,39.111588002676065,11.710244346124746,6.8414075312915985,24.923577395868357,39.494743696894595,21.353298101240817,11.710244346124746,6.8414075312915985
Operieren,277,M1_alpha1p5,False,42.14983150474658,17.287815007948836,5.943421768521986,24.41544955005977,36.99318748037383,20.97374151774259,17.287815007948836,5.943421768521987
Operieren,279,M1_alpha1p5,False,41.02905963128521,12.661464188422542,6.866845577981566,27.034988454679304,42.67742932573613,23.27165788266591,12.661464188422542,6.866845577981566
Operieren,281,M1_alpha1p5,False,37.30997559988397,20.577601401129318,9.015345754643791,28.416227196059864,39.25889523977133,24.75088832705793,20.577601401129318,9.015345754643791
Operieren,283,M1_alpha1p5,False,38.50593761413966,13.604308851335993,11.610787018978607,32.169359869469474,44.71943315677871,27.953235101603852,13.604308851335993,11.610787018978607
Operieren,285,M1_alpha1p5,False,38.47269032802713,13.48379792473433,11.064546044308312,31.013149587019793,40.555099514651566,27.249383001728205,13.48379792473433,11.064546044308312
Operieren,287,M1_alpha1p5,False,33.75776983297083,13.17403554763281,11.220768589998317,27.64991092937523,35.7894980962457,24.41266837870434,13.17403554763281,11.220768589998318
Operieren,289,M1_alpha1p5,False,40.489033006850654,14.092359219931513,9.940471419103538,36.079499981416234,40.96402813721866,32.42079889001451,14.092359219931513,9.940471419103538
Operieren,291,M1_alpha1p5,False,42.15437334175962,11.319431841066079,11.21774379562936,39.99309966174829,50.78266911024399,35.359187346796546,11.319431841066079,11.21774379562936
Operieren,293,M1_alpha1p5,False,41.60753721396812,15.663985563025264,12.272511525844665,41.95324042699277,50.88225948843615,37.34189579908213,15.663985563025264,12.272511525844665
Operieren,295,M1_alpha1p5,False,46.20014742461737,18.86185216976209,15.002128950157857,48.589927306823384,59.669838246311684,43.205375657280825,18.86185216976209,15.002128950157857
Operieren,297,M1_alpha1p5,False,48.53162399510086,31.164867380515883,19.619372232484857,52.24586635189797,66.19747507554874,46.293560902516106,31.164867380515883,19.619372232484857
Regen,196,M1_alpha1p5,False,45.93094190163951,18.15328823835521,13.575270140003056,45.63033598729705,50.95292161804955,41.10925867834824,18.15328823835521,13.575270140003054
Regen,198,M1_alpha1p5,False,45.27782226977557,10.518605880851934,12.69832589619179,42.19709166425141,49.05194277073066,37.84967588367509,10.518605880851936,12.69832589619179
Regen,200,M1_alpha1p5,False,46.1295763512806,10.815277087954774,12.33060268703135,42.7882691028243,50.23749113568186,38.29785805445181,10.815277087954776,12.330602687031346
Regen,202,M1_alpha1p5,False,48.94896064678044,15.506409260343458,11.219224166017932,48.792983064778745,51.168360682660186,44.224752923467584,15.506409260343458,11.21922416601793
Regen,204,M1_alpha1p5,False,45.792099190287594,10.598211683421116,11.416390071706516,43.67425755759825,48.31427734607584,39.50070465937729,10.598211683421114,11.416390071706516
SauerWuetend,191,M1_alpha1p5,True,49.016322819461685,,11.301885765157976,40.695103993263515,48.172313959724484,36.800400294016406,,11.301885765157975
SauerWuetend,193,M1_alpha1p5,True,50.804791732629006,,13.002799690060577,42.44546265477482,48.99331760201714,37.89077469832694,,13.002799690060579
SauerWuetend,195,M1_alpha1p5,True,51.97691082108275,,11.550001956023284,41.492708172060055,48.02774215210141,37.33880602702851,,11.550001956023285
SauerWuetend,197,M1_alpha1p5,True,49.32569408072033,,10.498708400094541,39.19769545213782,46.50691331011626,35.16702364016774,,10.498708400094541
SauerWuetend,199,M1_alpha1p5,True,45.746423308216954,,12.357629288665589,35.524701241805325,41.90789246500139,32.044258604125154,,12.357629288665589
SauerWuetend,201,M1_alpha1p5,True,40.5837828961154,,8.725974757651416,28.970215875364676,39.704075149470185,26.266145236093237,,8.725974757651416
SauerWuetend,203,M1_alpha1p5,True,41.25883564881384,,8.777468119908628,27.288531618254613,39.81282356122759,23.899568485575493,,8.777468119908628
SauerWuetend,205,M1_alpha1p5,True,40.41722949804382,,8.09103034881066,29.254527448882016,41.5546172039543,26.048020317145614,,8.09103034881066
SauerWuetend,207,M1_alpha1p5,True,40.035995581356616,,8.870105334632182,29.22604806088144,41.463111235448686,25.754394927802007,,8.870105334632182
SauerWuetend,209,M1_alpha1p5,True,37.79770065047474,,10.658915018963036,30.53052905912534,42.58616377848823,26.79371670557286,,10.658915018963036
SauerWuetend,211,M1_alpha1p5,True,44.899063928162256,,15.818243165159407,38.803635574895935,56.978204476176714,33.882830478541884,,15.818243165159414
Schreiben,209,M1_alpha1p5,False,48.638244668940395,9.036852675319604,8.008004876311558,35.060969523154334,55.152888798506225,29.8283278076666,9.036852675319604,8.008004876311558
Schreiben,211,M1_alpha1p5,False,46.09270086302086,11.780763691695997,8.012062144575513,32.26927835482511,51.9728605465669,27.335262742500575,11.780763691695997,8.012062144575513
Schreiben,213,M1_alpha1p5,False,43.830335278450704,9.315741980068857,9.334347066478689,32.406897787654316,52.82401994464062,27.420394164045476,9.315741980068857,9.334347066478689
Schreiben,215,M1_alpha1p5,False,39.481200744192634,11.449954170909962,7.934252052751283,32.27435267451129,48.758264594439254,27.76667383354854,11.449954170909962,7.934252052751283
Schreiben,217,M1_alpha1p5,False,42.34299200062259,9.64253465859474,8.142270832249451,28.2594433736636,45.19909134125651,24.504864291438352,9.64253465859474,8.142270832249451
Schreiben,219,M1_alpha1p5,False,41.412078811468064,9.606569254496453,9.720772945876611,24.660424148466845,37.9822754820175,21.44812686502907,9.606569254496454,9.72077294587661
Schreiben,221,M1_alpha1p5,False,41.341979418472505,8.92879279854056,11.300453362722907,39.307276031485124,53.63229694332691,34.30667248346344,8.92879279854056,11.300453362722909
Schreiben,223,M1_alpha1p5,False,45.595677853617175,8.3865194897063,12.879017598159201,46.7013167977045,59.840186633746235,41.34090855918088,8.3865194897063,12.879017598159201
Schreiben,225,M1_alpha1p5,False,45.299454830789635,11.893049542347683,13.406183588545973,45.94191267749593,58.10685016789863,40.78767502102594,11.893049542347686,13.406183588545973
Schreiben,227,M1_alpha1p5,False,54.38246021559779,11.225702171938089,13.55141206756432,55.86659949074107,57.99120096032672,50.6802563230136,11.225702171938085,13.55141206756432
Schreiben,229,M1_alpha1p5,False,54.27354901068317,9.221259103652528,14.355341816006115,51.7937448713958,58.26858443129795,46.4247997980046,9.221259103652528,14.355341816006115
Schwach,188,M1_alpha1p5,False,52.09364403220239,10.436346857935444,10.319295682715069,52.338062212920214,60.37726225042454,47.394467537866056,10.436346857935444,10.319295682715069
Schwach,190,M1_alpha1p5,False,50.494963408414776,10.571864624072246,10.508265465608433,48.369790949923924,64.58935567562483,42.53654156295029,10.571864624072246,10.508265465608433
Schwach,192,M1_alpha1p5,False,51.00214398475013,10.156192671769006,10.225566245032288,51.81004466920084,58.92181150134912,47.00187573953749,10.156192671769004,10.225566245032288
Schwach,194,M1_alpha1p5,False,52.23223189218566,10.420101888453392,10.370657724533189,51.57245284389242,64.31769132786691,45.95340018943325,10.420101888453392,10.370657724533189
Schwach,196,M1_alpha1p5,False,51.48965409031917,10.158668090541804,9.987825773094384,50.423764022729976,62.363072435048686,44.9242672600278,10.158668090541804,9.987825773094386
Schwach,198,M1_alpha1p5,False,48.32417366553701,10.019485919515978,10.1893047999538,47.77364144743074,59.2042376829642,42.670395361026245,10.019485919515978,10.1893047999538
Schwach,200,M1_alpha1p5,False,51.25114892815547,10.55423459373768,9.776794350317246,49.95620212200825,60.99767135144387,44.74632551771737,10.55423459373768,9.776794350317244
Schwach,202,M1_alpha1p5,False,51.083448314183464,10.299538144530514,10.311813886019284,50.362189117904535,60.369175888417175,45.18101407989557,10.299538144530514,10.311813886019284
Schwach,204,M1_alpha1p5,False,52.172063642874555,10.394845465313045,11.4027368994477,50.18660769927681,54.996416578911955,45.555112207949925,10.394845465313045,11.4027368994477
Schwach,206,M1_alpha1p5,False,53.37462239998354,10.37544122678769,10.717698074109133,51.892738816883984,56.21187279532722,47.20083265823897,10.37544122678769,10.717698074109133
Schwach,208,M1_alpha1p5,False,54.42360313538015,10.771901059780623,10.376889545427076,53.482960564231334,54.094600334229995,48.846207150866476,10.771901059780623,10.376889545427076
Schwach,210,M1_alpha1p5,False,61.77743257540261,12.98759183655209,11.767107997120297,62.153112557492406,65.97858338766534,56.184825340200184,12.98759183655209,11.767107997120297
Schwach,212,M1_alpha1p5,False,59.43639166406335,13.404625579131633,11.903004584472825,60.47030185776446,62.666852220625735,54.898117526571205,13.404625579131633,11.903004584472825
Schwach,214,M1_alpha1p5,False,60.53883289708841,12.175174942026313,16.932626371134923,60.93346640134568,64.77720267853027,55.01968076625772,12.175174942026313,16.932626371134923
Schwer,199,M1_alpha1p5,False,35.52645359883722,15.75031399219989,16.0216673570427,24.65537985548768,35.4665628965531,21.598648309055335,15.75031399219989,16.0216673570427
Schwer,201,M1_alpha1p5,False,39.48316676002226,15.364857657988598,15.799514490086718,24.017257483104597,34.22159740479881,21.877296160077364,15.364857657988598,15.799514490086718
Schwer,203,M1_alpha1p5,False,40.60792972845416,14.749751857100797,16.17089641008709,24.004298811948246,34.607848003337075,21.852761273188385,14.749751857100797,16.170896410087092
Schwer,205,M1_alpha1p5,False,41.68831668266217,13.618833340636273,16.289649367058797,25.817147424442297,35.94869348395856,23.526551354332447,13.618833340636273,16.289649367058793
Schwer,207,M1_alpha1p5,False,41.07614478767815,14.865882423578958,15.955037608628048,27.069609893973123,39.33856636908168,24.367027816064347,14.865882423578958,15.955037608628048
Schwer,209,M1_alpha1p5,False,40.190505878729056,13.908151915961325,14.776427700832356,25.21196835089931,36.50801149209105,22.957997247679177,13.908151915961325,14.776427700832356
Schwer,211,M1_alpha1p5,False,37.46656204467461,14.319867589500452,14.399446032737506,27.682793570065925,32.48955654811484,24.94795511016175,14.319867589500452,14.399446032737506
Schwer,213,M1_alpha1p5,False,35.07144597310976,12.869103428558853,10.203345985876544,26.253615662435365,32.45142337246894,23.636327049078513,12.869103428558853,10.203345985876544
Schwer,215,M1_alpha1p5,False,38.28750856934657,11.939305565371418,9.959804634452617,23.91418673344574,35.25880147525026,21.552717451930214,11.939305565371418,9.959804634452617
Schwer,217,M1_alpha1p5,False,39.647871170237586,12.195166293307487,8.617274632547305,24.277401388375146,35.62146402032384,21.905944304810404,12.195166293307487,8.617274632547305
Schwer,219,M1_alpha1p5,False,35.61877774999707,11.12104210948319,7.386566230941017,24.23964202028224,32.50509823356829,21.397392503508584,11.121042109483186,7.386566230941017
Schwer,221,M1_alpha1p5,False,42.1442996717124,10.518327988005504,6.422890132075513,36.86529214740896,38.2297775489035,33.60164858046432,10.518327988005504,6.422890132075512
Schwer,223,M1_alpha1p5,False,54.74740531830537,11.836697777024469,7.014703414214115,52.449006561180816,56.255894417508564,47.45353454302241,11.836697777024469,7.014703414214115
Schwer,225,M1_alpha1p5,False,58.94476668019789,9.04866393579561,10.828417628273389,59.68089278329237,58.4584393600194,54.44105843401579,9.04866393579561,10.828417628273389
Sonne,198,M1_alpha1p5,True,42.9668831937818,,86.06451747652133,44.14266840806654,72.47164608250358,37.06384651861218,,86.06451747652133
Sonne,200,M1_alpha1p5,True,41.97864395498867,,85.53542218428986,38.81101005874354,69.21387546132435,32.16656730576634,,85.53542218428986
Sonne,202,M1_alpha1p5,True,42.560945132855124,,84.81064591412283,38.35069246095116,67.9806884004844,32.049421642197466,,84.81064591412283
Sonne,204,M1_alpha1p5,True,43.456907767392735,,83.19758151299865,38.008416778312714,66.95947614764262,31.4636518525028,,83.19758151299865
Sonne,206,M1_alpha1p5,True,43.50505425219972,,81.41320262550953,38.469866312978255,67.7598071246086,31.833314966923854,,81.41320262550953
Sonne,208,M1_alpha1p5,True,44.034376240803326,,78.95966582361356,39.25833297636326,69.64692539411061,32.51800517841613,,78.95966582361356
Sonne,210,M1_alpha1p5,True,37.005839220047164,,8.627436895791293,29.191131109545633,37.44744798057808,25.654140854353415,,8.627436895791293
Sonne,212,M1_alpha1p5,True,36.96613304012762,,5.68188662688964,25.30644758190751,33.54963204741773,22.205395941052267,,5.68188662688964
Sonne,214,M1_alpha1p5,True,41.90079810962475,,6.72813895778148,28.117026744640825,38.0784607611394,24.71313301937374,,6.72813895778148
Sonne,216,M1_alpha1p5,True,40.62214885796579,,6.843186188492562,26.56578413381205,38.583342077390235,23.176221419674544,,6.843186188492562
Sonne,218,M1_alpha1p5,True,40.97357003916652,,8.378817331020437,25.844301668298655,39.14406849790855,22.596048043442387,,8.378817331020437
Sonne,220,M1_alpha1p5,True,37.89213876840429,,8.37305373995815,28.69055145353861,40.619415195881956,24.86768380276353,,8.37305373995815
Sonne,222,M1_alpha1p5,True,40.759762487561765,,9.945486625822063,36.574938995337035,47.95327211956265,31.939040666316114,,9.945486625822063
Sonne,224,M1_alpha1p5,True,47.246921495769804,,11.766120749822525,44.09154041167162,55.44538723074805,38.94894042747214,,11.766120749822525
Sorry,196,M1_alpha1p5,True,49.35498131003402,,21.006474076831033,38.34670060774525,49.97367586676488,33.97831020371721,,21.00647407683103
Sorry,198,M1_alpha1p5,True,49.87695180419582,,17.864068283863862,42.28808881605508,54.34854854806518,37.396989820427024,,17.864068283863862
Sorry,200,M1_alpha1p5,True,52.09334446245895,,19.094071059307463,42.44140808990283,54.061709923798645,37.478673532781414,,19.09407105930746
Sorry,202,M1_alpha1p5,True,47.9794204560179,,17.087020374140515,36.2322049598987,46.435705116148064,31.957791654570176,,17.087020374140515
Sorry,204,M1_alpha1p5,True,44.89299795857339,,18.32258504170386,36.63603708761994,49.86310251047526,31.6466662790612,,18.32258504170386
Sorry,206,M1_alpha1p5,True,43.618342065869,,13.950685030884227,34.86710686404452,44.588181177495876,30.341080686372685,,13.950685030884227
Sorry,208,M1_alpha1p5,True,42.51853307738854,,11.575033358664424,35.1191640403307,44.34993122060628,30.606673255245383,,11.575033358664426
Sorry,210,M1_alpha1p5,True,38.66813235073805,,11.58171616110556,30.812948741257923,39.96748618756899,26.88707937260499,,11.58171616110556
Sorry,212,M1_alpha1p5,True,41.128219628892985,,11.66032576006719,29.800555158469066,38.93369149832204,26.076003401248965,,11.66032576006719
Sorry,214,M1_alpha1p5,True,38.44668822648807,,11.151005302207485,28.812035177257076,38.33087511382899,25.45380482564573,,11.151005302207487
Sorry,216,M1_alpha1p5,True,35.83622077154344,,10.039354649703997,27.714903324381666,36.43798905316959,24.479398671843818,,10.039354649703997
Sorry,218,M1_alpha1p5,True,35.37800736178289,,10.473749816469486,25.88937076691987,35.64645802579726,22.674505829907723,,10.473749816469486
Sorry,220,M1_alpha1p5,True,38.61888632116562,,9.06529890902903,32.992863812043105,46.20953712092413,28.252147242336992,,9.06529890902903
Sorry,222,M1_alpha1p5,True,40.78937138110479,,8.959360736441692,39.275455236987334,54.42224061387391,33.54018096362069,,8.959360736441692
SparenSparsam,191,M1_alpha1p5,False,35.447410030885464,14.353875504400625,11.514662534838093,25.095688199650528,35.31222338267977,22.067699302862408,14.353875504400625,11.514662534838093
SparenSparsam,193,M1_alpha1p5,False,36.08265568781453,17.68585470355038,11.997381510294682,23.753701291695112,34.50256493389773,20.863051490491948,17.685854703550376,11.997381510294682
SparenSparsam,195,M1_alpha1p5,False,37.486675255674285,15.418479718924278,10.946917150462331,23.048081195562435,34.59858192434758,19.9204442954938,15.418479718924278,10.94691715046233
SparenSparsam,197,M1_alpha1p5,False,38.99598108962084,14.338647808212263,10.031906846096573,24.541981756506306,35.368702485476106,21.590297447219378,14.338647808212261,10.031906846096573
SparenSparsam,199,M1_alpha1p5,False,37.011690000283224,14.19680494428793,10.410828306078374,25.64381915143709,37.6748466867446,22.65098735809913,14.19680494428793,10.410828306078374
SparenSparsam,201,M1_alpha1p5,False,40.251803726885086,14.731828399665783,12.377856669375918,36.25129748905358,50.48091694535075,31.66068374991841,14.731828399665783,12.377856669375918
SparenSparsam,203,M1_alpha1p5,False,44.49553325196401,25.882454196359603,11.35643679923085,38.370052892865885,54.081604660090186,33.47283920783503,25.882454196359603,11.356436799230853
SparenSparsam,205,M1_alpha1p5,False,41.77216278600693,16.725274829502844,10.709544694505773,37.59105511942454,43.74532849427704,33.89785295003488,16.725274829502844,10.709544694505773
SparenSparsam,207,M1_alpha1p5,False,42.41277011425017,32.81095499834224,11.972380961430297,34.923635157231864,46.342834436201926,30.944252635608642,32.81095499834224,11.972380961430297
Spezial,165,M1_alpha1p5,False,36.48901876192887,9.278335102612452,13.848002808287053,26.220255512457907,34.67723918558646,23.583543735337688,9.278335102612452,13.848002808287053
Spezial,167,M1_alpha1p5,False,34.22869988703757,9.611962377737864,13.748513155535493,25.825000940583905,35.49981682289226,22.885896018389413,9.611962377737864,13.748513155535493
Spezial,169,M1_alpha1p5,False,35.332107085730385,9.654077942371718,13.358399608412808,25.770465445630432,34.71838979607294,22.90025598865537,9.654077942371718,13.358399608412808
Spezial,171,M1_alpha1p5,False,35.09906704716247,9.085796968888243,13.073870923241486,24.885959195639984,31.92053556450751,22.262285676749375,9.085796968888241,13.073870923241486
Spezial,173,M1_alpha1p5,False,38.5101397780602,8.776130225768217,13.598551376182757,26.2810732707073,34.398708375670125,23.72145200185636,8.776130225768217,13.598551376182757
Spezial,175,M1_alpha1p5,False,35.99047212742714,9.134911878796496,11.638567331857505,24.516221357528163,32.45119037580876,22.078353643331383,9.134911878796498,11.638567331857505
Spezial,177,M1_alpha1p5,False,37.3562851941663,9.328810752917393,11.394002557923473,25.39067622707329,33.883276798010236,22.77661242312176,9.328810752917391,11.394002557923473
Spezial,179,M1_alpha1p5,False,36.68081346335688,7.597481916443592,9.790195002454059,25.046443721686426,31.566123657478496,22.679348639872398,7.597481916443592,9.790195002454059
Spezial,181,M1_alpha1p5,False,37.37129430210558,8.810129645003583,8.162232624970883,23.981911788523497,31.27500758077544,21.552206957889926,8.810129645003583,8.162232624970882
Spezial,183,M1_alpha1p5,False,37.024607208993196,9.352224279664238,8.386223971951324,24.288162753625553,30.62357196617823,21.910823297310458,9.352224279664238,8.386223971951322
Spezial,185,M1_alpha1p5,False,34.50276038093482,10.015863531098004,8.861695783091598,24.59220623214625,28.592838398258756,21.920716303067678,10.015863531098004,8.861695783091598
Spezial,187,M1_alpha1p5,False,46.267254102033746,10.418228460278712,9.498030466972384,40.4142499073126,44.92895561234624,36.27615875629224,10.418228460278712,9.498030466972384
Spezial,189,M1_alpha1p5,False,47.51999970368214,11.804790222286769,10.613130350672213,46.8232305651428,47.006271146502456,42.75803299865554,11.804790222286769,10.613130350672213
Spezial,191,M1_alpha1p5,False,58.07428114685912,14.029236089759777,15.927642585297336,53.262753429870415,57.24591283586033,47.86196938809207,14.02923608975978,15.92764258529734
Tisch,169,M1_alpha1p5,False,37.045042812656504,11.901585819450975,15.330919354448117,28.520854173501444,43.284890493241384,24.609417299061842,11.901585819450975,15.330919354448113
Tisch,171,M1_alpha1p5,False,143.6578307545234,13.450252832824125,68.81476462386728,184.37637006434582,290.4246143561073,156.72805716000053,13.450252832824125,68.81476462386729
Tisch,173,M1_alpha1p5,False,142.41856757767493,12.14640591385063,69.0145644236696,185.44649929740956,292.40674766274395,157.43227344009105,12.14640591385063,69.0145644236696
Tisch,175,M1_alpha1p5,False,40.406817903882576,11.90851477592565,18.969096086169404,29.124686098218685,42.12871684977786,24.85161271003559,11.90851477592565,18.969096086169404
Tisch,177,M1_alpha1p5,False,43.61905511488639,15.475047401109878,19.292952533341168,34.48708901400456,49.13808291801325,29.70806322555916,15.475047401109878,19.292952533341168
Tisch,179,M1_alpha1p5,False,41.98530614222592,11.694732649349481,15.954950696326138,33.524045814993116,48.26478118350051,28.76429504612529,11.694732649349481,15.954950696326138
Tisch,181,M1_alpha1p5,False,40.761956272685275,13.779520896672818,16.178063496323112,29.828753381550438,41.86874534911967,25.680221165253766,13.779520896672818,16.178063496323112
Tisch,183,M1_alpha1p5,False,44.24582421800064,11.769277399914289,15.024361719696559,32.20534764830374,44.70999600918469,27.714322039772732,11.769277399914289,15.024361719696559
Tisch,185,M1_alpha1p5,False,42.341000657903244,11.823793024767559,16.438474464539894,33.96690783721432,45.687320794903165,29.524352689836917,11.823793024767559,16.438474464539894
Tisch,187,M1_alpha1p5,False,42.31369922842012,12.531418260114911,17.654095755239076,33.039543696497965,44.23053049762158,28.716359231764823,12.531418260114911,17.654095755239076
Tisch,189,M1_alpha1p5,False,40.95681152988619,11.75129956451832,15.278271375616756,32.41863357741647,44.44315934414763,28.16393922589345,11.75129956451832,15.278271375616756
Tisch,191,M1_alpha1p5,False,37.57399557951075,11.507572897497564,14.428691093747256,31.37100001452573,45.011040153658165,26.994200129830833,11.507572897497564,14.428691093747256
Tisch,193,M1_alpha1p5,False,43.24251079485052,11.477411532425494,11.91346888606923,34.637833790310225,50.30651964676011,29.794601643599336,11.477411532425494,11.91346888606923
Tisch,195,M1_alpha1p5,False,42.61187872249163,9.031714212323878,11.134849582750899,31.092091840757792,48.15742478857773,26.378466725761676,9.031714212323878,11.134849582750896
Tisch,197,M1_alpha1p5,False,43.2706277660604,8.294648463962837,11.808035611950897,33.72814976304651,49.2331671443839,29.039755538902348,8.294648463962837,11.808035611950897
Tisch,199,M1_alpha1p5,False,41.20287427941897,7.779689177050301,12.149928303202728,28.531137258957457,41.1753366580437,24.806303011363994,7.779689177050301,12.14992830320273
Tisch,201,M1_alpha1p5,False,43.08214696016251,8.186153573846342,13.098559001072035,32.62850997274647,42.4547103835465,28.918773144980058,8.186153573846342,13.098559001072033
Tisch,203,M1_alpha1p5,False,45.369150429467986,11.508548768973853,12.34527773115679,38.76357392252867,46.24063722988179,34.87504706329278,11.508548768973853,12.34527773115679
Tisch,205,M1_alpha1p5,False,57.873286301359364,13.770354322765796,14.02348808888804,60.52966559521083,77.2768479801014,54.09208680129895,13.770354322765796,14.02348808888804
Tisch,207,M1_alpha1p5,False,55.79904364272669,10.222631337609707,14.030690944661204,55.90145283160767,67.47001597902796,50.49572491101508,10.222631337609707,14.030690944661204
Tisch,209,M1_alpha1p5,False,62.728750604369154,19.18363837484776,27.137068380942527,60.408936597407454,63.108362789898756,54.783088933056774,19.18363837484776,27.137068380942523
Treffen,188,M1_alpha1p5,False,43.8907720076685,13.068220643609122,9.638668860472396,21.087143523886677,33.571949710457716,17.806223649968057,13.06822064360912,9.638668860472396
Treffen,190,M1_alpha1p5,False,42.18984125115854,16.72146948345871,8.798265784421131,20.077090145260318,30.58259869989489,17.160896624915562,16.721469483458712,8.798265784421131
Treffen,192,M1_alpha1p5,False,42.54394586872531,17.482672546679147,9.078807431682403,20.402884152778448,30.86347665062681,17.434523539145538,17.482672546679147,9.078807431682403
Treffen,194,M1_alpha1p5,False,41.93592130991185,14.556239162523534,8.4678069783706,26.146185750800147,35.4447230800475,22.956899542310634,14.556239162523534,8.467806978370602
Treffen,196,M1_alpha1p5,False,43.45641166993875,15.485299308343103,8.16087762962762,22.167896205203288,29.610958928639672,19.52816108234543,15.485299308343103,8.160877629627619
Treffen,198,M1_alpha1p5,False,44.9061873207947,18.210557818068185,7.9556259651596495,20.30476074900528,29.037858030803974,17.540327606266562,18.21055781806819,7.955625965159653
Treffen,200,M1_alpha1p5,False,43.8536863663666,18.498520675122755,8.931871577918098,20.284866994608077,29.513705582951072,17.467541043448577,18.498520675122755,8.931871577918098
Treffen,202,M1_alpha1p5,False,44.52097526085127,12.638012343317671,8.20060659653853,28.84489325752145,32.21941927308464,25.888406924323235,12.638012343317671,8.20060659653853
Treffen,204,M1_alpha1p5,False,45.03467905891892,11.589395848472407,7.580811309646211,32.916315175384035,35.21025640190958,29.640283169737554,11.589395848472407,7.580811309646214
Treffen,206,M1_alpha1p5,False,39.69692321909608,12.991329587980525,7.464183203290529,28.119566773653553,36.07164153711893,25.253172812055677,12.991329587980525,7.464183203290529
Treffen,208,M1_alpha1p5,False,42.07121356688911,28.76104587351413,8.917264925806537,32.05039971651283,39.838263534310805,28.727303119160574,28.761045873514124,8.917264925806538
Treffen,210,M1_alpha1p5,False,45.85943906994164,29.960172223472497,8.676300437112612,42.10641566008362,45.986753039473086,38.39811956020656,29.960172223472497,8.67630043711261
Treffen,212,M1_alpha1p5,False,53.239973803704814,25.23567189141246,31.674653238529213,51.87410946092232,41.72063901539646,48.978508166668014,25.23567189141246,31.674653238529213
Treffen,214,M1_alpha1p5,False,51.98355964366162,33.73952480113951,25.702275472356312,50.8006445456608,43.823953952045585,47.75365835759041,33.739524801139524,25.702275472356312
Vater,205,M1_alpha1p5,True,48.54171197999984,,11.473164827172448,44.53407202196759,61.472067699821274,38.30770130579644,,11.473164827172448
Vater,207,M1_alpha1p5,True,46.45885603615459,,11.435732090425594,41.96856498654291,55.93973456999824,36.39472375914308,,11.435732090425594
Vater,209,M1_alpha1p5,True,46.17836694304503,,12.112946188741727,41.96074016128746,56.54600328517278,36.36004073027753,,12.112946188741727
Vater,211,M1_alpha1p5,True,44.83380585848832,,12.021808135084965,37.65403970768603,49.18242733287092,33.00401169258136,,12.021808135084965
Vater,213,M1_alpha1p5,True,41.03288068594089,,11.148285722132403,34.84337217091661,45.608255778505544,30.387748992961743,,11.148285722132403
Vater,215,M1_alpha1p5,True,39.531175921656214,,11.156020265097158,28.816912983301165,38.70062680367109,25.287901268377396,,11.156020265097158
Vater,217,M1_alpha1p5,True,35.37445720221386,,11.070640717421519,25.533682586260582,39.143489551978,22.142152243777392,,11.070640717421519
Vater,219,M1_alpha1p5,True,37.839634965476975,,11.292044286949068,24.887217181295917,36.19371298962366,21.664389508017962,,11.292044286949068
Vater,221,M1_alpha1p5,True,38.88233297660723,,10.54204927814434,26.221527481419074,39.374261820452666,22.85020045104565,,10.54204927814434
Vater,223,M1_alpha1p5,True,40.63984765559411,,10.569613610272356,28.88262345454699,43.77298105512612,25.279508244752652,,10.569613610272356
Vater,225,M1_alpha1p5,True,40.664574682771814,,11.878719785647888,36.12395406471593,55.50006897158246,30.983732903988543,,11.878719785647888
Vater,227,M1_alpha1p5,True,42.69980330007881,,12.18722597346197,43.35072455387897,62.464493198856104,37.11476757924741,,12.18722597346197
Verschieden,224,M1_alpha1p5,False,36.416514301015276,14.507326537051394,16.372205715082256,28.82893141426718,42.04733051239656,24.717547528159894,14.507326537051394,16.372205715082256
Verschieden,226,M1_alpha1p5,False,38.47140335612012,14.941593809635867,16.83011101769321,31.119826035808103,42.061193343648796,27.120200305456798,14.941593809635865,16.830111017693213
Verschieden,228,M1_alpha1p5,False,39.8714229173828,12.555576187184117,15.217035185106393,30.931106269980123,44.49047950946654,26.769530872173192,12.555576187184117,15.217035185106393
Verschieden,230,M1_alpha1p5,False,40.788460279691776,14.430956530334626,13.097401275529435,36.7438448968453,47.185711216443224,32.43513444727373,14.430956530334626,13.097401275529435
Verschieden,232,M1_alpha1p5,False,40.75144706947949,14.450658218915004,10.644432883645944,33.44917120318114,45.85102739632518,29.46502265265275,14.450658218915004,10.644432883645944
Verschieden,234,M1_alpha1p5,False,46.40098168239099,15.43034349354721,11.166696422933674,45.826875222385326,61.94459927369843,40.24564978556805,15.43034349354721,11.166696422933672
Verschieden,236,M1_alpha1p5,False,48.263268455994385,13.905287130607917,12.712953764448198,47.93967881373632,64.9353530709312,42.12771470557625,13.905287130607917,12.712953764448198
VorsichtPassAuf,171,M1_alpha1p5,False,32.75785970297727,9.657082479066714,12.908934666612684,24.541015344837643,34.90902877986993,21.26240626184851,9.657082479066714,12.908934666612684
VorsichtPassAuf,173,M1_alpha1p5,False,38.680553452330145,8.970106360971771,11.869545072803882,32.1525318103377,37.233619077630514,28.934321600048992,8.970106360971771,11.869545072803882
VorsichtPassAuf,175,M1_alpha1p5,False,34.604500256584295,10.213350295425563,11.51295488225894,27.843255470396198,40.833883042682004,24.20186215574513,10.213350295425563,11.51295488225894
VorsichtPassAuf,177,M1_alpha1p5,False,35.33046254531581,9.329329912020532,10.970087494704128,25.599287019519473,36.5559951657627,22.09998474776747,9.329329912020532,10.970087494704128
VorsichtPassAuf,179,M1_alpha1p5,False,37.96956356814559,10.39423435961875,11.618882744334373,28.146621846184644,40.90711003498301,24.30823268349324,10.39423435961875,11.618882744334371
VorsichtPassAuf,181,M1_alpha1p5,False,35.30849921618827,9.19876747584733,11.279315986883496,26.754988627558525,40.39719203409991,22.92789787987608,9.19876747584733,11.279315986883496
VorsichtPassAuf,183,M1_alpha1p5,False,37.018843824291665,9.631583024071684,11.609598163679964,27.582314167155204,40.30353106530695,23.83814129265283,9.631583024071684,11.609598163679964
VorsichtPassAuf,185,M1_alpha1p5,False,38.68684499896251,9.971714820522886,10.978568040478496,26.195353358909358,37.69638062492864,22.614592470996637,9.971714820522886,10.978568040478496
VorsichtPassAuf,187,M1_alpha1p5,False,37.21552573914277,9.913837981782523,11.796596251111056,26.419590344004174,37.85862328959405,22.89651982389355,9.91383798178252,11.79659625111106
VorsichtPassAuf,189,M1_alpha1p5,False,36.630089045183865,10.484321906970754,11.555174162083066,27.95965314189657,40.74142163692359,24.195380765131326,10.484321906970754,11.555174162083064
VorsichtPassAuf,191,M1_alpha1p5,False,35.46357969349499,9.647128050431272,11.341474289679983,26.69083618808506,41.31073611926175,22.561518136362256,9.647128050431272,11.341474289679983
VorsichtPassAuf,193,M1_alpha1p5,False,35.62527553103115,10.150324299616033,11.643856404505602,26.354127524905806,36.7021874715063,22.80484192383419,10.150324299616033,11.643856404505602
VorsichtPassAuf,195,M1_alpha1p5,False,36.828823211006856,9.039861606910952,10.271429125056786,26.51129370263168,41.68651096338801,22.437909442748698,9.039861606910952,10.271429125056786
VorsichtPassAuf,197,M1_alpha1p5,False,35.182413289240515,10.68137758680399,10.530463671397495,23.8291067100265,36.50131790696469,20.139761237011903,10.68137758680399,10.530463671397495
VorsichtPassAuf,199,M1_alpha1p5,False,31.558953387700157,11.267466890448897,8.966466541055343,22.626757974150564,31.975400360201405,19.5340503768972,11.267466890448897,8.966466541055343
VorsichtPassAuf,201,M1_alpha1p5,False,32.959081878079694,10.825206602094633,8.256209654393482,23.76292457621508,33.85331235313769,20.578755764574886,10.825206602094633,8.256209654393482
VorsichtPassAuf,203,M1_alpha1p5,False,37.701359650385974,10.006868777889567,7.293214807338096,28.865406873120858,34.54076381650444,25.877520520063403,10.006868777889567,7.293214807338096
VorsichtPassAuf,205,M1_alpha1p5,False,39.6047116853769,11.010107827965438,7.468928981119005,32.4727633315905,39.06332111767183,28.944338664783928,11.010107827965438,7.468928981119004
VorsichtPassAuf,207,M1_alpha1p5,False,61.20066711867539,9.855381821561105,8.508436701644712,61.193364558851044,60.7603404200978,55.843098934278615,9.855381821561105,8.508436701644714
VorsichtPassAuf,209,M1_alpha1p5,False,57.749666058467334,14.784894015662807,11.265487637193297,62.20368677511961,60.725659557347,57.00460237675351,14.784894015662807,11.265487637193297
Waschen,189,M1_alpha1p5,False,42.7655882678653,21.491572152804668,14.624867968093486,23.30043625499926,36.20453216294772,20.230993495537906,21.491572152804668,14.624867968093486
Waschen,191,M1_alpha1p5,False,47.358410601772746,21.845257432190937,15.898925382441778,27.589071939745338,45.10910150317653,23.897575768158926,21.845257432190937,15.898925382441778
Waschen,193,M1_alpha1p5,False,46.59240872792775,22.687686444588213,14.672602734872068,26.77068606027826,43.23023337565124,23.224548578639684,22.687686444588213,14.672602734872068
Waschen,195,M1_alpha1p5,False,54.2053082248689,21.488357701149756,14.293348311852743,33.92653012789645,41.765177641060326,30.605908761738576,21.488357701149756,14.293348311852744
Waschen,197,M1_alpha1p5,False,48.037685124448146,18.738340235834915,14.490942689768914,25.19651320070127,39.668550661877184,22.107820772707484,18.738340235834915,14.490942689768914
Waschen,199,M1_alpha1p5,False,54.48059308441125,18.11756529325642,14.26089047482651,31.1989105236186,49.665355500276036,27.388376307367267,18.11756529325642,14.26089047482651
Waschen,201,M1_alpha1p5,False,46.51310399149693,16.702160646935866,13.910709533333444,24.8640461366744,38.86916294433395,21.620720403736023,16.702160646935866,13.910709533333442
Waschen,203,M1_alpha1p5,False,46.55905660809043,18.81814267493954,13.854652127906833,26.86650690665503,43.61130045526214,23.4960408045257,18.818142674939544,13.854652127906833
Waschen,205,M1_alpha1p5,False,47.70624129343328,16.124527012302803,13.108784962479117,26.720899459781617,42.42967074116365,23.411939490240087,16.124527012302803,13.108784962479117
Waschen,207,M1_alpha1p5,False,48.13937636206366,15.797622943078407,13.297854943149925,27.836247775381924,44.754590207169336,24.208777858246673,15.797622943078407,13.297854943149925
Waschen,209,M1_alpha1p5,False,48.59374816884559,16.36348305060584,13.191174283995966,30.904638038674744,47.07311481783012,26.625143552031002,16.36348305060584,13.191174283995966
Waschen,211,M1_alpha1p5,False,46.47723802200709,15.648327038052939,12.781039495143503,28.97450754501866,46.98860204922982,24.894375539947912,15.648327038052939,12.781039495143501
Waschen,213,M1_alpha1p5,False,45.77040278956703,15.04529648685613,13.092857493973174,27.061704560147266,43.68349850520428,23.345067466546343,15.04529648685613,13.092857493973174
Waschen,215,M1_alpha1p5,False,44.68847294267657,15.97526610748853,12.758394000762253,29.15173818194319,47.45115070008316,25.09462170047777,15.97526610748853,12.758394000762252
Waschen,217,M1_alpha1p5,False,38.63162012989633,15.167147093866724,10.839870528248667,28.67001320541888,41.505341824357124,24.7260592943543,15.167147093866724,10.839870528248667
Waschen,219,M1_alpha1p5,False,42.712450767428116,15.698708311332753,8.409610202180472,29.074768179079587,46.25599275060161,24.92264841165538,15.698708311332753,8.409610202180472
Waschen,221,M1_alpha1p5,False,40.43386191863025,15.775549412268095,7.867468347878799,27.866846909394948,42.77338425122458,24.15785151086891,15.775549412268095,7.867468347878799
Waschen,223,M1_alpha1p5,False,39.322754447653956,13.714730335381809,8.539015458680618,35.52698701453512,51.040896530815814,30.73575514878421,13.714730335381809,8.539015458680618
Waschen,225,M1_alpha1p5,False,39.97554094738203,17.64932264844727,8.957509619303623,35.98179735093215,52.23327454059197,30.914164294206323,17.64932264844727,8.957509619303625
Waschen,227,M1_alpha1p5,False,41.971533374243315,16.89789096401264,9.804496336539422,37.37836417487725,52.78922891077134,32.441134572232514,16.89789096401264,9.804496336539422
Waschen,229,M1_alpha1p5,False,45.2308048595282,20.569768041102055,11.75603059861448,45.44420124811744,60.06110990773708,39.91142296682487,20.56976804110205,11.75603059861448
Waschen,231,M1_alpha1p5,False,49.69702913907986,18.945218124550117,15.590839920530572,53.67664387901796,75.55845083687802,46.71555678314134,18.945218124550117,15.590839920530573
Waschen,233,M1_alpha1p5,False,50.078207950589174,18.91300039756116,17.636060618571324,53.128367519131885,65.24774486114168,47.665911519341556,18.91300039756116,17.636060618571324
Waschen,235,M1_alpha1p5,False,57.207200846396724,31.50717258894836,15.891831802719112,59.03315751773415,78.77738565066535,52.133878971546345,31.50717258894836,15.891831802719112
Waschen,237,M1_alpha1p5,False,45.80986510782802,22.616360677991533,23.378557288890335,43.05353100847709,40.406071387229765,40.11567342281229,22.61636067799153,23.378557288890335
Waschen,239,M1_alpha1p5,False,48.65327920955843,31.993471308741626,9.943254229144523,46.72922680925358,48.92890894945771,42.97353312816336,31.993471308741626,9.943254229144525
Widerspruch,162,M1_alpha1p5,False,44.963461156391496,18.642745950450834,9.318927145160691,36.80371621810798,54.89236113005599,32.08036193106933,18.642745950450834,9.318927145160691
Widerspruch,164,M1_alpha1p5,False,43.824434088922764,18.022922828197032,10.01735891129328,34.159764752215295,51.339859915970955,29.925482258806987,18.022922828197032,10.01735891129328
Widerspruch,166,M1_alpha1p5,False,49.2963813805962,16.730561910482052,10.52853078419607,42.30165915748421,61.7995152065954,36.97222891092961,16.730561910482052,10.528530784196066
Widerspruch,168,M1_alpha1p5,False,48.797046249648616,19.02920743058768,11.304229486699946,39.194120157111776,58.96307838236422,34.21757555554054,19.02920743058768,11.304229486699946
Widerspruch,170,M1_alpha1p5,False,43.54325518036766,17.289966091905175,11.199238635044019,30.823786839615416,47.266752590123865,27.08790778326195,17.28996609190517,11.199238635044019
Widerspruch,172,M1_alpha1p5,False,44.08492753894489,17.226584142902478,10.621457761748724,32.62110592667732,49.48521050877185,28.504715593869214,17.226584142902478,10.621457761748724
Widerspruch,174,M1_alpha1p5,False,42.96251646162887,18.567814379595625,10.41853974244264,32.40832979657365,48.5920427083143,28.4367945557364,18.567814379595625,10.418539742442643
Widerspruch,176,M1_alpha1p5,False,48.407889434505414,19.06834405520023,10.058661638798762,39.992868921787746,58.78106063976321,34.97960673254716,19.06834405520023,10.058661638798762
Widerspruch,178,M1_alpha1p5,False,45.35620117988823,17.264298289320195,10.68195104907014,34.53808775895487,50.88902044512159,30.18921481965507,17.264298289320195,10.68195104907014
Widerspruch,180,M1_alpha1p5,False,44.53074886920494,18.851676525434755,11.048914002685148,33.575220906554115,51.35327209652661,29.42288264992729,18.851676525434755,11.048914002685144
Widerspruch,182,M1_alpha1p5,False,45.21221820263348,19.632202818969148,10.753807065869337,36.33039683381762,53.608516698170284,31.917366079093913,19.632202818969148,10.753807065869337
Widerspruch,184,M1_alpha1p5,False,41.71004113590481,18.285535274778127,9.874726543216466,32.20085766999896,51.032894719404105,28.592795368235898,18.285535274778127,9.874726543216466
Widerspruch,186,M1_alpha1p5,False,38.49127062977232,16.888595030048197,10.445869866942555,34.414634850997494,55.540271594045755,29.69930616248611,16.8885950300482,10.445869866942555
Widerspruch,188,M1_alpha1p5,False,39.771619017305206,17.62040638858416,8.832243405142066,37.13196890288418,58.51019245237673,31.986055447006382,17.62040638858416,8.832243405142066
Widerspruch,190,M1_alpha1p5,False,40.594181842303286,17.135743301345634,7.220986509277093,36.49421910173544,57.698017996797844,31.51164776854805,17.13574330134563,7.220986509277093
Widerspruch,192,M1_alpha1p5,False,43.06646876108377,42.19275301382731,38.10489713986292,40.45353208617991,39.30363123898563,37.422360127174315,42.19275301382731,38.10489713986292
Widerspruch,194,M1_alpha1p5,False,49.00787933438369,44.34498739504294,34.318422161017956,48.59838033463659,44.63089003521345,45.066423266376674,44.34498739504294,34.318422161017956
Widerspruch,196,M1_alpha1p5,False,43.38310175427776,43.82489325777159,32.051742268216124,41.66825793963947,40.92115042425333,38.53950537466774,43.824893257771585,32.051742268216124
Ziel,186,M1_alpha1p5,False,39.99538757220889,15.949212401267669,14.832022394050767,22.760491644789763,34.072301202490245,19.65132747376979,15.949212401267669,14.83202239405077
Ziel,188,M1_alpha1p5,False,38.02262783006267,15.453374240810339,15.449914381515981,23.754436035625456,31.764898366937544,20.759424251359867,15.453374240810339,15.449914381515981
Ziel,190,M1_alpha1p5,False,46.614722713626485,13.627593154127043,14.147808983284072,27.084884719473628,35.33962026090405,24.14537256436264,13.627593154127043,14.147808983284072
Ziel,192,M1_alpha1p5,False,34.8877668867476,14.055584170379555,13.58903881018794,23.050701638609933,33.09264727185776,20.019985674211163,14.055584170379559,13.58903881018794
Ziel,194,M1_alpha1p5,False,37.33359339175955,14.88922682838841,12.121546963139473,24.24584006660979,29.70087834129071,21.762196781029456,14.889226828388407,12.121546963139473
Ziel,196,M1_alpha1p5,False,42.23867046154975,13.6181816866552,11.700264894657213,22.78248007145061,31.645755266499354,19.926575483766715,13.6181816866552,11.700264894657213
Ziel,198,M1_alpha1p5,False,43.358577968882805,13.626848581180974,10.520751143206445,23.114236827057344,30.720057178810084,20.38220421417955,13.626848581180974,10.520751143206445
Ziel,200,M1_alpha1p5,False,41.260638917240435,12.496165341280195,8.334699487761808,22.597691976529976,29.37476596885611,20.116976837217162,12.496165341280195,8.334699487761808
Ziel,202,M1_alpha1p5,False,39.563570640425404,13.83632922416527,8.089328277112102,23.249343878172443,30.415018342838287,20.31971237015103,13.83632922416527,8.0893282771121
Ziel,204,M1_alpha1p5,False,36.146497930247776,12.885492841023915,7.786847889078446,24.379268042324373,32.387268757266135,21.581034062797624,12.885492841023913,7.786847889078446
Ziel,206,M1_alpha1p5,False,33.666453060334426,12.388557187256554,8.807870080721434,26.594828417083356,34.03243532602338,23.792228433383944,12.388557187256554,8.807870080721434
reparieren,163,M1_alpha1p5,False,40.369582360473466,13.731460688418043,9.455591859014563,28.691754636382033,43.71418942776404,25.065858835886928,13.731460688418043,9.455591859014563
reparieren,165,M1_alpha1p5,False,39.24373479166424,14.223129312823504,9.802022376370424,27.411227599365684,40.57127360182582,24.037382309366112,14.223129312823504,9.802022376370424
reparieren,167,M1_alpha1p5,False,43.43862998604828,14.74359901770535,9.36377852811972,31.877039313995535,50.75015159679428,27.459925390860132,14.74359901770535,9.36377852811972
reparieren,169,M1_alpha1p5,False,38.47173607490428,15.085032740099312,10.050974870166623,30.977703670049628,47.28953515598267,26.733548320422237,15.08503274009931,10.050974870166621
reparieren,171,M1_alpha1p5,False,40.458637246299745,14.725822184457735,9.681534189037194,33.14299503034706,51.947077685541515,28.22301263636827,14.725822184457735,9.681534189037194
reparieren,173,M1_alpha1p5,False,40.53620444183583,14.039203221950679,10.77719610636983,32.56815355231005,48.80381424425762,28.34100598670876,14.039203221950677,10.77719610636983
reparieren,175,M1_alpha1p5,False,40.93963258165145,16.206694096329443,11.67496296905984,38.2931996252728,52.24618027382579,33.54134275692353,16.206694096329443,11.67496296905984
reparieren,177,M1_alpha1p5,False,45.02167067296304,14.12341077139219,11.870112836476446,43.42272187456336,62.36969450920027,37.75096937060556,14.123410771392194,11.870112836476446
reparieren,179,M1_alpha1p5,False,52.06008516901077,17.211107138718194,20.16054999706742,55.62976989509147,73.08130004788791,49.20033499739129,17.211107138718194,20.16054999706742
reparieren,181,M1_alpha1p5,False,51.854303194906514,12.288425775640578,25.906257633133883,55.36052619419396,75.44927728664307,48.5815562861165,12.288425775640578,25.906257633133883
reparieren,183,M1_alpha1p5,False,47.856456461390096,12.014209219108222,27.74751595426444,46.819647043102556,61.148805922087455,41.724836511976804,12.014209219108222,27.747515954264436
