sign,class,ordinal,gt_path,prediction_path,left_evaluated,right_evaluated
Ablehnen,~0,0,data/smplx_gt/Ablehnen/00298.obj,outputs/method_hamer/Ablehnen/smplifyx/meshes/low_149.obj,True,True
Ablehnen,~0,1,data/smplx_gt/Ablehnen/00302.obj,outputs/method_hamer/Ablehnen/smplifyx/meshes/low_151.obj,True,True
Ablehnen,~0,2,data/smplx_gt/Ablehnen/00306.obj,outputs/method_hamer/Ablehnen/smplifyx/meshes/low_153.obj,True,True
Ablehnen,~0,3,data/smplx_gt/Ablehnen/00310.obj,outputs/method_hamer/Ablehnen/smplifyx/meshes/low_155.obj,True,True
Ablehnen,~0,4,data/smplx_gt/Ablehnen/00314.obj,outputs/method_hamer/Ablehnen/smplifyx/meshes/low_157.obj,True,True
Ablehnen,~0,5,data/smplx_gt/Ablehnen/00318.obj,outputs/method_hamer/Ablehnen/smplifyx/meshes/low_159.obj,True,True
Ablehnen,~0,6,data/smplx_gt/Ablehnen/00322.obj,outputs/method_hamer/Ablehnen/smplifyx/meshes/low_161.obj,True,True
Ablehnen,~0,7,data/smplx_gt/Ablehnen/00326.obj,outputs/method_hamer/Ablehnen/smplifyx/meshes/low_163.obj,True,True
Ablehnen,~0,8,data/smplx_gt/Ablehnen/00330.obj,outputs/method_hamer/Ablehnen/smplifyx/meshes/low_165.obj,True,True
Ablehnen,~0,9,data/smplx_gt/Ablehnen/00334.obj,outputs/method_hamer/Ablehnen/smplifyx/meshes/low_167.obj,True,True
Ablehnen,~0,10,data/smplx_gt/Ablehnen/00338.obj,outputs/method_hamer/Ablehnen/smplifyx/meshes/low_169.obj,True,True
Ablehnen,~0,11,data/smplx_gt/Ablehnen/00342.obj,outputs/method_hamer/Ablehnen/smplifyx/meshes/low_171.obj,True,True
Ablehnen,~0,12,data/smplx_gt/Ablehnen/00346.obj,outputs/method_hamer/Ablehnen/smplifyx/meshes/low_173.obj,True,True
Ablehnen,~0,13,data/smplx_gt/Ablehnen/00350.obj,outputs/method_hamer/Ablehnen/smplifyx/meshes/low_175.obj,True,True
Akzeptieren,~0,0,data/smplx_gt/Akzeptieren/00248.obj,outputs/method_hamer/Akzeptieren/smplifyx/meshes/low_124.obj,True,True
Akzeptieren,~0,1,data/smplx_gt/Akzeptieren/00252.obj,outputs/method_hamer/Akzeptieren/smplifyx/meshes/low_126.obj,True,True
Akzeptieren,~0,2,data/smplx_gt/Akzeptieren/00256.obj,outputs/method_hamer/Akzeptieren/smplifyx/meshes/low_128.obj,True,True
Akzeptieren,~0,3,data/smplx_gt/Akzeptieren/00260.obj,outputs/method_hamer/Akzeptieren/smplifyx/meshes/low_130.obj,True,True
Akzeptieren,~0,4,data/smplx_gt/Akzeptieren/00264.obj,outputs/method_hamer/Akzeptieren/smplifyx/meshes/low_132.obj,True,True
Akzeptieren,~0,5,data/smplx_gt/Akzeptieren/00268.obj,outputs/method_hamer/Akzeptieren/smplifyx/meshes/low_134.obj,True,True
Akzeptieren,~0,6,data/smplx_gt/Akzeptieren/00272.obj,outputs/method_hamer/Akzeptieren/smplifyx/meshes/low_136.obj,True,True
Akzeptieren,~0,7,data/smplx_gt/Akzeptieren/00276.obj,outputs/method_hamer/Akzeptieren/smplifyx/meshes/low_138.obj,True,True
Akzeptieren,~0,8,data/smplx_gt/Akzeptieren/00280.obj,outputs/method_hamer/Akzeptieren/smplifyx/meshes/low_140.obj,True,True
Akzeptieren,~0,9,data/smplx_gt/Akzeptieren/00284.obj,outputs/method_hamer/Akzeptieren/smplifyx/meshes/low_142.obj,True,True
Akzeptieren,~0,10,data/smplx_gt/Akzeptieren/00288.obj,outputs/method_hamer/Akzeptieren/smplifyx/meshes/low_144.obj,True,True
Akzeptieren,~0,11,data/smplx_gt/Akzeptieren/00292.obj,outputs/method_hamer/Akzeptieren/smplifyx/meshes/low_146.obj,True,True
Akzeptieren,~0,12,data/smplx_gt/Akzeptieren/00296.obj,outputs/method_hamer/Akzeptieren/smplifyx/meshes/low_148.obj,True,True
Akzeptieren,~0,13,data/smplx_gt/Akzeptieren/00300.obj,outputs/method_hamer/Akzeptieren/smplifyx/meshes/low_150.obj,True,True
Akzeptieren,~0,14,data/smplx_gt/Akzeptieren/00304.obj,outputs/method_hamer/Akzeptieren/smplifyx/meshes/low_152.obj,True,True
Akzeptieren,~0,15,data/smplx_gt/Akzeptieren/00308.obj,outputs/method_hamer/Akzeptieren/smplifyx/meshes/low_154.obj,True,True
Akzeptieren,~0,16,data/smplx_gt/Akzeptieren/00312.obj,outputs/method_hamer/Akzeptieren/smplifyx/meshes/low_156.obj,True,True
Akzeptieren,~0,17,data/smplx_gt/Akzeptieren/00316.obj,outputs/method_hamer/Akzeptieren/smplifyx/meshes/low_158.obj,True,True
Akzeptieren,~0,18,data/smplx_gt/Akzeptieren/00320.obj,outputs/method_hamer/Akzeptieren/smplifyx/meshes/low_160.obj,True,True
Akzeptieren,~0,19,data/smplx_gt/Akzeptieren/00324.obj,outputs/method_hamer/Akzeptieren/smplifyx/meshes/low_162.obj,True,True
Akzeptieren,~0,20,data/smplx_gt/Akzeptieren/00328.obj,outputs/method_hamer/Akzeptieren/smplifyx/meshes/low_164.obj,True,True
Akzeptieren,~0,21,data/smplx_gt/Akzeptieren/00332.obj,outputs/method_hamer/Akzeptieren/smplifyx/meshes/low_166.obj,True,True
Akzeptieren,~0,22,data/smplx_gt/Akzeptieren/00336.obj,outputs/method_hamer/Akzeptieren/smplifyx/meshes/low_168.obj,True,True
Akzeptieren,~0,23,data/smplx_gt/Akzeptieren/00340.obj,outputs/method_hamer/Akzeptieren/smplifyx/meshes/low_170.obj,True,True
Akzeptieren,~0,24,data/smplx_gt/Akzeptieren/00344.obj,outputs/method_hamer/Akzeptieren/smplifyx/meshes/low_172.obj,True,True
Akzeptieren,~0,25,data/smplx_gt/Akzeptieren/00348.obj,outputs/method_hamer/Akzeptieren/smplifyx/meshes/low_174.obj,True,True
Akzeptieren,~0,26,data/smplx_gt/Akzeptieren/00352.obj,outputs/method_hamer/Akzeptieren/smplifyx/meshes/low_176.obj,True,True
Akzeptieren,~0,27,data/smplx_gt/Akzeptieren/00356.obj,outputs/method_hamer/Akzeptieren/smplifyx/meshes/low_178.obj,True,True
Akzeptieren,~0,28,data/smplx_gt/Akzeptieren/00360.obj,outputs/method_hamer/Akzeptieren/smplifyx/meshes/low_180.obj,True,True
Akzeptieren,~0,29,data/smplx_gt/Akzeptieren/00364.obj,outputs/method_hamer/Akzeptieren/smplifyx/meshes/low_182.obj,True,True
Akzeptieren,~0,30,data/smplx_gt/Akzeptieren/00368.obj,outputs/method_hamer/Akzeptieren/smplifyx/meshes/low_184.obj,True,True
Arzt,~0,0,data/smplx_gt/Arzt/00332.obj,outputs/method_hamer/Arzt/smplifyx/meshes/low_166.obj,True,True
Arzt,~0,1,data/smplx_gt/Arzt/00336.obj,outputs/method_hamer/Arzt/smplifyx/meshes/low_168.obj,True,True
Arzt,~0,2,data/smplx_gt/Arzt/00340.obj,outputs/method_hamer/Arzt/smplifyx/meshes/low_170.obj,True,True
Arzt,~0,3,data/smplx_gt/Arzt/00344.obj,outputs/method_hamer/Arzt/smplifyx/meshes/low_172.obj,True,True
Arzt,~0,4,data/smplx_gt/Arzt/00348.obj,outputs/method_hamer/Arzt/smplifyx/meshes/low_174.obj,True,True
Arzt,~0,5,data/smplx_gt/Arzt/00352.obj,outputs/method_hamer/Arzt/smplifyx/meshes/low_176.obj,True,True
Arzt,~0,6,data/smplx_gt/Arzt/00356.obj,outputs/method_hamer/Arzt/smplifyx/meshes/low_178.obj,True,True
Arzt,~0,7,data/smplx_gt/Arzt/00360.obj,outputs/method_hamer/Arzt/smplifyx/meshes/low_180.obj,True,True
Arzt,~0,8,data/smplx_gt/Arzt/00364.obj,outputs/method_hamer/Arzt/smplifyx/meshes/low_182.obj,True,True
Arzt,~0,9,data/smplx_gt/Arzt/00368.obj,outputs/method_hamer/Arzt/smplifyx/meshes/low_184.obj,True,True
Arzt,~0,10,data/smplx_gt/Arzt/00372.obj,outputs/method_hamer/Arzt/smplifyx/meshes/low_186.obj,True,True
Arzt,~0,11,data/smplx_gt/Arzt/00376.obj,outputs/method_hamer/Arzt/smplifyx/meshes/low_188.obj,True,True
Arzt,~0,12,data/smplx_gt/Arzt/00380.obj,outputs/method_hamer/Arzt/smplifyx/meshes/low_190.obj,True,True
Arzt,~0,13,data/smplx_gt/Arzt/00384.obj,outputs/method_hamer/Arzt/smplifyx/meshes/low_192.obj,True,True
Arzt,~0,14,data/smplx_gt/Arzt/00388.obj,outputs/method_hamer/Arzt/smplifyx/meshes/low_194.obj,True,True
Arzt,~0,15,data/smplx_gt/Arzt/00392.obj,outputs/method_hamer/Arzt/smplifyx/meshes/low_196.obj,True,True
Arzt,~0,16,data/smplx_gt/Arzt/00396.obj,outputs/method_hamer/Arzt/smplifyx/meshes/low_198.obj,True,True
Arzt,~0,17,data/smplx_gt/Arzt/00400.obj,outputs/method_hamer/Arzt/smplifyx/meshes/low_200.obj,True,True
Arzt,~0,18,data/smplx_gt/Arzt/00404.obj,outputs/method_hamer/Arzt/smplifyx/meshes/low_202.obj,True,True
Arzt,~0,19,data/smplx_gt/Arzt/00408.obj,outputs/method_hamer/Arzt/smplifyx/meshes/low_204.obj,True,True
Arzt,~0,20,data/smplx_gt/Arzt/00412.obj,outputs/method_hamer/Arzt/smplifyx/meshes/low_206.obj,True,True
AufgebenResignieren,~0,0,data/smplx_gt/AufgebenResignieren/00244.obj,outputs/method_hamer/AufgebenResignieren/smplifyx/meshes/low_122.obj,True,True
AufgebenResignieren,~0,1,data/smplx_gt/AufgebenResignieren/00248.obj,outputs/method_hamer/AufgebenResignieren/smplifyx/meshes/low_124.obj,True,True
AufgebenResignieren,~0,2,data/smplx_gt/AufgebenResignieren/00252.obj,outputs/method_hamer/AufgebenResignieren/smplifyx/meshes/low_126.obj,True,True
AufgebenResignieren,~0,3,data/smplx_gt/AufgebenResignieren/00256.obj,outputs/method_hamer/AufgebenResignieren/smplifyx/meshes/low_128.obj,True,True
AufgebenResignieren,~0,4,data/smplx_gt/AufgebenResignieren/00260.obj,outputs/method_hamer/AufgebenResignieren/smplifyx/meshes/low_130.obj,True,True
AufgebenResignieren,~0,5,data/smplx_gt/AufgebenResignieren/00264.obj,outputs/method_hamer/AufgebenResignieren/smplifyx/meshes/low_132.obj,True,True
AufgebenResignieren,~0,6,data/smplx_gt/AufgebenResignieren/00268.obj,outputs/method_hamer/AufgebenResignieren/smplifyx/meshes/low_134.obj,True,True
AufgebenResignieren,~0,7,data/smplx_gt/AufgebenResignieren/00272.obj,outputs/method_hamer/AufgebenResignieren/smplifyx/meshes/low_136.obj,True,True
AufgebenResignieren,~0,8,data/smplx_gt/AufgebenResignieren/00276.obj,outputs/method_hamer/AufgebenResignieren/smplifyx/meshes/low_138.obj,True,True
AufgebenResignieren,~0,9,data/smplx_gt/AufgebenResignieren/00280.obj,outputs/method_hamer/AufgebenResignieren/smplifyx/meshes/low_140.obj,True,True
AufgebenResignieren,~0,10,data/smplx_gt/AufgebenResignieren/00284.obj,outputs/method_hamer/AufgebenResignieren/smplifyx/meshes/low_142.obj,True,True
AufgebenResignieren,~0,11,data/smplx_gt/AufgebenResignieren/00288.obj,outputs/method_hamer/AufgebenResignieren/smplifyx/meshes/low_144.obj,True,True
AufgebenResignieren,~0,12,data/smplx_gt/AufgebenResignieren/00292.obj,outputs/method_hamer/AufgebenResignieren/smplifyx/meshes/low_146.obj,True,True
AufgebenResignieren,~0,13,data/smplx_gt/AufgebenResignieren/00296.obj,outputs/method_hamer/AufgebenResignieren/smplifyx/meshes/low_148.obj,True,True
AufgebenResignieren,~0,14,data/smplx_gt/AufgebenResignieren/00300.obj,outputs/method_hamer/AufgebenResignieren/smplifyx/meshes/low_150.obj,True,True
AufgebenResignieren,~0,15,data/smplx_gt/AufgebenResignieren/00304.obj,outputs/method_hamer/AufgebenResignieren/smplifyx/meshes/low_152.obj,True,True
AufgebenResignieren,~0,16,data/smplx_gt/AufgebenResignieren/00308.obj,outputs/method_hamer/AufgebenResignieren/smplifyx/meshes/low_154.obj,True,True
AufgebenResignieren,~0,17,data/smplx_gt/AufgebenResignieren/00312.obj,outputs/method_hamer/AufgebenResignieren/smplifyx/meshes/low_156.obj,True,True
AufgebenResignieren,~0,18,data/smplx_gt/AufgebenResignieren/00316.obj,outputs/method_hamer/AufgebenResignieren/smplifyx/meshes/low_158.obj,True,True
AufgebenResignieren,~0,19,data/smplx_gt/AufgebenResignieren/00320.obj,outputs/method_hamer/AufgebenResignieren/smplifyx/meshes/low_160.obj,True,True
AufgebenResignieren,~0,20,data/smplx_gt/AufgebenResignieren/00324.obj,outputs/method_hamer/AufgebenResignieren/smplifyx/meshes/low_162.obj,True,True
AufgebenResignieren,~0,21,data/smplx_gt/AufgebenResignieren/00328.obj,outputs/method_hamer/AufgebenResignieren/smplifyx/meshes/low_164.obj,True,True
AufgebenResignieren,~0,22,data/smplx_gt/AufgebenResignieren/00332.obj,outputs/method_hamer/AufgebenResignieren/smplifyx/meshes/low_166.obj,True,True
AufgebenResignieren,~0,23,data/smplx_gt/AufgebenResignieren/00336.obj,outputs/method_hamer/AufgebenResignieren/smplifyx/meshes/low_168.obj,True,True
AufgebenResignieren,~0,24,data/smplx_gt/AufgebenResignieren/00340.obj,outputs/method_hamer/AufgebenResignieren/smplifyx/meshes/low_170.obj,True,True
AufgebenResignieren,~0,25,data/smplx_gt/AufgebenResignieren/00344.obj,outputs/method_hamer/AufgebenResignieren/smplifyx/meshes/low_172.obj,True,True
AufgebenResignieren,~0,26,data/smplx_gt/AufgebenResignieren/00348.obj,outputs/method_hamer/AufgebenResignieren/smplifyx/meshes/low_174.obj,True,True
AufgebenResignieren,~0,27,data/smplx_gt/AufgebenResignieren/00352.obj,outputs/method_hamer/AufgebenResignieren/smplifyx/meshes/low_176.obj,True,True
AufgebenResignieren,~0,28,data/smplx_gt/AufgebenResignieren/00356.obj,outputs/method_hamer/AufgebenResignieren/smplifyx/meshes/low_178.obj,True,True
AufgebenResignieren,~0,29,data/smplx_gt/AufgebenResignieren/00360.obj,outputs/method_hamer/AufgebenResignieren/smplifyx/meshes/low_180.obj,True,True
AufgebenResignieren,~0,30,data/smplx_gt/AufgebenResignieren/00364.obj,outputs/method_hamer/AufgebenResignieren/smplifyx/meshes/low_182.obj,True,True
AufgebenResignieren,~0,31,data/smplx_gt/AufgebenResignieren/00368.obj,outputs/method_hamer/AufgebenResignieren/smplifyx/meshes/low_184.obj,True,True
AufgebenResignieren,~0,32,data/smplx_gt/AufgebenResignieren/00372.obj,outputs/method_hamer/AufgebenResignieren/smplifyx/meshes/low_186.obj,True,True
AufgebenResignieren,~0,33,data/smplx_gt/AufgebenResignieren/00376.obj,outputs/method_hamer/AufgebenResignieren/smplifyx/meshes/low_188.obj,True,True
AusgebenGeldVerschwenden,~0,0,data/smplx_gt/AusgebenGeldVerschwenden/00240.obj,outputs/method_hamer/AusgebenGeldVerschwenden/smplifyx/meshes/low_120.obj,True,True
AusgebenGeldVerschwenden,~0,1,data/smplx_gt/AusgebenGeldVerschwenden/00244.obj,outputs/method_hamer/AusgebenGeldVerschwenden/smplifyx/meshes/low_122.obj,True,True
AusgebenGeldVerschwenden,~0,2,data/smplx_gt/AusgebenGeldVerschwenden/00248.obj,outputs/method_hamer/AusgebenGeldVerschwenden/smplifyx/meshes/low_124.obj,True,True
AusgebenGeldVerschwenden,~0,3,data/smplx_gt/AusgebenGeldVerschwenden/00252.obj,outputs/method_hamer/AusgebenGeldVerschwenden/smplifyx/meshes/low_126.obj,True,True
AusgebenGeldVerschwenden,~0,4,data/smplx_gt/AusgebenGeldVerschwenden/00256.obj,outputs/method_hamer/AusgebenGeldVerschwenden/smplifyx/meshes/low_128.obj,True,True
AusgebenGeldVerschwenden,~0,5,data/smplx_gt/AusgebenGeldVerschwenden/00260.obj,outputs/method_hamer/AusgebenGeldVerschwenden/smplifyx/meshes/low_130.obj,True,True
AusgebenGeldVerschwenden,~0,6,data/smplx_gt/AusgebenGeldVerschwenden/00264.obj,outputs/method_hamer/AusgebenGeldVerschwenden/smplifyx/meshes/low_132.obj,True,True
AusgebenGeldVerschwenden,~0,7,data/smplx_gt/AusgebenGeldVerschwenden/00268.obj,outputs/method_hamer/AusgebenGeldVerschwenden/smplifyx/meshes/low_134.obj,True,True
AusgebenGeldVerschwenden,~0,8,data/smplx_gt/AusgebenGeldVerschwenden/00272.obj,outputs/method_hamer/AusgebenGeldVerschwenden/smplifyx/meshes/low_136.obj,True,True
AusgebenGeldVerschwenden,~0,9,data/smplx_gt/AusgebenGeldVerschwenden/00276.obj,outputs/method_hamer/AusgebenGeldVerschwenden/smplifyx/meshes/low_138.obj,True,True
AusgebenGeldVerschwenden,~0,10,data/smplx_gt/AusgebenGeldVerschwenden/00280.obj,outputs/method_hamer/AusgebenGeldVerschwenden/smplifyx/meshes/low_140.obj,True,True
AusgebenGeldVerschwenden,~0,11,data/smplx_gt/AusgebenGeldVerschwenden/00284.obj,outputs/method_hamer/AusgebenGeldVerschwenden/smplifyx/meshes/low_142.obj,True,True
AusgebenGeldVerschwenden,~0,12,data/smplx_gt/AusgebenGeldVerschwenden/00288.obj,outputs/method_hamer/AusgebenGeldVerschwenden/smplifyx/meshes/low_144.obj,True,True
AusgebenGeldVerschwenden,~0,13,data/smplx_gt/AusgebenGeldVerschwenden/00292.obj,outputs/method_hamer/AusgebenGeldVerschwenden/smplifyx/meshes/low_146.obj,True,True
AusgebenGeldVerschwenden,~0,14,data/smplx_gt/AusgebenGeldVerschwenden/00296.obj,outputs/method_hamer/AusgebenGeldVerschwenden/smplifyx/meshes/low_148.obj,True,True
AusgebenGeldVerschwenden,~0,15,data/smplx_gt/AusgebenGeldVerschwenden/00300.obj,outputs/method_hamer/AusgebenGeldVerschwenden/smplifyx/meshes/low_150.obj,True,True
AusgebenGeldVerschwenden,~0,16,data/smplx_gt/AusgebenGeldVerschwenden/00304.obj,outputs/method_hamer/AusgebenGeldVerschwenden/smplifyx/meshes/low_152.obj,True,True
AusgebenGeldVerschwenden,~0,17,data/smplx_gt/AusgebenGeldVerschwenden/00308.obj,outputs/method_hamer/AusgebenGeldVerschwenden/smplifyx/meshes/low_154.obj,True,True
AusgebenGeldVerschwenden,~0,18,data/smplx_gt/AusgebenGeldVerschwenden/00312.obj,outputs/method_hamer/AusgebenGeldVerschwenden/smplifyx/meshes/low_156.obj,True,True
Auto,~0,0,data/smplx_gt/Auto/00208.obj,outputs/method_hamer/Auto/smplifyx/meshes/low_104.obj,True,True
Auto,~0,1,data/smplx_gt/Auto/00212.obj,outputs/method_hamer/Auto/smplifyx/meshes/low_106.obj,True,True
Auto,~0,2,data/smplx_gt/Auto/00216.obj,outputs/method_hamer/Auto/smplifyx/meshes/low_108.obj,True,True
Auto,~0,3,data/smplx_gt/Auto/00220.obj,outputs/method_hamer/Auto/smplifyx/meshes/low_110.obj,True,True
Auto,~0,4,data/smplx_gt/Auto/00224.obj,outputs/method_hamer/Auto/smplifyx/meshes/low_112.obj,True,True
Auto,~0,5,data/smplx_gt/Auto/00228.obj,outputs/method_hamer/Auto/smplifyx/meshes/low_114.obj,True,True
Auto,~0,6,data/smplx_gt/Auto/00232.obj,outputs/method_hamer/Auto/smplifyx/meshes/low_116.obj,True,True
Auto,~0,7,data/smplx_gt/Auto/00236.obj,outputs/method_hamer/Auto/smplifyx/meshes/low_118.obj,True,True
Auto,~0,8,data/smplx_gt/Auto/00240.obj,outputs/method_hamer/Auto/smplifyx/meshes/low_120.obj,True,True
Auto,~0,9,data/smplx_gt/Auto/00244.obj,outputs/method_hamer/Auto/smplifyx/meshes/low_122.obj,True,True
Auto,~0,10,data/smplx_gt/Auto/00248.obj,outputs/method_hamer/Auto/smplifyx/meshes/low_124.obj,True,True
Auto,~0,11,data/smplx_gt/Auto/00252.obj,outputs/method_hamer/Auto/smplifyx/meshes/low_126.obj,True,True
Auto,~0,12,data/smplx_gt/Auto/00256.obj,outputs/method_hamer/Auto/smplifyx/meshes/low_128.obj,True,True
Auto,~0,13,data/smplx_gt/Auto/00260.obj,outputs/method_hamer/Auto/smplifyx/meshes/low_130.obj,True,True
Auto,~0,14,data/smplx_gt/Auto/00264.obj,outputs/method_hamer/Auto/smplifyx/meshes/low_132.obj,True,True
Auto,~0,15,data/smplx_gt/Auto/00268.obj,outputs/method_hamer/Auto/smplifyx/meshes/low_134.obj,True,True
Auto,~0,16,data/smplx_gt/Auto/00272.obj,outputs/method_hamer/Auto/smplifyx/meshes/low_136.obj,True,True
Auto,~0,17,data/smplx_gt/Auto/00276.obj,outputs/method_hamer/Auto/smplifyx/meshes/low_138.obj,True,True
Auto,~0,18,data/smplx_gt/Auto/00280.obj,outputs/method_hamer/Auto/smplifyx/meshes/low_140.obj,True,True
Auto,~0,19,data/smplx_gt/Auto/00284.obj,outputs/method_hamer/Auto/smplifyx/meshes/low_142.obj,True,True
Auto,~0,20,data/smplx_gt/Auto/00288.obj,outputs/method_hamer/Auto/smplifyx/meshes/low_144.obj,True,True
Auto,~0,21,data/smplx_gt/Auto/00292.obj,outputs/method_hamer/Auto/smplifyx/meshes/low_146.obj,True,True
Auto,~0,22,data/smplx_gt/Auto/00296.obj,outputs/method_hamer/Auto/smplifyx/meshes/low_148.obj,True,True
Auto,~0,23,data/smplx_gt/Auto/00300.obj,outputs/method_hamer/Auto/smplifyx/meshes/low_150.obj,True,True
Auto,~0,24,data/smplx_gt/Auto/00304.obj,outputs/method_hamer/Auto/smplifyx/meshes/low_152.obj,True,True
Auto,~0,25,data/smplx_gt/Auto/00308.obj,outputs/method_hamer/Auto/smplifyx/meshes/low_154.obj,True,True
Auto,~0,26,data/smplx_gt/Auto/00312.obj,outputs/method_hamer/Auto/smplifyx/meshes/low_156.obj,True,True
Auto,~0,27,data/smplx_gt/Auto/00316.obj,outputs/method_hamer/Auto/smplifyx/meshes/low_158.obj,True,True
Auto,~0,28,data/smplx_gt/Auto/00320.obj,outputs/method_hamer/Auto/smplifyx/meshes/low_160.obj,True,True
Auto,~0,29,data/smplx_gt/Auto/00324.obj,outputs/method_hamer/Auto/smplifyx/meshes/low_162.obj,True,True
Auto,~0,30,data/smplx_gt/Auto/00328.obj,outputs/method_hamer/Auto/smplifyx/meshes/low_164.obj,True,True
Auto,~0,31,data/smplx_gt/Auto/00332.obj,outputs/method_hamer/Auto/smplifyx/meshes/low_166.obj,True,True
Auto,~0,32,data/smplx_gt/Auto/00336.obj,outputs/method_hamer/Auto/smplifyx/meshes/low_168.obj,True,True
Auto,~0,33,data/smplx_gt/Auto/00340.obj,outputs/method_hamer/Auto/smplifyx/meshes/low_170.obj,True,True
Auto,~0,34,data/smplx_gt/Auto/00344.obj,outputs/method_hamer/Auto/smplifyx/meshes/low_172.obj,True,True
BesuchenEinmischen,~0,0,data/smplx_gt/BesuchenEinmischen/00344.obj,outputs/method_hamer/BesuchenEinmischen/smplifyx/meshes/low_172.obj,True,True
BesuchenEinmischen,~0,1,data/smplx_gt/BesuchenEinmischen/00348.obj,outputs/method_hamer/BesuchenEinmischen/smplifyx/meshes/low_174.obj,True,True
BesuchenEinmischen,~0,2,data/smplx_gt/BesuchenEinmischen/00352.obj,outputs/method_hamer/BesuchenEinmischen/smplifyx/meshes/low_176.obj,True,True
BesuchenEinmischen,~0,3,data/smplx_gt/BesuchenEinmischen/00356.obj,outputs/method_hamer/BesuchenEinmischen/smplifyx/meshes/low_178.obj,True,True
BesuchenEinmischen,~0,4,data/smplx_gt/BesuchenEinmischen/00360.obj,outputs/method_hamer/BesuchenEinmischen/smplifyx/meshes/low_180.obj,True,True
BesuchenEinmischen,~0,5,data/smplx_gt/BesuchenEinmischen/00364.obj,outputs/method_hamer/BesuchenEinmischen/smplifyx/meshes/low_182.obj,True,True
BesuchenEinmischen,~0,6,data/smplx_gt/BesuchenEinmischen/00368.obj,outputs/method_hamer/BesuchenEinmischen/smplifyx/meshes/low_184.obj,True,True
BesuchenEinmischen,~0,7,data/smplx_gt/BesuchenEinmischen/00372.obj,outputs/method_hamer/BesuchenEinmischen/smplifyx/meshes/low_186.obj,True,True
BesuchenEinmischen,~0,8,data/smplx_gt/BesuchenEinmischen/00376.obj,outputs/method_hamer/BesuchenEinmischen/smplifyx/meshes/low_188.obj,True,True
BesuchenEinmischen,~0,9,data/smplx_gt/BesuchenEinmischen/00380.obj,outputs/method_hamer/BesuchenEinmischen/smplifyx/meshes/low_190.obj,True,True
BesuchenEinmischen,~0,10,data/smplx_gt/BesuchenEinmischen/00384.obj,outputs/method_hamer/BesuchenEinmischen/smplifyx/meshes/low_192.obj,True,True
BesuchenEinmischen,~0,11,data/smplx_gt/BesuchenEinmischen/00388.obj,outputs/method_hamer/BesuchenEinmischen/smplifyx/meshes/low_194.obj,True,True
BesuchenEinmischen,~0,12,data/smplx_gt/BesuchenEinmischen/00392.obj,outputs/method_hamer/BesuchenEinmischen/smplifyx/meshes/low_196.obj,True,True
BesuchenEinmischen,~0,13,data/smplx_gt/BesuchenEinmischen/00396.obj,outputs/method_hamer/BesuchenEinmischen/smplifyx/meshes/low_198.obj,True,True
BesuchenEinmischen,~0,14,data/smplx_gt/BesuchenEinmischen/00400.obj,outputs/method_hamer/BesuchenEinmischen/smplifyx/meshes/low_200.obj,True,True
BesuchenEinmischen,~0,15,data/smplx_gt/BesuchenEinmischen/00404.obj,outputs/method_hamer/BesuchenEinmischen/smplifyx/meshes/low_202.obj,True,True
BesuchenEinmischen,~0,16,data/smplx_gt/BesuchenEinmischen/00408.obj,outputs/method_hamer/BesuchenEinmischen/smplifyx/meshes/low_204.obj,True,True
BesuchenEinmischen,~0,17,data/smplx_gt/BesuchenEinmischen/00412.obj,outputs/method_hamer/BesuchenEinmischen/smplifyx/meshes/low_206.obj,True,True
BesuchenEinmischen,~0,18,data/smplx_gt/BesuchenEinmischen/00416.obj,outputs/method_hamer/BesuchenEinmischen/smplifyx/meshes/low_208.obj,True,True
Blitz,0,0,data/smplx_gt/Blitz/00262.obj,outputs/method_hamer/Blitz/smplifyx/meshes/low_131.obj,False,True
Blitz,0,1,data/smplx_gt/Blitz/00266.obj,outputs/method_hamer/Blitz/smplifyx/meshes/low_133.obj,False,True
Blitz,0,2,data/smplx_gt/Blitz/00270.obj,outputs/method_hamer/Blitz/smplifyx/meshes/low_135.obj,False,True
Blitz,0,3,data/smplx_gt/Blitz/00274.obj,outputs/method_hamer/Blitz/smplifyx/meshes/low_137.obj,False,True
Blitz,0,4,data/smplx_gt/Blitz/00278.obj,outputs/method_hamer/Blitz/smplifyx/meshes/low_139.obj,False,True
Blitz,0,5,data/smplx_gt/Blitz/00282.obj,outputs/method_hamer/Blitz/smplifyx/meshes/low_141.obj,False,True
Blitz,0,6,data/smplx_gt/Blitz/00286.obj,outputs/method_hamer/Blitz/smplifyx/meshes/low_143.obj,False,True
Blitz,0,7,data/smplx_gt/Blitz/00290.obj,outputs/method_hamer/Blitz/smplifyx/meshes/low_145.obj,False,True
Blitz,0,8,data/smplx_gt/Blitz/00294.obj,outputs/method_hamer/Blitz/smplifyx/meshes/low_147.obj,False,True
Blitz,0,9,data/smplx_gt/Blitz/00298.obj,outputs/method_hamer/Blitz/smplifyx/meshes/low_149.obj,False,True
Blitz,0,10,data/smplx_gt/Blitz/00302.obj,outputs/method_hamer/Blitz/smplifyx/meshes/low_151.obj,False,True
Blitz,0,11,data/smplx_gt/Blitz/00306.obj,outputs/method_hamer/Blitz/smplifyx/meshes/low_153.obj,False,True
Blitz,0,12,data/smplx_gt/Blitz/00310.obj,outputs/method_hamer/Blitz/smplifyx/meshes/low_155.obj,False,True
Blitz,0,13,data/smplx_gt/Blitz/00314.obj,outputs/method_hamer/Blitz/smplifyx/meshes/low_157.obj,False,True
Blitz,0,14,data/smplx_gt/Blitz/00318.obj,outputs/method_hamer/Blitz/smplifyx/meshes/low_159.obj,False,True
Blitz,0,15,data/smplx_gt/Blitz/00322.obj,outputs/method_hamer/Blitz/smplifyx/meshes/low_161.obj,False,True
Blitz,0,16,data/smplx_gt/Blitz/00326.obj,outputs/method_hamer/Blitz/smplifyx/meshes/low_163.obj,False,True
Blitz,0,17,data/smplx_gt/Blitz/00330.obj,outputs/method_hamer/Blitz/smplifyx/meshes/low_165.obj,False,True
Blitz,0,18,data/smplx_gt/Blitz/00334.obj,outputs/method_hamer/Blitz/smplifyx/meshes/low_167.obj,False,True
Blitz,0,19,data/smplx_gt/Blitz/00338.obj,outputs/method_hamer/Blitz/smplifyx/meshes/low_169.obj,False,True
Blitz,0,20,data/smplx_gt/Blitz/00342.obj,outputs/method_hamer/Blitz/smplifyx/meshes/low_171.obj,False,True
Blitz,0,21,data/smplx_gt/Blitz/00346.obj,outputs/method_hamer/Blitz/smplifyx/meshes/low_173.obj,False,True
Blitz,0,22,data/smplx_gt/Blitz/00350.obj,outputs/method_hamer/Blitz/smplifyx/meshes/low_175.obj,False,True
Blitz,0,23,data/smplx_gt/Blitz/00354.obj,outputs/method_hamer/Blitz/smplifyx/meshes/low_177.obj,False,True
Blume,~0,0,data/smplx_gt/Blume/00242.obj,outputs/method_hamer/Blume/smplifyx/meshes/low_121.obj,True,True
Blume,~0,1,data/smplx_gt/Blume/00246.obj,outputs/method_hamer/Blume/smplifyx/meshes/low_123.obj,True,True
Blume,~0,2,data/smplx_gt/Blume/00250.obj,outputs/method_hamer/Blume/smplifyx/meshes/low_125.obj,True,True
Blume,~0,3,data/smplx_gt/Blume/00254.obj,outputs/method_hamer/Blume/smplifyx/meshes/low_127.obj,True,True
Blume,~0,4,data/smplx_gt/Blume/00258.obj,outputs/method_hamer/Blume/smplifyx/meshes/low_129.obj,True,True
Blume,~0,5,data/smplx_gt/Blume/00262.obj,outputs/method_hamer/Blume/smplifyx/meshes/low_131.obj,True,True
Blume,~0,6,data/smplx_gt/Blume/00266.obj,outputs/method_hamer/Blume/smplifyx/meshes/low_133.obj,True,True
Blume,~0,7,data/smplx_gt/Blume/00270.obj,outputs/method_hamer/Blume/smplifyx/meshes/low_135.obj,True,True
Blume,~0,8,data/smplx_gt/Blume/00274.obj,outputs/method_hamer/Blume/smplifyx/meshes/low_137.obj,True,True
Blume,~0,9,data/smplx_gt/Blume/00278.obj,outputs/method_hamer/Blume/smplifyx/meshes/low_139.obj,True,True
Blume,~0,10,data/smplx_gt/Blume/00282.obj,outputs/method_hamer/Blume/smplifyx/meshes/low_141.obj,True,True
Blume,~0,11,data/smplx_gt/Blume/00286.obj,outputs/method_hamer/Blume/smplifyx/meshes/low_143.obj,True,True
Blume,~0,12,data/smplx_gt/Blume/00290.obj,outputs/method_hamer/Blume/smplifyx/meshes/low_145.obj,True,True
Blume,~0,13,data/smplx_gt/Blume/00294.obj,outputs/method_hamer/Blume/smplifyx/meshes/low_147.obj,True,True
Blume,~0,14,data/smplx_gt/Blume/00298.obj,outputs/method_hamer/Blume/smplifyx/meshes/low_149.obj,True,True
Blume,~0,15,data/smplx_gt/Blume/00302.obj,outputs/method_hamer/Blume/smplifyx/meshes/low_151.obj,True,True
Blume,~0,16,data/smplx_gt/Blume/00306.obj,outputs/method_hamer/Blume/smplifyx/meshes/low_153.obj,True,True
Blume,~0,17,data/smplx_gt/Blume/00310.obj,outputs/method_hamer/Blume/smplifyx/meshes/low_155.obj,True,True
Blume,~0,18,data/smplx_gt/Blume/00314.obj,outputs/method_hamer/Blume/smplifyx/meshes/low_157.obj,True,True
Blume,~0,19,data/smplx_gt/Blume/00318.obj,outputs/method_hamer/Blume/smplifyx/meshes/low_159.obj,True,True
Blume,~0,20,data/smplx_gt/Blume/00322.obj,outputs/method_hamer/Blume/smplifyx/meshes/low_161.obj,True,True
Boese,0,0,data/smplx_gt/Boese/00254.obj,outputs/method_hamer/Boese/smplifyx/meshes/low_127.obj,False,True
Boese,0,1,data/smplx_gt/Boese/00258.obj,outputs/method_hamer/Boese/smplifyx/meshes/low_129.obj,False,True
Boese,0,2,data/smplx_gt/Boese/00262.obj,outputs/method_hamer/Boese/smplifyx/meshes/low_131.obj,False,True
Boese,0,3,data/smplx_gt/Boese/00266.obj,outputs/method_hamer/Boese/smplifyx/meshes/low_133.obj,False,True
Boese,0,4,data/smplx_gt/Boese/00270.obj,outputs/method_hamer/Boese/smplifyx/meshes/low_135.obj,False,True
Boese,0,5,data/smplx_gt/Boese/00274.obj,outputs/method_hamer/Boese/smplifyx/meshes/low_137.obj,False,True
Boese,0,6,data/smplx_gt/Boese/00278.obj,outputs/method_hamer/Boese/smplifyx/meshes/low_139.obj,False,True
Boese,0,7,data/smplx_gt/Boese/00282.obj,outputs/method_hamer/Boese/smplifyx/meshes/low_141.obj,False,True
Boese,0,8,data/smplx_gt/Boese/00286.obj,outputs/method_hamer/Boese/smplifyx/meshes/low_143.obj,False,True
Boese,0,9,data/smplx_gt/Boese/00290.obj,outputs/method_hamer/Boese/smplifyx/meshes/low_145.obj,False,True
Boese,0,10,data/smplx_gt/Boese/00294.obj,outputs/method_hamer/Boese/smplifyx/meshes/low_147.obj,False,True
Boese,0,11,data/smplx_gt/Boese/00298.obj,outputs/method_hamer/Boese/smplifyx/meshes/low_149.obj,False,True
Boese,0,12,data/smplx_gt/Boese/00302.obj,outputs/method_hamer/Boese/smplifyx/meshes/low_151.obj,False,True
Boese,0,13,data/smplx_gt/Boese/00306.obj,outputs/method_hamer/Boese/smplifyx/meshes/low_153.obj,False,True
Boese,0,14,data/smplx_gt/Boese/00310.obj,outputs/method_hamer/Boese/smplifyx/meshes/low_155.obj,False,True
Boese,0,15,data/smplx_gt/Boese/00314.obj,outputs/method_hamer/Boese/smplifyx/meshes/low_157.obj,False,True
Boese,0,16,data/smplx_gt/Boese/00318.obj,outputs/method_hamer/Boese/smplifyx/meshes/low_159.obj,False,True
Boese,0,17,data/smplx_gt/Boese/00322.obj,outputs/method_hamer/Boese/smplifyx/meshes/low_161.obj,False,True
Boese,0,18,data/smplx_gt/Boese/00326.obj,outputs/method_hamer/Boese/smplifyx/meshes/low_163.obj,False,True
BroetchenAufschneiden,~0,0,data/smplx_gt/BroetchenAufschneiden/00302.obj,outputs/method_hamer/BroetchenAufschneiden/smplifyx/meshes/low_151.obj,True,True
BroetchenAufschneiden,~0,1,data/smplx_gt/BroetchenAufschneiden/00306.obj,outputs/method_hamer/BroetchenAufschneiden/smplifyx/meshes/low_153.obj,True,True
BroetchenAufschneiden,~0,2,data/smplx_gt/BroetchenAufschneiden/00310.obj,outputs/method_hamer/BroetchenAufschneiden/smplifyx/meshes/low_155.obj,True,True
BroetchenAufschneiden,~0,3,data/smplx_gt/BroetchenAufschneiden/00314.obj,outputs/method_hamer/BroetchenAufschneiden/smplifyx/meshes/low_157.obj,True,True
BroetchenAufschneiden,~0,4,data/smplx_gt/BroetchenAufschneiden/00318.obj,outputs/method_hamer/BroetchenAufschneiden/smplifyx/meshes/low_159.obj,True,True
BroetchenAufschneiden,~0,5,data/smplx_gt/BroetchenAufschneiden/00322.obj,outputs/method_hamer/BroetchenAufschneiden/smplifyx/meshes/low_161.obj,True,True
BroetchenAufschneiden,~0,6,data/smplx_gt/BroetchenAufschneiden/00326.obj,outputs/method_hamer/BroetchenAufschneiden/smplifyx/meshes/low_163.obj,True,True
BroetchenAufschneiden,~0,7,data/smplx_gt/BroetchenAufschneiden/00330.obj,outputs/method_hamer/BroetchenAufschneiden/smplifyx/meshes/low_165.obj,True,True
BroetchenAufschneiden,~0,8,data/smplx_gt/BroetchenAufschneiden/00334.obj,outputs/method_hamer/BroetchenAufschneiden/smplifyx/meshes/low_167.obj,True,True
BroetchenAufschneiden,~0,9,data/smplx_gt/BroetchenAufschneiden/00338.obj,outputs/method_hamer/BroetchenAufschneiden/smplifyx/meshes/low_169.obj,True,True
BroetchenAufschneiden,~0,10,data/smplx_gt/BroetchenAufschneiden/00342.obj,outputs/method_hamer/BroetchenAufschneiden/smplifyx/meshes/low_171.obj,True,True
BroetchenAufschneiden,~0,11,data/smplx_gt/BroetchenAufschneiden/00346.obj,outputs/method_hamer/BroetchenAufschneiden/smplifyx/meshes/low_173.obj,True,True
BroetchenAufschneiden,~0,12,data/smplx_gt/BroetchenAufschneiden/00350.obj,outputs/method_hamer/BroetchenAufschneiden/smplifyx/meshes/low_175.obj,True,True
BroetchenAufschneiden,~0,13,data/smplx_gt/BroetchenAufschneiden/00354.obj,outputs/method_hamer/BroetchenAufschneiden/smplifyx/meshes/low_177.obj,True,True
BroetchenAufschneiden,~0,14,data/smplx_gt/BroetchenAufschneiden/00358.obj,outputs/method_hamer/BroetchenAufschneiden/smplifyx/meshes/low_179.obj,True,True
BroetchenAufschneiden,~0,15,data/smplx_gt/BroetchenAufschneiden/00362.obj,outputs/method_hamer/BroetchenAufschneiden/smplifyx/meshes/low_181.obj,True,True
BroetchenAufschneiden,~0,16,data/smplx_gt/BroetchenAufschneiden/00366.obj,outputs/method_hamer/BroetchenAufschneiden/smplifyx/meshes/low_183.obj,True,True
BroetchenAufschneiden,~0,17,data/smplx_gt/BroetchenAufschneiden/00370.obj,outputs/method_hamer/BroetchenAufschneiden/smplifyx/meshes/low_185.obj,True,True
BroetchenAufschneiden,~0,18,data/smplx_gt/BroetchenAufschneiden/00374.obj,outputs/method_hamer/BroetchenAufschneiden/smplifyx/meshes/low_187.obj,True,True
BroetchenAufschneiden,~0,19,data/smplx_gt/BroetchenAufschneiden/00378.obj,outputs/method_hamer/BroetchenAufschneiden/smplifyx/meshes/low_189.obj,True,True
BroetchenAufschneiden,~0,20,data/smplx_gt/BroetchenAufschneiden/00382.obj,outputs/method_hamer/BroetchenAufschneiden/smplifyx/meshes/low_191.obj,True,True
BroetchenAufschneiden,~0,21,data/smplx_gt/BroetchenAufschneiden/00386.obj,outputs/method_hamer/BroetchenAufschneiden/smplifyx/meshes/low_193.obj,True,True
BroetchenAufschneiden,~0,22,data/smplx_gt/BroetchenAufschneiden/00390.obj,outputs/method_hamer/BroetchenAufschneiden/smplifyx/meshes/low_195.obj,True,True
BroetchenAufschneiden,~0,23,data/smplx_gt/BroetchenAufschneiden/00394.obj,outputs/method_hamer/BroetchenAufschneiden/smplifyx/meshes/low_197.obj,True,True
BroetchenAufschneiden,~0,24,data/smplx_gt/BroetchenAufschneiden/00398.obj,outputs/method_hamer/BroetchenAufschneiden/smplifyx/meshes/low_199.obj,True,True
BroetchenAufschneiden,~0,25,data/smplx_gt/BroetchenAufschneiden/00402.obj,outputs/method_hamer/BroetchenAufschneiden/smplifyx/meshes/low_201.obj,True,True
BroetchenAufschneiden,~0,26,data/smplx_gt/BroetchenAufschneiden/00406.obj,outputs/method_hamer/BroetchenAufschneiden/smplifyx/meshes/low_203.obj,True,True
BroetchenAufschneiden,~0,27,data/smplx_gt/BroetchenAufschneiden/00410.obj,outputs/method_hamer/BroetchenAufschneiden/smplifyx/meshes/low_205.obj,True,True
BroetchenAufschneiden,~0,28,data/smplx_gt/BroetchenAufschneiden/00414.obj,outputs/method_hamer/BroetchenAufschneiden/smplifyx/meshes/low_207.obj,True,True
BroetchenAufschneiden,~0,29,data/smplx_gt/BroetchenAufschneiden/00418.obj,outputs/method_hamer/BroetchenAufschneiden/smplifyx/meshes/low_209.obj,True,True
BroetchenAufschneiden,~0,30,data/smplx_gt/BroetchenAufschneiden/00422.obj,outputs/method_hamer/BroetchenAufschneiden/smplifyx/meshes/low_211.obj,True,True
BroetchenAufschneiden,~0,31,data/smplx_gt/BroetchenAufschneiden/00426.obj,outputs/method_hamer/BroetchenAufschneiden/smplifyx/meshes/low_213.obj,True,True
BroetchenAufschneiden,~0,32,data/smplx_gt/BroetchenAufschneiden/00430.obj,outputs/method_hamer/BroetchenAufschneiden/smplifyx/meshes/low_215.obj,True,True
BroetchenAufschneiden,~0,33,data/smplx_gt/BroetchenAufschneiden/00434.obj,outputs/method_hamer/BroetchenAufschneiden/smplifyx/meshes/low_217.obj,True,True
BroetchenAufschneiden,~0,34,data/smplx_gt/BroetchenAufschneiden/00438.obj,outputs/method_hamer/BroetchenAufschneiden/smplifyx/meshes/low_219.obj,True,True
BroetchenAufschneiden,~0,35,data/smplx_gt/BroetchenAufschneiden/00442.obj,outputs/method_hamer/BroetchenAufschneiden/smplifyx/meshes/low_221.obj,True,True
BroetchenAufschneiden,~0,36,data/smplx_gt/BroetchenAufschneiden/00446.obj,outputs/method_hamer/BroetchenAufschneiden/smplifyx/meshes/low_223.obj,True,True
BroetchenAufschneiden,~0,37,data/smplx_gt/BroetchenAufschneiden/00450.obj,outputs/method_hamer/BroetchenAufschneiden/smplifyx/meshes/low_225.obj,True,True
BroetchenAufschneiden,~0,38,data/smplx_gt/BroetchenAufschneiden/00454.obj,outputs/method_hamer/BroetchenAufschneiden/smplifyx/meshes/low_227.obj,True,True
BroetchenAufschneiden,~0,39,data/smplx_gt/BroetchenAufschneiden/00458.obj,outputs/method_hamer/BroetchenAufschneiden/smplifyx/meshes/low_229.obj,True,True
BroetchenAufschneiden,~0,40,data/smplx_gt/BroetchenAufschneiden/00462.obj,outputs/method_hamer/BroetchenAufschneiden/smplifyx/meshes/low_231.obj,True,True
BroetchenAufschneiden,~0,41,data/smplx_gt/BroetchenAufschneiden/00466.obj,outputs/method_hamer/BroetchenAufschneiden/smplifyx/meshes/low_233.obj,True,True
BroetchenAufschneiden,~0,42,data/smplx_gt/BroetchenAufschneiden/00470.obj,outputs/method_hamer/BroetchenAufschneiden/smplifyx/meshes/low_235.obj,True,True
BroetchenAufschneiden,~0,43,data/smplx_gt/BroetchenAufschneiden/00474.obj,outputs/method_hamer/BroetchenAufschneiden/smplifyx/meshes/low_237.obj,True,True
BroetchenAufschneiden,~0,44,data/smplx_gt/BroetchenAufschneiden/00478.obj,outputs/method_hamer/BroetchenAufschneiden/smplifyx/meshes/low_239.obj,True,True
BroetchenAufschneiden,~0,45,data/smplx_gt/BroetchenAufschneiden/00482.obj,outputs/method_hamer/BroetchenAufschneiden/smplifyx/meshes/low_241.obj,True,True
BroetchenAufschneiden,~0,46,data/smplx_gt/BroetchenAufschneiden/00486.obj,outputs/method_hamer/BroetchenAufschneiden/smplifyx/meshes/low_243.obj,True,True
BroetchenAufschneiden,~0,47,data/smplx_gt/BroetchenAufschneiden/00490.obj,outputs/method_hamer/BroetchenAufschneiden/smplifyx/meshes/low_245.obj,True,True
Dort,0,0,data/smplx_gt/Dort/00342.obj,outputs/method_hamer/Dort/smplifyx/meshes/low_171.obj,False,True
Dort,0,1,data/smplx_gt/Dort/00346.obj,outputs/method_hamer/Dort/smplifyx/meshes/low_173.obj,False,True
Dort,0,2,data/smplx_gt/Dort/00350.obj,outputs/method_hamer/Dort/smplifyx/meshes/low_175.obj,False,True
Dort,0,3,data/smplx_gt/Dort/00354.obj,outputs/method_hamer/Dort/smplifyx/meshes/low_177.obj,False,True
Dort,0,4,data/smplx_gt/Dort/00358.obj,outputs/method_hamer/Dort/smplifyx/meshes/low_179.obj,False,True
Dort,0,5,data/smplx_gt/Dort/00362.obj,outputs/method_hamer/Dort/smplifyx/meshes/low_181.obj,False,True
Dort,0,6,data/smplx_gt/Dort/00366.obj,outputs/method_hamer/Dort/smplifyx/meshes/low_183.obj,False,True
Dort,0,7,data/smplx_gt/Dort/00370.obj,outputs/method_hamer/Dort/smplifyx/meshes/low_185.obj,False,True
Dort,0,8,data/smplx_gt/Dort/00374.obj,outputs/method_hamer/Dort/smplifyx/meshes/low_187.obj,False,True
Dort,0,9,data/smplx_gt/Dort/00378.obj,outputs/method_hamer/Dort/smplifyx/meshes/low_189.obj,False,True
Dort,0,10,data/smplx_gt/Dort/00382.obj,outputs/method_hamer/Dort/smplifyx/meshes/low_191.obj,False,True
Dort,0,11,data/smplx_gt/Dort/00386.obj,outputs/method_hamer/Dort/smplifyx/meshes/low_193.obj,False,True
Dort,0,12,data/smplx_gt/Dort/00390.obj,outputs/method_hamer/Dort/smplifyx/meshes/low_195.obj,False,True
Duenn,0,0,data/smplx_gt/Duenn/00312.obj,outputs/method_hamer/Duenn/smplifyx/meshes/low_156.obj,False,True
Duenn,0,1,data/smplx_gt/Duenn/00316.obj,outputs/method_hamer/Duenn/smplifyx/meshes/low_158.obj,False,True
Duenn,0,2,data/smplx_gt/Duenn/00320.obj,outputs/method_hamer/Duenn/smplifyx/meshes/low_160.obj,False,True
Duenn,0,3,data/smplx_gt/Duenn/00324.obj,outputs/method_hamer/Duenn/smplifyx/meshes/low_162.obj,False,True
Duenn,0,4,data/smplx_gt/Duenn/00328.obj,outputs/method_hamer/Duenn/smplifyx/meshes/low_164.obj,False,True
Duenn,0,5,data/smplx_gt/Duenn/00332.obj,outputs/method_hamer/Duenn/smplifyx/meshes/low_166.obj,False,True
Duenn,0,6,data/smplx_gt/Duenn/00336.obj,outputs/method_hamer/Duenn/smplifyx/meshes/low_168.obj,False,True
Duenn,0,7,data/smplx_gt/Duenn/00340.obj,outputs/method_hamer/Duenn/smplifyx/meshes/low_170.obj,False,True
Duenn,0,8,data/smplx_gt/Duenn/00344.obj,outputs/method_hamer/Duenn/smplifyx/meshes/low_172.obj,False,True
Duenn,0,9,data/smplx_gt/Duenn/00348.obj,outputs/method_hamer/Duenn/smplifyx/meshes/low_174.obj,False,True
Duenn,0,10,data/smplx_gt/Duenn/00352.obj,outputs/method_hamer/Duenn/smplifyx/meshes/low_176.obj,False,True
Duenn,0,11,data/smplx_gt/Duenn/00356.obj,outputs/method_hamer/Duenn/smplifyx/meshes/low_178.obj,False,True
Duenn,0,12,data/smplx_gt/Duenn/00360.obj,outputs/method_hamer/Duenn/smplifyx/meshes/low_180.obj,False,True
Duenn,0,13,data/smplx_gt/Duenn/00364.obj,outputs/method_hamer/Duenn/smplifyx/meshes/low_182.obj,False,True
Duenn,0,14,data/smplx_gt/Duenn/00368.obj,outputs/method_hamer/Duenn/smplifyx/meshes/low_184.obj,False,True
Duenn,0,15,data/smplx_gt/Duenn/00372.obj,outputs/method_hamer/Duenn/smplifyx/meshes/low_186.obj,False,True
Duenn,0,16,data/smplx_gt/Duenn/00376.obj,outputs/method_hamer/Duenn/smplifyx/meshes/low_188.obj,False,True
Duenn,0,17,data/smplx_gt/Duenn/00380.obj,outputs/method_hamer/Duenn/smplifyx/meshes/low_190.obj,False,True
Duenn,0,18,data/smplx_gt/Duenn/00384.obj,outputs/method_hamer/Duenn/smplifyx/meshes/low_192.obj,False,True
Duenn,0,19,data/smplx_gt/Duenn/00388.obj,outputs/method_hamer/Duenn/smplifyx/meshes/low_194.obj,False,True
Duenn,0,20,data/smplx_gt/Duenn/00392.obj,outputs/method_hamer/Duenn/smplifyx/meshes/low_196.obj,False,True
Duenn,0,21,data/smplx_gt/Duenn/00396.obj,outputs/method_hamer/Duenn/smplifyx/meshes/low_198.obj,False,True
Duenn,0,22,data/smplx_gt/Duenn/00400.obj,outputs/method_hamer/Duenn/smplifyx/meshes/low_200.obj,False,True
Einkaufen,~0,0,data/smplx_gt/Einkaufen/00284.obj,outputs/method_hamer/Einkaufen/smplifyx/meshes/low_142.obj,True,True
Einkaufen,~0,1,data/smplx_gt/Einkaufen/00288.obj,outputs/method_hamer/Einkaufen/smplifyx/meshes/low_144.obj,True,True
Einkaufen,~0,2,data/smplx_gt/Einkaufen/00292.obj,outputs/method_hamer/Einkaufen/smplifyx/meshes/low_146.obj,True,True
Einkaufen,~0,3,data/smplx_gt/Einkaufen/00296.obj,outputs/method_hamer/Einkaufen/smplifyx/meshes/low_148.obj,True,True
Einkaufen,~0,4,data/smplx_gt/Einkaufen/00300.obj,outputs/method_hamer/Einkaufen/smplifyx/meshes/low_150.obj,True,True
Einkaufen,~0,5,data/smplx_gt/Einkaufen/00304.obj,outputs/method_hamer/Einkaufen/smplifyx/meshes/low_152.obj,True,True
Einkaufen,~0,6,data/smplx_gt/Einkaufen/00308.obj,outputs/method_hamer/Einkaufen/smplifyx/meshes/low_154.obj,True,True
Einkaufen,~0,7,data/smplx_gt/Einkaufen/00312.obj,outputs/method_hamer/Einkaufen/smplifyx/meshes/low_156.obj,True,True
Einkaufen,~0,8,data/smplx_gt/Einkaufen/00316.obj,outputs/method_hamer/Einkaufen/smplifyx/meshes/low_158.obj,True,True
Einkaufen,~0,9,data/smplx_gt/Einkaufen/00320.obj,outputs/method_hamer/Einkaufen/smplifyx/meshes/low_160.obj,True,True
Einkaufen,~0,10,data/smplx_gt/Einkaufen/00324.obj,outputs/method_hamer/Einkaufen/smplifyx/meshes/low_162.obj,True,True
Einkaufen,~0,11,data/smplx_gt/Einkaufen/00328.obj,outputs/method_hamer/Einkaufen/smplifyx/meshes/low_164.obj,True,True
Einkaufen,~0,12,data/smplx_gt/Einkaufen/00332.obj,outputs/method_hamer/Einkaufen/smplifyx/meshes/low_166.obj,True,True
Einkaufen,~0,13,data/smplx_gt/Einkaufen/00336.obj,outputs/method_hamer/Einkaufen/smplifyx/meshes/low_168.obj,True,True
Einkaufen,~0,14,data/smplx_gt/Einkaufen/00340.obj,outputs/method_hamer/Einkaufen/smplifyx/meshes/low_170.obj,True,True
Einkaufen,~0,15,data/smplx_gt/Einkaufen/00344.obj,outputs/method_hamer/Einkaufen/smplifyx/meshes/low_172.obj,True,True
Einkaufen,~0,16,data/smplx_gt/Einkaufen/00348.obj,outputs/method_hamer/Einkaufen/smplifyx/meshes/low_174.obj,True,True
Einkaufen,~0,17,data/smplx_gt/Einkaufen/00352.obj,outputs/method_hamer/Einkaufen/smplifyx/meshes/low_176.obj,True,True
Einkaufen,~0,18,data/smplx_gt/Einkaufen/00356.obj,outputs/method_hamer/Einkaufen/smplifyx/meshes/low_178.obj,True,True
Einkaufen,~0,19,data/smplx_gt/Einkaufen/00360.obj,outputs/method_hamer/Einkaufen/smplifyx/meshes/low_180.obj,True,True
Einkaufen,~0,20,data/smplx_gt/Einkaufen/00364.obj,outputs/method_hamer/Einkaufen/smplifyx/meshes/low_182.obj,True,True
Einnehmen,~0,0,data/smplx_gt/Einnehmen/00322.obj,outputs/method_hamer/Einnehmen/smplifyx/meshes/low_161.obj,True,True
Einnehmen,~0,1,data/smplx_gt/Einnehmen/00326.obj,outputs/method_hamer/Einnehmen/smplifyx/meshes/low_163.obj,True,True
Einnehmen,~0,2,data/smplx_gt/Einnehmen/00330.obj,outputs/method_hamer/Einnehmen/smplifyx/meshes/low_165.obj,True,True
Einnehmen,~0,3,data/smplx_gt/Einnehmen/00334.obj,outputs/method_hamer/Einnehmen/smplifyx/meshes/low_167.obj,True,True
Einnehmen,~0,4,data/smplx_gt/Einnehmen/00338.obj,outputs/method_hamer/Einnehmen/smplifyx/meshes/low_169.obj,True,True
Einnehmen,~0,5,data/smplx_gt/Einnehmen/00342.obj,outputs/method_hamer/Einnehmen/smplifyx/meshes/low_171.obj,True,True
Einnehmen,~0,6,data/smplx_gt/Einnehmen/00346.obj,outputs/method_hamer/Einnehmen/smplifyx/meshes/low_173.obj,True,True
Einnehmen,~0,7,data/smplx_gt/Einnehmen/00350.obj,outputs/method_hamer/Einnehmen/smplifyx/meshes/low_175.obj,True,True
Einnehmen,~0,8,data/smplx_gt/Einnehmen/00354.obj,outputs/method_hamer/Einnehmen/smplifyx/meshes/low_177.obj,True,True
Einnehmen,~0,9,data/smplx_gt/Einnehmen/00358.obj,outputs/method_hamer/Einnehmen/smplifyx/meshes/low_179.obj,True,True
Einnehmen,~0,10,data/smplx_gt/Einnehmen/00362.obj,outputs/method_hamer/Einnehmen/smplifyx/meshes/low_181.obj,True,True
Einnehmen,~0,11,data/smplx_gt/Einnehmen/00366.obj,outputs/method_hamer/Einnehmen/smplifyx/meshes/low_183.obj,True,True
Einnehmen,~0,12,data/smplx_gt/Einnehmen/00370.obj,outputs/method_hamer/Einnehmen/smplifyx/meshes/low_185.obj,True,True
Einnehmen,~0,13,data/smplx_gt/Einnehmen/00374.obj,outputs/method_hamer/Einnehmen/smplifyx/meshes/low_187.obj,True,True
Einnehmen,~0,14,data/smplx_gt/Einnehmen/00378.obj,outputs/method_hamer/Einnehmen/smplifyx/meshes/low_189.obj,True,True
Einnehmen,~0,15,data/smplx_gt/Einnehmen/00382.obj,outputs/method_hamer/Einnehmen/smplifyx/meshes/low_191.obj,True,True
Einnehmen,~0,16,data/smplx_gt/Einnehmen/00386.obj,outputs/method_hamer/Einnehmen/smplifyx/meshes/low_193.obj,True,True
Einnehmen,~0,17,data/smplx_gt/Einnehmen/00390.obj,outputs/method_hamer/Einnehmen/smplifyx/meshes/low_195.obj,True,True
Einnehmen,~0,18,data/smplx_gt/Einnehmen/00394.obj,outputs/method_hamer/Einnehmen/smplifyx/meshes/low_197.obj,True,True
Einnehmen,~0,19,data/smplx_gt/Einnehmen/00398.obj,outputs/method_hamer/Einnehmen/smplifyx/meshes/low_199.obj,True,True
Einnehmen,~0,20,data/smplx_gt/Einnehmen/00402.obj,outputs/method_hamer/Einnehmen/smplifyx/meshes/low_201.obj,True,True
Einnehmen,~0,21,data/smplx_gt/Einnehmen/00406.obj,outputs/method_hamer/Einnehmen/smplifyx/meshes/low_203.obj,True,True
Einnehmen,~0,22,data/smplx_gt/Einnehmen/00410.obj,outputs/method_hamer/Einnehmen/smplifyx/meshes/low_205.obj,True,True
Einnehmen,~0,23,data/smplx_gt/Einnehmen/00414.obj,outputs/method_hamer/Einnehmen/smplifyx/meshes/low_207.obj,True,True
Einnehmen,~0,24,data/smplx_gt/Einnehmen/00418.obj,outputs/method_hamer/Einnehmen/smplifyx/meshes/low_209.obj,True,True
Einnehmen,~0,25,data/smplx_gt/Einnehmen/00422.obj,outputs/method_hamer/Einnehmen/smplifyx/meshes/low_211.obj,True,True
Einnehmen,~0,26,data/smplx_gt/Einnehmen/00426.obj,outputs/method_hamer/Einnehmen/smplifyx/meshes/low_213.obj,True,True
Einnehmen,~0,27,data/smplx_gt/Einnehmen/00430.obj,outputs/method_hamer/Einnehmen/smplifyx/meshes/low_215.obj,True,True
Einnehmen,~0,28,data/smplx_gt/Einnehmen/00434.obj,outputs/method_hamer/Einnehmen/smplifyx/meshes/low_217.obj,True,True
Einnehmen,~0,29,data/smplx_gt/Einnehmen/00438.obj,outputs/method_hamer/Einnehmen/smplifyx/meshes/low_219.obj,True,True
Einnehmen,~0,30,data/smplx_gt/Einnehmen/00442.obj,outputs/method_hamer/Einnehmen/smplifyx/meshes/low_221.obj,True,True
EinstellenJob,~0,0,data/smplx_gt/EinstellenJob/00280.obj,outputs/method_hamer/EinstellenJob/smplifyx/meshes/low_140.obj,True,True
EinstellenJob,~0,1,data/smplx_gt/EinstellenJob/00284.obj,outputs/method_hamer/EinstellenJob/smplifyx/meshes/low_142.obj,True,True
EinstellenJob,~0,2,data/smplx_gt/EinstellenJob/00288.obj,outputs/method_hamer/EinstellenJob/smplifyx/meshes/low_144.obj,True,True
EinstellenJob,~0,3,data/smplx_gt/EinstellenJob/00292.obj,outputs/method_hamer/EinstellenJob/smplifyx/meshes/low_146.obj,True,True
EinstellenJob,~0,4,data/smplx_gt/EinstellenJob/00296.obj,outputs/method_hamer/EinstellenJob/smplifyx/meshes/low_148.obj,True,True
EinstellenJob,~0,5,data/smplx_gt/EinstellenJob/00300.obj,outputs/method_hamer/EinstellenJob/smplifyx/meshes/low_150.obj,True,True
EinstellenJob,~0,6,data/smplx_gt/EinstellenJob/00304.obj,outputs/method_hamer/EinstellenJob/smplifyx/meshes/low_152.obj,True,True
EinstellenJob,~0,7,data/smplx_gt/EinstellenJob/00308.obj,outputs/method_hamer/EinstellenJob/smplifyx/meshes/low_154.obj,True,True
EinstellenJob,~0,8,data/smplx_gt/EinstellenJob/00312.obj,outputs/method_hamer/EinstellenJob/smplifyx/meshes/low_156.obj,True,True
EinstellenJob,~0,9,data/smplx_gt/EinstellenJob/00316.obj,outputs/method_hamer/EinstellenJob/smplifyx/meshes/low_158.obj,True,True
EinstellenJob,~0,10,data/smplx_gt/EinstellenJob/00320.obj,outputs/method_hamer/EinstellenJob/smplifyx/meshes/low_160.obj,True,True
EinstellenJob,~0,11,data/smplx_gt/EinstellenJob/00324.obj,outputs/method_hamer/EinstellenJob/smplifyx/meshes/low_162.obj,True,True
EinstellenJob,~0,12,data/smplx_gt/EinstellenJob/00328.obj,outputs/method_hamer/EinstellenJob/smplifyx/meshes/low_164.obj,True,True
EinstellenJob,~0,13,data/smplx_gt/EinstellenJob/00332.obj,outputs/method_hamer/EinstellenJob/smplifyx/meshes/low_166.obj,True,True
EinstellenJob,~0,14,data/smplx_gt/EinstellenJob/00336.obj,outputs/method_hamer/EinstellenJob/smplifyx/meshes/low_168.obj,True,True
EinstellenJob,~0,15,data/smplx_gt/EinstellenJob/00340.obj,outputs/method_hamer/EinstellenJob/smplifyx/meshes/low_170.obj,True,True
EinstellenJob,~0,16,data/smplx_gt/EinstellenJob/00344.obj,outputs/method_hamer/EinstellenJob/smplifyx/meshes/low_172.obj,True,True
EinstellenJob,~0,17,data/smplx_gt/EinstellenJob/00348.obj,outputs/method_hamer/EinstellenJob/smplifyx/meshes/low_174.obj,True,True
EinstellenJob,~0,18,data/smplx_gt/EinstellenJob/00352.obj,outputs/method_hamer/EinstellenJob/smplifyx/meshes/low_176.obj,True,True
EinstellenJob,~0,19,data/smplx_gt/EinstellenJob/00356.obj,outputs/method_hamer/EinstellenJob/smplifyx/meshes/low_178.obj,True,True
EinstellenJob,~0,20,data/smplx_gt/EinstellenJob/00360.obj,outputs/method_hamer/EinstellenJob/smplifyx/meshes/low_180.obj,True,True
EinstellenJob,~0,21,data/smplx_gt/EinstellenJob/00364.obj,outputs/method_hamer/EinstellenJob/smplifyx/meshes/low_182.obj,True,True
EinstellenJob,~0,22,data/smplx_gt/EinstellenJob/00368.obj,outputs/method_hamer/EinstellenJob/smplifyx/meshes/low_184.obj,True,True
EinstellenJob,~0,23,data/smplx_gt/EinstellenJob/00372.obj,outputs/method_hamer/EinstellenJob/smplifyx/meshes/low_186.obj,True,True
EinstellenJob,~0,24,data/smplx_gt/EinstellenJob/00376.obj,outputs/method_hamer/EinstellenJob/smplifyx/meshes/low_188.obj,True,True
EinstellenJob,~0,25,data/smplx_gt/EinstellenJob/00380.obj,outputs/method_hamer/EinstellenJob/smplifyx/meshes/low_190.obj,True,True
EinstellenJob,~0,26,data/smplx_gt/EinstellenJob/00384.obj,outputs/method_hamer/EinstellenJob/smplifyx/meshes/low_192.obj,True,True
EinstellenJob,~0,27,data/smplx_gt/EinstellenJob/00388.obj,outputs/method_hamer/EinstellenJob/smplifyx/meshes/low_194.obj,True,True
EinstellenJob,~0,28,data/smplx_gt/EinstellenJob/00392.obj,outputs/method_hamer/EinstellenJob/smplifyx/meshes/low_196.obj,True,True
EinstellenJob,~0,29,data/smplx_gt/EinstellenJob/00396.obj,outputs/method_hamer/EinstellenJob/smplifyx/meshes/low_198.obj,True,True
EinstellenJob,~0,30,data/smplx_gt/EinstellenJob/00400.obj,outputs/method_hamer/EinstellenJob/smplifyx/meshes/low_200.obj,True,True
EinstellenJob,~0,31,data/smplx_gt/EinstellenJob/00404.obj,outputs/method_hamer/EinstellenJob/smplifyx/meshes/low_202.obj,True,True
EinstellenJob,~0,32,data/smplx_gt/EinstellenJob/00408.obj,outputs/method_hamer/EinstellenJob/smplifyx/meshes/low_204.obj,True,True
EinstellenJob,~0,33,data/smplx_gt/EinstellenJob/00412.obj,outputs/method_hamer/EinstellenJob/smplifyx/meshes/low_206.obj,True,True
EisGefroren,~0,0,data/smplx_gt/EisGefroren/00364.obj,outputs/method_hamer/EisGefroren/smplifyx/meshes/low_182.obj,True,True
EisGefroren,~0,1,data/smplx_gt/EisGefroren/00368.obj,outputs/method_hamer/EisGefroren/smplifyx/meshes/low_184.obj,True,True
EisGefroren,~0,2,data/smplx_gt/EisGefroren/00372.obj,outputs/method_hamer/EisGefroren/smplifyx/meshes/low_186.obj,True,True
EisGefroren,~0,3,data/smplx_gt/EisGefroren/00376.obj,outputs/method_hamer/EisGefroren/smplifyx/meshes/low_188.obj,True,True
EisGefroren,~0,4,data/smplx_gt/EisGefroren/00380.obj,outputs/method_hamer/EisGefroren/smplifyx/meshes/low_190.obj,True,True
EisGefroren,~0,5,data/smplx_gt/EisGefroren/00384.obj,outputs/method_hamer/EisGefroren/smplifyx/meshes/low_192.obj,True,True
EisGefroren,~0,6,data/smplx_gt/EisGefroren/00388.obj,outputs/method_hamer/EisGefroren/smplifyx/meshes/low_194.obj,True,True
EisGefroren,~0,7,data/smplx_gt/EisGefroren/00392.obj,outputs/method_hamer/EisGefroren/smplifyx/meshes/low_196.obj,True,True
EisGefroren,~0,8,data/smplx_gt/EisGefroren/00396.obj,outputs/method_hamer/EisGefroren/smplifyx/meshes/low_198.obj,True,True
EisGefroren,~0,9,data/smplx_gt/EisGefroren/00400.obj,outputs/method_hamer/EisGefroren/smplifyx/meshes/low_200.obj,True,True
EisGefroren,~0,10,data/smplx_gt/EisGefroren/00404.obj,outputs/method_hamer/EisGefroren/smplifyx/meshes/low_202.obj,True,True
EisGefroren,~0,11,data/smplx_gt/EisGefroren/00408.obj,outputs/method_hamer/EisGefroren/smplifyx/meshes/low_204.obj,True,True
EisGefroren,~0,12,data/smplx_gt/EisGefroren/00412.obj,outputs/method_hamer/EisGefroren/smplifyx/meshes/low_206.obj,True,True
EisGefroren,~0,13,data/smplx_gt/EisGefroren/00416.obj,outputs/method_hamer/EisGefroren/smplifyx/meshes/low_208.obj,True,True
EisGefroren,~0,14,data/smplx_gt/EisGefroren/00420.obj,outputs/method_hamer/EisGefroren/smplifyx/meshes/low_210.obj,True,True
EisGefroren,~0,15,data/smplx_gt/EisGefroren/00424.obj,outputs/method_hamer/EisGefroren/smplifyx/meshes/low_212.obj,True,True
EisGefroren,~0,16,data/smplx_gt/EisGefroren/00428.obj,outputs/method_hamer/EisGefroren/smplifyx/meshes/low_214.obj,True,True
EisGefroren,~0,17,data/smplx_gt/EisGefroren/00432.obj,outputs/method_hamer/EisGefroren/smplifyx/meshes/low_216.obj,True,True
EisGefroren,~0,18,data/smplx_gt/EisGefroren/00436.obj,outputs/method_hamer/EisGefroren/smplifyx/meshes/low_218.obj,True,True
EisGefroren,~0,19,data/smplx_gt/EisGefroren/00440.obj,outputs/method_hamer/EisGefroren/smplifyx/meshes/low_220.obj,True,True
EisGefroren,~0,20,data/smplx_gt/EisGefroren/00444.obj,outputs/method_hamer/EisGefroren/smplifyx/meshes/low_222.obj,True,True
EisGefroren,~0,21,data/smplx_gt/EisGefroren/00448.obj,outputs/method_hamer/EisGefroren/smplifyx/meshes/low_224.obj,True,True
EisGefroren,~0,22,data/smplx_gt/EisGefroren/00452.obj,outputs/method_hamer/EisGefroren/smplifyx/meshes/low_226.obj,True,True
EisGefroren,~0,23,data/smplx_gt/EisGefroren/00456.obj,outputs/method_hamer/EisGefroren/smplifyx/meshes/low_228.obj,True,True
EisGefroren,~0,24,data/smplx_gt/EisGefroren/00460.obj,outputs/method_hamer/EisGefroren/smplifyx/meshes/low_230.obj,True,True
EisGefroren,~0,25,data/smplx_gt/EisGefroren/00464.obj,outputs/method_hamer/EisGefroren/smplifyx/meshes/low_232.obj,True,True
EisGefroren,~0,26,data/smplx_gt/EisGefroren/00468.obj,outputs/method_hamer/EisGefroren/smplifyx/meshes/low_234.obj,True,True
EisGefroren,~0,27,data/smplx_gt/EisGefroren/00472.obj,outputs/method_hamer/EisGefroren/smplifyx/meshes/low_236.obj,True,True
EisGefroren,~0,28,data/smplx_gt/EisGefroren/00476.obj,outputs/method_hamer/EisGefroren/smplifyx/meshes/low_238.obj,True,True
EisGefroren,~0,29,data/smplx_gt/EisGefroren/00480.obj,outputs/method_hamer/EisGefroren/smplifyx/meshes/low_240.obj,True,True
Empathie,~0,0,data/smplx_gt/Empathie/00272.obj,outputs/method_hamer/Empathie/smplifyx/meshes/low_136.obj,True,True
Empathie,~0,1,data/smplx_gt/Empathie/00276.obj,outputs/method_hamer/Empathie/smplifyx/meshes/low_138.obj,True,True
Empathie,~0,2,data/smplx_gt/Empathie/00280.obj,outputs/method_hamer/Empathie/smplifyx/meshes/low_140.obj,True,True
Empathie,~0,3,data/smplx_gt/Empathie/00284.obj,outputs/method_hamer/Empathie/smplifyx/meshes/low_142.obj,True,True
Empathie,~0,4,data/smplx_gt/Empathie/00288.obj,outputs/method_hamer/Empathie/smplifyx/meshes/low_144.obj,True,True
Empathie,~0,5,data/smplx_gt/Empathie/00292.obj,outputs/method_hamer/Empathie/smplifyx/meshes/low_146.obj,True,True
Empathie,~0,6,data/smplx_gt/Empathie/00296.obj,outputs/method_hamer/Empathie/smplifyx/meshes/low_148.obj,True,True
Empathie,~0,7,data/smplx_gt/Empathie/00300.obj,outputs/method_hamer/Empathie/smplifyx/meshes/low_150.obj,True,True
Empathie,~0,8,data/smplx_gt/Empathie/00304.obj,outputs/method_hamer/Empathie/smplifyx/meshes/low_152.obj,True,True
Empathie,~0,9,data/smplx_gt/Empathie/00308.obj,outputs/method_hamer/Empathie/smplifyx/meshes/low_154.obj,True,True
Empathie,~0,10,data/smplx_gt/Empathie/00312.obj,outputs/method_hamer/Empathie/smplifyx/meshes/low_156.obj,True,True
Empathie,~0,11,data/smplx_gt/Empathie/00316.obj,outputs/method_hamer/Empathie/smplifyx/meshes/low_158.obj,True,True
Empathie,~0,12,data/smplx_gt/Empathie/00320.obj,outputs/method_hamer/Empathie/smplifyx/meshes/low_160.obj,True,True
Empathie,~0,13,data/smplx_gt/Empathie/00324.obj,outputs/method_hamer/Empathie/smplifyx/meshes/low_162.obj,True,True
Empathie,~0,14,data/smplx_gt/Empathie/00328.obj,outputs/method_hamer/Empathie/smplifyx/meshes/low_164.obj,True,True
Empathie,~0,15,data/smplx_gt/Empathie/00332.obj,outputs/method_hamer/Empathie/smplifyx/meshes/low_166.obj,True,True
Empathie,~0,16,data/smplx_gt/Empathie/00336.obj,outputs/method_hamer/Empathie/smplifyx/meshes/low_168.obj,True,True
Empathie,~0,17,data/smplx_gt/Empathie/00340.obj,outputs/method_hamer/Empathie/smplifyx/meshes/low_170.obj,True,True
Empathie,~0,18,data/smplx_gt/Empathie/00344.obj,outputs/method_hamer/Empathie/smplifyx/meshes/low_172.obj,True,True
Empathie,~0,19,data/smplx_gt/Empathie/00348.obj,outputs/method_hamer/Empathie/smplifyx/meshes/low_174.obj,True,True
Empathie,~0,20,data/smplx_gt/Empathie/00352.obj,outputs/method_hamer/Empathie/smplifyx/meshes/low_176.obj,True,True
Empathie,~0,21,data/smplx_gt/Empathie/00356.obj,outputs/method_hamer/Empathie/smplifyx/meshes/low_178.obj,True,True
Empathie,~0,22,data/smplx_gt/Empathie/00360.obj,outputs/method_hamer/Empathie/smplifyx/meshes/low_180.obj,True,True
Entschuldigung,~0,0,data/smplx_gt/Entschuldigung/00258.obj,outputs/method_hamer/Entschuldigung/smplifyx/meshes/low_129.obj,True,True
Entschuldigung,~0,1,data/smplx_gt/Entschuldigung/00262.obj,outputs/method_hamer/Entschuldigung/smplifyx/meshes/low_131.obj,True,True
Entschuldigung,~0,2,data/smplx_gt/Entschuldigung/00266.obj,outputs/method_hamer/Entschuldigung/smplifyx/meshes/low_133.obj,True,True
Entschuldigung,~0,3,data/smplx_gt/Entschuldigung/00270.obj,outputs/method_hamer/Entschuldigung/smplifyx/meshes/low_135.obj,True,True
Entschuldigung,~0,4,data/smplx_gt/Entschuldigung/00274.obj,outputs/method_hamer/Entschuldigung/smplifyx/meshes/low_137.obj,True,True
Entschuldigung,~0,5,data/smplx_gt/Entschuldigung/00278.obj,outputs/method_hamer/Entschuldigung/smplifyx/meshes/low_139.obj,True,True
Entschuldigung,~0,6,data/smplx_gt/Entschuldigung/00282.obj,outputs/method_hamer/Entschuldigung/smplifyx/meshes/low_141.obj,True,True
Entschuldigung,~0,7,data/smplx_gt/Entschuldigung/00286.obj,outputs/method_hamer/Entschuldigung/smplifyx/meshes/low_143.obj,True,True
Entschuldigung,~0,8,data/smplx_gt/Entschuldigung/00290.obj,outputs/method_hamer/Entschuldigung/smplifyx/meshes/low_145.obj,True,True
Entschuldigung,~0,9,data/smplx_gt/Entschuldigung/00294.obj,outputs/method_hamer/Entschuldigung/smplifyx/meshes/low_147.obj,True,True
Entschuldigung,~0,10,data/smplx_gt/Entschuldigung/00298.obj,outputs/method_hamer/Entschuldigung/smplifyx/meshes/low_149.obj,True,True
Entschuldigung,~0,11,data/smplx_gt/Entschuldigung/00302.obj,outputs/method_hamer/Entschuldigung/smplifyx/meshes/low_151.obj,True,True
Entschuldigung,~0,12,data/smplx_gt/Entschuldigung/00306.obj,outputs/method_hamer/Entschuldigung/smplifyx/meshes/low_153.obj,True,True
Entschuldigung,~0,13,data/smplx_gt/Entschuldigung/00310.obj,outputs/method_hamer/Entschuldigung/smplifyx/meshes/low_155.obj,True,True
Entschuldigung,~0,14,data/smplx_gt/Entschuldigung/00314.obj,outputs/method_hamer/Entschuldigung/smplifyx/meshes/low_157.obj,True,True
Entschuldigung,~0,15,data/smplx_gt/Entschuldigung/00318.obj,outputs/method_hamer/Entschuldigung/smplifyx/meshes/low_159.obj,True,True
Entschuldigung,~0,16,data/smplx_gt/Entschuldigung/00322.obj,outputs/method_hamer/Entschuldigung/smplifyx/meshes/low_161.obj,True,True
Entschuldigung,~0,17,data/smplx_gt/Entschuldigung/00326.obj,outputs/method_hamer/Entschuldigung/smplifyx/meshes/low_163.obj,True,True
Entschuldigung,~0,18,data/smplx_gt/Entschuldigung/00330.obj,outputs/method_hamer/Entschuldigung/smplifyx/meshes/low_165.obj,True,True
Entschuldigung,~0,19,data/smplx_gt/Entschuldigung/00334.obj,outputs/method_hamer/Entschuldigung/smplifyx/meshes/low_167.obj,True,True
Entschuldigung,~0,20,data/smplx_gt/Entschuldigung/00338.obj,outputs/method_hamer/Entschuldigung/smplifyx/meshes/low_169.obj,True,True
Entschuldigung,~0,21,data/smplx_gt/Entschuldigung/00342.obj,outputs/method_hamer/Entschuldigung/smplifyx/meshes/low_171.obj,True,True
Entschuldigung,~0,22,data/smplx_gt/Entschuldigung/00346.obj,outputs/method_hamer/Entschuldigung/smplifyx/meshes/low_173.obj,True,True
Entschuldigung,~0,23,data/smplx_gt/Entschuldigung/00350.obj,outputs/method_hamer/Entschuldigung/smplifyx/meshes/low_175.obj,True,True
Entschuldigung,~0,24,data/smplx_gt/Entschuldigung/00354.obj,outputs/method_hamer/Entschuldigung/smplifyx/meshes/low_177.obj,True,True
Entschuldigung,~0,25,data/smplx_gt/Entschuldigung/00358.obj,outputs/method_hamer/Entschuldigung/smplifyx/meshes/low_179.obj,True,True
Entschuldigung,~0,26,data/smplx_gt/Entschuldigung/00362.obj,outputs/method_hamer/Entschuldigung/smplifyx/meshes/low_181.obj,True,True
Entschuldigung,~0,27,data/smplx_gt/Entschuldigung/00366.obj,outputs/method_hamer/Entschuldigung/smplifyx/meshes/low_183.obj,True,True
Entschuldigung,~0,28,data/smplx_gt/Entschuldigung/00370.obj,outputs/method_hamer/Entschuldigung/smplifyx/meshes/low_185.obj,True,True
Entschuldigung,~0,29,data/smplx_gt/Entschuldigung/00374.obj,outputs/method_hamer/Entschuldigung/smplifyx/meshes/low_187.obj,True,True
Entschuldigung,~0,30,data/smplx_gt/Entschuldigung/00378.obj,outputs/method_hamer/Entschuldigung/smplifyx/meshes/low_189.obj,True,True
FestellenDiagnose,~0,0,data/smplx_gt/FestellenDiagnose/00282.obj,outputs/method_hamer/FestellenDiagnose/smplifyx/meshes/low_141.obj,True,True
FestellenDiagnose,~0,1,data/smplx_gt/FestellenDiagnose/00286.obj,outputs/method_hamer/FestellenDiagnose/smplifyx/meshes/low_143.obj,True,True
FestellenDiagnose,~0,2,data/smplx_gt/FestellenDiagnose/00290.obj,outputs/method_hamer/FestellenDiagnose/smplifyx/meshes/low_145.obj,True,True
FestellenDiagnose,~0,3,data/smplx_gt/FestellenDiagnose/00294.obj,outputs/method_hamer/FestellenDiagnose/smplifyx/meshes/low_147.obj,True,True
FestellenDiagnose,~0,4,data/smplx_gt/FestellenDiagnose/00298.obj,outputs/method_hamer/FestellenDiagnose/smplifyx/meshes/low_149.obj,True,True
FestellenDiagnose,~0,5,data/smplx_gt/FestellenDiagnose/00302.obj,outputs/method_hamer/FestellenDiagnose/smplifyx/meshes/low_151.obj,True,True
FestellenDiagnose,~0,6,data/smplx_gt/FestellenDiagnose/00306.obj,outputs/method_hamer/FestellenDiagnose/smplifyx/meshes/low_153.obj,True,True
FestellenDiagnose,~0,7,data/smplx_gt/FestellenDiagnose/00310.obj,outputs/method_hamer/FestellenDiagnose/smplifyx/meshes/low_155.obj,True,True
FestellenDiagnose,~0,8,data/smplx_gt/FestellenDiagnose/00314.obj,outputs/method_hamer/FestellenDiagnose/smplifyx/meshes/low_157.obj,True,True
FestellenDiagnose,~0,9,data/smplx_gt/FestellenDiagnose/00318.obj,outputs/method_hamer/FestellenDiagnose/smplifyx/meshes/low_159.obj,True,True
FestellenDiagnose,~0,10,data/smplx_gt/FestellenDiagnose/00322.obj,outputs/method_hamer/FestellenDiagnose/smplifyx/meshes/low_161.obj,True,True
FestellenDiagnose,~0,11,data/smplx_gt/FestellenDiagnose/00326.obj,outputs/method_hamer/FestellenDiagnose/smplifyx/meshes/low_163.obj,True,True
FestellenDiagnose,~0,12,data/smplx_gt/FestellenDiagnose/00330.obj,outputs/method_hamer/FestellenDiagnose/smplifyx/meshes/low_165.obj,True,True
FestellenDiagnose,~0,13,data/smplx_gt/FestellenDiagnose/00334.obj,outputs/method_hamer/FestellenDiagnose/smplifyx/meshes/low_167.obj,True,True
FestellenDiagnose,~0,14,data/smplx_gt/FestellenDiagnose/00338.obj,outputs/method_hamer/FestellenDiagnose/smplifyx/meshes/low_169.obj,True,True
FestellenDiagnose,~0,15,data/smplx_gt/FestellenDiagnose/00342.obj,outputs/method_hamer/FestellenDiagnose/smplifyx/meshes/low_171.obj,True,True
FestellenDiagnose,~0,16,data/smplx_gt/FestellenDiagnose/00346.obj,outputs/method_hamer/FestellenDiagnose/smplifyx/meshes/low_173.obj,True,True
FestellenDiagnose,~0,17,data/smplx_gt/FestellenDiagnose/00350.obj,outputs/method_hamer/FestellenDiagnose/smplifyx/meshes/low_175.obj,True,True
FestellenDiagnose,~0,18,data/smplx_gt/FestellenDiagnose/00354.obj,outputs/method_hamer/FestellenDiagnose/smplifyx/meshes/low_177.obj,True,True
FestellenDiagnose,~0,19,data/smplx_gt/FestellenDiagnose/00358.obj,outputs/method_hamer/FestellenDiagnose/smplifyx/meshes/low_179.obj,True,True
FestellenDiagnose,~0,20,data/smplx_gt/FestellenDiagnose/00362.obj,outputs/method_hamer/FestellenDiagnose/smplifyx/meshes/low_181.obj,True,True
FestellenDiagnose,~0,21,data/smplx_gt/FestellenDiagnose/00366.obj,outputs/method_hamer/FestellenDiagnose/smplifyx/meshes/low_183.obj,True,True
FestellenDiagnose,~0,22,data/smplx_gt/FestellenDiagnose/00370.obj,outputs/method_hamer/FestellenDiagnose/smplifyx/meshes/low_185.obj,True,True
FestellenDiagnose,~0,23,data/smplx_gt/FestellenDiagnose/00374.obj,outputs/method_hamer/FestellenDiagnose/smplifyx/meshes/low_187.obj,True,True
FestellenDiagnose,~0,24,data/smplx_gt/FestellenDiagnose/00378.obj,outputs/method_hamer/FestellenDiagnose/smplifyx/meshes/low_189.obj,True,True
FestellenDiagnose,~0,25,data/smplx_gt/FestellenDiagnose/00382.obj,outputs/method_hamer/FestellenDiagnose/smplifyx/meshes/low_191.obj,True,True
FestellenDiagnose,~0,26,data/smplx_gt/FestellenDiagnose/00386.obj,outputs/method_hamer/FestellenDiagnose/smplifyx/meshes/low_193.obj,True,True
FestellenDiagnose,~0,27,data/smplx_gt/FestellenDiagnose/00390.obj,outputs/method_hamer/FestellenDiagnose/smplifyx/meshes/low_195.obj,True,True
Frech,0,0,data/smplx_gt/Frech/00306.obj,outputs/method_hamer/Frech/smplifyx/meshes/low_153.obj,False,True
Frech,0,1,data/smplx_gt/Frech/00310.obj,outputs/method_hamer/Frech/smplifyx/meshes/low_155.obj,False,True
Frech,0,2,data/smplx_gt/Frech/00314.obj,outputs/method_hamer/Frech/smplifyx/meshes/low_157.obj,False,True
Frech,0,3,data/smplx_gt/Frech/00318.obj,outputs/method_hamer/Frech/smplifyx/meshes/low_159.obj,False,True
Frech,0,4,data/smplx_gt/Frech/00322.obj,outputs/method_hamer/Frech/smplifyx/meshes/low_161.obj,False,True
Frech,0,5,data/smplx_gt/Frech/00326.obj,outputs/method_hamer/Frech/smplifyx/meshes/low_163.obj,False,True
Frech,0,6,data/smplx_gt/Frech/00330.obj,outputs/method_hamer/Frech/smplifyx/meshes/low_165.obj,False,True
Frech,0,7,data/smplx_gt/Frech/00334.obj,outputs/method_hamer/Frech/smplifyx/meshes/low_167.obj,False,True
Frech,0,8,data/smplx_gt/Frech/00338.obj,outputs/method_hamer/Frech/smplifyx/meshes/low_169.obj,False,True
Frech,0,9,data/smplx_gt/Frech/00342.obj,outputs/method_hamer/Frech/smplifyx/meshes/low_171.obj,False,True
Frech,0,10,data/smplx_gt/Frech/00346.obj,outputs/method_hamer/Frech/smplifyx/meshes/low_173.obj,False,True
Frech,0,11,data/smplx_gt/Frech/00350.obj,outputs/method_hamer/Frech/smplifyx/meshes/low_175.obj,False,True
Frech,0,12,data/smplx_gt/Frech/00354.obj,outputs/method_hamer/Frech/smplifyx/meshes/low_177.obj,False,True
Frech,0,13,data/smplx_gt/Frech/00358.obj,outputs/method_hamer/Frech/smplifyx/meshes/low_179.obj,False,True
Frech,0,14,data/smplx_gt/Frech/00362.obj,outputs/method_hamer/Frech/smplifyx/meshes/low_181.obj,False,True
Frech,0,15,data/smplx_gt/Frech/00366.obj,outputs/method_hamer/Frech/smplifyx/meshes/low_183.obj,False,True
Frech,0,16,data/smplx_gt/Frech/00370.obj,outputs/method_hamer/Frech/smplifyx/meshes/low_185.obj,False,True
Frech,0,17,data/smplx_gt/Frech/00374.obj,outputs/method_hamer/Frech/smplifyx/meshes/low_187.obj,False,True
Frech,0,18,data/smplx_gt/Frech/00378.obj,outputs/method_hamer/Frech/smplifyx/meshes/low_189.obj,False,True
Frech,0,19,data/smplx_gt/Frech/00382.obj,outputs/method_hamer/Frech/smplifyx/meshes/low_191.obj,False,True
Frech,0,20,data/smplx_gt/Frech/00386.obj,outputs/method_hamer/Frech/smplifyx/meshes/low_193.obj,False,True
Frech,0,21,data/smplx_gt/Frech/00390.obj,outputs/method_hamer/Frech/smplifyx/meshes/low_195.obj,False,True
Frech,0,22,data/smplx_gt/Frech/00394.obj,outputs/method_hamer/Frech/smplifyx/meshes/low_197.obj,False,True
Frech,0,23,data/smplx_gt/Frech/00398.obj,outputs/method_hamer/Frech/smplifyx/meshes/low_199.obj,False,True
Frech,0,24,data/smplx_gt/Frech/00402.obj,outputs/method_hamer/Frech/smplifyx/meshes/low_201.obj,False,True
Frieren,~0,0,data/smplx_gt/Frieren/00304.obj,outputs/method_hamer/Frieren/smplifyx/meshes/low_152.obj,True,True
Frieren,~0,1,data/smplx_gt/Frieren/00308.obj,outputs/method_hamer/Frieren/smplifyx/meshes/low_154.obj,True,True
Frieren,~0,2,data/smplx_gt/Frieren/00312.obj,outputs/method_hamer/Frieren/smplifyx/meshes/low_156.obj,True,True
Frieren,~0,3,data/smplx_gt/Frieren/00316.obj,outputs/method_hamer/Frieren/smplifyx/meshes/low_158.obj,True,True
Frieren,~0,4,data/smplx_gt/Frieren/00320.obj,outputs/method_hamer/Frieren/smplifyx/meshes/low_160.obj,True,True
Frieren,~0,5,data/smplx_gt/Frieren/00324.obj,outputs/method_hamer/Frieren/smplifyx/meshes/low_162.obj,True,True
Frieren,~0,6,data/smplx_gt/Frieren/00328.obj,outputs/method_hamer/Frieren/smplifyx/meshes/low_164.obj,True,True
Frieren,~0,7,data/smplx_gt/Frieren/00332.obj,outputs/method_hamer/Frieren/smplifyx/meshes/low_166.obj,True,True
Frieren,~0,8,data/smplx_gt/Frieren/00336.obj,outputs/method_hamer/Frieren/smplifyx/meshes/low_168.obj,True,True
Frieren,~0,9,data/smplx_gt/Frieren/00340.obj,outputs/method_hamer/Frieren/smplifyx/meshes/low_170.obj,True,True
Frieren,~0,10,data/smplx_gt/Frieren/00344.obj,outputs/method_hamer/Frieren/smplifyx/meshes/low_172.obj,True,True
Frieren,~0,11,data/smplx_gt/Frieren/00348.obj,outputs/method_hamer/Frieren/smplifyx/meshes/low_174.obj,True,True
Frieren,~0,12,data/smplx_gt/Frieren/00352.obj,outputs/method_hamer/Frieren/smplifyx/meshes/low_176.obj,True,True
Frieren,~0,13,data/smplx_gt/Frieren/00356.obj,outputs/method_hamer/Frieren/smplifyx/meshes/low_178.obj,True,True
Frieren,~0,14,data/smplx_gt/Frieren/00360.obj,outputs/method_hamer/Frieren/smplifyx/meshes/low_180.obj,True,True
Frieren,~0,15,data/smplx_gt/Frieren/00364.obj,outputs/method_hamer/Frieren/smplifyx/meshes/low_182.obj,True,True
Frieren,~0,16,data/smplx_gt/Frieren/00368.obj,outputs/method_hamer/Frieren/smplifyx/meshes/low_184.obj,True,True
Frieren,~0,17,data/smplx_gt/Frieren/00372.obj,outputs/method_hamer/Frieren/smplifyx/meshes/low_186.obj,True,True
Frieren,~0,18,data/smplx_gt/Frieren/00376.obj,outputs/method_hamer/Frieren/smplifyx/meshes/low_188.obj,True,True
Frisch,~0,0,data/smplx_gt/Frisch/00274.obj,outputs/method_hamer/Frisch/smplifyx/meshes/low_137.obj,True,True
Frisch,~0,1,data/smplx_gt/Frisch/00278.obj,outputs/method_hamer/Frisch/smplifyx/meshes/low_139.obj,True,True
Frisch,~0,2,data/smplx_gt/Frisch/00282.obj,outputs/method_hamer/Frisch/smplifyx/meshes/low_141.obj,True,True
Frisch,~0,3,data/smplx_gt/Frisch/00286.obj,outputs/method_hamer/Frisch/smplifyx/meshes/low_143.obj,True,True
Frisch,~0,4,data/smplx_gt/Frisch/00290.obj,outputs/method_hamer/Frisch/smplifyx/meshes/low_145.obj,True,True
Frisch,~0,5,data/smplx_gt/Frisch/00294.obj,outputs/method_hamer/Frisch/smplifyx/meshes/low_147.obj,True,True
Frisch,~0,6,data/smplx_gt/Frisch/00298.obj,outputs/method_hamer/Frisch/smplifyx/meshes/low_149.obj,True,True
Frisch,~0,7,data/smplx_gt/Frisch/00302.obj,outputs/method_hamer/Frisch/smplifyx/meshes/low_151.obj,True,True
Frisch,~0,8,data/smplx_gt/Frisch/00306.obj,outputs/method_hamer/Frisch/smplifyx/meshes/low_153.obj,True,True
Frisch,~0,9,data/smplx_gt/Frisch/00310.obj,outputs/method_hamer/Frisch/smplifyx/meshes/low_155.obj,True,True
Frisch,~0,10,data/smplx_gt/Frisch/00314.obj,outputs/method_hamer/Frisch/smplifyx/meshes/low_157.obj,True,True
Frisch,~0,11,data/smplx_gt/Frisch/00318.obj,outputs/method_hamer/Frisch/smplifyx/meshes/low_159.obj,True,True
Frisch,~0,12,data/smplx_gt/Frisch/00322.obj,outputs/method_hamer/Frisch/smplifyx/meshes/low_161.obj,True,True
Frisch,~0,13,data/smplx_gt/Frisch/00326.obj,outputs/method_hamer/Frisch/smplifyx/meshes/low_163.obj,True,True
Frisch,~0,14,data/smplx_gt/Frisch/00330.obj,outputs/method_hamer/Frisch/smplifyx/meshes/low_165.obj,True,True
Frisch,~0,15,data/smplx_gt/Frisch/00334.obj,outputs/method_hamer/Frisch/smplifyx/meshes/low_167.obj,True,True
Frisch,~0,16,data/smplx_gt/Frisch/00338.obj,outputs/method_hamer/Frisch/smplifyx/meshes/low_169.obj,True,True
Frisch,~0,17,data/smplx_gt/Frisch/00342.obj,outputs/method_hamer/Frisch/smplifyx/meshes/low_171.obj,True,True
Frisch,~0,18,data/smplx_gt/Frisch/00346.obj,outputs/method_hamer/Frisch/smplifyx/meshes/low_173.obj,True,True
Frisch,~0,19,data/smplx_gt/Frisch/00350.obj,outputs/method_hamer/Frisch/smplifyx/meshes/low_175.obj,True,True
Frisch,~0,20,data/smplx_gt/Frisch/00354.obj,outputs/method_hamer/Frisch/smplifyx/meshes/low_177.obj,True,True
Frisch,~0,21,data/smplx_gt/Frisch/00358.obj,outputs/method_hamer/Frisch/smplifyx/meshes/low_179.obj,True,True
Frisch,~0,22,data/smplx_gt/Frisch/00362.obj,outputs/method_hamer/Frisch/smplifyx/meshes/low_181.obj,True,True
Frisch,~0,23,data/smplx_gt/Frisch/00366.obj,outputs/method_hamer/Frisch/smplifyx/meshes/low_183.obj,True,True
Frisch,~0,24,data/smplx_gt/Frisch/00370.obj,outputs/method_hamer/Frisch/smplifyx/meshes/low_185.obj,True,True
Frisch,~0,25,data/smplx_gt/Frisch/00374.obj,outputs/method_hamer/Frisch/smplifyx/meshes/low_187.obj,True,True
Froh,~0,0,data/smplx_gt/Froh/00252.obj,outputs/method_hamer/Froh/smplifyx/meshes/low_126.obj,True,True
Froh,~0,1,data/smplx_gt/Froh/00256.obj,outputs/method_hamer/Froh/smplifyx/meshes/low_128.obj,True,True
Froh,~0,2,data/smplx_gt/Froh/00260.obj,outputs/method_hamer/Froh/smplifyx/meshes/low_130.obj,True,True
Froh,~0,3,data/smplx_gt/Froh/00264.obj,outputs/method_hamer/Froh/smplifyx/meshes/low_132.obj,True,True
Froh,~0,4,data/smplx_gt/Froh/00268.obj,outputs/method_hamer/Froh/smplifyx/meshes/low_134.obj,True,True
Froh,~0,5,data/smplx_gt/Froh/00272.obj,outputs/method_hamer/Froh/smplifyx/meshes/low_136.obj,True,True
Froh,~0,6,data/smplx_gt/Froh/00276.obj,outputs/method_hamer/Froh/smplifyx/meshes/low_138.obj,True,True
Froh,~0,7,data/smplx_gt/Froh/00280.obj,outputs/method_hamer/Froh/smplifyx/meshes/low_140.obj,True,True
Froh,~0,8,data/smplx_gt/Froh/00284.obj,outputs/method_hamer/Froh/smplifyx/meshes/low_142.obj,True,True
Froh,~0,9,data/smplx_gt/Froh/00288.obj,outputs/method_hamer/Froh/smplifyx/meshes/low_144.obj,True,True
Froh,~0,10,data/smplx_gt/Froh/00292.obj,outputs/method_hamer/Froh/smplifyx/meshes/low_146.obj,True,True
Froh,~0,11,data/smplx_gt/Froh/00296.obj,outputs/method_hamer/Froh/smplifyx/meshes/low_148.obj,True,True
Froh,~0,12,data/smplx_gt/Froh/00300.obj,outputs/method_hamer/Froh/smplifyx/meshes/low_150.obj,True,True
Froh,~0,13,data/smplx_gt/Froh/00304.obj,outputs/method_hamer/Froh/smplifyx/meshes/low_152.obj,True,True
Froh,~0,14,data/smplx_gt/Froh/00308.obj,outputs/method_hamer/Froh/smplifyx/meshes/low_154.obj,True,True
Froh,~0,15,data/smplx_gt/Froh/00312.obj,outputs/method_hamer/Froh/smplifyx/meshes/low_156.obj,True,True
Froh,~0,16,data/smplx_gt/Froh/00316.obj,outputs/method_hamer/Froh/smplifyx/meshes/low_158.obj,True,True
Froh,~0,17,data/smplx_gt/Froh/00320.obj,outputs/method_hamer/Froh/smplifyx/meshes/low_160.obj,True,True
Froh,~0,18,data/smplx_gt/Froh/00324.obj,outputs/method_hamer/Froh/smplifyx/meshes/low_162.obj,True,True
Froh,~0,19,data/smplx_gt/Froh/00328.obj,outputs/method_hamer/Froh/smplifyx/meshes/low_164.obj,True,True
Froh,~0,20,data/smplx_gt/Froh/00332.obj,outputs/method_hamer/Froh/smplifyx/meshes/low_166.obj,True,True
Froh,~0,21,data/smplx_gt/Froh/00336.obj,outputs/method_hamer/Froh/smplifyx/meshes/low_168.obj,True,True
Froh,~0,22,data/smplx_gt/Froh/00340.obj,outputs/method_hamer/Froh/smplifyx/meshes/low_170.obj,True,True
Froh,~0,23,data/smplx_gt/Froh/00344.obj,outputs/method_hamer/Froh/smplifyx/meshes/low_172.obj,True,True
Froh,~0,24,data/smplx_gt/Froh/00348.obj,outputs/method_hamer/Froh/smplifyx/meshes/low_174.obj,True,True
Froh,~0,25,data/smplx_gt/Froh/00352.obj,outputs/method_hamer/Froh/smplifyx/meshes/low_176.obj,True,True
Froh,~0,26,data/smplx_gt/Froh/00356.obj,outputs/method_hamer/Froh/smplifyx/meshes/low_178.obj,True,True
Froh,~0,27,data/smplx_gt/Froh/00360.obj,outputs/method_hamer/Froh/smplifyx/meshes/low_180.obj,True,True
Froh,~0,28,data/smplx_gt/Froh/00364.obj,outputs/method_hamer/Froh/smplifyx/meshes/low_182.obj,True,True
Froh,~0,29,data/smplx_gt/Froh/00368.obj,outputs/method_hamer/Froh/smplifyx/meshes/low_184.obj,True,True
Glas,~0,0,data/smplx_gt/Glas/00208.obj,outputs/method_hamer/Glas/smplifyx/meshes/low_104.obj,True,True
Glas,~0,1,data/smplx_gt/Glas/00212.obj,outputs/method_hamer/Glas/smplifyx/meshes/low_106.obj,True,True
Glas,~0,2,data/smplx_gt/Glas/00216.obj,outputs/method_hamer/Glas/smplifyx/meshes/low_108.obj,True,True
Glas,~0,3,data/smplx_gt/Glas/00220.obj,outputs/method_hamer/Glas/smplifyx/meshes/low_110.obj,True,True
Glas,~0,4,data/smplx_gt/Glas/00224.obj,outputs/method_hamer/Glas/smplifyx/meshes/low_112.obj,True,True
Glas,~0,5,data/smplx_gt/Glas/00228.obj,outputs/method_hamer/Glas/smplifyx/meshes/low_114.obj,True,True
Glas,~0,6,data/smplx_gt/Glas/00232.obj,outputs/method_hamer/Glas/smplifyx/meshes/low_116.obj,True,True
Glas,~0,7,data/smplx_gt/Glas/00236.obj,outputs/method_hamer/Glas/smplifyx/meshes/low_118.obj,True,True
Glas,~0,8,data/smplx_gt/Glas/00240.obj,outputs/method_hamer/Glas/smplifyx/meshes/low_120.obj,True,True
Glas,~0,9,data/smplx_gt/Glas/00244.obj,outputs/method_hamer/Glas/smplifyx/meshes/low_122.obj,True,True
Glas,~0,10,data/smplx_gt/Glas/00248.obj,outputs/method_hamer/Glas/smplifyx/meshes/low_124.obj,True,True
Glas,~0,11,data/smplx_gt/Glas/00252.obj,outputs/method_hamer/Glas/smplifyx/meshes/low_126.obj,True,True
Glas,~0,12,data/smplx_gt/Glas/00256.obj,outputs/method_hamer/Glas/smplifyx/meshes/low_128.obj,True,True
Glas,~0,13,data/smplx_gt/Glas/00260.obj,outputs/method_hamer/Glas/smplifyx/meshes/low_130.obj,True,True
Glas,~0,14,data/smplx_gt/Glas/00264.obj,outputs/method_hamer/Glas/smplifyx/meshes/low_132.obj,True,True
Glas,~0,15,data/smplx_gt/Glas/00268.obj,outputs/method_hamer/Glas/smplifyx/meshes/low_134.obj,True,True
Glas,~0,16,data/smplx_gt/Glas/00272.obj,outputs/method_hamer/Glas/smplifyx/meshes/low_136.obj,True,True
Glas,~0,17,data/smplx_gt/Glas/00276.obj,outputs/method_hamer/Glas/smplifyx/meshes/low_138.obj,True,True
IdiomPffIgnorieren,~0,0,data/smplx_gt/IdiomPffIgnorieren/00244.obj,outputs/method_hamer/IdiomPffIgnorieren/smplifyx/meshes/low_122.obj,True,True
IdiomPffIgnorieren,~0,1,data/smplx_gt/IdiomPffIgnorieren/00248.obj,outputs/method_hamer/IdiomPffIgnorieren/smplifyx/meshes/low_124.obj,True,True
IdiomPffIgnorieren,~0,2,data/smplx_gt/IdiomPffIgnorieren/00252.obj,outputs/method_hamer/IdiomPffIgnorieren/smplifyx/meshes/low_126.obj,True,True
IdiomPffIgnorieren,~0,3,data/smplx_gt/IdiomPffIgnorieren/00256.obj,outputs/method_hamer/IdiomPffIgnorieren/smplifyx/meshes/low_128.obj,True,True
IdiomPffIgnorieren,~0,4,data/smplx_gt/IdiomPffIgnorieren/00260.obj,outputs/method_hamer/IdiomPffIgnorieren/smplifyx/meshes/low_130.obj,True,True
IdiomPffIgnorieren,~0,5,data/smplx_gt/IdiomPffIgnorieren/00264.obj,outputs/method_hamer/IdiomPffIgnorieren/smplifyx/meshes/low_132.obj,True,True
IdiomPffIgnorieren,~0,6,data/smplx_gt/IdiomPffIgnorieren/00268.obj,outputs/method_hamer/IdiomPffIgnorieren/smplifyx/meshes/low_134.obj,True,True
IdiomPffIgnorieren,~0,7,data/smplx_gt/IdiomPffIgnorieren/00272.obj,outputs/method_hamer/IdiomPffIgnorieren/smplifyx/meshes/low_136.obj,True,True
IdiomPffIgnorieren,~0,8,data/smplx_gt/IdiomPffIgnorieren/00276.obj,outputs/method_hamer/IdiomPffIgnorieren/smplifyx/meshes/low_138.obj,True,True
IdiomPffIgnorieren,~0,9,data/smplx_gt/IdiomPffIgnorieren/00280.obj,outputs/method_hamer/IdiomPffIgnorieren/smplifyx/meshes/low_140.obj,True,True
IdiomPffIgnorieren,~0,10,data/smplx_gt/IdiomPffIgnorieren/00284.obj,outputs/method_hamer/IdiomPffIgnorieren/smplifyx/meshes/low_142.obj,True,True
IdiomPffIgnorieren,~0,11,data/smplx_gt/IdiomPffIgnorieren/00288.obj,outputs/method_hamer/IdiomPffIgnorieren/smplifyx/meshes/low_144.obj,True,True
IdiomPffIgnorieren,~0,12,data/smplx_gt/IdiomPffIgnorieren/00292.obj,outputs/method_hamer/IdiomPffIgnorieren/smplifyx/meshes/low_146.obj,True,True
IdiomPffIgnorieren,~0,13,data/smplx_gt/IdiomPffIgnorieren/00296.obj,outputs/method_hamer/IdiomPffIgnorieren/smplifyx/meshes/low_148.obj,True,True
IdiomPffIgnorieren,~0,14,data/smplx_gt/IdiomPffIgnorieren/00300.obj,outputs/method_hamer/IdiomPffIgnorieren/smplifyx/meshes/low_150.obj,True,True
IdiomPffIgnorieren,~0,15,data/smplx_gt/IdiomPffIgnorieren/00304.obj,outputs/method_hamer/IdiomPffIgnorieren/smplifyx/meshes/low_152.obj,True,True
Jahr,0,0,data/smplx_gt/Jahr/00324.obj,outputs/method_hamer/Jahr/smplifyx/meshes/low_162.obj,False,True
Jahr,0,1,data/smplx_gt/Jahr/00328.obj,outputs/method_hamer/Jahr/smplifyx/meshes/low_164.obj,False,True
Jahr,0,2,data/smplx_gt/Jahr/00332.obj,outputs/method_hamer/Jahr/smplifyx/meshes/low_166.obj,False,True
Jahr,0,3,data/smplx_gt/Jahr/00336.obj,outputs/method_hamer/Jahr/smplifyx/meshes/low_168.obj,False,True
Jahr,0,4,data/smplx_gt/Jahr/00340.obj,outputs/method_hamer/Jahr/smplifyx/meshes/low_170.obj,False,True
Jahr,0,5,data/smplx_gt/Jahr/00344.obj,outputs/method_hamer/Jahr/smplifyx/meshes/low_172.obj,False,True
Jahr,0,6,data/smplx_gt/Jahr/00348.obj,outputs/method_hamer/Jahr/smplifyx/meshes/low_174.obj,False,True
Jahr,0,7,data/smplx_gt/Jahr/00352.obj,outputs/method_hamer/Jahr/smplifyx/meshes/low_176.obj,False,True
Jahr,0,8,data/smplx_gt/Jahr/00356.obj,outputs/method_hamer/Jahr/smplifyx/meshes/low_178.obj,False,True
Jahr,0,9,data/smplx_gt/Jahr/00360.obj,outputs/method_hamer/Jahr/smplifyx/meshes/low_180.obj,False,True
Jahr,0,10,data/smplx_gt/Jahr/00364.obj,outputs/method_hamer/Jahr/smplifyx/meshes/low_182.obj,False,True
Jahr,0,11,data/smplx_gt/Jahr/00368.obj,outputs/method_hamer/Jahr/smplifyx/meshes/low_184.obj,False,True
Jahr,0,12,data/smplx_gt/Jahr/00372.obj,outputs/method_hamer/Jahr/smplifyx/meshes/low_186.obj,False,True
Jahr,0,13,data/smplx_gt/Jahr/00376.obj,outputs/method_hamer/Jahr/smplifyx/meshes/low_188.obj,False,True
Jahr,0,14,data/smplx_gt/Jahr/00380.obj,outputs/method_hamer/Jahr/smplifyx/meshes/low_190.obj,False,True
Jahr,0,15,data/smplx_gt/Jahr/00384.obj,outputs/method_hamer/Jahr/smplifyx/meshes/low_192.obj,False,True
Jahr,0,16,data/smplx_gt/Jahr/00388.obj,outputs/method_hamer/Jahr/smplifyx/meshes/low_194.obj,False,True
Jahr,0,17,data/smplx_gt/Jahr/00392.obj,outputs/method_hamer/Jahr/smplifyx/meshes/low_196.obj,False,True
Jahr,0,18,data/smplx_gt/Jahr/00396.obj,outputs/method_hamer/Jahr/smplifyx/meshes/low_198.obj,False,True
Jahr,0,19,data/smplx_gt/Jahr/00400.obj,outputs/method_hamer/Jahr/smplifyx/meshes/low_200.obj,False,True
Jahr,0,20,data/smplx_gt/Jahr/00404.obj,outputs/method_hamer/Jahr/smplifyx/meshes/low_202.obj,False,True
Jahr,0,21,data/smplx_gt/Jahr/00408.obj,outputs/method_hamer/Jahr/smplifyx/meshes/low_204.obj,False,True
Jahr,0,22,data/smplx_gt/Jahr/00412.obj,outputs/method_hamer/Jahr/smplifyx/meshes/low_206.obj,False,True
Jahr,0,23,data/smplx_gt/Jahr/00416.obj,outputs/method_hamer/Jahr/smplifyx/meshes/low_208.obj,False,True
Jahr,0,24,data/smplx_gt/Jahr/00420.obj,outputs/method_hamer/Jahr/smplifyx/meshes/low_210.obj,False,True
Jahr,0,25,data/smplx_gt/Jahr/00424.obj,outputs/method_hamer/Jahr/smplifyx/meshes/low_212.obj,False,True
Jahr,0,26,data/smplx_gt/Jahr/00428.obj,outputs/method_hamer/Jahr/smplifyx/meshes/low_214.obj,False,True
Jahr,0,27,data/smplx_gt/Jahr/00432.obj,outputs/method_hamer/Jahr/smplifyx/meshes/low_216.obj,False,True
Jahr,0,28,data/smplx_gt/Jahr/00436.obj,outputs/method_hamer/Jahr/smplifyx/meshes/low_218.obj,False,True
Jahr,0,29,data/smplx_gt/Jahr/00440.obj,outputs/method_hamer/Jahr/smplifyx/meshes/low_220.obj,False,True
Jahr,0,30,data/smplx_gt/Jahr/00444.obj,outputs/method_hamer/Jahr/smplifyx/meshes/low_222.obj,False,True
Jahr,0,31,data/smplx_gt/Jahr/00448.obj,outputs/method_hamer/Jahr/smplifyx/meshes/low_224.obj,False,True
Jahr,0,32,data/smplx_gt/Jahr/00452.obj,outputs/method_hamer/Jahr/smplifyx/meshes/low_226.obj,False,True
Jahr,0,33,data/smplx_gt/Jahr/00456.obj,outputs/method_hamer/Jahr/smplifyx/meshes/low_228.obj,False,True
Jahr,0,34,data/smplx_gt/Jahr/00460.obj,outputs/method_hamer/Jahr/smplifyx/meshes/low_230.obj,False,True
Jahr,0,35,data/smplx_gt/Jahr/00464.obj,outputs/method_hamer/Jahr/smplifyx/meshes/low_232.obj,False,True
Jahr,0,36,data/smplx_gt/Jahr/00468.obj,outputs/method_hamer/Jahr/smplifyx/meshes/low_234.obj,False,True
Jahr,0,37,data/smplx_gt/Jahr/00472.obj,outputs/method_hamer/Jahr/smplifyx/meshes/low_236.obj,False,True
Jahr,0,38,data/smplx_gt/Jahr/00476.obj,outputs/method_hamer/Jahr/smplifyx/meshes/low_238.obj,False,True
Jahr,0,39,data/smplx_gt/Jahr/00480.obj,outputs/method_hamer/Jahr/smplifyx/meshes/low_240.obj,False,True
Klar,0,0,data/smplx_gt/Klar/00244.obj,outputs/method_hamer/Klar/smplifyx/meshes/low_122.obj,False,True
Klar,0,1,data/smplx_gt/Klar/00248.obj,outputs/method_hamer/Klar/smplifyx/meshes/low_124.obj,False,True
Klar,0,2,data/smplx_gt/Klar/00252.obj,outputs/method_hamer/Klar/smplifyx/meshes/low_126.obj,False,True
Klar,0,3,data/smplx_gt/Klar/00256.obj,outputs/method_hamer/Klar/smplifyx/meshes/low_128.obj,False,True
Klar,0,4,data/smplx_gt/Klar/00260.obj,outputs/method_hamer/Klar/smplifyx/meshes/low_130.obj,False,True
Klar,0,5,data/smplx_gt/Klar/00264.obj,outputs/method_hamer/Klar/smplifyx/meshes/low_132.obj,False,True
Klar,0,6,data/smplx_gt/Klar/00268.obj,outputs/method_hamer/Klar/smplifyx/meshes/low_134.obj,False,True
Klar,0,7,data/smplx_gt/Klar/00272.obj,outputs/method_hamer/Klar/smplifyx/meshes/low_136.obj,False,True
Klar,0,8,data/smplx_gt/Klar/00276.obj,outputs/method_hamer/Klar/smplifyx/meshes/low_138.obj,False,True
Klar,0,9,data/smplx_gt/Klar/00280.obj,outputs/method_hamer/Klar/smplifyx/meshes/low_140.obj,False,True
Klar,0,10,data/smplx_gt/Klar/00284.obj,outputs/method_hamer/Klar/smplifyx/meshes/low_142.obj,False,True
Klar,0,11,data/smplx_gt/Klar/00288.obj,outputs/method_hamer/Klar/smplifyx/meshes/low_144.obj,False,True
Klar,0,12,data/smplx_gt/Klar/00292.obj,outputs/method_hamer/Klar/smplifyx/meshes/low_146.obj,False,True
Klar,0,13,data/smplx_gt/Klar/00296.obj,outputs/method_hamer/Klar/smplifyx/meshes/low_148.obj,False,True
Klar,0,14,data/smplx_gt/Klar/00300.obj,outputs/method_hamer/Klar/smplifyx/meshes/low_150.obj,False,True
Klar,0,15,data/smplx_gt/Klar/00304.obj,outputs/method_hamer/Klar/smplifyx/meshes/low_152.obj,False,True
Kochen,~0,0,data/smplx_gt/Kochen/00270.obj,outputs/method_hamer/Kochen/smplifyx/meshes/low_135.obj,True,True
Kochen,~0,1,data/smplx_gt/Kochen/00274.obj,outputs/method_hamer/Kochen/smplifyx/meshes/low_137.obj,True,True
Kochen,~0,2,data/smplx_gt/Kochen/00278.obj,outputs/method_hamer/Kochen/smplifyx/meshes/low_139.obj,True,True
Kochen,~0,3,data/smplx_gt/Kochen/00282.obj,outputs/method_hamer/Kochen/smplifyx/meshes/low_141.obj,True,True
Kochen,~0,4,data/smplx_gt/Kochen/00286.obj,outputs/method_hamer/Kochen/smplifyx/meshes/low_143.obj,True,True
Kochen,~0,5,data/smplx_gt/Kochen/00290.obj,outputs/method_hamer/Kochen/smplifyx/meshes/low_145.obj,True,True
Kochen,~0,6,data/smplx_gt/Kochen/00294.obj,outputs/method_hamer/Kochen/smplifyx/meshes/low_147.obj,True,True
Kochen,~0,7,data/smplx_gt/Kochen/00298.obj,outputs/method_hamer/Kochen/smplifyx/meshes/low_149.obj,True,True
Kochen,~0,8,data/smplx_gt/Kochen/00302.obj,outputs/method_hamer/Kochen/smplifyx/meshes/low_151.obj,True,True
Kochen,~0,9,data/smplx_gt/Kochen/00306.obj,outputs/method_hamer/Kochen/smplifyx/meshes/low_153.obj,True,True
Kochen,~0,10,data/smplx_gt/Kochen/00310.obj,outputs/method_hamer/Kochen/smplifyx/meshes/low_155.obj,True,True
Kochen,~0,11,data/smplx_gt/Kochen/00314.obj,outputs/method_hamer/Kochen/smplifyx/meshes/low_157.obj,True,True
Kochen,~0,12,data/smplx_gt/Kochen/00318.obj,outputs/method_hamer/Kochen/smplifyx/meshes/low_159.obj,True,True
Kochen,~0,13,data/smplx_gt/Kochen/00322.obj,outputs/method_hamer/Kochen/smplifyx/meshes/low_161.obj,True,True
Kochen,~0,14,data/smplx_gt/Kochen/00326.obj,outputs/method_hamer/Kochen/smplifyx/meshes/low_163.obj,True,True
Kochen,~0,15,data/smplx_gt/Kochen/00330.obj,outputs/method_hamer/Kochen/smplifyx/meshes/low_165.obj,True,True
Kochen,~0,16,data/smplx_gt/Kochen/00334.obj,outputs/method_hamer/Kochen/smplifyx/meshes/low_167.obj,True,True
Kochen,~0,17,data/smplx_gt/Kochen/00338.obj,outputs/method_hamer/Kochen/smplifyx/meshes/low_169.obj,True,True
Kochen,~0,18,data/smplx_gt/Kochen/00342.obj,outputs/method_hamer/Kochen/smplifyx/meshes/low_171.obj,True,True
Kochen,~0,19,data/smplx_gt/Kochen/00346.obj,outputs/method_hamer/Kochen/smplifyx/meshes/low_173.obj,True,True
Kochen,~0,20,data/smplx_gt/Kochen/00350.obj,outputs/method_hamer/Kochen/smplifyx/meshes/low_175.obj,True,True
Kochen,~0,21,data/smplx_gt/Kochen/00354.obj,outputs/method_hamer/Kochen/smplifyx/meshes/low_177.obj,True,True
Kochen,~0,22,data/smplx_gt/Kochen/00358.obj,outputs/method_hamer/Kochen/smplifyx/meshes/low_179.obj,True,True
Kochen,~0,23,data/smplx_gt/Kochen/00362.obj,outputs/method_hamer/Kochen/smplifyx/meshes/low_181.obj,True,True
Kochen,~0,24,data/smplx_gt/Kochen/00366.obj,outputs/method_hamer/Kochen/smplifyx/meshes/low_183.obj,True,True
Kochen,~0,25,data/smplx_gt/Kochen/00370.obj,outputs/method_hamer/Kochen/smplifyx/meshes/low_185.obj,True,True
Kochen,~0,26,data/smplx_gt/Kochen/00374.obj,outputs/method_hamer/Kochen/smplifyx/meshes/low_187.obj,True,True
Kochen,~0,27,data/smplx_gt/Kochen/00378.obj,outputs/method_hamer/Kochen/smplifyx/meshes/low_189.obj,True,True
Kochen,~0,28,data/smplx_gt/Kochen/00382.obj,outputs/method_hamer/Kochen/smplifyx/meshes/low_191.obj,True,True
Kochen,~0,29,data/smplx_gt/Kochen/00386.obj,outputs/method_hamer/Kochen/smplifyx/meshes/low_193.obj,True,True
Kochen,~0,30,data/smplx_gt/Kochen/00390.obj,outputs/method_hamer/Kochen/smplifyx/meshes/low_195.obj,True,True
Kochen,~0,31,data/smplx_gt/Kochen/00394.obj,outputs/method_hamer/Kochen/smplifyx/meshes/low_197.obj,True,True
Kochen,~0,32,data/smplx_gt/Kochen/00398.obj,outputs/method_hamer/Kochen/smplifyx/meshes/low_199.obj,True,True
Kochen,~0,33,data/smplx_gt/Kochen/00402.obj,outputs/method_hamer/Kochen/smplifyx/meshes/low_201.obj,True,True
Kochen,~0,34,data/smplx_gt/Kochen/00406.obj,outputs/method_hamer/Kochen/smplifyx/meshes/low_203.obj,True,True
Kochen,~0,35,data/smplx_gt/Kochen/00410.obj,outputs/method_hamer/Kochen/smplifyx/meshes/low_205.obj,True,True
Kochen,~0,36,data/smplx_gt/Kochen/00414.obj,outputs/method_hamer/Kochen/smplifyx/meshes/low_207.obj,True,True
Kochen,~0,37,data/smplx_gt/Kochen/00418.obj,outputs/method_hamer/Kochen/smplifyx/meshes/low_209.obj,True,True
Kochen,~0,38,data/smplx_gt/Kochen/00422.obj,outputs/method_hamer/Kochen/smplifyx/meshes/low_211.obj,True,True
Kochen,~0,39,data/smplx_gt/Kochen/00426.obj,outputs/method_hamer/Kochen/smplifyx/meshes/low_213.obj,True,True
Kochen,~0,40,data/smplx_gt/Kochen/00430.obj,outputs/method_hamer/Kochen/smplifyx/meshes/low_215.obj,True,True
Kochen,~0,41,data/smplx_gt/Kochen/00434.obj,outputs/method_hamer/Kochen/smplifyx/meshes/low_217.obj,True,True
Kochen,~0,42,data/smplx_gt/Kochen/00438.obj,outputs/method_hamer/Kochen/smplifyx/meshes/low_219.obj,True,True
Kochen,~0,43,data/smplx_gt/Kochen/00442.obj,outputs/method_hamer/Kochen/smplifyx/meshes/low_221.obj,True,True
Kochen,~0,44,data/smplx_gt/Kochen/00446.obj,outputs/method_hamer/Kochen/smplifyx/meshes/low_223.obj,True,True
Kochen,~0,45,data/smplx_gt/Kochen/00450.obj,outputs/method_hamer/Kochen/smplifyx/meshes/low_225.obj,True,True
Lesen,~0,0,data/smplx_gt/Lesen/00306.obj,outputs/method_hamer/Lesen/smplifyx/meshes/low_153.obj,True,True
Lesen,~0,1,data/smplx_gt/Lesen/00310.obj,outputs/method_hamer/Lesen/smplifyx/meshes/low_155.obj,True,True
Lesen,~0,2,data/smplx_gt/Lesen/00314.obj,outputs/method_hamer/Lesen/smplifyx/meshes/low_157.obj,True,True
Lesen,~0,3,data/smplx_gt/Lesen/00318.obj,outputs/method_hamer/Lesen/smplifyx/meshes/low_159.obj,True,True
Lesen,~0,4,data/smplx_gt/Lesen/00322.obj,outputs/method_hamer/Lesen/smplifyx/meshes/low_161.obj,True,True
Lesen,~0,5,data/smplx_gt/Lesen/00326.obj,outputs/method_hamer/Lesen/smplifyx/meshes/low_163.obj,True,True
Lesen,~0,6,data/smplx_gt/Lesen/00330.obj,outputs/method_hamer/Lesen/smplifyx/meshes/low_165.obj,True,True
Lesen,~0,7,data/smplx_gt/Lesen/00334.obj,outputs/method_hamer/Lesen/smplifyx/meshes/low_167.obj,True,True
Lesen,~0,8,data/smplx_gt/Lesen/00338.obj,outputs/method_hamer/Lesen/smplifyx/meshes/low_169.obj,True,True
Lesen,~0,9,data/smplx_gt/Lesen/00342.obj,outputs/method_hamer/Lesen/smplifyx/meshes/low_171.obj,True,True
Lesen,~0,10,data/smplx_gt/Lesen/00346.obj,outputs/method_hamer/Lesen/smplifyx/meshes/low_173.obj,True,True
Lesen,~0,11,data/smplx_gt/Lesen/00350.obj,outputs/method_hamer/Lesen/smplifyx/meshes/low_175.obj,True,True
Lesen,~0,12,data/smplx_gt/Lesen/00354.obj,outputs/method_hamer/Lesen/smplifyx/meshes/low_177.obj,True,True
Lesen,~0,13,data/smplx_gt/Lesen/00358.obj,outputs/method_hamer/Lesen/smplifyx/meshes/low_179.obj,True,True
Lesen,~0,14,data/smplx_gt/Lesen/00362.obj,outputs/method_hamer/Lesen/smplifyx/meshes/low_181.obj,True,True
Lesen,~0,15,data/smplx_gt/Lesen/00366.obj,outputs/method_hamer/Lesen/smplifyx/meshes/low_183.obj,True,True
Lesen,~0,16,data/smplx_gt/Lesen/00370.obj,outputs/method_hamer/Lesen/smplifyx/meshes/low_185.obj,True,True
Lesen,~0,17,data/smplx_gt/Lesen/00374.obj,outputs/method_hamer/Lesen/smplifyx/meshes/low_187.obj,True,True
Lesen,~0,18,data/smplx_gt/Lesen/00378.obj,outputs/method_hamer/Lesen/smplifyx/meshes/low_189.obj,True,True
Lesen,~0,19,data/smplx_gt/Lesen/00382.obj,outputs/method_hamer/Lesen/smplifyx/meshes/low_191.obj,True,True
Lesen,~0,20,data/smplx_gt/Lesen/00386.obj,outputs/method_hamer/Lesen/smplifyx/meshes/low_193.obj,True,True
Lesen,~0,21,data/smplx_gt/Lesen/00390.obj,outputs/method_hamer/Lesen/smplifyx/meshes/low_195.obj,True,True
Lesen,~0,22,data/smplx_gt/Lesen/00394.obj,outputs/method_hamer/Lesen/smplifyx/meshes/low_197.obj,True,True
Lesen,~0,23,data/smplx_gt/Lesen/00398.obj,outputs/method_hamer/Lesen/smplifyx/meshes/low_199.obj,True,True
Lesen,~0,24,data/smplx_gt/Lesen/00402.obj,outputs/method_hamer/Lesen/smplifyx/meshes/low_201.obj,True,True
Lesen,~0,25,data/smplx_gt/Lesen/00406.obj,outputs/method_hamer/Lesen/smplifyx/meshes/low_203.obj,True,True
Lesen,~0,26,data/smplx_gt/Lesen/00410.obj,outputs/method_hamer/Lesen/smplifyx/meshes/low_205.obj,True,True
Lesen,~0,27,data/smplx_gt/Lesen/00414.obj,outputs/method_hamer/Lesen/smplifyx/meshes/low_207.obj,True,True
Lesen,~0,28,data/smplx_gt/Lesen/00418.obj,outputs/method_hamer/Lesen/smplifyx/meshes/low_209.obj,True,True
Lesen,~0,29,data/smplx_gt/Lesen/00422.obj,outputs/method_hamer/Lesen/smplifyx/meshes/low_211.obj,True,True
Lesen,~0,30,data/smplx_gt/Lesen/00426.obj,outputs/method_hamer/Lesen/smplifyx/meshes/low_213.obj,True,True
LiebBitte,0,0,data/smplx_gt/LiebBitte/00284.obj,outputs/method_hamer/LiebBitte/smplifyx/meshes/low_142.obj,False,True
LiebBitte,0,1,data/smplx_gt/LiebBitte/00288.obj,outputs/method_hamer/LiebBitte/smplifyx/meshes/low_144.obj,False,True
LiebBitte,0,2,data/smplx_gt/LiebBitte/00292.obj,outputs/method_hamer/LiebBitte/smplifyx/meshes/low_146.obj,False,True
LiebBitte,0,3,data/smplx_gt/LiebBitte/00296.obj,outputs/method_hamer/LiebBitte/smplifyx/meshes/low_148.obj,False,True
LiebBitte,0,4,data/smplx_gt/LiebBitte/00300.obj,outputs/method_hamer/LiebBitte/smplifyx/meshes/low_150.obj,False,True
LiebBitte,0,5,data/smplx_gt/LiebBitte/00304.obj,outputs/method_hamer/LiebBitte/smplifyx/meshes/low_152.obj,False,True
LiebBitte,0,6,data/smplx_gt/LiebBitte/00308.obj,outputs/method_hamer/LiebBitte/smplifyx/meshes/low_154.obj,False,True
LiebBitte,0,7,data/smplx_gt/LiebBitte/00312.obj,outputs/method_hamer/LiebBitte/smplifyx/meshes/low_156.obj,False,True
LiebBitte,0,8,data/smplx_gt/LiebBitte/00316.obj,outputs/method_hamer/LiebBitte/smplifyx/meshes/low_158.obj,False,True
LiebBitte,0,9,data/smplx_gt/LiebBitte/00320.obj,outputs/method_hamer/LiebBitte/smplifyx/meshes/low_160.obj,False,True
LiebBitte,0,10,data/smplx_gt/LiebBitte/00324.obj,outputs/method_hamer/LiebBitte/smplifyx/meshes/low_162.obj,False,True
LiebBitte,0,11,data/smplx_gt/LiebBitte/00328.obj,outputs/method_hamer/LiebBitte/smplifyx/meshes/low_164.obj,False,True
LiebBitte,0,12,data/smplx_gt/LiebBitte/00332.obj,outputs/method_hamer/LiebBitte/smplifyx/meshes/low_166.obj,False,True
LiebBitte,0,13,data/smplx_gt/LiebBitte/00336.obj,outputs/method_hamer/LiebBitte/smplifyx/meshes/low_168.obj,False,True
Luegen,0,0,data/smplx_gt/Luegen/00230.obj,outputs/method_hamer/Luegen/smplifyx/meshes/low_115.obj,False,True
Luegen,0,1,data/smplx_gt/Luegen/00234.obj,outputs/method_hamer/Luegen/smplifyx/meshes/low_117.obj,False,True
Luegen,0,2,data/smplx_gt/Luegen/00238.obj,outputs/method_hamer/Luegen/smplifyx/meshes/low_119.obj,False,True
Luegen,0,3,data/smplx_gt/Luegen/00242.obj,outputs/method_hamer/Luegen/smplifyx/meshes/low_121.obj,False,True
Luegen,0,4,data/smplx_gt/Luegen/00246.obj,outputs/method_hamer/Luegen/smplifyx/meshes/low_123.obj,False,True
Luegen,0,5,data/smplx_gt/Luegen/00250.obj,outputs/method_hamer/Luegen/smplifyx/meshes/low_125.obj,False,True
Luegen,0,6,data/smplx_gt/Luegen/00254.obj,outputs/method_hamer/Luegen/smplifyx/meshes/low_127.obj,False,True
Luegen,0,7,data/smplx_gt/Luegen/00258.obj,outputs/method_hamer/Luegen/smplifyx/meshes/low_129.obj,False,True
Luegen,0,8,data/smplx_gt/Luegen/00262.obj,outputs/method_hamer/Luegen/smplifyx/meshes/low_131.obj,False,True
Luegen,0,9,data/smplx_gt/Luegen/00266.obj,outputs/method_hamer/Luegen/smplifyx/meshes/low_133.obj,False,True
Luegen,0,10,data/smplx_gt/Luegen/00270.obj,outputs/method_hamer/Luegen/smplifyx/meshes/low_135.obj,False,True
Luegen,0,11,data/smplx_gt/Luegen/00274.obj,outputs/method_hamer/Luegen/smplifyx/meshes/low_137.obj,False,True
Luegen,0,12,data/smplx_gt/Luegen/00278.obj,outputs/method_hamer/Luegen/smplifyx/meshes/low_139.obj,False,True
Luegen,0,13,data/smplx_gt/Luegen/00282.obj,outputs/method_hamer/Luegen/smplifyx/meshes/low_141.obj,False,True
Luegen,0,14,data/smplx_gt/Luegen/00286.obj,outputs/method_hamer/Luegen/smplifyx/meshes/low_143.obj,False,True
Luegen,0,15,data/smplx_gt/Luegen/00290.obj,outputs/method_hamer/Luegen/smplifyx/meshes/low_145.obj,False,True
Luegen,0,16,data/smplx_gt/Luegen/00294.obj,outputs/method_hamer/Luegen/smplifyx/meshes/low_147.obj,False,True
Muell,0,0,data/smplx_gt/Muell/00232.obj,outputs/method_hamer/Muell/smplifyx/meshes/low_116.obj,False,True
Muell,0,1,data/smplx_gt/Muell/00236.obj,outputs/method_hamer/Muell/smplifyx/meshes/low_118.obj,False,True
Muell,0,2,data/smplx_gt/Muell/00240.obj,outputs/method_hamer/Muell/smplifyx/meshes/low_120.obj,False,True
Muell,0,3,data/smplx_gt/Muell/00244.obj,outputs/method_hamer/Muell/smplifyx/meshes/low_122.obj,False,True
Muell,0,4,data/smplx_gt/Muell/00248.obj,outputs/method_hamer/Muell/smplifyx/meshes/low_124.obj,False,True
Muell,0,5,data/smplx_gt/Muell/00252.obj,outputs/method_hamer/Muell/smplifyx/meshes/low_126.obj,False,True
Muell,0,6,data/smplx_gt/Muell/00256.obj,outputs/method_hamer/Muell/smplifyx/meshes/low_128.obj,False,True
Muell,0,7,data/smplx_gt/Muell/00260.obj,outputs/method_hamer/Muell/smplifyx/meshes/low_130.obj,False,True
Muell,0,8,data/smplx_gt/Muell/00264.obj,outputs/method_hamer/Muell/smplifyx/meshes/low_132.obj,False,True
Muell,0,9,data/smplx_gt/Muell/00268.obj,outputs/method_hamer/Muell/smplifyx/meshes/low_134.obj,False,True
Muell,0,10,data/smplx_gt/Muell/00272.obj,outputs/method_hamer/Muell/smplifyx/meshes/low_136.obj,False,True
Muell,0,11,data/smplx_gt/Muell/00276.obj,outputs/method_hamer/Muell/smplifyx/meshes/low_138.obj,False,True
Muell,0,12,data/smplx_gt/Muell/00280.obj,outputs/method_hamer/Muell/smplifyx/meshes/low_140.obj,False,True
Muell,0,13,data/smplx_gt/Muell/00284.obj,outputs/method_hamer/Muell/smplifyx/meshes/low_142.obj,False,True
Muell,0,14,data/smplx_gt/Muell/00288.obj,outputs/method_hamer/Muell/smplifyx/meshes/low_144.obj,False,True
Mutter,0,0,data/smplx_gt/Mutter/00276.obj,outputs/method_hamer/Mutter/smplifyx/meshes/low_138.obj,False,True
Mutter,0,1,data/smplx_gt/Mutter/00280.obj,outputs/method_hamer/Mutter/smplifyx/meshes/low_140.obj,False,True
Mutter,0,2,data/smplx_gt/Mutter/00284.obj,outputs/method_hamer/Mutter/smplifyx/meshes/low_142.obj,False,True
Mutter,0,3,data/smplx_gt/Mutter/00288.obj,outputs/method_hamer/Mutter/smplifyx/meshes/low_144.obj,False,True
Mutter,0,4,data/smplx_gt/Mutter/00292.obj,outputs/method_hamer/Mutter/smplifyx/meshes/low_146.obj,False,True
Mutter,0,5,data/smplx_gt/Mutter/00296.obj,outputs/method_hamer/Mutter/smplifyx/meshes/low_148.obj,False,True
Mutter,0,6,data/smplx_gt/Mutter/00300.obj,outputs/method_hamer/Mutter/smplifyx/meshes/low_150.obj,False,True
Mutter,0,7,data/smplx_gt/Mutter/00304.obj,outputs/method_hamer/Mutter/smplifyx/meshes/low_152.obj,False,True
Mutter,0,8,data/smplx_gt/Mutter/00308.obj,outputs/method_hamer/Mutter/smplifyx/meshes/low_154.obj,False,True
Mutter,0,9,data/smplx_gt/Mutter/00312.obj,outputs/method_hamer/Mutter/smplifyx/meshes/low_156.obj,False,True
Mutter,0,10,data/smplx_gt/Mutter/00316.obj,outputs/method_hamer/Mutter/smplifyx/meshes/low_158.obj,False,True
Mutter,0,11,data/smplx_gt/Mutter/00320.obj,outputs/method_hamer/Mutter/smplifyx/meshes/low_160.obj,False,True
Mutter,0,12,data/smplx_gt/Mutter/00324.obj,outputs/method_hamer/Mutter/smplifyx/meshes/low_162.obj,False,True
Mutter,0,13,data/smplx_gt/Mutter/00328.obj,outputs/method_hamer/Mutter/smplifyx/meshes/low_164.obj,False,True
Mutter,0,14,data/smplx_gt/Mutter/00332.obj,outputs/method_hamer/Mutter/smplifyx/meshes/low_166.obj,False,True
Mutter,0,15,data/smplx_gt/Mutter/00336.obj,outputs/method_hamer/Mutter/smplifyx/meshes/low_168.obj,False,True
Mutter,0,16,data/smplx_gt/Mutter/00340.obj,outputs/method_hamer/Mutter/smplifyx/meshes/low_170.obj,False,True
Mutter,0,17,data/smplx_gt/Mutter/00344.obj,outputs/method_hamer/Mutter/smplifyx/meshes/low_172.obj,False,True
Mutter,0,18,data/smplx_gt/Mutter/00348.obj,outputs/method_hamer/Mutter/smplifyx/meshes/low_174.obj,False,True
Mutter,0,19,data/smplx_gt/Mutter/00352.obj,outputs/method_hamer/Mutter/smplifyx/meshes/low_176.obj,False,True
Mutter,0,20,data/smplx_gt/Mutter/00356.obj,outputs/method_hamer/Mutter/smplifyx/meshes/low_178.obj,False,True
Mutter,0,21,data/smplx_gt/Mutter/00360.obj,outputs/method_hamer/Mutter/smplifyx/meshes/low_180.obj,False,True
Mutter,0,22,data/smplx_gt/Mutter/00364.obj,outputs/method_hamer/Mutter/smplifyx/meshes/low_182.obj,False,True
Mutter,0,23,data/smplx_gt/Mutter/00368.obj,outputs/method_hamer/Mutter/smplifyx/meshes/low_184.obj,False,True
Naehen,~0,0,data/smplx_gt/Naehen/00226.obj,outputs/method_hamer/Naehen/smplifyx/meshes/low_113.obj,True,True
Naehen,~0,1,data/smplx_gt/Naehen/00230.obj,outputs/method_hamer/Naehen/smplifyx/meshes/low_115.obj,True,True
Naehen,~0,2,data/smplx_gt/Naehen/00234.obj,outputs/method_hamer/Naehen/smplifyx/meshes/low_117.obj,True,True
Naehen,~0,3,data/smplx_gt/Naehen/00238.obj,outputs/method_hamer/Naehen/smplifyx/meshes/low_119.obj,True,True
Naehen,~0,4,data/smplx_gt/Naehen/00242.obj,outputs/method_hamer/Naehen/smplifyx/meshes/low_121.obj,True,True
Naehen,~0,5,data/smplx_gt/Naehen/00246.obj,outputs/method_hamer/Naehen/smplifyx/meshes/low_123.obj,True,True
Naehen,~0,6,data/smplx_gt/Naehen/00250.obj,outputs/method_hamer/Naehen/smplifyx/meshes/low_125.obj,True,True
Naehen,~0,7,data/smplx_gt/Naehen/00254.obj,outputs/method_hamer/Naehen/smplifyx/meshes/low_127.obj,True,True
Naehen,~0,8,data/smplx_gt/Naehen/00258.obj,outputs/method_hamer/Naehen/smplifyx/meshes/low_129.obj,True,True
Naehen,~0,9,data/smplx_gt/Naehen/00262.obj,outputs/method_hamer/Naehen/smplifyx/meshes/low_131.obj,True,True
Naehen,~0,10,data/smplx_gt/Naehen/00266.obj,outputs/method_hamer/Naehen/smplifyx/meshes/low_133.obj,True,True
Naehen,~0,11,data/smplx_gt/Naehen/00270.obj,outputs/method_hamer/Naehen/smplifyx/meshes/low_135.obj,True,True
Naehen,~0,12,data/smplx_gt/Naehen/00274.obj,outputs/method_hamer/Naehen/smplifyx/meshes/low_137.obj,True,True
Naehen,~0,13,data/smplx_gt/Naehen/00278.obj,outputs/method_hamer/Naehen/smplifyx/meshes/low_139.obj,True,True
Naehen,~0,14,data/smplx_gt/Naehen/00282.obj,outputs/method_hamer/Naehen/smplifyx/meshes/low_141.obj,True,True
Naehen,~0,15,data/smplx_gt/Naehen/00286.obj,outputs/method_hamer/Naehen/smplifyx/meshes/low_143.obj,True,True
Naehen,~0,16,data/smplx_gt/Naehen/00290.obj,outputs/method_hamer/Naehen/smplifyx/meshes/low_145.obj,True,True
Naehen,~0,17,data/smplx_gt/Naehen/00294.obj,outputs/method_hamer/Naehen/smplifyx/meshes/low_147.obj,True,True
Naehen,~0,18,data/smplx_gt/Naehen/00298.obj,outputs/method_hamer/Naehen/smplifyx/meshes/low_149.obj,True,True
Naehen,~0,19,data/smplx_gt/Naehen/00302.obj,outputs/method_hamer/Naehen/smplifyx/meshes/low_151.obj,True,True
Naehen,~0,20,data/smplx_gt/Naehen/00306.obj,outputs/method_hamer/Naehen/smplifyx/meshes/low_153.obj,True,True
Naehen,~0,21,data/smplx_gt/Naehen/00310.obj,outputs/method_hamer/Naehen/smplifyx/meshes/low_155.obj,True,True
Naehen,~0,22,data/smplx_gt/Naehen/00314.obj,outputs/method_hamer/Naehen/smplifyx/meshes/low_157.obj,True,True
Naehen,~0,23,data/smplx_gt/Naehen/00318.obj,outputs/method_hamer/Naehen/smplifyx/meshes/low_159.obj,True,True
Naehen,~0,24,data/smplx_gt/Naehen/00322.obj,outputs/method_hamer/Naehen/smplifyx/meshes/low_161.obj,True,True
Naehen,~0,25,data/smplx_gt/Naehen/00326.obj,outputs/method_hamer/Naehen/smplifyx/meshes/low_163.obj,True,True
Naehen,~0,26,data/smplx_gt/Naehen/00330.obj,outputs/method_hamer/Naehen/smplifyx/meshes/low_165.obj,True,True
Naehen,~0,27,data/smplx_gt/Naehen/00334.obj,outputs/method_hamer/Naehen/smplifyx/meshes/low_167.obj,True,True
Naehen,~0,28,data/smplx_gt/Naehen/00338.obj,outputs/method_hamer/Naehen/smplifyx/meshes/low_169.obj,True,True
Naehen,~0,29,data/smplx_gt/Naehen/00342.obj,outputs/method_hamer/Naehen/smplifyx/meshes/low_171.obj,True,True
Naehen,~0,30,data/smplx_gt/Naehen/00346.obj,outputs/method_hamer/Naehen/smplifyx/meshes/low_173.obj,True,True
Naehen,~0,31,data/smplx_gt/Naehen/00350.obj,outputs/method_hamer/Naehen/smplifyx/meshes/low_175.obj,True,True
Naehen,~0,32,data/smplx_gt/Naehen/00354.obj,outputs/method_hamer/Naehen/smplifyx/meshes/low_177.obj,True,True
Naehen,~0,33,data/smplx_gt/Naehen/00358.obj,outputs/method_hamer/Naehen/smplifyx/meshes/low_179.obj,True,True
Naehen,~0,34,data/smplx_gt/Naehen/00362.obj,outputs/method_hamer/Naehen/smplifyx/meshes/low_181.obj,True,True
Naehen,~0,35,data/smplx_gt/Naehen/00366.obj,outputs/method_hamer/Naehen/smplifyx/meshes/low_183.obj,True,True
Naehen,~0,36,data/smplx_gt/Naehen/00370.obj,outputs/method_hamer/Naehen/smplifyx/meshes/low_185.obj,True,True
Naehen,~0,37,data/smplx_gt/Naehen/00374.obj,outputs/method_hamer/Naehen/smplifyx/meshes/low_187.obj,True,True
Naehen,~0,38,data/smplx_gt/Naehen/00378.obj,outputs/method_hamer/Naehen/smplifyx/meshes/low_189.obj,True,True
Naehen,~0,39,data/smplx_gt/Naehen/00382.obj,outputs/method_hamer/Naehen/smplifyx/meshes/low_191.obj,True,True
Naehen,~0,40,data/smplx_gt/Naehen/00386.obj,outputs/method_hamer/Naehen/smplifyx/meshes/low_193.obj,True,True
Naehen,~0,41,data/smplx_gt/Naehen/00390.obj,outputs/method_hamer/Naehen/smplifyx/meshes/low_195.obj,True,True
Naehen,~0,42,data/smplx_gt/Naehen/00394.obj,outputs/method_hamer/Naehen/smplifyx/meshes/low_197.obj,True,True
Naehen,~0,43,data/smplx_gt/Naehen/00398.obj,outputs/method_hamer/Naehen/smplifyx/meshes/low_199.obj,True,True
Nebel,~0,0,data/smplx_gt/Nebel/00236.obj,outputs/method_hamer/Nebel/smplifyx/meshes/low_118.obj,True,True
Nebel,~0,1,data/smplx_gt/Nebel/00240.obj,outputs/method_hamer/Nebel/smplifyx/meshes/low_120.obj,True,True
Nebel,~0,2,data/smplx_gt/Nebel/00244.obj,outputs/method_hamer/Nebel/smplifyx/meshes/low_122.obj,True,True
Nebel,~0,3,data/smplx_gt/Nebel/00248.obj,outputs/method_hamer/Nebel/smplifyx/meshes/low_124.obj,True,True
Nebel,~0,4,data/smplx_gt/Nebel/00252.obj,outputs/method_hamer/Nebel/smplifyx/meshes/low_126.obj,True,True
Nebel,~0,5,data/smplx_gt/Nebel/00256.obj,outputs/method_hamer/Nebel/smplifyx/meshes/low_128.obj,True,True
Nebel,~0,6,data/smplx_gt/Nebel/00260.obj,outputs/method_hamer/Nebel/smplifyx/meshes/low_130.obj,True,True
Nebel,~0,7,data/smplx_gt/Nebel/00264.obj,outputs/method_hamer/Nebel/smplifyx/meshes/low_132.obj,True,True
Nebel,~0,8,data/smplx_gt/Nebel/00268.obj,outputs/method_hamer/Nebel/smplifyx/meshes/low_134.obj,True,True
Nebel,~0,9,data/smplx_gt/Nebel/00272.obj,outputs/method_hamer/Nebel/smplifyx/meshes/low_136.obj,True,True
Nebel,~0,10,data/smplx_gt/Nebel/00276.obj,outputs/method_hamer/Nebel/smplifyx/meshes/low_138.obj,True,True
Nebel,~0,11,data/smplx_gt/Nebel/00280.obj,outputs/method_hamer/Nebel/smplifyx/meshes/low_140.obj,True,True
Nebel,~0,12,data/smplx_gt/Nebel/00284.obj,outputs/method_hamer/Nebel/smplifyx/meshes/low_142.obj,True,True
Nebel,~0,13,data/smplx_gt/Nebel/00288.obj,outputs/method_hamer/Nebel/smplifyx/meshes/low_144.obj,True,True
Nebel,~0,14,data/smplx_gt/Nebel/00292.obj,outputs/method_hamer/Nebel/smplifyx/meshes/low_146.obj,True,True
Nebel,~0,15,data/smplx_gt/Nebel/00296.obj,outputs/method_hamer/Nebel/smplifyx/meshes/low_148.obj,True,True
Nebel,~0,16,data/smplx_gt/Nebel/00300.obj,outputs/method_hamer/Nebel/smplifyx/meshes/low_150.obj,True,True
Nebel,~0,17,data/smplx_gt/Nebel/00304.obj,outputs/method_hamer/Nebel/smplifyx/meshes/low_152.obj,True,True
Nebel,~0,18,data/smplx_gt/Nebel/00308.obj,outputs/method_hamer/Nebel/smplifyx/meshes/low_154.obj,True,True
Nebel,~0,19,data/smplx_gt/Nebel/00312.obj,outputs/method_hamer/Nebel/smplifyx/meshes/low_156.obj,True,True
Nebel,~0,20,data/smplx_gt/Nebel/00316.obj,outputs/method_hamer/Nebel/smplifyx/meshes/low_158.obj,True,True
Nebel,~0,21,data/smplx_gt/Nebel/00320.obj,outputs/method_hamer/Nebel/smplifyx/meshes/low_160.obj,True,True
Nebel,~0,22,data/smplx_gt/Nebel/00324.obj,outputs/method_hamer/Nebel/smplifyx/meshes/low_162.obj,True,True
Nebel,~0,23,data/smplx_gt/Nebel/00328.obj,outputs/method_hamer/Nebel/smplifyx/meshes/low_164.obj,True,True
Nebel,~0,24,data/smplx_gt/Nebel/00332.obj,outputs/method_hamer/Nebel/smplifyx/meshes/low_166.obj,True,True
Nebel,~0,25,data/smplx_gt/Nebel/00336.obj,outputs/method_hamer/Nebel/smplifyx/meshes/low_168.obj,True,True
Nebel,~0,26,data/smplx_gt/Nebel/00340.obj,outputs/method_hamer/Nebel/smplifyx/meshes/low_170.obj,True,True
Nebel,~0,27,data/smplx_gt/Nebel/00344.obj,outputs/method_hamer/Nebel/smplifyx/meshes/low_172.obj,True,True
Nebel,~0,28,data/smplx_gt/Nebel/00348.obj,outputs/method_hamer/Nebel/smplifyx/meshes/low_174.obj,True,True
Nebel,~0,29,data/smplx_gt/Nebel/00352.obj,outputs/method_hamer/Nebel/smplifyx/meshes/low_176.obj,True,True
Nebel,~0,30,data/smplx_gt/Nebel/00356.obj,outputs/method_hamer/Nebel/smplifyx/meshes/low_178.obj,True,True
Nebel,~0,31,data/smplx_gt/Nebel/00360.obj,outputs/method_hamer/Nebel/smplifyx/meshes/low_180.obj,True,True
Nebel,~0,32,data/smplx_gt/Nebel/00364.obj,outputs/method_hamer/Nebel/smplifyx/meshes/low_182.obj,True,True
Nebel,~0,33,data/smplx_gt/Nebel/00368.obj,outputs/method_hamer/Nebel/smplifyx/meshes/low_184.obj,True,True
Nebel,~0,34,data/smplx_gt/Nebel/00372.obj,outputs/method_hamer/Nebel/smplifyx/meshes/low_186.obj,True,True
Nebel,~0,35,data/smplx_gt/Nebel/00376.obj,outputs/method_hamer/Nebel/smplifyx/meshes/low_188.obj,True,True
Nebel,~0,36,data/smplx_gt/Nebel/00380.obj,outputs/method_hamer/Nebel/smplifyx/meshes/low_190.obj,True,True
Nebel,~0,37,data/smplx_gt/Nebel/00384.obj,outputs/method_hamer/Nebel/smplifyx/meshes/low_192.obj,True,True
Nebel,~0,38,data/smplx_gt/Nebel/00388.obj,outputs/method_hamer/Nebel/smplifyx/meshes/low_194.obj,True,True
Neu,~0,0,data/smplx_gt/Neu/00216.obj,outputs/method_hamer/Neu/smplifyx/meshes/low_108.obj,True,True
Neu,~0,1,data/smplx_gt/Neu/00220.obj,outputs/method_hamer/Neu/smplifyx/meshes/low_110.obj,True,True
Neu,~0,2,data/smplx_gt/Neu/00224.obj,outputs/method_hamer/Neu/smplifyx/meshes/low_112.obj,True,True
Neu,~0,3,data/smplx_gt/Neu/00228.obj,outputs/method_hamer/Neu/smplifyx/meshes/low_114.obj,True,True
Neu,~0,4,data/smplx_gt/Neu/00232.obj,outputs/method_hamer/Neu/smplifyx/meshes/low_116.obj,True,True
Neu,~0,5,data/smplx_gt/Neu/00236.obj,outputs/method_hamer/Neu/smplifyx/meshes/low_118.obj,True,True
Neu,~0,6,data/smplx_gt/Neu/00240.obj,outputs/method_hamer/Neu/smplifyx/meshes/low_120.obj,True,True
Neu,~0,7,data/smplx_gt/Neu/00244.obj,outputs/method_hamer/Neu/smplifyx/meshes/low_122.obj,True,True
Neu,~0,8,data/smplx_gt/Neu/00248.obj,outputs/method_hamer/Neu/smplifyx/meshes/low_124.obj,True,True
Neu,~0,9,data/smplx_gt/Neu/00252.obj,outputs/method_hamer/Neu/smplifyx/meshes/low_126.obj,True,True
Neu,~0,10,data/smplx_gt/Neu/00256.obj,outputs/method_hamer/Neu/smplifyx/meshes/low_128.obj,True,True
Neu,~0,11,data/smplx_gt/Neu/00260.obj,outputs/method_hamer/Neu/smplifyx/meshes/low_130.obj,True,True
Neu,~0,12,data/smplx_gt/Neu/00264.obj,outputs/method_hamer/Neu/smplifyx/meshes/low_132.obj,True,True
Operieren,~0,0,data/smplx_gt/Operieren/00398.obj,outputs/method_hamer/Operieren/smplifyx/meshes/low_199.obj,True,True
Operieren,~0,1,data/smplx_gt/Operieren/00402.obj,outputs/method_hamer/Operieren/smplifyx/meshes/low_201.obj,True,True
Operieren,~0,2,data/smplx_gt/Operieren/00406.obj,outputs/method_hamer/Operieren/smplifyx/meshes/low_203.obj,True,True
Operieren,~0,3,data/smplx_gt/Operieren/00410.obj,outputs/method_hamer/Operieren/smplifyx/meshes/low_205.obj,True,True
Operieren,~0,4,data/smplx_gt/Operieren/00414.obj,outputs/method_hamer/Operieren/smplifyx/meshes/low_207.obj,True,True
Operieren,~0,5,data/smplx_gt/Operieren/00418.obj,outputs/method_hamer/Operieren/smplifyx/meshes/low_209.obj,True,True
Operieren,~0,6,data/smplx_gt/Operieren/00422.obj,outputs/method_hamer/Operieren/smplifyx/meshes/low_211.obj,True,True
Operieren,~0,7,data/smplx_gt/Operieren/00426.obj,outputs/method_hamer/Operieren/smplifyx/meshes/low_213.obj,True,True
Operieren,~0,8,data/smplx_gt/Operieren/00430.obj,outputs/method_hamer/Operieren/smplifyx/meshes/low_215.obj,True,True
Operieren,~0,9,data/smplx_gt/Operieren/00434.obj,outputs/method_hamer/Operieren/smplifyx/meshes/low_217.obj,True,True
Operieren,~0,10,data/smplx_gt/Operieren/00438.obj,outputs/method_hamer/Operieren/smplifyx/meshes/low_219.obj,True,True
Operieren,~0,11,data/smplx_gt/Operieren/00442.obj,outputs/method_hamer/Operieren/smplifyx/meshes/low_221.obj,True,True
Operieren,~0,12,data/smplx_gt/Operieren/00446.obj,outputs/method_hamer/Operieren/smplifyx/meshes/low_223.obj,True,True
Operieren,~0,13,data/smplx_gt/Operieren/00450.obj,outputs/method_hamer/Operieren/smplifyx/meshes/low_225.obj,True,True
Operieren,~0,14,data/smplx_gt/Operieren/00454.obj,outputs/method_hamer/Operieren/smplifyx/meshes/low_227.obj,True,True
Operieren,~0,15,data/smplx_gt/Operieren/00458.obj,outputs/method_hamer/Operieren/smplifyx/meshes/low_229.obj,True,True
Operieren,~0,16,data/smplx_gt/Operieren/00462.obj,outputs/method_hamer/Operieren/smplifyx/meshes/low_231.obj,True,True
Operieren,~0,17,data/smplx_gt/Operieren/00466.obj,outputs/method_hamer/Operieren/smplifyx/meshes/low_233.obj,True,True
Operieren,~0,18,data/smplx_gt/Operieren/00470.obj,outputs/method_hamer/Operieren/smplifyx/meshes/low_235.obj,True,True
Operieren,~0,19,data/smplx_gt/Operieren/00474.obj,outputs/method_hamer/Operieren/smplifyx/meshes/low_237.obj,True,True
Operieren,~0,20,data/smplx_gt/Operieren/00478.obj,outputs/method_hamer/Operieren/smplifyx/meshes/low_239.obj,True,True
Operieren,~0,21,data/smplx_gt/Operieren/00482.obj,outputs/method_hamer/Operieren/smplifyx/meshes/low_241.obj,True,True
Operieren,~0,22,data/smplx_gt/Operieren/00486.obj,outputs/method_hamer/Operieren/smplifyx/meshes/low_243.obj,True,True
Operieren,~0,23,data/smplx_gt/Operieren/00490.obj,outputs/method_hamer/Operieren/smplifyx/meshes/low_245.obj,True,True
Operieren,~0,24,data/smplx_gt/Operieren/00494.obj,outputs/method_hamer/Operieren/smplifyx/meshes/low_247.obj,True,True
Operieren,~0,25,data/smplx_gt/Operieren/00498.obj,outputs/method_hamer/Operieren/smplifyx/meshes/low_249.obj,True,True
Operieren,~0,26,data/smplx_gt/Operieren/00502.obj,outputs/method_hamer/Operieren/smplifyx/meshes/low_251.obj,True,True
Operieren,~0,27,data/smplx_gt/Operieren/00506.obj,outputs/method_hamer/Operieren/smplifyx/meshes/low_253.obj,True,True
Operieren,~0,28,data/smplx_gt/Operieren/00510.obj,outputs/method_hamer/Operieren/smplifyx/meshes/low_255.obj,True,True
Operieren,~0,29,data/smplx_gt/Operieren/00514.obj,outputs/method_hamer/Operieren/smplifyx/meshes/low_257.obj,True,True
Operieren,~0,30,data/smplx_gt/Operieren/00518.obj,outputs/method_hamer/Operieren/smplifyx/meshes/low_259.obj,True,True
Regen,~0,0,data/smplx_gt/Regen/00224.obj,outputs/method_hamer/Regen/smplifyx/meshes/low_112.obj,True,True
Regen,~0,1,data/smplx_gt/Regen/00228.obj,outputs/method_hamer/Regen/smplifyx/meshes/low_114.obj,True,True
Regen,~0,2,data/smplx_gt/Regen/00232.obj,outputs/method_hamer/Regen/smplifyx/meshes/low_116.obj,True,True
Regen,~0,3,data/smplx_gt/Regen/00236.obj,outputs/method_hamer/Regen/smplifyx/meshes/low_118.obj,True,True
Regen,~0,4,data/smplx_gt/Regen/00240.obj,outputs/method_hamer/Regen/smplifyx/meshes/low_120.obj,True,True
Regen,~0,5,data/smplx_gt/Regen/00244.obj,outputs/method_hamer/Regen/smplifyx/meshes/low_122.obj,True,True
Regen,~0,6,data/smplx_gt/Regen/00248.obj,outputs/method_hamer/Regen/smplifyx/meshes/low_124.obj,True,True
Regen,~0,7,data/smplx_gt/Regen/00252.obj,outputs/method_hamer/Regen/smplifyx/meshes/low_126.obj,True,True
Regen,~0,8,data/smplx_gt/Regen/00256.obj,outputs/method_hamer/Regen/smplifyx/meshes/low_128.obj,True,True
Regen,~0,9,data/smplx_gt/Regen/00260.obj,outputs/method_hamer/Regen/smplifyx/meshes/low_130.obj,True,True
Regen,~0,10,data/smplx_gt/Regen/00264.obj,outputs/method_hamer/Regen/smplifyx/meshes/low_132.obj,True,True
Regen,~0,11,data/smplx_gt/Regen/00268.obj,outputs/method_hamer/Regen/smplifyx/meshes/low_134.obj,True,True
Regen,~0,12,data/smplx_gt/Regen/00272.obj,outputs/method_hamer/Regen/smplifyx/meshes/low_136.obj,True,True
Regen,~0,13,data/smplx_gt/Regen/00276.obj,outputs/method_hamer/Regen/smplifyx/meshes/low_138.obj,True,True
Regen,~0,14,data/smplx_gt/Regen/00280.obj,outputs/method_hamer/Regen/smplifyx/meshes/low_140.obj,True,True
Regen,~0,15,data/smplx_gt/Regen/00284.obj,outputs/method_hamer/Regen/smplifyx/meshes/low_142.obj,True,True
Regen,~0,16,data/smplx_gt/Regen/00288.obj,outputs/method_hamer/Regen/smplifyx/meshes/low_144.obj,True,True
Regen,~0,17,data/smplx_gt/Regen/00292.obj,outputs/method_hamer/Regen/smplifyx/meshes/low_146.obj,True,True
Regen,~0,18,data/smplx_gt/Regen/00296.obj,outputs/method_hamer/Regen/smplifyx/meshes/low_148.obj,True,True
Regen,~0,19,data/smplx_gt/Regen/00300.obj,outputs/method_hamer/Regen/smplifyx/meshes/low_150.obj,True,True
Regen,~0,20,data/smplx_gt/Regen/00304.obj,outputs/method_hamer/Regen/smplifyx/meshes/low_152.obj,True,True
Regen,~0,21,data/smplx_gt/Regen/00308.obj,outputs/method_hamer/Regen/smplifyx/meshes/low_154.obj,True,True
Regen,~0,22,data/smplx_gt/Regen/00312.obj,outputs/method_hamer/Regen/smplifyx/meshes/low_156.obj,True,True
Regen,~0,23,data/smplx_gt/Regen/00316.obj,outputs/method_hamer/Regen/smplifyx/meshes/low_158.obj,True,True
Regen,~0,24,data/smplx_gt/Regen/00320.obj,outputs/method_hamer/Regen/smplifyx/meshes/low_160.obj,True,True
Regen,~0,25,data/smplx_gt/Regen/00324.obj,outputs/method_hamer/Regen/smplifyx/meshes/low_162.obj,True,True
Regen,~0,26,data/smplx_gt/Regen/00328.obj,outputs/method_hamer/Regen/smplifyx/meshes/low_164.obj,True,True
Regen,~0,27,data/smplx_gt/Regen/00332.obj,outputs/method_hamer/Regen/smplifyx/meshes/low_166.obj,True,True
Regen,~0,28,data/smplx_gt/Regen/00336.obj,outputs/method_hamer/Regen/smplifyx/meshes/low_168.obj,True,True
Regen,~0,29,data/smplx_gt/Regen/00340.obj,outputs/method_hamer/Regen/smplifyx/meshes/low_170.obj,True,True
Regen,~0,30,data/smplx_gt/Regen/00344.obj,outputs/method_hamer/Regen/smplifyx/meshes/low_172.obj,True,True
Regen,~0,31,data/smplx_gt/Regen/00348.obj,outputs/method_hamer/Regen/smplifyx/meshes/low_174.obj,True,True
Regen,~0,32,data/smplx_gt/Regen/00352.obj,outputs/method_hamer/Regen/smplifyx/meshes/low_176.obj,True,True
Regen,~0,33,data/smplx_gt/Regen/00356.obj,outputs/method_hamer/Regen/smplifyx/meshes/low_178.obj,True,True
Regen,~0,34,data/smplx_gt/Regen/00360.obj,outputs/method_hamer/Regen/smplifyx/meshes/low_180.obj,True,True
Regen,~0,35,data/smplx_gt/Regen/00364.obj,outputs/method_hamer/Regen/smplifyx/meshes/low_182.obj,True,True
Regen,~0,36,data/smplx_gt/Regen/00368.obj,outputs/method_hamer/Regen/smplifyx/meshes/low_184.obj,True,True
Regen,~0,37,data/smplx_gt/Regen/00372.obj,outputs/method_hamer/Regen/smplifyx/meshes/low_186.obj,True,True
Regen,~0,38,data/smplx_gt/Regen/00376.obj,outputs/method_hamer/Regen/smplifyx/meshes/low_188.obj,True,True
SauerWuetend,0,0,data/smplx_gt/SauerWuetend/00294.obj,outputs/method_hamer/SauerWuetend/smplifyx/meshes/low_147.obj,False,True
SauerWuetend,0,1,data/smplx_gt/SauerWuetend/00298.obj,outputs/method_hamer/SauerWuetend/smplifyx/meshes/low_149.obj,False,True
SauerWuetend,0,2,data/smplx_gt/SauerWuetend/00302.obj,outputs/method_hamer/SauerWuetend/smplifyx/meshes/low_151.obj,False,True
SauerWuetend,0,3,data/smplx_gt/SauerWuetend/00306.obj,outputs/method_hamer/SauerWuetend/smplifyx/meshes/low_153.obj,False,True
SauerWuetend,0,4,data/smplx_gt/SauerWuetend/00310.obj,outputs/method_hamer/SauerWuetend/smplifyx/meshes/low_155.obj,False,True
SauerWuetend,0,5,data/smplx_gt/SauerWuetend/00314.obj,outputs/method_hamer/SauerWuetend/smplifyx/meshes/low_157.obj,False,True
SauerWuetend,0,6,data/smplx_gt/SauerWuetend/00318.obj,outputs/method_hamer/SauerWuetend/smplifyx/meshes/low_159.obj,False,True
SauerWuetend,0,7,data/smplx_gt/SauerWuetend/00322.obj,outputs/method_hamer/SauerWuetend/smplifyx/meshes/low_161.obj,False,True
SauerWuetend,0,8,data/smplx_gt/SauerWuetend/00326.obj,outputs/method_hamer/SauerWuetend/smplifyx/meshes/low_163.obj,False,True
SauerWuetend,0,9,data/smplx_gt/SauerWuetend/00330.obj,outputs/method_hamer/SauerWuetend/smplifyx/meshes/low_165.obj,False,True
SauerWuetend,0,10,data/smplx_gt/SauerWuetend/00334.obj,outputs/method_hamer/SauerWuetend/smplifyx/meshes/low_167.obj,False,True
SauerWuetend,0,11,data/smplx_gt/SauerWuetend/00338.obj,outputs/method_hamer/SauerWuetend/smplifyx/meshes/low_169.obj,False,True
SauerWuetend,0,12,data/smplx_gt/SauerWuetend/00342.obj,outputs/method_hamer/SauerWuetend/smplifyx/meshes/low_171.obj,False,True
SauerWuetend,0,13,data/smplx_gt/SauerWuetend/00346.obj,outputs/method_hamer/SauerWuetend/smplifyx/meshes/low_173.obj,False,True
SauerWuetend,0,14,data/smplx_gt/SauerWuetend/00350.obj,outputs/method_hamer/SauerWuetend/smplifyx/meshes/low_175.obj,False,True
SauerWuetend,0,15,data/smplx_gt/SauerWuetend/00354.obj,outputs/method_hamer/SauerWuetend/smplifyx/meshes/low_177.obj,False,True
SauerWuetend,0,16,data/smplx_gt/SauerWuetend/00358.obj,outputs/method_hamer/SauerWuetend/smplifyx/meshes/low_179.obj,False,True
SauerWuetend,0,17,data/smplx_gt/SauerWuetend/00362.obj,outputs/method_hamer/SauerWuetend/smplifyx/meshes/low_181.obj,False,True
SauerWuetend,0,18,data/smplx_gt/SauerWuetend/00366.obj,outputs/method_hamer/SauerWuetend/smplifyx/meshes/low_183.obj,False,True
SauerWuetend,0,19,data/smplx_gt/SauerWuetend/00370.obj,outputs/method_hamer/SauerWuetend/smplifyx/meshes/low_185.obj,False,True
SauerWuetend,0,20,data/smplx_gt/SauerWuetend/00374.obj,outputs/method_hamer/SauerWuetend/smplifyx/meshes/low_187.obj,False,True
SauerWuetend,0,21,data/smplx_gt/SauerWuetend/00378.obj,outputs/method_hamer/SauerWuetend/smplifyx/meshes/low_189.obj,False,True
Schnee,~0,0,data/smplx_gt/Schnee/00318.obj,outputs/method_hamer/Schnee/smplifyx/meshes/low_159.obj,True,True
Schnee,~0,1,data/smplx_gt/Schnee/00322.obj,outputs/method_hamer/Schnee/smplifyx/meshes/low_161.obj,True,True
Schnee,~0,2,data/smplx_gt/Schnee/00326.obj,outputs/method_hamer/Schnee/smplifyx/meshes/low_163.obj,True,True
Schnee,~0,3,data/smplx_gt/Schnee/00330.obj,outputs/method_hamer/Schnee/smplifyx/meshes/low_165.obj,True,True
Schnee,~0,4,data/smplx_gt/Schnee/00334.obj,outputs/method_hamer/Schnee/smplifyx/meshes/low_167.obj,True,True
Schnee,~0,5,data/smplx_gt/Schnee/00338.obj,outputs/method_hamer/Schnee/smplifyx/meshes/low_169.obj,True,True
Schnee,~0,6,data/smplx_gt/Schnee/00342.obj,outputs/method_hamer/Schnee/smplifyx/meshes/low_171.obj,True,True
Schnee,~0,7,data/smplx_gt/Schnee/00346.obj,outputs/method_hamer/Schnee/smplifyx/meshes/low_173.obj,True,True
Schnee,~0,8,data/smplx_gt/Schnee/00350.obj,outputs/method_hamer/Schnee/smplifyx/meshes/low_175.obj,True,True
Schnee,~0,9,data/smplx_gt/Schnee/00354.obj,outputs/method_hamer/Schnee/smplifyx/meshes/low_177.obj,True,True
Schnee,~0,10,data/smplx_gt/Schnee/00358.obj,outputs/method_hamer/Schnee/smplifyx/meshes/low_179.obj,True,True
Schnee,~0,11,data/smplx_gt/Schnee/00362.obj,outputs/method_hamer/Schnee/smplifyx/meshes/low_181.obj,True,True
Schnee,~0,12,data/smplx_gt/Schnee/00366.obj,outputs/method_hamer/Schnee/smplifyx/meshes/low_183.obj,True,True
Schnee,~0,13,data/smplx_gt/Schnee/00370.obj,outputs/method_hamer/Schnee/smplifyx/meshes/low_185.obj,True,True
Schnee,~0,14,data/smplx_gt/Schnee/00374.obj,outputs/method_hamer/Schnee/smplifyx/meshes/low_187.obj,True,True
Schnee,~0,15,data/smplx_gt/Schnee/00378.obj,outputs/method_hamer/Schnee/smplifyx/meshes/low_189.obj,True,True
Schnee,~0,16,data/smplx_gt/Schnee/00382.obj,outputs/method_hamer/Schnee/smplifyx/meshes/low_191.obj,True,True
Schnee,~0,17,data/smplx_gt/Schnee/00386.obj,outputs/method_hamer/Schnee/smplifyx/meshes/low_193.obj,True,True
Schnee,~0,18,data/smplx_gt/Schnee/00390.obj,outputs/method_hamer/Schnee/smplifyx/meshes/low_195.obj,True,True
Schnee,~0,19,data/smplx_gt/Schnee/00394.obj,outputs/method_hamer/Schnee/smplifyx/meshes/low_197.obj,True,True
Schnee,~0,20,data/smplx_gt/Schnee/00398.obj,outputs/method_hamer/Schnee/smplifyx/meshes/low_199.obj,True,True
Schnee,~0,21,data/smplx_gt/Schnee/00402.obj,outputs/method_hamer/Schnee/smplifyx/meshes/low_201.obj,True,True
Schnee,~0,22,data/smplx_gt/Schnee/00406.obj,outputs/method_hamer/Schnee/smplifyx/meshes/low_203.obj,True,True
Schnee,~0,23,data/smplx_gt/Schnee/00410.obj,outputs/method_hamer/Schnee/smplifyx/meshes/low_205.obj,True,True
Schnee,~0,24,data/smplx_gt/Schnee/00414.obj,outputs/method_hamer/Schnee/smplifyx/meshes/low_207.obj,True,True
Schnee,~0,25,data/smplx_gt/Schnee/00418.obj,outputs/method_hamer/Schnee/smplifyx/meshes/low_209.obj,True,True
Schnee,~0,26,data/smplx_gt/Schnee/00422.obj,outputs/method_hamer/Schnee/smplifyx/meshes/low_211.obj,True,True
Schnee,~0,27,data/smplx_gt/Schnee/00426.obj,outputs/method_hamer/Schnee/smplifyx/meshes/low_213.obj,True,True
Schnee,~0,28,data/smplx_gt/Schnee/00430.obj,outputs/method_hamer/Schnee/smplifyx/meshes/low_215.obj,True,True
Schnee,~0,29,data/smplx_gt/Schnee/00434.obj,outputs/method_hamer/Schnee/smplifyx/meshes/low_217.obj,True,True
Schnee,~0,30,data/smplx_gt/Schnee/00438.obj,outputs/method_hamer/Schnee/smplifyx/meshes/low_219.obj,True,True
Schnee,~0,31,data/smplx_gt/Schnee/00442.obj,outputs/method_hamer/Schnee/smplifyx/meshes/low_221.obj,True,True
Schnee,~0,32,data/smplx_gt/Schnee/00446.obj,outputs/method_hamer/Schnee/smplifyx/meshes/low_223.obj,True,True
Schnee,~0,33,data/smplx_gt/Schnee/00450.obj,outputs/method_hamer/Schnee/smplifyx/meshes/low_225.obj,True,True
Schnee,~0,34,data/smplx_gt/Schnee/00454.obj,outputs/method_hamer/Schnee/smplifyx/meshes/low_227.obj,True,True
Schnee,~0,35,data/smplx_gt/Schnee/00458.obj,outputs/method_hamer/Schnee/smplifyx/meshes/low_229.obj,True,True
Schnee,~0,36,data/smplx_gt/Schnee/00462.obj,outputs/method_hamer/Schnee/smplifyx/meshes/low_231.obj,True,True
Schnee,~0,37,data/smplx_gt/Schnee/00466.obj,outputs/method_hamer/Schnee/smplifyx/meshes/low_233.obj,True,True
Schnee,~0,38,data/smplx_gt/Schnee/00470.obj,outputs/method_hamer/Schnee/smplifyx/meshes/low_235.obj,True,True
Schnee,~0,39,data/smplx_gt/Schnee/00474.obj,outputs/method_hamer/Schnee/smplifyx/meshes/low_237.obj,True,True
Schnee,~0,40,data/smplx_gt/Schnee/00478.obj,outputs/method_hamer/Schnee/smplifyx/meshes/low_239.obj,True,True
Schnee,~0,41,data/smplx_gt/Schnee/00482.obj,outputs/method_hamer/Schnee/smplifyx/meshes/low_241.obj,True,True
Schnee,~0,42,data/smplx_gt/Schnee/00486.obj,outputs/method_hamer/Schnee/smplifyx/meshes/low_243.obj,True,True
Schreiben,~0,0,data/smplx_gt/Schreiben/00242.obj,outputs/method_hamer/Schreiben/smplifyx/meshes/low_121.obj,True,True
Schreiben,~0,1,data/smplx_gt/Schreiben/00246.obj,outputs/method_hamer/Schreiben/smplifyx/meshes/low_123.obj,True,True
Schreiben,~0,2,data/smplx_gt/Schreiben/00250.obj,outputs/method_hamer/Schreiben/smplifyx/meshes/low_125.obj,True,True
Schreiben,~0,3,data/smplx_gt/Schreiben/00254.obj,outputs/method_hamer/Schreiben/smplifyx/meshes/low_127.obj,True,True
Schreiben,~0,4,data/smplx_gt/Schreiben/00258.obj,outputs/method_hamer/Schreiben/smplifyx/meshes/low_129.obj,True,True
Schreiben,~0,5,data/smplx_gt/Schreiben/00262.obj,outputs/method_hamer/Schreiben/smplifyx/meshes/low_131.obj,True,True
Schreiben,~0,6,data/smplx_gt/Schreiben/00266.obj,outputs/method_hamer/Schreiben/smplifyx/meshes/low_133.obj,True,True
Schreiben,~0,7,data/smplx_gt/Schreiben/00270.obj,outputs/method_hamer/Schreiben/smplifyx/meshes/low_135.obj,True,True
Schreiben,~0,8,data/smplx_gt/Schreiben/00274.obj,outputs/method_hamer/Schreiben/smplifyx/meshes/low_137.obj,True,True
Schreiben,~0,9,data/smplx_gt/Schreiben/00278.obj,outputs/method_hamer/Schreiben/smplifyx/meshes/low_139.obj,True,True
Schreiben,~0,10,data/smplx_gt/Schreiben/00282.obj,outputs/method_hamer/Schreiben/smplifyx/meshes/low_141.obj,True,True
Schreiben,~0,11,data/smplx_gt/Schreiben/00286.obj,outputs/method_hamer/Schreiben/smplifyx/meshes/low_143.obj,True,True
Schreiben,~0,12,data/smplx_gt/Schreiben/00290.obj,outputs/method_hamer/Schreiben/smplifyx/meshes/low_145.obj,True,True
Schreiben,~0,13,data/smplx_gt/Schreiben/00294.obj,outputs/method_hamer/Schreiben/smplifyx/meshes/low_147.obj,True,True
Schreiben,~0,14,data/smplx_gt/Schreiben/00298.obj,outputs/method_hamer/Schreiben/smplifyx/meshes/low_149.obj,True,True
Schreiben,~0,15,data/smplx_gt/Schreiben/00302.obj,outputs/method_hamer/Schreiben/smplifyx/meshes/low_151.obj,True,True
Schreiben,~0,16,data/smplx_gt/Schreiben/00306.obj,outputs/method_hamer/Schreiben/smplifyx/meshes/low_153.obj,True,True
Schreiben,~0,17,data/smplx_gt/Schreiben/00310.obj,outputs/method_hamer/Schreiben/smplifyx/meshes/low_155.obj,True,True
Schreiben,~0,18,data/smplx_gt/Schreiben/00314.obj,outputs/method_hamer/Schreiben/smplifyx/meshes/low_157.obj,True,True
Schreiben,~0,19,data/smplx_gt/Schreiben/00318.obj,outputs/method_hamer/Schreiben/smplifyx/meshes/low_159.obj,True,True
Schreiben,~0,20,data/smplx_gt/Schreiben/00322.obj,outputs/method_hamer/Schreiben/smplifyx/meshes/low_161.obj,True,True
Schreiben,~0,21,data/smplx_gt/Schreiben/00326.obj,outputs/method_hamer/Schreiben/smplifyx/meshes/low_163.obj,True,True
Schreiben,~0,22,data/smplx_gt/Schreiben/00330.obj,outputs/method_hamer/Schreiben/smplifyx/meshes/low_165.obj,True,True
Schreiben,~0,23,data/smplx_gt/Schreiben/00334.obj,outputs/method_hamer/Schreiben/smplifyx/meshes/low_167.obj,True,True
Schreiben,~0,24,data/smplx_gt/Schreiben/00338.obj,outputs/method_hamer/Schreiben/smplifyx/meshes/low_169.obj,True,True
Schreiben,~0,25,data/smplx_gt/Schreiben/00342.obj,outputs/method_hamer/Schreiben/smplifyx/meshes/low_171.obj,True,True
Schreiben,~0,26,data/smplx_gt/Schreiben/00346.obj,outputs/method_hamer/Schreiben/smplifyx/meshes/low_173.obj,True,True
Schreiben,~0,27,data/smplx_gt/Schreiben/00350.obj,outputs/method_hamer/Schreiben/smplifyx/meshes/low_175.obj,True,True
Schreiben,~0,28,data/smplx_gt/Schreiben/00354.obj,outputs/method_hamer/Schreiben/smplifyx/meshes/low_177.obj,True,True
Schreiben,~0,29,data/smplx_gt/Schreiben/00358.obj,outputs/method_hamer/Schreiben/smplifyx/meshes/low_179.obj,True,True
Schreiben,~0,30,data/smplx_gt/Schreiben/00362.obj,outputs/method_hamer/Schreiben/smplifyx/meshes/low_181.obj,True,True
Schreiben,~0,31,data/smplx_gt/Schreiben/00366.obj,outputs/method_hamer/Schreiben/smplifyx/meshes/low_183.obj,True,True
Schreiben,~0,32,data/smplx_gt/Schreiben/00370.obj,outputs/method_hamer/Schreiben/smplifyx/meshes/low_185.obj,True,True
Schreiben,~0,33,data/smplx_gt/Schreiben/00374.obj,outputs/method_hamer/Schreiben/smplifyx/meshes/low_187.obj,True,True
Schreiben,~0,34,data/smplx_gt/Schreiben/00378.obj,outputs/method_hamer/Schreiben/smplifyx/meshes/low_189.obj,True,True
Schreiben,~0,35,data/smplx_gt/Schreiben/00382.obj,outputs/method_hamer/Schreiben/smplifyx/meshes/low_191.obj,True,True
Schreiben,~0,36,data/smplx_gt/Schreiben/00386.obj,outputs/method_hamer/Schreiben/smplifyx/meshes/low_193.obj,True,True
Schreiben,~0,37,data/smplx_gt/Schreiben/00390.obj,outputs/method_hamer/Schreiben/smplifyx/meshes/low_195.obj,True,True
Schreiben,~0,38,data/smplx_gt/Schreiben/00394.obj,outputs/method_hamer/Schreiben/smplifyx/meshes/low_197.obj,True,True
Schreiben,~0,39,data/smplx_gt/Schreiben/00398.obj,outputs/method_hamer/Schreiben/smplifyx/meshes/low_199.obj,True,True
Schreiben,~0,40,data/smplx_gt/Schreiben/00402.obj,outputs/method_hamer/Schreiben/smplifyx/meshes/low_201.obj,True,True
Schreiben,~0,41,data/smplx_gt/Schreiben/00406.obj,outputs/method_hamer/Schreiben/smplifyx/meshes/low_203.obj,True,True
Schreiben,~0,42,data/smplx_gt/Schreiben/00410.obj,outputs/method_hamer/Schreiben/smplifyx/meshes/low_205.obj,True,True
Schreiben,~0,43,data/smplx_gt/Schreiben/00414.obj,outputs/method_hamer/Schreiben/smplifyx/meshes/low_207.obj,True,True
Schwach,~0,0,data/smplx_gt/Schwach/00276.obj,outputs/method_hamer/Schwach/smplifyx/meshes/low_138.obj,True,True
Schwach,~0,1,data/smplx_gt/Schwach/00280.obj,outputs/method_hamer/Schwach/smplifyx/meshes/low_140.obj,True,True
Schwach,~0,2,data/smplx_gt/Schwach/00284.obj,outputs/method_hamer/Schwach/smplifyx/meshes/low_142.obj,True,True
Schwach,~0,3,data/smplx_gt/Schwach/00288.obj,outputs/method_hamer/Schwach/smplifyx/meshes/low_144.obj,True,True
Schwach,~0,4,data/smplx_gt/Schwach/00292.obj,outputs/method_hamer/Schwach/smplifyx/meshes/low_146.obj,True,True
Schwach,~0,5,data/smplx_gt/Schwach/00296.obj,outputs/method_hamer/Schwach/smplifyx/meshes/low_148.obj,True,True
Schwach,~0,6,data/smplx_gt/Schwach/00300.obj,outputs/method_hamer/Schwach/smplifyx/meshes/low_150.obj,True,True
Schwach,~0,7,data/smplx_gt/Schwach/00304.obj,outputs/method_hamer/Schwach/smplifyx/meshes/low_152.obj,True,True
Schwach,~0,8,data/smplx_gt/Schwach/00308.obj,outputs/method_hamer/Schwach/smplifyx/meshes/low_154.obj,True,True
Schwach,~0,9,data/smplx_gt/Schwach/00312.obj,outputs/method_hamer/Schwach/smplifyx/meshes/low_156.obj,True,True
Schwach,~0,10,data/smplx_gt/Schwach/00316.obj,outputs/method_hamer/Schwach/smplifyx/meshes/low_158.obj,True,True
Schwach,~0,11,data/smplx_gt/Schwach/00320.obj,outputs/method_hamer/Schwach/smplifyx/meshes/low_160.obj,True,True
Schwach,~0,12,data/smplx_gt/Schwach/00324.obj,outputs/method_hamer/Schwach/smplifyx/meshes/low_162.obj,True,True
Schwach,~0,13,data/smplx_gt/Schwach/00328.obj,outputs/method_hamer/Schwach/smplifyx/meshes/low_164.obj,True,True
Schwach,~0,14,data/smplx_gt/Schwach/00332.obj,outputs/method_hamer/Schwach/smplifyx/meshes/low_166.obj,True,True
Schwach,~0,15,data/smplx_gt/Schwach/00336.obj,outputs/method_hamer/Schwach/smplifyx/meshes/low_168.obj,True,True
Schwach,~0,16,data/smplx_gt/Schwach/00340.obj,outputs/method_hamer/Schwach/smplifyx/meshes/low_170.obj,True,True
Schwach,~0,17,data/smplx_gt/Schwach/00344.obj,outputs/method_hamer/Schwach/smplifyx/meshes/low_172.obj,True,True
Schwach,~0,18,data/smplx_gt/Schwach/00348.obj,outputs/method_hamer/Schwach/smplifyx/meshes/low_174.obj,True,True
Schwach,~0,19,data/smplx_gt/Schwach/00352.obj,outputs/method_hamer/Schwach/smplifyx/meshes/low_176.obj,True,True
Schwach,~0,20,data/smplx_gt/Schwach/00356.obj,outputs/method_hamer/Schwach/smplifyx/meshes/low_178.obj,True,True
Schwach,~0,21,data/smplx_gt/Schwach/00360.obj,outputs/method_hamer/Schwach/smplifyx/meshes/low_180.obj,True,True
Schwach,~0,22,data/smplx_gt/Schwach/00364.obj,outputs/method_hamer/Schwach/smplifyx/meshes/low_182.obj,True,True
Schwach,~0,23,data/smplx_gt/Schwach/00368.obj,outputs/method_hamer/Schwach/smplifyx/meshes/low_184.obj,True,True
Schwach,~0,24,data/smplx_gt/Schwach/00372.obj,outputs/method_hamer/Schwach/smplifyx/meshes/low_186.obj,True,True
Schwer,~0,0,data/smplx_gt/Schwer/00314.obj,outputs/method_hamer/Schwer/smplifyx/meshes/low_157.obj,True,True
Schwer,~0,1,data/smplx_gt/Schwer/00318.obj,outputs/method_hamer/Schwer/smplifyx/meshes/low_159.obj,True,True
Schwer,~0,2,data/smplx_gt/Schwer/00322.obj,outputs/method_hamer/Schwer/smplifyx/meshes/low_161.obj,True,True
Schwer,~0,3,data/smplx_gt/Schwer/00326.obj,outputs/method_hamer/Schwer/smplifyx/meshes/low_163.obj,True,True
Schwer,~0,4,data/smplx_gt/Schwer/00330.obj,outputs/method_hamer/Schwer/smplifyx/meshes/low_165.obj,True,True
Schwer,~0,5,data/smplx_gt/Schwer/00334.obj,outputs/method_hamer/Schwer/smplifyx/meshes/low_167.obj,True,True
Schwer,~0,6,data/smplx_gt/Schwer/00338.obj,outputs/method_hamer/Schwer/smplifyx/meshes/low_169.obj,True,True
Schwer,~0,7,data/smplx_gt/Schwer/00342.obj,outputs/method_hamer/Schwer/smplifyx/meshes/low_171.obj,True,True
Schwer,~0,8,data/smplx_gt/Schwer/00346.obj,outputs/method_hamer/Schwer/smplifyx/meshes/low_173.obj,True,True
Schwer,~0,9,data/smplx_gt/Schwer/00350.obj,outputs/method_hamer/Schwer/smplifyx/meshes/low_175.obj,True,True
Schwer,~0,10,data/smplx_gt/Schwer/00354.obj,outputs/method_hamer/Schwer/smplifyx/meshes/low_177.obj,True,True
Schwer,~0,11,data/smplx_gt/Schwer/00358.obj,outputs/method_hamer/Schwer/smplifyx/meshes/low_179.obj,True,True
Schwer,~0,12,data/smplx_gt/Schwer/00362.obj,outputs/method_hamer/Schwer/smplifyx/meshes/low_181.obj,True,True
Schwer,~0,13,data/smplx_gt/Schwer/00366.obj,outputs/method_hamer/Schwer/smplifyx/meshes/low_183.obj,True,True
Schwer,~0,14,data/smplx_gt/Schwer/00370.obj,outputs/method_hamer/Schwer/smplifyx/meshes/low_185.obj,True,True
Schwer,~0,15,data/smplx_gt/Schwer/00374.obj,outputs/method_hamer/Schwer/smplifyx/meshes/low_187.obj,True,True
Schwer,~0,16,data/smplx_gt/Schwer/00378.obj,outputs/method_hamer/Schwer/smplifyx/meshes/low_189.obj,True,True
Schwer,~0,17,data/smplx_gt/Schwer/00382.obj,outputs/method_hamer/Schwer/smplifyx/meshes/low_191.obj,True,True
Schwer,~0,18,data/smplx_gt/Schwer/00386.obj,outputs/method_hamer/Schwer/smplifyx/meshes/low_193.obj,True,True
Schwer,~0,19,data/smplx_gt/Schwer/00390.obj,outputs/method_hamer/Schwer/smplifyx/meshes/low_195.obj,True,True
Schwer,~0,20,data/smplx_gt/Schwer/00394.obj,outputs/method_hamer/Schwer/smplifyx/meshes/low_197.obj,True,True
Sonne,0,0,data/smplx_gt/Sonne/00296.obj,outputs/method_hamer/Sonne/smplifyx/meshes/low_148.obj,False,True
Sonne,0,1,data/smplx_gt/Sonne/00300.obj,outputs/method_hamer/Sonne/smplifyx/meshes/low_150.obj,False,True
Sonne,0,2,data/smplx_gt/Sonne/00304.obj,outputs/method_hamer/Sonne/smplifyx/meshes/low_152.obj,False,True
Sonne,0,3,data/smplx_gt/Sonne/00308.obj,outputs/method_hamer/Sonne/smplifyx/meshes/low_154.obj,False,True
Sonne,0,4,data/smplx_gt/Sonne/00312.obj,outputs/method_hamer/Sonne/smplifyx/meshes/low_156.obj,False,True
Sonne,0,5,data/smplx_gt/Sonne/00316.obj,outputs/method_hamer/Sonne/smplifyx/meshes/low_158.obj,False,True
Sonne,0,6,data/smplx_gt/Sonne/00320.obj,outputs/method_hamer/Sonne/smplifyx/meshes/low_160.obj,False,True
Sonne,0,7,data/smplx_gt/Sonne/00324.obj,outputs/method_hamer/Sonne/smplifyx/meshes/low_162.obj,False,True
Sonne,0,8,data/smplx_gt/Sonne/00328.obj,outputs/method_hamer/Sonne/smplifyx/meshes/low_164.obj,False,True
Sonne,0,9,data/smplx_gt/Sonne/00332.obj,outputs/method_hamer/Sonne/smplifyx/meshes/low_166.obj,False,True
Sonne,0,10,data/smplx_gt/Sonne/00336.obj,outputs/method_hamer/Sonne/smplifyx/meshes/low_168.obj,False,True
Sonne,0,11,data/smplx_gt/Sonne/00340.obj,outputs/method_hamer/Sonne/smplifyx/meshes/low_170.obj,False,True
Sonne,0,12,data/smplx_gt/Sonne/00344.obj,outputs/method_hamer/Sonne/smplifyx/meshes/low_172.obj,False,True
Sonne,0,13,data/smplx_gt/Sonne/00348.obj,outputs/method_hamer/Sonne/smplifyx/meshes/low_174.obj,False,True
Sonne,0,14,data/smplx_gt/Sonne/00352.obj,outputs/method_hamer/Sonne/smplifyx/meshes/low_176.obj,False,True
Sonne,0,15,data/smplx_gt/Sonne/00356.obj,outputs/method_hamer/Sonne/smplifyx/meshes/low_178.obj,False,True
Sonne,0,16,data/smplx_gt/Sonne/00360.obj,outputs/method_hamer/Sonne/smplifyx/meshes/low_180.obj,False,True
Sonne,0,17,data/smplx_gt/Sonne/00364.obj,outputs/method_hamer/Sonne/smplifyx/meshes/low_182.obj,False,True
Sonne,0,18,data/smplx_gt/Sonne/00368.obj,outputs/method_hamer/Sonne/smplifyx/meshes/low_184.obj,False,True
Sonne,0,19,data/smplx_gt/Sonne/00372.obj,outputs/method_hamer/Sonne/smplifyx/meshes/low_186.obj,False,True
Sonne,0,20,data/smplx_gt/Sonne/00376.obj,outputs/method_hamer/Sonne/smplifyx/meshes/low_188.obj,False,True
Sonne,0,21,data/smplx_gt/Sonne/00380.obj,outputs/method_hamer/Sonne/smplifyx/meshes/low_190.obj,False,True
Sonne,0,22,data/smplx_gt/Sonne/00384.obj,outputs/method_hamer/Sonne/smplifyx/meshes/low_192.obj,False,True
Sonne,0,23,data/smplx_gt/Sonne/00388.obj,outputs/method_hamer/Sonne/smplifyx/meshes/low_194.obj,False,True
Sonne,0,24,data/smplx_gt/Sonne/00392.obj,outputs/method_hamer/Sonne/smplifyx/meshes/low_196.obj,False,True
Sorry,0,0,data/smplx_gt/Sorry/00288.obj,outputs/method_hamer/Sorry/smplifyx/meshes/low_144.obj,False,True
Sorry,0,1,data/smplx_gt/Sorry/00292.obj,outputs/method_hamer/Sorry/smplifyx/meshes/low_146.obj,False,True
Sorry,0,2,data/smplx_gt/Sorry/00296.obj,outputs/method_hamer/Sorry/smplifyx/meshes/low_148.obj,False,True
Sorry,0,3,data/smplx_gt/Sorry/00300.obj,outputs/method_hamer/Sorry/smplifyx/meshes/low_150.obj,False,True
Sorry,0,4,data/smplx_gt/Sorry/00304.obj,outputs/method_hamer/Sorry/smplifyx/meshes/low_152.obj,False,True
Sorry,0,5,data/smplx_gt/Sorry/00308.obj,outputs/method_hamer/Sorry/smplifyx/meshes/low_154.obj,False,True
Sorry,0,6,data/smplx_gt/Sorry/00312.obj,outputs/method_hamer/Sorry/smplifyx/meshes/low_156.obj,False,True
Sorry,0,7,data/smplx_gt/Sorry/00316.obj,outputs/method_hamer/Sorry/smplifyx/meshes/low_158.obj,False,True
Sorry,0,8,data/smplx_gt/Sorry/00320.obj,outputs/method_hamer/Sorry/smplifyx/meshes/low_160.obj,False,True
Sorry,0,9,data/smplx_gt/Sorry/00324.obj,outputs/method_hamer/Sorry/smplifyx/meshes/low_162.obj,False,True
Sorry,0,10,data/smplx_gt/Sorry/00328.obj,outputs/method_hamer/Sorry/smplifyx/meshes/low_164.obj,False,True
Sorry,0,11,data/smplx_gt/Sorry/00332.obj,outputs/method_hamer/Sorry/smplifyx/meshes/low_166.obj,False,True
Sorry,0,12,data/smplx_gt/Sorry/00336.obj,outputs/method_hamer/Sorry/smplifyx/meshes/low_168.obj,False,True
Sorry,0,13,data/smplx_gt/Sorry/00340.obj,outputs/method_hamer/Sorry/smplifyx/meshes/low_170.obj,False,True
Sorry,0,14,data/smplx_gt/Sorry/00344.obj,outputs/method_hamer/Sorry/smplifyx/meshes/low_172.obj,False,True
Sorry,0,15,data/smplx_gt/Sorry/00348.obj,outputs/method_hamer/Sorry/smplifyx/meshes/low_174.obj,False,True
Sorry,0,16,data/smplx_gt/Sorry/00352.obj,outputs/method_hamer/Sorry/smplifyx/meshes/low_176.obj,False,True
Sorry,0,17,data/smplx_gt/Sorry/00356.obj,outputs/method_hamer/Sorry/smplifyx/meshes/low_178.obj,False,True
Sorry,0,18,data/smplx_gt/Sorry/00360.obj,outputs/method_hamer/Sorry/smplifyx/meshes/low_180.obj,False,True
Sorry,0,19,data/smplx_gt/Sorry/00364.obj,outputs/method_hamer/Sorry/smplifyx/meshes/low_182.obj,False,True
Sorry,0,20,data/smplx_gt/Sorry/00368.obj,outputs/method_hamer/Sorry/smplifyx/meshes/low_184.obj,False,True
Sorry,0,21,data/smplx_gt/Sorry/00372.obj,outputs/method_hamer/Sorry/smplifyx/meshes/low_186.obj,False,True
Sorry,0,22,data/smplx_gt/Sorry/00376.obj,outputs/method_hamer/Sorry/smplifyx/meshes/low_188.obj,False,True
Sorry,0,23,data/smplx_gt/Sorry/00380.obj,outputs/method_hamer/Sorry/smplifyx/meshes/low_190.obj,False,True
Sorry,0,24,data/smplx_gt/Sorry/00384.obj,outputs/method_hamer/Sorry/smplifyx/meshes/low_192.obj,False,True
Sorry,0,25,data/smplx_gt/Sorry/00388.obj,outputs/method_hamer/Sorry/smplifyx/meshes/low_194.obj,False,True
SparenSparsam,~0,0,data/smplx_gt/SparenSparsam/00266.obj,outputs/method_hamer/SparenSparsam/smplifyx/meshes/low_133.obj,True,True
SparenSparsam,~0,1,data/smplx_gt/SparenSparsam/00270.obj,outputs/method_hamer/SparenSparsam/smplifyx/meshes/low_135.obj,True,True
SparenSparsam,~0,2,data/smplx_gt/SparenSparsam/00274.obj,outputs/method_hamer/SparenSparsam/smplifyx/meshes/low_137.obj,True,True
SparenSparsam,~0,3,data/smplx_gt/SparenSparsam/00278.obj,outputs/method_hamer/SparenSparsam/smplifyx/meshes/low_139.obj,True,True
SparenSparsam,~0,4,data/smplx_gt/SparenSparsam/00282.obj,outputs/method_hamer/SparenSparsam/smplifyx/meshes/low_141.obj,True,True
SparenSparsam,~0,5,data/smplx_gt/SparenSparsam/00286.obj,outputs/method_hamer/SparenSparsam/smplifyx/meshes/low_143.obj,True,True
SparenSparsam,~0,6,data/smplx_gt/SparenSparsam/00290.obj,outputs/method_hamer/SparenSparsam/smplifyx/meshes/low_145.obj,True,True
SparenSparsam,~0,7,data/smplx_gt/SparenSparsam/00294.obj,outputs/method_hamer/SparenSparsam/smplifyx/meshes/low_147.obj,True,True
SparenSparsam,~0,8,data/smplx_gt/SparenSparsam/00298.obj,outputs/method_hamer/SparenSparsam/smplifyx/meshes/low_149.obj,True,True
SparenSparsam,~0,9,data/smplx_gt/SparenSparsam/00302.obj,outputs/method_hamer/SparenSparsam/smplifyx/meshes/low_151.obj,True,True
SparenSparsam,~0,10,data/smplx_gt/SparenSparsam/00306.obj,outputs/method_hamer/SparenSparsam/smplifyx/meshes/low_153.obj,True,True
SparenSparsam,~0,11,data/smplx_gt/SparenSparsam/00310.obj,outputs/method_hamer/SparenSparsam/smplifyx/meshes/low_155.obj,True,True
SparenSparsam,~0,12,data/smplx_gt/SparenSparsam/00314.obj,outputs/method_hamer/SparenSparsam/smplifyx/meshes/low_157.obj,True,True
SparenSparsam,~0,13,data/smplx_gt/SparenSparsam/00318.obj,outputs/method_hamer/SparenSparsam/smplifyx/meshes/low_159.obj,True,True
SparenSparsam,~0,14,data/smplx_gt/SparenSparsam/00322.obj,outputs/method_hamer/SparenSparsam/smplifyx/meshes/low_161.obj,True,True
SparenSparsam,~0,15,data/smplx_gt/SparenSparsam/00326.obj,outputs/method_hamer/SparenSparsam/smplifyx/meshes/low_163.obj,True,True
SparenSparsam,~0,16,data/smplx_gt/SparenSparsam/00330.obj,outputs/method_hamer/SparenSparsam/smplifyx/meshes/low_165.obj,True,True
SparenSparsam,~0,17,data/smplx_gt/SparenSparsam/00334.obj,outputs/method_hamer/SparenSparsam/smplifyx/meshes/low_167.obj,True,True
SparenSparsam,~0,18,data/smplx_gt/SparenSparsam/00338.obj,outputs/method_hamer/SparenSparsam/smplifyx/meshes/low_169.obj,True,True
SparenSparsam,~0,19,data/smplx_gt/SparenSparsam/00342.obj,outputs/method_hamer/SparenSparsam/smplifyx/meshes/low_171.obj,True,True
SparenSparsam,~0,20,data/smplx_gt/SparenSparsam/00346.obj,outputs/method_hamer/SparenSparsam/smplifyx/meshes/low_173.obj,True,True
SparenSparsam,~0,21,data/smplx_gt/SparenSparsam/00350.obj,outputs/method_hamer/SparenSparsam/smplifyx/meshes/low_175.obj,True,True
SparenSparsam,~0,22,data/smplx_gt/SparenSparsam/00354.obj,outputs/method_hamer/SparenSparsam/smplifyx/meshes/low_177.obj,True,True
SparenSparsam,~0,23,data/smplx_gt/SparenSparsam/00358.obj,outputs/method_hamer/SparenSparsam/smplifyx/meshes/low_179.obj,True,True
SparenSparsam,~0,24,data/smplx_gt/SparenSparsam/00362.obj,outputs/method_hamer/SparenSparsam/smplifyx/meshes/low_181.obj,True,True
SparenSparsam,~0,25,data/smplx_gt/SparenSparsam/00366.obj,outputs/method_hamer/SparenSparsam/smplifyx/meshes/low_183.obj,True,True
SparenSparsam,~0,26,data/smplx_gt/SparenSparsam/00370.obj,outputs/method_hamer/SparenSparsam/smplifyx/meshes/low_185.obj,True,True
SparenSparsam,~0,27,data/smplx_gt/SparenSparsam/00374.obj,outputs/method_hamer/SparenSparsam/smplifyx/meshes/low_187.obj,True,True
SparenSparsam,~0,28,data/smplx_gt/SparenSparsam/00378.obj,outputs/method_hamer/SparenSparsam/smplifyx/meshes/low_189.obj,True,True
Spezial,~0,0,data/smplx_gt/Spezial/00250.obj,outputs/method_hamer/Spezial/smplifyx/meshes/low_125.obj,True,True
Spezial,~0,1,data/smplx_gt/Spezial/00254.obj,outputs/method_hamer/Spezial/smplifyx/meshes/low_127.obj,True,True
Spezial,~0,2,data/smplx_gt/Spezial/00258.obj,outputs/method_hamer/Spezial/smplifyx/meshes/low_129.obj,True,True
Spezial,~0,3,data/smplx_gt/Spezial/00262.obj,outputs/method_hamer/Spezial/smplifyx/meshes/low_131.obj,True,True
Spezial,~0,4,data/smplx_gt/Spezial/00266.obj,outputs/method_hamer/Spezial/smplifyx/meshes/low_133.obj,True,True
Spezial,~0,5,data/smplx_gt/Spezial/00270.obj,outputs/method_hamer/Spezial/smplifyx/meshes/low_135.obj,True,True
Spezial,~0,6,data/smplx_gt/Spezial/00274.obj,outputs/method_hamer/Spezial/smplifyx/meshes/low_137.obj,True,True
Spezial,~0,7,data/smplx_gt/Spezial/00278.obj,outputs/method_hamer/Spezial/smplifyx/meshes/low_139.obj,True,True
Spezial,~0,8,data/smplx_gt/Spezial/00282.obj,outputs/method_hamer/Spezial/smplifyx/meshes/low_141.obj,True,True
Spezial,~0,9,data/smplx_gt/Spezial/00286.obj,outputs/method_hamer/Spezial/smplifyx/meshes/low_143.obj,True,True
Spezial,~0,10,data/smplx_gt/Spezial/00290.obj,outputs/method_hamer/Spezial/smplifyx/meshes/low_145.obj,True,True
Spezial,~0,11,data/smplx_gt/Spezial/00294.obj,outputs/method_hamer/Spezial/smplifyx/meshes/low_147.obj,True,True
Spezial,~0,12,data/smplx_gt/Spezial/00298.obj,outputs/method_hamer/Spezial/smplifyx/meshes/low_149.obj,True,True
Spezial,~0,13,data/smplx_gt/Spezial/00302.obj,outputs/method_hamer/Spezial/smplifyx/meshes/low_151.obj,True,True
Spezial,~0,14,data/smplx_gt/Spezial/00306.obj,outputs/method_hamer/Spezial/smplifyx/meshes/low_153.obj,True,True
Spezial,~0,15,data/smplx_gt/Spezial/00310.obj,outputs/method_hamer/Spezial/smplifyx/meshes/low_155.obj,True,True
Spezial,~0,16,data/smplx_gt/Spezial/00314.obj,outputs/method_hamer/Spezial/smplifyx/meshes/low_157.obj,True,True
Spezial,~0,17,data/smplx_gt/Spezial/00318.obj,outputs/method_hamer/Spezial/smplifyx/meshes/low_159.obj,True,True
Spezial,~0,18,data/smplx_gt/Spezial/00322.obj,outputs/method_hamer/Spezial/smplifyx/meshes/low_161.obj,True,True
Spezial,~0,19,data/smplx_gt/Spezial/00326.obj,outputs/method_hamer/Spezial/smplifyx/meshes/low_163.obj,True,True
Tisch,~0,0,data/smplx_gt/Tisch/00286.obj,outputs/method_hamer/Tisch/smplifyx/meshes/low_143.obj,True,True
Tisch,~0,1,data/smplx_gt/Tisch/00290.obj,outputs/method_hamer/Tisch/smplifyx/meshes/low_145.obj,True,True
Tisch,~0,2,data/smplx_gt/Tisch/00294.obj,outputs/method_hamer/Tisch/smplifyx/meshes/low_147.obj,True,True
Tisch,~0,3,data/smplx_gt/Tisch/00298.obj,outputs/method_hamer/Tisch/smplifyx/meshes/low_149.obj,True,True
Tisch,~0,4,data/smplx_gt/Tisch/00302.obj,outputs/method_hamer/Tisch/smplifyx/meshes/low_151.obj,True,True
Tisch,~0,5,data/smplx_gt/Tisch/00306.obj,outputs/method_hamer/Tisch/smplifyx/meshes/low_153.obj,True,True
Tisch,~0,6,data/smplx_gt/Tisch/00310.obj,outputs/method_hamer/Tisch/smplifyx/meshes/low_155.obj,True,True
Tisch,~0,7,data/smplx_gt/Tisch/00314.obj,outputs/method_hamer/Tisch/smplifyx/meshes/low_157.obj,True,True
Tisch,~0,8,data/smplx_gt/Tisch/00318.obj,outputs/method_hamer/Tisch/smplifyx/meshes/low_159.obj,True,True
Tisch,~0,9,data/smplx_gt/Tisch/00322.obj,outputs/method_hamer/Tisch/smplifyx/meshes/low_161.obj,True,True
Tisch,~0,10,data/smplx_gt/Tisch/00326.obj,outputs/method_hamer/Tisch/smplifyx/meshes/low_163.obj,True,True
Tisch,~0,11,data/smplx_gt/Tisch/00330.obj,outputs/method_hamer/Tisch/smplifyx/meshes/low_165.obj,True,True
Tisch,~0,12,data/smplx_gt/Tisch/00334.obj,outputs/method_hamer/Tisch/smplifyx/meshes/low_167.obj,True,True
Treffen,~0,0,data/smplx_gt/Treffen/00264.obj,outputs/method_hamer/Treffen/smplifyx/meshes/low_132.obj,True,True
Treffen,~0,1,data/smplx_gt/Treffen/00268.obj,outputs/method_hamer/Treffen/smplifyx/meshes/low_134.obj,True,True
Treffen,~0,2,data/smplx_gt/Treffen/00272.obj,outputs/method_hamer/Treffen/smplifyx/meshes/low_136.obj,True,True
Treffen,~0,3,data/smplx_gt/Treffen/00276.obj,outputs/method_hamer/Treffen/smplifyx/meshes/low_138.obj,True,True
Treffen,~0,4,data/smplx_gt/Treffen/00280.obj,outputs/method_hamer/Treffen/smplifyx/meshes/low_140.obj,True,True
Treffen,~0,5,data/smplx_gt/Treffen/00284.obj,outputs/method_hamer/Treffen/smplifyx/meshes/low_142.obj,True,True
Treffen,~0,6,data/smplx_gt/Treffen/00288.obj,outputs/method_hamer/Treffen/smplifyx/meshes/low_144.obj,True,True
Treffen,~0,7,data/smplx_gt/Treffen/00292.obj,outputs/method_hamer/Treffen/smplifyx/meshes/low_146.obj,True,True
Treffen,~0,8,data/smplx_gt/Treffen/00296.obj,outputs/method_hamer/Treffen/smplifyx/meshes/low_148.obj,True,True
Treffen,~0,9,data/smplx_gt/Treffen/00300.obj,outputs/method_hamer/Treffen/smplifyx/meshes/low_150.obj,True,True
Treffen,~0,10,data/smplx_gt/Treffen/00304.obj,outputs/method_hamer/Treffen/smplifyx/meshes/low_152.obj,True,True
Treffen,~0,11,data/smplx_gt/Treffen/00308.obj,outputs/method_hamer/Treffen/smplifyx/meshes/low_154.obj,True,True
Treffen,~0,12,data/smplx_gt/Treffen/00312.obj,outputs/method_hamer/Treffen/smplifyx/meshes/low_156.obj,True,True
Treffen,~0,13,data/smplx_gt/Treffen/00316.obj,outputs/method_hamer/Treffen/smplifyx/meshes/low_158.obj,True,True
Treffen,~0,14,data/smplx_gt/Treffen/00320.obj,outputs/method_hamer/Treffen/smplifyx/meshes/low_160.obj,True,True
Treffen,~0,15,data/smplx_gt/Treffen/00324.obj,outputs/method_hamer/Treffen/smplifyx/meshes/low_162.obj,True,True
Treffen,~0,16,data/smplx_gt/Treffen/00328.obj,outputs/method_hamer/Treffen/smplifyx/meshes/low_164.obj,True,True
Treffen,~0,17,data/smplx_gt/Treffen/00332.obj,outputs/method_hamer/Treffen/smplifyx/meshes/low_166.obj,True,True
Treffen,~0,18,data/smplx_gt/Treffen/00336.obj,outputs/method_hamer/Treffen/smplifyx/meshes/low_168.obj,True,True
Treffen,~0,19,data/smplx_gt/Treffen/00340.obj,outputs/method_hamer/Treffen/smplifyx/meshes/low_170.obj,True,True
Treffen,~0,20,data/smplx_gt/Treffen/00344.obj,outputs/method_hamer/Treffen/smplifyx/meshes/low_172.obj,True,True
Treffen,~0,21,data/smplx_gt/Treffen/00348.obj,outputs/method_hamer/Treffen/smplifyx/meshes/low_174.obj,True,True
Treffen,~0,22,data/smplx_gt/Treffen/00352.obj,outputs/method_hamer/Treffen/smplifyx/meshes/low_176.obj,True,True
Treffen,~0,23,data/smplx_gt/Treffen/00356.obj,outputs/method_hamer/Treffen/smplifyx/meshes/low_178.obj,True,True
Treffen,~0,24,data/smplx_gt/Treffen/00360.obj,outputs/method_hamer/Treffen/smplifyx/meshes/low_180.obj,True,True
Treffen,~0,25,data/smplx_gt/Treffen/00364.obj,outputs/method_hamer/Treffen/smplifyx/meshes/low_182.obj,True,True
Treffen,~0,26,data/smplx_gt/Treffen/00368.obj,outputs/method_hamer/Treffen/smplifyx/meshes/low_184.obj,True,True
Treffen,~0,27,data/smplx_gt/Treffen/00372.obj,outputs/method_hamer/Treffen/smplifyx/meshes/low_186.obj,True,True
Vater,0,0,data/smplx_gt/Vater/00302.obj,outputs/method_hamer/Vater/smplifyx/meshes/low_151.obj,False,True
Vater,0,1,data/smplx_gt/Vater/00306.obj,outputs/method_hamer/Vater/smplifyx/meshes/low_153.obj,False,True
Vater,0,2,data/smplx_gt/Vater/00310.obj,outputs/method_hamer/Vater/smplifyx/meshes/low_155.obj,False,True
Vater,0,3,data/smplx_gt/Vater/00314.obj,outputs/method_hamer/Vater/smplifyx/meshes/low_157.obj,False,True
Vater,0,4,data/smplx_gt/Vater/00318.obj,outputs/method_hamer/Vater/smplifyx/meshes/low_159.obj,False,True
Vater,0,5,data/smplx_gt/Vater/00322.obj,outputs/method_hamer/Vater/smplifyx/meshes/low_161.obj,False,True
Vater,0,6,data/smplx_gt/Vater/00326.obj,outputs/method_hamer/Vater/smplifyx/meshes/low_163.obj,False,True
Vater,0,7,data/smplx_gt/Vater/00330.obj,outputs/method_hamer/Vater/smplifyx/meshes/low_165.obj,False,True
Vater,0,8,data/smplx_gt/Vater/00334.obj,outputs/method_hamer/Vater/smplifyx/meshes/low_167.obj,False,True
Vater,0,9,data/smplx_gt/Vater/00338.obj,outputs/method_hamer/Vater/smplifyx/meshes/low_169.obj,False,True
Vater,0,10,data/smplx_gt/Vater/00342.obj,outputs/method_hamer/Vater/smplifyx/meshes/low_171.obj,False,True
Vater,0,11,data/smplx_gt/Vater/00346.obj,outputs/method_hamer/Vater/smplifyx/meshes/low_173.obj,False,True
Vater,0,12,data/smplx_gt/Vater/00350.obj,outputs/method_hamer/Vater/smplifyx/meshes/low_175.obj,False,True
Vater,0,13,data/smplx_gt/Vater/00354.obj,outputs/method_hamer/Vater/smplifyx/meshes/low_177.obj,False,True
Vater,0,14,data/smplx_gt/Vater/00358.obj,outputs/method_hamer/Vater/smplifyx/meshes/low_179.obj,False,True
Vater,0,15,data/smplx_gt/Vater/00362.obj,outputs/method_hamer/Vater/smplifyx/meshes/low_181.obj,False,True
Vater,0,16,data/smplx_gt/Vater/00366.obj,outputs/method_hamer/Vater/smplifyx/meshes/low_183.obj,False,True
Vater,0,17,data/smplx_gt/Vater/00370.obj,outputs/method_hamer/Vater/smplifyx/meshes/low_185.obj,False,True
Vater,0,18,data/smplx_gt/Vater/00374.obj,outputs/method_hamer/Vater/smplifyx/meshes/low_187.obj,False,True
Vater,0,19,data/smplx_gt/Vater/00378.obj,outputs/method_hamer/Vater/smplifyx/meshes/low_189.obj,False,True
Vater,0,20,data/smplx_gt/Vater/00382.obj,outputs/method_hamer/Vater/smplifyx/meshes/low_191.obj,False,True
Vater,0,21,data/smplx_gt/Vater/00386.obj,outputs/method_hamer/Vater/smplifyx/meshes/low_193.obj,False,True
Vater,0,22,data/smplx_gt/Vater/00390.obj,outputs/method_hamer/Vater/smplifyx/meshes/low_195.obj,False,True
Vater,0,23,data/smplx_gt/Vater/00394.obj,outputs/method_hamer/Vater/smplifyx/meshes/low_197.obj,False,True
Vater,0,24,data/smplx_gt/Vater/00398.obj,outputs/method_hamer/Vater/smplifyx/meshes/low_199.obj,False,True
Vater,0,25,data/smplx_gt/Vater/00402.obj,outputs/method_hamer/Vater/smplifyx/meshes/low_201.obj,False,True
Vater,0,26,data/smplx_gt/Vater/00406.obj,outputs/method_hamer/Vater/smplifyx/meshes/low_203.obj,False,True
Verschieden,~0,0,data/smplx_gt/Verschieden/00284.obj,outputs/method_hamer/Verschieden/smplifyx/meshes/low_142.obj,True,True
Verschieden,~0,1,data/smplx_gt/Verschieden/00288.obj,outputs/method_hamer/Verschieden/smplifyx/meshes/low_144.obj,True,True
Verschieden,~0,2,data/smplx_gt/Verschieden/00292.obj,outputs/method_hamer/Verschieden/smplifyx/meshes/low_146.obj,True,True
Verschieden,~0,3,data/smplx_gt/Verschieden/00296.obj,outputs/method_hamer/Verschieden/smplifyx/meshes/low_148.obj,True,True
Verschieden,~0,4,data/smplx_gt/Verschieden/00300.obj,outputs/method_hamer/Verschieden/smplifyx/meshes/low_150.obj,True,True
Verschieden,~0,5,data/smplx_gt/Verschieden/00304.obj,outputs/method_hamer/Verschieden/smplifyx/meshes/low_152.obj,True,True
Verschieden,~0,6,data/smplx_gt/Verschieden/00308.obj,outputs/method_hamer/Verschieden/smplifyx/meshes/low_154.obj,True,True
Verschieden,~0,7,data/smplx_gt/Verschieden/00312.obj,outputs/method_hamer/Verschieden/smplifyx/meshes/low_156.obj,True,True
Verschieden,~0,8,data/smplx_gt/Verschieden/00316.obj,outputs/method_hamer/Verschieden/smplifyx/meshes/low_158.obj,True,True
Verschieden,~0,9,data/smplx_gt/Verschieden/00320.obj,outputs/method_hamer/Verschieden/smplifyx/meshes/low_160.obj,True,True
Verschieden,~0,10,data/smplx_gt/Verschieden/00324.obj,outputs/method_hamer/Verschieden/smplifyx/meshes/low_162.obj,True,True
Verschieden,~0,11,data/smplx_gt/Verschieden/00328.obj,outputs/method_hamer/Verschieden/smplifyx/meshes/low_164.obj,True,True
Verschieden,~0,12,data/smplx_gt/Verschieden/00332.obj,outputs/method_hamer/Verschieden/smplifyx/meshes/low_166.obj,True,True
Verschieden,~0,13,data/smplx_gt/Verschieden/00336.obj,outputs/method_hamer/Verschieden/smplifyx/meshes/low_168.obj,True,True
Verschieden,~0,14,data/smplx_gt/Verschieden/00340.obj,outputs/method_hamer/Verschieden/smplifyx/meshes/low_170.obj,True,True
Verschieden,~0,15,data/smplx_gt/Verschieden/00344.obj,outputs/method_hamer/Verschieden/smplifyx/meshes/low_172.obj,True,True
Verschieden,~0,16,data/smplx_gt/Verschieden/00348.obj,outputs/method_hamer/Verschieden/smplifyx/meshes/low_174.obj,True,True
Verschieden,~0,17,data/smplx_gt/Verschieden/00352.obj,outputs/method_hamer/Verschieden/smplifyx/meshes/low_176.obj,True,True
Verschieden,~0,18,data/smplx_gt/Verschieden/00356.obj,outputs/method_hamer/Verschieden/smplifyx/meshes/low_178.obj,True,True
Verschieden,~0,19,data/smplx_gt/Verschieden/00360.obj,outputs/method_hamer/Verschieden/smplifyx/meshes/low_180.obj,True,True
Verschieden,~0,20,data/smplx_gt/Verschieden/00364.obj,outputs/method_hamer/Verschieden/smplifyx/meshes/low_182.obj,True,True
Verschieden,~0,21,data/smplx_gt/Verschieden/00368.obj,outputs/method_hamer/Verschieden/smplifyx/meshes/low_184.obj,True,True
Verschieden,~0,22,data/smplx_gt/Verschieden/00372.obj,outputs/method_hamer/Verschieden/smplifyx/meshes/low_186.obj,True,True
Verschieden,~0,23,data/smplx_gt/Verschieden/00376.obj,outputs/method_hamer/Verschieden/smplifyx/meshes/low_188.obj,True,True
Verschieden,~0,24,data/smplx_gt/Verschieden/00380.obj,outputs/method_hamer/Verschieden/smplifyx/meshes/low_190.obj,True,True
Verschieden,~0,25,data/smplx_gt/Verschieden/00384.obj,outputs/method_hamer/Verschieden/smplifyx/meshes/low_192.obj,True,True
Verschieden,~0,26,data/smplx_gt/Verschieden/00388.obj,outputs/method_hamer/Verschieden/smplifyx/meshes/low_194.obj,True,True
Verschieden,~0,27,data/smplx_gt/Verschieden/00392.obj,outputs/method_hamer/Verschieden/smplifyx/meshes/low_196.obj,True,True
Verschieden,~0,28,data/smplx_gt/Verschieden/00396.obj,outputs/method_hamer/Verschieden/smplifyx/meshes/low_198.obj,True,True
Verschieden,~0,29,data/smplx_gt/Verschieden/00400.obj,outputs/method_hamer/Verschieden/smplifyx/meshes/low_200.obj,True,True
Verschieden,~0,30,data/smplx_gt/Verschieden/00404.obj,outputs/method_hamer/Verschieden/smplifyx/meshes/low_202.obj,True,True
Verschieden,~0,31,data/smplx_gt/Verschieden/00408.obj,outputs/method_hamer/Verschieden/smplifyx/meshes/low_204.obj,True,True
Verschieden,~0,32,data/smplx_gt/Verschieden/00412.obj,outputs/method_hamer/Verschieden/smplifyx/meshes/low_206.obj,True,True
Verschieden,~0,33,data/smplx_gt/Verschieden/00416.obj,outputs/method_hamer/Verschieden/smplifyx/meshes/low_208.obj,True,True
Verschieden,~0,34,data/smplx_gt/Verschieden/00420.obj,outputs/method_hamer/Verschieden/smplifyx/meshes/low_210.obj,True,True
Verschieden,~0,35,data/smplx_gt/Verschieden/00424.obj,outputs/method_hamer/Verschieden/smplifyx/meshes/low_212.obj,True,True
Verschieden,~0,36,data/smplx_gt/Verschieden/00428.obj,outputs/method_hamer/Verschieden/smplifyx/meshes/low_214.obj,True,True
Verschieden,~0,37,data/smplx_gt/Verschieden/00432.obj,outputs/method_hamer/Verschieden/smplifyx/meshes/low_216.obj,True,True
Verschieden,~0,38,data/smplx_gt/Verschieden/00436.obj,outputs/method_hamer/Verschieden/smplifyx/meshes/low_218.obj,True,True
Verschieden,~0,39,data/smplx_gt/Verschieden/00440.obj,outputs/method_hamer/Verschieden/smplifyx/meshes/low_220.obj,True,True
Verschieden,~0,40,data/smplx_gt/Verschieden/00444.obj,outputs/method_hamer/Verschieden/smplifyx/meshes/low_222.obj,True,True
VorsichtPassAuf,~0,0,data/smplx_gt/VorsichtPassAuf/00294.obj,outputs/method_hamer/VorsichtPassAuf/smplifyx/meshes/low_147.obj,True,True
VorsichtPassAuf,~0,1,data/smplx_gt/VorsichtPassAuf/00298.obj,outputs/method_hamer/VorsichtPassAuf/smplifyx/meshes/low_149.obj,True,True
VorsichtPassAuf,~0,2,data/smplx_gt/VorsichtPassAuf/00302.obj,outputs/method_hamer/VorsichtPassAuf/smplifyx/meshes/low_151.obj,True,True
VorsichtPassAuf,~0,3,data/smplx_gt/VorsichtPassAuf/00306.obj,outputs/method_hamer/VorsichtPassAuf/smplifyx/meshes/low_153.obj,True,True
VorsichtPassAuf,~0,4,data/smplx_gt/VorsichtPassAuf/00310.obj,outputs/method_hamer/VorsichtPassAuf/smplifyx/meshes/low_155.obj,True,True
VorsichtPassAuf,~0,5,data/smplx_gt/VorsichtPassAuf/00314.obj,outputs/method_hamer/VorsichtPassAuf/smplifyx/meshes/low_157.obj,True,True
VorsichtPassAuf,~0,6,data/smplx_gt/VorsichtPassAuf/00318.obj,outputs/method_hamer/VorsichtPassAuf/smplifyx/meshes/low_159.obj,True,True
VorsichtPassAuf,~0,7,data/smplx_gt/VorsichtPassAuf/00322.obj,outputs/method_hamer/VorsichtPassAuf/smplifyx/meshes/low_161.obj,True,True
VorsichtPassAuf,~0,8,data/smplx_gt/VorsichtPassAuf/00326.obj,outputs/method_hamer/VorsichtPassAuf/smplifyx/meshes/low_163.obj,True,True
VorsichtPassAuf,~0,9,data/smplx_gt/VorsichtPassAuf/00330.obj,outputs/method_hamer/VorsichtPassAuf/smplifyx/meshes/low_165.obj,True,True
VorsichtPassAuf,~0,10,data/smplx_gt/VorsichtPassAuf/00334.obj,outputs/method_hamer/VorsichtPassAuf/smplifyx/meshes/low_167.obj,True,True
VorsichtPassAuf,~0,11,data/smplx_gt/VorsichtPassAuf/00338.obj,outputs/method_hamer/VorsichtPassAuf/smplifyx/meshes/low_169.obj,True,True
Waschen,~0,0,data/smplx_gt/Waschen/00262.obj,outputs/method_hamer/Waschen/smplifyx/meshes/low_131.obj,True,True
Waschen,~0,1,data/smplx_gt/Waschen/00266.obj,outputs/method_hamer/Waschen/smplifyx/meshes/low_133.obj,True,True
Waschen,~0,2,data/smplx_gt/Waschen/00270.obj,outputs/method_hamer/Waschen/smplifyx/meshes/low_135.obj,True,True
Waschen,~0,3,data/smplx_gt/Waschen/00274.obj,outputs/method_hamer/Waschen/smplifyx/meshes/low_137.obj,True,True
Waschen,~0,4,data/smplx_gt/Waschen/00278.obj,outputs/method_hamer/Waschen/smplifyx/meshes/low_139.obj,True,True
Waschen,~0,5,data/smplx_gt/Waschen/00282.obj,outputs/method_hamer/Waschen/smplifyx/meshes/low_141.obj,True,True
Waschen,~0,6,data/smplx_gt/Waschen/00286.obj,outputs/method_hamer/Waschen/smplifyx/meshes/low_143.obj,True,True
Waschen,~0,7,data/smplx_gt/Waschen/00290.obj,outputs/method_hamer/Waschen/smplifyx/meshes/low_145.obj,True,True
Waschen,~0,8,data/smplx_gt/Waschen/00294.obj,outputs/method_hamer/Waschen/smplifyx/meshes/low_147.obj,True,True
Waschen,~0,9,data/smplx_gt/Waschen/00298.obj,outputs/method_hamer/Waschen/smplifyx/meshes/low_149.obj,True,True
Waschen,~0,10,data/smplx_gt/Waschen/00302.obj,outputs/method_hamer/Waschen/smplifyx/meshes/low_151.obj,True,True
Waschen,~0,11,data/smplx_gt/Waschen/00306.obj,outputs/method_hamer/Waschen/smplifyx/meshes/low_153.obj,True,True
Waschen,~0,12,data/smplx_gt/Waschen/00310.obj,outputs/method_hamer/Waschen/smplifyx/meshes/low_155.obj,True,True
Waschen,~0,13,data/smplx_gt/Waschen/00314.obj,outputs/method_hamer/Waschen/smplifyx/meshes/low_157.obj,True,True
Waschen,~0,14,data/smplx_gt/Waschen/00318.obj,outputs/method_hamer/Waschen/smplifyx/meshes/low_159.obj,True,True
Waschen,~0,15,data/smplx_gt/Waschen/00322.obj,outputs/method_hamer/Waschen/smplifyx/meshes/low_161.obj,True,True
Waschen,~0,16,data/smplx_gt/Waschen/00326.obj,outputs/method_hamer/Waschen/smplifyx/meshes/low_163.obj,True,True
Waschen,~0,17,data/smplx_gt/Waschen/00330.obj,outputs/method_hamer/Waschen/smplifyx/meshes/low_165.obj,True,True
Waschen,~0,18,data/smplx_gt/Waschen/00334.obj,outputs/method_hamer/Waschen/smplifyx/meshes/low_167.obj,True,True
Waschen,~0,19,data/smplx_gt/Waschen/00338.obj,outputs/method_hamer/Waschen/smplifyx/meshes/low_169.obj,True,True
Waschen,~0,20,data/smplx_gt/Waschen/00342.obj,outputs/method_hamer/Waschen/smplifyx/meshes/low_171.obj,True,True
Waschen,~0,21,data/smplx_gt/Waschen/00346.obj,outputs/method_hamer/Waschen/smplifyx/meshes/low_173.obj,True,True
Waschen,~0,22,data/smplx_gt/Waschen/00350.obj,outputs/method_hamer/Waschen/smplifyx/meshes/low_175.obj,True,True
Waschen,~0,23,data/smplx_gt/Waschen/00354.obj,outputs/method_hamer/Waschen/smplifyx/meshes/low_177.obj,True,True
Waschen,~0,24,data/smplx_gt/Waschen/00358.obj,outputs/method_hamer/Waschen/smplifyx/meshes/low_179.obj,True,True
Waschen,~0,25,data/smplx_gt/Waschen/00362.obj,outputs/method_hamer/Waschen/smplifyx/meshes/low_181.obj,True,True
Waschen,~0,26,data/smplx_gt/Waschen/00366.obj,outputs/method_hamer/Waschen/smplifyx/meshes/low_183.obj,True,True
Waschen,~0,27,data/smplx_gt/Waschen/00370.obj,outputs/method_hamer/Waschen/smplifyx/meshes/low_185.obj,True,True
Waschen,~0,28,data/smplx_gt/Waschen/00374.obj,outputs/method_hamer/Waschen/smplifyx/meshes/low_187.obj,True,True
Widerspruch,~0,0,data/smplx_gt/Widerspruch/00268.obj,outputs/method_hamer/Widerspruch/smplifyx/meshes/low_134.obj,True,True
Widerspruch,~0,1,data/smplx_gt/Widerspruch/00272.obj,outputs/method_hamer/Widerspruch/smplifyx/meshes/low_136.obj,True,True
Widerspruch,~0,2,data/smplx_gt/Widerspruch/00276.obj,outputs/method_hamer/Widerspruch/smplifyx/meshes/low_138.obj,True,True
Widerspruch,~0,3,data/smplx_gt/Widerspruch/00280.obj,outputs/method_hamer/Widerspruch/smplifyx/meshes/low_140.obj,True,True
Widerspruch,~0,4,data/smplx_gt/Widerspruch/00284.obj,outputs/method_hamer/Widerspruch/smplifyx/meshes/low_142.obj,True,True
Widerspruch,~0,5,data/smplx_gt/Widerspruch/00288.obj,outputs/method_hamer/Widerspruch/smplifyx/meshes/low_144.obj,True,True
Widerspruch,~0,6,data/smplx_gt/Widerspruch/00292.obj,outputs/method_hamer/Widerspruch/smplifyx/meshes/low_146.obj,True,True
Widerspruch,~0,7,data/smplx_gt/Widerspruch/00296.obj,outputs/method_hamer/Widerspruch/smplifyx/meshes/low_148.obj,True,True
Widerspruch,~0,8,data/smplx_gt/Widerspruch/00300.obj,outputs/method_hamer/Widerspruch/smplifyx/meshes/low_150.obj,True,True
Widerspruch,~0,9,data/smplx_gt/Widerspruch/00304.obj,outputs/method_hamer/Widerspruch/smplifyx/meshes/low_152.obj,True,True
Widerspruch,~0,10,data/smplx_gt/Widerspruch/00308.obj,outputs/method_hamer/Widerspruch/smplifyx/meshes/low_154.obj,True,True
Widerspruch,~0,11,data/smplx_gt/Widerspruch/00312.obj,outputs/method_hamer/Widerspruch/smplifyx/meshes/low_156.obj,True,True
Widerspruch,~0,12,data/smplx_gt/Widerspruch/00316.obj,outputs/method_hamer/Widerspruch/smplifyx/meshes/low_158.obj,True,True
Widerspruch,~0,13,data/smplx_gt/Widerspruch/00320.obj,outputs/method_hamer/Widerspruch/smplifyx/meshes/low_160.obj,True,True
Ziel,~0,0,data/smplx_gt/Ziel/00252.obj,outputs/method_hamer/Ziel/smplifyx/meshes/low_126.obj,True,True
Ziel,~0,1,data/smplx_gt/Ziel/00256.obj,outputs/method_hamer/Ziel/smplifyx/meshes/low_128.obj,True,True
Ziel,~0,2,data/smplx_gt/Ziel/00260.obj,outputs/method_hamer/Ziel/smplifyx/meshes/low_130.obj,True,True
Ziel,~0,3,data/smplx_gt/Ziel/00264.obj,outputs/method_hamer/Ziel/smplifyx/meshes/low_132.obj,True,True
Ziel,~0,4,data/smplx_gt/Ziel/00268.obj,outputs/method_hamer/Ziel/smplifyx/meshes/low_134.obj,True,True
Ziel,~0,5,data/smplx_gt/Ziel/00272.obj,outputs/method_hamer/Ziel/smplifyx/meshes/low_136.obj,True,True
Ziel,~0,6,data/smplx_gt/Ziel/00276.obj,outputs/method_hamer/Ziel/smplifyx/meshes/low_138.obj,True,True
Ziel,~0,7,data/smplx_gt/Ziel/00280.obj,outputs/method_hamer/Ziel/smplifyx/meshes/low_140.obj,True,True
Ziel,~0,8,data/smplx_gt/Ziel/00284.obj,outputs/method_hamer/Ziel/smplifyx/meshes/low_142.obj,True,True
Ziel,~0,9,data/smplx_gt/Ziel/00288.obj,outputs/method_hamer/Ziel/smplifyx/meshes/low_144.obj,True,True
Ziel,~0,10,data/smplx_gt/Ziel/00292.obj,outputs/method_hamer/Ziel/smplifyx/meshes/low_146.obj,True,True
Ziel,~0,11,data/smplx_gt/Ziel/00296.obj,outputs/method_hamer/Ziel/smplifyx/meshes/low_148.obj,True,True
Ziel,~0,12,data/smplx_gt/Ziel/00300.obj,outputs/method_hamer/Ziel/smplifyx/meshes/low_150.obj,True,True
Ziel,~0,13,data/smplx_gt/Ziel/00304.obj,outputs/method_hamer/Ziel/smplifyx/meshes/low_152.obj,True,True
Ziel,~0,14,data/smplx_gt/Ziel/00308.obj,outputs/method_hamer/Ziel/smplifyx/meshes/low_154.obj,True,True
Ziel,~0,15,data/smplx_gt/Ziel/00312.obj,outputs/method_hamer/Ziel/smplifyx/meshes/low_156.obj,True,True
Ziel,~0,16,data/smplx_gt/Ziel/00316.obj,outputs/method_hamer/Ziel/smplifyx/meshes/low_158.obj,True,True
Ziel,~0,17,data/smplx_gt/Ziel/00320.obj,outputs/method_hamer/Ziel/smplifyx/meshes/low_160.obj,True,True
Ziel,~0,18,data/smplx_gt/Ziel/00324.obj,outputs/method_hamer/Ziel/smplifyx/meshes/low_162.obj,True,True
Ziel,~0,19,data/smplx_gt/Ziel/00328.obj,outputs/method_hamer/Ziel/smplifyx/meshes/low_164.obj,True,True
Ziel,~0,20,data/smplx_gt/Ziel/00332.obj,outputs/method_hamer/Ziel/smplifyx/meshes/low_166.obj,True,True
Ziel,~0,21,data/smplx_gt/Ziel/00336.obj,outputs/method_hamer/Ziel/smplifyx/meshes/low_168.obj,True,True
Ziel,~0,22,data/smplx_gt/Ziel/00340.obj,outputs/method_hamer/Ziel/smplifyx/meshes/low_170.obj,True,True
Ziel,~0,23,data/smplx_gt/Ziel/00344.obj,outputs/method_hamer/Ziel/smplifyx/meshes/low_172.obj,True,True
Ziel,~0,24,data/smplx_gt/Ziel/00348.obj,outputs/method_hamer/Ziel/smplifyx/meshes/low_174.obj,True,True
Ziel,~0,25,data/smplx_gt/Ziel/00352.obj,outputs/method_hamer/Ziel/smplifyx/meshes/low_176.obj,True,True
Ziel,~0,26,data/smplx_gt/Ziel/00356.obj,outputs/method_hamer/Ziel/smplifyx/meshes/low_178.obj,True,True
Ziel,~0,27,data/smplx_gt/Ziel/00360.obj,outputs/method_hamer/Ziel/smplifyx/meshes/low_180.obj,True,True
Ziel,~0,28,data/smplx_gt/Ziel/00364.obj,outputs/method_hamer/Ziel/smplifyx/meshes/low_182.obj,True,True
Ziel,~0,29,data/smplx_gt/Ziel/00368.obj,outputs/method_hamer/Ziel/smplifyx/meshes/low_184.obj,True,True
reparieren,~0,0,data/smplx_gt/reparieren/00238.obj,outputs/method_hamer/reparieren/smplifyx/meshes/low_119.obj,True,True
reparieren,~0,1,data/smplx_gt/reparieren/00242.obj,outputs/method_hamer/reparieren/smplifyx/meshes/low_121.obj,True,True
reparieren,~0,2,data/smplx_gt/reparieren/00246.obj,outputs/method_hamer/reparieren/smplifyx/meshes/low_123.obj,True,True
reparieren,~0,3,data/smplx_gt/reparieren/00250.obj,outputs/method_hamer/reparieren/smplifyx/meshes/low_125.obj,True,True
reparieren,~0,4,data/smplx_gt/reparieren/00254.obj,outputs/method_hamer/reparieren/smplifyx/meshes/low_127.obj,True,True
reparieren,~0,5,data/smplx_gt/reparieren/00258.obj,outputs/method_hamer/reparieren/smplifyx/meshes/low_129.obj,True,True
reparieren,~0,6,data/smplx_gt/reparieren/00262.obj,outputs/method_hamer/reparieren/smplifyx/meshes/low_131.obj,True,True
reparieren,~0,7,data/smplx_gt/reparieren/00266.obj,outputs/method_hamer/reparieren/smplifyx/meshes/low_133.obj,True,True
reparieren,~0,8,data/smplx_gt/reparieren/00270.obj,outputs/method_hamer/reparieren/smplifyx/meshes/low_135.obj,True,True
reparieren,~0,9,data/smplx_gt/reparieren/00274.obj,outputs/method_hamer/reparieren/smplifyx/meshes/low_137.obj,True,True
reparieren,~0,10,data/smplx_gt/reparieren/00278.obj,outputs/method_hamer/reparieren/smplifyx/meshes/low_139.obj,True,True
reparieren,~0,11,data/smplx_gt/reparieren/00282.obj,outputs/method_hamer/reparieren/smplifyx/meshes/low_141.obj,True,True
reparieren,~0,12,data/smplx_gt/reparieren/00286.obj,outputs/method_hamer/reparieren/smplifyx/meshes/low_143.obj,True,True
reparieren,~0,13,data/smplx_gt/reparieren/00290.obj,outputs/method_hamer/reparieren/smplifyx/meshes/low_145.obj,True,True
reparieren,~0,14,data/smplx_gt/reparieren/00294.obj,outputs/method_hamer/reparieren/smplifyx/meshes/low_147.obj,True,True
reparieren,~0,15,data/smplx_gt/reparieren/00298.obj,outputs/method_hamer/reparieren/smplifyx/meshes/low_149.obj,True,True
reparieren,~0,16,data/smplx_gt/reparieren/00302.obj,outputs/method_hamer/reparieren/smplifyx/meshes/low_151.obj,True,True
reparieren,~0,17,data/smplx_gt/reparieren/00306.obj,outputs/method_hamer/reparieren/smplifyx/meshes/low_153.obj,True,True
reparieren,~0,18,data/smplx_gt/reparieren/00310.obj,outputs/method_hamer/reparieren/smplifyx/meshes/low_155.obj,True,True
reparieren,~0,19,data/smplx_gt/reparieren/00314.obj,outputs/method_hamer/reparieren/smplifyx/meshes/low_157.obj,True,True
reparieren,~0,20,data/smplx_gt/reparieren/00318.obj,outputs/method_hamer/reparieren/smplifyx/meshes/low_159.obj,True,True
reparieren,~0,21,data/smplx_gt/reparieren/00322.obj,outputs/method_hamer/reparieren/smplifyx/meshes/low_161.obj,True,True
