clip_id,frame_id,method,one_handed_class_0,tr_all_mm,tr_left_hand_mm,tr_right_hand_mm,tr_upper_body_minus_face_mm,tr_upper_body_minus_head_mm,tr_upper_body_mm,v2v_left_wrist_mm,v2v_right_wrist_mm
Ablehnen,177,M1_alpha3,False,44.79301088948729,10.01285853918593,8.012708066238854,32.88318351483685,54.79631683119252,27.682960795530196,10.012858539185927,8.012708066238854
Ablehnen,179,M1_alpha3,False,38.97026762513594,9.72379768939714,8.067895670551406,32.12454522607219,49.072490466583425,27.548902796829925,9.72379768939714,8.067895670551406
Ablehnen,181,M1_alpha3,False,46.52822899071703,10.987149003178946,8.43849519326401,38.88854152638001,65.9245576365273,32.46692723795105,10.987149003178946,8.43849519326401
Ablehnen,183,M1_alpha3,False,40.879380790763385,10.941433039337213,8.089312388026203,32.51408053395301,49.50240318489055,27.67984630999449,10.941433039337213,8.089312388026203
Ablehnen,185,M1_alpha3,False,46.37839952443417,10.177987508933333,8.401791640015704,38.67040200309344,64.50626290336575,32.3968552687874,10.177987508933333,8.401791640015704
Ablehnen,187,M1_alpha3,False,41.932486857762726,8.88303352708347,8.833250960795082,37.609044615693485,58.537860367512636,31.911874266516982,8.88303352708347,8.833250960795082
Ablehnen,189,M1_alpha3,False,44.72104300342632,9.544058595836217,8.642966944808533,37.29035339683848,62.077571592099154,31.322551734680104,9.544058595836217,8.642966944808533
Ablehnen,191,M1_alpha3,False,45.90947970822014,11.019300258830327,11.619970347613704,41.17544527553053,67.6477042105718,34.80521854999538,11.019300258830327,11.619970347613704
Ablehnen,193,M1_alpha3,False,49.18122625027865,11.33404970641122,11.940407112448119,41.780786508278936,67.82572378267265,35.56718586429685,11.33404970641122,11.940407112448119
Ablehnen,195,M1_alpha3,False,42.94840776885423,10.36658008190847,12.36899171701929,35.73752794631103,56.46713545167126,30.397596770181817,10.366580081908474,12.36899171701929
Ablehnen,197,M1_alpha3,False,49.6191312743447,10.767828217339217,13.437802374760231,40.44196252723437,66.40330724889031,34.30331757188623,10.767828217339217,13.437802374760231
Ablehnen,199,M1_alpha3,False,44.34405343212999,10.393992479869222,12.519798161470318,39.50838212598918,63.83746916563196,33.36485442014448,10.393992479869222,12.519798161470318
Ablehnen,201,M1_alpha3,False,42.907469858854526,9.586209957959076,12.3008603851344,36.45640924435175,56.213976518420154,31.097562468393647,9.586209957959076,12.300860385134397
Ablehnen,203,M1_alpha3,False,40.55361760370278,9.355843601114374,12.58810891032324,36.11713128046214,52.000216423523405,31.245089731904457,9.355843601114373,12.58810891032324
Ablehnen,205,M1_alpha3,False,39.66435726161277,10.860642638267484,16.569279218813477,37.32009704630328,48.86255007566636,32.86202017332798,10.860642638267484,16.569279218813474
Ablehnen,207,M1_alpha3,False,47.435907328786776,12.558589104538486,24.352811780520824,47.447199312236926,59.18979160003412,42.217271076534125,12.558589104538486,24.352811780520824
Akzeptieren,186,M1_alpha3,False,38.03527281773287,11.342427530051467,6.725247070294507,20.94377545926735,30.120127296751168,18.059473310614933,11.342427530051467,6.7252470702945075
Akzeptieren,188,M1_alpha3,False,36.88659754187339,11.056745086429974,7.444179064561974,24.114524945062684,33.972677448479544,21.221131493925153,11.056745086429974,7.444179064561973
Akzeptieren,190,M1_alpha3,False,41.328152863541895,14.11509774734354,7.175554566866054,25.548622931484566,37.11813734155639,22.151005421665392,14.11509774734354,7.175554566866053
Akzeptieren,192,M1_alpha3,False,40.50255872003611,7.987292246867223,6.325784064019124,30.563615023722175,42.552961601618286,26.83282739854661,7.987292246867221,6.325784064019124
Akzeptieren,194,M1_alpha3,False,38.62737462230193,8.776322811545885,8.507413367937424,30.114930145114442,40.77464808354693,26.538616170222998,8.776322811545885,8.507413367937426
Akzeptieren,196,M1_alpha3,False,38.21696764596692,10.542821184109897,10.099941653677076,32.605943437152,46.60336130205071,28.25857972709535,10.542821184109897,10.099941653677076
Akzeptieren,198,M1_alpha3,False,50.309455755791404,12.668335504329589,12.361036101657,48.97172070124858,53.15350055943558,44.39325305475114,12.668335504329587,12.361036101657
Akzeptieren,200,M1_alpha3,False,57.37357613388846,13.297922946964178,13.176261661540392,58.351753218392766,60.46765303474109,52.99607653229301,13.297922946964176,13.176261661540394
Arzt,208,M1_alpha3,False,51.888732649837884,14.475347233878777,6.889724762874384,26.222850249780212,36.300564536808636,23.11604809905508,14.475347233878777,6.889724762874384
Arzt,210,M1_alpha3,False,47.65996250386704,22.033314541154763,7.950612920840362,22.70872782364811,35.06719898504515,19.83442036038105,22.03331454115476,7.950612920840362
Arzt,212,M1_alpha3,False,53.05536602267627,15.164825262865577,7.922321826791964,30.41395960750828,39.61081374158841,27.04079122332892,15.164825262865577,7.922321826791964
Arzt,214,M1_alpha3,False,43.55661811971456,20.858648472834567,7.604148564341035,22.150298957419846,34.5572849661489,19.169929994042526,20.858648472834567,7.604148564341035
Arzt,216,M1_alpha3,False,48.029966137746456,14.646537372982054,6.767449755939737,29.11971191079246,41.97054091356668,25.51707081563645,14.646537372982054,6.767449755939736
Arzt,218,M1_alpha3,False,42.76451194131686,18.483999096301257,7.021939553710127,22.80711333338836,33.40390478006664,20.21068733942089,18.483999096301257,7.021939553710127
Arzt,220,M1_alpha3,False,45.99074234924346,20.104363152491896,6.977577536503078,23.03905049309982,34.291187877698654,20.49000524043386,20.104363152491896,6.977577536503077
Arzt,222,M1_alpha3,False,45.03551875656871,20.38956749147821,7.349366913116269,22.888604582698196,34.644000276532495,20.232232747601206,20.38956749147821,7.349366913116269
Arzt,224,M1_alpha3,False,50.95274035969038,13.23862188122902,6.724421454385404,30.007244519675947,42.26266110793833,26.47648844859303,13.23862188122902,6.7244214543854035
Arzt,226,M1_alpha3,False,43.617898989185576,13.197592325977752,7.645760433958625,23.92985752229904,33.42506875581803,21.168796517918036,13.197592325977752,7.645760433958625
Arzt,228,M1_alpha3,False,42.42980469332642,19.22329835382253,6.739280968728825,22.889916526068216,35.14747589768453,19.919462688098328,19.22329835382253,6.739280968728824
Arzt,230,M1_alpha3,False,40.937937834256026,12.068826074543871,5.978437909223708,22.495547765485988,34.41206577324446,19.864931032819914,12.068826074543871,5.978437909223708
Arzt,232,M1_alpha3,False,38.24944644569196,17.424357110162397,6.920851506861336,25.612545699475035,36.409139240309145,22.64916514594811,17.424357110162397,6.920851506861336
Arzt,234,M1_alpha3,False,41.043152545334294,12.527280276760992,8.603402464562432,27.132656800774008,40.841860572223844,24.207723823300455,12.527280276760992,8.603402464562432
Arzt,236,M1_alpha3,False,43.13871551184936,21.51490347831872,10.637819619132213,31.48912104015663,42.35612651280498,28.138215053962096,21.51490347831872,10.637819619132213
Arzt,238,M1_alpha3,False,38.01566517644379,15.045038270204685,12.134471772131265,33.26745287169095,44.14498673449856,29.504457102732946,15.045038270204685,12.134471772131265
Arzt,240,M1_alpha3,False,42.752281272613494,22.704620015440472,12.63683960018678,41.346758303598406,60.5082383206082,35.8678771106849,22.704620015440472,12.63683960018678
Arzt,242,M1_alpha3,False,45.97260130951787,34.7966243127546,13.429347650346918,47.71426214571042,62.71284891860089,42.053126731370284,34.7966243127546,13.429347650346918
Arzt,244,M1_alpha3,False,45.87553157574443,22.66830649862402,13.673315810186534,47.16593466977679,57.722440670842424,42.3267887357965,22.66830649862402,13.673315810186534
Arzt,246,M1_alpha3,False,51.238859811483515,19.174751116531848,25.073616154792717,49.168395506798824,40.464645054833966,46.34264356122738,19.174751116531848,25.073616154792717
Arzt,248,M1_alpha3,False,48.73128939093536,16.698945299083864,10.811950712937723,46.91323059859964,42.533020227235056,44.13037390961435,16.698945299083864,10.811950712937723
AufgebenResignieren,190,M1_alpha3,False,41.87621453330664,14.722209545326374,10.808343519012451,26.432476108462446,37.15339585699155,22.92684211515024,14.722209545326374,10.808343519012457
AufgebenResignieren,192,M1_alpha3,False,44.00617447398571,13.166132317828886,9.245081056355618,30.272166104252186,42.11245869358163,26.36026570816266,13.166132317828886,9.245081056355621
AufgebenResignieren,194,M1_alpha3,False,42.79113956601549,13.529288395742947,8.346486513442258,29.504517767727446,41.819005931321506,25.667418709282526,13.529288395742947,8.346486513442258
AufgebenResignieren,196,M1_alpha3,False,42.10007279230246,12.910184028998527,8.191826522938106,27.259992961029738,40.131186518873726,23.505050331057497,12.910184028998524,8.191826522938106
AufgebenResignieren,198,M1_alpha3,False,42.872799646691156,13.549508247629,7.29249114467456,26.84471349557438,39.15142748327814,23.096014189997227,13.549508247629,7.29249114467456
AufgebenResignieren,200,M1_alpha3,False,41.26288431248046,12.320815765232249,7.053664812682475,30.934429682991293,40.8043913778515,27.051052904002965,12.320815765232249,7.053664812682475
AufgebenResignieren,202,M1_alpha3,False,39.34058336896765,12.715820148476745,7.425745540250319,32.1758465218845,38.95079755461457,28.634425670810476,12.715820148476745,7.425745540250319
AufgebenResignieren,204,M1_alpha3,False,40.62460232108025,8.583019275664586,6.325312254810911,29.559233713914196,44.46207143630759,25.459524733928415,8.583019275664586,6.325312254810912
AufgebenResignieren,206,M1_alpha3,False,41.71021833653156,10.52983445313938,6.800703156570499,28.07160507049316,45.99843006404976,23.702533743565155,10.52983445313938,6.8007031565705
AufgebenResignieren,208,M1_alpha3,False,39.81699992256336,12.976138912427757,7.368489783039218,30.913590531663115,47.9915644781431,26.307844102153087,12.976138912427757,7.368489783039218
AufgebenResignieren,210,M1_alpha3,False,43.96996246987052,11.702216872298768,8.933115562115455,41.80650570443956,59.53752458587781,36.28112203015481,11.702216872298768,8.933115562115457
AufgebenResignieren,212,M1_alpha3,False,53.70435485391695,14.920427940900579,13.345784834146452,54.30339987670539,56.386625098086185,49.293605101772656,14.920427940900579,13.345784834146452
AusgebenGeldVerschwenden,158,M1_alpha3,False,43.72307407333241,11.006084628814639,11.843075728453845,30.34729344990558,48.07743010537282,25.834117346183678,11.006084628814639,11.843075728453845
AusgebenGeldVerschwenden,160,M1_alpha3,False,39.53854155500957,9.14506142830444,12.344720272975094,26.066830786106294,39.90963075749646,22.290530669747234,9.14506142830444,12.344720272975094
AusgebenGeldVerschwenden,162,M1_alpha3,False,37.01149057131898,9.454046444182943,12.386297912999916,24.879680718289304,36.17876373927335,21.647545999531783,9.454046444182943,12.386297912999918
AusgebenGeldVerschwenden,164,M1_alpha3,False,41.48526809978409,10.866799593189693,13.11310034332524,29.342481632601704,46.48234008976289,24.938668682551153,10.866799593189693,13.11310034332524
AusgebenGeldVerschwenden,166,M1_alpha3,False,37.5418842389065,10.246621792771109,13.444253065617863,29.698710441242348,42.671426442464735,25.547236708997204,10.246621792771109,13.444253065617863
AusgebenGeldVerschwenden,168,M1_alpha3,False,40.711696667064274,10.974844166931549,14.138564407875405,28.309851134494494,40.96308977945033,24.80184948499116,10.974844166931549,14.138564407875405
AusgebenGeldVerschwenden,170,M1_alpha3,False,41.41199392263103,11.177668917726184,14.472004705903919,29.541076362605537,42.17443619393706,25.75697823822934,11.177668917726184,14.472004705903919
Auto,174,M1_alpha3,False,41.11042282683652,16.598917068799942,13.77797173110897,26.069867026927007,39.83572321318743,23.17331292884426,16.598917068799942,13.77797173110897
Auto,176,M1_alpha3,False,39.063772192635696,14.701615918476062,13.69856784764672,23.388589900008792,33.47369483157536,21.18391511393597,14.701615918476064,13.69856784764672
Auto,178,M1_alpha3,False,37.70977983031923,14.773305728885656,12.490484759197304,26.431097009731392,36.76310554925715,23.514792744750476,14.773305728885656,12.490484759197304
Auto,180,M1_alpha3,False,33.46920834396394,14.688144214295466,13.580296217683534,22.054667610033523,29.41644909152787,19.697637202575383,14.688144214295466,13.580296217683534
Auto,182,M1_alpha3,False,37.268049774080396,16.820893786139205,13.70346883257495,25.932575626499098,40.946046675504554,22.757642075596273,16.820893786139205,13.70346883257495
Auto,184,M1_alpha3,False,37.47241982196642,14.208387111132962,14.24679914063758,22.118784531715693,29.111672049310734,19.9954131263661,14.208387111132962,14.24679914063758
Auto,186,M1_alpha3,False,41.47300533331365,15.57162670911199,13.99222548673968,25.228523187705747,38.349195088154055,22.45686300683315,15.57162670911199,13.99222548673968
Auto,188,M1_alpha3,False,37.97208544940013,15.451493153558594,13.581639543708512,24.602483215778093,37.01812226715588,21.520782308913315,15.451493153558594,13.58163954370851
Auto,190,M1_alpha3,False,37.036505554798936,12.791731153412938,11.941636662206864,24.885663018436517,27.893791102509958,22.58740821391296,12.791731153412934,11.941636662206864
Auto,192,M1_alpha3,False,36.7555482654942,14.86639126328394,8.242146380614544,22.688362478678478,32.29275802265559,20.345348875009808,14.86639126328394,8.242146380614544
Auto,194,M1_alpha3,False,34.53918099431121,16.181381390741812,6.320304740782009,22.741864402081536,30.595174085061583,20.104258096614064,16.181381390741812,6.32030474078201
Auto,196,M1_alpha3,False,33.52508901593191,11.409384425047358,7.24091484499776,23.715526256979615,26.80887423466383,21.703179525645265,11.409384425047358,7.24091484499776
Auto,198,M1_alpha3,False,43.6681256613813,12.762372911958648,7.459573947670212,40.698037076321256,43.384226555241476,37.409550650632,12.76237291195865,7.459573947670213
Auto,200,M1_alpha3,False,51.951376722516855,11.042417254110541,9.571747170099849,49.56678137202304,52.11873829763463,45.20591822753676,11.042417254110541,9.571747170099849
Auto,202,M1_alpha3,False,53.7263957071782,7.657098214341962,12.662697747976964,51.512741833737515,52.680672091912264,46.77342638505892,7.657098214341961,12.662697747976964
BesuchenEinmischen,210,M1_alpha3,False,33.388965380473174,20.40345560778193,15.529659571882513,25.148542958386468,33.775179688143254,22.576525224349467,20.40345560778193,15.529659571882513
BesuchenEinmischen,212,M1_alpha3,False,33.00395232952824,9.406863835794738,15.545127903761035,25.138506427220882,37.705257172959534,22.490647572298002,9.40686383579474,15.545127903761035
BesuchenEinmischen,214,M1_alpha3,False,35.1123292088707,9.211673680383289,14.891790777889039,26.011529386874365,39.46048372861998,23.340619195024136,9.211673680383289,14.891790777889039
BesuchenEinmischen,216,M1_alpha3,False,33.43688087701833,17.40305658415119,14.227033199268005,22.379530833319016,31.84146601777433,20.403529398036774,17.403056584151187,14.227033199268005
BesuchenEinmischen,218,M1_alpha3,False,35.41996096807601,24.01885423430896,13.172657930289573,28.898789058649776,38.72771455613406,25.83403975478738,24.01885423430896,13.172657930289573
BesuchenEinmischen,220,M1_alpha3,False,35.774725080810825,11.045961809693928,12.04363994875751,26.47149652991783,41.25105575806833,23.526316426598367,11.045961809693928,12.04363994875751
BesuchenEinmischen,222,M1_alpha3,False,35.58685564961559,19.75830615747668,12.243722109605333,27.63216346700201,36.21496471030827,24.76761147628996,19.75830615747668,12.243722109605336
BesuchenEinmischen,224,M1_alpha3,False,33.10990014074917,7.164269376944199,12.46123267973507,21.958837315359812,33.06444036979558,19.76548734725304,7.164269376944199,12.461232679735074
BesuchenEinmischen,226,M1_alpha3,False,35.29240241736905,20.959806244664666,12.036830097139513,26.192387937713026,36.17736195340667,23.412399697995628,20.95980624466466,12.036830097139513
BesuchenEinmischen,228,M1_alpha3,False,32.876320415877686,17.008339531247394,10.412414920103785,21.81988073286589,29.987034660188943,19.633778666953795,17.008339531247394,10.412414920103787
BesuchenEinmischen,230,M1_alpha3,False,35.979951077787454,24.037574944450192,10.710728306465686,27.468835673899008,35.47416727102793,24.630085126653313,24.037574944450192,10.710728306465686
BesuchenEinmischen,232,M1_alpha3,False,34.623207882870695,12.370262484325401,9.986049974846345,22.999347514569862,34.70085886323076,20.440636802465146,12.370262484325401,9.986049974846349
BesuchenEinmischen,234,M1_alpha3,False,35.56509854760692,28.65787455289315,9.910548151492366,30.2233001217652,40.11682612368806,27.024185140241002,28.657874552893148,9.910548151492366
BesuchenEinmischen,236,M1_alpha3,False,35.414520958650456,11.600478301167051,8.992372329543633,25.39729153745754,35.645510578376495,22.782637873878528,11.600478301167051,8.992372329543633
BesuchenEinmischen,238,M1_alpha3,False,46.314611329031685,35.327304004295584,11.365129893402774,46.32761029391723,53.65915069451188,41.69465796500716,35.327304004295584,11.365129893402774
BesuchenEinmischen,240,M1_alpha3,False,40.83221767944024,25.90456602974641,11.79292960196563,38.22255809648584,45.387444118319266,34.506513976158,25.90456602974641,11.792929601965634
BesuchenEinmischen,242,M1_alpha3,False,45.407508059732464,33.424344517900316,12.542188083499976,44.98103142696919,45.0216624423473,41.75471159946475,33.424344517900316,12.542188083499978
Blitz,179,M1_alpha3,True,42.027623086183006,,15.512660273548255,37.05199336589384,53.393601051425435,31.771749505695155,,15.512660273548255
Blitz,181,M1_alpha3,True,42.93440892255015,,15.581535859402416,40.94004820147543,57.40523521157759,35.28539844862676,,15.581535859402416
Blitz,183,M1_alpha3,True,44.8218853996285,,15.819797992365125,40.59053027567154,57.72608831566792,35.23669039665556,,15.819797992365121
Blitz,185,M1_alpha3,True,43.88708201194986,,16.1527245344846,42.94478584828453,59.30238401834257,37.183644842898545,,16.1527245344846
Blume,163,M1_alpha3,False,42.789358791268384,18.480944222310963,11.895787503533775,29.72648933224015,35.06717225219734,27.580002278587315,18.480944222310963,11.895787503533775
Blume,165,M1_alpha3,False,40.048856760813436,14.457208791136141,10.904103079075657,29.403984100129033,39.32674997347484,26.49758358785094,14.457208791136141,10.904103079075657
Blume,167,M1_alpha3,False,43.20907243563795,15.897049893153419,10.853127255079894,32.84870310413679,47.448730114469384,29.394877402457187,15.897049893153419,10.853127255079894
Blume,169,M1_alpha3,False,40.15970904895869,22.608080410461994,11.706982023594403,31.03073729174207,37.0022079380666,28.243804301524627,22.608080410461994,11.706982023594403
Blume,171,M1_alpha3,False,44.17348291974503,19.55526742611275,10.771349445678627,28.56139594336418,36.25453682049737,26.133628797106265,19.555267426112746,10.771349445678627
Blume,173,M1_alpha3,False,42.03030682092383,15.377000821724032,10.013463336661612,30.59911587574354,35.45779739743211,28.062601430706657,15.377000821724028,10.01346333666161
Blume,175,M1_alpha3,False,43.94155821376464,14.471258751023583,10.714826567785252,31.87708237258779,47.36578583823034,28.605019113021648,14.471258751023583,10.714826567785252
Blume,177,M1_alpha3,False,44.98869459327178,25.82536275260088,11.350010204091893,32.3106192667853,40.659664439579544,29.184959314019814,25.82536275260088,11.350010204091891
Blume,179,M1_alpha3,False,45.545699589468,15.082036625459098,12.524919776251263,31.617857925076454,48.16149600658672,28.400609004687247,15.082036625459098,12.524919776251263
Blume,181,M1_alpha3,False,45.07589701970464,27.530386159597168,13.599068912096628,31.243975296776526,44.377036929003296,28.20672709692856,27.53038615959716,13.599068912096628
Blume,183,M1_alpha3,False,42.402439938240406,17.072350977314574,12.7530806282879,30.700269526042398,46.74795200397597,27.465417496728417,17.072350977314574,12.7530806282879
Blume,185,M1_alpha3,False,42.64798209666766,17.929736164754797,11.515521090702652,26.66096033329553,36.3914147211002,24.536536510099978,17.929736164754793,11.515521090702649
Blume,187,M1_alpha3,False,40.26163874222582,17.10159143399824,11.9049368317266,26.215938290974048,38.537550215605144,23.42550596264222,17.10159143399824,11.9049368317266
Blume,189,M1_alpha3,False,42.988007387485034,17.416424779797506,11.744079812743454,26.43691702283594,37.572622665076175,23.89048240024826,17.416424779797506,11.744079812743454
Blume,191,M1_alpha3,False,41.0810071448622,18.834084483925924,11.937283663866678,26.567492656577084,38.791817933060514,23.441776475606044,18.834084483925924,11.937283663866678
Blume,193,M1_alpha3,False,42.8703108038677,17.12943514341103,12.887724698794692,34.05214266868034,53.097287514811825,29.860822086876436,17.12943514341103,12.887724698794692
Blume,195,M1_alpha3,False,40.25953922860805,19.565259323132057,13.774559102311699,33.689260183489694,47.462699528973765,29.652309320825022,19.565259323132057,13.774559102311699
Blume,197,M1_alpha3,False,48.019823739065835,15.859586240124843,12.472542789621288,43.56076029023594,68.34297491154821,37.56966613078548,15.859586240124843,12.47254278962129
Boese,165,M1_alpha3,True,46.48328257830869,,17.537497478685832,36.540740748957276,51.86043202007125,32.04709083071449,,17.537497478685832
Boese,167,M1_alpha3,True,43.38222406440185,,17.559795380678413,35.357356985662015,52.714324367635214,30.675417709499666,,17.559795380678413
Boese,169,M1_alpha3,True,46.276565153539984,,17.972719993583304,37.038728199153695,54.964534153544776,32.35665501491064,,17.972719993583304
Boese,171,M1_alpha3,True,48.25171627868752,,17.63803516963826,38.209369684196844,54.80799972207105,33.428177633312444,,17.63803516963826
Boese,173,M1_alpha3,True,46.504176622582115,,15.852841445266352,35.16513081552208,53.514214625450975,30.47362517480139,,15.852841445266352
Boese,175,M1_alpha3,True,40.791713856267556,,14.058295812777704,31.853156740796585,48.587329599282356,27.488251780239253,,14.058295812777706
Boese,177,M1_alpha3,True,40.30411337041171,,17.5955199184457,31.655207206027388,47.97818804913356,27.196266399800862,,17.5955199184457
Boese,179,M1_alpha3,True,44.519123604487845,,22.233132526508474,32.10124513475169,47.697341407397076,28.214778882002715,,22.233132526508477
Boese,181,M1_alpha3,True,38.57843030705053,,24.988748633937576,28.610505443899605,44.6535410355885,24.80806934946812,,24.988748633937576
Boese,183,M1_alpha3,True,34.90298731310173,,28.366635230636046,27.963940539699085,42.29602841781732,24.355601773501014,,28.366635230636046
Boese,185,M1_alpha3,True,46.176185699975996,,27.609558772459742,41.953737193705976,63.28559537906781,36.2893092177309,,27.609558772459742
BroetchenAufschneiden,247,M1_alpha3,False,50.22872025484463,17.379868698518873,17.419731131515174,34.4045226918239,54.37201099166713,29.41412971185778,17.379868698518877,17.419731131515174
BroetchenAufschneiden,249,M1_alpha3,False,51.68278082935676,13.34818184587595,17.492661518096718,33.24072995794582,42.807470579480416,29.576253177724958,13.34818184587595,17.492661518096718
BroetchenAufschneiden,251,M1_alpha3,False,57.54360104294677,23.817055343014427,17.828232571209703,40.44981326631354,60.365675071901116,34.910672001006915,23.817055343014427,17.828232571209703
BroetchenAufschneiden,253,M1_alpha3,False,49.01141740837291,12.980109156311583,16.56748035372202,30.138104948223152,36.351278468942944,27.2100439193257,12.980109156311586,16.567480353722015
BroetchenAufschneiden,255,M1_alpha3,False,50.48380348798532,12.717667889562778,16.107069024744902,31.28381005571577,38.37139114818949,28.252780096323185,12.717667889562776,16.107069024744902
BroetchenAufschneiden,257,M1_alpha3,False,47.67266995803336,22.011855991151425,14.939574999921156,30.43203558341009,46.47526726622611,26.335084487745384,22.011855991151425,14.939574999921156
BroetchenAufschneiden,259,M1_alpha3,False,46.200649939753,15.56120991856622,15.15892728244728,28.73645558897136,40.93813881013962,25.244432016910316,15.561209918566217,15.158927282447278
BroetchenAufschneiden,261,M1_alpha3,False,55.484912789457724,15.73540255220986,15.160167693472106,35.34023148473355,49.24030677629252,31.08296596859299,15.73540255220986,15.160167693472102
BroetchenAufschneiden,263,M1_alpha3,False,49.30958982311267,10.28892898502251,13.052416187827074,30.19585462184051,37.234209203308374,27.37007445830973,10.28892898502251,13.052416187827074
BroetchenAufschneiden,265,M1_alpha3,False,43.92152798274056,11.216931938015522,12.4760932826144,25.82638915099781,37.310779354173945,22.942738306644046,11.216931938015522,12.4760932826144
BroetchenAufschneiden,267,M1_alpha3,False,38.08802463706449,13.47503008921627,12.66147048726585,24.794246079542425,38.773224149076235,21.83407323074196,13.47503008921627,12.66147048726585
BroetchenAufschneiden,269,M1_alpha3,False,47.201547933766385,13.204167762932624,11.554053741790302,28.385346711569202,35.3255421805929,25.321056492996345,13.204167762932624,11.554053741790302
BroetchenAufschneiden,271,M1_alpha3,False,34.6267494658822,7.767843345836467,9.820469958247259,22.79667459654358,30.703794019765272,20.42121447286557,7.76784334583647,9.820469958247259
BroetchenAufschneiden,273,M1_alpha3,False,31.335544436549913,14.611978320034556,9.296574674805388,22.05165226073376,31.425004305383545,19.653885429662054,14.611978320034556,9.296574674805386
BroetchenAufschneiden,275,M1_alpha3,False,33.011196625764235,7.026283709500145,9.761156484731002,20.74991805912548,30.59597583540345,18.611387740643586,7.026283709500145,9.761156484731002
BroetchenAufschneiden,277,M1_alpha3,False,32.99193580535024,13.319659306639382,9.451180119459623,25.423528958688145,29.838595290586998,23.251255775819104,13.319659306639382,9.451180119459623
BroetchenAufschneiden,279,M1_alpha3,False,37.692987263965726,12.854887811535358,13.554296179242112,32.10202758687228,38.332579629774834,29.10007844007359,12.854887811535358,13.55429617924211
BroetchenAufschneiden,281,M1_alpha3,False,39.51594854190894,16.147848587238638,11.771619021710451,36.793795656430696,45.229875761523566,33.0154070457911,16.147848587238638,11.771619021710451
BroetchenAufschneiden,283,M1_alpha3,False,43.08230440545294,9.711552015109234,19.159666567484347,42.01327869871946,60.45372083769798,36.52192039633024,9.711552015109234,19.159666567484347
BroetchenAufschneiden,285,M1_alpha3,False,43.46273452056314,6.408268024250127,24.266976895491982,43.21565156660552,59.24874579458897,38.15757006613101,6.408268024250127,24.266976895491982
BroetchenAufschneiden,287,M1_alpha3,False,42.29867157308694,20.30267460782961,14.753602324352963,40.3921298142607,50.197130259332965,36.50350852331116,20.302674607829605,14.753602324352961
BroetchenAufschneiden,289,M1_alpha3,False,46.33274216760252,9.490000248496772,35.239354972882595,44.757619578515126,57.892701118369295,39.82115227729085,9.490000248496772,35.2393549728826
Dort,197,M1_alpha3,True,36.36068418388195,,13.208605400739193,24.217540411758563,40.55598172190588,20.654976883418055,,13.208605400739193
Dort,199,M1_alpha3,True,38.413087714376275,,13.50818933620096,26.07153436043222,43.64408206520614,22.332124045493373,,13.50818933620096
Dort,201,M1_alpha3,True,39.29462137154112,,12.584022946169018,26.50914805715648,44.56925602579954,22.948481036818087,,12.584022946169014
Dort,203,M1_alpha3,True,41.35801937741014,,12.988806384328065,28.85930112094353,47.94817891756806,25.213182853305284,,12.988806384328068
Dort,205,M1_alpha3,True,42.84832535861263,,11.834941618617346,29.362015455971537,48.80172069624223,25.648583819841637,,11.834941618617345
Dort,207,M1_alpha3,True,41.75355395259384,,10.820691559354866,29.279177567711567,48.45040588535408,25.44876089900232,,10.820691559354866
Dort,209,M1_alpha3,True,43.80085620236497,,9.33289293925298,30.134811216378637,50.87877390271986,26.120741465716932,,9.33289293925298
Dort,211,M1_alpha3,True,41.64428481834719,,7.934382590244016,30.62616658682825,48.940657437507525,26.47048638172882,,7.934382590244016
Dort,213,M1_alpha3,True,42.10784489777506,,7.109906591698117,34.16129822470261,53.70290921407767,29.279568754825316,,7.109906591698117
Dort,215,M1_alpha3,True,39.08105583867612,,7.736744265052711,34.721103467598155,54.36123327600987,29.619656584213445,,7.736744265052711
Dort,217,M1_alpha3,True,45.70349796597352,,11.335608595589441,45.4717337654944,64.41694463270863,39.25442804941944,,11.335608595589443
Duenn,202,M1_alpha3,True,40.19059149518638,,16.217355060330412,25.72760637647006,37.27413439127962,22.612977678549473,,16.217355060330412
Duenn,204,M1_alpha3,True,42.73894372681471,,16.223567004209126,26.93564502678206,40.75819649575433,23.932172882061227,,16.223567004209126
Duenn,206,M1_alpha3,True,41.322040901182795,,15.904212928349194,26.729716737599663,38.66338057550299,23.919447886695767,,15.904212928349194
Duenn,208,M1_alpha3,True,39.20910299400113,,15.928026675241933,26.628655331443802,37.78407766673745,23.74961752950925,,15.928026675241933
Duenn,210,M1_alpha3,True,38.89058170710213,,15.53981607616998,27.577934371792068,38.58511809440389,24.225324085732254,,15.53981607616998
Duenn,212,M1_alpha3,True,42.66885435845891,,14.703566589385593,26.561324051449297,39.22086138798646,23.728678146368416,,14.703566589385593
Duenn,214,M1_alpha3,True,39.95311507279031,,13.771624271079084,27.629961530778502,39.63547931631308,24.355719060964457,,13.771624271079084
Duenn,216,M1_alpha3,True,44.636664585767655,,12.232008460353082,29.242845811440354,44.67854757869584,25.87743061400046,,12.232008460353082
Duenn,218,M1_alpha3,True,43.10677194436624,,12.153308580375269,30.63204590478072,45.65786053213231,26.976974064810147,,12.153308580375269
Duenn,220,M1_alpha3,True,46.909238775082564,,10.4418735276901,32.55366318541614,49.72132624736935,28.525219140745005,,10.4418735276901
Duenn,222,M1_alpha3,True,39.53245690756542,,9.148712256932763,31.797545804359977,42.63218120321041,27.870506626844467,,9.148712256932765
Duenn,224,M1_alpha3,True,44.89365746303884,,10.479722439125048,34.69791549031898,51.652451703013234,30.26700218408297,,10.479722439125048
Duenn,226,M1_alpha3,True,40.53648185951953,,10.391637464404253,29.124016281212793,45.30702735697538,24.935714517545218,,10.391637464404253
Duenn,228,M1_alpha3,True,43.22295669540444,,11.400086075891902,36.035412024631405,57.895872434186266,30.62205594657699,,11.400086075891902
Duenn,230,M1_alpha3,True,40.769002409034236,,12.118522047815954,33.621668404757465,52.82830988535596,28.832473799354172,,12.118522047815953
Einkaufen,184,M1_alpha3,False,36.851251906535474,12.657164453382968,14.939516730814207,23.040811116147363,31.334924795426613,20.34571307184734,12.65716445338297,14.939516730814207
Einkaufen,186,M1_alpha3,False,34.169366225301836,11.855697024049132,18.873095844182988,22.696366453694502,30.524822940301434,19.861488034054208,11.855697024049132,18.873095844182988
Einkaufen,188,M1_alpha3,False,41.00734558283014,11.677484246087028,22.40759102616831,26.761864452102085,37.56059873915819,23.709523862168073,11.677484246087028,22.40759102616831
Einkaufen,190,M1_alpha3,False,37.968138258033996,11.920622602824444,21.81631473339117,31.997078821093602,43.895380857150336,27.869877774027717,11.920622602824444,21.81631473339117
Einkaufen,192,M1_alpha3,False,41.239459439050904,18.434675508048333,40.93269203991102,37.48155533226831,34.54058115345583,34.67255838872992,18.434675508048333,40.93269203991102
Einkaufen,194,M1_alpha3,False,42.62840535478333,20.129642906407256,38.49578808122636,39.539292268242946,37.31152585078269,36.53113633362177,20.129642906407256,38.49578808122636
Einnehmen,223,M1_alpha3,False,33.87323773147337,15.903426456346594,15.707533040751555,22.365148813738564,31.831968985261604,19.94883536826321,15.903426456346594,15.707533040751555
Einnehmen,225,M1_alpha3,False,36.31689925455301,11.27610332680964,15.718407901669561,26.722975039461158,39.855679499139335,23.533066914015464,11.27610332680964,15.718407901669561
Einnehmen,227,M1_alpha3,False,34.14779686494983,23.04203906082222,14.6639764965571,22.540248853243636,34.2186784618483,19.970717632288558,23.042039060822226,14.6639764965571
Einnehmen,229,M1_alpha3,False,31.66635792256837,14.735352621231755,13.562705521603025,23.09876899916568,33.77513794388446,20.59660183072153,14.735352621231753,13.562705521603025
Einnehmen,231,M1_alpha3,False,36.67481219986953,10.998833637218949,12.341370329695716,28.633397948501173,42.49166860061052,25.351947466393813,10.998833637218949,12.341370329695716
Einnehmen,233,M1_alpha3,False,35.826276590793626,13.856424822354944,13.02116807298129,26.807454069706314,39.91392121981635,23.9439886021679,13.856424822354944,13.02116807298129
Einnehmen,235,M1_alpha3,False,37.044617439246785,25.413054215792346,12.995543836726284,27.380831003060806,40.99837603267524,24.348175934969287,25.41305421579235,12.995543836726283
Einnehmen,237,M1_alpha3,False,35.9816288560931,11.088062206170044,11.534461925005893,32.79033838320139,49.51522907557645,28.620285291530887,11.088062206170045,11.534461925005893
Einnehmen,239,M1_alpha3,False,48.94631515592664,31.559638404466774,18.609340821872337,50.25548878989352,50.600149321673236,45.99940927090744,31.559638404466774,18.60934082187234
EinstellenJob,208,M1_alpha3,False,37.73595661672257,12.120843132569778,9.148346707260743,28.051819967206175,36.57310281394313,24.728653529527815,12.120843132569778,9.148346707260743
EinstellenJob,210,M1_alpha3,False,39.167670200673655,11.325251925288534,8.50948233103349,28.30578176434454,42.4380835714883,24.591426793111367,11.325251925288535,8.50948233103349
EinstellenJob,212,M1_alpha3,False,39.68432764802189,11.048258335528939,7.780522161364368,29.98248692669881,44.87056554035634,26.12533078667353,11.048258335528939,7.780522161364368
EinstellenJob,214,M1_alpha3,False,43.507903575476206,14.189688207406071,7.186504324929916,32.227465136148524,51.516524226238694,28.108563455128728,14.189688207406071,7.186504324929916
EinstellenJob,216,M1_alpha3,False,49.70582402658047,11.83668759144968,6.7678847278037075,36.506844298262536,58.959545824321374,31.395854706656575,11.836687591449682,6.7678847278037075
EinstellenJob,218,M1_alpha3,False,45.75649218228454,13.547137184638858,6.851460976663392,36.486454474283384,59.77710250942468,31.52095651714961,13.547137184638858,6.851460976663392
EinstellenJob,220,M1_alpha3,False,44.49513538478091,12.03382070856625,6.800039171647204,40.596950845743706,68.06272626503343,33.96123604354572,12.03382070856625,6.800039171647204
EinstellenJob,222,M1_alpha3,False,52.40590780769543,12.292408027470065,6.890567612487187,40.54580031996309,67.32865737460502,34.67895282828022,12.292408027470065,6.890567612487187
EinstellenJob,224,M1_alpha3,False,51.03519609453246,18.624313312797703,7.777873610634326,41.15379911824297,69.9969043101179,34.86557396555047,18.624313312797703,7.777873610634326
EinstellenJob,226,M1_alpha3,False,43.51634536594597,9.204677908398029,9.502056086426549,39.69573483521224,55.85797288121918,34.28141409767928,9.204677908398029,9.502056086426549
EinstellenJob,228,M1_alpha3,False,50.7863150532556,24.674485114308926,11.117138940969623,51.15242776856051,62.216716242171,45.328832433240315,24.674485114308926,11.117138940969623
EinstellenJob,230,M1_alpha3,False,56.782787701311406,19.601782628890877,12.205313254352166,58.23052259600637,65.40232652480442,52.135297766432615,19.601782628890877,12.205313254352166
EinstellenJob,232,M1_alpha3,False,63.340347618498896,38.83330454905039,12.85488272123494,67.53587765308359,73.9074366341808,60.62150247759047,38.83330454905038,12.85488272123494
EinstellenJob,234,M1_alpha3,False,62.40283979624639,40.893387446978636,13.573762137958681,66.5003647303432,79.74353853735684,59.037431252144195,40.893387446978636,13.573762137958681
EisGefroren,242,M1_alpha3,False,43.43480374141936,14.098300115912043,13.765637214612113,30.478301220285726,42.332244510071995,26.69272241502093,14.098300115912043,13.765637214612113
EisGefroren,244,M1_alpha3,False,41.680850125471544,14.235789562502227,13.152658049098207,30.57482373193699,43.04333088513056,26.6528637553511,14.235789562502227,13.152658049098207
EisGefroren,246,M1_alpha3,False,43.042629518487665,11.82094196208792,5.711763913185963,30.995106520494215,42.730328152922795,27.23470342802638,11.82094196208792,5.711763913185961
EisGefroren,248,M1_alpha3,False,40.75310210558157,15.90794640600434,6.718796971554339,26.90317766327345,38.33752972542742,23.3291425535466,15.907946406004344,6.718796971554339
EisGefroren,250,M1_alpha3,False,41.56025673959326,13.776019679127305,7.531814058424167,26.51244968988856,39.33409049148098,22.888303575746953,13.776019679127305,7.531814058424167
EisGefroren,252,M1_alpha3,False,38.30330861523889,16.006435594577326,7.70430133011867,27.77549019129058,40.389491609564494,23.86629849808508,16.006435594577326,7.7043013301186685
EisGefroren,254,M1_alpha3,False,41.28214294109587,12.050538528244267,7.843267807803841,25.778929740923147,39.339445650501744,22.20692338553636,12.050538528244267,7.843267807803841
EisGefroren,256,M1_alpha3,False,38.763574921365134,17.94971601568811,10.133933892252303,28.801620639275814,42.71465111732431,24.47421436975647,17.94971601568811,10.133933892252303
EisGefroren,258,M1_alpha3,False,41.335963683784456,16.70232766152401,10.104500229566822,29.768047652494015,43.662465019144264,25.263291317741363,16.702327661524006,10.104500229566822
EisGefroren,260,M1_alpha3,False,33.74955703289566,12.094712322853084,9.48577700911543,26.436705934479807,38.806478743050576,22.60466265248146,12.09471232285308,9.48577700911543
EisGefroren,262,M1_alpha3,False,40.714272064777454,17.34014101849938,10.898487974446079,37.308272903901795,52.57666080700028,32.24661520776817,17.340141018499377,10.898487974446079
EisGefroren,264,M1_alpha3,False,46.122944522224344,15.878633675478975,12.07032205827485,45.62028860502786,62.53608578838242,39.8505720896884,15.878633675478975,12.070322058274849
EisGefroren,266,M1_alpha3,False,55.56827442338643,11.054686065667862,13.538965486566276,51.90591087267338,55.301923912085755,46.953223316228055,11.054686065667862,13.538965486566276
EisGefroren,268,M1_alpha3,False,58.95597220386158,40.72480821722641,15.909441307141273,60.05699030227355,69.76237494138539,53.630363505889626,40.72480821722641,15.909441307141277
Empathie,182,M1_alpha3,False,49.55894855755236,17.367092170730245,8.290475874206745,29.52967924320006,47.1738799103899,25.297361682859012,17.367092170730245,8.29047587420674
Empathie,184,M1_alpha3,False,59.01853729675843,18.788789361453105,8.441940867387576,37.984157029607104,63.692228863859086,32.511662362258335,18.78878936145311,8.441940867387581
Empathie,186,M1_alpha3,False,45.753653247453705,23.201462290636144,8.164623498979733,32.255653129246845,47.01096696828458,27.816064896336115,23.201462290636144,8.164623498979733
Empathie,188,M1_alpha3,False,56.12622322324682,17.786504937127923,8.039996707084185,37.321940033233396,63.7106779280114,31.682978240768932,17.786504937127923,8.03999670708418
Empathie,190,M1_alpha3,False,45.92379923826167,18.27019520707685,8.367910021237307,30.789216990270777,47.07223005309019,26.424580405400715,18.27019520707685,8.367910021237316
Empathie,192,M1_alpha3,False,54.385293416605386,17.37874088505719,8.153999782656834,36.3079310906791,62.17503611413754,30.80138992804697,17.37874088505719,8.153999782656832
Empathie,194,M1_alpha3,False,47.036738953997165,18.820474765378417,8.12549005858749,29.758268306978046,45.0352895529616,25.589650173084763,18.820474765378417,8.125490058587488
Empathie,196,M1_alpha3,False,46.21781073156209,19.435955141432355,8.22574195254346,29.723962658816834,44.515089851268435,25.577069407531624,19.435955141432355,8.22574195254346
Empathie,198,M1_alpha3,False,50.86270724339296,19.301226713282187,8.306392682985889,35.54597668420487,61.118727009527845,30.039740837596604,19.30122671328219,8.306392682985894
Empathie,200,M1_alpha3,False,48.840224690593246,21.312483684438593,9.002441096334929,29.661263781924163,46.98400893365734,25.343922362416407,21.312483684438597,9.002441096334925
Empathie,202,M1_alpha3,False,43.863130491295436,19.65807565161776,8.49144773236831,30.748115349021322,44.65991280771001,26.560767909076677,19.65807565161776,8.49144773236831
Empathie,204,M1_alpha3,False,53.92900708320331,18.92727588570553,7.949276905488941,36.845127075760246,63.11270166765034,31.019086016143955,18.92727588570553,7.949276905488941
Empathie,206,M1_alpha3,False,48.27972426259272,18.047557591608594,8.004552908288087,32.79260637038298,46.722788125226614,28.53083426195926,18.047557591608594,8.004552908288087
Empathie,208,M1_alpha3,False,55.84038596819087,16.444649229364384,7.209656280209651,35.94498916629722,61.7256264959562,30.28226671391827,16.444649229364384,7.209656280209651
Empathie,210,M1_alpha3,False,55.30838312455699,24.040634926495482,7.615742312764502,34.076564246820915,55.21041722037752,28.70678599256817,24.040634926495482,7.615742312764503
Empathie,212,M1_alpha3,False,55.07620292910469,15.33242225875852,9.324209170177456,39.61490730522151,68.64560746274726,33.312960845615514,15.332422258758518,9.324209170177454
Empathie,214,M1_alpha3,False,53.201940101877895,13.090057355246188,7.8756440378614325,36.39468843342209,61.838243596361266,30.36760480770248,13.090057355246188,7.875644037861431
Empathie,216,M1_alpha3,False,55.98299833584145,13.586064441654736,9.328698359049575,40.40679236377151,70.05507063885325,33.66156203889358,13.586064441654736,9.328698359049575
Empathie,218,M1_alpha3,False,48.71812284550554,12.25861009660308,9.573991813927284,39.1627078951201,65.12529061354589,32.91513472244726,12.258610096603078,9.573991813927286
Empathie,220,M1_alpha3,False,46.48957420324616,16.35694853549499,11.209970075491315,42.92991580590352,65.7705714730793,36.62546574455924,16.35694853549499,11.209970075491315
Empathie,222,M1_alpha3,False,45.287118542569374,14.398338135113422,17.360238530220137,39.367697140196455,61.157979612189706,33.40915621859834,14.398338135113418,17.36023853022014
Empathie,224,M1_alpha3,False,48.50847808050728,14.75023469866854,23.8632259237232,45.973086609646806,65.76899049035383,39.808417294918705,14.750234698668544,23.8632259237232
Empathie,226,M1_alpha3,False,48.78774782540178,10.397682510385971,43.175113308492215,36.474036715596945,53.70995095955651,31.694787228938857,10.397682510385971,43.175113308492215
Empathie,228,M1_alpha3,False,45.38246015722235,11.967002083899557,35.47885799056836,40.01292223098501,43.852940414996944,36.53513362760709,11.967002083899557,35.47885799056835
Empathie,230,M1_alpha3,False,47.59820476223079,10.863818969292577,37.563014799748736,42.63859984084508,46.15693939732447,39.12938856918444,10.863818969292577,37.56301479974873
Empathie,232,M1_alpha3,False,49.150977707490874,11.872166371184777,36.78363349620059,47.227281904386125,53.82384422365627,43.11680009637785,11.872166371184777,36.78363349620059
Entschuldigung,191,M1_alpha3,False,37.1669106928542,14.456763237251886,14.965527368158789,23.878847397195308,34.60726437240935,21.462999283186146,14.456763237251886,14.965527368158789
Entschuldigung,193,M1_alpha3,False,42.17523296616699,12.600517781862344,14.03443444513301,30.149521760373595,47.811846824371344,26.778586789594456,12.60051778186234,14.034434445133012
Entschuldigung,195,M1_alpha3,False,38.22713320307905,21.665309224735587,13.786026356500773,27.37234107315425,38.14004888859454,24.299117656980556,21.665309224735587,13.786026356500773
Entschuldigung,197,M1_alpha3,False,43.06656191937998,12.653915508070401,13.462957083768806,29.217831868412368,45.269726457919724,26.159981390431366,12.653915508070401,13.462957083768806
Entschuldigung,199,M1_alpha3,False,40.011609467879055,14.915546495919402,14.778277735369405,26.242360238330072,38.88042583102434,23.584723920375176,14.915546495919402,14.778277735369404
Entschuldigung,201,M1_alpha3,False,42.040455461320924,9.815992186917777,15.007492656557703,26.78261903498488,39.76339076652362,24.150716306665064,9.815992186917777,15.0074926565577
Entschuldigung,203,M1_alpha3,False,45.10822241789115,23.43430752203771,14.355233862698775,32.69405691171212,48.77391148811728,28.879559845869863,23.43430752203771,14.355233862698775
Entschuldigung,205,M1_alpha3,False,44.12626948330359,12.77993667327487,10.84057668381593,40.784216890637545,62.32927338575058,35.516311879667946,12.77993667327487,10.84057668381593
Entschuldigung,207,M1_alpha3,False,44.56600613192619,15.1535452736451,10.38088305470539,43.560249447124924,65.18749017842268,37.944365435372085,15.153545273645095,10.380883054705391
Entschuldigung,209,M1_alpha3,False,46.39778648487185,9.238458838536191,11.05637866981613,42.10391115103228,45.09134919879354,38.244769574692704,9.238458838536191,11.05637866981613
FestellenDiagnose,197,M1_alpha3,False,55.60389969881256,13.10444066538618,13.7312405957571,29.414400397960232,48.5120672579473,25.052009562535087,13.104440665386178,13.731240595757102
FestellenDiagnose,199,M1_alpha3,False,54.28733866557739,11.783592094791679,14.033369211172936,24.090749497516985,39.020143439927935,20.50815998389318,11.783592094791679,14.033369211172936
FestellenDiagnose,201,M1_alpha3,False,53.23500741275533,10.632422934638367,14.243080907527315,24.623531808649265,40.84375111958427,20.947563236910153,10.632422934638367,14.243080907527315
FestellenDiagnose,203,M1_alpha3,False,53.31148010598665,11.96536347174556,13.805925311666556,30.05186247772191,50.63643820617873,25.451344614958202,11.96536347174556,13.805925311666556
FestellenDiagnose,205,M1_alpha3,False,47.27085680890393,10.844049775655751,13.352807194374547,24.35289642516347,39.95412525925987,20.560688805608535,10.844049775655751,13.352807194374549
FestellenDiagnose,207,M1_alpha3,False,46.132652064861205,12.112492731361444,13.322848367261948,29.91020277430066,50.25005199222769,25.338371554075824,12.112492731361446,13.322848367261948
FestellenDiagnose,209,M1_alpha3,False,39.84253449237659,11.476507853664604,14.01134234214727,24.460206902995438,38.73718840108022,21.072367447259214,11.476507853664604,14.011342342147268
FestellenDiagnose,211,M1_alpha3,False,37.2941664909627,12.687893680978036,13.609905906137957,27.508703983685198,43.14144661001905,23.564484539454114,12.687893680978036,13.609905906137957
FestellenDiagnose,213,M1_alpha3,False,42.22547780943969,11.139296033498804,11.977276729381666,26.38432261519114,43.679130633012846,22.312630424746683,11.139296033498804,11.977276729381668
FestellenDiagnose,215,M1_alpha3,False,41.75516971531656,11.765886788322824,10.735148903782978,30.061035505176548,47.83672017114097,25.45896477299198,11.765886788322822,10.735148903782978
FestellenDiagnose,217,M1_alpha3,False,40.52995112560886,11.805151666330755,12.142438428465235,35.391398285548505,50.244987037527785,30.62608690365432,11.805151666330755,12.142438428465232
FestellenDiagnose,219,M1_alpha3,False,39.33659917491368,10.539853519401383,14.123075773808068,38.575917964973115,53.136710404085406,33.610751488751006,10.539853519401387,14.123075773808068
FestellenDiagnose,221,M1_alpha3,False,40.25750973696379,10.894532236633365,14.481236780874564,40.836715646864185,62.05508024921619,34.8814954003734,10.894532236633365,14.481236780874564
FestellenDiagnose,223,M1_alpha3,False,39.697131106022425,10.933264059916274,15.006174903462034,33.08792285641888,50.76598493601216,28.40049551328289,10.933264059916274,15.006174903462034
Frech,203,M1_alpha3,True,42.17383305009008,,13.02072805404097,29.12457929216998,39.599696713306315,26.425156576908627,,13.020728054040971
Frech,205,M1_alpha3,True,42.44212918691448,,11.818136285383376,30.258437487480922,41.94456610174248,27.369320578481904,,11.818136285383376
Frech,207,M1_alpha3,True,41.230729941850036,,10.211158477513967,29.381825599758812,41.85006547428125,26.253674970772575,,10.211158477513967
Frech,209,M1_alpha3,True,44.63875603295327,,8.908257873862883,36.23226050762666,44.45781151083213,32.64910203557775,,8.908257873862883
Frieren,190,M1_alpha3,False,38.93081634777571,12.685608522009305,14.477804266491917,27.120174614180872,39.86653010638674,24.129280325166057,12.685608522009305,14.477804266491917
Frieren,192,M1_alpha3,False,37.01402269982148,14.004471551867912,14.172406880513977,24.821608588983114,28.892369189927862,22.847464495201883,14.004471551867912,14.172406880513977
Frieren,194,M1_alpha3,False,39.84607840642548,15.90512284278309,13.931326467412335,27.613085259907837,42.91057160108709,24.150356560122322,15.90512284278309,13.931326467412335
Frieren,196,M1_alpha3,False,37.99713870497599,14.027400041454696,13.778971652051451,27.41776075592191,29.290349155050055,25.380677333623204,14.027400041454696,13.778971652051451
Frieren,198,M1_alpha3,False,40.997769240520135,12.028716867256694,13.329766784608594,25.48638398097972,37.216551888577776,22.75736177116251,12.028716867256694,13.329766784608594
Frieren,200,M1_alpha3,False,38.28112375968326,11.547897215093506,13.395284345000821,25.90401972520657,37.83618023285839,23.281086958322312,11.547897215093506,13.395284345000821
Frieren,202,M1_alpha3,False,36.3378667523121,14.999861624896868,12.935118962612904,24.390719132678875,30.583427193069145,22.610166315806314,14.99986162489687,12.935118962612904
Frieren,204,M1_alpha3,False,43.64030218052994,13.160928853956678,13.069967692918336,30.60745417730985,44.41023144227936,26.98192044125002,13.160928853956678,13.069967692918336
Frieren,206,M1_alpha3,False,39.87281157668441,13.850705692106446,12.076744820557211,28.081382013196883,35.1582433050214,25.443238024513285,13.850705692106446,12.076744820557211
Frieren,208,M1_alpha3,False,41.267888197939335,11.554617413893395,11.245729003317038,28.86299968342817,34.641695045918034,26.31108289224448,11.554617413893395,11.245729003317036
Frieren,210,M1_alpha3,False,38.15141968894879,12.089436062320146,11.48585675093953,24.391356150026237,29.157846906250693,22.015458400222236,12.089436062320146,11.485856750939531
Frieren,212,M1_alpha3,False,38.31405115119232,10.937090847175527,9.984332355671608,21.720606618280172,26.749046237552236,19.606195944315218,10.937090847175527,9.984332355671608
Frieren,214,M1_alpha3,False,41.60433736857313,10.824155483844264,9.193968042700432,23.941904187373733,30.77517230527361,21.907693279997318,10.824155483844264,9.193968042700432
Frieren,216,M1_alpha3,False,41.37566882132007,12.67433881781718,11.562390614612083,24.863376456769526,28.870600287597824,23.276359252126447,12.67433881781718,11.562390614612083
Frieren,218,M1_alpha3,False,51.60444868351766,12.479574636387824,13.678232842866919,45.13375777493409,42.88543451400811,41.75443468779687,12.479574636387824,13.678232842866919
Frieren,220,M1_alpha3,False,54.1047702269254,12.6410302200531,13.756534278252602,47.57990078833383,45.736161673962066,44.21357242769569,12.641030220053104,13.756534278252602
Frieren,222,M1_alpha3,False,48.37808233378523,11.525409230364057,18.675078001295873,40.57462543754453,39.926842729506774,37.453058299568305,11.525409230364057,18.675078001295873
Frieren,224,M1_alpha3,False,42.265753026763214,11.211465022836814,14.391440374007574,36.78504573064272,27.46541172621178,34.970410317870964,11.211465022836814,14.391440374007571
Frisch,189,M1_alpha3,False,61.913499189897834,16.859269397785404,10.741040200936665,53.640760455179034,46.065526491543984,50.80263872644872,16.859269397785404,10.741040200936665
Frisch,191,M1_alpha3,False,51.930612637824666,13.90234924526815,10.012919791141845,43.19116090532865,33.578262946461884,41.35738999244366,13.902349245268152,10.012919791141845
Frisch,193,M1_alpha3,False,58.54657200424916,18.491744181687807,10.0320849667214,52.90248687092929,46.88920243903933,49.91740846453518,18.491744181687803,10.032084966721403
Frisch,195,M1_alpha3,False,54.588462160534704,17.481950110888302,10.102757620218359,47.30155579955475,42.574333630130106,44.60069352270016,17.481950110888302,10.102757620218357
Frisch,197,M1_alpha3,False,51.87673806356386,14.544076669771266,9.706100530370184,42.31360272833128,33.05927541064302,40.72413125723234,14.544076669771266,9.706100530370184
Frisch,199,M1_alpha3,False,58.156396027167936,18.5436320278896,9.147332460968526,51.12899928057912,45.19319659050619,48.27967545450763,18.5436320278896,9.147332460968526
Frisch,201,M1_alpha3,False,49.769376666673004,12.92446745406324,10.533871442258228,38.17515865630124,29.618226343867224,36.81527691718753,12.92446745406324,10.533871442258226
Frisch,203,M1_alpha3,False,40.828955284653105,12.957351907087247,9.265976204038916,29.1582433490262,35.538843176849944,26.852618157283743,12.957351907087247,9.265976204038916
Frisch,205,M1_alpha3,False,47.98765883384,17.289585307308162,8.502650704564044,35.895245206088184,49.626114584539245,31.808620535267814,17.289585307308162,8.502650704564044
Frisch,207,M1_alpha3,False,46.34464611147209,12.662874436814874,7.744603132214308,30.907598793566336,38.63970756952828,27.985047675656244,12.662874436814874,7.744603132214308
Frisch,209,M1_alpha3,False,50.04530748061926,12.693098027201248,6.638547581935459,34.72290344507402,45.40069987036612,31.069903780281273,12.693098027201245,6.638547581935459
Frisch,211,M1_alpha3,False,50.07833764647608,10.93184309703123,6.20933324056943,31.617986394778246,36.12555435068065,29.10518643556943,10.93184309703123,6.20933324056943
Frisch,213,M1_alpha3,False,44.50179898875689,10.423934714774408,6.443219168506359,33.656855295560995,45.44201327831626,29.919410679192065,10.423934714774408,6.443219168506359
Frisch,215,M1_alpha3,False,45.06826713777424,9.469167923477851,7.1636985951103265,36.95537885237262,53.89875235218071,32.20366476987282,9.469167923477851,7.1636985951103265
Froh,186,M1_alpha3,False,61.82670620068375,15.115300252757065,10.003271908806898,58.67906295313471,59.72863761380676,53.87362020055572,15.115300252757065,10.003271908806898
Froh,188,M1_alpha3,False,68.73272159285226,15.451300548295057,8.873953588197525,69.16785972289003,73.16468616341615,63.05552727757188,15.451300548295057,8.873953588197526
Froh,190,M1_alpha3,False,53.137520696707966,18.431024655176692,8.969214061998436,47.463583774991164,55.43071588583422,42.97831617248155,18.431024655176692,8.969214061998436
Froh,192,M1_alpha3,False,51.8923045524012,16.64264735384055,7.997825034863283,48.945733814035194,69.27512414806543,42.915260096697864,16.64264735384055,7.997825034863283
Froh,194,M1_alpha3,False,46.958911641704546,15.171290987092588,8.435519673684476,40.73476791044019,56.38469298629847,35.77480848908325,15.171290987092588,8.43551967368448
Froh,196,M1_alpha3,False,46.01474340031079,16.94032536355146,7.577661351127759,39.981673003725504,58.51926049012639,34.80405871944859,16.94032536355146,7.577661351127759
Froh,198,M1_alpha3,False,45.46467936225856,13.79674038361012,8.207242925705573,40.88797909135524,62.27061794990902,35.34917377008057,13.796740383610121,8.207242925705573
Froh,200,M1_alpha3,False,43.7110886083771,13.585436876519111,7.80311900638565,38.107851605001784,57.35060160604147,33.31615652985002,13.585436876519111,7.80311900638565
Froh,202,M1_alpha3,False,38.72286156636152,16.82502688709052,7.343150935808358,31.49904799519615,40.06476328408131,28.201984623373807,16.82502688709052,7.343150935808357
Froh,204,M1_alpha3,False,42.56433456630817,12.326667911740442,7.599842638150484,24.51083407677565,27.603297201952806,22.78902637695144,12.326667911740442,7.599842638150483
Froh,206,M1_alpha3,False,53.57091192693682,12.665082842096053,7.745526601794822,46.02770122622405,45.648547326795565,42.322391412580416,12.665082842096053,7.745526601794824
Froh,208,M1_alpha3,False,53.249299506622414,12.09691150409928,12.96348477284177,48.25605030150284,50.26400313084827,44.03875089572283,12.09691150409928,12.96348477284177
Froh,210,M1_alpha3,False,45.13118947005318,9.040515905523018,12.682550636677714,39.74740217718922,39.22410231864089,36.713677496719754,9.040515905523018,12.682550636677712
Glas,140,M1_alpha3,False,39.002932854264486,18.530279946730996,14.503441562835159,25.223492061337467,35.02801173048705,22.368417322295567,18.530279946731,14.503441562835159
Glas,142,M1_alpha3,False,45.5126361616999,17.928860675248153,14.387287107053309,36.31422914224908,51.13693138015091,31.96131463505901,17.928860675248153,14.387287107053307
Glas,144,M1_alpha3,False,37.5856666240241,19.97992037387606,14.216678218210303,25.943975650172007,36.15008647772092,23.00408169544788,19.97992037387606,14.216678218210303
Glas,146,M1_alpha3,False,45.52893945415778,14.29776117777708,13.774498330514737,35.88944296798797,48.39157775742028,31.850618190702082,14.29776117777708,13.774498330514735
Glas,148,M1_alpha3,False,43.60612181470429,16.061171644609413,14.50696936118664,31.672443026878348,42.066062554394776,28.202714060038453,16.061171644609413,14.506969361186641
Glas,150,M1_alpha3,False,39.25228917298668,17.841769099000906,14.00429766423746,27.070384463938943,35.97122383186629,24.075582306807792,17.841769099000906,14.004297664237463
Glas,152,M1_alpha3,False,46.01351691441099,13.817985313920651,13.809209790004136,36.47702225675154,46.44399699001075,32.59269126887493,13.817985313920651,13.809209790004138
Glas,154,M1_alpha3,False,39.57038958480502,17.831291566103015,13.754785537365025,25.602165628052227,37.093953070523405,22.588706484459017,17.831291566103015,13.754785537365024
Glas,156,M1_alpha3,False,46.589059258499596,15.500126804141818,14.239384695339849,34.55610138491366,49.97993762911873,30.456087751296128,15.500126804141818,14.239384695339849
Glas,158,M1_alpha3,False,37.16763596128685,19.5269475997948,14.583345466586914,26.156223708943948,38.55359227945947,22.933811977570418,19.5269475997948,14.583345466586914
Glas,160,M1_alpha3,False,40.233047626762136,19.315622551968836,13.733124940727453,26.244181891994586,36.92690992792032,23.21533420343495,19.315622551968833,13.733124940727457
Glas,162,M1_alpha3,False,47.3314093324765,16.547617036835234,14.227083966250904,36.41786645720973,51.46290495675434,32.05266246112715,16.547617036835234,14.227083966250904
Glas,164,M1_alpha3,False,47.810147391073464,17.36828184017269,14.08400039841992,37.37819601731358,50.68098467107607,33.13555276912872,17.368281840172685,14.08400039841992
Glas,166,M1_alpha3,False,38.46387085732774,19.109573972727695,13.929837113370382,25.107543511205883,35.3363110944781,22.357248485883744,19.109573972727695,13.929837113370379
Glas,168,M1_alpha3,False,37.90439721456652,13.129273442355814,13.948422687583102,28.21014029121774,39.88989954995171,24.82386575034081,13.129273442355814,13.948422687583102
Glas,170,M1_alpha3,False,49.657612465727226,16.94303999627377,13.823338667666933,35.89638340715219,51.61020411584939,31.679296004561923,16.943039996273768,13.823338667666933
Glas,172,M1_alpha3,False,37.705866970157196,18.14209668305843,13.897213196761461,24.56261263915421,36.40114188771869,21.683518498406713,18.14209668305843,13.897213196761461
Glas,174,M1_alpha3,False,38.42208754359777,18.32122281425838,14.030728948999226,24.908408265216924,36.278843701061255,21.932989602111746,18.32122281425838,14.03072894899923
Glas,176,M1_alpha3,False,43.12701927860359,12.810429136258897,13.755416159591237,32.361273567264625,44.926338668109686,28.593211396052325,12.810429136258897,13.755416159591237
Glas,178,M1_alpha3,False,38.38352989136999,17.19989360352841,13.174005108518063,24.723663523738978,33.63024260984758,21.975775594415147,17.19989360352841,13.174005108518063
Glas,180,M1_alpha3,False,42.81219936824706,14.946822888109894,14.1286810394561,33.307166824337884,47.63154972858218,29.26363917221574,14.946822888109894,14.1286810394561
Glas,182,M1_alpha3,False,44.23081450025055,14.395452213852263,13.997071017692441,34.0258299933317,49.48278975606711,29.788802152447555,14.395452213852263,13.997071017692441
Glas,184,M1_alpha3,False,38.020711311624865,21.847091771914133,14.018774325067776,25.347568919163667,36.99840931804972,22.34581535066378,21.847091771914133,14.018774325067776
Glas,186,M1_alpha3,False,45.06317231105507,14.979939640651784,14.245962169149978,34.10588099614068,47.411839386608925,30.070723846232784,14.979939640651784,14.245962169149978
Glas,188,M1_alpha3,False,36.90544332712322,28.833035518560106,15.64835332798668,24.495649114184904,35.55499756868974,21.778163189000328,28.83303551856011,15.64835332798668
Glas,190,M1_alpha3,False,38.290878594958045,20.617905338745782,16.19837983749868,27.4203558044127,41.15729429508568,24.121537432219544,20.617905338745782,16.198379837498678
Glas,192,M1_alpha3,False,36.461967255639365,22.55338267072516,13.904596191007132,24.237566443518283,35.389375234690704,21.58772633215775,22.55338267072516,13.904596191007132
Glas,194,M1_alpha3,False,35.34090609686567,31.50842383649997,14.383256124108849,25.966637599722798,35.21910895513951,23.01414792409996,31.50842383649997,14.383256124108843
Glas,196,M1_alpha3,False,37.97577401167316,31.331919924521667,15.269773637172786,24.99129976152011,35.84634906022411,22.000290148682375,31.331919924521667,15.269773637172783
Glas,198,M1_alpha3,False,36.5062045938661,32.77893169194446,14.86101751518197,26.510841401326182,38.24632083798945,23.223669866881067,32.77893169194446,14.86101751518197
Glas,200,M1_alpha3,False,36.12003925595401,31.495464912071238,14.13366336260068,26.98147655663157,38.26468261491284,23.681441723199015,31.49546491207123,14.133663362600682
Glas,202,M1_alpha3,False,37.09150936587425,32.46846133049661,15.595261651448125,31.395478707105415,43.84935706986872,27.503295321678586,32.46846133049661,15.595261651448125
Glas,204,M1_alpha3,False,37.58173134475248,32.262827352305074,16.11611038701303,35.066626069874495,48.990357711524936,30.766281795931025,32.262827352305074,16.11611038701303
Glas,206,M1_alpha3,False,38.85259467492293,29.738085781151906,16.01377828828386,35.51993805241442,50.29646172074613,31.264780484251688,29.73808578115191,16.01377828828386
IdiomPffIgnorieren,154,M1_alpha3,False,46.671927891684234,16.888454215030283,12.678010948279601,21.681311893833616,33.38281063460886,18.668024954582545,16.888454215030283,12.678010948279601
IdiomPffIgnorieren,156,M1_alpha3,False,49.315414024913835,18.46831117939156,13.753694438743496,23.678110769835815,38.57549741639685,20.38544382986861,18.46831117939156,13.753694438743496
IdiomPffIgnorieren,158,M1_alpha3,False,52.81825643619724,17.360756341838744,12.258844057648579,27.639683322259334,41.5793379917273,23.6363753787043,17.360756341838744,12.25884405764858
IdiomPffIgnorieren,160,M1_alpha3,False,58.82108554740799,18.363125745684354,9.864381143601456,26.737662971356926,43.62181717852119,22.921298556393932,18.363125745684354,9.864381143601456
IdiomPffIgnorieren,162,M1_alpha3,False,50.40436388202922,16.424438570907018,7.721451774280613,25.73267129749563,39.19404396366815,22.139903075283815,16.424438570907018,7.721451774280614
IdiomPffIgnorieren,164,M1_alpha3,False,49.73554737343731,16.948307816215898,6.051623784866568,25.83808950398293,41.13180362590868,22.58940161041265,16.948307816215895,6.051623784866567
IdiomPffIgnorieren,166,M1_alpha3,False,47.03231156586124,17.703325689453877,6.704359324225441,22.444863462273798,35.49060868111165,19.101154216035855,17.703325689453877,6.704359324225441
IdiomPffIgnorieren,168,M1_alpha3,False,49.224678721248395,16.446141470618578,7.742852148570631,26.17957874541135,41.46281186197304,22.622675924938232,16.446141470618578,7.742852148570631
IdiomPffIgnorieren,170,M1_alpha3,False,46.42376340902673,18.665608244796058,8.541586927740243,24.261099131130525,38.39862177280129,21.231425815464515,18.665608244796058,8.541586927740244
IdiomPffIgnorieren,172,M1_alpha3,False,40.91756773720486,18.56598507423395,8.420709426213866,22.61838145595512,34.56755930580923,19.49255006099904,18.56598507423395,8.420709426213866
IdiomPffIgnorieren,174,M1_alpha3,False,40.581350472006015,16.349560772925425,8.096260944486414,27.902380853213483,43.76317919943433,24.09166935535498,16.349560772925425,8.096260944486414
IdiomPffIgnorieren,176,M1_alpha3,False,40.05564806639282,22.226604628583935,8.500640757662863,33.296821525079054,50.49754001211131,28.54229937087736,22.226604628583935,8.500640757662863
IdiomPffIgnorieren,178,M1_alpha3,False,43.28026373345888,25.964122633388136,6.827055232518789,36.860289979811604,54.69650967440905,31.64360570493211,25.964122633388136,6.827055232518789
IdiomPffIgnorieren,180,M1_alpha3,False,49.000299648350776,23.561636616481106,6.603180187109542,50.336701776194985,69.97407548671184,44.21404727748411,23.561636616481106,6.603180187109542
IdiomPffIgnorieren,182,M1_alpha3,False,50.37022186516805,37.311268526592166,32.79282142362242,50.31628370967858,46.1773954751481,46.868677459752504,37.311268526592166,32.79282142362242
IdiomPffIgnorieren,184,M1_alpha3,False,48.43805230680331,40.01265994298987,29.183846524996827,48.12256743613193,47.820319918107316,44.44629285921881,40.01265994298987,29.183846524996827
Jahr,242,M1_alpha3,True,37.98198572178924,,14.14255940188951,26.546416823047878,38.61357097671694,22.80562124100609,,14.142559401889512
Jahr,244,M1_alpha3,True,38.83449855957902,,14.094053267514427,28.00792810055656,39.93514618009053,24.331647114964717,,14.094053267514427
Jahr,246,M1_alpha3,True,44.66333104693172,,14.424019005117762,34.44744169166142,50.288638966398736,29.415326711610298,,14.424019005117762
Jahr,248,M1_alpha3,True,43.731054465678355,,14.127265452707121,37.91497362643331,54.496503598480416,32.35126454604577,,14.127265452707121
Jahr,250,M1_alpha3,True,41.64862790904613,,14.038684282413016,38.3753306931671,54.08903086268005,32.86230771377555,,14.038684282413012
Jahr,252,M1_alpha3,True,46.37466457405067,,13.497813380550598,41.17948604362789,60.78983452135445,35.154139078059174,,13.497813380550596
Jahr,254,M1_alpha3,True,43.36406864854292,,13.67044816976409,40.367304941875915,56.59844280281503,34.63334121244025,,13.670448169764091
Jahr,256,M1_alpha3,True,41.32158158873624,,13.069993596049121,41.398117963785594,57.95703274721384,35.403085384743534,,13.069993596049123
Jahr,258,M1_alpha3,True,47.05479770632499,,14.238390988237455,51.86584564524238,75.33164378780238,44.194896606883376,,14.238390988237455
Jahr,260,M1_alpha3,True,46.29149805186073,,10.131799597332808,48.73924640295439,70.57242987290243,41.5666950282338,,10.131799597332808
Klar,154,M1_alpha3,True,37.96905319748194,,9.418178912203128,29.38479131076341,39.084434598332635,25.885448025245267,,9.418178912203128
Klar,156,M1_alpha3,True,35.225705530129865,,9.40895324008082,27.41366800413495,36.511557112368344,24.096217571258762,,9.408953240080816
Klar,158,M1_alpha3,True,38.26060533348927,,8.88795034654681,28.794103274556928,35.19493961659784,25.548947412092204,,8.88795034654681
Klar,160,M1_alpha3,True,39.35707759612424,,8.768881453663852,29.358112041850887,36.87337149188827,25.93678870474971,,8.768881453663852
Klar,162,M1_alpha3,True,36.46510634366461,,8.389302127013524,28.945708108296873,36.41876900102584,25.552030265918898,,8.389302127013524
Klar,164,M1_alpha3,True,37.5853125175729,,9.272368395428927,29.862095026783745,37.33177632964579,26.374610514684033,,9.272368395428927
Klar,166,M1_alpha3,True,34.8478369190937,,10.199241200955782,26.384216233833133,33.570906285106496,23.250441391444806,,10.19924120095578
Klar,168,M1_alpha3,True,36.315538525860546,,10.418807102620882,27.517852739625454,36.07924784383636,24.07393742464984,,10.418807102620882
Klar,170,M1_alpha3,True,33.88187733119871,,9.150113170628392,24.94585313932555,32.902756292830354,21.868684405870937,,9.150113170628396
Klar,172,M1_alpha3,True,40.89041670523537,,7.749134251641048,31.582460082323628,38.73019643531469,28.13949402518476,,7.749134251641047
Klar,174,M1_alpha3,True,37.49768919055594,,7.886813580420128,28.66252668835977,36.818510122705604,25.585555159063727,,7.88681358042013
Klar,176,M1_alpha3,True,39.22579775244821,,7.9205044374811315,28.388071793680638,42.98824010316826,25.067713944795383,,7.9205044374811315
Klar,178,M1_alpha3,True,41.262686473516695,,8.409373379874994,30.14610726572173,46.928333142355086,26.02868262624039,,8.409373379874992
Klar,180,M1_alpha3,True,39.74935818719687,,9.303610910094587,34.99789389893084,53.03057859044178,29.881020827090396,,9.303610910094584
Kochen,227,M1_alpha3,False,41.2573845527291,27.150313030411684,15.531735303991319,27.929718473858554,34.61353844674238,25.546907718660073,27.150313030411684,15.531735303991319
Kochen,229,M1_alpha3,False,39.38931117582506,15.254466923172346,16.032215432424195,23.886167038188518,34.81078304782032,21.427756014587654,15.254466923172346,16.032215432424195
Kochen,231,M1_alpha3,False,42.67149290136423,14.858872983207368,16.182734149466352,27.26541704135095,38.76736137198192,24.417041197155967,14.85887298320737,16.182734149466352
Kochen,233,M1_alpha3,False,46.91522384258113,33.71827032621334,16.22375762342322,34.91797419111399,43.08718631084335,31.77125070784749,33.71827032621334,16.223757623423218
Kochen,235,M1_alpha3,False,38.82529987106356,14.057056429820001,13.905016484733562,24.57324033900993,36.07922415182754,22.298104323132677,14.057056429820001,13.905016484733562
Kochen,237,M1_alpha3,False,37.33356768370927,16.255091793613428,13.476303749010992,22.248236108681084,29.941319766100495,20.271220273115464,16.255091793613428,13.476303749010992
Kochen,239,M1_alpha3,False,36.238316230909994,15.996159112391148,11.815008737484106,21.969337830287138,29.41106512671312,20.328517746065064,15.996159112391148,11.815008737484106
Kochen,241,M1_alpha3,False,39.20209579479346,24.939088782814583,10.140599979615374,27.221184919311035,38.67728140642925,24.293569404158276,24.939088782814583,10.140599979615374
Kochen,243,M1_alpha3,False,35.71043637880697,15.226197208197126,10.623752084367625,25.35901446964117,37.113427517672065,22.551652512403646,15.226197208197126,10.623752084367625
Kochen,245,M1_alpha3,False,37.260895855499015,18.742035700784168,10.59041268151871,24.49335901181442,36.398550653874274,21.63837609539149,18.742035700784168,10.59041268151871
Kochen,247,M1_alpha3,False,35.2367848279272,15.67581607347946,10.9069465679369,24.814663775758856,31.300098861558663,22.193295702044537,15.67581607347946,10.9069465679369
Kochen,249,M1_alpha3,False,36.72347751449442,13.486036829214402,12.400737879427359,26.875969069214772,35.12895774355042,24.123319392516983,13.4860368292144,12.400737879427359
Kochen,251,M1_alpha3,False,40.182933242976496,27.061407941343703,10.753207086971965,34.83918786343167,42.2356139508694,31.2702679126547,27.061407941343703,10.753207086971965
Kochen,253,M1_alpha3,False,36.20176901204821,17.46597771741768,14.674375109916772,32.5660407380061,45.02143681075397,28.47575305474206,17.465977717417676,14.674375109916772
Lesen,215,M1_alpha3,False,41.471020702370474,12.40219009201015,11.712959623788157,28.6590451692943,46.75651054502122,24.875773261227174,12.402190092010153,11.712959623788159
Lesen,217,M1_alpha3,False,38.51653815784177,12.473621571054748,11.654143044895694,26.17552648387965,37.35373712948483,22.90621107350963,12.473621571054752,11.654143044895696
Lesen,219,M1_alpha3,False,39.49181166005432,11.760090016966922,10.675059836376292,26.95143898001692,38.32766364141985,23.410914961269263,11.760090016966926,10.675059836376294
Lesen,221,M1_alpha3,False,42.311743850674105,12.238858670054142,8.091254999975225,27.280948817608827,43.60030592533643,23.866770313737373,12.23885867005414,8.091254999975225
Lesen,223,M1_alpha3,False,39.04971970685463,12.052116026031518,8.697551344527136,24.724950797242997,38.41997005847278,21.63920335500605,12.052116026031518,8.697551344527136
Lesen,225,M1_alpha3,False,36.476809540512946,11.870494535407735,11.814543759783877,27.535141026360783,38.64988176695616,24.001163871967304,11.870494535407737,11.814543759783877
Lesen,227,M1_alpha3,False,40.963085196321465,15.630182884038849,11.532642997487281,33.0188097242674,37.091375456816316,29.885065608467546,15.630182884038849,11.532642997487281
Lesen,229,M1_alpha3,False,37.041812790454685,12.53600203956667,10.889856822649632,28.04368957978997,40.639750398121926,24.233364380908633,12.53600203956667,10.889856822649632
Lesen,231,M1_alpha3,False,37.18795849188665,12.677822805901611,10.606711185673538,29.652461853192207,33.48955876647382,26.73742099666602,12.677822805901611,10.606711185673538
Lesen,233,M1_alpha3,False,36.24896093198863,11.873978737489281,10.900412370681334,24.330781746271477,34.84693714238975,21.466337308535955,11.873978737489281,10.900412370681336
Lesen,235,M1_alpha3,False,35.98059903515093,12.268461296585064,11.291719846392608,28.574272446817968,40.69924022483083,24.696595250417094,12.268461296585064,11.291719846392608
Lesen,237,M1_alpha3,False,36.497003565020826,13.109325948476204,11.316536101334119,28.121591935033255,35.84883337739605,24.781742304351493,13.109325948476204,11.316536101334119
Lesen,239,M1_alpha3,False,39.843630017965744,12.474638265439987,11.535362942678686,35.42339077069705,40.48270332016287,31.810931224447963,12.474638265439983,11.535362942678686
Lesen,241,M1_alpha3,False,39.25308781094914,11.757420738725676,10.97765747496166,33.87276000052353,45.53362847749867,29.50979285178669,11.757420738725678,10.977657474961658
Lesen,243,M1_alpha3,False,38.309979044832176,14.023061046395332,11.489203237520503,34.02619958168072,43.08190032318986,29.97245331077174,14.023061046395334,11.489203237520503
Lesen,245,M1_alpha3,False,40.98127359482275,13.273062781629616,11.868723477773068,35.4791795771068,43.68509287208157,31.441029107625017,13.273062781629616,11.868723477773068
Lesen,247,M1_alpha3,False,41.89583328338305,14.081967255681857,13.552649444050065,39.530945770922905,48.97063993597408,35.05606870316483,14.081967255681857,13.552649444050065
Lesen,249,M1_alpha3,False,45.53692976765171,15.119914647260517,16.791476376235565,47.13843592274751,59.014821353245615,41.852607271380805,15.119914647260517,16.791476376235565
LiebBitte,170,M1_alpha3,True,58.281686052592605,,13.033708647914631,48.865072800714586,58.595175522189116,43.323056716268916,,13.033708647914631
LiebBitte,172,M1_alpha3,True,47.23842392827294,,12.992199545489251,43.02242015840707,56.05944027973916,37.98605553790471,,12.992199545489251
LiebBitte,174,M1_alpha3,True,53.82932923277338,,12.566499934977344,48.02521307360652,57.94561215898874,42.63337627484487,,12.566499934977342
LiebBitte,176,M1_alpha3,True,60.15036690488383,,12.818428308834118,54.46557027345436,65.25232551828034,48.379272629793554,,12.818428308834118
LiebBitte,178,M1_alpha3,True,59.92751519215932,,12.528318571431452,53.39828069067375,63.703323264804794,47.35614421194574,,12.528318571431452
LiebBitte,180,M1_alpha3,True,52.435515350714844,,12.218861246930992,46.25478977672696,53.11005073518378,41.277680343864596,,12.218861246930993
LiebBitte,182,M1_alpha3,True,48.437250490491955,,12.679464503969514,44.4934824297374,52.8583318803269,39.3162669526823,,12.679464503969514
LiebBitte,184,M1_alpha3,True,51.506550736624156,,11.521261511611671,43.695491970014835,50.607408131898445,38.79285822078169,,11.521261511611671
LiebBitte,186,M1_alpha3,True,47.87200033834007,,10.68135452830454,39.76877596630902,46.857578893446316,35.588653014718645,,10.68135452830454
LiebBitte,188,M1_alpha3,True,46.49595937459851,,9.972096651148506,42.495547179655965,50.55711657335114,37.45674128619778,,9.972096651148506
LiebBitte,190,M1_alpha3,True,37.19126912855473,,10.668532833701338,28.357371950576052,33.529984464984125,25.34284902422964,,10.668532833701336
LiebBitte,192,M1_alpha3,True,38.24855940480435,,11.126419574942286,24.82102388066326,32.86334847455644,22.24590535268794,,11.126419574942286
LiebBitte,194,M1_alpha3,True,34.47722795093246,,9.540565874281198,24.643246911389575,32.799563711644424,21.9613582016498,,9.540565874281196
LiebBitte,196,M1_alpha3,True,36.787299658970774,,9.667964712042146,33.307814059664395,42.833554813498196,28.97882017006535,,9.667964712042146
LiebBitte,198,M1_alpha3,True,44.44994904929404,,10.293934077940152,43.61630901951765,57.798684086785194,38.061566753882374,,10.293934077940152
LiebBitte,200,M1_alpha3,True,48.128303287986306,,17.250897496182333,50.60535914496498,68.03805895250474,43.95302506983257,,17.250897496182333
Luegen,149,M1_alpha3,True,42.17610678406325,,12.35477086299595,31.363447817257402,41.220438463830156,28.14101882804426,,12.354770862995952
Luegen,151,M1_alpha3,True,43.42789593309808,,13.348052048579882,32.70524642338094,42.17521501569985,29.2265655182214,,13.348052048579882
Luegen,153,M1_alpha3,True,42.00311389147984,,12.627246475362023,31.77161501881145,41.15873610578349,28.450566767855403,,12.627246475362023
Luegen,155,M1_alpha3,True,36.120013249998905,,12.261362136440473,26.783103625090227,37.170905741641334,23.90828970451726,,12.26136213644047
Luegen,157,M1_alpha3,True,37.51197687392756,,11.822715071661,28.436920477783463,38.6925822468707,25.259992524276274,,11.822715071661
Luegen,159,M1_alpha3,True,36.617277380067094,,11.66860561394337,28.824867129992963,36.61493169342246,25.673645316679497,,11.66860561394337
Muell,160,M1_alpha3,True,37.02149571841103,,15.559280209377128,29.036813190142723,43.61358467477819,25.277938111688197,,15.559280209377134
Muell,162,M1_alpha3,True,36.613263125179955,,13.655674567753305,26.381595513584895,38.52929653875654,23.231431427105754,,13.655674567753302
Muell,164,M1_alpha3,True,40.49923941423769,,12.751071109900742,28.2198329247365,39.581064442542214,25.190981379465185,,12.751071109900739
Muell,166,M1_alpha3,True,39.4294542108834,,8.647341470517627,29.35301937920903,39.067493765903485,26.032053390251978,,8.647341470517627
Muell,168,M1_alpha3,True,38.62717540348627,,7.914589890374598,29.02392704288025,38.42035993047202,26.02073324582349,,7.914589890374598
Muell,170,M1_alpha3,True,41.61745971447861,,9.853264415714781,30.194310112194447,41.96977377526113,26.797954288460758,,9.853264415714781
Mutter,186,M1_alpha3,True,51.91962277411362,,8.651142645104954,46.10903956320207,59.04553811718024,40.58247404428209,,8.651142645104954
Mutter,188,M1_alpha3,True,51.54668590053523,,9.01127712115053,45.283908120823426,56.86304878531551,39.996264846596915,,9.01127712115053
Mutter,190,M1_alpha3,True,48.29407257227569,,7.534271711780966,41.37169880980108,52.439321926326606,36.53079835305226,,7.534271711780965
Mutter,192,M1_alpha3,True,49.65723007338037,,7.582396247006233,41.61264903565893,51.28043026425597,36.782337616735106,,7.582396247006233
Mutter,194,M1_alpha3,True,44.79742156427187,,8.077224715826247,34.01928376078445,43.00071877990913,30.136124182555044,,8.077224715826247
Mutter,196,M1_alpha3,True,46.70968076500944,,7.582019662105969,31.532493990271497,41.19773962419531,28.611742558785725,,7.582019662105969
Mutter,198,M1_alpha3,True,41.70237389609874,,8.002897064068616,28.903413963566045,38.45161890200197,25.591968855065293,,8.002897064068616
Mutter,200,M1_alpha3,True,41.066710848452765,,7.369575714263214,27.064446929658658,38.477466330097826,23.850316286509553,,7.369575714263215
Mutter,202,M1_alpha3,True,42.976108466623884,,7.630698220299748,28.899102503836254,42.76661486618061,25.471632409974017,,7.630698220299748
Mutter,204,M1_alpha3,True,43.06641305478411,,9.005600908138277,35.62807136273165,54.01539026019688,30.595782728633612,,9.005600908138275
Mutter,206,M1_alpha3,True,47.148195988352484,,11.293215257404192,42.097900238118626,63.414309044698264,36.48404009695005,,11.293215257404192
Naehen,201,M1_alpha3,False,40.794919242041885,19.769977291379643,9.84086168720066,24.03375266336816,35.424885855300275,21.663897639751823,19.769977291379643,9.84086168720066
Naehen,203,M1_alpha3,False,36.454820382327654,23.105848830773866,10.402284985574411,23.498407067115426,31.029036835534338,21.070803937562,23.105848830773866,10.402284985574411
Naehen,205,M1_alpha3,False,37.555644985782116,19.749600228770074,10.96172946538807,25.69326961807995,37.237126237489875,22.71327326189797,19.749600228770074,10.961729465388068
Naehen,207,M1_alpha3,False,37.76962972655649,19.621755219325237,10.506079050941691,25.6672495328299,37.106334375862744,22.67900411939972,19.621755219325237,10.506079050941691
Naehen,209,M1_alpha3,False,36.27979102941714,18.74258189260293,10.51833309245309,23.143607585512402,30.81938996229178,20.80176483049896,18.74258189260293,10.51833309245309
Naehen,211,M1_alpha3,False,38.02946078333812,19.747900476054955,10.692427537921768,25.27663669787826,36.23306401190029,22.375642904932334,19.747900476054955,10.692427537921768
Naehen,213,M1_alpha3,False,36.622923159268886,22.905736611359092,11.015418360962714,21.46002192997375,30.076776652222943,18.96565247595289,22.905736611359092,11.015418360962714
Naehen,215,M1_alpha3,False,39.320545835838125,19.819475074810107,10.653376459781779,26.353588272751413,39.402889670118405,23.183953181293827,19.819475074810107,10.653376459781779
Naehen,217,M1_alpha3,False,37.64682993366867,17.77723077514704,11.429385698776564,23.472141935297124,31.32422118592679,21.064138816241112,17.77723077514704,11.429385698776564
Naehen,219,M1_alpha3,False,36.89196221327729,16.664036289938128,11.332716259346515,26.22912546730159,35.19824488412269,23.563531947762996,16.664036289938128,11.332716259346515
Naehen,221,M1_alpha3,False,37.550391347693306,14.417266739551293,10.584179971585545,26.125656480144766,36.60723769671178,23.083579131944443,14.417266739551293,10.584179971585543
Naehen,223,M1_alpha3,False,35.981375388608534,14.39914292431216,10.532008871412117,25.553544102319346,32.15025596484189,22.951957401698614,14.399142924312162,10.532008871412117
Naehen,225,M1_alpha3,False,35.87027396293082,13.58685774596584,10.359700343613719,30.070336436019506,38.28135314696766,27.094982706405045,13.58685774596584,10.359700343613719
Naehen,227,M1_alpha3,False,38.15237578030921,13.016401171689127,11.199344652440926,35.48027340436591,42.19775149294417,31.71023163888876,13.01640117168913,11.199344652440926
Naehen,229,M1_alpha3,False,45.54539186104522,24.768727780778825,13.064402137759611,47.25215459031067,62.46377584752845,41.71177137489752,24.768727780778825,13.064402137759611
Nebel,196,M1_alpha3,False,43.32747998346708,16.72408169044899,7.746932808468513,35.92248159044465,58.412668199243676,30.889280210257493,16.724081690448987,7.746932808468513
Nebel,198,M1_alpha3,False,53.20593702449861,18.58471225664965,8.04803997759781,45.057065143216214,68.2726796905899,39.024424476433246,18.584712256649645,8.048039977597808
Nebel,200,M1_alpha3,False,46.19131597118804,21.55437647679015,8.791419720126813,39.48290114870816,56.48634092255457,34.494187381714774,21.55437647679015,8.791419720126813
Nebel,202,M1_alpha3,False,46.790820519927316,16.015485246020376,10.88905872570066,42.07361301776986,57.77921521211365,37.13682204573168,16.015485246020376,10.88905872570066
Nebel,204,M1_alpha3,False,41.99167524361152,15.957855907116878,11.472229959116028,35.03611859033008,48.1402895226663,30.787861896059642,15.957855907116878,11.472229959116028
Nebel,206,M1_alpha3,False,44.866762068224304,18.234272050901147,14.204623050852287,38.23265092187259,57.451475500530826,32.89762620559961,18.234272050901144,14.204623050852287
Nebel,208,M1_alpha3,False,47.41488459129768,18.891486008348704,13.026886834398265,46.38376712198039,73.70599486083485,39.62499010606488,18.891486008348704,13.026886834398265
Neu,134,M1_alpha3,False,44.55944475016036,15.094044840556087,11.284774084054987,33.166445903045826,45.52447701680809,29.667505377847906,15.094044840556087,11.284774084054987
Neu,136,M1_alpha3,False,45.156953819183684,14.464674597997936,11.577757969908976,34.96490391504284,49.546947178185995,30.982601734052555,14.464674597997936,11.577757969908976
Neu,138,M1_alpha3,False,41.09243335503622,26.80542731368367,10.128973153759611,30.089554158627003,43.89506221927735,27.141997424356504,26.80542731368367,10.128973153759611
Neu,140,M1_alpha3,False,44.22493954286684,14.01636803637175,10.01557974308026,36.75577823458074,55.90321723729332,32.57275599922286,14.01636803637175,10.01557974308026
Neu,142,M1_alpha3,False,40.519568104136475,28.913552234188096,10.082288485712953,30.862230836552,46.19142126092247,27.652385932452432,28.913552234188096,10.082288485712953
Neu,144,M1_alpha3,False,43.34730948228652,15.225696979497327,10.575583043125272,36.668353170135546,54.66521752549438,32.21857546283349,15.225696979497327,10.575583043125272
Neu,146,M1_alpha3,False,39.791602398455815,25.534055059053987,10.446941072654841,28.27237897416182,41.08677741623875,25.746968880230757,25.534055059053983,10.446941072654841
Neu,148,M1_alpha3,False,40.16860452652781,21.696745632267305,9.56230995566318,24.632739535181475,34.275003685331164,22.368503367261724,21.69674563226731,9.56230995566318
Neu,150,M1_alpha3,False,45.0945888559044,15.236513093124644,10.840356297000639,31.96200743529967,46.194872495459585,28.786339565347422,15.236513093124644,10.840356297000639
Neu,152,M1_alpha3,False,45.94801282479756,13.114141567324996,9.590645153352389,33.435202823598196,50.290222995571455,29.743131982393237,13.114141567324996,9.590645153352387
Neu,154,M1_alpha3,False,39.35822091689315,28.321310249325432,7.832881824462569,30.062123798066633,40.94724177815012,26.86339513440836,28.321310249325432,7.832881824462569
Neu,156,M1_alpha3,False,41.33338476290374,13.593193025595033,6.48186402552893,31.49435305715359,47.611377183491676,27.730660548099543,13.593193025595037,6.48186402552893
Neu,158,M1_alpha3,False,36.79605466548503,27.840824836468006,5.919209298484058,25.52575206854731,34.69309058405739,22.710384480355106,27.840824836468006,5.919209298484058
Neu,160,M1_alpha3,False,44.75418594024871,18.607898958674816,8.863786668794145,33.80011832607504,52.5127646899664,29.32887658579014,18.607898958674816,8.863786668794145
Neu,162,M1_alpha3,False,41.50694410057632,30.681447778637736,10.591141956453239,32.89007811113386,42.796619814986876,29.095178939175426,30.681447778637736,10.591141956453239
Neu,164,M1_alpha3,False,44.44009477315917,20.522582285782757,12.98590302685369,34.356663594650925,50.84883559050221,29.78472382471019,20.522582285782757,12.985903026853688
Neu,166,M1_alpha3,False,39.798394248645735,25.939097136789282,14.899350091579299,31.47392315214173,42.62033581811636,28.2017293154089,25.939097136789286,14.899350091579297
Neu,168,M1_alpha3,False,43.75111376774735,37.75452236131412,18.50427797161726,41.96711779783614,54.927224218210995,37.239443806796565,37.754522361314116,18.50427797161726
Operieren,261,M1_alpha3,False,40.22200550150084,13.53712224153712,10.60734397823167,30.37931596884456,44.11811326074448,26.47083042577601,13.53712224153712,10.60734397823167
Operieren,263,M1_alpha3,False,37.71132299383653,21.334954508512208,10.513201653958749,24.800016044188194,37.96528649304296,21.561172434751597,21.334954508512208,10.513201653958749
Operieren,265,M1_alpha3,False,37.76247418939275,23.117217902653337,10.881724021113747,24.352838246936248,36.79363811676882,21.194811404469306,23.117217902653337,10.881724021113747
Operieren,267,M1_alpha3,False,40.27784364597911,14.758985960172947,11.05756716469644,28.631235070556592,43.3904995098869,24.848389260678555,14.758985960172948,11.05756716469644
Operieren,269,M1_alpha3,False,36.95429010370091,21.854017643842216,10.21404528268118,23.758714666848714,36.69804311420324,20.429125128947526,21.854017643842216,10.21404528268118
Operieren,271,M1_alpha3,False,43.66491729089425,14.772945871140276,9.604297287558634,29.792399859837357,46.0847994414406,25.72101945868576,14.772945871140276,9.604297287558635
Operieren,273,M1_alpha3,False,35.122289992092384,23.176635402163573,8.781739732466221,23.6262766166746,36.21671966969613,20.143648100879133,23.176635402163573,8.781739732466221
Operieren,275,M1_alpha3,False,40.86167224518537,13.358192635521918,6.838665511271338,27.276653311002512,43.36931902395222,23.36441623167864,13.358192635521918,6.838665511271338
Operieren,277,M1_alpha3,False,42.50166513873892,22.150194708674924,5.928164296810973,25.50441497057602,37.01488967708917,22.01836521395014,22.150194708674924,5.928164296810972
Operieren,279,M1_alpha3,False,41.570397750125814,11.797720837019593,6.865134675459501,27.58135870144443,44.10507460517697,23.74425128791577,11.797720837019593,6.865134675459501
Operieren,281,M1_alpha3,False,37.823168100204896,23.01897258594057,9.01869965329741,29.346377854133337,39.26154538455144,25.65172782226789,23.01897258594057,9.01869965329741
Operieren,283,M1_alpha3,False,38.72363814050388,12.708587950213456,11.61702377106227,32.50927061321859,46.17270871841451,28.164286221381854,12.70858795021345,11.61702377106227
Operieren,285,M1_alpha3,False,38.65441725104752,15.029538306084415,11.068489387208686,31.176625654274165,39.94248712908516,27.49018894002615,15.029538306084415,11.068489387208686
Operieren,287,M1_alpha3,False,34.23137958845182,13.68549465567107,11.23732906852024,28.265068308275854,35.32956667151831,25.084434609366674,13.68549465567107,11.23732906852024
Operieren,289,M1_alpha3,False,41.23570340305876,15.493895153942189,9.950305229452255,37.010926661651595,40.335598250786624,33.423382564762186,15.493895153942189,9.950305229452255
Operieren,291,M1_alpha3,False,42.60110831736929,10.234560613872763,11.216449788608267,40.992479570298954,53.39937808934695,36.156596160013514,10.234560613872763,11.216449788608267
Operieren,293,M1_alpha3,False,42.86373964761512,17.930906132893014,12.267293935495779,43.53944531404187,50.82199492736753,38.93562135218096,17.930906132893014,12.267293935495779
Operieren,295,M1_alpha3,False,47.975438266968354,24.39263466997078,14.991605902064515,50.82896491264807,60.091852784388195,45.41182915044307,24.39263466997078,14.991605902064512
Operieren,297,M1_alpha3,False,48.900392008969746,27.44610219462483,19.62448553240099,52.92596142333182,68.96339460824915,46.74048309130321,27.44610219462483,19.624485532400996
Regen,196,M1_alpha3,False,48.070377422139174,24.368977217819367,13.571840698998976,48.81851139027426,55.221387920169036,43.91617638969062,24.368977217819367,13.571840698998976
Regen,198,M1_alpha3,False,44.873523593212425,9.479855703522212,12.700817269562164,41.343385946440584,47.39068171235099,37.19172476667531,9.479855703522215,12.700817269562162
Regen,200,M1_alpha3,False,45.90352827142829,11.470057185731644,12.349273779711023,42.15858650848936,48.73660885502391,37.85355341284267,11.470057185731644,12.349273779711023
Regen,202,M1_alpha3,False,50.37802268086724,20.180976345549347,11.226541246077755,50.88574733514354,53.75689197306114,46.07447559308226,20.180976345549347,11.226541246077756
Regen,204,M1_alpha3,False,45.73555226796891,12.26033325356521,11.436340482961475,43.32949854858441,46.408086925148154,39.36436422713589,12.26033325356521,11.436340482961475
SauerWuetend,191,M1_alpha3,True,48.81252271773461,,11.288916357969821,40.39274250699917,47.62610583283587,36.549363493488464,,11.288916357969821
SauerWuetend,193,M1_alpha3,True,50.95908406644623,,13.019076099776306,42.67371257957107,49.440414249759485,38.07859974137626,,13.019076099776308
SauerWuetend,195,M1_alpha3,True,51.777515485435316,,11.539823249119703,41.18380965277242,47.538380709252834,37.06994785341797,,11.539823249119703
SauerWuetend,197,M1_alpha3,True,49.383130965554734,,10.50383961691295,39.288206567393146,46.57171644050938,35.2577602045827,,10.503839616912952
SauerWuetend,199,M1_alpha3,True,45.803789139208774,,12.363589412832791,35.61233680777751,41.97914815448569,32.131730722718245,,12.363589412832791
SauerWuetend,201,M1_alpha3,True,40.32227528955652,,8.72884064199662,28.569393570811147,39.018196466804255,25.94100726095964,,8.72884064199662
SauerWuetend,203,M1_alpha3,True,41.32637085147178,,8.77821608411423,27.39781764102288,39.954070690672935,23.994963991075753,,8.77821608411423
SauerWuetend,205,M1_alpha3,True,40.16227282453995,,8.100249719760468,28.854555837760852,40.91217584440595,25.716150644936487,,8.100249719760468
SauerWuetend,207,M1_alpha3,True,39.78630894473031,,8.874909460482518,28.848803637067004,40.85928727195483,25.436821340203426,,8.874909460482518
SauerWuetend,209,M1_alpha3,True,37.59581004419377,,10.66714107242054,30.24406868083438,42.131342034418694,26.550416533170836,,10.66714107242054
SauerWuetend,211,M1_alpha3,True,44.75910397835048,,15.823194787909536,38.6046657806807,56.70183756104759,33.71313484396899,,15.823194787909538
Schreiben,209,M1_alpha3,False,50.5942939196479,10.209056695723602,8.010063313160211,38.02582333105445,59.57674933839882,32.332652237108434,10.209056695723602,8.010063313160211
Schreiben,211,M1_alpha3,False,45.549535276418794,10.70370199706165,8.021937259651109,31.84446444326022,50.33782680514954,27.05562777916928,10.70370199706165,8.021937259651109
Schreiben,213,M1_alpha3,False,45.81053243997404,8.92414065428202,9.336828267058483,35.258337909180234,56.97915207320958,29.849155173171518,8.92414065428202,9.336828267058484
Schreiben,215,M1_alpha3,False,39.90434927123791,9.842950202580056,7.941530272246275,32.768525231707535,48.95619809658013,28.283345765247127,9.842950202580056,7.941530272246275
Schreiben,217,M1_alpha3,False,44.39998319439118,9.316177256656431,8.143535552941328,31.188973960527967,49.99694435986559,26.929088347074263,9.316177256656433,8.143535552941328
Schreiben,219,M1_alpha3,False,41.70020948382437,10.343957162801729,9.733938056678708,25.394385533223407,38.18236989972739,22.134888690783463,10.343957162801729,9.733938056678708
Schreiben,221,M1_alpha3,False,41.76891027674242,9.947396144944369,11.313988225395086,39.79828057169664,53.99949476716803,34.80803528115097,9.947396144944369,11.313988225395086
Schreiben,223,M1_alpha3,False,46.728918833380774,9.91975116772669,12.88533843464703,48.34850207149938,62.51043800480806,42.73555680298891,9.919751167726691,12.88533843464703
Schreiben,225,M1_alpha3,False,44.99952296495897,12.04766160041336,13.419133854194667,45.31242469739096,56.90664539868992,40.34846550986915,12.04766160041336,13.419133854194667
Schreiben,227,M1_alpha3,False,54.04859438092274,8.246330925567289,13.55862660213124,55.19463606092384,56.330863765818506,50.1878712542932,8.246330925567289,13.55862660213124
Schreiben,229,M1_alpha3,False,54.17599775199253,7.420204754670432,14.360243187092514,51.093696200380414,56.41389686522728,45.95977150397641,7.420204754670432,14.360243187092514
Schwach,188,M1_alpha3,False,52.33590932288154,11.93720675979078,10.325738937265497,52.64509599769359,60.867970387458,47.68869348092677,11.93720675979078,10.325738937265497
Schwach,190,M1_alpha3,False,50.6925448863294,11.575259739013653,10.514136661694927,48.58181071055121,64.78559382019365,42.71884626399109,11.575259739013653,10.514136661694927
Schwach,192,M1_alpha3,False,51.30749111615494,11.712351101182215,10.229053487707906,52.274373224275436,59.657758814364776,47.37025358619151,11.712351101182215,10.229053487707908
Schwach,194,M1_alpha3,False,52.53298829783393,12.146492815859318,10.376248611094136,52.01737832440231,65.03893945680275,46.321169545150326,12.146492815859318,10.376248611094136
Schwach,196,M1_alpha3,False,51.65917052956642,11.278062249723071,9.992996145488263,50.6161748787306,62.57139085111409,45.09032727582354,11.278062249723071,9.992996145488263
Schwach,198,M1_alpha3,False,48.48343743074184,11.185617724924942,10.194216348056571,47.98367830674475,59.413491822892084,42.82869266779906,11.185617724924942,10.194216348056571
Schwach,200,M1_alpha3,False,51.507273163986845,12.037732836418396,9.783603875184852,50.3066081998025,61.59805746626637,45.0640764460104,12.037732836418396,9.783603875184852
Schwach,202,M1_alpha3,False,51.451314924937265,11.995575054005124,10.315798144577002,50.916895218886914,61.32657863880176,45.61999338020959,11.995575054005124,10.315798144577002
Schwach,204,M1_alpha3,False,52.39957579490192,11.720565098221634,11.4091261389659,50.48732912985852,55.5136849693629,45.80360776528489,11.720565098221634,11.4091261389659
Schwach,206,M1_alpha3,False,53.626018377259136,11.799638976590323,10.725022625506249,52.282828841545765,56.87329800704521,47.50404178479824,11.799638976590323,10.725022625506249
Schwach,208,M1_alpha3,False,54.693321341084676,12.549345751190552,10.38412913789687,53.885827346037864,54.83182904994618,49.171430695771974,12.549345751190552,10.38412913789687
Schwach,210,M1_alpha3,False,61.826534456611775,14.278722373879353,11.771648216219594,62.11130945195057,65.87587536687529,56.1616981807215,14.278722373879353,11.771648216219594
Schwach,212,M1_alpha3,False,59.59769657483016,14.931193176831574,11.911797745725455,60.56140186129582,62.55249229791866,55.000814235203634,14.931193176831574,11.911797745725455
Schwach,214,M1_alpha3,False,60.69189611567832,13.721752736623056,16.93473001017924,60.90580872818182,64.18319921130148,55.06755585280354,13.721752736623056,16.93473001017924
Schwer,199,M1_alpha3,False,36.704011642302206,19.00218558285149,15.997205473256264,26.24996942478669,39.00979848112687,22.867669063787833,19.00218558285149,15.997205473256264
Schwer,201,M1_alpha3,False,40.13479953669724,17.936349829579854,15.789728786497276,24.902569426764167,35.63686667351333,22.643666231928034,17.936349829579854,15.789728786497276
Schwer,203,M1_alpha3,False,41.32364413090533,17.270812132584485,16.165126461876902,24.981922337695092,36.154740491572916,22.702477763357408,17.270812132584485,16.165126461876905
Schwer,205,M1_alpha3,False,41.79516578998356,15.399785304364164,16.298045739218285,26.05915790803266,35.75358370747298,23.800378118903396,15.399785304364164,16.29804573921828
Schwer,207,M1_alpha3,False,42.52206730594409,18.100169540801666,15.940285739713435,28.895294758549294,43.310442662158806,25.83343951690443,18.100169540801662,15.940285739713435
Schwer,209,M1_alpha3,False,40.55008375604491,16.43689212049223,14.77235563113393,25.715052896165336,37.2000662873867,23.401802556503117,16.436892120492235,14.77235563113393
Schwer,211,M1_alpha3,False,38.038009230327944,16.376252446859183,14.400160467292032,28.723385060474882,33.67392096266758,25.90516630872612,16.376252446859183,14.400160467292032
Schwer,213,M1_alpha3,False,35.50061627651092,15.410530338016786,10.203274725393836,26.92139705952104,33.245713816801135,24.27424836148395,15.410530338016786,10.203274725393836
Schwer,215,M1_alpha3,False,39.02124234718122,14.935658784184497,9.95497636013907,24.847784259715286,37.094535316381794,22.34514929985604,14.935658784184497,9.95497636013907
Schwer,217,M1_alpha3,False,39.98195008815738,14.76376223685971,8.62731338582844,24.758690712664745,36.085970377806824,22.36525631037714,14.763762236859707,8.627313385828442
Schwer,219,M1_alpha3,False,36.28731499744397,14.00162269543441,7.388092641895086,25.221301035201414,33.792358834457055,22.275197192689443,14.00162269543441,7.388092641895084
Schwer,221,M1_alpha3,False,42.25853815652241,12.706266037342266,6.4229429114514,36.97834333640281,38.348881863504225,33.70481113319432,12.706266037342266,6.422942911451399
Schwer,223,M1_alpha3,False,54.745494929558035,13.71619657024595,7.021086206220672,52.32499418916891,55.954288110464866,47.37867749704202,13.71619657024595,7.021086206220672
Schwer,225,M1_alpha3,False,59.14409210501093,8.878613825014249,10.834492853615705,59.74543548907261,58.09625741769108,54.59379775454173,8.878613825014249,10.834492853615705
Sonne,198,M1_alpha3,True,43.00250388889971,,86.07706337443003,44.15715266262889,72.54251984466185,37.07063222733117,,86.07706337443003
Sonne,200,M1_alpha3,True,41.829974125396475,,85.53284198147065,38.63480036541132,68.95969683142735,32.01306847766954,,85.53284198147065
Sonne,202,M1_alpha3,True,42.356318171703236,,84.80386096375993,38.10292228375298,67.6183751410515,31.840054535017185,,84.80386096375993
Sonne,204,M1_alpha3,True,43.42067514048409,,83.19943360312762,37.937477096725644,66.8658481283947,31.39748067263225,,83.19943360312762
Sonne,206,M1_alpha3,True,43.33458167723869,,81.4156026199419,38.24297922969904,67.44020044324714,31.639789049158665,,81.41560261994188
Sonne,208,M1_alpha3,True,43.94535431690464,,78.95976655958225,39.12783165115243,69.46380528323542,32.40569482535962,,78.95976655958225
Sonne,210,M1_alpha3,True,36.906062798102816,,8.636371993218049,29.039002208118497,37.117985608721305,25.528658188455523,,8.636371993218049
Sonne,212,M1_alpha3,True,37.008191149785645,,5.681477316700643,25.362112363580454,33.63473666602009,22.25519887896915,,5.681477316700643
Sonne,214,M1_alpha3,True,41.685548326432496,,6.717410093666094,27.796327314102662,37.465423449636624,24.444022228169167,,6.717410093666094
Sonne,216,M1_alpha3,True,40.43015172330946,,6.839249741132663,26.2716806430582,38.06271725952336,22.933371060570583,,6.839249741132663
Sonne,218,M1_alpha3,True,40.91733445725869,,8.392837908104207,25.741223221808486,38.979365974467065,22.511575919656806,,8.392837908104207
Sonne,220,M1_alpha3,True,37.69426361303024,,8.374881789563537,28.431875675416162,40.16388810839158,24.64804227051514,,8.374881789563537
Sonne,222,M1_alpha3,True,40.58574327541917,,9.94860718512585,36.36162992545573,47.563587770329185,31.757265213286235,,9.94860718512585
Sonne,224,M1_alpha3,True,47.09625252181192,,11.769995310097745,43.91081603811394,55.12709371763521,38.79112201276974,,11.769995310097748
Sorry,196,M1_alpha3,True,49.472069521170354,,21.028661512926213,38.532245364878555,50.25465274098663,34.137164710623246,,21.028661512926213
Sorry,198,M1_alpha3,True,49.675180622043975,,17.85721457026705,41.9777213247763,53.79367450524032,37.13808785003645,,17.85721457026705
Sorry,200,M1_alpha3,True,51.908711042830504,,19.114406458943392,42.16280021121574,53.5211646594282,37.24739078982888,,19.114406458943392
Sorry,202,M1_alpha3,True,48.03680213979764,,17.099909974360624,36.31896891137935,46.65941302575111,32.02350580099191,,17.099909974360624
Sorry,204,M1_alpha3,True,44.97374007358034,,18.329697188400125,36.81498262470114,50.08189206081635,31.74567416555576,,18.329697188400125
Sorry,206,M1_alpha3,True,43.36218387352949,,13.951439235002205,34.47082006192211,43.969622701172675,29.99280409743558,,13.951439235002205
Sorry,208,M1_alpha3,True,42.5035318762196,,11.589590735842028,35.101594946006045,44.247601947141995,30.600897871199187,,11.589590735842028
Sorry,210,M1_alpha3,True,38.6622474785482,,11.587019824672305,30.805793148234592,39.97065234164658,26.877757722880094,,11.587019824672309
Sorry,212,M1_alpha3,True,41.108213340566955,,11.669743755574192,29.766987707947997,38.78442512655992,26.06088449643462,,11.669743755574192
Sorry,214,M1_alpha3,True,38.230891187339104,,11.143569854963836,28.5016295245875,37.78387819546981,25.174278766029307,,11.143569854963836
Sorry,216,M1_alpha3,True,35.61164721844336,,10.03029369057903,27.376393104719295,35.835669525148845,24.18784994966319,,10.030293690579029
Sorry,218,M1_alpha3,True,35.25435883953333,,10.476829034194614,25.718520476583677,35.34434997368211,22.525316988302432,,10.476829034194614
Sorry,220,M1_alpha3,True,38.60308355759603,,9.074495832819045,32.95774084390955,46.2055684342594,28.219087470918595,,9.074495832819045
Sorry,222,M1_alpha3,True,40.596469052244174,,8.978840822987461,39.0140823754068,54.01062412413062,33.32282395553497,,8.97884082298746
SparenSparsam,191,M1_alpha3,False,36.43301723543655,10.977811939443711,11.521272186589224,26.619448386788335,37.90820027351581,23.41631204577777,10.977811939443711,11.521272186589224
SparenSparsam,193,M1_alpha3,False,35.85739664413801,16.278028257884632,12.012071687503834,23.40625646133436,33.615481251292486,20.62605289753209,16.278028257884632,12.012071687503836
SparenSparsam,195,M1_alpha3,False,38.486158871956306,13.166886037078687,10.941593343928252,24.727901060175267,36.712022359981916,21.399668438984424,13.166886037078687,10.941593343928252
SparenSparsam,197,M1_alpha3,False,40.44539364740916,12.75287570917985,10.019525583241085,27.033918199546456,38.35182771575247,23.771521861323848,12.75287570917985,10.019525583241085
SparenSparsam,199,M1_alpha3,False,38.3245862197413,13.026278477358371,10.399041819424827,27.78317604119019,40.21070978184387,24.510450554142924,13.026278477358371,10.399041819424827
SparenSparsam,201,M1_alpha3,False,39.694765419410565,12.748203738333828,12.358693505074092,35.14476057969956,48.5589588944119,30.768244460059336,12.748203738333828,12.358693505074092
SparenSparsam,203,M1_alpha3,False,46.52262437715898,32.774625566581655,11.38870363578432,42.10907982860941,59.9751773813323,36.63756997591938,32.774625566581655,11.388703635784323
SparenSparsam,205,M1_alpha3,False,41.67248144137233,15.600235752729459,10.70448833512261,37.5423917950745,44.916610193283056,33.75013342572857,15.600235752729459,10.704488335122612
SparenSparsam,207,M1_alpha3,False,42.33456767031096,35.43452599677917,11.979258175476973,34.82477422362716,45.7106327647419,30.88572747220656,35.43452599677917,11.979258175476973
Spezial,165,M1_alpha3,False,36.49387749403917,12.524389562855731,13.871256458992086,26.357151753670696,33.86958171150629,23.79776932407395,12.524389562855731,13.871256458992086
Spezial,167,M1_alpha3,False,34.18691472593964,12.474249568426561,13.76949237126552,25.929474645539837,35.02274686059858,23.05483629838539,12.474249568426561,13.76949237126552
Spezial,169,M1_alpha3,False,35.317938837919314,12.040521741695718,13.37703758252503,25.919474914017115,34.068116563399464,23.126496330337762,12.040521741695718,13.37703758252503
Spezial,171,M1_alpha3,False,35.54512707710042,11.05602489488512,13.093747155052673,25.6470946971668,31.602401542963648,23.062336956556496,11.05602489488512,13.093747155052677
Spezial,173,M1_alpha3,False,38.5381669175075,10.513818957690228,13.617792981822355,26.526429973769826,33.598777198521674,24.047899279773706,10.513818957690228,13.617792981822355
Spezial,175,M1_alpha3,False,35.91370334141216,11.085247021293776,11.659817104964377,24.581857340059646,31.790519912962306,22.250097251996216,11.085247021293776,11.659817104964377
Spezial,177,M1_alpha3,False,37.2775207571721,11.084594762861158,11.419681776268181,25.460097187454537,33.26620976507196,22.920990609044537,11.084594762861158,11.419681776268181
Spezial,179,M1_alpha3,False,37.58622433163709,9.013155593276155,9.814737639242125,26.354706087059693,31.986953483795396,23.926344429302404,9.013155593276155,9.814737639242125
Spezial,181,M1_alpha3,False,37.29463147873594,10.666131149707937,8.178003595783434,24.034018455661997,30.859171520575696,21.663610147986113,10.666131149707937,8.178003595783432
Spezial,183,M1_alpha3,False,37.30031734383961,12.906191715733714,8.399819738969727,24.81974029244563,30.57706585266234,22.42479231237904,12.906191715733714,8.399819738969727
Spezial,185,M1_alpha3,False,35.85445449691494,15.120223699234769,8.878611419189976,26.748404464950173,30.637097878554044,23.856374365650133,15.120223699234769,8.878611419189976
Spezial,187,M1_alpha3,False,46.99900901577023,14.731819791800813,9.515932271265614,41.3366008596669,44.64029616489449,37.225045033874125,14.731819791800813,9.515932271265614
Spezial,189,M1_alpha3,False,48.310138787540666,15.720589558403812,10.636249775337891,47.91299985991802,47.275426338515814,43.81548909714628,15.720589558403812,10.636249775337893
Spezial,191,M1_alpha3,False,58.30110621373614,9.934629124126088,15.929957091798483,53.40290088280919,56.357730914944526,48.06690634561858,9.934629124126088,15.929957091798483
Tisch,169,M1_alpha3,False,37.81372554421443,13.170424342739178,15.33370971880881,29.82203796741569,44.952202033715004,25.65330287188732,13.170424342739175,15.33370971880881
Tisch,171,M1_alpha3,False,143.9752730579463,15.289034526705116,68.819641348054,184.80315932821333,291.31701966043596,157.05853155159238,15.289034526705116,68.819641348054
Tisch,173,M1_alpha3,False,143.16409627203296,13.735400393472727,69.0282729946731,186.22731704458064,293.9869893707276,158.28933599325973,13.735400393472727,69.0282729946731
Tisch,175,M1_alpha3,False,40.63144520492646,10.35847135428743,18.977249236454895,29.31654294693521,42.86943608384557,24.962337440124355,10.35847135428743,18.977249236454895
Tisch,177,M1_alpha3,False,43.68616550671947,16.807582543125093,19.264954435155612,34.582420141790855,48.73330571748354,29.879909322149025,16.807582543125093,19.264954435155612
Tisch,179,M1_alpha3,False,42.67484406710688,12.352887135794148,15.967287956111301,34.54607958850796,50.12143622711716,29.610497883752767,12.352887135794145,15.967287956111301
Tisch,181,M1_alpha3,False,40.967093520662374,15.824199548630627,16.15914248427234,30.094023211251564,41.974945905685836,25.8562504094045,15.824199548630627,16.15914248427234
Tisch,183,M1_alpha3,False,44.68666609056374,12.698494394118333,15.031646799656064,32.8379821643016,46.1401456473588,28.253385478093644,12.698494394118333,15.031646799656064
Tisch,185,M1_alpha3,False,42.96878555711313,13.217289775369931,16.44684455612658,34.88769200598835,47.653849026849535,30.156724168543395,13.217289775369931,16.44684455612658
Tisch,187,M1_alpha3,False,42.78074015745484,14.927559636918197,17.64849382789546,33.647156281851686,45.26011753698374,29.120825820135,14.927559636918197,17.64849382789546
Tisch,189,M1_alpha3,False,41.570074733461816,13.414393920216092,15.282605582921132,33.39215436334287,46.28834701241887,28.879068915065343,13.414393920216092,15.282605582921132
Tisch,191,M1_alpha3,False,38.39616756134545,13.214452384640065,14.433129196741927,32.61212810339389,46.9175657162317,28.00205615727595,13.214452384640065,14.433129196741927
Tisch,193,M1_alpha3,False,44.11510531966723,13.179545900270307,11.915314243291686,35.96244882154069,52.46873443694925,30.90677530239429,13.179545900270307,11.915314243291684
Tisch,195,M1_alpha3,False,43.66439879429243,10.860544474977175,11.138313603550642,32.70573734268944,50.43117457096651,27.788916856348717,10.860544474977175,11.138313603550642
Tisch,197,M1_alpha3,False,44.297866921096116,10.673701432947633,11.815737174662168,35.29559497034678,51.4488866969953,30.334602945531095,10.673701432947633,11.815737174662168
Tisch,199,M1_alpha3,False,42.179542421380894,10.723464119909995,12.166296384565388,30.124415649396965,43.21323136842297,26.17729067826877,10.723464119909995,12.166296384565388
Tisch,201,M1_alpha3,False,44.12891736367382,11.541889003160062,13.119903467477734,34.41043389692392,44.82352583644571,30.44033291320076,11.541889003160062,13.119903467477734
Tisch,203,M1_alpha3,False,46.25210282792197,13.837577471087773,12.365766126084878,40.27754149569561,48.43587889194902,36.13227488512923,13.837577471087773,12.365766126084875
Tisch,205,M1_alpha3,False,58.62462953702111,15.222245741206569,14.029101049718419,61.73048088654276,78.22278940844471,55.13225411695381,15.222245741206569,14.029101049718419
Tisch,207,M1_alpha3,False,56.327716723750214,10.548237100834584,14.050041371492304,56.91609031316128,67.9919978055173,51.3827822996747,10.548237100834584,14.050041371492304
Tisch,209,M1_alpha3,False,62.50427536474383,16.352858158343132,27.151026524387927,59.61912000028993,60.84675692247857,54.23144908959837,16.352858158343132,27.15102652438793
Treffen,188,M1_alpha3,False,45.89225731588188,14.692797476113475,9.628412269992161,23.897319348853678,38.34327187654699,20.17515274260813,14.692797476113475,9.628412269992161
Treffen,190,M1_alpha3,False,42.27224728740269,18.81332426986996,8.79201883560124,20.52132131977015,30.215289175723928,17.652469158571204,18.81332426986996,8.79201883560124
Treffen,192,M1_alpha3,False,42.84110924051762,20.558653395782677,9.075257623942642,21.31718281323915,31.086327574688024,18.348426788772684,20.558653395782677,9.075257623942642
Treffen,194,M1_alpha3,False,43.55859306343635,14.912696511128601,8.459718282909268,28.284730964854205,40.530828362802325,24.60175336213869,14.912696511128601,8.45971828290927
Treffen,196,M1_alpha3,False,44.15917311902362,17.881033575052946,8.158236828799696,23.73170825885379,30.379814852710325,21.078767866624613,17.88103357505295,8.158236828799694
Treffen,198,M1_alpha3,False,45.36758885155267,18.54452175701927,7.95100103308603,21.378002210492685,29.995099994671257,18.533131448664754,18.54452175701927,7.951001033086033
Treffen,200,M1_alpha3,False,44.9322479428985,19.577903102527266,8.935821100660753,22.17461479748174,32.44538274542566,19.07124817989479,19.577903102527266,8.935821100660753
Treffen,202,M1_alpha3,False,45.019098531126915,12.51119697873337,8.194931734014554,29.46656917055504,32.80048845096304,26.475947889753936,12.511196978733373,8.194931734014554
Treffen,204,M1_alpha3,False,45.58709573287843,12.66836750071973,7.580888180578684,33.5062687851172,36.755927638893176,30.099975549719513,12.668367500719732,7.580888180578686
Treffen,206,M1_alpha3,False,40.02462137454263,13.378644361082038,7.457864097306519,28.47694959560422,34.968075629427716,25.827624632050988,13.378644361082038,7.457864097306517
Treffen,208,M1_alpha3,False,43.754544330093246,34.112858961058045,8.896379438259238,35.13769411860635,43.754302872231605,31.44311085118663,34.112858961058045,8.896379438259238
Treffen,210,M1_alpha3,False,46.21030015502374,26.507423421666203,8.669680713061538,42.525606966195134,46.04576046233974,38.83778755551539,26.507423421666203,8.669680713061538
Treffen,212,M1_alpha3,False,52.90233748762634,21.614026347892512,31.6995660846556,51.39422957050181,40.89095182288771,48.55217951083513,21.614026347892512,31.6995660846556
Treffen,214,M1_alpha3,False,52.25852954348424,36.36343449237836,25.68736061916712,51.15346327098891,44.275194840504135,48.08413082845581,36.363434492378374,25.68736061916712
Vater,205,M1_alpha3,True,48.45107781325532,,11.499662070428084,44.390868326461415,61.03683144977248,38.239675867952016,,11.499662070428084
Vater,207,M1_alpha3,True,46.22150620597145,,11.418818580194065,41.5375276047863,55.36789739267913,36.07980534595433,,11.418818580194065
Vater,209,M1_alpha3,True,46.31194536087516,,12.127890973981755,42.172211700653804,56.81837278520896,36.556790051833076,,12.127890973981755
Vater,211,M1_alpha3,True,44.64669186623102,,12.013010741691506,37.37288111281878,48.82698060630169,32.74749506235674,,12.013010741691506
Vater,213,M1_alpha3,True,41.12021959072061,,11.159662938675066,34.97517178482546,45.79535279827185,30.524316237857402,,11.159662938675062
Vater,215,M1_alpha3,True,39.33939683302003,,11.14895335318761,28.39579746066112,38.10084551537906,25.010727733818285,,11.14895335318761
Vater,217,M1_alpha3,True,35.425508410439605,,11.080203735797538,25.59574774061746,39.23698806815943,22.209934648605273,,11.080203735797538
Vater,219,M1_alpha3,True,37.506180000692524,,11.285765835681842,24.456378844686757,35.48115793747365,21.280641026543524,,11.285765835681842
Vater,221,M1_alpha3,True,39.108844249607934,,10.540329688993845,26.471008797557882,39.803495961867704,23.110813680388453,,10.540329688993845
Vater,223,M1_alpha3,True,40.37057599838113,,10.56024789800354,28.466941394763882,43.11040363835925,24.92884184816924,,10.56024789800354
Vater,225,M1_alpha3,True,40.68909491160767,,11.87214311172786,36.146781142303524,55.58265325466731,31.00618763471443,,11.872143111727857
Vater,227,M1_alpha3,True,42.509610513632204,,12.188711582883156,43.08804261672359,62.101454802882884,36.90051434087259,,12.188711582883156
Verschieden,224,M1_alpha3,False,36.65903542825389,18.032399744238347,16.390748233706418,29.146098747809578,43.27905495569936,24.91144306811313,18.032399744238344,16.390748233706418
Verschieden,226,M1_alpha3,False,39.59521988403525,18.70380166763239,16.848201517240767,32.872198089567426,43.11794327522818,28.756550615324876,18.70380166763239,16.848201517240767
Verschieden,228,M1_alpha3,False,40.00478829161904,14.728240324781586,15.230044025153639,31.062426739972896,45.790788912103444,26.800506941379197,14.728240324781586,15.23004402515364
Verschieden,230,M1_alpha3,False,41.99440703376278,17.99929908281055,13.111943012980026,38.42241384330808,48.11597212835519,34.01367725782674,17.99929908281055,13.111943012980026
Verschieden,232,M1_alpha3,False,40.620452635924,16.825007247417968,10.657826854580138,33.31012461402217,45.92317977909956,29.342795436159065,16.825007247417965,10.657826854580138
Verschieden,234,M1_alpha3,False,46.55019601536724,18.918750042682888,11.169690514900578,46.02026763384103,61.94752268455099,40.459160709048994,18.918750042682888,11.169690514900578
Verschieden,236,M1_alpha3,False,48.58985510711266,17.340069163770075,12.72006626130285,48.29267516925863,64.91504077852959,42.50552700204521,17.340069163770075,12.72006626130285
VorsichtPassAuf,171,M1_alpha3,False,34.347619050202475,15.754381648744483,12.92489090491482,26.95617951210411,38.7187108049555,23.342476488605165,15.754381648744483,12.92489090491482
VorsichtPassAuf,173,M1_alpha3,False,37.91124784820853,15.381945842122837,11.90072665728628,31.00909517594684,36.778049617524246,27.805965558450684,15.381945842122837,11.90072665728628
VorsichtPassAuf,175,M1_alpha3,False,36.2229149642336,16.711139937529513,11.527173254538702,30.285715129867892,44.70231079272815,26.267589222924723,16.711139937529513,11.527173254538702
VorsichtPassAuf,177,M1_alpha3,False,35.32324421634938,14.890838980499284,10.996490270033323,25.62124928801804,36.4687399546089,22.118241911136987,14.890838980499284,10.996490270033323
VorsichtPassAuf,179,M1_alpha3,False,39.27315067175243,16.788917800601848,11.632586440883486,30.019035223075452,44.10317194862865,25.9081345121325,16.788917800601848,11.632586440883486
VorsichtPassAuf,181,M1_alpha3,False,35.82691159073692,14.699221910806745,11.297969660247075,27.5146869736537,41.541753154196954,23.57283881249282,14.699221910806745,11.297969660247075
VorsichtPassAuf,183,M1_alpha3,False,37.779747428307395,15.19671398625183,11.624310911352566,28.689286138967233,42.12635545548369,24.76100496104628,15.19671398625183,11.624310911352564
VorsichtPassAuf,185,M1_alpha3,False,38.36053693384285,15.590293937911492,11.006386157216099,25.815822669178484,36.936788159143575,22.22356517610801,15.590293937911492,11.006386157216099
VorsichtPassAuf,187,M1_alpha3,False,37.14939296815227,15.784513950455878,11.8220354805989,26.382043686348357,37.70731928536666,22.821178836023776,15.784513950455878,11.822035480598899
VorsichtPassAuf,189,M1_alpha3,False,38.1122390509088,17.405132526677317,11.566814766281103,30.113976032622077,44.35460118197714,26.011060426237876,17.405132526677317,11.566814766281103
VorsichtPassAuf,191,M1_alpha3,False,37.09553674790084,16.249542042276897,11.349902732268003,28.96369294445653,45.47864464331843,24.461922423194128,16.249542042276897,11.349902732268003
VorsichtPassAuf,193,M1_alpha3,False,35.27035904112622,15.647753185446911,11.675010129306383,25.884190042158625,35.802701877334854,22.330303222779634,15.647753185446911,11.675010129306385
VorsichtPassAuf,195,M1_alpha3,False,38.10385389582471,14.363927625856636,10.280250813051905,28.273016289295246,44.89787379669497,23.870159471490915,14.363927625856636,10.280250813051905
VorsichtPassAuf,197,M1_alpha3,False,36.162426866685436,17.15453371157615,10.54548781706646,25.118780513133064,38.950463297516386,21.1911397469764,17.15453371157615,10.54548781706646
VorsichtPassAuf,199,M1_alpha3,False,31.92625257184216,17.32483310010219,8.988572358221203,23.218340288698368,32.966507357457154,20.016688277763336,17.32483310010219,8.988572358221203
VorsichtPassAuf,201,M1_alpha3,False,33.426188618567316,16.369908120268516,8.281983045320695,24.58171207264888,34.36033235646616,21.349482416726616,16.369908120268516,8.281983045320695
VorsichtPassAuf,203,M1_alpha3,False,38.43992997322661,15.855739364213042,7.313594700492303,30.054160882514193,35.32591070822169,27.02684477709498,15.855739364213042,7.3135947004923025
VorsichtPassAuf,205,M1_alpha3,False,40.35181656359493,17.47033980044883,7.476195686220794,33.80680030274714,41.26756971736034,30.039736618247623,17.47033980044883,7.476195686220794
VorsichtPassAuf,207,M1_alpha3,False,61.52236963006274,14.748488713372703,8.528340160916784,61.57500820306645,61.13871587697552,56.20386237371553,14.748488713372703,8.528340160916782
VorsichtPassAuf,209,M1_alpha3,False,57.8483095921592,17.538800838504166,11.282031288633823,62.42678813289636,61.579135220741215,57.16699250049749,17.538800838504166,11.282031288633823
Waschen,189,M1_alpha3,False,42.502055422706775,22.636220893846183,14.638725921962955,23.51602544623378,35.38021799194254,20.54646718763912,22.636220893846183,14.638725921962957
Waschen,191,M1_alpha3,False,49.058189688728,23.337745823768426,15.90363030628162,29.675543767746824,48.44159130796801,25.67178906146183,23.337745823768426,15.90363030628162
Waschen,193,M1_alpha3,False,48.05175804074325,23.4682760488758,14.674590303975457,28.44391847751089,46.14825341615867,24.694566251505545,23.4682760488758,14.674590303975457
Waschen,195,M1_alpha3,False,53.061116816137705,22.441132352042164,14.312317269212175,32.240709541171405,39.45341256185107,29.164053580866156,22.441132352042164,14.312317269212175
Waschen,197,M1_alpha3,False,47.18396904296817,19.24951176077338,14.502719276992782,24.43019701924481,37.55737164271843,21.504157833442605,19.24951176077338,14.502719276992782
Waschen,199,M1_alpha3,False,56.66338419648595,21.240293626253415,14.265373312874361,34.22222491907095,54.34818802555084,29.86610504388493,21.24029362625342,14.265373312874361
Waschen,201,M1_alpha3,False,45.94599926523474,16.84545791742585,13.928011904957344,24.44103005050246,36.687227067516034,21.326725453776117,16.84545791742585,13.928011904957344
Waschen,203,M1_alpha3,False,48.602219468990555,21.484867079635432,13.858024506166375,29.28112377072128,48.07622053136126,25.51987838442977,21.484867079635432,13.858024506166375
Waschen,205,M1_alpha3,False,46.80324695730769,16.157238190644836,13.125225233212358,25.948672342368333,40.069866447373926,22.827733856397412,16.15723819064484,13.125225233212358
Waschen,207,M1_alpha3,False,48.0607850697401,16.497127069016578,13.309789167773078,27.957750422308948,44.34116717141762,24.36089631306691,16.497127069016578,13.309789167773078
Waschen,209,M1_alpha3,False,50.028080558125325,18.266702238798842,13.193019831184571,33.031614632120416,49.994332679999545,28.479226962467195,18.26670223879884,13.193019831184571
Waschen,211,M1_alpha3,False,47.88731127770547,17.568864864474982,12.784156277856066,30.94795382412632,49.71133999321699,26.56396712184472,17.568864864474982,12.784156277856066
Waschen,213,M1_alpha3,False,45.00549699576612,15.277994547680876,13.112705625712499,26.55310514729659,41.84567082510651,22.993306927443264,15.277994547680876,13.112705625712499
Waschen,215,M1_alpha3,False,45.90953728340298,18.049606828942405,12.75994132184888,30.3942508336527,49.94503469941958,26.22362867007355,18.049606828942405,12.759941321848878
Waschen,217,M1_alpha3,False,38.74780450074935,15.968559945893475,10.876879037207452,28.592265376582148,39.77170243588907,24.873448078045875,15.968559945893475,10.876879037207452
Waschen,219,M1_alpha3,False,43.83809637539604,17.672397325149927,8.411897349653243,30.27855463743225,48.59659180058084,26.004782576020904,17.672397325149927,8.411897349653243
Waschen,221,M1_alpha3,False,40.37256658672083,17.467885776563385,7.887506192286527,27.758597534370708,41.52696971240641,24.18953890066567,17.467885776563385,7.887506192286527
Waschen,223,M1_alpha3,False,39.84131741837087,14.829951000161675,8.543959105647197,36.12267977322203,52.30349387530833,31.263000364611383,14.829951000161675,8.543959105647197
Waschen,225,M1_alpha3,False,40.19466538361658,20.019371925073663,8.962425822197067,36.102922580825734,51.656184144856304,31.109318036506068,20.019371925073663,8.962425822197067
Waschen,227,M1_alpha3,False,41.912291772275736,19.1100940171226,9.808368172535493,37.239572262342556,52.74309570685616,32.32498722235746,19.110094017122602,9.808368172535493
Waschen,229,M1_alpha3,False,45.41218337885279,24.30297569589583,11.758538543559531,45.56018580225365,59.81634191176669,40.073232492494064,24.30297569589583,11.758538543559531
Waschen,231,M1_alpha3,False,49.91064244414393,20.43682491056129,15.609711101862835,54.19416713531562,75.50501499659622,47.39442925295832,20.43682491056129,15.609711101862835
Waschen,233,M1_alpha3,False,50.450790335755876,20.844044574988217,17.644720780677332,54.02407988134452,66.38630089100248,48.40378254068306,20.844044574988214,17.644720780677332
Waschen,235,M1_alpha3,False,57.96106675744233,29.138287080996285,15.88913370655684,60.00302633045503,80.3675289508811,52.9832479621678,29.138287080996285,15.88913370655684
Waschen,237,M1_alpha3,False,46.11993167817209,22.90517720140422,23.37131913448025,43.2658416245338,39.708326321645515,40.30083296532376,22.90517720140422,23.37131913448025
Waschen,239,M1_alpha3,False,49.498541693171724,33.36457433079508,9.943646151310096,47.896031749991344,51.15426644573764,43.94486828987993,33.36457433079507,9.943646151310096
Widerspruch,162,M1_alpha3,False,46.0138557288847,19.722935886132927,9.32243870026551,38.39136803629615,57.233268030626455,33.43118301838231,19.722935886132927,9.32243870026551
Widerspruch,164,M1_alpha3,False,43.642445802274025,18.391466066122632,10.016784204757368,33.90016455415264,51.07399516462241,29.686374449018235,18.391466066122632,10.016784204757368
Widerspruch,166,M1_alpha3,False,47.454349640020425,17.15355446720271,10.527454857937874,39.53264096758459,57.762276067257496,34.59284742934052,17.15355446720271,10.527454857937872
Widerspruch,168,M1_alpha3,False,51.09786540995155,22.485960726705354,11.321834209076156,42.62124685633116,64.07189012651692,37.13486972447037,22.485960726705354,11.321834209076156
Widerspruch,170,M1_alpha3,False,42.21098474151884,17.784825098684074,11.195422183223183,28.78667972451624,44.81732390350894,25.34538082072363,17.784825098684074,11.195422183223183
Widerspruch,172,M1_alpha3,False,43.74807273440014,17.623508837317694,10.608973429958587,32.12710934551195,48.87600315916061,28.07441340552899,17.623508837317694,10.608973429958587
Widerspruch,174,M1_alpha3,False,41.82896593071292,18.9732373964653,10.43010698574702,30.653516933236947,46.46498738793121,26.91377471811265,18.9732373964653,10.43010698574702
Widerspruch,176,M1_alpha3,False,50.43936211698791,21.61066708218701,10.081315683464382,43.04576133570404,63.29807343704949,37.61561597671605,21.61066708218701,10.081315683464382
Widerspruch,178,M1_alpha3,False,43.80310253919558,17.73840659798512,10.663645242485954,32.09147938626916,47.97891169543755,28.054720498497407,17.73840659798512,10.663645242485954
Widerspruch,180,M1_alpha3,False,44.77117403964947,20.30087882293278,11.066444349670292,33.9364299567109,51.79736248710719,29.731785537008058,20.30087882293278,11.066444349670292
Widerspruch,182,M1_alpha3,False,46.562365860891134,21.377458866503865,10.766498390483795,38.33998366088439,56.45924538796424,33.64640726229415,21.377458866503865,10.766498390483795
Widerspruch,184,M1_alpha3,False,41.09853320478432,19.259105248902518,9.882476406950346,31.453342013239702,49.64752818999437,27.981022289962848,19.259105248902518,9.882476406950346
Widerspruch,186,M1_alpha3,False,38.19026225268822,18.27077343623325,10.468266422712079,34.25761266079331,53.994921505730325,29.572378074532782,18.27077343623325,10.468266422712079
Widerspruch,188,M1_alpha3,False,41.886018119884355,20.223302258123983,8.870242583211054,39.68267080034043,63.3470888285817,34.1317418884896,20.223302258123983,8.870242583211054
Widerspruch,190,M1_alpha3,False,41.07723427206464,21.163699940333856,7.237776837520495,37.338122636770414,56.80540859460036,32.328336821913055,21.163699940333856,7.237776837520496
Widerspruch,192,M1_alpha3,False,43.49210492118272,41.66953413239611,38.098914911927295,41.046665253273,41.79730500580574,37.80413105637766,41.669534132396116,38.098914911927295
Widerspruch,194,M1_alpha3,False,50.68217908859085,45.74707446329852,34.323312916576704,50.89629839382013,47.62737570039223,47.084849374331206,45.74707446329853,34.323312916576704
Widerspruch,196,M1_alpha3,False,43.391319407562825,43.871043072132586,32.051856293826724,41.679606471040714,40.94011023132193,38.549323900958065,43.871043072132586,32.051856293826724
Ziel,186,M1_alpha3,False,40.1199946715013,19.77774119521502,14.82841795355739,22.827040993770606,34.98628396459614,19.6980207920456,19.77774119521502,14.82841795355739
Ziel,188,M1_alpha3,False,38.54782717757447,18.576418444472285,15.440073814991871,24.84426189610019,32.54896504124415,21.843500749067303,18.576418444472285,15.440073814991871
Ziel,190,M1_alpha3,False,46.26878589917499,16.646316115878154,14.134408531951085,26.477284627319573,34.51442112373271,23.69183435703709,16.646316115878154,14.134408531951086
Ziel,192,M1_alpha3,False,34.580877233603104,17.267932321281144,13.588070868696343,22.45549956077765,32.597476920644596,19.51670424139464,17.267932321281144,13.588070868696343
Ziel,194,M1_alpha3,False,37.26032597221623,17.82553440269687,12.119487711352436,24.099801079575492,29.085433887467648,21.7403377522596,17.825534402696867,12.119487711352436
Ziel,196,M1_alpha3,False,42.33488296687076,17.352920312119075,11.697234259109456,22.871399302686513,32.660305897315375,19.93176491966927,17.352920312119075,11.697234259109456
Ziel,198,M1_alpha3,False,43.6607770954136,17.880384996252634,10.504023240151575,23.676474069484776,33.03434357791829,20.74677820845702,17.880384996252634,10.504023240151575
Ziel,200,M1_alpha3,False,41.51324537109854,16.23553945537692,8.316774379702837,23.202616356288864,29.59753182618607,20.722481717987588,16.235539455376927,8.316774379702837
Ziel,202,M1_alpha3,False,39.27898803877675,16.878651098658803,8.091281378164844,22.729228895148776,30.183911198829126,19.817906549117104,16.878651098658803,8.091281378164842
Ziel,204,M1_alpha3,False,36.86229596002954,15.043772942358673,7.791128603531511,25.66427541030579,33.169667959061755,22.81101553459967,15.043772942358673,7.791128603531511
Ziel,206,M1_alpha3,False,34.33405125729505,12.544718387690178,8.800142516266602,27.75803991796293,35.808791760510594,24.87399801333306,12.544718387690176,8.800142516266602
reparieren,163,M1_alpha3,False,41.55224666269932,15.509549211816712,9.468518468082985,30.333000023877634,46.35468310828903,26.413803030615572,15.509549211816712,9.468518468082985
reparieren,165,M1_alpha3,False,38.591870635600095,15.50254720323876,9.807200800812065,26.78454737699164,38.386288740350636,23.617778258950015,15.50254720323876,9.807200800812065
reparieren,167,M1_alpha3,False,45.29867376107392,17.144882886385602,9.381426323766178,34.4357133888316,54.61253180616106,29.568243113037465,17.144882886385602,9.381426323766178
reparieren,169,M1_alpha3,False,38.247053285399375,16.648668340012147,10.07966789570695,30.884421438179086,46.00993263672303,26.788299024218194,16.648668340012147,10.079667895706947
reparieren,171,M1_alpha3,False,40.243143185697136,15.862098661525327,9.707022362528022,33.03980298285925,51.02687488709336,28.23018659418063,15.862098661525327,9.707022362528022
reparieren,173,M1_alpha3,False,41.911849394368545,15.008959991705627,10.793967570257582,34.11663781575659,51.9156897614453,29.64350758082228,15.008959991705627,10.793967570257582
reparieren,175,M1_alpha3,False,41.71720080354262,17.35553296861804,11.67052981891736,38.898900064932924,50.34826890777175,34.489095158334976,17.35553296861804,11.670529818917359
reparieren,177,M1_alpha3,False,45.91830175515037,13.619887976776731,11.876913826342578,44.5582140639657,64.4308452008767,38.722630435954336,13.619887976776734,11.876913826342578
reparieren,179,M1_alpha3,False,52.33238773711106,18.47465489980357,20.155988500160422,55.63800472048444,71.1369711768261,49.60264843493021,18.47465489980357,20.155988500160422
reparieren,181,M1_alpha3,False,51.95261519769212,11.64723461004447,25.89730696618784,55.64135010283329,75.36616304628369,48.987601259140625,11.64723461004447,25.89730696618784
reparieren,183,M1_alpha3,False,47.801009553821594,11.770486732373753,27.742082038225234,46.36844350921784,59.52358930158864,41.64655522751622,11.770486732373753,27.742082038225234
