clip_id,frame_id,legacy_region_tr_left_hand_pve_mm,legacy_region_tr_right_hand_pve_mm,root_aligned_body_pve_mm,root_aligned_left_hand_pve_mm,root_aligned_right_hand_pve_mm,wrist_aligned_left_hand_pve_mm,wrist_aligned_right_hand_pve_mm
Ablehnen,149,9.774726290846115,19.039054287667053,52.421233710426456,58.76644536293858,55.26762677480658,16.383997700004382,35.53369258862229
Ablehnen,151,11.286916765932238,20.376544073753376,51.143294546199336,68.29832153759926,52.084227940355994,22.526951984576787,34.661168972082585
Ablehnen,153,11.180062167106522,12.122577529090819,50.342368967952076,51.09045402822709,63.08523446430524,16.155924350038667,22.831522945893006
Ablehnen,155,9.965268405651978,15.523034750979622,54.512114256176,73.12613162885472,91.64158963194339,15.652096114823113,22.52730391384719
Ablehnen,157,9.6064743082556,13.148693287005015,53.24530603436628,60.64886968434715,119.581730166942,14.296157987165628,20.262652129726863
Ablehnen,159,9.475058672108132,10.248354553455075,56.18732186391271,45.165686145252124,125.33223520874931,16.96280956687421,17.27664661461851
Ablehnen,161,8.738745883040494,9.042675964929874,58.76674309751643,42.76807830107626,117.85303353294769,15.916516447010139,14.764882060003416
Ablehnen,163,8.25057048698054,9.2124425102924,56.99765183435367,41.68713688583198,121.08427831985384,16.387686889242442,14.973746911997504
Ablehnen,165,9.536966231831917,8.721516570089582,50.1951969650102,25.63839183503344,107.88190402842993,15.064452580436289,13.572773701368817
Ablehnen,167,7.5173430857406665,8.399356390232198,50.76439942070497,37.11976352680337,106.22232949292608,13.274471039844675,13.83289793834704
Ablehnen,169,8.255354743513866,8.947944466968366,52.12308920807473,36.259685430196015,103.88742748112243,15.707353083915107,14.909593369809867
Ablehnen,171,8.061941048975653,9.371311042985056,45.23593320439366,37.8492141183563,97.10624097846156,15.519224776932,15.584740275831257
Ablehnen,173,8.662916091309782,8.714145531389466,45.437010803748485,30.248669485686584,100.84020455998242,14.950020358391985,14.964691703535655
Ablehnen,175,7.954725910854958,9.017890518688478,49.659692935548584,38.24961521387034,108.13655615749158,13.718146825504967,15.671458786539507
Akzeptieren,124,6.0889221405800455,6.9012649004640325,39.06412873813268,60.495767966309515,76.74263657500028,14.462708031093149,18.688639180384413
Akzeptieren,126,6.092412382658244,7.126761113198611,40.80520377373782,63.46849664362655,78.88992710307177,14.099823721725576,18.575321967626575
Akzeptieren,128,7.134349788730216,6.720653050868704,42.78459746429015,63.40889385683389,85.79995077716121,16.83638841177555,16.898360847599562
Akzeptieren,130,6.5817469193154485,6.547126243698444,42.89633789025778,61.94881523628308,89.45972402805712,15.174681173702709,15.921316182530523
Akzeptieren,132,6.549546642709776,4.8360999615091735,44.07345170685129,63.780881210266216,84.77072355971698,17.032160780607274,8.304717674812322
Akzeptieren,134,6.599568666066472,5.205217169849644,45.162308545940775,70.44810218590163,88.7329623198383,16.55161985760282,9.421611107554817
Akzeptieren,136,6.555016712834215,5.6805030062336135,48.10024807332468,78.75119700163462,85.01877723082232,15.60755075106431,9.309884983936579
Akzeptieren,138,8.296515070228557,6.171745535504178,50.613489715162494,100.29647238909128,88.08234683662015,18.590222626684007,10.385036757587368
Akzeptieren,140,8.872133283657973,6.034990100366595,50.41460040406734,83.30416518479538,90.16780211241937,19.39979852794781,9.076430169077444
Akzeptieren,142,9.019085703612614,5.891905718424046,50.48262138717818,85.37250634992961,79.1860228693896,18.88773653371385,9.846016908854244
Akzeptieren,144,8.899658821939239,6.384187442050951,51.52759069356623,78.71962412311828,81.89910638638884,17.044645972281298,8.780506815442756
Akzeptieren,146,8.343061553689695,6.2656083151173085,55.17171186660785,77.11755734130709,79.07988460184714,17.87011790386386,9.019141246687095
Akzeptieren,148,7.362186580249143,6.5708306435909485,52.42554363316672,83.81572344462529,70.58224131045465,16.77889439743264,9.407177646845543
Akzeptieren,150,7.049202620059805,6.02123802248136,52.352075035625724,77.10894176595319,74.18337425230715,16.7809692611468,10.787486495819062
Akzeptieren,152,7.560376893898209,6.013384094822163,52.381416188389665,81.30463403228856,73.74185707800666,18.238980603557494,11.822612870571287
Akzeptieren,154,7.484085187464734,6.634133659400818,44.643679521864506,64.38573383566177,62.7346075082916,17.54484422304097,12.451371581982743
Akzeptieren,156,7.824200956790343,6.133558189916172,44.509234378613655,61.03826964134189,59.125710189209954,19.57171326448779,11.520086843728297
Akzeptieren,158,8.250285488813816,5.593158600010479,44.64437152617198,71.4640552035276,56.03429691817168,21.45611805669986,9.467858777871873
Akzeptieren,160,7.83778969570619,6.199920839713544,43.751605930073424,59.61002968082784,57.929687219019875,18.80494794308611,11.78699715633277
Akzeptieren,162,7.4787783628862865,5.936935398536236,42.45116509538728,53.50768228347972,56.29742904214426,17.507513305227842,10.750153168613261
Akzeptieren,164,6.898628818619746,6.033226997055234,44.161506199199955,53.173570284355854,56.06987129625183,15.939005584646102,10.947632212823061
Akzeptieren,166,6.952449951421571,6.0596763429489355,43.53685537733768,55.36870866486097,56.336762960164926,16.187994754282425,11.50284564778817
Akzeptieren,168,7.232884119531274,6.059102355106022,43.213601578336515,56.06004424250205,57.12567060410273,17.654431712196452,10.43835815234382
Akzeptieren,170,7.455051393571646,5.8878788039416206,44.5550917548497,68.35598673996569,55.79975865035834,19.435568612847803,9.5606487558437
Akzeptieren,172,7.092312121434448,5.793421546708544,46.43483924345515,68.82719545003803,62.00358872118157,16.836334316181915,10.394653160925397
Akzeptieren,174,7.252922619719782,6.095708506660028,44.33393971275882,63.380286060718866,59.5029195831683,16.986137761473195,9.988495187060362
Akzeptieren,176,6.767265967581787,6.179374593881986,42.88311259512731,65.74284326865813,59.32222459967637,15.853230168132653,10.449675946589643
Akzeptieren,178,6.8742087499809585,6.108353838742467,43.209420624790084,65.88087422070252,59.678189744110256,16.770245394171877,10.316282299196233
Akzeptieren,180,6.842724541664759,6.392746354862061,44.896686927246364,66.61528422556954,59.60439401865281,16.484395533784806,10.061025013448623
Akzeptieren,182,6.920465850623535,6.3543269233444075,44.18041383645243,65.64174601930237,58.44309319014687,16.680507746569273,10.127133642770383
Akzeptieren,184,7.182859560993704,6.309103964364026,43.26889238968233,65.53782618112454,58.05237405653038,16.75391310865991,10.824489312891902
Arzt,166,6.998756698291971,8.747733351906849,46.28364987382388,49.10585035357649,49.98363505943732,15.960015205631642,14.18408412919597
Arzt,168,7.6143683511266875,7.631992740245266,44.568997904883844,44.68462036736062,48.293157200934104,17.505882494952942,9.737985515185107
Arzt,170,7.7437825052519775,7.8269664167759085,46.564643817003514,44.04964364449584,46.69014191732907,17.60825339966869,9.845729331364273
Arzt,172,8.589821999292862,7.769930131662339,48.09853534376791,44.76643980884987,50.52473329123223,19.663757924633046,8.981759289016134
Arzt,174,8.07067369011512,7.673700858301528,50.00061333754105,44.05365300724982,53.19953384151661,18.705095150078318,9.395624432783436
Arzt,176,7.958802951671215,7.35546789154535,50.345448362205005,46.06422129189197,53.358059478688304,19.098636073117525,9.437947571905793
Arzt,178,8.202193816829947,7.681467203207763,50.16937272996456,46.982683736566386,52.608125889117446,19.16664667097642,10.414897421233817
Arzt,180,8.09741506474739,7.5387995304567275,50.76576920347566,49.84278053253601,56.563976787256635,18.94388221282012,10.478298782218804
Arzt,182,8.666374879875178,7.8493072642966935,53.809487185229074,54.04027899075959,49.82040200258912,19.480986826967023,10.66596658667086
Arzt,184,9.04067723241777,7.973757918276388,50.89457807651655,58.76471888558312,50.945519956443626,20.942072124701205,10.635860693522403
Arzt,186,9.493340331551197,7.892151181366896,54.249032128731315,63.07934749756262,52.403716006560295,20.684645996265257,9.545396270239783
Arzt,188,9.511722800635358,7.523024249672828,53.3286975950906,61.36438342353186,54.763922756045424,20.715202083862035,8.862766124446917
Arzt,190,9.667584283619616,7.476703954092999,54.15388446933711,59.727423140139436,56.07187652530839,20.987969781186585,9.324925019995034
Arzt,192,9.62991808617263,7.746410673382335,56.53873889327614,64.30332405846032,55.46163180326311,20.9730661373503,10.312500240569987
Arzt,194,9.20058371509075,7.901750347590358,53.89111575994879,58.82366110723235,53.15678565507162,19.897882641520912,10.726498471819044
Arzt,196,9.75819397293428,7.72393172591889,51.8059708533772,58.837157760964054,52.4565164402677,21.623741433268115,10.001723240657554
Arzt,198,9.912361683826688,7.565813024241952,56.2955103351425,60.603624851037324,56.18442876911181,21.161199777293543,8.791699753395992
Arzt,200,8.686981445928097,7.498562115293786,56.54565536289154,61.41390728175971,56.146653791003146,18.187784751853695,9.08542169840656
Arzt,202,9.872197151959192,7.4903022950267975,54.059156597025684,57.57981967989758,54.500096303590524,20.768439416803545,8.993009785336486
Arzt,204,9.934721639738733,7.465109052716158,52.73241295093795,57.21579040442428,53.576369143975995,21.142857150564968,9.021405907697668
Arzt,206,9.300783491926616,7.344178615299979,58.222632293115694,61.674069366874036,56.99763297925204,20.498904986307515,9.477802135927917
AufgebenResignieren,122,12.954161120981574,10.046796500850522,46.79218166782529,113.43956437855594,47.39027487278276,34.07067493895364,22.71848644995132
AufgebenResignieren,124,13.926107135603774,12.252135295363917,52.6297710442665,107.74224766652648,97.69669938850699,39.7261523749567,28.402329339166254
AufgebenResignieren,126,13.392664875563808,14.251476209431413,53.99153884386544,103.3333354301129,105.4620646443197,38.675925645039875,32.780568542084794
AufgebenResignieren,128,13.992563741293953,14.286262873697858,53.9936376323078,102.52029238594523,103.72073647087899,40.79832150042504,30.86068500120511
AufgebenResignieren,130,13.33152840720455,13.826517970426519,54.22692542381207,104.5628385768331,102.00762422907576,34.97759168407041,26.778330123167347
AufgebenResignieren,132,12.022093604223436,13.85499550798898,38.0192290484737,39.388012759891716,33.91373311441539,30.533925803893194,21.366743469535695
AufgebenResignieren,134,10.778746725830867,13.668310643136804,38.47933776108954,37.65306761880902,47.33732589351859,26.527534972305446,21.35551577229612
AufgebenResignieren,136,9.87155606109106,12.451670032777072,40.34427832139393,43.984466480605775,55.69691401005552,23.127095486074648,17.952621915809768
AufgebenResignieren,138,9.302999951427134,10.469225881208294,40.244548244902006,40.37790266228997,56.311200372569616,20.836271481368925,15.612827707728872
AufgebenResignieren,140,8.131417998842169,9.2813478000957,39.891793765087705,48.48591526244632,48.413873029921966,17.396929823325856,12.687379471454346
AufgebenResignieren,142,7.679143109339957,7.407011639309931,43.718975865349464,61.32709672960387,54.86461918291127,15.940916402720203,12.777828307909536
AufgebenResignieren,144,7.638763022236585,7.988299776467299,48.59512740428103,65.41446055805095,64.15635035154754,15.119009400122096,17.18966446895
AufgebenResignieren,146,9.547715330940372,9.000199451237497,45.564135797906424,78.72515318321943,73.68427364290841,21.801075061474773,18.239014027902464
AufgebenResignieren,148,10.18972247587773,10.907017424625908,58.42111599858547,101.96871744610367,105.12266788359834,22.003546802383912,17.728201138405876
AufgebenResignieren,150,9.142807515563335,11.906136689090747,56.83252930377884,113.24734344771278,123.94954760959001,18.749568644261895,21.50640057500532
AufgebenResignieren,152,8.062527464174208,11.780743197903307,49.14112326040613,93.76299237144119,96.4122768248494,16.611364611304445,20.17612433675155
AufgebenResignieren,154,9.229727532951511,13.116145246125406,38.64688212734287,55.43032513208623,68.9436970158715,20.269758984972285,24.563955328290582
AufgebenResignieren,156,9.586815037582046,12.565392015403337,38.129291320474195,51.794045294432316,61.6566760624018,21.725606951348833,24.069606703130763
AufgebenResignieren,158,9.947301266393696,13.275537375228447,42.40779988004318,52.63932936910706,61.67908787019526,24.885539945848226,25.198769567952134
AufgebenResignieren,160,9.114833405801098,12.629892875077353,42.64250886446838,49.626066391017396,59.59337175767288,20.908035950848287,23.432071991462003
AufgebenResignieren,162,9.170376283211581,12.255149494217552,40.752954047018456,48.306277297406645,55.914548031182164,22.617517985018605,22.629728475560707
AufgebenResignieren,164,9.596847033651454,13.215767853536208,42.650935694848954,50.642514091204994,59.308613061866325,23.70889790649153,24.287429543958275
AufgebenResignieren,166,8.573063678320535,12.51043348735076,40.885651474970416,51.16114471846062,59.15123164396717,19.72839244144188,23.071840491539092
AufgebenResignieren,168,9.695022539259423,12.547518707223032,42.76036784970468,51.22986444871911,60.557166487313296,24.56219335551158,22.774595532053212
AufgebenResignieren,170,8.568977287795086,12.562593726590242,41.017276362057004,55.259000539960276,60.83012913953235,19.630860343902704,23.040726580109695
AufgebenResignieren,172,9.436294462275622,12.169738376515614,45.58752979951827,51.63369956791841,62.35804441695013,23.435124900721625,22.51800645312779
AufgebenResignieren,174,9.85267108098573,11.274709074427715,47.422632643453916,50.86135453101043,84.1189495965805,25.16772925986779,19.64938601621005
AufgebenResignieren,176,8.80145873784694,11.513843447740255,49.39359128261697,50.141234557807145,98.82138916205365,21.536879724337993,19.809517585372625
AufgebenResignieren,178,9.716020497356096,12.127744547046799,45.722730703978065,50.7476720631983,63.044362444023974,25.97571600434656,21.943623397220147
AufgebenResignieren,180,8.887085706038325,12.593846361605825,45.61696737032529,48.378332724684036,59.92361857025267,20.97998112076987,23.10479889269286
AufgebenResignieren,182,9.934433564830611,12.47034370945331,40.939064973631304,50.7314057193847,60.985294051499,24.056000910467333,22.17790240301581
AufgebenResignieren,184,8.902144465960061,12.717460006033347,47.842618108668155,49.75067102241087,63.08014101537346,20.89128520339941,22.884418281966923
AufgebenResignieren,186,9.905434735973285,12.376586916220132,48.485518221449404,51.48431018114439,62.34333597681521,24.47454285780184,22.152684120778645
AufgebenResignieren,188,8.78882725811229,12.188588618756778,49.71711646304926,50.193090030943885,63.13078221984843,20.298800151123288,21.67221670134881
AusgebenGeldVerschwenden,120,8.573772436965495,13.20216648792326,51.28149144871633,60.05899357856265,62.25452854854355,14.788367631437543,31.07426643452456
AusgebenGeldVerschwenden,122,8.90002836450112,12.165655612696272,49.447899200097595,57.40870508142768,75.33777499799042,14.25315794568439,33.94967885367818
AusgebenGeldVerschwenden,124,8.951811319223548,11.054658193982188,48.318841958885976,58.52101593373059,85.68528971644619,10.45075973709483,31.395085744695386
AusgebenGeldVerschwenden,126,8.531799256187469,12.561627095948845,50.200929228138676,55.85829122256342,97.01049067535264,9.700239000287555,29.36884420679454
AusgebenGeldVerschwenden,128,8.399534434432855,12.150482935899433,49.9065365998614,65.08931100630396,104.68250135343736,9.790090999263033,30.79836941200258
AusgebenGeldVerschwenden,130,7.886926415437692,11.098844531712372,49.37604065762756,55.13185329445006,112.8845165482794,9.36404328306706,26.881048364160037
AusgebenGeldVerschwenden,132,7.591899061108049,11.887582996754539,52.87841731335284,53.50444392546446,108.7417085297578,9.45099072775703,27.970354162550883
AusgebenGeldVerschwenden,134,7.431886601019237,11.938957592243552,51.38712963683077,49.085241123731194,95.49582861848563,10.46213763352044,26.41582743406445
AusgebenGeldVerschwenden,136,8.531485744933391,13.336265465665555,47.544451628897626,53.89499258699872,79.45093825977906,18.582533692484144,30.146292649011404
AusgebenGeldVerschwenden,138,8.402776581074962,12.662087159254645,43.90747762911921,40.50183634307679,60.21336543348875,19.974618945870674,30.722162094506086
AusgebenGeldVerschwenden,140,8.70938715641512,13.03057806497609,49.96011916353897,48.05876266165731,56.81009502901987,21.34408686842189,32.845103900932365
AusgebenGeldVerschwenden,142,9.491643520913495,13.912334269982678,48.42364533372983,51.72000838312297,56.14426476882525,23.005717890175198,34.66507679461856
AusgebenGeldVerschwenden,144,8.838323992407975,13.946131497039389,48.1160568061658,47.37231405225121,53.366086373450514,22.919747908229326,35.25803599673444
AusgebenGeldVerschwenden,146,9.221910128574066,13.812036637289866,47.49478688871651,52.87813471110435,66.37591394365094,17.093638878216215,36.17527953907032
AusgebenGeldVerschwenden,148,8.184657490891977,14.221588089274944,50.6197712048267,61.215036338218304,84.67577476817225,12.156215765629705,38.45572769432822
AusgebenGeldVerschwenden,150,9.947739289743973,14.099841480379403,53.07901577382335,50.27344117705066,89.84647091878443,13.017033180933911,34.17562782986971
AusgebenGeldVerschwenden,152,7.045536781999548,12.229957999666789,53.61436084852674,56.625529053203294,105.65420372250125,9.674955957805137,35.204404183552754
AusgebenGeldVerschwenden,154,7.145499186398157,10.64503335885036,52.899650123108664,39.57013976885238,94.20991354761222,8.872113092974281,29.50896545538692
AusgebenGeldVerschwenden,156,7.197873083688838,11.584551459248573,51.879548284237835,36.37108900915731,87.56493373807008,9.707465711459054,31.281731262479095
Auto,104,10.682055103425414,13.485792284361901,42.35977221271859,53.49240267077022,78.40276290634252,13.212095795668946,25.293812133847208
Auto,106,11.034931230390454,13.610535108488756,41.20175013838153,55.63722619292824,66.60758302727213,14.71757903436316,24.11014101937064
Auto,108,11.717941310305712,12.24619542994191,42.48490648326171,60.96125731500731,53.21286134665071,20.176033755557658,18.611127111688347
Auto,110,11.20085702930611,12.706856139828755,41.28475701006549,60.194224826807385,55.070130614073676,18.072347661701286,20.599252579727903
Auto,112,11.198750374843788,12.94874590990967,40.42921906388295,59.73181842508623,47.547352826060525,19.09964925829033,18.511656510095946
Auto,114,12.29159541373223,11.64098351373742,40.95068517853576,59.73651733085155,29.657310635338167,21.385744416117618,16.22963527337794
Auto,116,12.469577374221052,12.051012410795206,40.064214332783685,74.22729975607824,25.446987484591723,22.590993249226457,15.576134046930799
Auto,118,12.765534356276481,11.379754558931978,39.75515182240011,70.57164306881782,32.63514669336215,23.21899695558668,14.935994615425548
Auto,120,13.579394488971307,11.500077217600259,43.452029108047206,79.11616734968162,48.176253708721504,25.121257146053154,16.376286307045604
Auto,122,12.757002965165155,11.901957029923718,42.63030126706671,72.93558857290607,53.40490772004426,23.238826724919896,16.98556012383472
Auto,124,11.4605715804957,11.917256087742784,44.80217365224097,57.88888825298807,61.001938322354775,19.177558287613266,17.166022944719508
Auto,126,10.868519831167355,11.655764770828386,44.21806616807915,44.623810908876465,57.31096209951946,17.673520303211376,16.672670160608384
Auto,128,9.834627535532267,12.071841171579496,43.60710403645545,34.47366793178303,63.304589649713385,12.893103977769375,17.140954689704213
Auto,130,10.062186591800167,12.099196728047822,40.83431238845287,36.751521036170786,61.939331145521095,13.403911725150795,17.737791117716156
Auto,132,9.827220000928762,11.818005989197648,43.32639913037533,37.618242550145055,57.77540325354725,14.172230583196152,18.42372511302606
Auto,134,9.698341294977933,12.87076156522636,43.42428302406059,46.81940990222115,53.3828006809554,17.151324115312754,19.61250402058962
Auto,136,10.418283277770394,13.284611020264864,43.266884635635435,51.71770076377451,49.80480337019994,18.95424152488436,20.692254278842118
Auto,138,10.504759389158517,13.157888864695247,40.331856661591644,56.13969129350746,49.15561908273571,16.067324978114986,20.75760604961737
Auto,140,10.25005829375557,12.981423553765886,46.5763734111067,60.876353874876834,40.13833692870896,18.50109645012374,18.902912217392537
Auto,142,10.366440277282717,12.603071777917483,42.18092390728268,60.24968238714251,41.720899204986246,17.952490019964706,17.295691218171402
Auto,144,10.627008575522527,11.808285390565727,40.75151511375198,53.99038809655936,36.74267720060776,17.723743393512695,14.528176487530157
Auto,146,10.98508318363583,12.319039468841774,40.04094169570846,52.06036854929304,38.92728685045622,19.891424395952264,15.096099318436476
Auto,148,11.360536138081487,12.563700710825929,37.28506393514469,49.310286973213586,38.403851467457194,19.617179982987015,14.81714702953194
Auto,150,10.718302260103753,13.471307628291699,38.056265943652164,37.20622255238178,40.45816458409305,13.370820485604945,18.571893262663785
Auto,152,10.872729822775137,12.464199701948145,37.690570392987766,36.3792156407825,49.094087071743054,17.9641240156237,14.955369358626076
Auto,154,10.475259076339533,12.243894936431806,42.41209596002162,35.38738165028851,59.267053064686735,16.07038919820689,15.136836949588524
Auto,156,11.01600105708132,13.44367910238171,39.34829761082603,38.557301814592975,57.372576830864304,14.687226963423297,18.198957946373483
Auto,158,10.966014734797898,12.058181072225466,38.93821950639477,47.22672981297692,56.52664392536967,16.285027635067955,15.807207567430686
Auto,160,10.84308456686803,12.799664045425384,41.552334958114095,44.05624656368902,63.74834842512739,17.1975200865885,16.327639677380198
Auto,162,10.897468431917904,13.278285531153088,39.262187360173904,49.54503173402246,56.43084962352911,16.834980889761255,18.670970261695558
Auto,164,10.800299376039936,12.028530070066198,41.93292050889,58.67952826831077,58.91967759311791,18.31869763629615,17.252188259084075
Auto,166,11.357472584118016,12.74913575825384,41.51168027804026,63.490229134665704,56.070711641511906,19.776041849193355,19.204004755053386
Auto,168,11.194207507389738,12.850636102881754,40.81500046481923,60.137965255204044,54.11246433990992,19.871565612064618,19.96802166800763
Auto,170,10.919307557121487,12.594504959316147,41.84255539731911,60.79260702775956,58.101087564575785,16.249393774025783,17.734093656626158
Auto,172,11.073318628323022,12.411975159875556,41.607560821923954,64.5107570775219,54.21583481157719,17.658871894370517,17.268260882206274
BesuchenEinmischen,172,17.78006419749843,9.174022022439187,47.017262166878304,51.28314568352807,62.46244536570057,25.522379629727013,15.323814824697356
BesuchenEinmischen,174,11.942220083752524,8.386839403586983,45.25595986861007,46.75641374812655,83.90070029972127,14.818656500223165,11.745866054782475
BesuchenEinmischen,176,25.948366774473588,8.354045315239361,52.138759046730755,83.81635940615789,72.63007996852316,50.040247820945794,14.244649148030453
BesuchenEinmischen,178,12.786744830374252,8.79104539443483,47.765758546888925,51.567512898577,63.276628359994774,19.91706938696107,15.784716650401302
BesuchenEinmischen,180,9.05363887944503,7.9622149492503,47.922757516734926,47.81049309280532,61.9234719431403,14.028598391967277,14.275043649777912
BesuchenEinmischen,182,20.81762741917285,8.991766415172103,52.903058708556216,83.30518112226419,57.053057039030946,45.102063957687655,17.05926039068673
BesuchenEinmischen,184,9.448076194267736,9.286092805600042,47.07053034647285,47.196543951252565,68.53523626011791,11.792164265785328,16.053492755045067
BesuchenEinmischen,186,18.433606922913665,9.46476709470385,50.736441445341555,82.85380250957454,56.27603585955598,37.50961449278597,19.382106436805515
BesuchenEinmischen,188,10.179662593876659,11.198256663291817,47.16731639366475,49.242401277043946,55.46216061140226,14.540430277741471,22.89874960480319
BesuchenEinmischen,190,20.1832323810492,12.519449669838957,48.492726005491846,77.31656713541946,60.99300961038598,43.69930630227577,23.733102755531867
BesuchenEinmischen,192,11.802262733598733,13.22839535642501,46.966964207929244,55.874705445160615,62.748985635490975,17.488342972256653,27.269931524745054
BesuchenEinmischen,194,20.557541745915877,13.32669132605617,48.02766301152729,81.73813205023345,61.545730159378124,44.441941182208836,26.788765313366035
BesuchenEinmischen,196,11.929565068367067,14.439652218720784,45.38890792807187,51.63050604327325,62.14687730217608,17.131052281920315,28.881851762049465
BesuchenEinmischen,198,16.140890672260507,14.628469594423231,45.25945296491912,56.36676645817873,60.63302855806502,34.2415246436395,28.353558711480865
BesuchenEinmischen,200,11.91625622524174,14.612568585706772,53.10328499947454,53.38184242687245,70.4769740684442,22.39638465004237,29.019608602417296
BesuchenEinmischen,202,18.04259516087725,14.899376125546135,47.619570260762075,64.80273956593707,65.8823901492996,40.736285227075086,29.89401081432912
BesuchenEinmischen,204,13.148260074279756,12.642115443688336,46.73515390714673,46.23250438341164,66.36128373669558,15.895968715296481,25.38655006257345
BesuchenEinmischen,206,18.73948527940353,14.166027047428223,47.93652793342225,63.94612341248923,65.35262254441196,40.19027619673138,29.131889500908997
BesuchenEinmischen,208,13.962081173214504,14.384865584274543,54.45625334933316,55.92907359887443,73.63728813293548,24.518111697347994,29.717698508708917
Blitz,131,,14.029697687772819,45.91678064808942,,49.407387085316024,,17.323295954327932
Blitz,133,,14.206963550208343,52.12264670831307,,47.22390273285779,,18.389486730360556
Blitz,135,,14.604760222816259,59.63227093179763,,46.5779329406718,,19.11655826284379
Blitz,137,,13.482564469265126,63.03589089675289,,33.93098400039436,,16.794777491721884
Blitz,139,,12.748145133020623,62.26025747432333,,31.94325848911199,,15.781878832917348
Blitz,141,,12.288489080853614,62.97086716408821,,30.8751857315316,,14.54041514521507
Blitz,143,,10.918304035297444,64.76125854086057,,24.667609717968162,,12.538739549441164
Blitz,145,,11.529831538673578,67.27312038636133,,34.2076493515697,,16.374666148425003
Blitz,147,,12.143846072828165,66.90562931480414,,41.5228003907866,,17.971253594730793
Blitz,149,,11.482958157640303,70.2089065665116,,52.24029977962687,,19.06917724058576
Blitz,151,,11.293254881975134,73.40135178967552,,56.16580450718909,,17.546897254115304
Blitz,153,,11.719699481078441,65.74207595853294,,41.9042502300781,,15.108534793644429
Blitz,155,,11.619966774536868,61.472980998573114,,40.25398081887814,,11.98146162649197
Blitz,157,,11.979316054606182,68.39992149601943,,42.50521797100784,,12.071468025658595
Blitz,159,,10.47000466376349,75.05144210674405,,58.03510924189292,,10.820638487989768
Blitz,161,,11.270436384664285,83.90297048734067,,82.61477793380294,,13.239764955791484
Blitz,163,,12.47510499645182,62.595486112074035,,50.30349312845081,,14.958304823922283
Blitz,165,,14.168944819784059,67.6921241185113,,59.07705256905242,,23.1452964565984
Blitz,167,,14.467221961670194,66.8502247158948,,58.195157929834394,,23.032706312600187
Blitz,169,,14.92846081775168,75.02095971926313,,109.56157966613806,,23.570389505651676
Blitz,171,,16.505953176201565,78.2318062491926,,106.96035660644557,,27.280302227103874
Blitz,173,,16.288957833428853,74.31109596522438,,106.47576148586023,,27.359326945764913
Blitz,175,,16.401278202692254,75.67107531555868,,106.38631926949505,,26.017528238901292
Blitz,177,,16.507058820982316,66.84145274611186,,98.38747232611695,,23.66975749760808
Blume,121,14.634119441642092,10.144285072308119,58.56110224395242,63.719394348462856,85.65172708833244,22.515894450471208,13.42889679023128
Blume,123,14.761766579042886,10.032477603455954,45.848641480095836,70.83066397549855,58.70497167425788,22.831116961603044,12.73826139474096
Blume,125,12.765996349044686,13.694736966858708,57.52149379829987,95.06236570732725,63.80501734754322,20.152789865810025,17.166240061624205
Blume,127,11.288629319234085,8.481575748163513,52.42460346580304,68.89719914724859,66.78088715014587,18.578531211189155,15.234004516811229
Blume,129,11.854634213709755,8.848999791014709,48.759344431770074,60.07464664032439,66.99680755096757,16.48887562085955,14.372217789636428
Blume,131,18.222651770359448,9.904160078365438,58.21774829323437,81.62357370986155,69.86151365282792,32.644094745434415,14.361118407262945
Blume,133,11.859955613304013,9.523918114904127,59.4132923645038,62.22696467515772,69.38203172997258,17.50985586262018,13.069916449619365
Blume,135,17.774690508639026,9.478844341168697,64.84006492291711,73.48041065101455,66.11032698119158,35.792237146005384,14.232852903988181
Blume,137,11.487929667604693,9.099747342121722,65.0610485579095,52.55696225444662,65.68217681420555,18.20433147788913,14.7188704853179
Blume,139,19.55828948302395,9.306208100967813,67.27813147832076,74.22238703882209,67.00686538905016,37.626116936917,12.4826835414644
Blume,141,12.476931080166898,9.702886942102952,61.80726209679244,45.03169924852626,64.69062365847596,21.197655315893705,11.877788919322354
Blume,143,11.974318332941268,10.325656028204909,57.618814724747324,41.77009785581065,64.18498875741238,19.51950505456978,12.037696633275148
Blume,145,14.466414532415563,10.932817544945575,44.62226009668322,46.452836396282834,63.67826536569876,21.523898765893527,12.431552542851929
Blume,147,20.445966663811195,10.729184078245108,49.37302717724271,64.29195917398901,62.14356678329624,36.59846849609655,12.186795389534854
Blume,149,13.72741310335115,10.26618668324368,44.63019965608492,51.629615343772805,63.834659538947804,21.386328474680603,11.547350766043866
Blume,151,22.554981803901565,12.377830915836071,45.26359875380644,65.80783302207742,61.34212144262155,40.10462127146157,13.41081595653633
Blume,153,13.213117665940842,11.244526832831495,44.817026116416436,48.086350560883695,61.60522109259408,20.511970773417225,12.369007824174032
Blume,155,14.475363037944634,11.17347204967174,44.84536926349435,42.169577396867744,62.415522321369764,21.667724683429636,12.4811021199018
Blume,157,19.2003853735121,11.188129334628501,45.41591062243654,44.11926343198835,61.554252367618105,33.082891858780556,12.336784536681813
Blume,159,15.69820366923946,10.921036424746358,45.747540645138,38.72306790081579,62.851389521949436,25.199084320100017,12.37859659635578
Blume,161,15.070283275655543,10.794517994850793,47.39758485317634,39.35830839487198,63.01283790618885,23.135671144578883,12.065778947817462
Boese,127,,19.110639929185893,66.54889547241201,,69.28151236780313,,37.69357251736113
Boese,129,,23.216131654733463,59.15573621932315,,82.89792888084689,,48.33127880716267
Boese,131,,19.742433355959044,58.639623016070985,,56.78318208045936,,41.929442111835705
Boese,133,,19.748544983345415,68.69432638633212,,86.54207193795716,,41.958678961663075
Boese,135,,21.733581036698514,70.97074313626298,,114.20529956224847,,48.69918240986619
Boese,137,,22.49487602771223,67.73403336884107,,120.28304169575081,,52.24655130092966
Boese,139,,19.549070757892657,66.7862174244602,,82.5189761988947,,41.91010204707869
Boese,141,,22.196592483724505,50.7213967015979,,82.39094841326458,,45.94562969268374
Boese,143,,21.40040491086471,64.1269547064379,,94.21227566187113,,45.77039695775573
Boese,145,,18.58901879923544,54.313010029728495,,80.87236532404911,,36.487516720896885
Boese,147,,20.050993910062743,62.180774077117135,,120.42636590971662,,44.39271984055723
Boese,149,,22.32388043296929,77.36380028903953,,125.6544122643428,,49.4974068210147
Boese,151,,19.69992422954513,59.29704138707634,,94.33713440303791,,39.45464367786448
Boese,153,,19.53759565400764,72.46565625189788,,51.97159360401557,,37.917588521785916
Boese,155,,19.78420352887279,61.93216708764979,,49.29538527595561,,38.40896417287978
Boese,157,,18.3313865346565,67.7377491512978,,68.99635498649317,,36.62698566974412
Boese,159,,19.53352055810313,69.85756684845326,,103.46489897593604,,41.99742319291541
Boese,161,,18.81575388165224,69.1974963722138,,104.54679118907671,,39.826182289666924
Boese,163,,18.10633597048641,63.81581935564934,,91.90236098220069,,35.75175682843346
BroetchenAufschneiden,151,10.021928265036392,8.583957905342244,36.67143102850749,34.303473238592,64.18801373137228,23.0089621275218,18.60975490227083
BroetchenAufschneiden,153,11.596811312371928,8.150312480314515,35.96192922327755,45.28844027925989,60.16424508387015,27.82625804185269,18.9278448465408
BroetchenAufschneiden,155,10.122537268876123,8.484743955909488,36.35767187343146,35.26553721063856,55.79324896796319,24.444266198335875,18.853405408864386
BroetchenAufschneiden,157,12.192140647893321,8.249539708297217,37.776780799567106,54.75439930887012,52.01341140099942,29.62348782719945,18.657768771330975
BroetchenAufschneiden,159,10.220468847624034,8.567431249606813,37.7815852235478,33.19758086335639,47.97540748812664,25.122322532495588,19.43080917112897
BroetchenAufschneiden,161,10.50371643937272,8.240539806518985,44.94909968506531,45.67280479233395,53.64994619538949,25.614039309884234,18.073244273543057
BroetchenAufschneiden,163,12.57745781937401,8.088689673732823,43.561962952333424,54.48822402976845,43.9675291289273,33.28015029730745,17.473141003487243
BroetchenAufschneiden,165,10.65066304662815,8.995708095739731,45.058131894020946,38.03025616694192,46.354690359865394,25.505010752956423,21.715895123129577
BroetchenAufschneiden,167,13.152472027356668,10.255937080462388,54.151581781938695,70.49236816814671,61.20717907377383,31.207759158491555,25.571362248524366
BroetchenAufschneiden,169,10.67507019011815,12.08219985116784,49.045463477584335,40.83852711319403,74.38170725787718,23.569239684480554,26.0945650350665
BroetchenAufschneiden,171,12.505336708335946,11.707091882942205,59.42131598801124,60.6717331515057,75.50921920623163,28.637195804483515,26.469570927275527
BroetchenAufschneiden,173,11.893417478848251,11.128845981368222,57.060049921386614,60.907596040551084,59.88311766680144,27.993791926585608,24.418721861651452
BroetchenAufschneiden,175,11.033456729763788,11.333115655323683,44.30098589661431,41.87844627648589,60.31946101480482,25.070178146389477,24.419860041643865
BroetchenAufschneiden,177,11.082029171913671,10.040926360951945,42.351209656595245,36.24365304399938,82.94255144270947,28.13495206567482,24.6972971990096
BroetchenAufschneiden,179,10.906744432328011,9.617081231286704,52.91844104178674,40.30568496725806,90.05482021515877,25.726736986482774,24.00469381441931
BroetchenAufschneiden,181,13.127673689155209,9.56726113459981,52.61290346013718,63.44400526336466,66.17301137090634,33.05724239642477,26.552298384956487
BroetchenAufschneiden,183,11.1338871359067,10.173991687402705,58.44440546055364,54.68242821797602,65.65202864608986,26.998210838123896,23.43810425621865
BroetchenAufschneiden,185,11.436514829307123,14.853574112211541,50.696722709786485,49.785909857041396,75.90219696259572,28.321700571844424,25.468477854519662
BroetchenAufschneiden,187,12.204232939107884,16.592864967668294,55.67864129925869,77.26827876136198,70.79395613384726,30.051302753913177,27.08872382057962
BroetchenAufschneiden,189,10.975757776911577,16.033284713444935,56.69463694207634,57.91922281603852,61.199726433968344,25.58041273036371,26.317075077976792
BroetchenAufschneiden,191,11.087441069409339,13.465089045275189,54.766226088887585,46.20609892283278,54.27440561372535,27.178543147016835,24.10413134438067
BroetchenAufschneiden,193,12.75170624361606,10.948218792312689,57.77808839062586,67.99711522696008,36.100627776977426,31.936782722923745,23.453007313981264
BroetchenAufschneiden,195,12.439670040542882,10.348561575829986,59.49187255534602,75.33438010436409,48.248353976405724,31.153585432775554,29.895509530795596
BroetchenAufschneiden,197,11.845831849958872,10.485930927303567,55.88973356020891,47.437032565220484,40.13371741210112,29.322106996104534,29.74095913550412
BroetchenAufschneiden,199,13.711855083925066,8.816235572390962,57.897089896798,60.63980128525336,72.47331916616177,32.570684209373134,20.74793051100871
BroetchenAufschneiden,201,11.415826019582365,11.465717090242505,56.01937939296621,45.74505457612305,59.38257388781779,27.06292619596194,24.596050354510542
BroetchenAufschneiden,203,13.43696097079863,12.16916215619953,55.865866551507764,72.91677558599464,64.04023532884462,32.447799080305245,25.324157078830517
BroetchenAufschneiden,205,11.151257202223455,12.36563469445997,57.35182204889445,50.227230237251526,72.55503784909676,26.036815011964755,26.14615016873317
BroetchenAufschneiden,207,11.140440886411685,12.42820483482803,46.54235921070404,47.762407673504704,63.45366705530166,25.853492809773833,26.71054525277521
BroetchenAufschneiden,209,11.325294124528602,13.316188720885137,45.977844954449765,55.75065183521647,51.57464660580154,27.595686203741234,25.77950674227928
BroetchenAufschneiden,211,13.702235194666475,11.47033078787092,51.821501480896075,73.75975390551666,68.35848423458683,33.47590406303674,19.080205067834324
BroetchenAufschneiden,213,11.122271524900391,11.362337419765199,46.26443808464298,39.906557388667274,59.51580830211872,26.294894242278065,24.24753348965254
BroetchenAufschneiden,215,11.094336631742364,10.886111579875564,57.426604563699954,71.36465093881252,50.39804067557956,27.15335531896873,23.93236011318587
BroetchenAufschneiden,217,12.629640913157079,12.151634421929025,54.249208792351055,89.13422488548258,66.03244645387248,33.50212476937506,23.394123461434056
BroetchenAufschneiden,219,12.807938357511956,11.804821063677778,61.02294388934715,91.41852945895577,79.9125802715281,31.80227656633889,23.986306653938417
BroetchenAufschneiden,221,11.449914997236544,13.671731581562973,62.132119807477,67.62062604346626,62.73440247455339,27.81378044158987,26.946374004607506
BroetchenAufschneiden,223,14.494224318820597,13.376208504487842,65.69658671782847,104.41760278530853,46.65185316189657,35.67976727015671,26.71700407248562
BroetchenAufschneiden,225,11.259846648532708,13.527601172387255,58.21826209540715,60.915017544355614,62.707292118495474,26.727655134701045,27.414516583033006
BroetchenAufschneiden,227,13.13198321628298,12.725938036154506,57.870249527554556,80.56241051870431,62.58042740999145,32.07615799416154,25.241339322164
BroetchenAufschneiden,229,11.322967124020092,12.83947304235226,64.3464246661041,81.92254319885934,52.61726115492499,27.956782614574927,25.32855390782661
BroetchenAufschneiden,231,13.199054241481377,15.519500082863585,71.20449781776766,118.68837852915583,58.748120677979564,33.95893850338484,27.87446723402571
BroetchenAufschneiden,233,12.78940737830591,15.831811826890887,64.66923356161465,100.9547413093719,70.17530502964054,32.46759002839269,26.93551741315845
BroetchenAufschneiden,235,10.657310351538037,16.32833738228075,65.09245318655941,80.84454772189737,71.92345911604221,25.65103353924194,26.248407022152822
BroetchenAufschneiden,237,13.368972061007813,14.079781043040335,73.35678741429788,124.86138659510681,68.57889879508024,33.319152929558356,21.8039661265589
BroetchenAufschneiden,239,10.615142239246325,13.502077230585376,64.72166577632997,75.43130559141319,53.520088700510364,26.297633370588173,24.509356087249895
BroetchenAufschneiden,241,13.71740743257316,14.274539422292829,65.40652686331276,118.25778441029385,66.40401301478833,34.234403871029144,25.852881896351867
BroetchenAufschneiden,243,11.080564320947717,15.839632243141569,62.39250763593224,79.43736437276971,58.015390161183184,26.58948980054146,26.914101035166627
BroetchenAufschneiden,245,12.106420080658566,16.20089820785999,68.59163369417251,95.30320427822012,68.91733133753561,30.36660859324066,26.735503036713343
Dort,171,,11.299273879815082,59.492726061550314,,51.860700081243095,,18.67044828772369
Dort,173,,11.285149718817149,65.30245871564125,,71.20750328186146,,16.28112142568831
Dort,175,,10.955387151822043,66.9395246596241,,75.72806443787367,,12.709514963898457
Dort,177,,12.161048098684596,68.22386993733822,,105.79813074350021,,13.614764951463592
Dort,179,,11.572817668849464,58.11829088698719,,76.63599891236497,,12.661108323563115
Dort,181,,11.755635218679771,57.12157030194248,,71.92014240897107,,13.47699605857445
Dort,183,,10.831105256890055,59.64902936046644,,75.18284022221414,,12.567756108133203
Dort,185,,11.232003805374562,59.10323928928135,,76.62606715035146,,13.224698450148702
Dort,187,,11.386537996625172,59.845818287681176,,77.80720484539282,,13.368902835744823
Dort,189,,10.88719880149098,60.66494008483953,,75.69172571651323,,12.821295901800479
Dort,191,,10.860977441083563,56.82185591723544,,78.92486331260608,,12.934513715762485
Dort,193,,10.73849788233337,61.703028984189736,,80.00733042241265,,12.289895933844202
Dort,195,,11.175927892256952,67.34961974618598,,85.65164847164499,,13.532224051547074
Duenn,156,,14.849381644579916,57.69641214563248,,78.20291799671196,,14.62738700896768
Duenn,158,,15.414633291645483,62.80479390730241,,64.02532114573737,,15.659786404357993
Duenn,160,,14.362111368655782,61.29577864347076,,60.39231629484246,,14.129191153447566
Duenn,162,,13.939876426518733,51.406572708343795,,67.28057379371879,,13.61374992505565
Duenn,164,,14.50098696356899,65.33246110172031,,68.93700868717706,,14.23412943617147
Duenn,166,,14.775656890600684,68.93379559466752,,74.39088137158299,,14.394164889736455
Duenn,168,,15.138236462995547,60.6235705882073,,69.22809781680122,,15.103968463014798
Duenn,170,,15.63760751778631,71.38410507343916,,91.40896713009244,,15.839073516881855
Duenn,172,,16.286305665383143,71.20629686522905,,76.6963064623708,,16.03971337771963
Duenn,174,,15.350412741957896,68.48431170790693,,70.03608766387359,,14.948158355053748
Duenn,176,,15.124953881884974,70.56080290166267,,71.8875017104532,,14.811522388468768
Duenn,178,,15.148403649443074,67.753149941201,,59.85635016017015,,15.030929592356397
Duenn,180,,14.948816409053693,53.97528856637371,,61.73562403723563,,14.605453954272557
Duenn,182,,14.454702232830424,75.87570639123915,,73.60452003330026,,14.118501397427757
Duenn,184,,14.548038380859687,50.84100896101815,,64.45698675321785,,14.151130551731054
Duenn,186,,14.818685970266728,70.41079091577001,,75.32965215690857,,14.36076372855747
Duenn,188,,14.685201006340598,69.68959220943047,,62.259758244356455,,14.250659736478735
Duenn,190,,14.91559690961536,64.91059171606744,,78.78063275716919,,14.481946129030717
Duenn,192,,14.936079001894745,66.66492226397445,,73.9645505528309,,14.509489467343514
Duenn,194,,15.103576346610977,75.74011862402892,,78.96707121101363,,14.64885678546297
Duenn,196,,14.96514548816728,66.58360418687731,,77.55025474010989,,14.52289560581677
Duenn,198,,15.305504587083721,64.00812639055349,,66.44317442404419,,14.899599809878094
Duenn,200,,14.858734335096269,62.87335803222033,,74.7503452196712,,14.415415285924533
Einkaufen,142,9.086866204541927,11.438775016858301,49.65423963032005,55.178451274644836,53.59965268717317,14.047247248107123,17.094090018099013
Einkaufen,144,10.120418143420329,11.236211427525056,51.39246081456831,51.934098747843706,57.70695105535994,16.878693323322214,20.036776972959764
Einkaufen,146,10.69690148497856,12.328104735620508,53.004359054848294,50.74916774128605,65.9590906275666,17.1870745298446,28.163590636612103
Einkaufen,148,9.346108570168852,14.381167453389791,50.82587706890713,50.24219712939531,68.26758943646469,12.511163742907582,32.79362181974229
Einkaufen,150,9.17767695030989,15.080825843723279,48.82367544154524,57.36268406599596,59.19829476675903,13.314349779735286,35.78164228964005
Einkaufen,152,12.104068905757517,17.28721426073702,47.570331696874305,64.01361490282683,54.0921451036,24.184234388397616,37.92250440128779
Einkaufen,154,10.391749676787404,17.713423878881972,42.77255848795671,40.43758089096477,52.02187993598805,19.377426557180115,31.965121328013858
Einkaufen,156,10.013476853867102,17.632671517556812,42.87192341327859,40.777654740928256,40.40872073895145,19.795053441849763,31.3660126708276
Einkaufen,158,11.15140108299019,16.106026088359602,52.46301665097178,59.58358980309244,58.71800265391991,24.98459262123457,32.16184079353066
Einkaufen,160,10.899541897528128,14.69105570693381,55.74774727547342,58.370108865161626,67.53158810425766,18.085299517294786,31.138855238150445
Einkaufen,162,9.803307435429085,13.246080979136027,56.00246792671781,51.716265033956404,54.45254929051168,17.50425031627836,26.48360527766717
Einkaufen,164,8.82524672877009,13.49436413828048,58.653668953751776,66.86087768848783,68.21576923506325,18.390304056423908,21.716828832423744
Einkaufen,166,9.242386865604972,12.859999096627464,46.44519524200319,48.68843681871487,53.36700314220223,14.094030255256882,14.904020820705663
Einkaufen,168,8.4756683343944,10.78962965221078,47.17522199576043,53.94677963167632,58.971933013896404,15.784055579550742,13.755316917266924
Einkaufen,170,8.636242623186378,12.621394155194798,46.119530223154534,40.94719110551367,64.14868138893503,16.486851266375012,25.997485886782307
Einkaufen,172,8.710977705877294,13.93665341474412,49.14722324978493,46.32447028821825,71.54078413856374,14.42162221862366,35.191854938876205
Einkaufen,174,9.680565890915515,17.725753333017423,47.83420501623272,56.577698013925826,71.86886939468474,14.336866544965948,42.99072484212098
Einkaufen,176,11.17954460952779,17.911020712378665,42.476416584105316,41.71827939598715,56.45176146082616,19.17096662252995,35.194995710102425
Einkaufen,178,11.111396211375464,17.455550907002564,43.73848757322448,57.48107048647356,49.486839724613276,22.918082550886314,27.238185706160568
Einkaufen,180,10.18665454809566,17.10086928413171,45.84647049060418,59.7985805425369,45.29626630740749,18.824671740618406,23.26836858306687
Einkaufen,182,9.503360598403521,15.742493292750272,42.99294224733879,49.703794105322636,51.945019550832704,13.825693132638794,22.99372533364136
Einnehmen,161,10.120199094200894,10.180230081495695,42.25266375124555,52.56453786356981,61.13235208416053,15.63719440467557,20.382350847155163
Einnehmen,163,10.230129668687677,10.4539614362279,49.35411049616758,54.2835284394684,66.04946340437475,15.929926952065275,19.393912389459132
Einnehmen,165,9.924525098600636,10.543542374337665,46.567251723588846,53.90969010205891,96.86241981405378,17.88795416588592,19.37973553847022
Einnehmen,167,9.39033658058826,9.946139787673465,52.65332695313316,45.888501764979274,127.07711312870853,15.725627894288406,23.044151915195087
Einnehmen,169,9.67409362705921,10.56508496299419,49.92550341244348,41.697261050465706,109.2792334890255,15.713312180644465,25.812292157330102
Einnehmen,171,8.599236522221933,12.496943575397754,55.31660582289622,70.02424049256385,101.0342409310691,15.697013098920614,31.565718648098443
Einnehmen,173,22.827278986231192,12.194040750906025,58.25434010841397,80.01032275943966,97.02629546257334,43.528502395599105,31.74590057694536
Einnehmen,175,9.839956727383159,9.44893788833913,57.45849883869675,72.23154145598924,84.04531032066109,20.147698485048483,22.532910517426124
Einnehmen,177,16.817872718293984,8.698944810944512,53.91397567014081,64.37615153321468,75.40951754317854,28.44737759891998,16.491241221153846
Einnehmen,179,8.414477404252121,7.840228933794528,60.0606425981047,72.64665845787175,72.58306568479901,15.109831913191037,12.520174565871294
Einnehmen,181,10.337573965816865,9.149058114226046,58.58676129053025,68.07218353224224,70.18049353540864,14.158105435102836,12.28115872459292
Einnehmen,183,14.466918839628926,9.060297614685895,59.59287366040887,66.93458671562436,69.4041751232243,21.56827584621304,11.435261232865814
Einnehmen,185,10.41025687258653,9.336544667005592,56.54774250212651,72.02897110413203,64.51302037090093,14.245829716609542,11.187018639517834
Einnehmen,187,24.482339184330684,10.264470300369632,51.366617978341885,80.32498277019099,61.11467942146753,42.61898625139493,11.962214697867854
Einnehmen,189,9.643273652135678,11.239934451701293,49.07112602024235,68.98686673434663,59.51863482129802,18.50631112131198,13.964271939547729
Einnehmen,191,19.082698477789034,12.904017655702681,46.80134855537199,76.45446860723439,54.7025065072874,31.975856896706677,14.50182445587042
Einnehmen,193,9.611338186581161,14.487692127092071,46.526011150236464,69.98239361440349,55.503326477122755,18.53500488126456,15.622019250119155
Einnehmen,195,21.44187181174496,15.372090217397528,46.6504159136194,71.2662897228502,58.900015514132384,36.455705100593846,16.513859046819658
Einnehmen,197,10.692258435692347,16.341544190095092,43.78313126453856,56.976684503640726,57.50762343596707,18.376148327853382,17.822746575789267
Einnehmen,199,10.041118421393593,16.064180641579032,57.056819972517545,70.82492802038733,63.32029907820684,17.88687474900514,17.679035715772333
Einnehmen,201,14.876366509469564,14.717814737554765,56.962268218782654,57.19368146790526,62.22319409951565,22.00884988605197,16.59180685729592
Einnehmen,203,21.272454891934512,14.745495406937888,56.84462416980974,66.92881121848805,63.522274028165334,35.58224634207638,17.04532183370692
Einnehmen,205,10.612040960376772,15.46993868427912,58.210049949173175,74.55476892578073,64.51086821859337,17.48496346827631,17.460931811448752
Einnehmen,207,10.811273989728429,16.354810493783265,50.036712638018955,70.21802629064175,63.16767871591669,18.562251952350376,18.753810556539047
Einnehmen,209,29.483484344040846,15.76864393357183,51.280116679592616,104.22560927061323,67.27643310753325,51.901706665432265,18.422422746020736
Einnehmen,211,10.882284610491835,16.85853238570371,48.68065672907077,71.53218282732692,65.3605444262745,19.982172347964035,19.389121170319594
Einnehmen,213,15.279080050384785,15.875866280260837,49.159607476297786,69.99504651231712,68.92078809815791,24.743283915341877,18.640544596029983
Einnehmen,215,11.204998852420402,16.257698414563244,49.08325555856348,69.5221664844304,66.23698526718205,18.5141565712241,18.909435333132407
Einnehmen,217,25.869235091627132,16.818725797004912,48.287963456708724,83.90391130521616,64.55930141961463,45.320049958482144,19.295794088179505
Einnehmen,219,10.975345062605147,16.45902454864253,48.39016736677145,72.24046524480237,66.08362234810511,19.158281937921508,19.604817814631023
Einnehmen,221,12.57623632123748,16.588194683190046,41.16578827726602,60.39231096133847,55.38563606951811,19.175098320329187,19.13449085050305
EinstellenJob,140,11.602485335129545,11.423434510992882,55.14269886050991,60.726447384157865,143.95788789079168,22.900561116881416,22.299482140932316
EinstellenJob,142,11.425046375225273,10.230796674706363,52.780713365756945,59.35481625170395,133.6941101409732,23.301492551966,20.720992723932717
EinstellenJob,144,11.287393099252943,10.712477177172204,52.625218534045096,51.628980581006886,134.86298568433688,23.70515668651952,21.940369260578247
EinstellenJob,146,11.230343389487455,9.262902214319395,48.89180340669284,53.11685835534016,110.3993844050383,23.196917933141375,17.865860900640225
EinstellenJob,148,11.234727907197197,10.265208982684067,49.68640739533616,51.85328550331125,115.44073266894821,23.222044277533243,21.906172313177265
EinstellenJob,150,11.433328737118998,8.422799451700287,40.02331796994599,47.09217652916049,81.2718514173256,22.112340069040087,16.933692664410955
EinstellenJob,152,10.424118061399355,6.170906789938459,42.03953385921,45.59537675641536,78.13106089767898,20.056457922684825,12.552234951034714
EinstellenJob,154,9.133297427592334,6.231037843819705,35.9104058554215,35.41279435777052,61.85754598430969,17.84807421492997,10.205586239901526
EinstellenJob,156,9.489174678577822,5.855755963189393,40.31834447285241,35.505548978746354,80.52096520176026,17.44528568691168,11.298154003220965
EinstellenJob,158,10.821557387480997,6.710606616524245,41.78293341814736,38.90128099471859,69.07597691703208,20.175077684622206,15.659855406353818
EinstellenJob,160,13.628320426680974,7.386349335527849,40.906415094970235,52.86232920317124,73.46944406056323,27.178633760592522,18.120939586674712
EinstellenJob,162,11.816561961594687,8.106444988737524,41.16982956154108,55.46550371194402,73.84095493795401,22.84986941463123,18.689206170260487
EinstellenJob,164,11.63524123985685,8.310720203560868,41.263617118178146,56.20146051884145,74.95087417590697,22.331301512656722,19.394713309479215
EinstellenJob,166,16.096678992000584,9.489293588389177,44.951061428152116,75.21366642589734,72.36924637039745,32.301248894907964,21.82800466032302
EinstellenJob,168,12.548659759236157,9.300690856310952,38.51759884495387,58.231025402492385,64.71494923798889,24.686280773674586,20.889636492227137
EinstellenJob,170,12.259116042093446,8.846426174862684,43.06631249102287,59.70224834777212,69.02461020207872,24.001921309305832,20.326766658675385
EinstellenJob,172,14.439874182469287,8.867774918900665,41.8949817057016,60.748630129311046,69.2899914395532,29.09156328597333,20.389555512033695
EinstellenJob,174,12.530878139495018,8.772467034835202,41.52254953052326,56.51837729896255,67.86493647690948,24.569987800522505,19.787285935934516
EinstellenJob,176,13.44461297002332,8.42038119552161,39.614100303346376,56.107493318735564,64.56920991506612,26.84932974137799,18.701306770663106
EinstellenJob,178,11.891039819420529,8.999839630307713,37.61063717216885,52.81129483898066,62.48150523614635,22.931389990774704,19.052002596981286
EinstellenJob,180,11.984636547365257,8.566774897321325,40.154514187705146,56.50527074517161,68.32347375825549,23.477338320024245,19.287218504659844
EinstellenJob,182,10.501244750366721,8.419115491717426,41.516306248765005,54.34479630803492,69.03818575713599,19.562089360322645,18.863859307918602
EinstellenJob,184,13.017918827721019,8.323583280613482,42.0969149843641,54.943104949962056,70.54919958088352,26.06186798999722,18.695487314656884
EinstellenJob,186,12.018616918650801,8.372605658293462,40.08788393771401,51.66779037610824,69.70459335786995,23.08245031839422,18.794667104917853
EinstellenJob,188,14.436637690433864,8.428301257982431,39.56526386443588,55.06790491956122,63.82758959413422,29.210238660220366,19.537600975395854
EinstellenJob,190,11.634756165617244,9.081991508306137,41.1116993181857,55.657981377210305,68.07354579963093,23.0723539267292,20.284241898725337
EinstellenJob,192,11.254014695023695,8.756569866430409,40.42392166071133,54.54852994707635,68.00689852317191,21.934419984357465,19.385907368943307
EinstellenJob,194,14.268162163023613,9.50448385016679,40.879353538450914,55.434420927738465,65.87113285880226,29.091115927848616,20.000822191977782
EinstellenJob,196,13.342380803844556,9.798713680081523,42.2340182930579,53.95500624374345,65.78255652850892,26.933656431878212,20.630921982662585
EinstellenJob,198,11.275225167867774,9.271432885193839,41.494356324609264,53.910158117875376,68.9656391755908,21.730200335908286,20.237197149249315
EinstellenJob,200,13.854071256958823,9.41208371771927,42.34052042073701,57.69350360321072,73.1333983330112,28.101213175945027,20.30879941624825
EinstellenJob,202,12.052338061136396,9.70019223721762,42.96971946146099,57.611173556658585,75.5425165731532,23.736892324797534,20.202317666254007
EinstellenJob,204,12.104475410457821,9.533623007096116,41.423246005591274,52.98929699866021,77.58567829044516,23.707666168333425,19.86565016396161
EinstellenJob,206,11.401247652853499,9.17562996995939,42.030377017504556,53.848738088970876,82.00904078770884,22.120537150519763,19.39719532389322
EisGefroren,182,12.431010268379946,13.959424177367088,40.73840696698012,70.94734546539257,113.16961838659695,25.68045314472346,31.889672865804
EisGefroren,184,12.683653645133784,12.078106204073288,42.79712528388034,71.74006546116236,123.95930455374719,27.30043629529488,28.70381374819498
EisGefroren,186,11.276969779485146,10.650729500938853,36.66073517717679,48.167508259735506,90.80757791760031,24.21793503735666,24.206242145316885
EisGefroren,188,8.71338809813299,11.986533621213791,37.181412684813935,40.90558800137401,91.00004496256733,20.04530425960919,29.184157693508205
EisGefroren,190,7.946961880474814,9.856144546260794,35.43121190436263,44.98984777872043,80.81277233810556,13.073193265233282,23.24604505277424
EisGefroren,192,8.5410801272877,9.351240437179953,34.989636300722715,37.203752972739856,69.35586528962716,19.65872188984703,21.99304820333405
EisGefroren,194,9.028631746184622,11.060569466497245,32.483219789018094,41.11771569242048,62.003922977734376,23.199870720161453,24.819380153797656
EisGefroren,196,9.711239469715244,10.202599721345107,38.996539052742236,46.741681118697755,74.09764202366593,23.346741956354478,23.704389644461266
EisGefroren,198,10.625724516528612,7.672349497322204,37.78211194358603,50.718956884442456,71.00237463772902,25.050156485930856,16.525847362677904
EisGefroren,200,11.994339998268963,6.525327224761918,42.19388812244659,48.722104768724144,69.18017692995738,31.020129366682475,13.102398939353028
EisGefroren,202,11.029679302569802,6.588208102642861,50.40869853835699,53.56062726749204,79.23977344446864,24.178373844878205,11.341695172780044
EisGefroren,204,10.21503866629118,6.652299015246089,49.85619543921091,51.08120539583658,72.27700603609685,21.13555671605214,12.858437163580668
EisGefroren,206,11.122938916659933,5.303696150286609,49.13934901255805,51.312852011953844,70.76769883257157,24.293341883250953,11.096564296692664
EisGefroren,208,11.251668740421346,5.808856105113336,51.42538881046456,50.69749136134403,77.23314436651889,23.667470063861018,12.10566022542771
EisGefroren,210,11.438242255692675,6.110365091636144,45.94819572550497,48.54955937606631,69.03747201379285,25.524324981102524,11.980381758463333
EisGefroren,212,9.830546855947416,5.7199174152283145,46.81978722174454,50.37288826896933,69.64025034784933,21.83928985482958,11.212121643105398
EisGefroren,214,9.50035739815998,5.719715341890243,50.46870737436948,48.33912693624039,73.81740069864424,21.72620916712516,13.06640415495119
EisGefroren,216,11.158494507224603,7.878186812024912,46.63715888965178,48.90682202057653,72.85461578662213,25.96947645260243,14.753966933206451
EisGefroren,218,9.090201115619143,12.408238309634118,47.10228793397702,49.59390828181335,72.62801498395282,20.947047997760706,17.325185210288137
EisGefroren,220,11.460981687021132,14.652920029257002,47.233983297226075,54.906617783744956,79.21163500298809,26.13829827557767,18.99578031246065
EisGefroren,222,8.879913654272313,14.330837009805071,46.64724218149616,48.02049534767615,73.62326891742988,20.171315620149496,17.706501584528137
EisGefroren,224,10.472367024556274,14.027418041683088,44.91049022319883,50.148801910287325,71.92842131127384,24.094135512293214,17.417053438765908
EisGefroren,226,9.532472688734842,13.822512405428252,45.30444080694621,50.53119985784433,70.6367973524097,20.999765296406267,17.307932624973844
EisGefroren,228,9.674615590424155,14.096778343922734,46.9251903412675,50.63981873010341,70.38993326641618,21.106937314087318,17.790677441657618
EisGefroren,230,10.578431381211317,13.697185091644213,46.37005600966994,54.660626960532085,76.62112078998294,23.479688298103955,18.219489831715592
EisGefroren,232,12.443733223896466,14.136077889626648,45.25698476615262,51.89583937290079,75.08146217941305,27.316826011794696,19.02105215627546
EisGefroren,234,9.65739037189236,13.252658508904123,41.34447198378871,60.302538122989176,67.6844755663716,20.927129798102417,17.568595799383594
EisGefroren,236,11.225118219544745,13.421887489595768,46.020883895888765,48.86645965319768,72.83520401226706,24.72488687919956,17.65454804755871
EisGefroren,238,12.533956148386837,13.620927821161827,42.589955191049654,52.00994027910077,72.18372173842442,27.922770301916003,18.78751275571048
EisGefroren,240,11.38547796582944,13.348636359543475,43.468978593067284,52.298241447540846,73.6503147199398,24.77745328358971,19.41501681012024
Empathie,136,9.745916559169524,15.405043013144068,51.959526957158175,74.44997912201771,81.53557836590123,25.984518491722092,33.93377926105713
Empathie,138,9.678021290009715,20.619695824536667,52.90987174905998,66.99970755902979,100.87476245616475,23.43066510600576,40.815636058316855
Empathie,140,8.095868068460746,14.740628225060306,55.87270100479625,94.07494077096787,97.67260509338205,18.862971868187138,31.99955675807229
Empathie,142,9.806438897130256,15.98338654153465,53.07509380963849,104.21243084216212,81.86173283094638,25.071175819340375,30.889980526892064
Empathie,144,8.543308503991277,15.200242605723513,47.45292994225685,60.023314349532754,59.254101010223444,20.521522817740973,25.452785545619534
Empathie,146,9.206622795595926,12.27102309717576,49.31814190672491,39.010381915113506,70.81151367218357,19.721852644913994,16.06683066630251
Empathie,148,10.356931257099479,11.720145424782157,49.700692788528926,49.23601397786862,88.56302990244714,27.08026911108685,15.646420177143682
Empathie,150,9.220365761568834,9.751911724810789,56.99250462911902,43.57922332180109,84.9079964578535,22.84583634885075,13.014619066797922
Empathie,152,9.837574436074856,9.254050624015585,59.8159234191322,37.16474517021096,91.77415736781452,21.932934942133357,12.836794783049285
Empathie,154,10.086706218372704,8.662100324533228,62.87446154808987,40.04144625296327,101.92292702751823,22.578243529655456,12.208435271741031
Empathie,156,10.635050425823058,7.99926536117892,56.63795492644052,46.23503420047245,72.02744403669476,28.525304513173563,10.614534885920758
Empathie,158,9.938378281751211,8.722445133610032,52.157448758222806,42.66738641342257,99.20368451295595,26.333927289935524,11.204695387747092
Empathie,160,10.6679320227944,8.07082083172585,62.60437496134025,43.390026966216894,144.60355893693816,24.337881103492478,9.617999640986037
Empathie,162,10.914900614520644,7.920171221144568,70.04375355328176,53.971330136294426,164.52160663812873,30.54655597367527,8.695531729193439
Empathie,164,11.222279171694083,7.605059577444118,62.85108532482417,44.89491037552377,148.02121100810803,25.720291146488947,7.809126867248115
Empathie,166,9.81448439520824,8.466996193098872,52.62066026525506,46.10947559810312,117.08914506488335,27.340763118300902,8.652929010136978
Empathie,168,13.604627083110877,8.2791199642545,53.95279895480403,51.60455744549855,115.80247633657507,29.771678715388116,8.496079554047522
Empathie,170,11.3386516959009,8.45709120606934,60.42049027547793,47.01416455153378,129.80415225762226,22.915918277545348,8.862114833534477
Empathie,172,14.400741045517496,8.557969362607379,54.683252605292225,52.01384896090617,119.01351892677978,31.557441384967593,9.127322724090584
Empathie,174,15.702814632584088,8.64854318066976,64.30333204676681,53.546463107344245,129.8750800258429,33.9038204551938,8.798414864288679
Empathie,176,12.513551149342865,8.28111876999428,65.04868964861359,45.744238713566375,131.68591868657742,23.46893446720248,8.52326149382288
Empathie,178,14.280900892872673,8.71629781886128,51.624275197907224,42.84533250150172,108.61156513692139,30.2926945892472,9.08129105048433
Empathie,180,11.840834399263162,8.526132281682113,60.64011523228453,44.90300633863657,131.50811683178804,22.232856071804896,8.932802056992456
Entschuldigung,129,11.151282914002664,15.067699045916212,51.96607307301174,65.61803674243261,77.85746549720163,22.31906114331617,24.203799206660815
Entschuldigung,131,16.9452918429031,17.403455890933106,54.28411992433789,85.64015232097607,71.31041556610282,37.81449055301509,28.21116585335218
Entschuldigung,133,10.380876315730152,14.74442663640811,45.67428078189649,61.813540301710056,64.06459128051037,23.361769526204544,23.864945549515728
Entschuldigung,135,18.72107508010142,13.177716565352489,49.9583658300079,75.49732848955149,57.11269416824854,40.491145616034075,21.0010086085873
Entschuldigung,137,10.820535115843922,13.903474540262602,44.28656629219689,56.02948497302364,60.25992803384718,23.245576624554854,23.772417085571984
Entschuldigung,139,15.98357546459623,13.618709214824808,47.543779252665395,65.91349149774835,65.77310098546742,33.49466954534745,22.32970168609856
Entschuldigung,141,14.818241130915718,15.571349465270503,47.15588114035702,68.4821652581505,69.3203191311337,29.756116668440292,26.019320130970144
Entschuldigung,143,15.912814676502217,16.400695976376284,54.542336424003885,76.6795266545246,72.45023917896098,33.62727116702604,27.9001626310574
Entschuldigung,145,17.206155677369747,16.393329532408988,52.95352082017064,83.15112724472829,77.38006292913627,35.90973220107971,28.664758771837658
Entschuldigung,147,15.14404037430811,14.001406921220557,45.91694124400122,66.34922730416554,68.7725230761845,30.696278541240403,23.877348523869166
Entschuldigung,149,10.379569629107705,14.957556878631689,49.69911004464929,68.52980084871928,67.27922234066517,21.564417783492377,25.09722537845724
Entschuldigung,151,14.713494999772632,15.783281756748684,46.30442953240901,71.79179631013743,62.49892881537869,33.16168141905252,26.373209244979254
Entschuldigung,153,9.251616891987853,13.830842202112764,52.88956999494173,58.45854284621225,61.254124672252196,20.1814585704705,23.760505057668126
Entschuldigung,155,11.029512804449512,14.716463427017022,44.16090437750494,54.024074045192975,52.926426187835126,24.447702906315666,24.5572772968862
Entschuldigung,157,11.950937612565768,14.919126710353167,44.9163648606278,62.36033090199275,57.033874396393195,24.088597336841275,24.548375998719195
Entschuldigung,159,11.602345868607262,15.676077851335918,45.087759061428585,62.96697864591767,56.996470828808285,23.816287804442958,26.22216086500025
Entschuldigung,161,9.894260659750493,15.422812997831294,49.67282575697486,70.10652767958672,59.94840466525977,21.908817263232212,26.6271468922529
Entschuldigung,163,10.548158398002743,15.027571791306894,44.671460549695446,59.817302661225646,57.06992288600381,22.76684816594224,25.23268107749232
Entschuldigung,165,17.705286054626672,15.420086675435975,45.6671098367618,65.88216203518448,58.394534573251754,36.625997082260795,25.38691570723666
Entschuldigung,167,13.759256193358585,15.823293502910872,47.65327788099654,64.43617659466612,67.1747809584087,28.309224128917656,27.31225918572754
Entschuldigung,169,9.813808702958676,16.087506536152247,46.907961861193556,63.56378000111602,64.35498414233385,20.131058100049152,27.35508465165498
Entschuldigung,171,8.740913286410633,15.783241863615602,42.22571144098302,59.55454358934019,57.71402344609812,19.113708720827155,26.327689721046344
Entschuldigung,173,12.40840691213403,15.399317343911022,40.89330893549079,60.87020277078653,55.37669322776594,29.02742913764496,25.62324800041319
Entschuldigung,175,12.322523431141278,15.879292699480615,43.084111420766654,62.126198140692416,54.54238063771462,28.322665700944597,27.290597490075317
Entschuldigung,177,8.76438042132046,15.531651398817779,39.232659375637134,54.14619477181502,53.08234035570101,19.55812720613935,26.297604290269913
Entschuldigung,179,12.987118308617976,14.683104451497066,41.534811815767426,60.6638006598247,54.90520412441703,28.964931769692537,25.124164763909032
Entschuldigung,181,10.904709087865518,14.821356777352833,44.65175942733595,61.39894720266422,59.1167729236461,22.474663767734704,26.144058946105186
Entschuldigung,183,10.098075392218961,15.043678975956889,45.198874297289514,63.44817961172565,57.46104601845341,22.941193691527594,26.800872625175703
Entschuldigung,185,12.880701672244413,14.662245261399502,46.33123682112002,61.8264129642482,63.905928838336095,29.362545905910533,25.464085028562
Entschuldigung,187,11.092559892930375,14.056480987795108,46.633068235496765,60.70279314710108,68.95828296755757,26.370229362264542,25.22225359468311
Entschuldigung,189,8.775532271416843,13.813286225269291,47.3232135683319,65.04448710113283,66.34461221262602,20.875636618509567,25.23849047659832
FestellenDiagnose,141,6.887421092613692,11.470495554144282,55.64365049242116,92.85874391695762,89.02445902653847,11.596633818864172,23.4424490265503
FestellenDiagnose,143,7.898897697314401,11.941645762824109,62.27960790442178,88.64840755245824,97.39724267226083,16.070516443386964,22.689962182005942
FestellenDiagnose,145,6.257893380486963,10.423344847461252,58.200112708171424,94.52068216895533,88.80083727379855,11.403665051736166,22.733715093769863
FestellenDiagnose,147,8.554722616489405,10.838275817878749,55.578904577142964,81.84298706224726,82.77880512880304,16.645212167555847,24.337659923841247
FestellenDiagnose,149,7.64151066449937,11.813078349137097,58.53319666983022,80.08865812101037,84.63911573057992,14.11311893039539,27.65989184319292
FestellenDiagnose,151,8.458439244111247,11.83758440669284,63.77718188659654,83.23654356139099,95.7951688975678,14.895109795584778,26.896540388091395
FestellenDiagnose,153,8.008144957244333,11.183164006858995,57.85358675169339,84.37899938300073,85.4179725972625,13.14479631659741,26.945197290957196
FestellenDiagnose,155,12.8040271319654,11.418604510770336,57.18600308397183,53.85961496911156,104.41469475510556,16.149371606789984,25.69475033695322
FestellenDiagnose,157,38.86139330608388,16.40223344741637,63.01573484002676,79.01341665811162,103.01586816510437,47.280424726714614,32.042404716152625
FestellenDiagnose,159,28.299977131257783,9.97529829261137,61.339237398350754,68.43427827075571,86.25180990427664,34.86058449250884,20.149914607963684
FestellenDiagnose,161,8.803472358918874,15.310081648245603,53.28136357172103,46.80144244586152,90.05279235334716,15.245126205516268,32.27171331613364
FestellenDiagnose,163,7.740336199823848,15.761255342029685,54.4764731080882,51.92716045262795,88.25625610124018,13.598735443686792,32.23496278062824
FestellenDiagnose,165,9.763699364808502,15.216600488163975,60.41132130208396,58.45527756144562,97.97644611389329,20.879504894409514,31.041954024554524
FestellenDiagnose,167,8.049112705172066,14.305172997131919,62.010873893451404,43.696485110812006,95.27425821077526,14.122297083992912,29.768344218388687
FestellenDiagnose,169,8.898065682810005,14.034066944281369,65.9099575475629,55.260973254007666,99.65409899107962,17.895759937996385,29.803483234076747
FestellenDiagnose,171,9.039808242215976,13.318378669701463,65.05063025437488,52.357082960332356,101.7769070734349,17.3577729203341,29.538315483081412
FestellenDiagnose,173,9.48509668372437,14.032666139147917,66.84300795511638,53.2134353024636,106.00440005881131,18.002992362180866,30.566365269235735
FestellenDiagnose,175,8.866701979029065,14.729808120432287,60.9407886722336,49.32022850626129,97.77024061391538,15.993204652122772,29.621223594368708
FestellenDiagnose,177,9.988737497774213,13.899361963929833,60.311374773787996,55.89691155042398,101.94630426228012,21.6931747922931,29.972117569495918
FestellenDiagnose,179,9.15624135294028,13.290802788079494,58.075072164360115,51.43020427090012,100.18596713933734,16.62421873333766,29.210862640539155
FestellenDiagnose,181,10.086663781962429,13.467897769789923,53.271940114576694,57.11029067257623,93.50987886728787,20.809530601819382,27.124389102750435
FestellenDiagnose,183,8.954988115513162,13.325707366759547,57.258753475985436,47.15981772183456,98.94255940923487,14.333942160994978,27.378673640035334
FestellenDiagnose,185,9.260004370790933,13.095027025053769,56.26107252335964,44.724677137283834,94.61265974870659,14.500188925465066,26.96306304483419
FestellenDiagnose,187,9.791857631730078,13.00621219456551,57.848844612325315,51.02659274101797,98.53841823613226,18.194725005686237,26.53897983960392
FestellenDiagnose,189,10.215839941894462,12.711673367386542,58.05921052849812,47.626103930985714,99.34492267063237,16.37167510474794,26.707342676052587
FestellenDiagnose,191,9.139931934615587,12.756778058604322,60.14186428582341,46.71368445480625,100.15464237616555,13.520038194920826,26.51255307228356
FestellenDiagnose,193,10.449753187024397,13.144872570837608,60.29119716857385,52.86451436919539,99.7041164930528,20.08143759130414,26.574073916388294
FestellenDiagnose,195,9.193959127790594,12.890310584176774,61.273233705530956,48.73014987074335,99.26935246740268,15.15962927240981,26.502214158796033
Frech,153,,10.99855264022391,60.56866600951622,,73.2360628148473,,21.994406170195347
Frech,155,,11.181324190148198,66.41744080327742,,95.61172850997174,,21.95020051944417
Frech,157,,11.69487121285998,74.06207307206395,,110.9358220535226,,24.06301165022481
Frech,159,,13.73367211008539,73.26389060734309,,103.72003903220076,,28.12884686629041
Frech,161,,12.946687321201717,79.24802319159961,,126.67359849331075,,29.534927608894755
Frech,163,,12.726238808698893,75.3750596473955,,137.2986979418517,,27.737197298197806
Frech,165,,12.84820378452192,80.07060712620623,,121.28574016351197,,28.329306236545772
Frech,167,,12.117014736201488,81.77472156410796,,121.17471120513227,,26.009576237485177
Frech,169,,12.564552149444696,85.01082895325936,,105.86259272378487,,26.31339434198067
Frech,171,,12.176488614627818,71.71631776282173,,114.5141248311775,,25.51360219289838
Frech,173,,14.226013886534309,71.78797271958672,,74.59098368556099,,24.539167924370847
Frech,175,,13.050942667181978,68.15049130155926,,47.15463080832468,,20.75668854705349
Frech,177,,13.66837736552332,77.22920094140072,,41.26206791582535,,19.683282923808633
Frech,179,,12.17771265349915,76.1233035079611,,36.4732122817914,,26.297746490673433
Frech,181,,12.955749438750242,76.45316095639713,,40.83643357461628,,27.288059298117886
Frech,183,,12.615170086796121,70.18651175716258,,42.82298022643303,,26.223394166433764
Frech,185,,12.992692434668593,72.79850941944325,,44.04818110089163,,26.45227091834793
Frech,187,,12.648800856931622,74.70171928047202,,42.85427127143332,,23.38267358062519
Frech,189,,12.434835894074832,68.66554387740173,,45.332958968593196,,21.884668697706367
Frech,191,,12.794482761264218,75.16923616948942,,41.61069322575458,,22.867520069058322
Frech,193,,12.404850287287022,71.96939816561125,,42.18757706263918,,21.72539116194937
Frech,195,,12.114258069304132,67.58020453884873,,44.727917535300904,,20.46384125192283
Frech,197,,12.175607538758696,72.93788367550921,,42.43266402471629,,21.004544880281287
Frech,199,,13.011605082871139,73.85065070331748,,48.54535528855768,,21.325439253189998
Frech,201,,13.328210046838269,69.59622644763918,,48.597075747120115,,20.978993857065205
Frieren,152,10.70196299305678,13.251312310298186,37.73029952412673,46.95699467760333,48.93828317415767,20.693745478374318,23.704250852693963
Frieren,154,10.834658799176442,13.191120287850428,39.397439327340116,49.0305319109863,49.88007634201092,19.489890740757257,22.813999925827886
Frieren,156,11.112119882875565,12.878393900767641,43.53489949270874,46.76454097055431,44.88411892306461,19.000625834740738,24.54294664804946
Frieren,158,11.077483291784263,12.981496694621871,45.118991179279526,47.96484512951638,44.653254039378574,17.4173680064777,23.592008719368458
Frieren,160,11.327020380813918,12.50210643296677,40.06307150268344,54.62901908019433,48.68772293177154,19.96141066956461,22.84988148588259
Frieren,162,10.778586213789334,13.093837232086598,42.43774961566701,50.525241406318365,47.95155616049827,18.27823926545129,23.440041940254236
Frieren,164,10.734322626314153,13.555208200456612,43.13405505467137,48.005455554642644,46.04757749008552,17.199868678898017,26.216964126805898
Frieren,166,10.325894059258166,13.37623478631754,43.25413809450529,54.54440134885969,46.604813269243536,18.4272967625587,26.291562729999725
Frieren,168,10.619084496973334,13.43139393463206,44.21903730432128,60.55118531119086,48.17805987625543,17.465700455378542,23.661323797871095
Frieren,170,10.184828409190413,13.610254214206515,43.00347805883308,63.69691067478209,50.050671849942916,16.73858128953753,23.97181541142539
Frieren,172,10.022184348992349,13.109557103652321,44.88743059243358,64.55550182020566,47.81394779966459,16.23722275399153,24.408946883057336
Frieren,174,9.927184828363096,12.44739758219997,46.82628356330135,70.571842263285,45.15219615529828,17.52012260557226,23.19950191619472
Frieren,176,9.923020534611984,13.03696197813034,46.47269659243491,68.59711442321182,48.44111465534154,17.646564575929684,24.824120205478625
Frieren,178,10.343275544040782,12.987605229546702,44.10836771713857,59.792754751234135,48.33134909677179,16.43960331915369,24.6726773976348
Frieren,180,10.061669156604205,12.63621610261342,49.170751424290586,65.6648545535678,51.82917584167333,15.61766195301306,23.57483559005402
Frieren,182,10.242999255810235,13.025615997099306,49.940464615360085,66.43947939522012,52.03741323921696,15.883747867733199,24.302182946360627
Frieren,184,10.307906319077452,12.866914661257155,54.935130365028286,72.74715430049231,58.38779523981062,14.740140612830066,24.08012500158739
Frieren,186,10.430026322825691,12.872287735946358,46.6952484997714,61.41149533358584,51.415361501990226,14.825380854122493,23.527478132211296
Frieren,188,10.580433219355637,13.080555699874164,41.721829631749806,52.62063737444353,47.46661602996537,14.78926885790073,23.95243877604481
Frisch,137,20.97464839811805,21.365076801100177,77.64030245566848,124.99691650128594,145.1438280415844,38.94072640100858,23.26309566516552
Frisch,139,24.515790323299505,22.82450727318329,80.20053324971734,126.72293144044417,147.85084854213432,41.742557627351395,27.190748581660415
Frisch,141,19.464401993062438,22.16140088983517,82.13147800126082,127.52557173358147,151.5702696368901,41.41306842825505,27.33525345345365
Frisch,143,18.399176780323955,13.975125845738487,80.8491890656192,122.5921369301773,138.14603813812553,47.34511534519726,28.601759880879428
Frisch,145,14.942948546654279,15.697915094253664,83.50735695390604,133.64508032677708,159.38730190723018,40.63548444839798,35.85433003904427
Frisch,147,13.260732223085371,12.955536772843754,84.76740651674083,125.27545214408603,138.8014241562099,34.69974639908253,33.178562188529376
Frisch,149,11.030152747022969,10.885936135278055,56.55617962173606,85.0760534032678,88.9098846441053,29.114713957039896,23.64773420539281
Frisch,151,10.77017063212961,11.514192246967841,62.44191740737364,73.82415372987805,77.61014107134297,23.277599308565467,21.00458177875006
Frisch,153,11.420170847953711,11.250018910905492,55.46886381155319,69.69968185700033,68.49148365590041,17.621982593890987,21.5820535586409
Frisch,155,13.056408511281793,10.619406065086613,48.23309673916475,71.86864661459593,73.67594811045363,17.530172677772835,16.90669274104158
Frisch,157,13.342618585662262,10.585299335933694,59.32787390866007,62.9946313641917,64.46766388723414,16.98359895486731,15.400354881563928
Frisch,159,13.721049765543517,9.985302433926298,58.82630606756997,52.27290262570001,63.941509542642955,17.77909744703087,13.210616954947543
Frisch,161,13.27413239897113,10.0828672680319,56.88797510057014,60.80658955244743,77.46484442145005,16.9924984707392,13.315572185419397
Frisch,163,13.070066202790386,11.27240358591293,55.34865880149371,52.45919031287441,79.95217045222013,16.804584150275524,15.022723156205144
Frisch,165,12.920661094336376,10.512694092198664,51.029742483725784,54.631062565653195,73.2634994728788,16.854318115156524,13.641137191930572
Frisch,167,11.875770349604446,10.872398907060871,49.28480868813214,56.24533050858214,77.71484383043723,16.773784616345086,14.28469055097978
Frisch,169,11.212675371201705,10.672652631675268,59.72144901789423,47.52097447366204,60.94731931489077,15.240244297365496,13.501088330338465
Frisch,171,11.126157054882615,10.36944652274824,64.61419686127252,53.96606167490628,73.4265992826888,15.76301997702979,13.302226301098887
Frisch,173,10.688459010043317,10.420011963313755,55.69201726155859,64.94328616960341,80.92877382642428,14.737444601770678,12.867797410180954
Frisch,175,11.339074970573748,10.108672687816924,62.32253384396257,57.23623273556866,71.47923608147113,15.803934947928651,12.617713989654979
Frisch,177,10.980821523108794,10.013687920256025,64.73483386610896,54.926683474121006,65.87876139883649,15.498637593977916,12.096521185755435
Frisch,179,10.94618872767986,10.578104497327432,55.399418589365006,67.5978080086911,81.1736817590966,15.707610665890007,13.345226638628416
Frisch,181,11.070654473879415,10.176753252154656,53.68640979061275,67.60737836980805,75.65100495095486,15.177202242228681,12.494040887015082
Frisch,183,11.033517079488702,9.787655088877715,64.88417184546464,60.548028848172805,68.51391827715295,15.5997723302257,12.530437597733554
Frisch,185,10.816838356033225,9.97622327895712,60.83086969230326,63.92950361592169,72.21948428471809,15.645740865781528,12.570467094194726
Frisch,187,10.539788946140831,9.798033617297168,60.70528493031788,60.16738977638721,66.72917283495435,14.091705430815603,11.901534039371052
Froh,126,10.999548401148674,10.123671729354665,52.22024706061132,46.88625045094087,43.58987060115764,16.64274453688659,16.84815942078972
Froh,128,9.230896128354548,9.857788375615076,48.29174897007166,53.19271976065834,59.94454057959939,17.33283835256678,19.26803612027721
Froh,130,9.033799366488369,12.192636449734286,49.331125274588004,55.34660846305477,58.524424530633205,16.194159245916,23.695527195118522
Froh,132,9.801903913251895,13.711681176039603,49.20985833955567,59.21071503456751,75.26278048053562,16.149885931523233,22.77011736164216
Froh,134,10.110719920701847,12.579628013326943,61.97074076614718,109.57153028309084,125.48621904108795,16.40881623278916,18.722549923005587
Froh,136,9.62867639254447,9.664355206596332,53.604795446713226,77.9047141253043,127.18899258572885,16.202504737681103,13.408619050823678
Froh,138,11.748503906577104,7.5977249821603605,44.69040930834958,59.28278862268557,86.84867560540965,17.57877498806588,10.637083028221438
Froh,140,10.792529374112894,8.01259943780874,41.99589783519227,51.15596702800525,63.92118659664242,18.043514317534598,14.485662663299676
Froh,142,10.10938653988066,7.04426702611554,48.50249923015274,69.486963922671,80.09442365624395,18.14135068257457,10.555598400051595
Froh,144,10.457406345711115,7.877966750841703,42.02821051572225,45.01736259463411,67.59301521929913,18.584133978005152,10.437965093616635
Froh,146,10.998627775511478,7.97196866276944,40.238250409427806,34.579523977687764,58.12743938064445,18.362993526386482,12.163204868007316
Froh,148,9.071789913343236,8.61750068832983,44.490446886615736,30.003097188015847,39.507972672072626,12.767856210878834,13.078525758236314
Froh,150,11.963511953470942,12.585285574593646,41.501575558504705,26.384641153473034,46.46037371600952,22.27885065016525,22.066064408782086
Froh,152,7.163350993406042,13.898125500315667,46.07448564627154,30.816334160752398,56.43873867260039,10.389510671937545,25.060341628793683
Froh,154,8.799611267638051,15.99682223442191,52.4910782605439,26.323232848647333,93.78369327419155,11.530682107818684,26.03828135259293
Froh,156,8.370492362070575,15.724764402160336,50.282871437317034,37.69064200591537,87.7482690684802,12.174903131022013,24.386537916279615
Froh,158,10.251187296706185,12.719264247357604,48.91441651519743,33.05819678408387,98.44828537336883,14.900859603850423,16.357579301816124
Froh,160,11.538902027772282,9.17587417596267,47.99526933493744,37.82396930335544,102.94056153144089,17.404042614792182,10.045689952293172
Froh,162,10.890265768347266,7.067286374438394,43.51594955365754,32.948567258408595,65.57969603069635,15.827282926958151,9.28615129646525
Froh,164,9.904637786095746,7.1995415293770275,52.30874407882112,93.47424484246262,89.5442697438655,15.935131191406011,9.441870459709916
Froh,166,9.23125081844886,7.427891654205263,55.30560653525202,108.63735000158044,94.35849690281854,15.763998862035674,8.953263743417345
Froh,168,10.545568784435531,8.008334626538042,44.10401533769938,53.940231008489455,55.70379045170293,16.76394548676121,10.70284032564571
Froh,170,9.866189237109221,9.307314269602632,46.39706659464124,35.42872717992793,74.46529507166846,12.702348986513918,14.187444530070556
Froh,172,8.269960195798918,11.233270050572155,52.101353779208864,50.15155749383705,66.68041284909332,10.634283597105302,22.237658876638296
Froh,174,7.494052958258085,10.713708776119562,55.09232607399403,49.05292004333828,49.32985946332183,13.657160580955711,19.95308214675225
Froh,176,8.70283029820899,12.649103628639788,56.82565653449915,45.02972069756071,75.7966379283406,12.535655229630299,20.609458186464973
Froh,178,9.316929017692658,14.83646395175377,53.12059063644151,28.56771331060298,68.6179726612867,14.448364624215008,22.822946794495692
Froh,180,11.669953595007904,12.638586931018134,49.33525825474011,32.31708187820681,97.23599365641024,22.499173543619396,20.579986732204365
Froh,182,12.984527749755616,12.045630212159136,45.816230447455936,28.61229695228149,74.97361950554938,18.819376300454124,20.07255716188758
Froh,184,9.367676491877456,9.923862217824457,45.957730393593906,66.61537204601616,60.960226591043835,14.22965779849623,10.921853320525484
Glas,104,8.856331011691374,9.87643890455239,48.39547734143448,42.75095613699304,62.444151341178205,14.12076036164152,15.346038639559834
Glas,106,11.360340957897249,10.934056181019004,47.05807223604483,46.20766660395076,59.78151029511182,15.686472710030198,19.124121347468545
Glas,108,12.27088746529801,9.47321139389796,47.38260502470661,45.40409711971556,65.06243766451125,18.34484519358963,14.656901496196218
Glas,110,11.848056347281469,10.739204510747607,46.041445038590744,42.82713058927218,66.17408138461738,19.34938374151962,19.051033663073543
Glas,112,7.374465011831547,10.386842542118496,47.230129769830214,36.12156998610411,72.12840624781579,12.2271023851324,17.776471775711617
Glas,114,7.860157422688469,12.895855226791495,43.04011417426815,31.6529611177961,66.91304465030227,12.900592817068231,21.351814833300796
Glas,116,9.328114053881375,14.416217497096124,45.560035188007056,31.89374264198208,70.22634206223825,16.1803233861837,19.6515658784297
Glas,118,9.188960992877899,13.716331322033028,43.09141689970933,28.777399051521012,66.1595037659823,15.173061549416314,18.517445732604585
Glas,120,13.273396845215041,14.688467203220656,41.6866015221257,29.170555867771302,55.19320449525152,21.347349294659335,18.896003508819554
Glas,122,14.48566881344586,14.317243803806946,39.34411009248561,27.530488173697293,56.79663764048992,21.978954122940422,18.612112135863136
Glas,124,15.83085626857254,13.88044599053136,39.959525858374555,29.981468706577413,53.72381506099346,25.434572925453352,17.54912591556542
Glas,126,12.367161200369866,14.554607382597242,39.60009280914904,32.97497945007828,55.04200003497666,20.371555120325947,18.51739725496062
Glas,128,12.122332928655128,14.530127843262658,40.33995762458258,29.74849398592147,54.96751607277237,19.659057401962748,18.601145776024264
Glas,130,14.670482760523756,15.421656088689797,41.36435046619957,34.39599963194623,60.312552339336584,22.991206239557783,19.928132331114888
Glas,132,14.078574599765705,14.572850704875691,41.5320131001163,31.190463601012613,60.53962581099966,21.67346289822188,18.91021645395236
Glas,134,13.519279997050214,15.22563007733773,43.9035439323804,40.12397173013692,59.4037474108307,22.724336199889986,20.15055277531546
Glas,136,12.352461376546081,14.62683062962936,43.04736168934397,37.651225920295865,59.939499092176284,19.804118978425446,19.273601803810212
Glas,138,15.004108478319692,15.081140728439523,44.94187731956325,45.99081504256926,60.67106648693364,24.201711950659092,20.025091991779426
IdiomPffIgnorieren,122,15.880911250811765,13.210608123271548,57.62566301346981,62.912006125067016,81.38574026745141,30.75516455217544,13.384575662245831
IdiomPffIgnorieren,124,10.627453545396829,11.548648569009993,52.56626038898418,58.93219061804751,82.89029438154654,21.546703330158504,17.617032729037
IdiomPffIgnorieren,126,9.88430571766351,11.388216735962766,53.50151540159133,62.41187503308495,71.30790556022616,15.558044699417138,14.892196112737373
IdiomPffIgnorieren,128,11.253791004563258,12.555279432787023,55.715709501183404,62.18909986707777,69.80493162549043,11.236128207375696,20.55373931635884
IdiomPffIgnorieren,130,11.941982818500197,12.789880660845553,57.91627307743682,65.0068087492418,81.04950648147266,13.05000658011769,26.615310019366817
IdiomPffIgnorieren,132,14.054550072372662,11.720682181747868,53.824064377329464,67.79491063431874,75.66832595108923,15.751718053851251,22.703307319036107
IdiomPffIgnorieren,134,14.068374792858855,11.886013426728312,59.90750400467789,72.8860533383844,81.80440027398463,16.28926678619481,26.318285804256217
IdiomPffIgnorieren,136,14.152779241297152,12.491125602349678,60.54426405805146,71.47493472907686,75.49791521316516,16.3809957710529,24.79864921864198
IdiomPffIgnorieren,138,13.627454148825043,12.886510019263183,58.03938264874001,74.05516700832173,77.7750350602066,16.312395200915315,24.704394346236054
IdiomPffIgnorieren,140,13.9626529860943,13.116581460294015,55.189751477192964,71.6578983331904,75.72216011704192,16.228298075778344,24.945105173398886
IdiomPffIgnorieren,142,13.986357859100107,13.155291390617968,54.50301794752929,73.23506229541543,76.7772659368496,16.736801059093438,24.655894082011184
IdiomPffIgnorieren,144,13.884313110856338,13.976835189122493,55.947185473197464,73.7193686548819,84.44446672005004,16.408029135533518,27.28677293169477
IdiomPffIgnorieren,146,13.589081615720763,14.737142972111172,53.45286984102046,70.0135624342395,78.30648078966313,15.25682961582523,27.481032120253225
IdiomPffIgnorieren,148,13.789048743219963,13.604160231746159,55.78387616628518,73.59569484973787,75.7297525869812,14.854110559057725,24.985396715461242
IdiomPffIgnorieren,150,13.746581202425391,13.140164620438766,52.90815917548934,70.12470518437445,80.4499357003941,15.504305431397215,27.138295229174474
IdiomPffIgnorieren,152,12.60643468918162,12.831661143106944,54.3615541546394,70.5230194822857,72.26585426632514,13.896539886939516,24.83320200743583
Jahr,162,,18.043302302127447,58.65592648901852,,43.04679794993622,,22.620266144264868
Jahr,164,,17.57934853463466,63.073246250010016,,56.87831484539483,,20.67841877094003
Jahr,166,,15.841721582028615,64.82341099489304,,33.21996237542678,,20.086315450597688
Jahr,168,,15.200738168662419,56.733969104517,,32.155749555075495,,18.129786737513307
Jahr,170,,21.20462110252879,70.67812512564484,,179.91620230234946,,21.91046453013263
Jahr,172,,19.697022638280743,72.85160169155091,,189.0694677980244,,21.12805013078624
Jahr,174,,19.007394847695025,70.35906229757833,,176.22536860185835,,19.140392209082552
Jahr,176,,18.7896750561579,61.267457732836476,,136.8859676366277,,18.659838762321233
Jahr,178,,19.54625019780019,61.89445094336688,,102.87262777967965,,19.61896125967048
Jahr,180,,10.85072200321046,58.24335218566248,,77.79612697465129,,12.09918490049568
Jahr,182,,9.353334393335375,59.3355796579619,,64.4131762245191,,9.595401483356898
Jahr,184,,10.12505534400326,65.10262534057556,,57.206012018841356,,11.776462449537133
Jahr,186,,9.33648750824803,55.77390381100696,,54.83706073019201,,10.209005470133581
Jahr,188,,9.42663168791894,61.67550789020304,,51.608749087757516,,12.06800960884532
Jahr,190,,10.33077002092368,55.07009837230392,,48.384189761487995,,13.600739722580474
Jahr,192,,9.489510452187774,46.79870187264675,,49.077273214241856,,10.426976116240215
Jahr,194,,12.51454041395362,49.19948645820422,,42.851009617063276,,12.78430780980437
Jahr,196,,13.262471848186262,59.268570699513894,,25.85917767954505,,13.617077124939605
Jahr,198,,11.259310549417771,105.15457847608867,,18.909309314406634,,12.984553849513263
Jahr,200,,9.920559612646056,42.40528396719226,,35.87754384959842,,14.06654480030816
Jahr,202,,11.100591280908828,44.46179014838365,,34.659147793184154,,17.26002352266034
Jahr,204,,10.905747127800717,43.89210428957709,,37.02871903580882,,14.88353341597515
Jahr,206,,9.779476309793733,48.489718615468405,,25.81750101191125,,12.190348157428701
Jahr,208,,10.081264688262364,50.88535379501289,,27.701707611293095,,10.556065927278555
Jahr,210,,9.867558962418826,58.15452814765616,,21.336002294790827,,11.904497866177788
Jahr,212,,9.819522137058168,43.77234118405723,,27.34898586610496,,13.720547180560631
Jahr,214,,10.2345551497761,49.12416594705848,,19.292140153449967,,11.61004636739389
Jahr,216,,11.733203481210081,50.124765197486454,,16.31967848923641,,12.97407676933888
Jahr,218,,11.48281578592447,50.265308885994415,,17.14682178651699,,12.19196837138539
Jahr,220,,12.70893038896816,51.14587268449259,,22.151194769567955,,12.780366957285034
Jahr,222,,12.614002157972307,51.49896678006541,,45.143202302675235,,12.601590193080328
Jahr,224,,15.252790825345784,54.01011293643013,,39.70905970993143,,15.48663623225885
Jahr,226,,14.659323738041502,51.004397095729715,,23.48077566424464,,14.862938553661088
Jahr,228,,15.903586242871096,48.16052941401049,,48.28987918085008,,20.96294296581552
Jahr,230,,16.79783434004944,44.875655827574235,,50.895870852694436,,24.254809952867216
Jahr,232,,13.42864862850993,55.789494137419844,,28.909490718272938,,15.03691324808576
Jahr,234,,13.426017191546407,54.4384628663508,,32.936122153808064,,14.762135616518236
Jahr,236,,13.494355681305855,54.83415874312341,,34.48215145664872,,14.67141733310528
Jahr,238,,13.529388122372907,60.10065850279299,,36.60248437831482,,14.303350738599232
Jahr,240,,14.444788142392689,52.69958113078913,,36.490222717395866,,15.780442727929806
Klar,122,,12.696840660971047,63.966037578976106,,60.00425025233503,,17.340898154804442
Klar,124,,12.349664230855963,61.26713236001746,,67.92649203069661,,15.278526127339147
Klar,126,,17.492924579982343,71.37874151604439,,59.19813243783681,,20.18602805438188
Klar,128,,15.07810388891339,66.4381695684113,,47.19601323789517,,20.42604681816161
Klar,130,,11.519564474356402,67.34324316559048,,39.90072555183596,,20.368586656973726
Klar,132,,15.437423616163146,64.28563253302946,,62.78983652471966,,26.95545765446265
Klar,134,,15.913654302743073,65.14345766609023,,65.47411754924727,,24.638810203526646
Klar,136,,19.00082694880347,67.00993755257356,,65.03269568399352,,28.840082965275723
Klar,138,,12.100685443614243,59.49596996623445,,67.74082908262382,,20.779512745040698
Klar,140,,9.5103185035814,59.58308447235837,,54.70467333307721,,15.052391579968393
Klar,142,,10.234911065418013,62.53994353307163,,51.34331391550498,,14.854801451800574
Klar,144,,10.031758439959608,56.58805822989618,,56.805180917876605,,12.903027898111025
Klar,146,,9.968151523676916,52.54786530545603,,58.23295494005101,,12.812876730177694
Klar,148,,10.159826490997835,55.63484404677214,,42.646494885940406,,14.142309196091439
Klar,150,,10.085460614015421,52.38616412569757,,40.596697835905005,,13.677224261298749
Klar,152,,10.077619354390478,56.492863944915705,,39.702701838308194,,13.289042717150235
Kochen,135,8.861646363656703,13.745510797254639,49.856545698819176,75.54813641156125,57.983553693424476,11.99837600163452,14.96539133173276
Kochen,137,7.745463728172226,16.108317053962086,52.80510889493802,77.73977259185419,58.049674468475345,11.919963319490563,19.02087955661306
Kochen,139,8.163776758390197,16.584687177051357,50.91341383228823,80.95574922861968,57.1126300434728,9.950935507814838,19.21203768530668
Kochen,141,8.2977053716752,16.99553897233812,51.05749987585125,90.02643645872212,55.040709363398385,10.120225834877942,20.963196544727513
Kochen,143,9.144345914072014,18.111563180716743,52.261959543263764,83.53081264707481,51.5840227118675,10.328370009643313,23.256985407220768
Kochen,145,9.420261964932308,17.92678233119428,50.710260888292666,99.03692868849706,54.42005181703556,10.254382812449037,24.711307569624328
Kochen,147,14.51808835000572,17.747283738698652,50.724163654811115,81.14477381513747,55.96151277514708,22.811183112856778,23.806085779616204
Kochen,149,9.919606582537602,16.971152378005126,56.24255290111642,88.19481011797933,47.25148091722182,11.052998399107464,20.480798016223396
Kochen,151,15.46485677283853,15.616956234194243,53.878842679590406,68.82320762508171,49.18655713524569,27.078549061113765,19.130770709703867
Kochen,153,8.225605504126035,16.32189115214498,59.65249822893569,85.34112376748749,40.33125521808581,12.240879396146845,19.19897978707249
Kochen,155,11.207061086967467,16.815003931141916,59.08782209912767,102.18632229526419,73.30665718547688,15.689659255283372,21.477625931990342
Kochen,157,15.740508250183531,15.530721319789585,55.50725106007705,72.67652794771843,41.64773013401746,26.90694743488689,19.995792500636128
Kochen,159,9.670115480179444,13.805375494001042,58.83411903779334,90.8387351519654,65.71325822956734,13.261833572589566,14.998867690190526
Kochen,161,13.765011721901834,12.931858894275862,48.88389485394749,62.12220663110308,53.01562036273734,24.393686924757976,15.3136343412513
Kochen,163,15.921377021424588,13.224239963562958,53.56413200955821,59.43846713425118,62.02918604296959,30.30247499377452,15.877351873619133
Kochen,165,8.121995285863656,14.061038278656778,58.248599871487926,73.87441137517504,61.693812693629184,11.624539002376151,14.647876358167425
Kochen,167,7.583508568932473,14.686909766880877,56.715944678743384,62.01986716345518,56.58481221284622,11.882314205387214,15.539215963082006
Kochen,169,8.285316860245834,15.622113119875733,48.20828456817921,57.140534282821925,48.04568731243089,11.107437818234207,18.020311472384442
Kochen,171,9.045343147745267,16.324729184555867,48.220533089957286,54.225165929976995,44.30779346100632,11.602984063196162,21.028290674554487
Kochen,173,8.542468709977333,17.238127629252602,44.52727379096297,60.744394093543804,44.94151175086844,10.554908017345603,21.566071373174072
Kochen,175,8.216052834001603,17.36924082541306,48.59822939653665,69.46079520117928,40.85378448969328,10.187392062782934,21.731589274132762
Kochen,177,8.32970457295332,16.374121291564315,50.54206735412606,67.14049047919625,40.59993894430834,10.896556748974676,20.95938190350639
Kochen,179,9.209483074935616,16.538613946072857,44.30597525831846,68.99050502528159,48.057435183454416,11.483630427141735,21.625376764673085
Kochen,181,9.091969607204597,17.32956557945828,53.019267652690296,75.23815735879734,37.96306150550234,11.782837035542688,22.558056251517016
Kochen,183,8.326160765963774,16.013345279239864,56.928803274232706,76.37453541320703,39.229213029358526,10.999747179041734,19.726659439858334
Kochen,185,9.52856482937384,14.72942914829392,58.91764762762543,82.18000356375192,42.12270163594011,12.209938154451082,16.08943304223385
Kochen,187,13.727082459936174,14.586030713126357,56.77909198234724,84.12443711274014,41.17236989921093,20.52728779191312,17.445896891103608
Kochen,189,9.853894798918601,13.649268888936113,59.3411525474817,79.05185777594932,53.1058167373512,13.337111605182315,14.504586819510095
Kochen,191,15.191196212299696,13.822155424185421,52.25064949818346,67.26809171756622,50.63816728016422,23.578928220457726,16.846101661559775
Kochen,193,16.125152601509186,14.018711868289834,52.53484862923429,58.22365450563305,52.90037679280637,28.909253762528174,17.65137233374301
Kochen,195,9.420007180256183,13.384482968541759,55.1554738692921,65.72986638259653,60.10502321039422,13.302000739907294,13.862459932663166
Kochen,197,13.016428241826782,13.926724241986339,51.09069771893486,62.19490759713517,59.018023760680094,21.83960993243339,16.581325994887028
Kochen,199,8.353417019815755,14.323064558476762,48.1755665028474,67.14927645734673,51.54360948972424,12.091259601704875,15.376651640337744
Kochen,201,9.923865543978467,15.026110153406988,50.311550316779744,72.90524327979807,49.145077685818315,12.54784405477301,17.137257105036223
Kochen,203,10.009073224484013,15.60002135266696,46.7565456215693,71.71142732141932,50.774146743727314,12.736247964477283,18.743074852523378
Kochen,205,9.952700281199933,15.736852638417158,47.154364585939454,69.47484189800076,43.40068630156122,12.184610638248273,19.533572103426028
Kochen,207,13.991037189270383,16.527658562662253,45.11676200348177,63.959924938373355,42.74398232644126,20.989652840186043,20.591011318753427
Kochen,209,10.140384072708738,16.003963780670432,53.10536076029905,77.29419099585778,46.28446813580091,11.33121393473922,19.00869463941451
Kochen,211,11.81615480686405,15.25562490372765,45.01972603909101,68.05581233529186,46.14491795084846,13.662309820065245,16.859825613726194
Kochen,213,12.597624899847,15.884540564301137,50.051114762247934,68.60903084918422,46.63760925291884,14.263995133870385,18.340938761389502
Kochen,215,12.04451960263003,15.10366762095996,52.07473946879839,74.20812564224855,46.549822439341646,13.383441810814414,17.18507396223641
Kochen,217,12.372679945215186,15.339003092993298,50.93515167855468,72.92380315983901,51.84946508518959,14.08738687079555,18.185320158798266
Kochen,219,11.14856715737571,15.426815986880138,55.69683631532913,72.24361111613376,49.95566637324498,12.371294391976969,18.514592818857775
Kochen,221,8.779728121713372,15.265582233790383,61.882938507038716,130.13571068777375,80.76399437919004,11.632849663017529,18.978326442149836
Kochen,223,9.137356127857604,15.369565948054019,65.1092611677563,137.3785957357335,76.70638442507186,11.2788769122186,18.635258122947974
Kochen,225,8.287395175732184,14.856596500041103,65.9368776292515,153.3761864515219,65.40704908451694,14.883591222584267,17.025384799536123
Lesen,153,8.986103920554326,10.450492567029817,47.93645487135134,89.93597619778568,50.798889126721065,13.003845313390087,11.3236807015915
Lesen,155,10.912770737900763,10.547661324031841,46.788932959543125,96.70548582987445,47.197486578861806,22.607730484981367,11.724137421250374
Lesen,157,10.005026792553773,10.569098066309234,54.38461055713188,102.54018876897456,46.703290856048625,14.815032567520868,12.15526735723128
Lesen,159,10.442131765281845,9.87340914006533,49.815578803607536,107.00476444624633,48.50372063550852,14.4969738874339,10.981368839739737
Lesen,161,11.334375334631162,10.139571348197865,53.22576262191315,97.14660562066213,43.92080802575406,21.07884410232195,10.348495065571345
Lesen,163,10.151577748101712,10.287730732574591,50.77380460713919,101.87496927033251,46.450610747004184,13.761167960064574,12.22338446226923
Lesen,165,10.100594415166176,10.830949736354434,49.691950087803505,94.50317020231806,49.87795734612311,14.842432104360874,12.459299900891894
Lesen,167,11.815325190681573,10.75359125330053,49.568793551949554,97.80359991367561,50.25326910779664,22.828118469691635,13.521989206252757
Lesen,169,8.540478274249516,11.403728901477104,49.82866608372587,94.42227134474567,66.05831495226009,11.609455833328182,13.527152434672324
Lesen,171,10.022430983598605,9.88355756930914,53.40030153527258,100.80414673511298,58.13764111087237,22.6916797066802,12.535837757966082
Lesen,173,8.676734338522863,10.250618284333443,54.257664177339564,95.8968391757186,52.537387931143435,12.438766232409732,11.788579473472474
Lesen,175,9.463282595462832,9.557101193638049,53.01956249754492,99.48003640999833,49.05388983148731,15.276074245509893,10.812393886666635
Lesen,177,9.677758664732977,9.87312514320177,52.937485101324754,92.19387556736376,49.26455776471153,17.568967235026186,10.639404048297553
Lesen,179,10.140062631619372,11.201852973596552,52.10802742625093,84.63322517282575,47.30944458612193,20.10058887732579,11.351274096786986
Lesen,181,9.945268848595148,10.672810715425543,49.73419338436869,94.6138533198453,51.649868757041844,12.601705090583522,12.992309075301685
Lesen,183,11.93623671206134,12.811674743426895,52.61627834973936,94.65401749297999,59.45797655559332,22.710737725560257,15.610716843808401
Lesen,185,9.891717256278254,11.048067985185908,55.110667835762634,93.01763307039927,65.91698194685915,16.749131848445685,14.194263708127833
Lesen,187,8.087437469871148,10.046808285391634,52.84062935581667,91.88804546783099,67.488971763525,11.156880773295784,19.41305249290007
Lesen,189,8.786583270311745,10.231929829558338,52.611114102518165,95.22348742158783,54.4449254544822,12.067890370545742,14.021650142673508
Lesen,191,10.213672666863705,9.716729833061944,53.710955376409515,97.01744493821094,51.46284274011097,20.072327845424052,12.001905009009032
Lesen,193,10.605618521394302,9.985744077958039,51.25379856378233,97.51011117922873,47.036304220605224,20.9465766787207,12.724090000873614
Lesen,195,8.554911101566406,10.536205797181607,52.66885738910132,91.64617132359226,42.59988729684748,12.443219030407878,13.239035957955194
Lesen,197,10.52595810547917,11.873862308849914,52.674171983144014,95.60156215098019,52.26341954463618,21.19106154317608,14.997168911975557
Lesen,199,9.979232665137971,12.894377717395832,52.302722036065816,99.91493158156953,45.13454970407525,16.125302424474885,19.131337500990835
Lesen,201,8.011451614246113,13.297555090411151,50.070874009283294,91.91947622604728,49.01918679315916,11.674623293759808,20.431751268171332
Lesen,203,11.093805338281351,12.942806839910714,51.17580428474149,97.27138843066832,49.40540350773765,25.680930235303233,20.655300371486234
Lesen,205,8.976868698818452,11.644135997664907,50.966087533596806,94.09295702070416,49.769290210879234,15.697831628303273,16.972786476026585
Lesen,207,7.14983094590402,11.910339099672157,53.96095028742257,103.05123719547063,51.064267749970625,15.08744425150209,19.026917367861724
Lesen,209,7.865558629284201,13.122251625772778,53.804549149138225,95.33735587506064,50.64652423675394,12.794195322196014,17.19005483374747
Lesen,211,8.436283490234727,13.676981652318778,52.82151569108442,98.72566987801572,65.8009961678533,16.487752007093476,17.2930566965872
Lesen,213,8.045187253121846,12.777457924733172,51.19867101543334,92.70189968501265,52.07498520297936,12.75571455755537,21.617717742394806
LiebBitte,142,,11.924363221259837,68.52689086147905,,118.93946523000282,,19.73082337661469
LiebBitte,144,,12.574411751236614,71.86650599756095,,106.33179012446124,,20.951985655458948
LiebBitte,146,,12.9117030272271,71.97703588274746,,101.12351678806463,,21.63433467901553
LiebBitte,148,,13.299636395427365,75.52705902647502,,109.33233855800823,,21.892293766194253
LiebBitte,150,,16.18196269820256,74.75195278509445,,102.78499093013974,,23.075059595010586
LiebBitte,152,,13.102457337500155,69.0586671280292,,81.00760501507231,,23.253113346668346
LiebBitte,154,,12.67884142713703,73.63608652664112,,82.31354160556769,,24.247287402968244
LiebBitte,156,,14.184480399784404,69.40750616867243,,74.40676908381003,,26.629859216729383
LiebBitte,158,,14.18302719615411,70.61876200157587,,65.98585958609866,,26.300959093669956
LiebBitte,160,,14.284979410135719,70.35661974859484,,63.93929269903949,,26.99692938969241
LiebBitte,162,,14.477594310382685,62.74743791692021,,74.4199806290702,,27.700455992678076
LiebBitte,164,,14.189483555491762,72.24891368632312,,73.34713858317757,,27.604490420115294
LiebBitte,166,,14.316319741572057,66.73236051674169,,66.38131552771151,,27.099890878380428
LiebBitte,168,,14.258627168382047,70.66287206990684,,85.34797973315194,,26.798753993747468
Luegen,115,,15.235078929602274,58.82729725377964,,54.78510560000413,,23.194220884524803
Luegen,117,,15.710590784324504,66.05953758136513,,57.3358355785639,,26.04571289772786
Luegen,119,,14.372490765993536,73.66660400582751,,62.95091531614157,,25.410066181096994
Luegen,121,,14.68001005978947,87.41603731268381,,62.00565705583844,,26.032127396292566
Luegen,123,,12.479068138921262,85.66149701170583,,58.15840634920374,,20.596928062796866
Luegen,125,,12.520447003021399,71.07967419396046,,49.1219170924433,,21.197666089804123
Luegen,127,,11.311297403511155,71.03636837778205,,37.44649959351761,,18.415169253436346
Luegen,129,,10.953816762517942,63.36113552088462,,42.23148288801019,,17.45417627084572
Luegen,131,,12.467905501127282,67.72018111267079,,44.26773858524061,,21.17856724411463
Luegen,133,,13.228237219297213,84.72109338717009,,53.90999075486673,,24.370459578110466
Luegen,135,,14.291357127828215,80.77442777840824,,62.537242244202695,,25.60712237225197
Luegen,137,,14.816175564671859,80.0179999619242,,70.13851046631176,,27.580417293932125
Luegen,139,,15.309182471398815,82.6726551955155,,61.0889587089994,,27.0840559282743
Luegen,141,,14.398653720338737,100.80304371340716,,61.56336683481689,,24.435640981573254
Luegen,143,,12.334803828490456,75.83381597498676,,85.87300116889293,,21.71281665328012
Luegen,145,,11.253239273894053,68.29850000696109,,46.94156884288675,,16.392398920082616
Luegen,147,,10.971790656590052,57.11821213503645,,36.568782580210886,,14.555321123120567
Muell,116,,11.492968903800064,80.67110501900996,,77.05278205959179,,15.332864679589918
Muell,118,,11.36862081136359,73.73178782426174,,62.763208849578035,,13.901447507005999
Muell,120,,11.387691404532408,64.12942388523233,,55.97304935525213,,14.401218410730872
Muell,122,,11.629973303169837,85.32390100505846,,66.2793068150059,,12.5165291078636
Muell,124,,11.514497805043277,78.32654478384947,,61.45088954223219,,12.282057848174745
Muell,126,,11.979218654267344,104.27491227719712,,114.37685304691273,,14.228992188532452
Muell,128,,9.704925987162618,80.38913764509861,,107.93867742511851,,20.55474381157742
Muell,130,,14.749606495615625,93.57195024396337,,125.09562879288255,,18.725519070760654
Muell,132,,13.530150905397539,86.18748764653371,,94.15159434860233,,16.118692746481
Muell,134,,13.030699503859083,76.9318500954974,,83.76398027123511,,22.27923546095003
Muell,136,,14.780115232769315,73.03361596244932,,81.74691077557002,,22.889991794250346
Muell,138,,17.582568681154275,87.63495077272762,,104.87626571338158,,24.242978567338568
Muell,140,,26.856791636214318,77.71943268704588,,107.91357031466008,,36.95502525744176
Muell,142,,27.2247613719049,81.21534449534396,,98.73506987257082,,38.302616338023014
Muell,144,,26.72667340518874,71.5801492865768,,96.13365015499646,,35.944245080410475
Mutter,138,,12.24186159663981,67.69612051321128,,54.93163266789584,,23.791915005761645
Mutter,140,,12.958802050452901,64.86146720082928,,61.878600841069584,,25.684141858163983
Mutter,142,,13.809010176322053,71.02467162724611,,52.892456748547765,,26.80512956239862
Mutter,144,,13.905012148398809,73.23601838423315,,51.43594103178132,,26.103119701642953
Mutter,146,,9.721562581950023,69.08740930175027,,41.94618862676653,,19.292461194792057
Mutter,148,,6.969354359582242,65.58163415077117,,42.75375049298498,,13.638006346601165
Mutter,150,,7.365901521249522,63.966829706799416,,52.40636438577363,,12.926280821341134
Mutter,152,,8.005960351257816,71.32358221446546,,46.59947606914033,,16.72170997479096
Mutter,154,,8.85565838880515,81.05122856979312,,46.234784577500804,,17.51195211920657
Mutter,156,,7.462769171225605,69.10953484819014,,44.3111142860628,,16.114210891854473
Mutter,158,,6.043743309483871,65.79801150090437,,50.437356547290406,,10.553433966524308
Mutter,160,,8.564614612962167,72.6733247699956,,55.13461368392211,,18.736826741116662
Mutter,162,,9.33404932154741,71.06951896075957,,50.61816636431942,,20.604622959812517
Mutter,164,,9.372517403202211,64.49851190338177,,72.36545180584409,,22.18398983212347
Mutter,166,,10.104483265417207,74.47068671113954,,69.03439534830703,,23.582043175074624
Mutter,168,,9.522645916443125,74.3550429103027,,69.99225054030276,,22.622424893359156
Mutter,170,,9.79814266626325,75.45920475786019,,65.66992497778845,,24.093030762643448
Mutter,172,,8.887509658560354,71.96156400533687,,63.93226117872182,,22.046480569775902
Mutter,174,,8.364996406943831,73.9517781778533,,82.77584491072106,,20.206649142566828
Mutter,176,,8.924345557614966,75.67962298623553,,73.29187965655174,,21.848663891223744
Mutter,178,,8.414213367992973,76.19957752572707,,72.5948696387627,,21.140278830695014
Mutter,180,,7.475200890741006,72.8122866982094,,80.01852059312797,,18.387202303609232
Mutter,182,,8.05168153159419,69.45799163498218,,67.06951752759213,,19.94538479536684
Mutter,184,,7.506484686942869,71.55039195012583,,62.407546572012045,,18.391949972259024
Naehen,113,13.654651240695477,10.212610967227322,43.284781084081985,51.72390489867697,55.12394892301086,24.215788910553616,18.76506280042937
Naehen,115,14.802476990364761,10.260326713035798,46.77994300278427,58.74109486798506,64.93909557913008,26.384644979252727,19.429600355721437
Naehen,117,15.221508382873083,10.269965794137205,44.938890720249134,56.058905701029474,60.89967370954376,25.9469322608958,17.721317900552826
Naehen,119,14.197811334272027,11.252953672275538,49.22647238315935,64.32328384652365,65.31021595495658,25.39773862204749,21.491471669800074
Naehen,121,15.116633344642652,11.447473058405857,50.59346381565232,62.70625719580605,60.51905733430712,26.065201056095923,20.74962468962954
Naehen,123,14.611308461718135,11.749785260196852,47.721690990490856,59.783295860054594,62.0772806275431,25.206156481569103,20.97118056574018
Naehen,125,15.616442901565756,11.751288209691507,45.20573462427836,51.790983744068285,58.87762293982043,25.477427117639888,18.894285527021488
Naehen,127,14.628691411017824,12.365375701867421,44.720371493977645,48.11001532470893,59.052609354991596,24.545776247817916,16.50188946685183
Naehen,129,13.944355776180098,11.42442470471018,44.72315048892393,48.18008003998211,50.930427357239914,23.48513428586366,14.561433200196234
Naehen,131,13.755466337215548,10.451008902871651,41.50915570313143,44.78014267059641,44.18941090597806,24.57141628260008,14.351055784650299
Naehen,133,13.567210369483966,9.638067073254497,39.885009416198024,44.36090286742627,43.17635249412754,24.305726782766715,12.13795047120356
Naehen,135,13.847199866008534,9.670476456898783,39.67494621525946,41.460078980641384,46.87561004843635,24.409238631003046,11.71485312682898
Naehen,137,14.582385015042886,8.150007239562377,45.321502363277716,47.37907133421817,47.995332412645965,23.83144375647206,10.867040944736852
Naehen,139,14.783956949208374,8.47198461590916,40.11092321112324,39.96174233908839,47.075831152896384,25.33428726062756,15.939638624848353
Naehen,141,14.809893596531756,9.941877778399602,45.53519040214134,50.72838092066158,56.14162249330409,23.710161800964855,19.536471129727598
Naehen,143,16.467037868277085,10.350932765539712,41.66297537825038,44.3581137476712,51.67035905435358,26.424075031275187,19.869367157760728
Naehen,145,15.762762331548567,10.898940726967778,44.50769763281359,51.76333451649982,60.27135361017027,25.42282036155859,22.780952129079676
Naehen,147,15.786790998456798,10.690050930767809,44.17123353732002,49.156097013969074,58.67682835961216,25.06092926665709,22.9317038540703
Naehen,149,14.657674498726577,10.870558231630467,45.48642715817851,45.675900344981486,53.91453242353578,23.23274766879564,21.835672548935037
Naehen,151,15.113465835011727,9.577123581901363,45.53700940897923,47.577291136935834,60.32698735135581,24.544463392900592,16.429752501392734
Naehen,153,15.163546500692366,10.366228148110148,45.11269022648892,42.622413640946704,55.83187839948591,24.208401149548887,15.759574860868865
Naehen,155,14.682748660923304,9.121040843027531,44.10232410644754,42.00730618191762,57.5261066853325,23.039384712564495,15.412173723593488
Naehen,157,14.971933457537592,10.143024481372313,41.57943656840146,38.5550691337581,52.03911216314302,24.876650363758976,14.566919169458867
Naehen,159,16.214699766353533,10.39933707221014,39.105162174883915,39.936508825379086,49.58062063217239,25.92361801350754,14.349550487449225
Naehen,161,15.349472854472092,9.580300731177365,40.21378401249114,44.671476218679636,45.37216604611323,25.114780190285416,12.262964782189595
Naehen,163,14.754438070187014,9.928956785054641,42.40619579739778,44.35599480451122,50.98298518605735,24.76219977173758,11.46752731403664
Naehen,165,15.006948184574146,8.238218733217433,40.922132757648676,46.01051032243852,45.330046081821926,24.41494786591963,11.151980837567946
Naehen,167,14.645916742704697,9.291538370132633,39.94330256613786,46.626496193066934,47.874444629690565,23.5508382848574,18.55734255982506
Naehen,169,15.634503213245928,9.724622268407005,41.38073244406317,47.606758690188805,54.82122842135122,24.13034577813537,19.006928533807887
Naehen,171,15.622457409672515,11.21374268422571,45.098114584067915,50.40824899284747,64.38328017730902,24.65242809434379,22.465391516421406
Naehen,173,15.366365481663893,11.35268238775632,41.79720149469592,46.431369500147895,58.97582081446301,24.249724195831984,21.616710064178438
Naehen,175,16.01895435258309,10.91787118554827,40.48772816737402,44.23625588004236,54.55683768552211,24.707726956331,22.387096413888194
Naehen,177,15.856890258041506,10.981761063981418,41.57434908904409,48.14916253954526,58.73908085227631,24.785273396882882,22.69068160271498
Naehen,179,15.38258881289695,10.45651797254516,43.43592947122921,50.0813052526259,55.910011440947486,25.389570546389912,19.467107969255036
Naehen,181,17.332755766981716,10.912383829631466,41.62221442124894,51.56130856382537,58.72777279378065,25.251934454722026,19.20618905454566
Naehen,183,16.5711936891255,9.040591063914158,41.968044251689314,47.91571982666355,51.95657796357013,24.438472204034984,14.508604280826432
Naehen,185,16.616997104448654,8.604617615244432,41.97531007273108,52.48286450629207,54.686684339643854,24.480657509092488,14.98196723363475
Naehen,187,16.409640870401034,8.5651451998995,42.93760859205353,51.74518226808044,52.1955344527743,23.583510440548277,14.777998867010064
Naehen,189,16.82684873742194,8.49978509695306,42.273330903168834,49.09518304541545,53.67739481601593,23.7554071441864,13.511633675255103
Naehen,191,15.635797905148515,8.800533977304424,40.68799723369693,48.782641677791055,52.21116618859089,23.336755578923288,15.435949564431445
Naehen,193,15.246040893463853,9.09838952568311,44.83279268025564,54.74344661645766,53.255143238227284,23.3605204455822,16.696118383167473
Naehen,195,15.041483359388513,8.956751219989627,39.54890359986586,48.798082917359686,51.03199523637674,23.086242492580986,18.198268397137994
Naehen,197,15.231257434198447,9.259531424439876,45.03965179606866,53.38381824430451,58.63722859941591,22.945000312049714,19.667198746420816
Naehen,199,14.794732566734009,9.276691316439909,41.186875365626356,48.39253588918116,54.00343867304422,23.37582390121528,18.372222442623993
Nebel,118,11.25220351019946,9.579863403054187,38.55339058237545,35.147146587171505,56.5696216611836,17.179314394942377,19.907704517846977
Nebel,120,10.380795330333815,9.726255970432131,33.485750002975045,34.68125879078524,51.73278726710003,15.834292712586462,20.501737184032116
Nebel,122,12.0122505064905,10.64924423629897,35.75120463172494,56.378637798747,47.13569865770422,19.19191308467205,21.704338423247016
Nebel,124,14.132190430707587,10.544798209355267,36.064877378642805,55.42106284180487,48.26388960209001,25.260208231779092,18.15461593031881
Nebel,126,12.159393781765516,10.018418462711244,40.450057252065214,56.92053014245333,44.63580830577535,19.65582706868128,16.291084831255784
Nebel,128,8.491763123444258,10.456435211615759,44.36769177979441,52.94946003330396,47.78475115766799,12.73991703028262,16.232923675576323
Nebel,130,8.558192653293146,10.682957674533458,41.99569637396703,62.419306904153345,60.35031542523783,13.191233017327244,14.58782019958497
Nebel,132,8.531812059999993,10.860628839728017,41.775763376755165,58.89649307973106,58.30914929658712,14.424150334120311,15.54516138101393
Nebel,134,8.791670127038936,10.659756924608077,44.36760671389738,50.69496530024061,58.17083604086092,14.801257562572852,15.716945311223112
Nebel,136,9.2872757160059,10.759970483094135,40.998058256168065,49.70645374745523,58.39827376733309,14.420526823019333,17.128648378995873
Nebel,138,10.266864227998212,11.658488772200707,43.50469723266271,48.55912166334271,72.02573253168497,15.557363822985273,20.923433221939277
Nebel,140,9.590668104641146,11.465057102916706,42.085616745237274,38.6372380069139,53.096646811246245,15.535515530829356,20.35266288717869
Nebel,142,10.346155181554618,10.464932549790493,48.331024687524035,37.04774247366906,59.81199154072739,15.855105972683091,19.16476306769102
Nebel,144,10.979008532011163,9.972751002659457,43.78957905011672,39.58211142728402,52.56912372994914,16.662405288564905,17.845494671065495
Nebel,146,10.597074445931202,9.95350486580576,55.34210912508973,34.56655599711071,55.366128367810525,14.919014304223968,15.713967005667461
Nebel,148,10.292747125500044,9.281470300110511,43.34371450826586,36.55082002864769,42.59055309107847,15.233098258833575,13.67433950104172
Nebel,150,10.092973374166865,8.836076199592389,42.8857179747013,45.75392747522954,48.793122237063386,14.946818205245307,12.351001977885552
Nebel,152,11.104569543874192,9.321926280438324,39.999749209921234,48.81936527083374,45.713658915504894,18.333576498244707,13.006926064683366
Nebel,154,9.545900348837648,8.987089494053775,48.38039692953815,45.24389393076619,45.282706249531905,14.29585635324422,12.02078510947566
Nebel,156,8.800060051036645,9.592731101869724,46.822634109441466,47.867548708112665,49.45556345662235,13.341503878204072,13.128382097145764
Nebel,158,8.395161103251551,10.76931920767732,47.00933994081845,50.993984655937055,59.12113010494785,13.793350099824103,15.389247450616358
Nebel,160,8.42928712634571,10.073038724892088,49.580693366716346,52.571112642503856,63.13292915828693,14.362933489153633,13.31503721130847
Nebel,162,9.114653991781706,10.108573315773697,44.89356778945707,56.91705326397294,64.15358910358653,16.04654656602606,14.480358300954787
Nebel,164,9.407396412208023,10.241984907144737,43.28583101728469,55.642797027703175,63.48754964521207,15.655312598811186,14.437841404843962
Nebel,166,9.454097755357179,10.173165333718234,47.12384976132223,40.948899637137394,78.76109377613848,15.879696157040108,14.773075202046387
Nebel,168,9.276750429947574,10.696719451650916,45.870594395389816,39.27829647836912,65.25820000483758,15.295330876219145,15.655531391734506
Nebel,170,9.411941918270816,11.464570957819017,40.316587471631124,49.89552519986599,49.943922595093596,15.952036176355138,17.330191066432338
Nebel,172,9.509149501418221,10.129336680639568,46.893200084577124,57.02553424661126,48.10780590420321,14.351749042140584,14.226897869689225
Nebel,174,9.405013588485497,9.697043978209976,46.14383988601019,53.4061873601091,52.24255009958479,13.999779376999859,14.278383988010281
Nebel,176,9.774751665935236,9.577681234070658,43.43258418889817,59.30619525248713,48.319893670217525,15.031301809616732,12.940892866363251
Nebel,178,8.904801391029014,9.459183505299313,40.710587947820294,51.16853941498811,44.59244122593252,14.038802915569725,12.854785819988239
Nebel,180,8.784172250280012,9.911655006292728,42.67976316211609,69.5265114815796,54.177120181836116,13.486203342192217,13.370147897726667
Nebel,182,8.837466344556324,10.709939054026481,40.2713452794587,54.02289725813499,57.71029170282544,13.466984200252451,13.797120325712298
Nebel,184,8.462103956171836,10.477004682293384,39.31490141375129,58.719394132545204,57.567873534940446,13.9107043344798,13.432234988902204
Nebel,186,9.111900343710456,10.090736276262222,44.320566702644285,60.86707643053645,65.25269566339243,15.984571318881386,14.207592157117467
Nebel,188,8.906904103197013,10.604989030123054,39.27064311007424,55.712870280216556,65.63876889812326,15.070658917413903,16.4529316110593
Nebel,190,8.769590423618762,11.768283553615579,42.62651544422642,46.6160302285518,59.17741246441989,15.645108089576327,18.993883362117646
Nebel,192,9.115484120225826,11.507640416917054,45.06101144446302,47.73483656407721,69.05503456067767,16.71656729381777,19.71405216433399
Nebel,194,8.923779381322742,11.254150908930683,45.18492583342554,56.04086538519818,75.59855172987095,16.548876865147022,20.70914630835021
Neu,108,11.562619415501574,8.3979597397645,49.7352584143152,73.10644212638084,94.28648718895268,24.111193224569302,10.12740901773509
Neu,110,8.787995099664565,7.9157171871497685,43.392692876067734,41.734083303850085,76.5315666724673,11.584424650147747,8.946067078455064
Neu,112,12.180198680247088,9.31529825741391,43.50842619481332,68.58775897674798,69.52057977499994,22.587271073221586,13.429503871939927
Neu,114,8.64099237431725,9.34698744521288,49.13808360939133,51.297188539611334,82.56471591011321,12.166248586041336,12.3350546847419
Neu,116,16.62441910557871,10.0062671313579,43.86407679707193,47.418410196845855,73.29604248791483,28.786026017189112,13.656218603056189
Neu,118,11.892704635216596,12.252005511388091,45.57096882625641,39.64335869730927,69.94525262361245,17.026235752410997,15.639671132165162
Neu,120,20.114943954868533,12.576008032517416,44.06662464444972,50.130510190606174,68.95684673113372,36.096847322390175,16.028448492607595
Neu,122,11.678764295883761,11.022883675881555,43.08947869390529,43.32485578033937,61.63087974434416,16.06653385698357,14.229377958689845
Neu,124,16.105551218287317,11.694832259547052,41.20650739769553,34.761607817263844,62.65138365194217,27.928919312691487,14.39237953788045
Neu,126,11.89184902234606,11.434591142455474,42.55278464486154,50.133528440296715,59.27753220879851,15.774958358904652,13.650906003824046
Neu,128,17.844332286730516,11.543023284394991,41.93716117432921,38.58473087081056,63.801688573114234,30.332538803325622,14.031881253980846
Neu,130,10.850873559926805,10.384452096012382,44.01749184305033,55.77146943932103,63.60444297712004,15.47767088193473,12.414528387561193
Neu,132,15.354931436891851,10.27117295538034,40.941079668662304,35.25875135885881,60.74065038149302,24.70076032066847,12.129537633124505
Operieren,199,12.018702533058521,9.294496281589321,44.38353961926582,53.771005501343616,71.79124242310218,22.486955095492117,12.060750478133638
Operieren,201,12.31179662774729,9.285543561438248,45.965131838168936,46.73429196684889,55.37402620983437,23.53323927476797,12.257151427851039
Operieren,203,11.81073554479293,9.641705806390206,42.27685267850742,45.85032078998737,64.01783819180955,22.148245263427608,13.790745421587086
Operieren,205,12.414933675292355,9.471747001225614,40.830407392035944,45.313245791147416,65.55921334468366,23.905977374296064,12.870166238711107
Operieren,207,11.954024685049362,9.58289806421055,41.79668502024706,43.95567932299511,52.195079436898425,22.426628180920453,11.402242557686396
Operieren,209,12.122364183426019,9.325275980684875,41.55094902475093,46.83397362997385,57.979611131982075,22.938299912627805,10.29371837624446
Operieren,211,11.792662848340287,9.530762399989086,40.449351229241756,51.445511802581876,55.12627677235602,21.950902040444248,9.975430875319136
Operieren,213,12.123944838846075,9.297283523566398,38.21830727927088,51.807598059964675,51.39080352252254,22.630651078446043,10.041714581798761
Operieren,215,12.450156031737759,8.710480572746569,36.88557505839042,47.091748343777496,48.33837725303713,23.625867270259295,10.225839192182852
Operieren,217,13.188865587299764,8.903961757040056,41.66050046042311,53.67543881850781,55.466235110369006,25.107446831751346,9.878437365818051
Operieren,219,12.709731331037853,8.81638473919534,40.70198368886999,49.431421412477434,57.64861292348915,24.032935689369133,10.33040551057383
Operieren,221,12.556018111464057,8.818856618704162,37.47969229603697,47.814141891955316,50.64627627198646,23.55697379236419,10.281977363949949
Operieren,223,12.366824706726524,9.192819654072872,36.55589557743016,45.36068612499115,48.694402701357895,22.828665105995608,10.22736196557015
Operieren,225,12.910980970876704,9.215878313490652,38.37872551309273,49.459714317643545,53.07150625109641,23.868793492322414,9.866262636413621
Operieren,227,12.475258184086705,9.466899689678923,37.88263250122045,45.410177281622325,52.059653529955135,22.485357015416177,9.811221741040734
Operieren,229,12.689399523323123,8.82663465285296,35.91865014844719,46.62052074314796,48.988609766665455,23.178436958862846,9.368207247149817
Operieren,231,12.925582580133531,8.772143582621297,35.87922956447527,48.7751513838733,49.98285362168005,23.7506812767842,9.283842561902507
Operieren,233,12.930849395225462,8.966315261330891,36.90300796884068,47.419143042539304,49.81104403577849,23.686271434049793,9.887660164888132
Operieren,235,12.963849215686297,9.430660077568284,37.167283250195325,47.99900051172683,48.936857418797594,23.96255847765466,9.641837843020996
Operieren,237,13.258406046285057,9.578602356583458,37.27950511462344,48.455785020257345,49.36270509029063,24.321810545376803,10.181737806044701
Operieren,239,13.401674275876763,8.9817812124579,38.462295942642186,49.09244471714029,51.22717178186366,24.61331398265045,9.106315626123353
Operieren,241,13.157793439934794,9.399548076826658,38.64026063998076,47.35952488940552,50.67692839548693,23.634852992284912,9.759905837702613
Operieren,243,13.288087140297279,9.306867283691885,39.281026681709065,45.86563799924473,51.17074219902761,23.884378751461913,9.696363517422485
Operieren,245,13.576017787991521,9.10378540381682,39.04350881743837,48.12531090741404,54.32960574701399,24.55629892299524,9.510092563946246
Operieren,247,13.060470946574483,9.192836080913496,36.99414680533371,47.734590979662805,53.03680224066461,23.70772322823864,9.38457486277563
Operieren,249,12.835402219905333,9.677172972886543,38.40477145153644,47.86387798530373,52.59727813084935,23.160428945990223,10.265876949736988
Operieren,251,13.13965478199132,9.386701337754731,38.494478562476786,49.248186757475096,52.95593661817953,23.716606325352597,9.75090781876267
Operieren,253,12.992693086311236,9.389249703881042,36.908118978508206,46.486031764091656,50.86956834687173,23.36944732609992,9.703379549990375
Operieren,255,12.882090196443466,9.463334647088471,37.49755003250894,47.59328364148278,50.48782397230871,23.268901114843324,9.5726133885914
Operieren,257,13.089859535803445,9.361307182391043,36.37262120320648,46.33998166089305,48.489391944998964,23.546060128916555,9.655733721802548
Operieren,259,13.368700104760764,9.300475779234269,35.510820626814635,46.71978811246409,50.583536846389286,24.24881681178669,9.334100700294194
Regen,112,6.848743043578222,10.263641956407506,38.06515943083177,85.87538477890726,84.45045067887266,10.406297976672295,22.20683602486865
Regen,114,6.838748234847002,10.17287706451343,37.19417006102527,88.01903591516998,81.68330993017608,10.049977249270786,21.794163082929717
Regen,116,10.192109321326182,8.46395662821442,34.889597990322486,62.60707046561918,65.28938510276893,15.999378290736486,12.709976801864373
Regen,118,9.319525341213714,11.11237015668179,34.90095994526856,67.91577865908268,49.66602658736795,12.432669573098224,16.193091794134833
Regen,120,8.644452051562528,12.646114359023192,37.78144020159236,69.75202325447748,53.5120282128709,10.238871003097813,20.578729118679224
Regen,122,7.8814948682980175,9.134495036151216,42.21221805939721,59.16751989533514,56.49064129390559,9.771309893416733,15.605671263129267
Regen,124,7.146920109338371,12.63650383659575,43.52625860773542,53.07525044601165,43.89585482969322,10.848831811693453,22.94451458080595
Regen,126,7.7406258747229915,12.077725056353167,46.31632743865586,60.58508268403852,64.63369200138376,18.725762050887703,23.460477992958094
Regen,128,7.685943970540199,13.25437698636893,48.69735658106815,60.60639033304459,62.27015714141841,20.895754605766136,26.450489065096345
Regen,130,6.951556888649803,17.004576617239046,62.42655319971185,76.1345089850731,153.78451149402005,19.915079127366976,37.461873387294006
Regen,132,8.05163727919417,11.35951663850904,48.50134759069308,68.17535518949923,80.37418207026177,20.571864384011164,20.970867951117693
Regen,134,6.636824096127291,11.486695341230691,45.89204340497578,66.81480261561406,76.40860869283357,12.958873992301097,20.88901009197041
Regen,136,6.578127982069684,9.839701499090102,38.806883404662024,91.7209142042848,80.26239279151096,10.327611542405496,17.44865352747313
Regen,138,7.787115506205045,9.358601981579383,36.026131443448385,72.82017097816009,73.75230939596585,10.458221860697224,14.03255052897388
Regen,140,9.863872662192986,9.893845573547612,35.94718835826848,69.75562900414324,61.58628027560454,13.486564403202024,15.469155228548667
Regen,142,8.979611969458993,11.133142926023078,36.603783717641875,83.07509633642464,53.90735569046927,10.483060617828103,17.458342651050273
Regen,144,8.803043579609906,10.96817639341771,34.53085637971686,46.212413905550825,43.90123484312868,10.462957756327194,19.53928046235787
Regen,146,7.593480660535494,10.472805684045118,39.67531682270873,61.46362879062186,54.80477798876015,8.421955449892396,18.747291186572706
Regen,148,6.804417817279361,10.714892218941861,41.73608003801258,25.69613390586716,41.912527200201794,10.38016100920017,19.078112430106984
Regen,150,7.166098634369947,12.172275028158097,40.11124114965089,33.298520071802656,46.65194171115535,14.430368994443072,21.71960656065216
Regen,152,11.651170190491428,9.513987431347743,40.45441481245938,50.6308316185291,46.98777684410481,24.250325633092185,16.10388930560447
Regen,154,11.82473914355632,8.962771506388133,38.63210798167657,43.867398280018755,47.001232436640635,28.743290730763917,13.789589498155959
Regen,156,12.269354403952624,9.697783405451226,40.73852149752736,56.691480641111525,55.42302445874636,33.15546858375029,15.632686303164743
Regen,158,11.08203758333208,13.312613744088273,47.73034611662512,64.56123612090225,58.18025817359478,29.77471957292039,27.049911675744056
Regen,160,7.549849872341923,13.508578744668919,46.893176071782875,69.75702531118374,78.91276580620132,18.880980062760766,26.565807029372674
Regen,162,7.495424980652172,10.169811078911199,48.61633662576941,61.10841790620961,68.65697333628714,17.45337335413015,18.093560933634564
Regen,164,6.981111144784672,10.738460727706551,47.381975902885266,54.9443774360433,66.85464137032726,12.323674075595989,18.4630766197229
Regen,166,7.623319341387559,8.962358195585583,41.0666377412731,59.61194524469782,67.95072349384544,10.484727955201642,13.64266021103702
Regen,168,7.453496414828345,9.181641784007962,38.82150722500767,56.90370094990517,67.5458454441609,9.657004689264571,14.759006984013935
Regen,170,8.402141189726471,8.95952319852525,38.0809592235479,55.75691410476345,61.93622688729784,11.494909526744967,15.400266998676267
Regen,172,8.136100099526649,9.549203958237694,39.96328461908671,40.76196279162128,61.790261922515555,11.764210807357792,17.857628862903823
Regen,174,7.253268307530619,9.942055435132618,41.100985093656135,25.663186758056657,44.26175783673574,9.508167987061942,18.07519848497193
Regen,176,6.478829071071356,10.146797389692015,36.89958212538216,30.107929793667534,43.51731203730855,10.548497147034476,17.79964162834191
Regen,178,7.492061432922204,8.292939736445248,36.414077844640595,38.2279968014175,50.99261217151546,15.779517092663735,14.471385074583289
Regen,180,10.115556771533047,9.52908537889352,43.85452005336312,49.58335435587261,45.6657584381526,22.43488270770162,16.970108436603244
Regen,182,9.795201907501324,10.787036163095129,42.44932563918575,51.5489775369481,60.99805032715009,29.3925501214873,21.521680450267485
Regen,184,11.108439673468506,11.703888822343274,48.45629921691196,44.16715875750023,83.24658313109175,33.758865641503476,23.706815532857615
Regen,186,11.049576012293452,11.095964491020151,59.24669633849081,105.58043566277954,90.66369195303581,27.799044581184205,23.67956257826181
Regen,188,19.970691466727164,18.39551078208825,60.94026263408062,125.68257202057856,101.75023226121472,42.757111512932454,32.37725851775997
SauerWuetend,147,,14.58545532919019,71.72149426282607,,45.94581561827119,,20.998903584949925
SauerWuetend,149,,16.110550756748086,75.4664554825044,,56.65561865907771,,26.9919938670218
SauerWuetend,151,,15.613395757491366,75.10633472172616,,61.13261322521861,,27.902517802653094
SauerWuetend,153,,11.639438733041821,77.88076478234984,,39.87824168675489,,18.350760191667174
SauerWuetend,155,,10.053343669869914,78.12748310189099,,39.61415867846632,,12.844739733882918
SauerWuetend,157,,9.624483455844185,80.92564304214721,,31.80821705263573,,14.478121488707155
SauerWuetend,159,,6.055084717110913,80.78947609154662,,29.48766788118872,,9.010812314295725
SauerWuetend,161,,7.6028143227069656,81.924393517437,,41.61668127283286,,12.693553069046855
SauerWuetend,163,,8.179705235958417,85.36014800079931,,42.164268613661264,,14.459229206964913
SauerWuetend,165,,8.130360686157495,94.13594466127924,,49.89721876126204,,12.372753066491818
SauerWuetend,167,,7.78745885311495,92.33443627329476,,45.927547515099015,,10.219020159613759
SauerWuetend,169,,9.215958094018594,79.74910720478596,,33.57278842268311,,13.383401056908419
SauerWuetend,171,,8.205748722155027,84.55376728626635,,30.096154651781767,,10.891276030883667
SauerWuetend,173,,8.612165421096693,95.62432390818881,,32.97269088340726,,11.293735123066392
SauerWuetend,175,,11.283447847219485,82.60065501039753,,54.43653354049668,,13.767262051172972
SauerWuetend,177,,9.13819561547692,92.77295191958875,,31.862055056514606,,11.351333517179581
SauerWuetend,179,,9.844886435270123,90.33943564787063,,30.556977890346086,,11.859563104840984
SauerWuetend,181,,10.90902458489914,74.89802185085202,,40.748481807273905,,12.485127850750704
SauerWuetend,183,,10.056272502535533,93.37896137571958,,31.077492988170267,,12.16887625711195
SauerWuetend,185,,10.60124011075819,94.06545364337146,,31.75650544430156,,14.632740966514328
SauerWuetend,187,,10.918577955134989,82.53282548768517,,56.63286804157099,,17.985859779412902
SauerWuetend,189,,11.064055536119245,92.57134046548335,,43.83293947862759,,16.304554398591005
Schnee,159,9.132340668174516,10.691666804538597,41.78796777952987,72.16127605533616,73.6195620426829,16.605713544279354,20.828054616236194
Schnee,161,7.235389236578631,13.041553330085604,42.416710170738384,88.53935262407913,70.96650347870671,11.236657521997381,26.865706414622732
Schnee,163,9.799191548511356,11.842209941384564,39.35573663816299,68.30991165222359,56.007898007650006,16.883779770076828,21.755457005730424
Schnee,165,9.735561216325262,11.3363255006944,35.078837630446564,69.22783167565733,49.63766599422261,16.397861079776966,19.32617344288435
Schnee,167,11.758483760632705,10.45294777982464,33.88012410173602,47.82219633343176,41.69012911648995,21.83857588696159,16.168462640913326
Schnee,169,10.31867896499763,10.303517179743642,32.597371942321054,43.62840063521416,39.4322814205077,18.76720201593155,16.40092088905487
Schnee,171,7.812678864765833,8.907497031158956,33.77632779194444,52.96225595289436,41.702872828532875,12.358373922429857,14.5301855760017
Schnee,173,6.491166438683479,8.203330936069639,38.22658910384361,39.41101448679254,42.98489917564655,9.552244179923466,13.156151941243143
Schnee,175,6.261553125232652,8.5304361166699,33.260810143667676,44.01337427920052,41.14256411468322,9.526130209718426,12.200281572276003
Schnee,177,6.407802702726097,8.64599164849663,36.493231250155006,43.14797123162755,52.28882676469542,9.969658040278789,11.669995948542535
Schnee,179,6.6019886592077235,8.181424643658866,38.57217758680081,51.57245026580903,55.47505833511876,14.113236560446438,11.034212124043805
Schnee,181,7.120920583313559,8.491220243132302,35.214082647875266,50.057182379292044,52.76781499021277,16.658505397760724,11.058260516665364
Schnee,183,7.268889406320127,7.875091561331149,36.33960834163543,50.991123782714816,46.006514765007296,16.58215152839764,10.44984173382739
Schnee,185,7.138320363821748,7.667869693961812,37.42387562362672,58.42861099492738,44.93996224540234,15.048315362964734,10.106418773823725
Schnee,187,6.92329253954268,8.110636697407198,35.9199686611125,52.190066165238036,43.67851038882584,11.71301148947623,12.508085444179427
Schnee,189,7.278464576271552,8.242117975069668,33.742829354898554,51.12375934619381,42.388595730405356,11.128663337359535,11.686667156775114
Schnee,191,7.115972529584837,9.840901827494937,33.858202519045534,58.38788051395742,42.82806537372685,10.309285020742433,17.327407172201514
Schnee,193,7.238593673818693,10.755220218874456,34.4848845575891,62.55699265075008,37.77058383092736,10.557230941358885,19.50365655749847
Schnee,195,8.378399277646617,11.189460330502877,35.88176303483531,51.457398701372554,49.08076700369365,12.398588676938697,22.303885373077804
Schnee,197,7.355786270193889,10.856565260787175,38.373332316508,34.87603553758906,39.375952749824165,11.096485499669352,20.14920152409703
Schnee,199,6.675564709133382,10.194020263384088,37.394058288219995,48.98949504590459,40.671380093580815,11.282397935750748,18.33038466084753
Schnee,201,6.261799866298108,8.822889486331858,34.47453316494003,43.314069860975984,51.78850723889032,10.898269019122795,14.966973799549683
Schnee,203,6.347074497676421,9.274434060157162,36.66583634839207,45.06053670208877,51.7286200602741,10.983224872111142,15.091162639903303
Schnee,205,6.142317025483625,8.647527434036958,42.00773600889332,49.23343000304453,68.62213971954242,12.366694650870437,14.382646408262229
Schnee,207,6.538380892942735,9.06928265252717,43.87646484760958,53.30842298579272,69.7668963865141,12.720739008527069,14.614795678067685
Schnee,209,6.256576061525038,8.554799000551597,41.49975214462465,53.98722102059547,69.45255573043453,13.331169168231801,14.104823289822493
Schnee,211,7.930931041533944,8.723694316113752,42.2875110262028,52.25788254008187,71.33790032686218,18.70158476564069,14.693829011877428
Schnee,213,7.568328562374471,9.128308218333295,40.68735829283933,37.158890393220005,56.8042088158227,18.615693075484042,16.09745751220996
Schnee,215,7.80731086621978,8.835935326510468,39.47156509718265,49.88440371239387,61.891476323726955,17.824743911144083,15.00406994583654
Schnee,217,7.898985481168051,7.832688075897359,49.64282838972061,66.79105366126649,93.21910209959061,17.631687800868214,12.156516220195995
Schnee,219,7.635379925591787,7.923225198923195,52.99733365407253,65.02524979894172,103.75703180362764,16.665119988005955,12.386787437534943
Schnee,221,7.661978886633564,7.993927744686397,47.849548625084545,63.037231165667976,99.00068743707732,15.388322347552936,11.964991181644255
Schnee,223,7.807942568653525,8.943656036403285,44.78136147391423,46.523092231499106,83.77361933173721,15.357702243758597,14.107981736311228
Schnee,225,7.640463017826767,8.83977837548798,48.76111447842023,44.86692371711607,89.99947530631789,15.53248826474929,14.028777502794405
Schnee,227,7.729976991417736,9.334943089512752,45.415789174858496,50.704524039143294,86.9759693109691,15.052780675315999,16.108084032160452
Schnee,229,8.133054657004697,9.581664122618468,55.65971005876265,60.17230670037878,104.12135788164622,16.569621425714104,17.06221164374393
Schnee,231,8.17084416627406,9.511207094171702,46.98258868535088,68.97507519624348,103.5151366497198,16.82104522813093,17.556310024812255
Schnee,233,7.34193019583973,8.875380753930344,51.72348899842888,79.450244552434,109.15226320294039,16.62114852075443,16.65843033096572
Schnee,235,9.37994068372996,9.699351304994417,49.54233789989158,74.71210230119473,105.69085996151613,25.70454651252104,21.070957778337174
Schnee,237,10.935935410077647,9.984366505528614,49.06893362678814,79.0987663286359,93.25417548121743,31.044885273867152,22.981691215416742
Schnee,239,13.867441360873599,13.54966626877647,51.60477897084176,115.31570707082709,71.4363384282807,37.69546272854525,29.649220604464613
Schnee,241,16.121741428366665,29.241474496535883,58.1016768842793,131.19827813996835,98.04320785879591,37.81519348522848,53.08178042515014
Schnee,243,14.143282120911639,46.849149039910714,57.58617524489357,115.39487129224348,118.03558768082986,34.030917157656326,72.74982952951555
Schreiben,121,8.835216493124383,8.01101562619814,49.89049135623869,62.79455328048923,50.69350821934453,13.431875556374285,12.863376281060274
Schreiben,123,9.190561223028856,7.905887032355593,55.38446477315311,53.57209835018774,58.23269380934514,17.184030224100596,12.735293215882864
Schreiben,125,9.032609763637751,7.984890126641655,49.16919224604071,51.04135613332869,60.52858604438454,16.772302386162416,13.85154771272348
Schreiben,127,9.069439689494347,8.4541730748699,56.229823286247495,44.45914394657389,66.03102305408733,16.870715293435186,13.813228552654813
Schreiben,129,9.597061073499608,8.151529893749613,64.26072447608814,59.290717863431034,76.0602360866717,20.857290004986066,13.67572319142349
Schreiben,131,9.023492221292585,8.632896544275912,62.009266097542834,57.23499385982211,67.81706015489326,20.618031357857856,14.108000223333427
Schreiben,133,12.99217826864285,8.390366426952438,60.64642701241638,53.88905033546015,69.88768699687657,21.099750802598507,14.059773151470779
Schreiben,135,8.998648214894178,8.468495968906526,63.31795369124388,52.258710027926845,66.34348868050932,19.80154560436425,13.920963666973268
Schreiben,137,9.525999978029606,8.583860952505876,63.77830361811086,51.691683654621364,70.05521685890194,20.77640897195153,13.464895328556464
Schreiben,139,10.990054667175261,8.600556168626438,48.205044280427074,40.221031579240716,54.47430434327119,18.834062202593152,12.59118377556961
Schreiben,141,9.169975482463231,8.223029311282547,58.47187331697758,45.340610095488124,70.64966645998126,22.15812138402494,12.949947933248167
Schreiben,143,9.227051788610073,7.913915884249974,50.70184817018819,44.4727821109288,65.98130709593266,19.835778359860573,11.916314235529782
Schreiben,145,9.177370184361104,7.829428915175725,53.15440206660692,44.88824188129235,66.92607646591462,18.844278532558878,12.115108992462805
Schreiben,147,8.785863825679321,8.037060918254957,50.88654776199632,49.71740544478179,56.60280338565286,19.23285062243077,13.328822727705854
Schreiben,149,8.770457126180059,8.001829739960709,51.69931282149312,45.75044466726861,55.10137809499659,18.07098897813802,13.933031360807044
Schreiben,151,9.885252341636628,8.335244127438216,51.46469103325453,43.49111683300495,61.534844633597004,19.35401666132835,13.816335954737594
Schreiben,153,9.327870582437383,8.178070265614124,55.11974543106084,51.75618152233111,60.98359955550348,20.21802984366909,13.761250351853091
Schreiben,155,12.333464539488954,8.432448235891638,52.69191886944169,39.428453689763,65.94620694281944,20.306667325630812,14.652400861729188
Schreiben,157,9.52667232600739,8.59536763385336,54.156766728848226,50.999017932527316,72.4949951184674,22.046559396778022,15.537426448523211
Schreiben,159,10.113619469324643,8.375805474914385,49.04161642091623,36.21410313669639,66.08669772658624,17.838596100813316,15.83076950606856
Schreiben,161,9.278330808082524,7.884762336485776,51.83592558911322,59.14303607481675,65.06957457812038,21.40497037915903,13.264522082399292
Schreiben,163,9.483396998520055,7.647814925454632,51.12771487460166,58.43436841735582,73.41916959392537,20.064932976514218,11.215770563817948
Schreiben,165,13.072899782762867,7.703146481738034,48.71437597435288,39.35300214274901,65.77024507079626,22.00708416844031,11.596194258747646
Schreiben,167,10.99664957106836,8.171949659576832,55.42752657668523,57.00783744164124,59.23492376710569,23.91391528272696,13.49840990370718
Schreiben,169,14.632760449444069,8.136130267210545,54.16064601873286,38.16829070617854,63.17157966714156,24.757440206742967,13.083838283870413
Schreiben,171,10.763586668971591,7.987715449486546,58.28113886625437,53.562127967998805,66.84712641111753,23.984541868262628,13.270547980733017
Schreiben,173,10.360931419044384,8.254848427432258,56.27947406688395,35.63173523532485,70.73824518179136,18.274567612036474,14.923152290684707
Schreiben,175,9.680251680057156,8.162007741218355,55.68282663940824,42.60478125298259,78.57630309839605,18.815453040938745,15.048572534361208
Schreiben,177,9.611474552402475,7.710107303131847,52.04912033410728,62.98261220772644,78.70581576271073,21.489379501091857,13.226131302715963
Schreiben,179,9.674879808579682,8.210209847300579,53.091586821498296,51.52037765679656,85.1900639549682,21.25155252079144,16.006546701604403
Schreiben,181,9.543930656432776,7.800232477682977,50.04895542704718,67.32801164279678,74.01885931827263,18.71796552118468,13.908782365240702
Schreiben,183,11.343110794218854,7.581662351722795,46.15998687634658,47.664772413244826,69.2912683708861,19.845310779198602,15.017097619554107
Schreiben,185,9.75985991140951,7.586384672898434,47.98551905979432,71.20443071244514,71.24336134389546,20.820864499222974,14.321531901727548
Schreiben,187,9.494626017831244,7.704806254838497,46.689030900293055,69.7214513467981,70.98134369489284,19.43818537142142,14.179303990075349
Schreiben,189,10.037108112706202,7.523296836400866,49.15515803759699,49.773986263187616,92.50926836624686,18.556898098778298,13.162856029813765
Schreiben,191,9.535553676611114,8.509476458441938,50.40359358957452,54.31585513593655,76.77011633890409,18.23927342076348,16.492087604248987
Schreiben,193,9.457912838452268,8.25645550610559,46.49895579528258,69.64461282353489,73.69070128740782,18.121799053987278,16.188224929958665
Schreiben,195,9.850006328273547,8.34576094499582,49.0741430586923,73.5929553110143,76.82445423115978,18.70600975390509,16.02243967137646
Schreiben,197,9.599674491485091,8.141180986490927,51.56385657606211,57.55007311779443,80.11579554325414,19.927375748845648,15.181907809714637
Schreiben,199,11.013117110044051,7.640340522327418,50.98970068270123,34.55206783397013,91.15082557988025,18.90857484758447,13.66325090995968
Schreiben,201,10.979393920373155,7.702052509779351,49.036107959083395,66.62665672852823,80.9639283005151,24.141083010946083,14.298214361528363
Schreiben,203,10.85824904005198,8.219694769559936,49.03148645803558,38.89973453469428,81.77835363466112,19.847971958472638,13.62680056608638
Schreiben,205,10.833448489777807,8.23445270060963,48.8536031475961,42.85547888091147,84.82157497902509,19.721693262216064,14.053255354741024
Schreiben,207,9.984743231995182,8.119977861049762,50.2961387278669,53.357937306373934,82.34525672922291,19.751972880244164,14.553962427819247
Schwach,138,6.752688749656156,7.319180219447067,48.028453032475284,72.94579728632704,75.16401358465689,13.071641615347689,15.482713416158386
Schwach,140,7.072815650109313,7.190989779815659,51.05031741625672,75.44762807552674,80.53026683426624,14.462262040714961,15.26432723222039
Schwach,142,6.651403326171836,6.802032266263002,42.57645891373227,59.82891051422136,68.20198033219528,14.220119803614507,14.992133343884781
Schwach,144,6.677785848605946,6.958248654964646,53.70905023281334,68.08311519514453,83.6672679858839,11.524763914707345,14.101735427810764
Schwach,146,6.584249153802382,7.543217705643828,66.14597804982203,73.31743729475583,92.41422856342912,11.724984827777691,15.692016771807534
Schwach,148,7.133150326351335,8.365784935989067,42.37100920177946,62.471504100290645,59.91124346159787,12.855790318220265,16.306256165226685
Schwach,150,7.8531158324363535,8.621869923146198,44.60480596953608,80.06582526449318,62.71434520826888,19.708042723684287,18.727940242584218
Schwach,152,9.589073605388617,9.400365986951957,57.27259684278375,171.88249872866777,62.99707214443552,29.39297337164462,21.20768140671477
Schwach,154,9.867509846947616,14.984295896189986,66.55609708078984,135.2973095056047,144.83704580339997,31.91095979517685,31.907401257885798
Schwach,156,16.75586131551411,15.333736153431085,55.299328675162826,120.3421377130617,127.9023527400151,38.72484801139621,32.51490812851547
Schwach,158,18.73002345268201,13.55070822334543,57.86461350771137,145.63918962803834,116.36566495333442,48.6437719679959,29.575334475767217
Schwach,160,23.363663426408767,13.063921040082377,55.45237286874707,152.136437178304,106.7679188782395,66.23819037383788,22.117403060806634
Schwach,162,21.490965064164325,10.335386493507636,53.455588551273514,139.27960076970393,99.7684697267972,56.9843902331762,18.711452971442807
Schwach,164,13.290450428611894,15.331783252326119,60.2439080562649,140.69243306659877,132.8883424989346,41.17946662456369,33.801974702973034
Schwach,166,12.199884354108132,13.630779261177498,62.705687927901685,129.48730043220473,142.97359111496456,38.17773600577144,31.330730778854303
Schwach,168,11.783495022760217,14.542239274776442,64.36029987642516,137.85663999220554,147.89197410349132,35.0981182121876,31.85393942403413
Schwach,170,11.257537839100872,12.381379427091879,63.83653320525003,144.9039642099809,140.49969672332986,33.80699796253031,26.42280227567847
Schwach,172,9.502052137363474,10.826221094034418,49.49460024319709,128.24116103707274,68.12820234463692,25.503872795677168,21.95962196189553
Schwach,174,9.754760104071401,10.616942523982452,45.22982195945067,121.07579770144783,51.94295719275507,21.40051421449446,21.343407467815226
Schwach,176,8.939855552175198,10.861960379110538,44.074068021101496,118.57043318675998,46.10575492789797,21.827205643429767,22.07314438892987
Schwach,178,9.482852078719368,10.840516246616145,48.02906379350436,139.3610996844816,46.70097634680424,20.065713776519907,22.011552100335642
Schwach,180,9.626231859259933,9.812235207178452,48.22284108550716,144.8718927949187,49.711138289501704,24.25250057464356,20.229078432139826
Schwach,182,9.868382433335247,10.624996628464736,52.38876200065318,158.9536076800335,48.80046037530675,29.263643846130208,22.657901580611078
Schwach,184,10.725563302126954,10.770129371878259,52.157880463640524,154.42165798739597,51.04914235235889,29.378812898851372,22.912101555649713
Schwach,186,10.568873252608656,10.905418094472243,53.2492875102318,171.71655756657432,50.014937459239654,31.27906224876035,23.1760754418592
Schwer,157,11.443878233917287,17.49778022138942,62.077167907487755,132.57803634293606,127.12797440680895,21.615781282362914,27.94615690438653
Schwer,159,16.482740186090748,18.69744964018789,61.70436936677717,131.57734870345365,109.34734936574618,25.891658690464872,28.407754871822245
Schwer,161,20.72316673528747,18.620053535714018,81.36559474649405,112.89846015633164,126.1695927794518,26.727541317012868,26.745900608191185
Schwer,163,12.267654179822653,19.931750431486876,65.91104151338708,115.58536564329467,112.18673219414708,19.799320784538928,28.10800538437782
Schwer,165,12.366810948582811,21.14426036973267,56.72492864148133,102.15085410143729,104.43219586358529,18.6600412184477,30.00203103598598
Schwer,167,13.342922159043761,20.596627746565016,60.696817111425936,113.47675770344625,113.5320351722486,22.31135175211002,29.958233218765628
Schwer,169,11.144703530008133,12.940301155697068,56.22219544719016,92.0876203205041,120.00329161388781,24.713470204480263,22.432302431826916
Schwer,171,11.041678864728652,12.100979296806367,66.72111690028754,144.69354076385753,142.98311869455856,20.423450161269578,21.22061703919981
Schwer,173,10.38153784426484,12.30801099033031,88.567989459505,148.65140317247298,149.69488963523602,18.49929606022969,19.141000917706002
Schwer,175,9.57377244263451,13.487926625839476,64.51318392368948,89.16747564792868,98.44053200401001,14.313720752031868,22.957841932700507
Schwer,177,10.603493889756885,12.907750728486656,62.630196462132204,72.12279266216903,87.77574315980422,12.937917761956502,17.754590495909397
Schwer,179,11.364796258218925,13.069937334693368,47.607339258361655,72.5391210125408,68.9779338300474,13.016031299413862,15.10107296278936
Schwer,181,11.884595720763755,13.41174112192223,63.84519064506156,76.59704761063934,81.49704300287523,13.010400688059855,15.22071684467793
Schwer,183,14.092790203523062,15.231573115978835,76.17923886241937,74.32940879627417,82.66192295888587,15.816703284440358,17.631034974013712
Schwer,185,14.125846895286063,16.184186942403798,59.06769125136428,52.31599130650055,49.82539137678699,15.018496732278287,18.6550581993991
Schwer,187,14.28692991849266,15.960148738362687,55.48358264120283,53.91636412757417,50.61504223241756,14.750656279513793,17.976659768677777
Schwer,189,14.153385359581398,16.219326086114027,54.532198638713155,52.23520478698292,50.0516755460467,14.572413697282947,18.771305094964074
Schwer,191,14.612330358318417,16.276440432116736,50.8502291314728,55.23445404346635,51.346707384293985,15.311411738426093,18.688690453385405
Schwer,193,13.613358679208122,16.049363502184633,47.88318431534107,49.17998118434968,52.081113280290985,13.608637254033987,18.529356680533432
Schwer,195,14.296645837277174,16.137327484509086,52.90947209690951,57.07794973006835,51.520104864432675,15.174266258769205,18.419302508351446
Schwer,197,13.832114008012908,15.985257759110274,52.90861562478324,55.24411078557075,53.67559940509856,14.090353775832844,18.67693531948718
Sonne,148,,11.489060350487817,52.214354037823746,,51.6806753875909,,16.793179027381164
Sonne,150,,11.280214571065933,60.965628195715034,,52.68407633385214,,19.517634836402838
Sonne,152,,11.425485641630251,59.35409389751293,,53.438718731603814,,18.056707635672524
Sonne,154,,11.261273852704665,51.977404463891304,,36.748519302051115,,17.623792178676396
Sonne,156,,11.342036277762483,45.98119487326856,,48.37161340907969,,15.49746428027748
Sonne,158,,10.894976632163637,60.83156107913577,,48.168879858752206,,18.740272600764637
Sonne,160,,9.591657464649195,59.704507671073465,,54.03049916745533,,12.676460049459827
Sonne,162,,14.511458649655435,52.7182071260167,,46.22986185088932,,15.91023275692699
Sonne,164,,13.820844474603165,50.40929581178422,,36.3912971894144,,15.837543040307184
Sonne,166,,15.83260621476689,52.45907963287955,,30.52472486768992,,19.565664474613875
Sonne,168,,14.387716752498447,46.180329014505276,,47.7577696213926,,18.517091386110202
Sonne,170,,16.079807990665252,52.52536375593673,,36.75632649820503,,23.370293179331284
Sonne,172,,15.556964412439987,45.910692918458956,,34.82022733155364,,23.420073110636572
Sonne,174,,15.270616682037364,54.15804858511814,,39.102850198843335,,23.837491644186258
Sonne,176,,15.434797891359166,53.954053906019304,,39.135617189533306,,24.2545942065879
Sonne,178,,15.533051936473,54.643837913003814,,37.271518931643584,,24.396641189429637
Sonne,180,,15.464809579425348,58.43596393170714,,45.65900655815641,,24.0951935984294
Sonne,182,,15.669408987399176,46.634608757342,,42.16112944669067,,25.2681997760562
Sonne,184,,15.299370002463629,54.55986604423856,,39.210743944140106,,24.215731476644937
Sonne,186,,15.804550410923543,44.03128609617068,,35.98134390020492,,23.624586032580254
Sonne,188,,16.75662951873211,44.356537041682806,,38.97766637357949,,26.06006164846606
Sonne,190,,16.302949951557835,55.81759455358872,,35.251359290458524,,24.037668156831103
Sonne,192,,16.542218304225422,42.14490476099376,,35.619672050622434,,24.53655286803822
Sonne,194,,15.92805441030973,54.97745390952488,,35.11480611583631,,23.463784757225273
Sonne,196,,15.994428178930136,44.95733946662517,,32.78805182425472,,23.560832105003655
Sorry,144,,16.964672932681776,72.03733660978673,,71.65006549666384,,27.611856467496672
Sorry,146,,18.69255668682429,78.2258278085003,,34.69304946236848,,27.967515942897233
Sorry,148,,18.91256148690445,78.8434858999193,,43.73878919252117,,25.641480803265402
Sorry,150,,21.316202132027875,86.93412505304563,,30.48965764084768,,28.34472607801056
Sorry,152,,20.067244472391355,76.20191319831034,,27.48036195694261,,24.223921960790776
Sorry,154,,17.595111561489475,84.1835302112878,,33.04664519605536,,26.74553701036043
Sorry,156,,16.858047628542923,91.85289016046846,,36.01950989227638,,28.922687227964307
Sorry,158,,14.766475480042413,74.01735730780419,,39.03894308543473,,23.286558232917745
Sorry,160,,14.539910961055611,76.11017870255965,,50.13726778954683,,23.46435816180864
Sorry,162,,14.262990633168762,71.3705513108143,,75.9663370168322,,23.559738087636674
Sorry,164,,15.775759487640657,82.24797531184636,,37.437775456295135,,25.824715221013854
Sorry,166,,16.960421543746552,84.38348627781983,,51.97436054875712,,28.620927240338812
Sorry,168,,15.472597561698056,74.68528144163567,,49.12539380049474,,22.924687716943442
Sorry,170,,15.333848445028444,87.49607560034603,,54.040836525624194,,28.2108552450519
Sorry,172,,13.726578069596519,84.30591846310053,,58.975230599265686,,22.678916987585254
Sorry,174,,16.878733475552245,94.26955917858791,,50.44519735612939,,29.571417666825436
Sorry,176,,17.04675750345927,75.57583870053145,,45.84231209943132,,24.42937822593305
Sorry,178,,16.765646663854934,72.24406211876136,,53.72976001586538,,23.872579795886278
Sorry,180,,15.285853385838756,75.83403530140733,,77.22462260031193,,23.22333831556378
Sorry,182,,15.704116001318603,88.84111976901755,,41.270486413359954,,27.072402274901716
Sorry,184,,16.13738767289345,87.10267153884706,,60.27254208765061,,28.401005642670796
Sorry,186,,13.286657939907219,81.64062608281797,,58.1678973399888,,22.301787592124494
Sorry,188,,14.162278452111876,83.1605233062465,,46.08388955091384,,29.600605708299636
Sorry,190,,14.192555197031979,78.96533358129138,,54.15998201976154,,28.38855266476145
Sorry,192,,14.676059033523972,77.15382808177219,,32.328853039686535,,26.7310533856758
Sorry,194,,18.868104516487143,65.16301663016215,,45.84853650816151,,23.160996427270234
SparenSparsam,133,13.076513008099976,11.06855567152848,68.25835257370748,76.9590575709687,85.14192199898295,17.2496841826911,16.404534685985055
SparenSparsam,135,12.638739707306595,10.472243679068013,63.024390846152414,66.14374050377056,82.31231598767667,17.280704526494326,15.072372897765321
SparenSparsam,137,11.034754298016352,10.702230925889086,56.14590923509067,61.2956019967682,70.8501461053142,15.565505281325736,14.31552245729833
SparenSparsam,139,12.551874598473498,9.746886074009861,59.382547439020016,66.44231176707594,71.4618067662243,15.14015585069338,11.869221297178893
SparenSparsam,141,17.40093401068111,10.13924619953111,48.43564167004152,53.620121925768345,62.17099387976137,25.223926864713054,11.018127999180706
SparenSparsam,143,11.471583483848468,11.403717434005095,54.69848863233231,54.84084109076225,62.010397458082956,15.494501863200767,13.288123196540328
SparenSparsam,145,10.259454881655055,11.186294597236781,47.95839233686753,59.99878933519349,62.6255890211217,13.836110616804683,11.611948137629474
SparenSparsam,147,12.550241584067392,10.480076976508743,50.518564749562884,56.5980341887848,56.82591487509374,19.45862108735118,10.76941183578147
SparenSparsam,149,9.647879522213811,13.08368261614668,50.269880209100876,60.54003622975493,53.69117367337133,15.781339778379866,13.762722168182789
SparenSparsam,151,18.957698113495237,12.849761863966418,48.25326810273863,72.68778466215544,53.2794043526901,34.78760337453042,13.26486492744249
SparenSparsam,153,10.049514385473735,12.375755101683934,48.17897337585829,53.348030484388126,54.760727099539416,17.11157753263179,12.718825562998001
SparenSparsam,155,9.812987760096583,11.267352425837776,47.93247581088701,50.48517215389957,52.914118168147624,16.397990508570935,11.811062635409673
SparenSparsam,157,9.783931263684067,11.362643102413067,48.730401827948846,53.20343169825914,56.15486164908936,16.40554112339228,12.576797890925377
SparenSparsam,159,29.924010804407928,10.66252144473262,55.003160116913946,80.83482635379279,58.346924572423674,57.083898196788,11.508433049916453
SparenSparsam,161,11.104036575989392,11.565379696965193,56.718047773550374,73.43358974628786,61.33707590198485,16.766796031930653,13.403401561782518
SparenSparsam,163,23.149816831098576,11.444825084511624,51.265155846708154,62.26317605799,56.28890339595589,40.883291742907446,12.454310893077938
SparenSparsam,165,13.511589816722454,11.143949841967515,44.429715494199925,39.66644154637029,54.70606882840232,20.57613836870109,11.358096310664019
SparenSparsam,167,9.92940264420245,10.40344059331201,42.669551390064946,57.93941877891453,47.917796047561446,19.577794266029485,10.547592752821256
SparenSparsam,169,14.57142405428331,12.745602587355409,42.80182939073974,49.73944006210425,48.332686936349546,25.41028255076112,13.31093690484456
SparenSparsam,171,11.02415076974735,11.746021713425293,45.62012910108934,49.72191883287917,53.08164141302285,17.486355298192937,12.435773345602678
SparenSparsam,173,13.800620247931532,11.328262466001934,47.30697552888444,54.11969663797618,60.109447019723085,23.832808404164986,12.686274055721823
SparenSparsam,175,9.382171778273932,11.267721440161399,49.43120089400872,71.88486222279445,60.89175326123868,18.352411287300868,12.47642382789954
SparenSparsam,177,29.321898381591392,10.291365249996197,56.39475289794745,86.7152271463485,64.5778220914883,54.633694718975654,10.833231945261128
SparenSparsam,179,10.97370549552198,11.090777691700755,54.2481677507283,83.06454768701872,63.917265785994935,18.8357703473938,11.582521249932087
SparenSparsam,181,14.060037822434714,11.710048149786987,47.045475389605585,53.88495481279874,65.34930062536272,20.68407307449703,11.968266559759858
SparenSparsam,183,21.99407176182202,11.85700669846913,49.592360698139856,64.72871299815891,69.26095984866315,39.61509130914815,12.006696350639864
SparenSparsam,185,9.139518189362994,12.270845676373622,47.46866166539996,57.81625403273546,62.787083545198186,13.591564058989473,12.57797182408913
SparenSparsam,187,9.092548979729562,12.37164718102105,47.74462273475965,63.69986863984309,60.48805559493231,14.337276259058555,12.708041028978416
SparenSparsam,189,12.520478719701817,11.343208390382902,48.06692580676072,56.664173965357755,64.53867809193041,20.010997721943,11.827745559234277
Spezial,125,12.062043891449228,11.80682772803381,64.58011061481918,129.68458883659662,101.46726774197698,15.788931410944906,19.759420048283115
Spezial,127,11.991373901151679,11.286086810864122,68.16396378718618,147.94073652788097,97.0890423230077,21.412992723506257,18.830607337608914
Spezial,129,13.712214823522604,10.787072487063229,62.71257602633509,107.73399011221514,96.46706966231645,17.494124089210658,18.254265902227193
Spezial,131,12.182963525328251,11.203464164024549,65.15548576248968,123.28620543660963,86.12125336496226,19.71697699567256,18.682212101228085
Spezial,133,11.75211550973501,10.890409036170144,60.33220004123139,84.65924774504488,86.88190583603965,17.015035272340526,17.960717428666694
Spezial,135,10.51086761855801,10.268085821514124,57.03750427849827,95.61276555209649,82.91572752110166,16.145134086672236,16.85795142732565
Spezial,137,11.782820187043914,8.570739212362666,50.423927831228674,41.36209056889622,60.31026900712115,17.04186238683477,16.01847763814561
Spezial,139,11.544812032346682,8.606027169218123,45.50088904757736,52.52766053670297,49.6402845353813,21.0097154978453,16.400782163068854
Spezial,141,9.110078284364425,9.342343945293136,35.98564629661099,37.444113338629045,39.93123442957841,16.961361254153,16.594094341755714
Spezial,143,8.917695315756312,9.996897993474812,36.29250359465659,48.99993846370891,38.53375604199542,15.387637066081997,17.867543098136107
Spezial,145,9.684902875569607,10.675537242235377,34.95782628364704,38.921118515181185,40.90749078866785,18.284408941634695,19.3511888828267
Spezial,147,9.823780441953408,11.909674643045784,38.526802081665636,34.795923282535185,46.38056603933551,19.866709724384773,22.118133499529996
Spezial,149,9.834104525348145,10.977663621795973,39.110815819129996,41.644244446993845,47.432034780254796,19.422767141393805,21.095197116517927
Spezial,151,9.650815838480188,11.570180203507476,41.52629250661079,39.64049733132597,48.45657239315794,19.69227535712695,21.862201271189587
Spezial,153,9.437933717456815,11.696287697801614,40.56725292679151,46.15043934447396,46.89283998836798,18.509843391880327,21.81277804444925
Spezial,155,9.768927315497844,11.522610768451015,37.6574239055083,40.68154194586301,47.118125567336236,19.7596210061595,21.70749267329187
Spezial,157,9.437101947673579,11.660859730530275,37.69689809029885,41.554533508214824,46.76305758710504,19.273298561086172,22.086377603490806
Spezial,159,9.273698260290265,11.625867411231585,36.9119077124643,33.24063918515256,37.74228382379452,17.82877969410146,21.425764980448967
Spezial,161,9.593644590041416,13.544209052224288,36.852577357116964,47.26410536096417,43.89062515994332,19.931018397727996,24.904724261325725
Spezial,163,9.424470015866556,12.303216732617805,36.043422179434785,35.4397339147982,42.42630722730895,18.65017314446702,22.56609969928602
Tisch,143,9.689794258645785,7.888513244097802,47.45890649676127,58.29392893037264,74.2273441759936,21.390077146562838,17.00829285554819
Tisch,145,10.786053481288418,7.9985351616811124,50.13073144312303,60.416494814240416,77.96229369838558,25.131449455145784,17.33578684278652
Tisch,147,10.800696485211287,8.242275073922652,50.09390982085356,66.38027470191825,85.97225352579129,25.398211964495758,16.501315803808478
Tisch,149,10.132825069887872,8.774170905256012,46.98378924559432,61.14091600425403,80.05766625795782,22.026517191469953,17.612490515854855
Tisch,151,14.519766374042478,8.863014978087893,48.01824031616065,73.46976408528789,83.64641582780538,33.90195055980746,18.908533504822763
Tisch,153,12.121809111453135,7.736089422397322,46.23935367205574,63.86723960681874,90.75747569861996,29.779258360739625,16.07832021327605
Tisch,155,10.643563270658221,6.270976825220795,47.72421840141138,79.66146998452659,93.88498800256993,23.91384181012472,13.002635947835724
Tisch,157,7.431091228065479,6.011217460729428,48.67554666263683,78.48900482958165,103.27654662277992,16.674242738603333,14.2127543845497
Tisch,159,9.476125146258548,8.748870724693473,50.01339957362124,80.12666448868849,114.96600715716644,19.477479467083192,16.66838101974631
Tisch,161,10.670155827220091,10.335918241101806,43.150142235497405,76.29360177133267,89.82272281077027,25.212682639535757,22.920935862683738
Tisch,163,10.443140182025402,11.87239618286039,46.70876437932761,89.58255430122237,101.96998995096041,24.018693663046687,29.685149019587964
Tisch,165,12.276700985740078,13.325022000108968,57.302666351752855,116.3440616044824,139.61382407908093,30.121213768627825,33.52858825375835
Tisch,167,12.196966242179137,14.567197403747583,45.96152725886211,96.28914402672612,98.02332270803615,29.651193508715238,36.234625940638864
Treffen,132,12.396706689549994,10.9824282159441,46.73316078984499,103.8678292037757,35.79485511868207,20.142765793513004,12.867761608096242
Treffen,134,13.208066282398478,10.380604344122114,45.55070494437025,93.44370361575294,37.717506529256994,20.170998949416333,11.857152660689835
Treffen,136,13.779186266139169,10.38602741970455,43.78470926239186,79.9595225848755,43.82623516762641,22.04644149601237,11.784796861102334
Treffen,138,13.817647706745829,8.993245150555772,42.00260370136107,77.73268318381362,46.8921241377211,21.043116540802167,11.456207378256247
Treffen,140,12.334529048068948,8.428913578457106,42.45378227109299,63.89131759346013,61.887895684656606,20.85304243822467,10.996998758986994
Treffen,142,13.361003460622783,8.575860315710994,46.93591642369342,69.657302884205,75.53573812839038,21.87094577993385,11.45585843142816
Treffen,144,13.448067078960339,8.46979377367607,44.225694641711115,71.4649194569565,74.12335346940024,23.00132040739757,11.138187956566194
Treffen,146,14.093173499938311,8.165900941698357,48.311031065488386,75.95264092051228,77.04952946880248,23.656779943271257,10.917575755560872
Treffen,148,13.986992373702249,8.298885902662875,45.20543623902303,63.331375979782656,87.09055888403132,22.938709253016413,12.682608152143548
Treffen,150,15.422280988686818,9.147860778624567,53.25342016589926,73.12668188612645,85.31985585421744,24.04656072545792,12.081003327134322
Treffen,152,15.98411607026377,9.04129421198154,43.766906224316756,61.66775318495849,66.17095462488406,22.872009728524628,10.781452154331571
Treffen,154,15.799520525227116,11.365185472912893,46.41817109043721,57.536619230333194,76.41957659995677,20.23994371652411,13.381162556437184
Treffen,156,15.991813565281051,10.743140061793214,51.59594914382926,71.15846549522438,67.1836026140839,21.397975978802396,12.947555605579195
Treffen,158,15.988063242189186,10.208926743453324,50.07856034036524,60.353334770039766,81.36809156526269,19.93794531147778,12.319030843114229
Treffen,160,16.649664354671653,10.629842100052356,51.251189103873,57.404781021875095,78.47379321636936,20.733079110298572,13.341098530834257
Treffen,162,16.75394050119295,10.4443916854187,51.799128271166865,59.10888050452205,84.72148027385691,20.832242030303416,13.573654561125544
Treffen,164,16.6458459301004,9.881321893421914,55.92110456264296,62.64010201040438,88.57947943962068,20.794211545472173,13.377839139053009
Treffen,166,16.351371882196908,9.823795388562027,56.725748463321615,60.774214827650795,87.55713611555274,21.258353174208203,13.634272605109762
Treffen,168,15.863685056149139,9.646407568606692,56.11337434079603,59.57064686055751,84.40468940539864,20.359792728635504,13.180667215197074
Treffen,170,16.358578408110482,9.423723357045327,54.54814260371088,64.94502298075851,91.44066344044693,21.6092168529414,12.631268203458887
Treffen,172,16.329871809406306,9.791657151073867,54.355184958303965,58.518061879526876,84.99350649383253,20.95524715079799,13.12920264489176
Treffen,174,15.750608076948641,9.893630934309344,53.82811192358065,56.89568043407182,83.05882700458423,19.84604686018452,14.044339463599437
Treffen,176,16.05251219719234,9.704724614912289,52.21700155304852,57.74212275466122,81.03738625838477,20.89139798858647,13.438687843689971
Treffen,178,16.000487510077846,9.879086418603865,53.118214662115236,58.3183928887661,81.13294726770147,20.74560307857226,14.238004796925315
Treffen,180,15.796658730611808,9.664242968190857,52.285299629650055,59.107430062827696,81.49338993683871,20.055856254032538,13.565167750181631
Treffen,182,16.217217947455342,9.821137989741507,54.74934857598071,61.119384032853254,86.65156696586222,21.308256395927987,13.956388928383744
Treffen,184,15.821630864249668,9.862077151409027,55.92230611546645,61.03093302464732,88.08403360617146,22.082782927964317,13.53971503959723
Treffen,186,15.318291355436935,9.662871616860246,52.07962461053937,59.379092979621404,80.88250697002873,21.240040083616428,13.936267176284414
Vater,151,,12.494295831011788,50.598971399183775,,111.91783537089775,,20.440483132313528
Vater,153,,13.227549407314227,64.25434848581952,,102.08747011865611,,22.528470268421273
Vater,155,,11.988516124530957,60.55031159475356,,97.5720808308347,,18.665795597660985
Vater,157,,10.376184570197438,60.95550486911732,,82.29220514057846,,13.916989171149186
Vater,159,,9.614396067244666,58.26471690739729,,79.75218491343854,,13.513644676048115
Vater,161,,8.231280870400019,53.44182095312013,,67.80880827018979,,12.242781253053533
Vater,163,,8.27082538588539,54.28635213198451,,39.01750351817118,,13.541678357456895
Vater,165,,7.6537967007638725,58.946587861841685,,51.904201400919355,,13.17199399552556
Vater,167,,9.17221324470868,59.85449415012855,,33.41659513626626,,13.079177846008559
Vater,169,,9.07081192100198,51.142834292689,,36.69860325481853,,13.65024955723425
Vater,171,,9.572875088595444,54.841318898289536,,35.09484616429185,,14.183128761529616
Vater,173,,9.926668337525607,59.86829794905851,,35.15918809879663,,14.223850122383343
Vater,175,,9.349388930331362,60.47391822146479,,38.216526964852804,,13.493541820111185
Vater,177,,9.937085383777694,60.979231299645555,,32.17097609042142,,14.35564648008364
Vater,179,,9.890911652266766,64.3681234106413,,37.33480325392652,,13.978857400250137
Vater,181,,10.15420478957663,64.97838466369811,,36.46868824918402,,14.398335107781868
Vater,183,,10.788151513169012,65.60477368263649,,39.747202496291905,,15.013062002412365
Vater,185,,10.970505466298668,68.78255309289929,,84.29252982919327,,15.752322534027725
Vater,187,,11.566819525063877,60.58303828160695,,85.82106548472636,,17.09392670754087
Vater,189,,11.904894084788928,69.75299350809189,,115.87182193511818,,17.925901611070906
Vater,191,,12.187147272896446,60.9392877892697,,76.97156097718054,,17.493136711606148
Vater,193,,12.456123181093943,62.51659749758215,,78.93657316580317,,18.368157261180617
Vater,195,,12.914757157922685,60.565904785928126,,102.6939238993586,,19.72394222137124
Vater,197,,12.209264138012438,71.23008945196226,,84.64692542032681,,17.600506180436977
Vater,199,,12.739883295379107,64.0534099497152,,79.3908792953873,,18.77523824296127
Vater,201,,12.861588689288489,63.86394303817713,,92.67931205501131,,18.965542814028794
Vater,203,,12.512584571290937,62.77848150965658,,100.68871972682282,,18.044443141257187
Verschieden,142,15.357703818673226,8.168162681917984,49.73094975917796,80.93848214667928,95.27717128516791,35.0342897557478,10.105804776695141
Verschieden,144,14.628663236029592,9.516134595903491,52.891062167644876,91.8047857111082,95.17915446864484,36.03113382003821,12.79266910563364
Verschieden,146,14.431037249453363,9.974070033711802,50.3183551203963,82.46774234069242,86.60591488613022,31.04889888424471,16.008910077538108
Verschieden,148,12.496730613811293,10.098039025179768,54.587083553467906,81.27817302061595,92.7833911531255,24.777180139708264,15.682630400847293
Verschieden,150,9.76981179729448,10.409266146663608,55.71758165661538,77.89246192565325,95.5449564725293,14.74559032759629,13.967323788146203
Verschieden,152,9.674654387852726,12.823490453539499,49.758643267030266,62.214571437686814,74.31558086536064,13.743483263888098,18.099344056611752
Verschieden,154,9.18638278166193,15.190405980814495,43.88780724254766,56.222540488961286,79.18958882454137,12.414210889159914,20.163519102459084
Verschieden,156,9.835153382803101,15.910581599468687,42.094103578786516,54.22111046027339,81.23466714098251,13.645629520112752,24.671775849408707
Verschieden,158,9.688879892513459,16.139671838665333,41.86819495569387,49.083981250237656,83.54257924901549,15.362818070307075,26.25950553621161
Verschieden,160,11.728258499705282,16.384432223448893,40.88444999094645,46.16727595832628,84.72807473528614,20.177940045768473,26.732028167905185
Verschieden,162,9.699725295234716,14.052398739579745,45.615515275730544,46.89297978716212,90.99817666534366,15.224429162892104,24.529405738727476
Verschieden,164,10.142048292955089,14.287622756076244,43.036185214885,41.947976904407696,78.05854720691326,15.297119210224208,26.827423502397252
Verschieden,166,11.104684268518117,13.126140026422444,46.58521471161909,45.842746118147495,86.65990789000352,19.5044532491454,21.6411221365435
Verschieden,168,11.96653828142017,10.95255647076361,47.6771173946641,54.36509098767724,89.69879857129543,25.241531678881458,15.020454772647286
Verschieden,170,14.266278516786654,10.668955633069633,47.39300531847212,56.04041483205764,86.84163578957481,30.926502151287444,12.264367664131907
Verschieden,172,14.82751621451551,11.096164304325294,46.7353335411411,63.30185166151593,78.17837556706556,32.51650762589806,14.324337634535986
Verschieden,174,13.1808300981344,11.726910585079255,46.804090688889644,70.98654458382967,76.70825308435916,31.019611089931242,15.074967313022249
Verschieden,176,13.551894021255306,11.761248923107178,48.311455933706114,76.55489998674823,71.50416642149794,27.47371319726186,15.068758422100231
Verschieden,178,11.543229443701978,12.740500441275245,49.4751840309888,72.7129383020298,71.55665855683534,20.90413198427923,16.68597270679237
Verschieden,180,10.557389821108234,13.512127132028677,45.58992800614472,71.52983033822979,73.75030229783549,16.13017154172463,20.753407272700464
Verschieden,182,12.246725550319582,16.018896302872044,44.92007135868755,67.03298501945123,75.56232830035866,19.12935416912652,21.392063381143128
Verschieden,184,11.626323643045925,15.44829099507782,40.91082903663657,55.57724304805288,67.50309544895264,19.137048428281478,22.302133659872396
Verschieden,186,12.730838540433895,15.540120910891456,40.15306386235108,49.667000203327476,72.35302435395897,20.950431480065767,24.69108156295585
Verschieden,188,12.170943703491135,14.707873761038613,44.332060607370025,47.649182778264894,87.64543306366514,20.513759709251424,24.502356600299336
Verschieden,190,10.952399671142194,14.109428105185243,44.090042912245444,44.02663234449532,82.15285791224969,15.462247916304639,25.06399041853737
Verschieden,192,10.756778278609268,13.711254967813359,42.0059313019171,37.040554411574206,79.88801338632965,16.8833226589533,24.806205371025918
Verschieden,194,14.058444904067068,11.522559654069985,40.758160846409424,40.198611232700294,74.87206684175469,25.886475553743747,14.571259270275881
Verschieden,196,13.091277744828925,10.792770676836076,43.92550812685015,46.944907474938134,81.28712434096882,30.324066048084486,13.521141624542201
Verschieden,198,14.240881758938011,10.451867115522312,42.71284354713946,53.22560061928218,74.00048223369379,34.39430576358226,14.629512779158787
Verschieden,200,13.91171283808543,10.489389631888734,46.32935464520706,67.51479136737822,85.85668542419086,34.136860949922884,13.689776583838817
Verschieden,202,19.5485407926821,11.498236927989884,45.96105829131191,67.22982708613348,76.15454019906932,30.319665138202826,15.778771221807188
Verschieden,204,12.211260759590441,11.687816071661928,45.02020776726093,73.0727595345036,66.2976424806087,24.378542814435544,15.180668979206136
Verschieden,206,11.224779659696997,12.738730956841577,42.816179001398005,61.41950312003135,62.21694324194801,20.228348127283038,19.15292079166791
Verschieden,208,11.22802359943394,13.33752385297897,47.03284445334393,71.2276451542285,90.78954455695053,18.954714620550785,21.01299725041089
Verschieden,210,10.654661518238527,14.647487226490586,45.1108190766503,63.82833872109782,84.07922951447723,16.145241937429986,22.26076311934843
Verschieden,212,10.846869043565825,16.94587397064038,45.69428899050758,65.13077088649828,80.46128678149236,16.75628720510396,26.505662314386385
Verschieden,214,10.836166575034252,15.903051257198253,49.779923018750765,63.94870412695301,76.95133321941914,16.60184597407958,25.07790334731875
Verschieden,216,10.367380467837314,16.227217829825463,43.47985674893989,52.734726919866205,78.06075979999576,16.43096127369193,25.828391967969832
Verschieden,218,11.734320916601513,14.803940238670354,40.992912020311955,51.926566568174586,79.37713328919497,18.162756905300412,25.843562846107208
Verschieden,220,11.305179325984339,15.386964706991858,40.341736716241854,52.20486503919701,77.44668632499221,19.210729403145542,25.474017689348674
Verschieden,222,11.475034978480423,14.934611550505506,42.50947345623622,55.41633636124144,83.3878262841695,19.537211399122246,24.710443859122435
VorsichtPassAuf,147,7.139720309017488,11.516684749443495,64.27768898933216,63.87798238330993,69.94867230084841,12.002242954553804,26.664097033593734
VorsichtPassAuf,149,12.198517056722098,9.892938148893947,60.08121380597287,87.57587679258073,66.48187522723543,23.63161480736129,22.915688803314342
VorsichtPassAuf,151,11.17361778451863,9.102479950881662,52.35088018827455,86.16932447115894,65.13766737024575,19.68954740191771,17.864411662359675
VorsichtPassAuf,153,6.983940905152409,8.669461542088815,46.723106395573645,38.35808323605618,44.12271856825645,10.092564074696329,15.593187540785541
VorsichtPassAuf,155,10.817789696010369,9.382855960624434,45.870776545340554,68.01307858480412,37.09771992585533,18.699592715498934,14.564093438660876
VorsichtPassAuf,157,7.95758544004794,9.094419886169012,33.47968262902186,44.1391195278275,42.97794677432988,16.52577785063291,11.783726071433264
VorsichtPassAuf,159,7.724079422689655,9.888587849274298,35.56475699214834,66.8054610023588,43.67065360716752,11.913156063948911,11.725955343296521
VorsichtPassAuf,161,9.473062086002356,10.504372368342645,30.995998631270567,42.87979434000336,39.35829507438845,19.75822849604552,13.064163015288454
VorsichtPassAuf,163,8.286788674557826,10.71354762225047,33.47470384069388,47.955366761823726,53.15257189170488,11.799200049843128,13.00104443674554
VorsichtPassAuf,165,8.917722004139211,11.614706105606182,33.067593356080025,49.42153621125824,48.80992694993808,12.382550239604988,15.44417219723347
VorsichtPassAuf,167,8.853379080870264,11.584255307673276,32.92163219764638,51.23037329240993,49.66336042738202,14.14457969983774,15.63613049147666
VorsichtPassAuf,169,8.136480710152034,12.392423841256385,30.42723689694459,28.291933153458107,46.828686378077116,11.495755258892501,16.16370156041044
Waschen,131,14.740860346977898,13.299412400091695,57.89143457568488,60.68789077695302,80.06113573912337,28.00056765386469,23.692473352971632
Waschen,133,15.705182594176241,13.839154147500711,59.82911399653623,58.252860727285295,99.27641777779277,29.0043628393461,24.83177861814489
Waschen,135,15.922169147641181,13.928665776653418,63.80605648112696,59.68204730069949,95.973222374293,27.88822280010186,24.341741172101397
Waschen,137,17.89226773713017,12.269938764150751,68.82657900701084,58.20806281989716,96.69501958555425,29.85135802952031,22.32258063766214
Waschen,139,15.559782928619939,11.796284050129197,72.33149013788663,61.25852302618128,114.35892362223285,28.450908471871056,20.950978361726744
Waschen,141,19.228633912767112,11.852858792905039,71.21793773314049,64.27347796820172,103.5420736434498,28.715010023006517,22.30611122583858
Waschen,143,21.20799757108878,13.687865220673345,64.20310323371717,64.84887928289491,86.0534842583898,31.10574589386024,25.20103743124037
Waschen,145,20.37375425585624,14.79067221760346,63.544406344654384,60.86763217141422,82.42130861358791,28.509613056664747,26.613946131311742
Waschen,147,21.566252840674593,10.886854592988643,57.22242612892592,60.70914123300763,73.15963690381528,31.92362619205289,20.376893768117718
Waschen,149,20.817728674756097,12.754954870727506,57.82947463504409,57.521204958641526,79.37416708268766,29.467893957537644,20.309653792256196
Waschen,151,20.744891437769326,13.621816303890343,66.02154268490347,61.224531135571986,98.85851900833525,30.362832115373926,26.518574109726128
Waschen,153,20.78855729455116,13.86333905984217,65.99408610972766,59.72221330941606,115.38645651687031,30.095942388779648,24.881256821410915
Waschen,155,20.982185417780943,13.328374408726882,61.15150313777742,60.09484816042334,97.96781471792745,28.541476184044996,21.618818872362073
Waschen,157,20.952322246266128,13.944364449212717,62.31113409653384,60.01238400085653,91.51120038269548,31.182589792746928,23.899518309450883
Waschen,159,20.156097859072812,12.733312840398586,70.1407090822136,59.49698080843528,98.92299224598818,27.272307114373874,21.120734475339827
Waschen,161,20.64155909141345,14.112490636275627,63.105581919012884,58.516218399537195,82.59343803041192,27.74777343763405,23.472183166453778
Waschen,163,20.39115514840026,13.503660634716217,59.59989773356724,58.65826793375208,87.14899997469023,28.92447970751878,23.941995171767395
Waschen,165,20.322829161455875,13.247963214290618,62.493989104575775,61.07389678089937,98.91146326337714,29.34799798466621,22.120839689737302
Waschen,167,20.767990158785434,13.249688560817722,61.31773543368515,59.15113543530406,105.8852222863444,28.548479693812542,21.73017714834919
Waschen,169,20.670737662831925,12.526214645544686,59.43928959409566,59.17164758383686,98.91778776390623,28.324070158812344,20.073116436913416
Waschen,171,20.86246611047469,13.34172290479358,57.72754693720946,60.824691838035,93.02974048645054,30.30258842050023,23.486158380319683
Waschen,173,20.580133160865024,13.973762021490938,59.35852517804288,58.32791047683182,95.44874772596086,29.706529855764426,24.0735334648585
Waschen,175,20.337826825760676,13.740897627233583,59.87003684624354,57.6073530172091,96.41017671052124,30.021331644365272,24.00345501712107
Waschen,177,20.44864460878341,12.972509592048553,59.66876733999678,58.531561214475715,85.63693025678496,29.651016598219034,23.577058696930095
Waschen,179,19.959812873427598,13.089516305634335,62.09795607916593,58.93973809174864,99.13770965561584,29.782243006685167,22.992061911979544
Waschen,181,20.739213034969474,12.546277008718096,61.1293125353541,57.8185785900917,97.89516611317192,30.50806191100219,22.88656535500068
Waschen,183,20.228265819173732,12.578771957386593,63.17768350777793,57.950607039466384,98.27649482113294,30.66006850741514,22.277187876840042
Waschen,185,20.682358477737385,12.411383948179859,60.396379000808224,59.04708675929428,85.40803311658964,29.35045657811746,23.18145336060718
Waschen,187,20.407664749649488,12.602333362992727,62.0413391495752,61.67391870386968,96.25671157067907,29.137286345461355,23.23531061105292
Widerspruch,134,13.757070038526177,12.36608096916823,57.42777498977299,62.95315386601154,62.06288550880931,28.1166607262929,20.79254953921699
Widerspruch,136,14.84425581441189,11.386595716652824,60.906605468166674,53.74094567324948,63.96310884256466,34.85734286607701,18.302450767432642
Widerspruch,138,14.103724971169857,10.276796520913058,58.90179502711151,56.2518964379632,72.10375721662675,30.1342026916684,11.223543027564935
Widerspruch,140,14.934451016108854,9.086158104731025,63.14335483083339,41.444748911295875,89.98931573101886,32.59397452749559,12.731177866967686
Widerspruch,142,16.95961257704234,9.063713468481648,78.96716891238732,49.998796085994385,97.95872169141211,39.36536089907204,10.176139017305838
Widerspruch,144,16.681959038167584,10.976770499543,54.65207357486882,48.17018531004441,84.92953864221646,39.997627764342774,12.201731494613586
Widerspruch,146,17.02266831642379,10.66826950522573,54.30125301638344,54.40096693300077,84.63699040954738,41.88799276632926,11.872125113395755
Widerspruch,148,16.228374752363216,9.545489770458857,52.47090621979677,40.61651551811641,80.08309577092862,41.085125057369254,12.327615563830793
Widerspruch,150,17.375287927986097,10.254018726382,54.60906295269717,43.903066213168216,90.8858884503667,41.174321182323666,13.291591910959582
Widerspruch,152,16.029352770375084,11.067246174144275,53.836199582019056,42.99762670281305,99.72952394298535,39.063662947989116,13.367894267148781
Widerspruch,154,15.915876888340723,11.30274022110936,58.20907336347407,38.48326006435884,110.80264203846971,40.80466455186275,14.17093882066019
Widerspruch,156,17.35461540413538,11.401749523220992,57.90370557651602,54.47865204063813,113.16283606898088,42.46420477961344,14.219811570884307
Widerspruch,158,15.995232266351827,10.166176990207429,50.51640492072602,38.65163583254366,99.1411223389163,40.70318909927428,13.519842726290468
Widerspruch,160,16.602022055203545,9.5917622691518,51.79981756341477,44.050706689406915,100.5837914343719,40.064350123537416,13.081613933436456
Ziel,126,13.691658701953465,15.825766608800473,59.254398589272206,122.3740446907394,117.14420851872018,18.430685321538185,27.904749865782755
Ziel,128,14.317805763360784,15.272409901066391,52.19576913381581,97.00335786723322,104.81330739795244,20.543968575390505,26.499207930419754
Ziel,130,14.621920964040664,14.31073726359568,54.799070042941544,99.67784110130859,114.42435728925865,18.427777303336555,24.972985814352143
Ziel,132,13.369962463317567,13.79210493797776,54.11213751821129,94.96909545560722,102.70292638504051,16.439409173948317,23.631689219699673
Ziel,134,13.560110463176565,13.894670927816932,53.31622135909808,91.00474604690451,100.66924905179417,15.396970853544744,25.83610421302816
Ziel,136,12.959604967026948,12.650540946704066,55.08092895618374,95.60404523235172,86.86679613952647,14.928958561688207,24.275680764339356
Ziel,138,12.891499984842284,12.519139761350699,54.32745003071664,93.17247573016041,73.7787953228797,15.425368566771178,22.403667947562454
Ziel,140,13.269893353177999,12.363962570251868,54.24604692664947,88.01362424756006,63.6279204446575,17.809702024424027,22.151693221311373
Ziel,142,13.804766678271728,12.18834367320028,49.40088929067446,78.64904871542498,58.45904103670135,15.770877738995944,21.87018154505558
Ziel,144,13.715657690638698,11.875543638501322,51.05569647029347,97.74916467893736,57.98999302796787,15.497493305822767,17.930440678116632
Ziel,146,13.174178686322275,12.083824386750026,53.317715598165385,99.08556248815164,58.875372681407335,16.75925856010916,19.51218665014485
Ziel,148,13.177708885004895,11.628867121845785,50.633480961055746,91.25460697563562,60.401349591794116,19.79435007927057,15.611866042880155
Ziel,150,13.117325053699123,12.266907112888632,48.403799974430676,95.70788199107885,64.32911462329412,17.098989047111726,17.200613891799573
Ziel,152,13.13633952668139,12.408905995105382,49.77712748706487,90.07058158416847,60.528404710062205,15.701636826707894,17.884145710190058
Ziel,154,13.315930371804782,12.968579063365697,51.620269942606626,88.51401506560481,66.19640821353791,15.076910560789809,16.70143578331657
Ziel,156,13.240069975365765,13.066349604608437,46.521646585579134,77.39340427648325,61.417376366620125,16.774673297666205,17.939992893912176
Ziel,158,13.828009338463074,13.013479404184622,45.214347139714036,78.37398950452395,67.69715165307198,14.331163828330238,16.06815507487113
Ziel,160,13.551079120438027,12.921949754788066,46.83192684490848,76.3246307474085,62.984216782716274,15.096637477221178,17.256342408181986
Ziel,162,13.532248523248835,12.816904337892133,49.12114699086461,78.01534047251678,66.76721928178816,15.675903124359573,17.687770841288092
Ziel,164,14.049797130521092,12.481197034355047,47.854846400648654,84.43111249427764,65.2051515104875,17.18436562121282,17.097745705870988
Ziel,166,14.189958833708125,12.223417679747024,49.399586003590315,82.81497174681913,64.5457448080174,15.448796720816322,16.611341581365544
Ziel,168,13.92355576332484,12.227722050292993,51.269537301513246,83.98287430955047,67.20887932589078,16.59757180377783,17.669023910613934
Ziel,170,13.931908804922264,12.090228036728094,51.13005607165722,98.1451789398034,64.28565943579096,18.199260629615367,17.022154086578656
Ziel,172,14.040814971948441,12.021765433167857,51.992890537527195,91.81819213550364,66.02961682323881,16.64974178623911,17.70970625361851
Ziel,174,13.693873638295766,11.98859438304743,46.38678273437809,99.07906522619568,63.14054996734353,15.526560797989639,17.13130382701165
Ziel,176,13.841357449967864,11.977325314301263,46.27479259288404,78.6049778076046,62.359935399619324,15.607965747787448,17.45399191987848
Ziel,178,13.539876716664201,12.106700255433289,48.15135052708582,78.79647158180144,65.13982033251065,16.305874149537832,18.288875990024916
Ziel,180,13.685548441865036,11.851566441019575,47.8065061440334,92.5011288547862,63.237294016353516,15.01991319966051,15.733527945784926
Ziel,182,13.72800982581707,12.149895515341374,47.680166133387466,81.115658306794,63.66041193452719,15.938513617367429,17.679881151213028
Ziel,184,13.760484355867868,12.05530046614692,48.596592543393044,77.28362689774181,63.184228508358835,15.9605500607153,17.36928597977297
reparieren,119,14.14760704028392,9.482197204976718,53.10641187744802,49.08003149585495,74.08504558143457,25.602181214376245,11.602159881047493
reparieren,121,14.444909563130402,9.72227913771188,45.945996922915604,40.05614495510306,58.70046482390168,25.046405770707942,11.874797329901638
reparieren,123,14.13058441127697,9.114081792142153,49.428192044129915,37.36566354794781,64.82383479697768,23.053664975222276,11.112804383416496
reparieren,125,12.962413789731906,9.622032518953212,47.12913123012642,34.43901668097844,66.97584905083762,20.14852624790809,11.58510760183758
reparieren,127,13.431285544312432,10.351016040335322,47.01291138704282,34.804519454373626,86.19374640562822,21.82330240037518,11.995609408060725
reparieren,129,12.985043603114045,9.605378070641782,44.23040233291941,43.72549991138047,80.78961412201876,20.71711507710323,10.88999205116316
reparieren,131,13.541722629342313,10.368091270850286,59.723539288140636,51.67660051052389,99.31630007837528,24.03576765487354,11.99662684374878
reparieren,133,13.886635926458343,10.38284000854403,57.588803098912216,42.77681543914617,102.40671033385803,25.39668683283466,12.953019990763778
reparieren,135,14.209387263902427,9.927317214922677,64.18251053409378,46.4899090136807,97.1906737265147,24.838470895283493,12.949057658413082
reparieren,137,15.12288281493896,10.039256207488092,70.76740654511806,60.82588489071589,99.48167227015675,31.222314575492575,14.174841289386565
reparieren,139,14.354238749832861,8.752171240834805,60.32341553404931,39.343973437934245,80.1593422781952,23.63419013470888,12.150576731733127
reparieren,141,14.14568716387801,8.888054371999296,52.0169090617842,37.076702140061016,83.52896078605225,24.678646367318063,13.761639652880927
reparieren,143,14.553588324292148,10.996392283845665,49.410919537941,37.576167857229805,83.88254922205911,23.212999391748674,12.90528467308266
reparieren,145,13.635165542165263,10.167109325183977,48.58599714544666,34.506100656377136,78.01115504387096,22.463297325491094,11.8783705508465
reparieren,147,13.693376647478594,9.851886993531606,48.325610139438,33.459092008465596,79.76219557697031,22.399823770615875,11.4039019308662
reparieren,149,14.441631610516238,10.59731384061252,50.352398269733186,40.9673396113508,81.72346944373747,23.489415917319732,12.669179765454507
reparieren,151,14.175674242297413,10.421529137169017,58.25493559207303,45.84012559903583,99.4333693717257,25.532885278167228,12.807094424181338
reparieren,153,13.936357845973056,10.07929764787982,58.71680415369155,43.37478881194648,86.25950530431528,24.735676242764004,13.065420125622968
reparieren,155,14.083916000467667,10.087999497864837,53.68760970176102,41.630347832358616,76.63461422299626,24.340485867406503,13.05389900866848
reparieren,157,16.849118838808636,9.921214563498433,49.920390364661756,40.6471367837206,69.97141402277937,31.178720682449054,12.466629356583685
reparieren,159,14.533209116547,9.75411162044934,48.77168003032436,39.184167463838165,69.64072980966063,23.217406691386966,12.131700510408896
reparieren,161,14.09832107392162,11.54574673595483,52.18164818781167,32.58219748170817,80.93586470370458,23.092744073351454,13.990111171019011
