clip_id,frame_id,method,one_handed_class_0,tr_all_mm,tr_left_hand_mm,tr_right_hand_mm,tr_upper_body_minus_face_mm,tr_upper_body_minus_head_mm,tr_upper_body_mm,v2v_left_wrist_mm,v2v_right_wrist_mm
Ablehnen,177,SIGNAL4D_v5,False,42.40228131995105,9.543394612333019,8.006334952243106,30.148292242658513,50.279420040946874,25.37987169015918,9.543394612333019,8.006334952243106
Ablehnen,179,SIGNAL4D_v5,False,39.62193529616154,11.873232205705243,8.052811688099055,32.57720458811948,51.47572286379417,27.693505074310913,11.873232205705243,8.052811688099055
Ablehnen,181,SIGNAL4D_v5,False,43.86668892490632,10.49734548030246,8.430075298187951,36.073269066882425,60.57232603866034,30.122985198917434,10.49734548030246,8.430075298187951
Ablehnen,183,SIGNAL4D_v5,False,41.932602443093,12.01463357441709,8.076930286968052,33.19761084675626,52.680362669681536,28.093072441371945,12.014633574417088,8.076930286968052
Ablehnen,185,SIGNAL4D_v5,False,44.01707125117898,10.529458451306615,8.390033795513329,36.385816422303904,59.836132660797645,30.51501048193622,10.529458451306615,8.390033795513329
Ablehnen,187,SIGNAL4D_v5,False,41.83640467734096,11.219942508796374,8.804831958609329,37.673282089684655,59.38512246723757,31.878528018654684,11.219942508796374,8.804831958609329
Ablehnen,189,SIGNAL4D_v5,False,43.26679944158103,10.4354582941086,8.624127571460367,35.88455568039833,59.413165285191596,30.107476592501158,10.435458294108598,8.624127571460367
Ablehnen,191,SIGNAL4D_v5,False,43.865977729692425,9.833282014088805,11.607188760814003,39.22970838663569,63.54869014322909,33.14352687406617,9.833282014088805,11.607188760814003
Ablehnen,193,SIGNAL4D_v5,False,47.00862064455182,9.59740717361243,11.93453617315665,39.816664190397795,63.55923155125283,33.86953343176,9.59740717361243,11.93453617315665
Ablehnen,195,SIGNAL4D_v5,False,42.746735155324885,10.953709051719835,12.362394002929918,35.54436593542766,56.91599005807172,30.116560421917715,10.953709051719835,12.362394002929918
Ablehnen,197,SIGNAL4D_v5,False,48.65351763503386,11.155054886397643,13.433032262699886,39.70711537467538,64.95931394996639,33.54790403125553,11.155054886397643,13.433032262699886
Ablehnen,199,SIGNAL4D_v5,False,42.37660927640808,11.323769650926483,12.510906187713278,37.61245233186423,59.967675291708495,31.817755574848338,11.323769650926483,12.510906187713278
Ablehnen,201,SIGNAL4D_v5,False,42.18990938427139,11.75953576423918,12.288310055895618,35.78450990775886,54.231455641626134,30.544409555726187,11.75953576423918,12.288310055895616
Ablehnen,203,SIGNAL4D_v5,False,39.587609469597766,13.255831414530252,12.579649593840303,34.94350347313569,49.2437918716975,30.32800959500093,13.255831414530252,12.579649593840303
Ablehnen,205,SIGNAL4D_v5,False,40.18394478708978,15.28268096828607,16.56279302215497,38.409340074714585,50.566635664735514,33.71392711356107,15.28268096828607,16.56279302215497
Ablehnen,207,SIGNAL4D_v5,False,48.32445797915531,18.06395354237887,24.344799287431005,48.90018777876171,60.914069252246236,43.45601270128528,18.06395354237887,24.344799287431005
Akzeptieren,186,SIGNAL4D_v5,False,37.98944232178503,7.0247263587756255,6.70788569974848,20.75161379473978,30.51191225707209,17.82415995659349,7.0247263587756255,6.707885699748481
Akzeptieren,188,SIGNAL4D_v5,False,37.0674533113298,7.237090791732243,7.424608363176054,24.248023849167847,35.30426353045442,21.222259464350813,7.237090791732243,7.424608363176053
Akzeptieren,190,SIGNAL4D_v5,False,41.842108765439946,8.458288570232337,7.143176615186478,26.001914043505,40.00737280133157,22.329597020828587,8.458288570232337,7.1431766151864755
Akzeptieren,192,SIGNAL4D_v5,False,40.72461188959591,7.612328200325919,6.319271368258512,30.73298502884678,43.67298219167065,26.769277159651974,7.612328200325919,6.319271368258512
Akzeptieren,194,SIGNAL4D_v5,False,39.0142248061273,7.098981262622159,8.462871468559879,30.927832478872837,43.93289137236888,27.01828124472691,7.098981262622159,8.462871468559879
Akzeptieren,196,SIGNAL4D_v5,False,38.36672943259569,7.748416822729217,10.122745707817407,32.81128576887749,46.863071216282705,28.430520633247937,7.748416822729217,10.122745707817407
Akzeptieren,198,SIGNAL4D_v5,False,50.30449894063869,11.067115756515909,12.35981181955041,49.477128208438366,56.37998464192624,44.521658728131875,11.067115756515909,12.359811819550412
Akzeptieren,200,SIGNAL4D_v5,False,57.28817820947254,12.441679114309297,13.167106318922121,58.64869654745108,63.16208003935632,53.02941958784757,12.441679114309297,13.167106318922121
Arzt,208,SIGNAL4D_v5,False,50.39513240002953,11.2440326126602,6.924892267690941,23.82033625472116,33.16508882178384,20.98126638834298,11.2440326126602,6.924892267690941
Arzt,210,SIGNAL4D_v5,False,47.18731390915374,13.366504231578292,7.970877745082213,22.45156051993228,31.99670147602983,19.857731401961445,13.366504231578292,7.970877745082214
Arzt,212,SIGNAL4D_v5,False,50.81644618643745,10.611612556033164,7.9517851160575885,27.04998062535114,34.90380274759428,24.100077838415043,10.61161255603316,7.9517851160575885
Arzt,214,SIGNAL4D_v5,False,43.36104185092533,13.185834896762726,7.628766033908553,21.929981387314275,32.25247091983504,19.26545940115393,13.185834896762726,7.628766033908552
Arzt,216,SIGNAL4D_v5,False,45.59797110519777,10.368975398189002,6.797926567849037,25.46712782740173,36.71382483500773,22.395825100239662,10.368975398189006,6.797926567849035
Arzt,218,SIGNAL4D_v5,False,43.13928453828211,12.296430985949199,7.0437466093216345,23.787938283994226,33.72115148167123,21.132469037127322,12.296430985949199,7.0437466093216345
Arzt,220,SIGNAL4D_v5,False,46.2501719219826,12.752390128159815,7.003247394554038,23.95482406301199,34.24405432519301,21.358560910353727,12.752390128159815,7.003247394554038
Arzt,222,SIGNAL4D_v5,False,45.12839759630282,12.506162232051489,7.375908545357689,23.604765930192844,33.930462352811375,20.981461654138187,12.506162232051489,7.3759085453576905
Arzt,224,SIGNAL4D_v5,False,48.40178187418518,9.922870614745127,6.737000731790544,26.20671507480148,36.83068500987055,23.181922231172983,9.922870614745126,6.737000731790544
Arzt,226,SIGNAL4D_v5,False,43.81620785637578,10.852545441777679,7.6677661379914435,24.20092699960504,33.87108364534306,21.384409585645827,10.852545441777679,7.667766137991442
Arzt,228,SIGNAL4D_v5,False,41.77877137322847,13.450570908030171,6.745319637786499,21.343159218802743,32.72152890303253,18.651660190349883,13.450570908030173,6.745319637786499
Arzt,230,SIGNAL4D_v5,False,40.67686303964702,12.616791643456445,5.958532735803471,22.07211523473242,33.73508140494527,19.471210688166007,12.616791643456448,5.958532735803471
Arzt,232,SIGNAL4D_v5,False,38.036319095353946,12.868902352890137,6.919452364463763,25.27439807226449,36.60539865784954,22.314650610384763,12.868902352890139,6.919452364463762
Arzt,234,SIGNAL4D_v5,False,39.21384088443668,11.700810404618931,8.584592874618975,24.50440731365521,37.15307850756495,21.98565158108608,11.700810404618931,8.584592874618975
Arzt,236,SIGNAL4D_v5,False,40.73906246413412,13.027561969844138,10.632962098078915,26.55192392529344,36.89773221338134,23.84778787881657,13.027561969844138,10.632962098078915
Arzt,238,SIGNAL4D_v5,False,37.8891563477037,16.814863454388792,12.13481559244283,32.844223223171184,41.24678466888159,29.339806729803694,16.814863454388792,12.13481559244283
Arzt,240,SIGNAL4D_v5,False,41.319219130633186,25.787673404753196,12.641814278435914,39.46885942579979,55.545714808833246,34.451455871280366,25.78767340475319,12.641814278435914
Arzt,242,SIGNAL4D_v5,False,43.37084270959506,28.821137259727283,13.425242648643875,44.295128201227875,61.14080939380296,38.77636589804537,28.82113725972728,13.425242648643875
Arzt,244,SIGNAL4D_v5,False,43.671500682655775,21.718949659181394,13.649459560218427,44.4182183397105,57.0895089380085,39.576863720000084,21.718949659181394,13.649459560218427
Arzt,246,SIGNAL4D_v5,False,49.97077360553545,14.014940223531289,25.081302421353556,47.34376442058012,36.91496911808363,44.83360190543704,14.014940223531289,25.081302421353556
Arzt,248,SIGNAL4D_v5,False,47.13177773951607,14.322066426832228,10.797949445516595,44.6345460293335,37.89012755152985,42.23399441936701,14.322066426832228,10.797949445516595
AufgebenResignieren,190,SIGNAL4D_v5,False,41.37498814445325,8.742714688763233,10.787218008629328,25.622075276024308,36.4952388134701,22.172470604996487,8.742714688763233,10.78721800862933
AufgebenResignieren,192,SIGNAL4D_v5,False,43.59617353347524,7.1405731465208895,9.22530607395782,29.881423768827148,41.99160738075858,25.962068893563824,7.1405731465208895,9.225306073957821
AufgebenResignieren,194,SIGNAL4D_v5,False,42.3951946570476,7.557529255500912,8.327228220243608,29.06362187547635,41.31605317264812,25.198263968755253,7.557529255500912,8.32722822024361
AufgebenResignieren,196,SIGNAL4D_v5,False,41.762486126447676,6.930149056339522,8.17362875915285,26.870856913960015,39.92308482841074,23.096885444962183,6.930149056339522,8.17362875915285
AufgebenResignieren,198,SIGNAL4D_v5,False,42.34344043456264,8.186362905325112,7.28013011075655,26.111900049014153,37.915931456652764,22.514294040783824,8.186362905325112,7.28013011075655
AufgebenResignieren,200,SIGNAL4D_v5,False,40.97182013038294,8.775036529944122,7.039761323509513,30.91019998547792,40.36862034541451,27.087003644986297,8.775036529944122,7.039761323509513
AufgebenResignieren,202,SIGNAL4D_v5,False,39.30430770197743,9.783616725196259,7.411048452638946,32.46475085872206,39.921377293583106,28.820542607493227,9.783616725196259,7.411048452638946
AufgebenResignieren,204,SIGNAL4D_v5,False,40.213194699987945,7.361337029175377,6.314940098354231,29.24540902336077,43.76608061275961,25.118150462116787,7.361337029175377,6.314940098354231
AufgebenResignieren,206,SIGNAL4D_v5,False,41.25843586067631,8.519743897090974,6.7894989071350755,27.3798085360509,45.412625311104286,23.039233172544463,8.519743897090972,6.7894989071350755
AufgebenResignieren,208,SIGNAL4D_v5,False,39.87959509802393,9.659045537086893,7.350261154071902,30.95783468029486,48.50770554789527,26.31874119430372,9.659045537086893,7.350261154071902
AufgebenResignieren,210,SIGNAL4D_v5,False,44.06344885978816,9.936863466375057,8.913034576919154,41.98725616560378,59.96913073471938,36.38920619166598,9.936863466375057,8.913034576919154
AufgebenResignieren,212,SIGNAL4D_v5,False,54.73697883937756,14.31658974631263,13.33174100489379,56.06428262540397,59.43647011054047,50.73835435144977,14.31658974631263,13.33174100489379
AusgebenGeldVerschwenden,158,SIGNAL4D_v5,False,42.66855608006353,8.167895592430858,11.824613824986882,28.85108647958869,46.028012160998735,24.580701184591604,8.167895592430858,11.824613824986882
AusgebenGeldVerschwenden,160,SIGNAL4D_v5,False,39.59994365980644,8.9315713680177,12.322862123037085,25.76845142382448,40.392596963638994,22.001624807474315,8.9315713680177,12.322862123037083
AusgebenGeldVerschwenden,162,SIGNAL4D_v5,False,36.75814188468146,8.833173873256472,12.361114245713681,24.154366513620694,36.47399588308583,20.87592130619609,8.833173873256472,12.361114245713685
AusgebenGeldVerschwenden,164,SIGNAL4D_v5,False,40.458601954717096,8.360385183883192,13.090391591449544,27.83024890485063,44.45349868638494,23.61093148951062,8.360385183883192,13.090391591449544
AusgebenGeldVerschwenden,166,SIGNAL4D_v5,False,37.1793126263345,9.023883822052365,13.422782566968104,28.94356949164208,42.962148516479544,24.737404666345956,9.023883822052365,13.422782566968104
AusgebenGeldVerschwenden,168,SIGNAL4D_v5,False,40.51246539134953,8.7458256643976,14.11383783562801,27.480988744209828,41.07577638623921,23.86659020822173,8.7458256643976,14.11383783562801
AusgebenGeldVerschwenden,170,SIGNAL4D_v5,False,41.11906062716364,9.407115974122002,14.446332681917353,28.571112414428807,42.0210378584272,24.733667545772196,9.407115974122002,14.446332681917353
Auto,174,SIGNAL4D_v5,False,38.81412703789128,12.187740664673449,13.865277100140856,23.166342725053923,34.48737068629233,20.7674167356597,12.187740664673449,13.865277100140856
Auto,176,SIGNAL4D_v5,False,39.78124747938315,12.067023478497564,13.689452798489526,24.042091191861225,35.27800847337086,21.621161522663396,12.067023478497564,13.689452798489526
Auto,178,SIGNAL4D_v5,False,37.714874580083375,11.39523717937609,12.506127099477585,26.340044431217798,37.36862470034536,23.30941118710291,11.39523717937609,12.506127099477585
Auto,180,SIGNAL4D_v5,False,34.9968614575772,12.11667798800091,13.531994143456595,23.268409693803033,34.8824129740733,20.326366722570917,12.11667798800091,13.531994143456595
Auto,182,SIGNAL4D_v5,False,34.508175557924716,11.707770757939558,13.759675046933188,22.72279593623607,33.01106083728911,20.138255622254885,11.707770757939558,13.759675046933188
Auto,184,SIGNAL4D_v5,False,38.60634717007573,11.17027680642722,14.196106000894563,23.02061176797151,33.682599791632214,20.45553686037479,11.17027680642722,14.196106000894563
Auto,186,SIGNAL4D_v5,False,39.0685703065727,11.993209013831764,14.083413837075886,22.14127038405666,32.75072656825004,19.866063612563263,11.993209013831763,14.083413837075886
Auto,188,SIGNAL4D_v5,False,36.03178112253742,11.395869204345484,13.65351511892689,22.262670507092,32.285297066154925,19.485545340578007,11.395869204345484,13.65351511892689
Auto,190,SIGNAL4D_v5,False,35.64077018372066,10.737741904208717,11.906792981757912,22.532098480041675,30.025985922389044,19.96854478401348,10.737741904208717,11.906792981757913
Auto,192,SIGNAL4D_v5,False,35.92689714306736,10.15522188682087,8.285025752164348,21.37456484822736,30.011805209186544,19.08190915452708,10.15522188682087,8.285025752164346
Auto,194,SIGNAL4D_v5,False,33.928895725385146,9.279301488983663,6.337018892271916,21.397966573151677,27.03925823997936,19.002179230874276,9.279301488983663,6.337018892271919
Auto,196,SIGNAL4D_v5,False,33.09799437115507,8.734858589396419,7.253528517912676,22.931184644369658,29.033086331814623,20.485910106749223,8.734858589396417,7.253528517912676
Auto,198,SIGNAL4D_v5,False,44.228876503180395,7.686364167916128,7.468341790766606,41.46222248674574,44.554983768136765,37.87989220234005,7.686364167916131,7.468341790766606
Auto,200,SIGNAL4D_v5,False,52.12713478347759,9.322981995439068,9.577137476176398,49.97582360270292,54.275024060262346,45.36762320389218,9.322981995439067,9.577137476176398
Auto,202,SIGNAL4D_v5,False,54.37019453022038,16.09117985928329,12.65956230969698,52.96868747152934,56.590526177606584,47.83417315229216,16.091179859283287,12.659562309696982
BesuchenEinmischen,210,SIGNAL4D_v5,False,32.25000185528354,17.954867841008994,15.519812936649805,23.192863023878118,32.17424212811653,20.78206700445041,17.954867841008994,15.519812936649803
BesuchenEinmischen,212,SIGNAL4D_v5,False,31.33160613283091,12.988080642820888,15.54787552380946,22.997566202288922,33.00270992714515,20.64250694686097,12.988080642820888,15.547875523809457
BesuchenEinmischen,214,SIGNAL4D_v5,False,32.48501434006145,12.798287074376946,14.89476422865428,22.389548242337344,33.62808276080509,20.29769048411511,12.798287074376947,14.894764228654278
BesuchenEinmischen,216,SIGNAL4D_v5,False,33.16855817484992,16.19142262712264,14.208842607075946,21.835711011749215,31.94922420942743,19.886043620792716,16.19142262712264,14.208842607075946
BesuchenEinmischen,218,SIGNAL4D_v5,False,33.12207963162151,18.344803905935056,13.16802756869891,24.99582455839753,34.609336462657495,22.359854870809237,18.344803905935056,13.16802756869891
BesuchenEinmischen,220,SIGNAL4D_v5,False,32.785153701161,11.49373514857372,12.051171152843697,22.51708055801163,34.260520947442714,20.170001449779075,11.493735148573718,12.051171152843695
BesuchenEinmischen,222,SIGNAL4D_v5,False,34.18397725385883,16.846641562365996,12.236541109829991,25.33948079297643,34.54347479345598,22.605609619691826,16.846641562365996,12.236541109829988
BesuchenEinmischen,224,SIGNAL4D_v5,False,32.41255809343955,13.04889139156869,12.460001838516737,20.927210697194017,31.764933744952316,18.712952521856664,13.048891391568686,12.460001838516737
BesuchenEinmischen,226,SIGNAL4D_v5,False,34.10593522952326,18.503796178967185,12.035438903430087,24.02725310721003,34.03081985103236,21.443716200301154,18.503796178967193,12.035438903430087
BesuchenEinmischen,228,SIGNAL4D_v5,False,32.93568835426002,18.229303253208094,10.421511584922941,21.872809070995118,31.307434896179544,19.47369891576981,18.229303253208094,10.42151158492294
BesuchenEinmischen,230,SIGNAL4D_v5,False,34.7302492544384,22.100745131610886,10.722491117457565,25.417371181553573,33.633441974812875,22.71885998141411,22.100745131610882,10.722491117457565
BesuchenEinmischen,232,SIGNAL4D_v5,False,33.76169832633304,17.80083931853969,10.00191129622738,22.179719434691503,32.32269684221008,19.658369808341295,17.80083931853969,10.00191129622738
BesuchenEinmischen,234,SIGNAL4D_v5,False,32.885948494692464,20.305049967084535,9.913097622612772,25.715651867866423,34.63315815605291,23.080560634780962,20.305049967084535,9.913097622612772
BesuchenEinmischen,236,SIGNAL4D_v5,False,33.69674937095967,15.693406145886248,9.00777574628534,22.639460991056104,31.99319933531873,20.35165532167662,15.693406145886248,9.00777574628534
BesuchenEinmischen,238,SIGNAL4D_v5,False,43.13570546989321,30.163305909986942,11.352460025609112,41.61238607400743,46.94513804049489,37.54588749482623,30.163305909986946,11.35246002560911
BesuchenEinmischen,240,SIGNAL4D_v5,False,41.91012577552605,31.519353709973593,11.801857128126269,39.7625234411913,47.22722270757677,35.78670589398674,31.519353709973593,11.801857128126269
BesuchenEinmischen,242,SIGNAL4D_v5,False,44.6079439569188,33.721890040077064,12.516045395235613,43.78853028562823,44.499002244978264,40.59791435212208,33.721890040077064,12.516045395235615
Blitz,179,SIGNAL4D_v5,True,42.027623086183006,,15.512660273548255,37.05199336589384,53.393601051425435,31.771749505695155,,15.512660273548255
Blitz,181,SIGNAL4D_v5,True,42.93440892255015,,15.581535859402416,40.94004820147543,57.40523521157759,35.28539844862676,,15.581535859402416
Blitz,183,SIGNAL4D_v5,True,44.8218853996285,,15.819797992365125,40.59053027567154,57.72608831566792,35.23669039665556,,15.819797992365121
Blitz,185,SIGNAL4D_v5,True,43.88708201194986,,16.1527245344846,42.94478584828453,59.30238401834257,37.183644842898545,,16.1527245344846
Blume,163,SIGNAL4D_v5,False,42.32786421486981,18.617441018461506,11.909082550763499,28.792990792732244,35.61293731647455,26.472827098871615,18.617441018461506,11.909082550763499
Blume,165,SIGNAL4D_v5,False,39.5402090331855,17.106603583477312,10.91456516774686,28.168327040032615,37.24326758786199,25.296387449819452,17.106603583477312,10.91456516774686
Blume,167,SIGNAL4D_v5,False,40.564651848984084,16.262882675277023,10.866266931705573,29.62003109060943,40.39877335447153,26.66975458491654,16.262882675277023,10.866266931705573
Blume,169,SIGNAL4D_v5,False,39.03842453595876,19.12235215578344,11.728170044691959,29.279469644989526,37.300409372439624,26.42225395129613,19.12235215578344,11.728170044691959
Blume,171,SIGNAL4D_v5,False,43.66586294295528,18.007375962501317,10.785535490491588,27.422450904069457,36.969969439863625,24.828459854891822,18.007375962501314,10.785535490491588
Blume,173,SIGNAL4D_v5,False,41.823636933487734,16.436916622612202,10.023467901539519,30.140825562766928,36.448609544137234,27.407433303928737,16.436916622612202,10.023467901539519
Blume,175,SIGNAL4D_v5,False,41.149469237040655,15.328926134472207,10.718539801251262,28.503598169255948,40.164608055675934,25.709659754840242,15.32892613447221,10.718539801251262
Blume,177,SIGNAL4D_v5,False,43.04751346530454,20.862241595463423,11.354771481314499,28.794726228891424,37.410322684843464,26.009886242110387,20.862241595463423,11.354771481314497
Blume,179,SIGNAL4D_v5,False,42.619412670722824,15.026761845910457,12.525750222082618,28.005126080121986,41.00160971325761,25.346687345382392,15.02676184591046,12.525750222082618
Blume,181,SIGNAL4D_v5,False,43.52211159329956,21.316285492394467,13.59766363632653,28.044984803039007,40.04979121094896,25.53435430235151,21.316285492394467,13.59766363632653
Blume,183,SIGNAL4D_v5,False,40.06016854019987,16.569721911939325,12.77985178624296,27.75400438639387,40.55125222143664,24.860622164648987,16.569721911939325,12.77985178624296
Blume,185,SIGNAL4D_v5,False,42.73672303207142,16.971060908953028,11.523632018128156,26.460003617146512,37.642015309744714,24.080009775729497,16.971060908953028,11.523632018128158
Blume,187,SIGNAL4D_v5,False,39.7407338417209,19.130796286154943,11.936528096398417,25.10807603488906,37.18322714470004,22.22834113696599,19.13079628615495,11.936528096398419
Blume,189,SIGNAL4D_v5,False,43.043074553310056,18.87947839107621,11.771839536632537,25.953515077031522,38.00153875635509,23.15810604197574,18.87947839107621,11.771839536632537
Blume,191,SIGNAL4D_v5,False,41.3543215725632,19.50569486740938,11.96401817615655,26.711392762195114,40.279242786592974,23.31170297064343,19.50569486740938,11.964018176156547
Blume,193,SIGNAL4D_v5,False,41.033005941568504,17.361676280707503,12.9338141804937,32.00462737901671,48.50498958664428,27.952010701571215,17.361676280707503,12.9338141804937
Blume,195,SIGNAL4D_v5,False,40.70470636808669,19.371490734023013,13.799610973152026,34.280266318789906,49.70681979907676,29.871587570586932,19.371490734023013,13.799610973152026
Blume,197,SIGNAL4D_v5,False,47.33683620027045,16.177292495050807,12.495822188911466,42.877126194420505,67.6862454375555,36.79785542194227,16.177292495050807,12.495822188911466
Boese,165,SIGNAL4D_v5,True,46.48328257830869,,17.537497478685832,36.540740748957276,51.86043202007125,32.04709083071449,,17.537497478685832
Boese,167,SIGNAL4D_v5,True,43.38222406440185,,17.559795380678413,35.357356985662015,52.714324367635214,30.675417709499666,,17.559795380678413
Boese,169,SIGNAL4D_v5,True,46.276565153539984,,17.972719993583304,37.038728199153695,54.964534153544776,32.35665501491064,,17.972719993583304
Boese,171,SIGNAL4D_v5,True,48.25171627868752,,17.63803516963826,38.209369684196844,54.80799972207105,33.428177633312444,,17.63803516963826
Boese,173,SIGNAL4D_v5,True,46.504176622582115,,15.852841445266352,35.16513081552208,53.514214625450975,30.47362517480139,,15.852841445266352
Boese,175,SIGNAL4D_v5,True,40.791713856267556,,14.058295812777704,31.853156740796585,48.587329599282356,27.488251780239253,,14.058295812777706
Boese,177,SIGNAL4D_v5,True,40.30411337041171,,17.5955199184457,31.655207206027388,47.97818804913356,27.196266399800862,,17.5955199184457
Boese,179,SIGNAL4D_v5,True,44.519123604487845,,22.233132526508474,32.10124513475169,47.697341407397076,28.214778882002715,,22.233132526508477
Boese,181,SIGNAL4D_v5,True,38.57843030705053,,24.988748633937576,28.610505443899605,44.6535410355885,24.80806934946812,,24.988748633937576
Boese,183,SIGNAL4D_v5,True,34.90298731310173,,28.366635230636046,27.963940539699085,42.29602841781732,24.355601773501014,,28.366635230636046
Boese,185,SIGNAL4D_v5,True,46.176185699975996,,27.609558772459742,41.953737193705976,63.28559537906781,36.2893092177309,,27.609558772459742
BroetchenAufschneiden,247,SIGNAL4D_v5,False,48.90162101293795,13.783372928251415,17.39859432372668,32.108455492265804,49.518449189028026,27.62871039283917,13.783372928251415,17.39859432372668
BroetchenAufschneiden,249,SIGNAL4D_v5,False,52.56279510152047,11.269151294120977,17.49212057946925,33.50787251597046,46.72958863018739,29.33060485887506,11.269151294120977,17.49212057946925
BroetchenAufschneiden,251,SIGNAL4D_v5,False,55.75691990005046,16.530301436949365,17.79803122353444,37.70900988998336,53.38104695353877,32.912672978126984,16.530301436949365,17.79803122353444
BroetchenAufschneiden,253,SIGNAL4D_v5,False,48.721317617077894,11.35228171588292,16.566941335068567,28.347279267013022,37.18636532097765,25.25504288365032,11.35228171588292,16.566941335068567
BroetchenAufschneiden,255,SIGNAL4D_v5,False,50.55583108279257,11.188494890372258,16.104985788375032,29.964890343647525,40.02897372314912,26.64395351181103,11.188494890372258,16.104985788375032
BroetchenAufschneiden,257,SIGNAL4D_v5,False,46.23974816993697,15.73425468050412,14.915199617098255,28.068245925623476,40.67294357937589,24.60994041372003,15.73425468050412,14.915199617098255
BroetchenAufschneiden,259,SIGNAL4D_v5,False,45.275314758861924,13.15060764578893,15.142812242781892,27.65876326217342,37.34834227278234,24.55644883086242,13.15060764578893,15.142812242781892
BroetchenAufschneiden,261,SIGNAL4D_v5,False,54.379905783012894,13.200425090618326,15.139135184267612,33.86733560802011,45.31564840223123,30.110110416624035,13.200425090618326,15.139135184267612
BroetchenAufschneiden,263,SIGNAL4D_v5,False,49.358951918643996,10.999354467444046,13.042082835498066,29.642633244379436,38.35742267311308,26.648159060479323,10.999354467444046,13.042082835498066
BroetchenAufschneiden,265,SIGNAL4D_v5,False,43.84078912860266,10.986033910552155,12.462620956264013,25.79586151723512,37.31676316194511,22.8479567803249,10.986033910552155,12.462620956264011
BroetchenAufschneiden,267,SIGNAL4D_v5,False,37.2510700294232,11.451606853834521,12.647430424629444,22.941703783562872,35.923481762660536,20.312718963556403,11.451606853834521,12.647430424629444
BroetchenAufschneiden,269,SIGNAL4D_v5,False,46.391036988309686,10.439723453786431,11.53791029025084,27.837071778186633,31.885044975360362,25.24566851241412,10.439723453786431,11.53791029025084
BroetchenAufschneiden,271,SIGNAL4D_v5,False,34.30275662855826,8.161074196434033,9.824380432436223,22.020992899230503,30.532285141094153,19.647715533539813,8.161074196434035,9.824380432436222
BroetchenAufschneiden,273,SIGNAL4D_v5,False,30.221188877213287,10.167844735309556,9.297177807883058,19.773177495231984,28.864944388362456,17.608504001591253,10.167844735309554,9.297177807883058
BroetchenAufschneiden,275,SIGNAL4D_v5,False,32.649224679696886,7.215363600153529,9.75832363535665,20.117516042476304,29.52609932460351,18.045800740152327,7.215363600153528,9.758323635356652
BroetchenAufschneiden,277,SIGNAL4D_v5,False,31.991619938650963,9.43924210446828,9.449758107425916,24.065160451827918,30.768439240832056,21.703458675353072,9.43924210446828,9.449758107425916
BroetchenAufschneiden,279,SIGNAL4D_v5,False,37.032615762441786,10.987028296160426,13.535965259686153,31.660770043581504,40.22823020556465,28.38434334589013,10.987028296160426,13.535965259686153
BroetchenAufschneiden,281,SIGNAL4D_v5,False,38.41727309172202,10.9276425943935,11.756241850861143,35.900898068625814,48.20753702875179,31.707937489003836,10.9276425943935,11.75624185086114
BroetchenAufschneiden,283,SIGNAL4D_v5,False,41.32658277145064,9.127267226993212,19.161450635805437,39.958168935026826,56.00045512016437,34.84669917048703,9.127267226993212,19.161450635805437
BroetchenAufschneiden,285,SIGNAL4D_v5,False,42.94124141656336,10.710860311477553,24.255669469764232,42.5443244761489,57.71376337081602,37.594587664850835,10.710860311477555,24.255669469764232
BroetchenAufschneiden,287,SIGNAL4D_v5,False,41.36874100597976,15.770280496049047,14.756067682606522,39.44094910849202,52.01557760688085,35.28977048766384,15.770280496049047,14.756067682606522
BroetchenAufschneiden,289,SIGNAL4D_v5,False,46.20684447096742,11.374564560996511,35.239491141202336,44.450028616174734,58.199385166887105,39.34179127539476,11.37456456099651,35.239491141202336
Dort,197,SIGNAL4D_v5,True,36.36068418388195,,13.208605400739193,24.217540411758563,40.55598172190588,20.654976883418055,,13.208605400739193
Dort,199,SIGNAL4D_v5,True,38.413087714376275,,13.50818933620096,26.07153436043222,43.64408206520614,22.332124045493373,,13.50818933620096
Dort,201,SIGNAL4D_v5,True,39.29462137154112,,12.584022946169018,26.50914805715648,44.56925602579954,22.948481036818087,,12.584022946169014
Dort,203,SIGNAL4D_v5,True,41.35801937741014,,12.988806384328065,28.85930112094353,47.94817891756806,25.213182853305284,,12.988806384328068
Dort,205,SIGNAL4D_v5,True,42.84832535861263,,11.834941618617346,29.362015455971537,48.80172069624223,25.648583819841637,,11.834941618617345
Dort,207,SIGNAL4D_v5,True,41.75355395259384,,10.820691559354866,29.279177567711567,48.45040588535408,25.44876089900232,,10.820691559354866
Dort,209,SIGNAL4D_v5,True,43.80085620236497,,9.33289293925298,30.134811216378637,50.87877390271986,26.120741465716932,,9.33289293925298
Dort,211,SIGNAL4D_v5,True,41.64428481834719,,7.934382590244016,30.62616658682825,48.940657437507525,26.47048638172882,,7.934382590244016
Dort,213,SIGNAL4D_v5,True,42.10784489777506,,7.109906591698117,34.16129822470261,53.70290921407767,29.279568754825316,,7.109906591698117
Dort,215,SIGNAL4D_v5,True,39.08105583867612,,7.736744265052711,34.721103467598155,54.36123327600987,29.619656584213445,,7.736744265052711
Dort,217,SIGNAL4D_v5,True,45.70349796597352,,11.335608595589441,45.4717337654944,64.41694463270863,39.25442804941944,,11.335608595589443
Duenn,202,SIGNAL4D_v5,True,40.19059149518638,,16.217355060330412,25.72760637647006,37.27413439127962,22.612977678549473,,16.217355060330412
Duenn,204,SIGNAL4D_v5,True,42.73894372681471,,16.223567004209126,26.93564502678206,40.75819649575433,23.932172882061227,,16.223567004209126
Duenn,206,SIGNAL4D_v5,True,41.322040901182795,,15.904212928349194,26.729716737599663,38.66338057550299,23.919447886695767,,15.904212928349194
Duenn,208,SIGNAL4D_v5,True,39.20910299400113,,15.928026675241933,26.628655331443802,37.78407766673745,23.74961752950925,,15.928026675241933
Duenn,210,SIGNAL4D_v5,True,38.89058170710213,,15.53981607616998,27.577934371792068,38.58511809440389,24.225324085732254,,15.53981607616998
Duenn,212,SIGNAL4D_v5,True,42.66885435845891,,14.703566589385593,26.561324051449297,39.22086138798646,23.728678146368416,,14.703566589385593
Duenn,214,SIGNAL4D_v5,True,39.95311507279031,,13.771624271079084,27.629961530778502,39.63547931631308,24.355719060964457,,13.771624271079084
Duenn,216,SIGNAL4D_v5,True,44.636664585767655,,12.232008460353082,29.242845811440354,44.67854757869584,25.87743061400046,,12.232008460353082
Duenn,218,SIGNAL4D_v5,True,43.10677194436624,,12.153308580375269,30.63204590478072,45.65786053213231,26.976974064810147,,12.153308580375269
Duenn,220,SIGNAL4D_v5,True,46.909238775082564,,10.4418735276901,32.55366318541614,49.72132624736935,28.525219140745005,,10.4418735276901
Duenn,222,SIGNAL4D_v5,True,39.53245690756542,,9.148712256932763,31.797545804359977,42.63218120321041,27.870506626844467,,9.148712256932765
Duenn,224,SIGNAL4D_v5,True,44.89365746303884,,10.479722439125048,34.69791549031898,51.652451703013234,30.26700218408297,,10.479722439125048
Duenn,226,SIGNAL4D_v5,True,40.53648185951953,,10.391637464404253,29.124016281212793,45.30702735697538,24.935714517545218,,10.391637464404253
Duenn,228,SIGNAL4D_v5,True,43.22295669540444,,11.400086075891902,36.035412024631405,57.895872434186266,30.62205594657699,,11.400086075891902
Duenn,230,SIGNAL4D_v5,True,40.769002409034236,,12.118522047815954,33.621668404757465,52.82830988535596,28.832473799354172,,12.118522047815953
Einkaufen,184,SIGNAL4D_v5,False,36.45624989533086,10.417165810252282,14.882096527083949,22.077649292564924,31.58145419319285,19.289793134815323,10.417165810252282,14.88209652708395
Einkaufen,186,SIGNAL4D_v5,False,33.80574043667132,11.645429677907579,18.835589901682326,21.61027314600502,31.172300253487542,18.667151799756972,11.645429677907579,18.835589901682326
Einkaufen,188,SIGNAL4D_v5,False,40.81175213639674,12.00343203732407,22.373246970653813,26.194772177784564,38.420057027401995,22.982344137631873,12.003432037324067,22.373246970653813
Einkaufen,190,SIGNAL4D_v5,False,37.412649470285565,12.330355303818207,21.789411844439222,31.099386841178447,43.96413700289541,26.90250170886203,12.330355303818207,21.789411844439222
Einkaufen,192,SIGNAL4D_v5,False,41.50852591269996,23.8281699645393,40.93192383922971,37.93668988122157,37.48245738064632,34.86618018607436,23.8281699645393,40.93192383922971
Einkaufen,194,SIGNAL4D_v5,False,42.76637889599362,24.865558660125224,38.49526272948383,39.79196926546745,39.505127247777644,36.580759476626184,24.865558660125224,38.49526272948382
Einnehmen,223,SIGNAL4D_v5,False,34.05819927249776,16.221003304791076,15.68016971926905,22.624998309438528,32.55906032614859,20.101177534228416,16.221003304791076,15.68016971926905
Einnehmen,225,SIGNAL4D_v5,False,34.03959655016813,14.431647413990497,15.71045963927914,23.177075926857068,35.009320410852986,20.540401173986435,14.431647413990497,15.710459639279144
Einnehmen,227,SIGNAL4D_v5,False,34.06619933544506,18.195775240641055,14.623529121160997,22.127964749277808,33.636889906690655,19.650678630823318,18.195775240641055,14.623529121160997
Einnehmen,229,SIGNAL4D_v5,False,31.600745177114817,15.151982769383737,13.530867844502982,22.935439537532528,34.05172766514515,20.352801063538507,15.151982769383734,13.530867844502982
Einnehmen,231,SIGNAL4D_v5,False,34.708174097948245,13.260129563046462,12.332888992444419,25.79095371263421,37.668746804801785,22.914336978754896,13.260129563046462,12.33288899244442
Einnehmen,233,SIGNAL4D_v5,False,35.34702521913931,14.957320226426727,12.993364440640118,26.108872329857217,39.34796531410151,23.250058548032694,14.957320226426726,12.993364440640118
Einnehmen,235,SIGNAL4D_v5,False,37.224556618402225,18.365753447363517,12.965797494988566,27.61811535419881,40.920740364887365,24.574203215236185,18.365753447363517,12.965797494988566
Einnehmen,237,SIGNAL4D_v5,False,34.10615017765652,13.27875881467496,11.555384461515654,29.9830329295256,45.42297687783586,26.208825085278846,13.27875881467496,11.555384461515654
Einnehmen,239,SIGNAL4D_v5,False,47.64976880557601,29.468374571595096,18.610697853195784,48.52408133990716,49.25974030053704,44.35543764480871,29.468374571595096,18.610697853195784
EinstellenJob,208,SIGNAL4D_v5,False,37.711726632726865,11.567936568746836,9.150967467954501,28.020457332002543,35.2434133746137,24.731908534148776,11.567936568746836,9.150967467954501
EinstellenJob,210,SIGNAL4D_v5,False,37.66780272922743,10.573597702274688,8.511232033989403,26.441915109178325,38.38024987259637,22.87972119681619,10.573597702274688,8.511232033989405
EinstellenJob,212,SIGNAL4D_v5,False,38.099652639882976,11.0711621445182,7.781635935704737,28.07083147420854,40.63572455297345,24.336820510414835,11.0711621445182,7.781635935704737
EinstellenJob,214,SIGNAL4D_v5,False,42.85012662511588,13.164851638346663,7.183958348410794,31.483063734573623,50.2047793138765,27.429409686012125,13.164851638346663,7.183958348410794
EinstellenJob,216,SIGNAL4D_v5,False,47.84014315215667,11.09663763007426,6.77102280948695,33.97507601964164,55.40894809290346,29.208889417649935,11.096637630074262,6.771022809486949
EinstellenJob,218,SIGNAL4D_v5,False,44.50312598360269,12.616495424435966,6.842198533400983,35.13269637717497,57.33494042131411,30.285914499716206,12.616495424435966,6.842198533400983
EinstellenJob,220,SIGNAL4D_v5,False,42.430832767255104,11.549899872216397,6.799398177528245,38.43608541369276,64.25149170355238,32.152846910177544,11.549899872216397,6.7993981775282455
EinstellenJob,222,SIGNAL4D_v5,False,50.75056133923741,10.971533160263172,6.881834736034337,38.39244727659275,64.28507794978326,32.80224547887048,10.971533160263172,6.881834736034337
EinstellenJob,224,SIGNAL4D_v5,False,51.411245430110924,14.787916084695924,7.755042906270998,41.5584849702517,70.45248406966755,35.26325971352524,14.787916084695924,7.755042906270998
EinstellenJob,226,SIGNAL4D_v5,False,42.569572331544606,11.549302238399097,9.50423511675117,38.130072894440566,51.53555247180614,33.249742857513716,11.549302238399097,9.50423511675117
EinstellenJob,228,SIGNAL4D_v5,False,47.38955762425085,13.766391619316263,11.108881001828632,45.93893379304568,55.768427460883764,40.73026610179606,13.766391619316263,11.108881001828632
EinstellenJob,230,SIGNAL4D_v5,False,56.99204142445307,11.440636098965205,12.195097036625556,58.461548159805226,64.22933486783397,52.474686344389006,11.440636098965205,12.195097036625556
EinstellenJob,232,SIGNAL4D_v5,False,63.29590881694805,39.97477284831719,12.84388928954022,67.68006974886217,75.1477786381195,60.66500512394118,39.97477284831719,12.84388928954022
EinstellenJob,234,SIGNAL4D_v5,False,62.1630798741598,43.66181993102368,13.58944098126669,65.97355721489355,78.29274726411913,58.65410712194733,43.66181993102368,13.58944098126669
EisGefroren,242,SIGNAL4D_v5,False,42.80550937701588,10.631972832198148,13.779344084021066,29.601733465317544,40.824542404024996,25.992703269244068,10.631972832198148,13.779344084021066
EisGefroren,244,SIGNAL4D_v5,False,41.132742302282146,10.12200650152615,13.165588604576053,29.77091727373264,41.72409739166445,26.027432634311513,10.12200650152615,13.165588604576053
EisGefroren,246,SIGNAL4D_v5,False,41.63773602646435,9.10445502011179,5.718499760153947,28.944564570225094,39.543801739693684,25.496558315971843,9.10445502011179,5.718499760153947
EisGefroren,248,SIGNAL4D_v5,False,40.03365827361325,10.769031505082062,6.73681442469171,25.756608377771542,36.34276578495167,22.529172293623247,10.769031505082062,6.73681442469171
EisGefroren,250,SIGNAL4D_v5,False,40.640245804756475,9.602491899064031,7.544267485506836,24.828866285737,36.91633663442476,21.534158958581322,9.602491899064031,7.544267485506836
EisGefroren,252,SIGNAL4D_v5,False,37.26160186710083,10.87019952719186,7.7210177269488875,25.77339441484307,37.686228998121955,22.226262567163403,10.87019952719186,7.7210177269488875
EisGefroren,254,SIGNAL4D_v5,False,40.59099995167247,10.558602827443327,7.8414288925742275,24.623115816034463,37.16741423891556,21.234385943747533,10.558602827443327,7.8414288925742275
EisGefroren,256,SIGNAL4D_v5,False,37.374714265010994,12.919732883045672,10.143056141498537,26.2558872229446,39.31148709604596,22.333114517023965,12.919732883045672,10.143056141498537
EisGefroren,258,SIGNAL4D_v5,False,39.729233916374,12.689725547901261,10.103086656147779,26.731939305124328,39.66078980897539,22.659973146824026,12.68972554790126,10.103086656147779
EisGefroren,260,SIGNAL4D_v5,False,32.825500105420126,11.266955174415685,9.477938026168195,24.90814600062567,36.80831578912939,21.29455258997839,11.266955174415685,9.477938026168196
EisGefroren,262,SIGNAL4D_v5,False,39.12486716192627,13.520068358262177,10.910439633419719,35.0273420603125,50.75657371687347,30.156256484800792,13.520068358262177,10.910439633419719
EisGefroren,264,SIGNAL4D_v5,False,44.58914809906178,13.41275633941354,12.080941811831915,43.72676579836926,61.427975872714704,38.01907675991047,13.41275633941354,12.080941811831915
EisGefroren,266,SIGNAL4D_v5,False,54.898358707670134,12.308346660905562,13.514860494566207,51.366548310055954,55.69440321629071,46.28081629762391,12.308346660905562,13.514860494566207
EisGefroren,268,SIGNAL4D_v5,False,56.952921978450455,35.75255804925435,15.923860007736515,56.43419651848347,63.227800211090546,50.70656874733098,35.75255804925435,15.923860007736515
Empathie,182,SIGNAL4D_v5,False,51.037553740844224,12.751827325196368,8.275520238205123,31.156659321293425,51.59897691912884,26.651329265018013,12.751827325196365,8.275520238205118
Empathie,184,SIGNAL4D_v5,False,55.351696818415355,12.563283558050127,8.443915337216321,33.51774390745605,56.310905376314096,28.710403900502975,12.563283558050127,8.443915337216328
Empathie,186,SIGNAL4D_v5,False,46.05279222363145,15.613007449237518,8.152772711234345,31.42238483316788,49.25673162735646,26.854315673413637,15.613007449237518,8.152772711234345
Empathie,188,SIGNAL4D_v5,False,52.83000255212034,12.169755961183968,8.041230740921808,34.06120067519692,56.87549033050826,28.959825780359427,12.169755961183967,8.041230740921803
Empathie,190,SIGNAL4D_v5,False,46.953620477321444,13.717171809018403,8.356523210543438,31.7253360760002,51.1366689797431,26.999588798077827,13.717171809018403,8.356523210543445
Empathie,192,SIGNAL4D_v5,False,51.04426832718443,11.955247059213905,8.156139014076643,32.89554798259079,55.43503409512659,27.912264654367068,11.955247059213905,8.156139014076643
Empathie,194,SIGNAL4D_v5,False,47.99248973057514,13.002330879243233,8.10540492740897,30.625300861059845,49.27026011457609,26.113463418340093,13.002330879243237,8.105404927408967
Empathie,196,SIGNAL4D_v5,False,46.96432119079485,13.360803841354077,8.204728485617302,30.10061047352345,48.29020501911115,25.655351464582385,13.360803841354077,8.204728485617302
Empathie,198,SIGNAL4D_v5,False,47.09663602383121,12.516413212252681,8.311126351903509,31.54519452469713,53.536432776163025,26.6646239905921,12.51641321225268,8.311126351903512
Empathie,200,SIGNAL4D_v5,False,49.44827741928005,14.915025582187118,8.989461774221057,29.939686018855504,49.76024637621887,25.53194862187732,14.91502558218712,8.989461774221054
Empathie,202,SIGNAL4D_v5,False,43.97896656419897,14.112450876121006,8.473145283330203,30.24898115659817,47.260925509185185,25.873559562739405,14.112450876121006,8.473145283330203
Empathie,204,SIGNAL4D_v5,False,50.41493650505119,12.55213830257524,7.953478081821865,34.065497942148546,56.17002731843636,28.8150518471272,12.552138302575239,7.9534780818218636
Empathie,206,SIGNAL4D_v5,False,47.91966537566165,12.494950194490103,7.985560306930856,32.04487263972274,49.41504159956137,27.634133167403885,12.494950194490103,7.985560306930856
Empathie,208,SIGNAL4D_v5,False,52.89532520064801,16.35318809160674,7.211410134780058,33.63149302862579,55.61463130686626,28.444798611195342,16.35318809160674,7.211410134780058
Empathie,210,SIGNAL4D_v5,False,55.37353389132903,16.86628921805709,7.596899917493863,34.063762623599935,57.69788763294692,28.589179256872974,16.866289218057087,7.596899917493862
Empathie,212,SIGNAL4D_v5,False,52.348485396440225,11.707572611160277,9.319624098935316,37.40871128575796,63.37387371472231,31.492307035739632,11.707572611160277,9.319624098935314
Empathie,214,SIGNAL4D_v5,False,54.33348794293464,10.409847578157073,7.855037029835043,37.554148979496034,64.14737650736257,31.33892047589712,10.409847578157073,7.855037029835043
Empathie,216,SIGNAL4D_v5,False,53.82808858570969,10.059826676994447,9.319452420660737,38.3558986511463,65.83931354932508,31.973942224486468,10.059826676994446,9.319452420660737
Empathie,218,SIGNAL4D_v5,False,48.33001758300102,10.561249084156422,9.555676339559648,38.95207957393273,64.22303685714681,32.68929596114641,10.56124908415642,9.555676339559648
Empathie,220,SIGNAL4D_v5,False,47.17810984711581,12.316388843937968,11.176375753025715,43.6955337982898,68.66035733348868,37.14443289026129,12.316388843937968,11.176375753025715
Empathie,222,SIGNAL4D_v5,False,46.522608002349116,10.375658233118253,17.33399613217916,40.53604219252775,64.97897380703539,34.203685086227075,10.375658233118253,17.33399613217916
Empathie,224,SIGNAL4D_v5,False,48.35861851737517,11.299564662799169,23.844425337698617,46.496309901203375,69.08850569181749,39.93106066951236,11.29956466279917,23.844425337698617
Empathie,226,SIGNAL4D_v5,False,48.557374688338804,11.044584564099411,43.185392717971034,36.14006319815947,53.504628289640635,31.3410992500143,11.044584564099411,43.185392717971034
Empathie,228,SIGNAL4D_v5,False,44.89845743144172,15.228047382399202,35.485457130410445,39.076916543807734,41.96950807571551,35.93563488090353,15.228047382399202,35.485457130410445
Empathie,230,SIGNAL4D_v5,False,46.808048610942905,15.015789905679156,37.570392677219054,41.48117625580132,44.97558884002276,38.18498076582265,15.015789905679156,37.570392677219054
Empathie,232,SIGNAL4D_v5,False,47.600879197258884,13.863955657910843,36.78802555299176,44.932698279707914,51.22753906151372,41.09956505969018,13.863955657910843,36.78802555299176
Entschuldigung,191,SIGNAL4D_v5,False,37.760659413367435,11.142076617335976,14.976835644700957,24.581754671283868,36.89242010196627,22.071960866854198,11.142076617335976,14.976835644700957
Entschuldigung,193,SIGNAL4D_v5,False,40.07803951803401,9.275920774737111,14.012504542543814,27.38507900705077,42.78702604317481,24.40493987429532,9.27592077473711,14.012504542543814
Entschuldigung,195,SIGNAL4D_v5,False,37.37052213830853,12.856016333409038,13.808834116045263,25.63232788756781,37.67240105453093,22.852199976315987,12.85601633340904,13.808834116045265
Entschuldigung,197,SIGNAL4D_v5,False,40.94116405954063,8.841597940183197,13.438491668992803,26.32612563430677,40.252639981676474,23.689922889218533,8.841597940183197,13.438491668992803
Entschuldigung,199,SIGNAL4D_v5,False,40.185557907462986,11.88416060533016,14.774187203680443,26.360344403253688,39.32000744860492,23.671328754241085,11.88416060533016,14.774187203680443
Entschuldigung,201,SIGNAL4D_v5,False,41.66375161370525,11.138995518262242,14.98995883397826,26.39603714695217,38.773582543470745,23.763740546771935,11.13899551826224,14.989958833978257
Entschuldigung,203,SIGNAL4D_v5,False,45.20813734131228,16.909969159989075,14.359519925753434,32.684148041288935,49.45883320828953,28.960327300013592,16.90996915998908,14.359519925753432
Entschuldigung,205,SIGNAL4D_v5,False,43.81487899981961,10.737893458485164,10.819790771130316,40.42679980503087,62.059583733764285,35.15557406094974,10.737893458485164,10.819790771130316
Entschuldigung,207,SIGNAL4D_v5,False,44.5474991455556,11.090319904821627,10.363094168503846,43.3681783935349,66.18494978488422,37.717318951485716,11.090319904821627,10.363094168503846
Entschuldigung,209,SIGNAL4D_v5,False,46.70270139582178,12.427387659060074,11.049880507012178,42.978995844414236,48.10995015713917,38.71277239058818,12.427387659060072,11.049880507012178
FestellenDiagnose,197,SIGNAL4D_v5,False,54.55158377004362,9.773085713888461,13.686324367247401,27.980481598689536,46.331276959128495,23.826308720280398,9.773085713888461,13.686324367247401
FestellenDiagnose,199,SIGNAL4D_v5,False,55.60516749429165,9.206071733381547,13.981869315905843,25.940756628534555,43.40048763175031,22.03383880545824,9.206071733381547,13.981869315905843
FestellenDiagnose,201,SIGNAL4D_v5,False,54.711313603283614,8.69090551480614,14.19547055757632,26.314028701484492,44.29939802139146,22.347253106561837,8.69090551480614,14.19547055757632
FestellenDiagnose,203,SIGNAL4D_v5,False,51.7999549035458,10.58555989114188,13.780925685413127,28.112988407518237,47.53092225454557,23.783330921047703,10.58555989114188,13.780925685413127
FestellenDiagnose,205,SIGNAL4D_v5,False,49.15056243423858,8.369516664804292,13.301643337043684,26.36036261148857,44.30358038857999,22.22075283758,8.369516664804292,13.301643337043688
FestellenDiagnose,207,SIGNAL4D_v5,False,44.518279378901475,10.31734385324145,13.289815271720181,27.971479822838084,47.05123695209737,23.703895498530215,10.31734385324145,13.289815271720181
FestellenDiagnose,209,SIGNAL4D_v5,False,41.65411823137327,9.084532763218888,13.966983925862356,26.217406410076627,43.03296535322458,22.47729958991837,9.084532763218888,13.966983925862356
FestellenDiagnose,211,SIGNAL4D_v5,False,37.35710065277282,9.890466475039222,13.564333695584319,27.57509881873434,43.58337482569192,23.620541158161945,9.890466475039222,13.564333695584319
FestellenDiagnose,213,SIGNAL4D_v5,False,42.79142820322388,8.673929557361523,11.964529835893353,26.804546400240095,44.97975936151853,22.626255384019597,8.673929557361523,11.964529835893353
FestellenDiagnose,215,SIGNAL4D_v5,False,42.40604331455788,9.254590007017878,10.728690021947681,30.521263751888405,49.38116158859169,25.69384882585105,9.254590007017878,10.728690021947681
FestellenDiagnose,217,SIGNAL4D_v5,False,40.94935110558765,9.554551628806335,12.129316736894202,36.19938202200843,51.91944304027123,31.253456148652116,9.554551628806335,12.129316736894202
FestellenDiagnose,219,SIGNAL4D_v5,False,39.901905812956926,9.327118463445057,14.095159752873018,40.055052429828585,57.19319906497743,34.6002040526019,9.327118463445059,14.095159752873018
FestellenDiagnose,221,SIGNAL4D_v5,False,40.270533569399376,10.554034131732614,14.463556156784762,41.09306692901511,62.56374945119193,35.053538846805424,10.554034131732614,14.463556156784763
FestellenDiagnose,223,SIGNAL4D_v5,False,40.7704257501889,10.730798940731466,14.978328603547006,34.35947671606255,54.68050534799969,29.219420822828916,10.730798940731466,14.978328603547006
Frech,203,SIGNAL4D_v5,True,42.17383305009008,,13.02072805404097,29.12457929216998,39.599696713306315,26.425156576908627,,13.020728054040971
Frech,205,SIGNAL4D_v5,True,42.44212918691448,,11.818136285383376,30.258437487480922,41.94456610174248,27.369320578481904,,11.818136285383376
Frech,207,SIGNAL4D_v5,True,41.230729941850036,,10.211158477513967,29.381825599758812,41.85006547428125,26.253674970772575,,10.211158477513967
Frech,209,SIGNAL4D_v5,True,44.63875603295327,,8.908257873862883,36.23226050762666,44.45781151083213,32.64910203557775,,8.908257873862883
Frieren,190,SIGNAL4D_v5,False,37.63418916708202,11.355651046448466,14.504548024451898,25.653312708995383,36.08849905430913,22.94329077206621,11.355651046448465,14.504548024451896
Frieren,192,SIGNAL4D_v5,False,36.829298717669474,10.973152929117386,14.1355001449134,24.5989891092094,33.82342504484014,22.189047321952234,10.973152929117386,14.1355001449134
Frieren,194,SIGNAL4D_v5,False,36.614067619767475,10.686987005777471,13.953905220289494,23.74280284282809,33.03068205741346,21.12657154897417,10.686987005777471,13.953905220289494
Frieren,196,SIGNAL4D_v5,False,36.411787700869134,10.393350704076608,13.738939374962564,25.18056744650298,32.398278701644706,22.74405337920653,10.39335070407661,13.738939374962564
Frieren,198,SIGNAL4D_v5,False,39.168899138094176,9.966265079613661,13.324784784878062,23.344527407085668,32.49600063257562,21.054004713717287,9.966265079613661,13.324784784878059
Frieren,200,SIGNAL4D_v5,False,37.10496312755886,10.40583734142517,13.395244983131697,24.627443626964837,34.578356465519946,22.264516572097587,10.40583734142517,13.395244983131697
Frieren,202,SIGNAL4D_v5,False,37.70673848164772,9.840744802193242,12.894475250483119,25.790743102546532,36.20895136516854,23.460476010796004,9.840744802193242,12.894475250483119
Frieren,204,SIGNAL4D_v5,False,41.394113204845006,9.878689661796619,13.073005845131927,27.866032611701737,38.23918962187922,24.887177449125048,9.878689661796619,13.07300584513193
Frieren,206,SIGNAL4D_v5,False,41.26489816781043,9.241121331165997,12.04261105411978,29.636399353427414,39.12835171031228,26.590601556620356,9.241121331165994,12.04261105411978
Frieren,208,SIGNAL4D_v5,False,42.075037579998806,8.103700465217534,11.21812440536776,29.67799582737609,37.031440878167345,26.87565193820985,8.103700465217534,11.21812440536776
Frieren,210,SIGNAL4D_v5,False,37.45385480810616,7.691272516132793,11.470196124922278,23.212454522184913,29.197218687819035,20.851299940657906,7.691272516132793,11.470196124922278
Frieren,212,SIGNAL4D_v5,False,37.68595040051211,6.911862396014924,9.936522669281581,20.306385180807016,26.30515053268248,18.23309921096549,6.911862396014924,9.936522669281581
Frieren,214,SIGNAL4D_v5,False,40.674248733244625,6.643162373283478,9.14689157453736,22.162528179378974,29.876184510220757,20.229752342134564,6.643162373283478,9.14689157453736
Frieren,216,SIGNAL4D_v5,False,40.161678895947304,9.253037413113095,11.52949436170539,22.50384152702072,29.444322679926092,20.78412282660712,9.253037413113095,11.529494361705392
Frieren,218,SIGNAL4D_v5,False,51.5367991327583,11.365494413758737,13.629274427141404,45.50696852358101,44.87250755364018,41.83639229443013,11.365494413758737,13.629274427141404
Frieren,220,SIGNAL4D_v5,False,54.072198102607196,12.528061400439597,13.711904883873231,47.839228885396274,46.91038603730238,44.23993856847627,12.528061400439597,13.711904883873231
Frieren,222,SIGNAL4D_v5,False,48.63563865162542,10.53331615760146,18.671509034370093,41.463011503153524,43.39843865860867,37.930933202624324,10.53331615760146,18.671509034370093
Frieren,224,SIGNAL4D_v5,False,42.49453088636859,8.884488121675272,14.429623198036321,38.07827277875258,33.444590651463265,35.64229674106107,8.884488121675272,14.429623198036321
Frisch,189,SIGNAL4D_v5,False,60.29212118639552,11.277188691811483,10.739460849966624,51.33740079570596,42.04584135483266,48.81735549990856,11.277188691811485,10.739460849966624
Frisch,191,SIGNAL4D_v5,False,53.66966370046558,10.053068374727959,9.989960245999697,45.574287012884625,36.413831689137126,43.49213799402749,10.053068374727959,9.989960245999697
Frisch,193,SIGNAL4D_v5,False,56.31170421865522,12.13693936566536,10.043946583403397,49.595584621851934,41.36922254100784,47.159764511022196,12.136939365665361,10.043946583403397
Frisch,195,SIGNAL4D_v5,False,52.795984363125214,11.297690494834423,10.105650604965362,44.676735888601584,38.07075661073516,42.41318384135652,11.297690494834423,10.105650604965362
Frisch,197,SIGNAL4D_v5,False,53.82165424249452,9.546742658408613,9.674295855315167,44.95058282963098,35.79917220560924,43.08278409901341,9.546742658408611,9.674295855315169
Frisch,199,SIGNAL4D_v5,False,55.6879826501757,10.906327098148024,9.164818684366843,47.52599585269707,38.990514753589565,45.21104652092468,10.906327098148026,9.164818684366839
Frisch,201,SIGNAL4D_v5,False,51.19179183610489,8.648273870833043,10.515502371446937,40.12611254798874,32.386711788349366,38.51789243976511,8.648273870833043,10.515502371446935
Frisch,203,SIGNAL4D_v5,False,41.82613647855529,9.69172827300255,9.258641094855955,30.508321996137894,37.77694379503827,27.979274515348873,9.69172827300255,9.258641094855955
Frisch,205,SIGNAL4D_v5,False,45.91612633946364,9.51698516109663,8.510774753090804,32.83211575657881,43.77440660863295,29.408123274430075,9.516985161096628,8.510774753090802
Frisch,207,SIGNAL4D_v5,False,46.7401644338532,7.291956178288289,7.74720235132306,31.5252816706936,39.547601541969264,28.450147794073196,7.291956178288289,7.74720235132306
Frisch,209,SIGNAL4D_v5,False,48.75553913148329,5.719169135097091,6.634350557861584,32.819067045283205,41.87470311559318,29.592660308228872,5.719169135097089,6.634350557861584
Frisch,211,SIGNAL4D_v5,False,50.16788956196481,5.8527368068155425,6.212323502263176,31.730733654104572,36.29499842269025,29.190803462791212,5.8527368068155425,6.212323502263176
Frisch,213,SIGNAL4D_v5,False,43.78838548200266,5.15515389215184,6.442047773866593,32.57532670515111,44.00565807860384,28.980656563472607,5.155153892151839,6.442047773866593
Frisch,215,SIGNAL4D_v5,False,44.75120746877461,5.6364544228621565,7.166667762760801,36.37474209259223,54.24712177815695,31.57602952649915,5.6364544228621565,7.166667762760801
Froh,186,SIGNAL4D_v5,False,63.732474921335225,9.510739516520553,10.003577263316803,61.48506279196255,63.02999086500685,56.30636117269165,9.510739516520553,10.0035772633168
Froh,188,SIGNAL4D_v5,False,66.67406964164152,9.369571644088706,8.878178250027332,66.1565126141168,69.0256375173452,60.399827532343224,9.369571644088706,8.87817825002733
Froh,190,SIGNAL4D_v5,False,55.58348106363778,11.543345630219205,8.971326961243824,51.04814964047861,61.18933548216713,46.099815055705896,11.543345630219202,8.971326961243824
Froh,192,SIGNAL4D_v5,False,49.554247268421754,10.972726698559832,8.011237056730803,45.41185753977065,63.10087231601384,39.992493715315206,10.972726698559832,8.011237056730803
Froh,194,SIGNAL4D_v5,False,47.89783530308872,10.605223010517202,8.442421412365098,42.097787101045725,59.21994953449293,36.81665993175084,10.605223010517202,8.4424214123651
Froh,196,SIGNAL4D_v5,False,47.56733414143062,11.064151176692349,7.581654616916866,42.07972307706779,63.546804604411406,36.37576037120676,11.064151176692349,7.581654616916866
Froh,198,SIGNAL4D_v5,False,44.50076560835692,10.42893940157231,8.219473643619857,39.51068663166832,60.15257917894847,34.1450908797548,10.42893940157231,8.219473643619855
Froh,200,SIGNAL4D_v5,False,42.99861926847825,9.571465158558533,7.814056681477603,37.24781473218161,55.82223346919076,32.57623092897495,9.571465158558533,7.814056681477605
Froh,202,SIGNAL4D_v5,False,37.57866965536622,10.877714417157978,7.349890342183091,30.260502022394956,41.219028139685555,26.77899751343385,10.87771441715798,7.34989034218309
Froh,204,SIGNAL4D_v5,False,42.19105819799508,8.447757199607492,7.609753260942778,23.74386824488429,27.6427033175403,21.938805871738058,8.447757199607492,7.609753260942776
Froh,206,SIGNAL4D_v5,False,53.343329506742975,8.182810661411207,7.75232185373558,46.14670176679411,47.37376709301234,42.20398843323058,8.182810661411207,7.752321853735582
Froh,208,SIGNAL4D_v5,False,52.72101357752248,9.731572629250396,12.971001039931252,47.852521451996154,50.64458551343535,43.51836348879973,9.731572629250396,12.971001039931252
Froh,210,SIGNAL4D_v5,False,45.64915362172653,11.373416599939176,12.691634626187001,40.98540782471736,42.820625428939316,37.527740205719674,11.373416599939176,12.691634626187001
Glas,140,SIGNAL4D_v5,False,39.002932854264486,18.530279946730996,14.503441562835159,25.223492061337467,35.02801173048705,22.368417322295567,18.530279946731,14.503441562835159
Glas,142,SIGNAL4D_v5,False,45.5126361616999,17.928860675248153,14.387287107053309,36.31422914224908,51.13693138015091,31.96131463505901,17.928860675248153,14.387287107053307
Glas,144,SIGNAL4D_v5,False,37.5856666240241,19.97992037387606,14.216678218210303,25.943975650172007,36.15008647772092,23.00408169544788,19.97992037387606,14.216678218210303
Glas,146,SIGNAL4D_v5,False,45.52893945415778,14.29776117777708,13.774498330514737,35.88944296798797,48.39157775742028,31.850618190702082,14.29776117777708,13.774498330514735
Glas,148,SIGNAL4D_v5,False,43.60612181470429,16.061171644609413,14.50696936118664,31.672443026878348,42.066062554394776,28.202714060038453,16.061171644609413,14.506969361186641
Glas,150,SIGNAL4D_v5,False,39.25228917298668,17.841769099000906,14.00429766423746,27.070384463938943,35.97122383186629,24.075582306807792,17.841769099000906,14.004297664237463
Glas,152,SIGNAL4D_v5,False,46.01351691441099,13.817985313920651,13.809209790004136,36.47702225675154,46.44399699001075,32.59269126887493,13.817985313920651,13.809209790004138
Glas,154,SIGNAL4D_v5,False,39.57038958480502,17.831291566103015,13.754785537365025,25.602165628052227,37.093953070523405,22.588706484459017,17.831291566103015,13.754785537365024
Glas,156,SIGNAL4D_v5,False,46.589059258499596,15.500126804141818,14.239384695339849,34.55610138491366,49.97993762911873,30.456087751296128,15.500126804141818,14.239384695339849
Glas,158,SIGNAL4D_v5,False,37.16763596128685,19.5269475997948,14.583345466586914,26.156223708943948,38.55359227945947,22.933811977570418,19.5269475997948,14.583345466586914
Glas,160,SIGNAL4D_v5,False,40.233047626762136,19.315622551968836,13.733124940727453,26.244181891994586,36.92690992792032,23.21533420343495,19.315622551968833,13.733124940727457
Glas,162,SIGNAL4D_v5,False,47.3314093324765,16.547617036835234,14.227083966250904,36.41786645720973,51.46290495675434,32.05266246112715,16.547617036835234,14.227083966250904
Glas,164,SIGNAL4D_v5,False,47.810147391073464,17.36828184017269,14.08400039841992,37.37819601731358,50.68098467107607,33.13555276912872,17.368281840172685,14.08400039841992
Glas,166,SIGNAL4D_v5,False,38.46387085732774,19.109573972727695,13.929837113370382,25.107543511205883,35.3363110944781,22.357248485883744,19.109573972727695,13.929837113370379
Glas,168,SIGNAL4D_v5,False,37.90439721456652,13.129273442355814,13.948422687583102,28.21014029121774,39.88989954995171,24.82386575034081,13.129273442355814,13.948422687583102
Glas,170,SIGNAL4D_v5,False,49.657612465727226,16.94303999627377,13.823338667666933,35.89638340715219,51.61020411584939,31.679296004561923,16.943039996273768,13.823338667666933
Glas,172,SIGNAL4D_v5,False,37.705866970157196,18.14209668305843,13.897213196761461,24.56261263915421,36.40114188771869,21.683518498406713,18.14209668305843,13.897213196761461
Glas,174,SIGNAL4D_v5,False,38.42208754359777,18.32122281425838,14.030728948999226,24.908408265216924,36.278843701061255,21.932989602111746,18.32122281425838,14.03072894899923
Glas,176,SIGNAL4D_v5,False,43.12701927860359,12.810429136258897,13.755416159591237,32.361273567264625,44.926338668109686,28.593211396052325,12.810429136258897,13.755416159591237
Glas,178,SIGNAL4D_v5,False,38.38352989136999,17.19989360352841,13.174005108518063,24.723663523738978,33.63024260984758,21.975775594415147,17.19989360352841,13.174005108518063
Glas,180,SIGNAL4D_v5,False,42.81219936824706,14.946822888109894,14.1286810394561,33.307166824337884,47.63154972858218,29.26363917221574,14.946822888109894,14.1286810394561
Glas,182,SIGNAL4D_v5,False,44.23081450025055,14.395452213852263,13.997071017692441,34.0258299933317,49.48278975606711,29.788802152447555,14.395452213852263,13.997071017692441
Glas,184,SIGNAL4D_v5,False,38.020711311624865,21.847091771914133,14.018774325067776,25.347568919163667,36.99840931804972,22.34581535066378,21.847091771914133,14.018774325067776
Glas,186,SIGNAL4D_v5,False,45.06317231105507,14.979939640651784,14.245962169149978,34.10588099614068,47.411839386608925,30.070723846232784,14.979939640651784,14.245962169149978
Glas,188,SIGNAL4D_v5,False,36.90544332712322,28.833035518560106,15.64835332798668,24.495649114184904,35.55499756868974,21.778163189000328,28.83303551856011,15.64835332798668
Glas,190,SIGNAL4D_v5,False,38.290878594958045,20.617905338745782,16.19837983749868,27.4203558044127,41.15729429508568,24.121537432219544,20.617905338745782,16.198379837498678
Glas,192,SIGNAL4D_v5,False,36.461967255639365,22.55338267072516,13.904596191007132,24.237566443518283,35.389375234690704,21.58772633215775,22.55338267072516,13.904596191007132
Glas,194,SIGNAL4D_v5,False,35.34090609686567,31.50842383649997,14.383256124108849,25.966637599722798,35.21910895513951,23.01414792409996,31.50842383649997,14.383256124108843
Glas,196,SIGNAL4D_v5,False,37.97577401167316,31.331919924521667,15.269773637172786,24.99129976152011,35.84634906022411,22.000290148682375,31.331919924521667,15.269773637172783
Glas,198,SIGNAL4D_v5,False,36.5062045938661,32.77893169194446,14.86101751518197,26.510841401326182,38.24632083798945,23.223669866881067,32.77893169194446,14.86101751518197
Glas,200,SIGNAL4D_v5,False,36.12003925595401,31.495464912071238,14.13366336260068,26.98147655663157,38.26468261491284,23.681441723199015,31.49546491207123,14.133663362600682
Glas,202,SIGNAL4D_v5,False,37.09150936587425,32.46846133049661,15.595261651448125,31.395478707105415,43.84935706986872,27.503295321678586,32.46846133049661,15.595261651448125
Glas,204,SIGNAL4D_v5,False,37.58173134475248,32.262827352305074,16.11611038701303,35.066626069874495,48.990357711524936,30.766281795931025,32.262827352305074,16.11611038701303
Glas,206,SIGNAL4D_v5,False,38.85259467492293,29.738085781151906,16.01377828828386,35.51993805241442,50.29646172074613,31.264780484251688,29.73808578115191,16.01377828828386
IdiomPffIgnorieren,154,SIGNAL4D_v5,False,46.263285938210515,14.477599790679703,12.658615129437273,20.482057295073496,32.287098426797336,17.623028016091904,14.477599790679703,12.658615129437273
IdiomPffIgnorieren,156,SIGNAL4D_v5,False,48.26877444921908,14.771851212317689,13.73071061206645,22.305261986311137,35.084314160391585,19.165018204182804,14.771851212317689,13.730710612066447
IdiomPffIgnorieren,158,SIGNAL4D_v5,False,51.5125606188165,15.122146176263279,12.280336034542392,23.36722664624007,36.105590767936576,19.989749483572613,15.122146176263279,12.280336034542392
IdiomPffIgnorieren,160,SIGNAL4D_v5,False,57.140681383468845,15.413307245170527,9.850430682111682,23.71178524373449,39.02302182302072,20.246220756639868,15.413307245170527,9.850430682111682
IdiomPffIgnorieren,162,SIGNAL4D_v5,False,49.887497333194084,15.031936912923696,7.735639375343332,24.13802282549187,38.38105427217007,20.71531619706365,15.031936912923697,7.735639375343335
IdiomPffIgnorieren,164,SIGNAL4D_v5,False,49.39349990062777,15.870415770199529,6.060435674290578,25.103882477917338,40.19209828916079,21.91218218815839,15.870415770199529,6.060435674290577
IdiomPffIgnorieren,166,SIGNAL4D_v5,False,46.73684179014164,15.989615904413276,6.699064493026025,21.571260615451312,35.06646631022308,18.338902340273282,15.989615904413276,6.699064493026024
IdiomPffIgnorieren,168,SIGNAL4D_v5,False,48.262371557211786,15.662281264731723,7.752780706179173,24.285470249535805,39.20720680088337,20.914119619779775,15.662281264731723,7.752780706179173
IdiomPffIgnorieren,170,SIGNAL4D_v5,False,46.56375885771054,16.919502582363183,8.542323206938526,24.00478273990956,38.571248195318205,20.908233371953777,16.919502582363183,8.542323206938526
IdiomPffIgnorieren,172,SIGNAL4D_v5,False,40.855437430233614,16.009404681368444,8.419130251251406,22.100758982946694,35.01866450904234,18.958798227947202,16.009404681368444,8.419130251251406
IdiomPffIgnorieren,174,SIGNAL4D_v5,False,40.65687303713211,15.347271202501242,8.107357955962007,27.521449154963697,44.68599037190845,23.61982168752651,15.347271202501242,8.107357955962007
IdiomPffIgnorieren,176,SIGNAL4D_v5,False,37.981952599559186,17.214052118103876,8.483648002657988,30.814782587828184,44.67940302830871,26.592389833521477,17.214052118103872,8.483648002657988
IdiomPffIgnorieren,178,SIGNAL4D_v5,False,41.93009725597945,19.429315189950305,6.815339266991087,34.686430467072576,53.76228240030118,29.6245345404891,19.429315189950305,6.815339266991087
IdiomPffIgnorieren,180,SIGNAL4D_v5,False,47.70484242702396,19.367921218012103,6.604513461635252,48.879901625845775,68.1862894670794,42.838260188229455,19.367921218012103,6.604513461635252
IdiomPffIgnorieren,182,SIGNAL4D_v5,False,50.571235266408486,37.43226128759533,32.79067953574555,50.591690195936415,46.55039610476843,47.1086078864422,37.43226128759533,32.79067953574555
IdiomPffIgnorieren,184,SIGNAL4D_v5,False,48.27423352351558,39.30130496557739,29.187120009779278,47.895099203297065,47.41878574491582,44.251253365617124,39.30130496557739,29.187120009779274
Jahr,242,SIGNAL4D_v5,True,37.98198572178924,,14.14255940188951,26.546416823047878,38.61357097671694,22.80562124100609,,14.142559401889512
Jahr,244,SIGNAL4D_v5,True,38.83449855957902,,14.094053267514427,28.00792810055656,39.93514618009053,24.331647114964717,,14.094053267514427
Jahr,246,SIGNAL4D_v5,True,44.66333104693172,,14.424019005117762,34.44744169166142,50.288638966398736,29.415326711610298,,14.424019005117762
Jahr,248,SIGNAL4D_v5,True,43.731054465678355,,14.127265452707121,37.91497362643331,54.496503598480416,32.35126454604577,,14.127265452707121
Jahr,250,SIGNAL4D_v5,True,41.64862790904613,,14.038684282413016,38.3753306931671,54.08903086268005,32.86230771377555,,14.038684282413012
Jahr,252,SIGNAL4D_v5,True,46.37466457405067,,13.497813380550598,41.17948604362789,60.78983452135445,35.154139078059174,,13.497813380550596
Jahr,254,SIGNAL4D_v5,True,43.36406864854292,,13.67044816976409,40.367304941875915,56.59844280281503,34.63334121244025,,13.670448169764091
Jahr,256,SIGNAL4D_v5,True,41.32158158873624,,13.069993596049121,41.398117963785594,57.95703274721384,35.403085384743534,,13.069993596049123
Jahr,258,SIGNAL4D_v5,True,47.05479770632499,,14.238390988237455,51.86584564524238,75.33164378780238,44.194896606883376,,14.238390988237455
Jahr,260,SIGNAL4D_v5,True,46.29149805186073,,10.131799597332808,48.73924640295439,70.57242987290243,41.5666950282338,,10.131799597332808
Klar,154,SIGNAL4D_v5,True,37.96905319748194,,9.418178912203128,29.38479131076341,39.084434598332635,25.885448025245267,,9.418178912203128
Klar,156,SIGNAL4D_v5,True,35.225705530129865,,9.40895324008082,27.41366800413495,36.511557112368344,24.096217571258762,,9.408953240080816
Klar,158,SIGNAL4D_v5,True,38.26060533348927,,8.88795034654681,28.794103274556928,35.19493961659784,25.548947412092204,,8.88795034654681
Klar,160,SIGNAL4D_v5,True,39.35707759612424,,8.768881453663852,29.358112041850887,36.87337149188827,25.93678870474971,,8.768881453663852
Klar,162,SIGNAL4D_v5,True,36.46510634366461,,8.389302127013524,28.945708108296873,36.41876900102584,25.552030265918898,,8.389302127013524
Klar,164,SIGNAL4D_v5,True,37.5853125175729,,9.272368395428927,29.862095026783745,37.33177632964579,26.374610514684033,,9.272368395428927
Klar,166,SIGNAL4D_v5,True,34.8478369190937,,10.199241200955782,26.384216233833133,33.570906285106496,23.250441391444806,,10.19924120095578
Klar,168,SIGNAL4D_v5,True,36.315538525860546,,10.418807102620882,27.517852739625454,36.07924784383636,24.07393742464984,,10.418807102620882
Klar,170,SIGNAL4D_v5,True,33.88187733119871,,9.150113170628392,24.94585313932555,32.902756292830354,21.868684405870937,,9.150113170628396
Klar,172,SIGNAL4D_v5,True,40.89041670523537,,7.749134251641048,31.582460082323628,38.73019643531469,28.13949402518476,,7.749134251641047
Klar,174,SIGNAL4D_v5,True,37.49768919055594,,7.886813580420128,28.66252668835977,36.818510122705604,25.585555159063727,,7.88681358042013
Klar,176,SIGNAL4D_v5,True,39.22579775244821,,7.9205044374811315,28.388071793680638,42.98824010316826,25.067713944795383,,7.9205044374811315
Klar,178,SIGNAL4D_v5,True,41.262686473516695,,8.409373379874994,30.14610726572173,46.928333142355086,26.02868262624039,,8.409373379874992
Klar,180,SIGNAL4D_v5,True,39.74935818719687,,9.303610910094587,34.99789389893084,53.03057859044178,29.881020827090396,,9.303610910094584
Kochen,227,SIGNAL4D_v5,False,38.89055893162736,18.75414251513165,15.580044930316733,24.018231689351712,30.278772770980414,22.005297126426264,18.75414251513165,15.580044930316733
Kochen,229,SIGNAL4D_v5,False,38.500232444799735,12.382869500931045,16.05560571408792,22.039468352501917,32.31909197556045,19.84445952770149,12.382869500931044,16.05560571408792
Kochen,231,SIGNAL4D_v5,False,41.717137767906586,11.612675665301797,16.1915261504399,25.84750697378164,34.723101931073494,23.455702629487703,11.612675665301799,16.1915261504399
Kochen,233,SIGNAL4D_v5,False,43.593395919775205,23.838383222507055,16.27288225449606,29.585159017157896,36.692126537962935,27.00022026593405,23.838383222507055,16.27288225449606
Kochen,235,SIGNAL4D_v5,False,37.673550357274614,11.754378957224496,13.913140793631378,22.29544846548442,32.102175514636,20.414929205408285,11.754378957224494,13.913140793631378
Kochen,237,SIGNAL4D_v5,False,37.09092031250324,13.475542640324344,13.501928454904172,21.594780877467382,30.216791266603074,19.609210476452013,13.475542640324347,13.501928454904172
Kochen,239,SIGNAL4D_v5,False,36.30275975208628,11.310420412622888,11.838659872108364,21.703586341938134,30.53155991208681,19.923897728946297,11.310420412622884,11.838659872108364
Kochen,241,SIGNAL4D_v5,False,36.30154868851709,13.674691858752432,10.166753988885766,22.534361605683927,32.78973053437837,20.23607991391404,13.674691858752432,10.166753988885766
Kochen,243,SIGNAL4D_v5,False,33.913421785027815,7.542490958552084,10.625327781518047,21.371253651683425,31.261722471898803,19.2547053312628,7.542490958552082,10.62532778151805
Kochen,245,SIGNAL4D_v5,False,35.37157197418414,8.854806000558957,10.633016564376353,21.869142178402086,30.465943193937044,19.398824218837216,8.854806000558957,10.633016564376353
Kochen,247,SIGNAL4D_v5,False,34.370075331280006,9.812096227157166,10.927252923403366,23.263267232706557,30.801403193998937,20.63807949204829,9.81209622715717,10.927252923403366
Kochen,249,SIGNAL4D_v5,False,36.8098451923369,10.990177916793519,12.430646078981551,26.320840824756797,33.99843148870211,23.536735071026524,10.990177916793519,12.430646078981551
Kochen,251,SIGNAL4D_v5,False,38.520596395426516,19.793489599549535,10.764823149446999,32.334822544397106,41.02628199980627,28.855483637439836,19.793489599549535,10.764823149446999
Kochen,253,SIGNAL4D_v5,False,35.52213002189497,22.911021204686847,14.676736632246582,31.601785580889047,41.99844995212119,27.779562500934198,22.911021204686847,14.676736632246584
Lesen,215,SIGNAL4D_v5,False,41.018612324980225,7.809085247957779,11.721222949762067,27.990899711238725,46.01289060417171,24.298814373367815,7.809085247957779,11.721222949762069
Lesen,217,SIGNAL4D_v5,False,38.11069004780344,9.161949325150418,11.658102877861054,25.634921393169297,36.858997210239544,22.368023777899392,9.161949325150418,11.658102877861053
Lesen,219,SIGNAL4D_v5,False,38.83525478511681,8.221482526207181,10.683489018165227,25.97662473676786,34.56708096913848,22.865994595575888,8.221482526207181,10.683489018165231
Lesen,221,SIGNAL4D_v5,False,42.079529041939914,8.755802826170417,8.10028178676083,26.86316532805001,43.24134441353299,23.525899179482654,8.755802826170417,8.10028178676083
Lesen,223,SIGNAL4D_v5,False,38.759634282219956,8.550441282448709,8.70241935653678,24.316174584207598,37.819977635849284,21.248313385200497,8.550441282448709,8.70241935653678
Lesen,225,SIGNAL4D_v5,False,36.16276026416554,8.121342844711219,11.816973821581584,27.08151225657544,36.31232677384826,23.775985064923457,8.121342844711219,11.816973821581584
Lesen,227,SIGNAL4D_v5,False,40.058116932839816,10.98403564271562,11.541108671531607,31.862055755882615,35.794537479210874,28.76750017815915,10.98403564271562,11.541108671531607
Lesen,229,SIGNAL4D_v5,False,35.960735503522166,8.257801761630262,10.899073240239641,26.231131983916644,34.96368940766739,22.976836213487296,8.257801761630262,10.899073240239641
Lesen,231,SIGNAL4D_v5,False,36.23638922623453,9.579679485522256,10.598926274378734,28.533189425411358,33.77764117001029,25.462422705619232,9.579679485522258,10.598926274378737
Lesen,233,SIGNAL4D_v5,False,35.85462119229223,8.622141061502543,10.91051597351408,23.728516757557024,34.04684294742609,20.874216367449286,8.622141061502543,10.910515973514084
Lesen,235,SIGNAL4D_v5,False,34.914046403296915,7.7366417425359755,11.300419160474524,26.73110711857801,35.4411932969671,23.39812932684835,7.7366417425359755,11.300419160474524
Lesen,237,SIGNAL4D_v5,False,35.89441000038159,9.70195122477405,11.323671049786261,27.35027326717038,35.18451924666067,24.07407445193854,9.70195122477405,11.323671049786261
Lesen,239,SIGNAL4D_v5,False,39.252005471378354,9.626309842092489,11.540219984690957,34.779003969631766,39.95028903644132,31.143926563931437,9.626309842092489,11.540219984690957
Lesen,241,SIGNAL4D_v5,False,38.599474757083684,8.419096928921675,10.984548066079752,32.695002237656986,41.50745598999336,28.729873962061667,8.419096928921675,10.984548066079752
Lesen,243,SIGNAL4D_v5,False,37.67430522741516,10.677323423135595,11.495390941530909,33.265193363179364,42.96643370269399,29.26351522799141,10.677323423135597,11.495390941530909
Lesen,245,SIGNAL4D_v5,False,40.79397395682185,9.929033361634607,11.877606039953998,35.342426157050525,42.75802170519677,31.350028959756187,9.929033361634607,11.877606039953998
Lesen,247,SIGNAL4D_v5,False,42.067068310549544,11.473031021095473,13.564127446734517,40.118213709093624,51.408579521857156,35.37536424014345,11.473031021095473,13.564127446734517
Lesen,249,SIGNAL4D_v5,False,45.594599879969365,14.481960822850061,16.79743579692345,47.08543057665795,60.076648667790394,41.68107885319447,14.481960822850061,16.797435796923445
LiebBitte,170,SIGNAL4D_v5,True,58.281686052592605,,13.033708647914631,48.865072800714586,58.595175522189116,43.323056716268916,,13.033708647914631
LiebBitte,172,SIGNAL4D_v5,True,47.23842392827294,,12.992199545489251,43.02242015840707,56.05944027973916,37.98605553790471,,12.992199545489251
LiebBitte,174,SIGNAL4D_v5,True,53.82932923277338,,12.566499934977344,48.02521307360652,57.94561215898874,42.63337627484487,,12.566499934977342
LiebBitte,176,SIGNAL4D_v5,True,60.15036690488383,,12.818428308834118,54.46557027345436,65.25232551828034,48.379272629793554,,12.818428308834118
LiebBitte,178,SIGNAL4D_v5,True,59.92751519215932,,12.528318571431452,53.39828069067375,63.703323264804794,47.35614421194574,,12.528318571431452
LiebBitte,180,SIGNAL4D_v5,True,52.435515350714844,,12.218861246930992,46.25478977672696,53.11005073518378,41.277680343864596,,12.218861246930993
LiebBitte,182,SIGNAL4D_v5,True,48.437250490491955,,12.679464503969514,44.4934824297374,52.8583318803269,39.3162669526823,,12.679464503969514
LiebBitte,184,SIGNAL4D_v5,True,51.506550736624156,,11.521261511611671,43.695491970014835,50.607408131898445,38.79285822078169,,11.521261511611671
LiebBitte,186,SIGNAL4D_v5,True,47.87200033834007,,10.68135452830454,39.76877596630902,46.857578893446316,35.588653014718645,,10.68135452830454
LiebBitte,188,SIGNAL4D_v5,True,46.49595937459851,,9.972096651148506,42.495547179655965,50.55711657335114,37.45674128619778,,9.972096651148506
LiebBitte,190,SIGNAL4D_v5,True,37.19126912855473,,10.668532833701338,28.357371950576052,33.529984464984125,25.34284902422964,,10.668532833701336
LiebBitte,192,SIGNAL4D_v5,True,38.24855940480435,,11.126419574942286,24.82102388066326,32.86334847455644,22.24590535268794,,11.126419574942286
LiebBitte,194,SIGNAL4D_v5,True,34.47722795093246,,9.540565874281198,24.643246911389575,32.799563711644424,21.9613582016498,,9.540565874281196
LiebBitte,196,SIGNAL4D_v5,True,36.787299658970774,,9.667964712042146,33.307814059664395,42.833554813498196,28.97882017006535,,9.667964712042146
LiebBitte,198,SIGNAL4D_v5,True,44.44994904929404,,10.293934077940152,43.61630901951765,57.798684086785194,38.061566753882374,,10.293934077940152
LiebBitte,200,SIGNAL4D_v5,True,48.128303287986306,,17.250897496182333,50.60535914496498,68.03805895250474,43.95302506983257,,17.250897496182333
Luegen,149,SIGNAL4D_v5,True,42.17610678406325,,12.35477086299595,31.363447817257402,41.220438463830156,28.14101882804426,,12.354770862995952
Luegen,151,SIGNAL4D_v5,True,43.42789593309808,,13.348052048579882,32.70524642338094,42.17521501569985,29.2265655182214,,13.348052048579882
Luegen,153,SIGNAL4D_v5,True,42.00311389147984,,12.627246475362023,31.77161501881145,41.15873610578349,28.450566767855403,,12.627246475362023
Luegen,155,SIGNAL4D_v5,True,36.120013249998905,,12.261362136440473,26.783103625090227,37.170905741641334,23.90828970451726,,12.26136213644047
Luegen,157,SIGNAL4D_v5,True,37.51197687392756,,11.822715071661,28.436920477783463,38.6925822468707,25.259992524276274,,11.822715071661
Luegen,159,SIGNAL4D_v5,True,36.617277380067094,,11.66860561394337,28.824867129992963,36.61493169342246,25.673645316679497,,11.66860561394337
Muell,160,SIGNAL4D_v5,True,37.02149571841103,,15.559280209377128,29.036813190142723,43.61358467477819,25.277938111688197,,15.559280209377134
Muell,162,SIGNAL4D_v5,True,36.613263125179955,,13.655674567753305,26.381595513584895,38.52929653875654,23.231431427105754,,13.655674567753302
Muell,164,SIGNAL4D_v5,True,40.49923941423769,,12.751071109900742,28.2198329247365,39.581064442542214,25.190981379465185,,12.751071109900739
Muell,166,SIGNAL4D_v5,True,39.4294542108834,,8.647341470517627,29.35301937920903,39.067493765903485,26.032053390251978,,8.647341470517627
Muell,168,SIGNAL4D_v5,True,38.62717540348627,,7.914589890374598,29.02392704288025,38.42035993047202,26.02073324582349,,7.914589890374598
Muell,170,SIGNAL4D_v5,True,41.61745971447861,,9.853264415714781,30.194310112194447,41.96977377526113,26.797954288460758,,9.853264415714781
Mutter,186,SIGNAL4D_v5,True,51.91962277411362,,8.651142645104954,46.10903956320207,59.04553811718024,40.58247404428209,,8.651142645104954
Mutter,188,SIGNAL4D_v5,True,51.54668590053523,,9.01127712115053,45.283908120823426,56.86304878531551,39.996264846596915,,9.01127712115053
Mutter,190,SIGNAL4D_v5,True,48.29407257227569,,7.534271711780966,41.37169880980108,52.439321926326606,36.53079835305226,,7.534271711780965
Mutter,192,SIGNAL4D_v5,True,49.65723007338037,,7.582396247006233,41.61264903565893,51.28043026425597,36.782337616735106,,7.582396247006233
Mutter,194,SIGNAL4D_v5,True,44.79742156427187,,8.077224715826247,34.01928376078445,43.00071877990913,30.136124182555044,,8.077224715826247
Mutter,196,SIGNAL4D_v5,True,46.70968076500944,,7.582019662105969,31.532493990271497,41.19773962419531,28.611742558785725,,7.582019662105969
Mutter,198,SIGNAL4D_v5,True,41.70237389609874,,8.002897064068616,28.903413963566045,38.45161890200197,25.591968855065293,,8.002897064068616
Mutter,200,SIGNAL4D_v5,True,41.066710848452765,,7.369575714263214,27.064446929658658,38.477466330097826,23.850316286509553,,7.369575714263215
Mutter,202,SIGNAL4D_v5,True,42.976108466623884,,7.630698220299748,28.899102503836254,42.76661486618061,25.471632409974017,,7.630698220299748
Mutter,204,SIGNAL4D_v5,True,43.06641305478411,,9.005600908138277,35.62807136273165,54.01539026019688,30.595782728633612,,9.005600908138275
Mutter,206,SIGNAL4D_v5,True,47.148195988352484,,11.293215257404192,42.097900238118626,63.414309044698264,36.48404009695005,,11.293215257404192
Naehen,201,SIGNAL4D_v5,False,39.12367324802186,15.909950040696643,9.855003564790453,21.671109580961694,31.770279691651776,19.582360958653105,15.909950040696646,9.855003564790453
Naehen,203,SIGNAL4D_v5,False,36.0738585716236,17.65161450932627,10.410990680722959,22.411930355292476,31.89427363389988,19.86982281765433,17.651614509326272,10.41099068072296
Naehen,205,SIGNAL4D_v5,False,36.06248444382125,15.995853587769723,10.972901689893945,23.54060853090872,34.035366362680676,20.76682363964705,15.995853587769727,10.972901689893945
Naehen,207,SIGNAL4D_v5,False,36.05277001962194,16.142723086992795,10.52357861511847,23.304176819460245,33.391689748811686,20.57507441893982,16.142723086992795,10.52357861511847
Naehen,209,SIGNAL4D_v5,False,36.01334226910728,16.319806969657954,10.528988737819995,22.376280815303936,31.823748020797584,19.817719489500554,16.319806969657957,10.528988737819999
Naehen,211,SIGNAL4D_v5,False,36.57603881908815,15.942722853827679,10.711451636316033,23.26285659400473,33.370750846997794,20.605637452490736,15.942722853827675,10.711451636316033
Naehen,213,SIGNAL4D_v5,False,36.37504809069171,17.355175063768797,11.028044641011455,20.553169365570906,30.285697695035935,18.045092102086883,17.355175063768797,11.028044641011457
Naehen,215,SIGNAL4D_v5,False,37.16712048852443,16.014966154039406,10.670302774484961,23.596763144187697,34.775660333934766,20.809656475231623,16.014966154039403,10.670302774484961
Naehen,217,SIGNAL4D_v5,False,37.28394253469505,15.802687461046748,11.437060511856506,22.57754129336862,31.95986991496235,20.018268927391667,15.802687461046748,11.437060511856505
Naehen,219,SIGNAL4D_v5,False,36.13263560040575,14.142325034362536,11.33688927188759,24.893071689712688,34.20119026741092,22.209005900902394,14.142325034362536,11.33688927188759
Naehen,221,SIGNAL4D_v5,False,36.32895301058816,11.886770980158433,10.593007094507385,24.32538540527313,34.6095672306755,21.402386009070792,11.886770980158433,10.593007094507385
Naehen,223,SIGNAL4D_v5,False,35.38927016294843,12.621580372213863,10.542767786807064,24.215847344017973,32.740327472399905,21.42878836460189,12.621580372213867,10.542767786807064
Naehen,225,SIGNAL4D_v5,False,34.60922641296984,12.097688250409854,10.372952130104526,28.183854569913155,36.993323170458886,25.229546867616808,12.097688250409854,10.372952130104526
Naehen,227,SIGNAL4D_v5,False,38.81236750998143,18.84194536708003,11.187175324145421,36.463962755812766,43.024639959329484,32.55885902162044,18.84194536708003,11.187175324145421
Naehen,229,SIGNAL4D_v5,False,45.614743008799174,27.017086993501266,13.060596951509275,47.43508062568324,63.51513910674343,41.67705681985958,27.017086993501266,13.060596951509275
Nebel,196,SIGNAL4D_v5,False,43.27063023237272,10.109143856971768,7.738584336765836,35.59238727486003,57.82949505560634,30.71525710543042,10.109143856971768,7.738584336765836
Nebel,198,SIGNAL4D_v5,False,53.00781628123933,10.170646531827304,8.032478493626831,44.78846799951054,67.52725130499005,38.83000572624746,10.170646531827304,8.032478493626831
Nebel,200,SIGNAL4D_v5,False,46.88650410874439,12.163606262410466,8.781718861468367,40.544646348266845,57.26278410673626,35.55949857878835,12.163606262410466,8.781718861468367
Nebel,202,SIGNAL4D_v5,False,46.07886728871696,10.348749583061673,10.879385326292025,41.01814027024929,56.14522696344964,36.22360194179234,10.348749583061673,10.879385326292025
Nebel,204,SIGNAL4D_v5,False,41.446167728533965,10.74440314373041,11.45990866489728,34.235434409327816,46.7791429520833,30.114233594678886,10.744403143730406,11.45990866489728
Nebel,206,SIGNAL4D_v5,False,45.33134469378527,11.470523916707046,14.191810644801778,38.82544985184731,58.50004012969353,33.4907081938514,11.470523916707046,14.191810644801777
Nebel,208,SIGNAL4D_v5,False,47.451859688056544,13.607793222076083,13.006744446144326,46.35925265946297,73.95269999345577,39.59928302095219,13.607793222076083,13.006744446144324
Neu,134,SIGNAL4D_v5,False,42.1325757721407,13.852529696273487,11.298077900940205,29.22501918444553,41.39616836068882,26.185642463346017,13.852529696273487,11.298077900940205
Neu,136,SIGNAL4D_v5,False,42.95379020649862,14.212799731339366,11.587045495075252,31.632171460122205,45.811124463876496,28.038950570592913,14.212799731339366,11.587045495075252
Neu,138,SIGNAL4D_v5,False,40.10681967155648,18.646242416529443,10.118861757577202,28.04162729756103,41.812885264470125,25.44354155449303,18.646242416529443,10.118861757577202
Neu,140,SIGNAL4D_v5,False,40.155897137201094,12.206562401162072,10.032996839753963,31.212614858959114,47.03745589377732,28.049189822425824,12.206562401162069,10.032996839753963
Neu,142,SIGNAL4D_v5,False,39.40601617605299,19.304088590661593,10.067987790404755,28.496836380584142,43.03757507113446,25.765598001165007,19.304088590661596,10.067987790404755
Neu,144,SIGNAL4D_v5,False,39.338106572073045,12.743215388726865,10.594871823919048,30.773721445022655,46.17718129580037,27.309957305176777,12.743215388726865,10.594871823919048
Neu,146,SIGNAL4D_v5,False,39.354382427650286,17.915742823980175,10.448393683232778,27.34199215939789,40.75712149373525,24.863188603746973,17.915742823980175,10.448393683232778
Neu,148,SIGNAL4D_v5,False,39.67281019813693,17.98389927581828,9.56072380693962,23.350517690190067,34.45036120812946,21.110251194760234,17.98389927581828,9.56072380693962
Neu,150,SIGNAL4D_v5,False,42.34307188672571,14.570280365559226,10.855823852529538,27.7507347466845,40.906734336514035,25.259601476008477,14.570280365559226,10.85582385252954
Neu,152,SIGNAL4D_v5,False,42.38022454449017,11.786049213644816,9.609033036131299,28.521691902766257,42.9755586213607,25.728042512037256,11.786049213644816,9.609033036131299
Neu,154,SIGNAL4D_v5,False,37.42612950949141,18.79917929650401,7.820062861322328,26.318411257262685,37.445162105403604,23.48647655003671,18.79917929650401,7.820062861322328
Neu,156,SIGNAL4D_v5,False,37.82028855838258,11.731182125230859,6.498122434290355,26.74684069545135,39.98811480607676,23.871709094545956,11.731182125230859,6.498122434290355
Neu,158,SIGNAL4D_v5,False,35.4303310590736,19.215304631042798,5.922025765030789,22.830250946535127,32.3008443433519,20.282500426994787,19.215304631042798,5.922025765030789
Neu,160,SIGNAL4D_v5,False,40.517852206293526,18.160097669637175,8.876709663927304,28.24692718579784,42.7618723268561,24.767045050426677,18.160097669637175,8.876709663927306
Neu,162,SIGNAL4D_v5,False,39.82031703288148,24.927375736205846,10.582858609711792,30.048017468613793,41.09858550427306,26.456657335452203,24.927375736205846,10.582858609711792
Neu,164,SIGNAL4D_v5,False,42.43853814690643,27.373960634227217,12.987601278396893,31.91955076109586,45.97062578577977,27.790517882113082,27.373960634227206,12.987601278396893
Neu,166,SIGNAL4D_v5,False,39.98675004434039,30.652239129119923,14.906018995519196,31.790859403318105,43.365878804266174,28.36581121362669,30.652239129119923,14.906018995519196
Neu,168,SIGNAL4D_v5,False,44.22459002818692,39.96982299499419,18.505772946910113,42.624183700206316,56.69427588704387,37.69786662263955,39.96982299499419,18.505772946910113
Operieren,261,SIGNAL4D_v5,False,37.83134189636022,13.474985908700805,10.663425102948633,26.86959620160448,39.06054952521231,23.436872242837712,13.474985908700805,10.663425102948631
Operieren,263,SIGNAL4D_v5,False,39.07132077190458,13.442426889870701,10.553019487422192,26.528923427659887,40.45539792226572,23.13523264063499,13.442426889870701,10.553019487422192
Operieren,265,SIGNAL4D_v5,False,38.44095670201469,14.167746329085983,10.920373472936179,25.07960085084246,36.83154977455862,21.98740233716145,14.167746329085983,10.920373472936179
Operieren,267,SIGNAL4D_v5,False,36.83149078952556,13.168441226769673,11.023091648106988,23.758133177142003,36.16770646915197,20.585566834470878,13.168441226769673,11.023091648106988
Operieren,269,SIGNAL4D_v5,False,37.53661202856233,13.352947911075404,10.255565095167295,24.32469577650388,37.0765702241841,21.103024162932872,13.352947911075406,10.255565095167295
Operieren,271,SIGNAL4D_v5,False,40.28924804878422,13.121919667597666,9.605047753960408,24.859586439724662,38.53523957409487,21.458778344596617,13.121919667597666,9.605047753960408
Operieren,273,SIGNAL4D_v5,False,35.92726374596343,13.320949317063082,8.833452450996223,24.443740663548027,37.51000091580783,21.017800748844532,13.320949317063082,8.833452450996225
Operieren,275,SIGNAL4D_v5,False,37.833058848258005,13.45154609470914,6.8437816841126695,23.19343356009503,36.48076928184683,19.83931305391433,13.45154609470914,6.84378168411267
Operieren,277,SIGNAL4D_v5,False,42.49079281803809,13.798539428509459,5.957842157245934,24.508350506094118,38.680216649481096,21.00753013629989,13.798539428509459,5.957842157245935
Operieren,279,SIGNAL4D_v5,False,40.664125436115306,14.615872688233543,6.868759900343269,26.663094797252004,41.49053307846907,22.956555053903077,14.615872688233543,6.86875990034327
Operieren,281,SIGNAL4D_v5,False,37.155154462723175,18.991047272894022,9.012019854730191,28.052672814545215,40.19718472029416,24.333554107419026,18.991047272894022,9.012019854730191
Operieren,283,SIGNAL4D_v5,False,38.43860800604055,16.030006124527112,11.603735751506923,32.00189708590486,43.38004474995296,27.920058643238832,16.030006124527112,11.603735751506923
Operieren,285,SIGNAL4D_v5,False,38.4757555123278,14.366700258301721,11.060414352416876,31.148315373677008,41.4763599181348,27.278823055572587,14.366700258301721,11.060414352416876
Operieren,287,SIGNAL4D_v5,False,33.62918269888977,15.297819208137962,11.204799527350486,27.628801193624913,36.95619115154919,24.25128021705873,15.297819208137962,11.204799527350486
Operieren,289,SIGNAL4D_v5,False,40.1632728620847,15.28773202429082,9.930846674798058,35.92008876833725,42.546863120149176,32.02627644478993,15.28773202429082,9.930846674798058
Operieren,291,SIGNAL4D_v5,False,43.06866532494731,14.873765694420504,11.217101767589549,40.962722562623874,49.97686880489293,36.4066985707627,14.873765694420504,11.217101767589549
Operieren,293,SIGNAL4D_v5,False,40.91552762916296,14.786673567526076,12.274966317381182,41.294947105556815,52.247829605596046,36.48465052968278,14.786673567526076,12.274966317381182
Operieren,295,SIGNAL4D_v5,False,45.10968339552552,14.377962060732722,15.013475694721578,47.46794042279048,60.86920329014983,41.883094523024674,14.377962060732724,15.013475694721576
Operieren,297,SIGNAL4D_v5,False,49.31674953300647,35.18195698049283,19.613861388403606,53.04284081037344,65.40025785016289,47.147123154487026,35.18195698049283,19.61386138840361
Regen,196,SIGNAL4D_v5,False,45.31558347378226,16.359944019843894,13.57634867064424,44.70166977888325,49.83185674784126,40.285745444186965,16.359944019843894,13.57634867064424
Regen,198,SIGNAL4D_v5,False,45.44565292865406,11.199661866854104,12.69716429692629,42.53559752466485,49.68302321709953,38.11599994064794,11.199661866854104,12.697164296926292
Regen,200,SIGNAL4D_v5,False,46.277052690157014,11.403862447788834,12.324390145236938,43.12383149263395,50.88110224800218,38.55787114702695,11.403862447788834,12.324390145236938
Regen,202,SIGNAL4D_v5,False,48.56261343472893,14.243801429094566,11.216804904369816,48.23956599973076,50.64853531361356,43.72001229527422,14.243801429094566,11.216804904369816
Regen,204,SIGNAL4D_v5,False,45.89252741624464,10.884944979205134,11.409663972005056,43.92970049778418,49.10061504197943,39.66864818701929,10.884944979205137,11.409663972005056
SauerWuetend,191,SIGNAL4D_v5,True,48.81252271773461,,11.288916357969821,40.39274250699917,47.62610583283587,36.549363493488464,,11.288916357969821
SauerWuetend,193,SIGNAL4D_v5,True,50.95908406644623,,13.019076099776306,42.67371257957107,49.440414249759485,38.07859974137626,,13.019076099776308
SauerWuetend,195,SIGNAL4D_v5,True,51.777515485435316,,11.539823249119703,41.18380965277242,47.538380709252834,37.06994785341797,,11.539823249119703
SauerWuetend,197,SIGNAL4D_v5,True,49.383130965554734,,10.50383961691295,39.288206567393146,46.57171644050938,35.2577602045827,,10.503839616912952
SauerWuetend,199,SIGNAL4D_v5,True,45.803789139208774,,12.363589412832791,35.61233680777751,41.97914815448569,32.131730722718245,,12.363589412832791
SauerWuetend,201,SIGNAL4D_v5,True,40.32227528955652,,8.72884064199662,28.569393570811147,39.018196466804255,25.94100726095964,,8.72884064199662
SauerWuetend,203,SIGNAL4D_v5,True,41.32637085147178,,8.77821608411423,27.39781764102288,39.954070690672935,23.994963991075753,,8.77821608411423
SauerWuetend,205,SIGNAL4D_v5,True,40.16227282453995,,8.100249719760468,28.854555837760852,40.91217584440595,25.716150644936487,,8.100249719760468
SauerWuetend,207,SIGNAL4D_v5,True,39.78630894473031,,8.874909460482518,28.848803637067004,40.85928727195483,25.436821340203426,,8.874909460482518
SauerWuetend,209,SIGNAL4D_v5,True,37.59581004419377,,10.66714107242054,30.24406868083438,42.131342034418694,26.550416533170836,,10.66714107242054
SauerWuetend,211,SIGNAL4D_v5,True,44.75910397835048,,15.823194787909536,38.6046657806807,56.70183756104759,33.71313484396899,,15.823194787909538
Schreiben,209,SIGNAL4D_v5,False,48.00660169188105,10.142111297125133,8.008085739531197,34.12746793560548,53.776476709918825,29.04909368300566,10.142111297125133,8.008085739531195
Schreiben,211,SIGNAL4D_v5,False,46.28507397901472,12.62842246641067,8.009254543130185,32.44745726460257,52.56232741537706,27.459243841917,12.62842246641067,8.009254543130185
Schreiben,213,SIGNAL4D_v5,False,43.21038085392949,10.756148173448526,9.334998689061738,31.54991251087575,51.54845533589703,26.70522766739241,10.756148173448526,9.334998689061738
Schreiben,215,SIGNAL4D_v5,False,39.4010201154375,12.56647129533398,7.932185671869862,32.19075520006957,48.77495105916961,27.66707251925462,12.56647129533398,7.932185671869862
Schreiben,217,SIGNAL4D_v5,False,41.67758049530605,10.805390071937257,8.138514226492518,27.455190576890832,43.78475296198673,23.83760424876385,10.805390071937257,8.138514226492518
Schreiben,219,SIGNAL4D_v5,False,41.37604143092025,10.397067339760952,9.716173067882586,24.501713285758143,38.0515078572378,21.29043308580241,10.397067339760952,9.716173067882586
Schreiben,221,SIGNAL4D_v5,False,41.32473543547393,9.707007349319271,11.29439571507613,39.29395332542676,53.63406006442163,34.289507450920794,9.707007349319271,11.294395715076133
Schreiben,223,SIGNAL4D_v5,False,45.38406700111428,9.25479262018193,12.879603942646934,46.33867122279727,59.14006591245746,41.036089848965524,9.25479262018193,12.879603942646934
Schreiben,225,SIGNAL4D_v5,False,45.427996533018614,12.303941956388293,13.399934031870195,46.182749295814716,58.52156676913765,40.97460613699056,12.303941956388293,13.399934031870195
Schreiben,227,SIGNAL4D_v5,False,54.59292268550833,12.717228445933708,13.548367354927558,56.23952337911947,58.788794620880054,50.97800766711051,12.717228445933708,13.548367354927558
Schreiben,229,SIGNAL4D_v5,False,54.448928667565035,10.827606663092862,14.353537258676953,52.26641336816264,59.27750091046776,46.77910273199162,10.827606663092862,14.353537258676953
Schwach,188,SIGNAL4D_v5,False,52.06229844639247,10.247265986841757,10.315876734538172,52.28539214925954,60.3406436412057,47.3479358673244,10.247265986841757,10.315876734538172
Schwach,190,SIGNAL4D_v5,False,50.480266946026475,10.52499628460098,10.50756125092885,48.37211714977806,64.65410016306255,42.540539841925295,10.52499628460098,10.50756125092885
Schwach,192,SIGNAL4D_v5,False,50.94239160511351,10.010666002928751,10.222704172252273,51.72142996948595,58.79441358158822,46.93286485939865,10.010666002928751,10.222704172252273
Schwach,194,SIGNAL4D_v5,False,52.17978925713596,10.19625219743361,10.368530073390671,51.50182452767494,64.19835980703668,45.890731198691334,10.19625219743361,10.368530073390671
Schwach,196,SIGNAL4D_v5,False,51.47672892591615,10.16903894054008,9.985947326238096,50.41588096837591,62.413612775985364,44.923227652155845,10.16903894054008,9.985947326238094
Schwach,198,SIGNAL4D_v5,False,48.314435451913596,9.945054139406766,10.188264068601576,47.77435100148502,59.267680007616654,42.67482278156095,9.945054139406768,10.188264068601576
Schwach,200,SIGNAL4D_v5,False,51.2036013995282,10.461693291192315,9.775325894138241,49.90155737985939,60.90853527032183,44.683258341925885,10.461693291192315,9.775325894138241
Schwach,202,SIGNAL4D_v5,False,51.01602916763463,10.082714806962045,10.309143351494361,50.23101513195765,60.17671488131626,45.09589716602006,10.082714806962045,10.309143351494361
Schwach,204,SIGNAL4D_v5,False,52.1453637947452,10.33860681617557,11.399730850768,50.169610825134086,54.951319080123795,45.532038388293294,10.33860681617557,11.399730850768
Schwach,206,SIGNAL4D_v5,False,53.3437563076059,10.265085508864916,10.715967694389096,51.847328610254365,56.12647881905719,47.16956773497118,10.265085508864916,10.715967694389096
Schwach,208,SIGNAL4D_v5,False,54.38747585728603,10.543036405387788,10.374914922046235,53.427144620438895,53.97978934880706,48.80508623273864,10.543036405387788,10.374914922046235
Schwach,210,SIGNAL4D_v5,False,61.805986117330875,12.963370183762997,11.765323140238985,62.22251176515312,66.12328388898729,56.24198990721432,12.963370183762999,11.765323140238985
Schwach,212,SIGNAL4D_v5,False,59.44521979205266,13.43033465466485,11.900077303446334,60.52643722748542,62.87037102991841,54.933480340610316,13.43033465466485,11.900077303446334
Schwach,214,SIGNAL4D_v5,False,60.55906428181855,12.402381552314374,16.932658823829914,61.057494918175834,65.17556239757471,55.10307333276495,12.402381552314374,16.932658823829914
Schwer,199,SIGNAL4D_v5,False,34.799557438688495,13.282025702942647,16.04716216559947,23.66069863622631,32.84605780522323,20.837351131206052,13.282025702942647,16.04716216559947
Schwer,201,SIGNAL4D_v5,False,39.329006091417746,13.745122339649578,15.811144494858782,23.775846161614545,33.80552752015657,21.629926920666293,13.745122339649578,15.811144494858782
Schwer,203,SIGNAL4D_v5,False,40.39458883202591,12.986623740566783,16.17637250307077,23.697809760598552,34.04944423891085,21.532969415229463,12.986623740566783,16.17637250307077
Schwer,205,SIGNAL4D_v5,False,42.033644170885445,12.75376591187633,16.282801953503576,26.152912304070956,36.998546536788446,23.732973945600943,12.75376591187633,16.282801953503576
Schwer,207,SIGNAL4D_v5,False,39.975237147324016,12.447217265948133,15.971577996089582,25.807286504098073,36.267365697257155,23.340607648487826,12.447217265948131,15.971577996089582
Schwer,209,SIGNAL4D_v5,False,40.17469173050744,12.307976309795823,14.782448329601701,25.19923338735823,36.60161909741448,22.89334537777372,12.307976309795823,14.782448329601701
Schwer,211,SIGNAL4D_v5,False,37.53546146820943,13.015804025735434,14.400527280305221,27.748606872767976,32.571996353872294,24.965577350597172,13.015804025735434,14.400527280305221
Schwer,213,SIGNAL4D_v5,False,35.11136300436372,11.162365984048295,10.205144644909247,26.1959750632722,32.455464416682254,23.53578985659503,11.162365984048295,10.205144644909247
Schwer,215,SIGNAL4D_v5,False,37.89021554821623,9.713470263238307,9.965593724781032,23.473583498699583,34.18588276872419,21.16669313551761,9.713470263238307,9.965593724781032
Schwer,217,SIGNAL4D_v5,False,39.67608625978267,10.351226396224794,8.609018739777316,24.250242140444513,35.7629261947351,21.81461055655647,10.351226396224789,8.609018739777316
Schwer,219,SIGNAL4D_v5,False,35.59393871383809,9.128192060402046,7.385655414243557,24.01944474731589,32.09172976670027,21.195725970777175,9.128192060402045,7.385655414243557
Schwer,221,SIGNAL4D_v5,False,42.304074326455925,9.583973563820948,6.423335830890908,37.200379002555664,38.91901472539353,33.88069423918331,9.583973563820948,6.423335830890908
Schwer,223,SIGNAL4D_v5,False,54.90720455166442,11.807882265816934,7.013779704507394,52.82444026025232,56.99702252022777,47.73945279624707,11.807882265816934,7.013779704507394
Schwer,225,SIGNAL4D_v5,False,59.35560013539218,11.79971644528819,10.821372939533868,60.579142830977254,60.89374529562164,55.09424147381512,11.79971644528819,10.821372939533868
Sonne,198,SIGNAL4D_v5,True,43.00250388889971,,86.07706337443003,44.15715266262889,72.54251984466185,37.07063222733117,,86.07706337443003
Sonne,200,SIGNAL4D_v5,True,41.829974125396475,,85.53284198147065,38.63480036541132,68.95969683142735,32.01306847766954,,85.53284198147065
Sonne,202,SIGNAL4D_v5,True,42.356318171703236,,84.80386096375993,38.10292228375298,67.6183751410515,31.840054535017185,,84.80386096375993
Sonne,204,SIGNAL4D_v5,True,43.42067514048409,,83.19943360312762,37.937477096725644,66.8658481283947,31.39748067263225,,83.19943360312762
Sonne,206,SIGNAL4D_v5,True,43.33458167723869,,81.4156026199419,38.24297922969904,67.44020044324714,31.639789049158665,,81.41560261994188
Sonne,208,SIGNAL4D_v5,True,43.94535431690464,,78.95976655958225,39.12783165115243,69.46380528323542,32.40569482535962,,78.95976655958225
Sonne,210,SIGNAL4D_v5,True,36.906062798102816,,8.636371993218049,29.039002208118497,37.117985608721305,25.528658188455523,,8.636371993218049
Sonne,212,SIGNAL4D_v5,True,37.008191149785645,,5.681477316700643,25.362112363580454,33.63473666602009,22.25519887896915,,5.681477316700643
Sonne,214,SIGNAL4D_v5,True,41.685548326432496,,6.717410093666094,27.796327314102662,37.465423449636624,24.444022228169167,,6.717410093666094
Sonne,216,SIGNAL4D_v5,True,40.43015172330946,,6.839249741132663,26.2716806430582,38.06271725952336,22.933371060570583,,6.839249741132663
Sonne,218,SIGNAL4D_v5,True,40.91733445725869,,8.392837908104207,25.741223221808486,38.979365974467065,22.511575919656806,,8.392837908104207
Sonne,220,SIGNAL4D_v5,True,37.69426361303024,,8.374881789563537,28.431875675416162,40.16388810839158,24.64804227051514,,8.374881789563537
Sonne,222,SIGNAL4D_v5,True,40.58574327541917,,9.94860718512585,36.36162992545573,47.563587770329185,31.757265213286235,,9.94860718512585
Sonne,224,SIGNAL4D_v5,True,47.09625252181192,,11.769995310097745,43.91081603811394,55.12709371763521,38.79112201276974,,11.769995310097748
Sorry,196,SIGNAL4D_v5,True,49.472069521170354,,21.028661512926213,38.532245364878555,50.25465274098663,34.137164710623246,,21.028661512926213
Sorry,198,SIGNAL4D_v5,True,49.675180622043975,,17.85721457026705,41.9777213247763,53.79367450524032,37.13808785003645,,17.85721457026705
Sorry,200,SIGNAL4D_v5,True,51.908711042830504,,19.114406458943392,42.16280021121574,53.5211646594282,37.24739078982888,,19.114406458943392
Sorry,202,SIGNAL4D_v5,True,48.03680213979764,,17.099909974360624,36.31896891137935,46.65941302575111,32.02350580099191,,17.099909974360624
Sorry,204,SIGNAL4D_v5,True,44.97374007358034,,18.329697188400125,36.81498262470114,50.08189206081635,31.74567416555576,,18.329697188400125
Sorry,206,SIGNAL4D_v5,True,43.36218387352949,,13.951439235002205,34.47082006192211,43.969622701172675,29.99280409743558,,13.951439235002205
Sorry,208,SIGNAL4D_v5,True,42.5035318762196,,11.589590735842028,35.101594946006045,44.247601947141995,30.600897871199187,,11.589590735842028
Sorry,210,SIGNAL4D_v5,True,38.6622474785482,,11.587019824672305,30.805793148234592,39.97065234164658,26.877757722880094,,11.587019824672309
Sorry,212,SIGNAL4D_v5,True,41.108213340566955,,11.669743755574192,29.766987707947997,38.78442512655992,26.06088449643462,,11.669743755574192
Sorry,214,SIGNAL4D_v5,True,38.230891187339104,,11.143569854963836,28.5016295245875,37.78387819546981,25.174278766029307,,11.143569854963836
Sorry,216,SIGNAL4D_v5,True,35.61164721844336,,10.03029369057903,27.376393104719295,35.835669525148845,24.18784994966319,,10.030293690579029
Sorry,218,SIGNAL4D_v5,True,35.25435883953333,,10.476829034194614,25.718520476583677,35.34434997368211,22.525316988302432,,10.476829034194614
Sorry,220,SIGNAL4D_v5,True,38.60308355759603,,9.074495832819045,32.95774084390955,46.2055684342594,28.219087470918595,,9.074495832819045
Sorry,222,SIGNAL4D_v5,True,40.596469052244174,,8.978840822987461,39.0140823754068,54.01062412413062,33.32282395553497,,8.97884082298746
SparenSparsam,191,SIGNAL4D_v5,False,35.323026573584116,15.839417759059893,11.512894103868737,24.900120414823473,34.82310411666052,21.893924499863857,15.839417759059893,11.512894103868737
SparenSparsam,193,SIGNAL4D_v5,False,36.165176352115544,18.339722072231538,11.9928806837926,23.881351966679656,34.802798356463896,20.950360923742913,18.339722072231538,11.992880683792603
SparenSparsam,195,SIGNAL4D_v5,False,37.288510915951186,16.415732518273206,10.948426188460315,22.64766478571619,34.151733477505964,19.557783356406688,16.415732518273206,10.948426188460319
SparenSparsam,197,SIGNAL4D_v5,False,38.70838264322815,15.464616014273194,10.034609400925191,23.9472624139778,34.86591337893815,21.038463165136683,15.464616014273194,10.034609400925191
SparenSparsam,199,SIGNAL4D_v5,False,36.747177779733654,15.13980716148981,10.414671079079145,25.14023660338419,37.227019181719115,22.19617645222167,15.139807161489808,10.414671079079145
SparenSparsam,201,SIGNAL4D_v5,False,40.5235805886228,16.090073718069362,12.384622800169671,36.772549495681744,51.3934512592263,32.082154579685195,16.090073718069362,12.384622800169671
SparenSparsam,203,SIGNAL4D_v5,False,43.906127360206995,23.632810722288333,11.346213186598543,37.26556205924091,52.43009992809881,32.5369482556174,23.632810722288333,11.346213186598543
SparenSparsam,205,SIGNAL4D_v5,False,41.97014536515547,17.76974881876896,10.71055714608135,37.868084706097754,43.83586679868255,34.168879693542245,17.76974881876896,10.710557146081351
SparenSparsam,207,SIGNAL4D_v5,False,42.54072789677153,32.10302196107411,11.970039041753495,35.11449083764717,46.81402275711399,31.098372951824256,32.10302196107411,11.970039041753495
Spezial,165,SIGNAL4D_v5,False,36.58523895541024,8.978120677262533,13.838393995504653,26.28214537603914,35.109940458645035,23.600145040795383,8.978120677262533,13.838393995504653
Spezial,167,SIGNAL4D_v5,False,34.26905558096151,9.299011104765036,13.742229891170943,25.83667873832954,35.71700861472453,22.874632592060063,9.299011104765036,13.742229891170943
Spezial,169,SIGNAL4D_v5,False,35.38529533548626,9.485246886778773,13.353771745199644,25.78990328081497,35.03623086349064,22.882520092241666,9.485246886778773,13.353771745199644
Spezial,171,SIGNAL4D_v5,False,35.11099966956108,9.118231212368393,13.066697333637556,24.84106453712164,32.38908973363282,22.164139533745498,9.118231212368393,13.066697333637556
Spezial,173,SIGNAL4D_v5,False,38.6017904027755,8.796839856856321,13.5912839360984,26.312117838915427,34.84721678651261,23.70432652267698,8.796839856856321,13.5912839360984
Spezial,175,SIGNAL4D_v5,False,36.06443197563612,9.083988843015257,11.628500495811682,24.55788293962183,32.752437480779854,22.075917158253706,9.083988843015257,11.628500495811682
Spezial,177,SIGNAL4D_v5,False,37.423742130740145,9.412154885037799,11.386255023562372,25.423529060038334,34.167591659740815,22.773805640785202,9.412154885037799,11.386255023562372
Spezial,179,SIGNAL4D_v5,False,36.58440825900484,7.886978493056023,9.78443746334271,24.87780758023966,31.943187202412176,22.475866090662343,7.886978493056023,9.78443746334271
Spezial,181,SIGNAL4D_v5,False,37.43502860772002,8.826798486744897,8.157128012368641,24.008415696859945,31.47264969973247,21.554247306876402,8.826798486744897,8.157128012368641
Spezial,183,SIGNAL4D_v5,False,37.00681783783544,8.838948687686708,8.381639647734367,24.20896018126309,30.81420673237055,21.815196098086385,8.838948687686708,8.381639647734367
Spezial,185,SIGNAL4D_v5,False,34.17003942333613,9.02320970950668,8.856250524177863,24.01184282342922,28.47394416560434,21.360612665154676,9.02320970950668,8.856250524177863
Spezial,187,SIGNAL4D_v5,False,46.13693610200719,9.99822944564847,9.49210046944098,40.3084199879647,45.47998800342505,36.117643519752306,9.99822944564847,9.49210046944098
Spezial,189,SIGNAL4D_v5,False,47.3964986171178,11.472429807256304,10.605066221049174,46.69894094885066,47.46498433905961,42.61001635003799,11.472429807256304,10.605066221049174
Spezial,191,SIGNAL4D_v5,False,58.12653169622262,15.6008211333659,15.926704540091464,53.443416134007315,58.00848218939841,47.96708121234369,15.6008211333659,15.926704540091464
Tisch,169,SIGNAL4D_v5,False,36.97045425157213,12.07619421123861,15.329861383291842,28.441878648751107,43.1116110914229,24.51774262144465,12.076194211238608,15.329861383291842
Tisch,171,SIGNAL4D_v5,False,143.59570255029948,13.231178401427876,68.81136461796403,184.25440458833944,290.14744837192336,156.62667854681982,13.231178401427876,68.81136461796405
Tisch,173,SIGNAL4D_v5,False,142.41427423904526,12.300334322988965,69.01026336392273,185.18760053973733,291.9030104862639,157.36562575946593,12.300334322988965,69.01026336392273
Tisch,175,SIGNAL4D_v5,False,40.43182942574232,12.788572340736577,18.966831317462507,29.29560310510785,42.18450354453414,25.03232969826804,12.788572340736577,18.966831317462507
Tisch,177,SIGNAL4D_v5,False,43.620409099529176,15.142855082808593,19.30351827794891,34.510130824713634,49.317602208509086,29.696427341740577,15.142855082808593,19.30351827794891
Tisch,179,SIGNAL4D_v5,False,41.93664922906337,12.017554249225276,15.950304951414859,33.49259705248815,48.05391526629533,28.77368001502777,12.017554249225277,15.950304951414859
Tisch,181,SIGNAL4D_v5,False,40.7452886895982,13.460242768023255,16.184432552230586,29.87954136154391,42.022538465631044,25.745759366643828,13.460242768023255,16.184432552230586
Tisch,183,SIGNAL4D_v5,False,44.24535850723102,11.978472721019402,15.021788573782597,32.26413229488203,44.610282089020714,27.776361732351205,11.978472721019402,15.021788573782597
Tisch,185,SIGNAL4D_v5,False,42.321448885908055,11.95932935356331,16.435727182767838,33.982594510463294,45.48808509640625,29.581212371198774,11.95932935356331,16.435727182767838
Tisch,187,SIGNAL4D_v5,False,42.2825133633042,12.23937837359678,17.656244201840416,33.06922426396427,44.245909126924595,28.733182500876495,12.239378373596777,17.656244201840416
Tisch,189,SIGNAL4D_v5,False,40.89076816878299,11.671156360583968,15.276981841275688,32.349646832617736,44.134194113473306,28.045842298917222,11.671156360583968,15.276981841275688
Tisch,191,SIGNAL4D_v5,False,37.43200735461345,11.487660186048542,14.42767785864368,31.07100860850855,44.65540458386559,26.76514777087185,11.487660186048542,14.42767785864368
Tisch,193,SIGNAL4D_v5,False,43.05767720997556,11.516330400158493,11.91302712810475,34.317403663049156,49.77783576009658,29.545448944830643,11.516330400158493,11.91302712810475
Tisch,195,SIGNAL4D_v5,False,42.260904973553174,9.170015613018789,11.132986560053505,30.629768335692503,47.54815911149904,26.031259518411158,9.170015613018787,11.132986560053505
Tisch,197,SIGNAL4D_v5,False,43.01583133766211,8.083979078677574,11.80549748115153,33.32836264331146,48.64286642914977,28.70051360406346,8.083979078677574,11.80549748115153
Tisch,199,SIGNAL4D_v5,False,40.94910361485478,7.302778776840656,12.144908755791121,28.105420642637927,40.699988628466876,24.43994944888513,7.302778776840656,12.144908755791121
Tisch,201,SIGNAL4D_v5,False,42.86979510712676,7.728125800981403,13.0932152534313,32.25000132547443,42.04301601794288,28.589004581333043,7.728125800981403,13.0932152534313
Tisch,203,SIGNAL4D_v5,False,45.175260258766365,11.192259056760774,12.33860353573011,38.399480982556284,45.75527562672302,34.574495616558366,11.192259056760774,12.33860353573011
Tisch,205,SIGNAL4D_v5,False,57.70719681487723,13.618126130662827,14.022019520227314,60.236505355361366,77.16198411934806,53.81946328047396,13.618126130662827,14.022019520227314
Tisch,207,SIGNAL4D_v5,False,55.8481186382909,10.890339391558353,14.023073078141582,55.96925528818294,67.720648410177,50.52588953230785,10.890339391558353,14.023073078141582
Tisch,209,SIGNAL4D_v5,False,62.91580517647931,20.492210423566576,27.130195946532687,60.839259451242874,64.1627097472244,55.12166338794492,20.492210423566572,27.130195946532687
Treffen,188,SIGNAL4D_v5,False,43.41195408644021,13.481785389138413,9.64250058468687,20.390122746855962,32.32109139160172,17.229559913106183,13.481785389138413,9.64250058468687
Treffen,190,SIGNAL4D_v5,False,42.27175548166791,16.27147256002993,8.80068897288963,20.100708538782005,30.967402006114114,17.148794254914495,16.27147256002993,8.80068897288963
Treffen,192,SIGNAL4D_v5,False,42.563163687728235,16.69639626322747,9.080341354319378,20.29890489885767,31.078296474554406,17.304089867012628,16.69639626322747,9.080341354319378
Treffen,194,SIGNAL4D_v5,False,41.66228470592157,15.28335902614275,8.470423394919013,25.754153134418985,34.23634186581572,22.683707230125226,15.283359026142753,8.470423394919015
Treffen,196,SIGNAL4D_v5,False,43.35291503169767,14.957796803446588,8.161667972587642,21.97005005923405,29.784634360042975,19.27910541922597,14.957796803446588,8.16166797258764
Treffen,198,SIGNAL4D_v5,False,44.86550943843925,18.323828571557943,7.95619760800701,20.131366176226024,28.99539783807285,17.362419965622948,18.323828571557947,7.956197608007011
Treffen,200,SIGNAL4D_v5,False,43.662087493969544,18.424036012689278,8.932303447074393,19.887219221905028,28.927512050833446,17.12642357348328,18.424036012689278,8.932303447074394
Treffen,202,SIGNAL4D_v5,False,44.437047836370375,13.02390154454129,8.202427411925822,28.830491806160364,32.41030930695284,25.84767197033003,13.023901544541294,8.202427411925822
Treffen,204,SIGNAL4D_v5,False,44.97474615158849,12.05068426209074,7.581481479146993,32.95889792267781,35.179152601484134,29.67995219667043,12.050684262090744,7.581481479146996
Treffen,206,SIGNAL4D_v5,False,39.75853889866678,13.680359670341304,7.466278658961516,28.37576173553167,36.961698277027,25.376488672266444,13.680359670341304,7.466278658961516
Treffen,208,SIGNAL4D_v5,False,41.68439818687513,27.06736629014035,8.923371473193827,31.310843867617518,39.08136722588973,28.049087422800156,27.067366290140356,8.923371473193827
Treffen,210,SIGNAL4D_v5,False,45.89353970695397,31.08190468201215,8.678841999040012,42.20164924537815,46.418513260146305,38.441704890345264,31.08190468201215,8.678841999040012
Treffen,212,SIGNAL4D_v5,False,53.38882823444781,26.544686060290076,31.666473410513074,52.08413263721426,42.09431924280394,49.16497621375275,26.54468606029007,31.666473410513074
Treffen,214,SIGNAL4D_v5,False,51.91869235953965,32.88995286539581,25.70731187390729,50.71887178636455,43.74253529033766,47.67746864896091,32.88995286539582,25.70731187390729
Vater,205,SIGNAL4D_v5,True,48.45107781325532,,11.499662070428084,44.390868326461415,61.03683144977248,38.239675867952016,,11.499662070428084
Vater,207,SIGNAL4D_v5,True,46.22150620597145,,11.418818580194065,41.5375276047863,55.36789739267913,36.07980534595433,,11.418818580194065
Vater,209,SIGNAL4D_v5,True,46.31194536087516,,12.127890973981755,42.172211700653804,56.81837278520896,36.556790051833076,,12.127890973981755
Vater,211,SIGNAL4D_v5,True,44.64669186623102,,12.013010741691506,37.37288111281878,48.82698060630169,32.74749506235674,,12.013010741691506
Vater,213,SIGNAL4D_v5,True,41.12021959072061,,11.159662938675066,34.97517178482546,45.79535279827185,30.524316237857402,,11.159662938675062
Vater,215,SIGNAL4D_v5,True,39.33939683302003,,11.14895335318761,28.39579746066112,38.10084551537906,25.010727733818285,,11.14895335318761
Vater,217,SIGNAL4D_v5,True,35.425508410439605,,11.080203735797538,25.59574774061746,39.23698806815943,22.209934648605273,,11.080203735797538
Vater,219,SIGNAL4D_v5,True,37.506180000692524,,11.285765835681842,24.456378844686757,35.48115793747365,21.280641026543524,,11.285765835681842
Vater,221,SIGNAL4D_v5,True,39.108844249607934,,10.540329688993845,26.471008797557882,39.803495961867704,23.110813680388453,,10.540329688993845
Vater,223,SIGNAL4D_v5,True,40.37057599838113,,10.56024789800354,28.466941394763882,43.11040363835925,24.92884184816924,,10.56024789800354
Vater,225,SIGNAL4D_v5,True,40.68909491160767,,11.87214311172786,36.146781142303524,55.58265325466731,31.00618763471443,,11.872143111727857
Vater,227,SIGNAL4D_v5,True,42.509610513632204,,12.188711582883156,43.08804261672359,62.101454802882884,36.90051434087259,,12.188711582883156
Verschieden,224,SIGNAL4D_v5,False,36.28202154407703,13.266134504281982,16.35506211329479,28.64664022072694,40.991261306826644,24.637846546852742,13.266134504281982,16.35506211329479
Verschieden,226,SIGNAL4D_v5,False,37.74540662226835,13.091003661746576,16.81232555438247,30.037473473071056,42.21940621913964,26.02653865490771,13.091003661746576,16.81232555438247
Verschieden,228,SIGNAL4D_v5,False,40.02608872330187,12.709928568684303,15.204019415505826,31.157298149440923,43.51968158203193,27.074488527286213,12.709928568684303,15.204019415505826
Verschieden,230,SIGNAL4D_v5,False,39.8958612072489,12.43444649913504,13.082932896487955,35.57982914606958,47.246429708239184,31.248477204881492,12.43444649913504,13.082932896487954
Verschieden,232,SIGNAL4D_v5,False,41.00259574843802,14.214555185155922,10.631154612828727,33.82711038113986,45.9948485701283,29.808494002820467,14.214555185155922,10.631154612828727
Verschieden,234,SIGNAL4D_v5,False,46.34735653658267,14.238249692194398,11.165403325260456,45.75776163462509,62.077234291855476,40.135269041774116,14.238249692194398,11.165403325260456
Verschieden,236,SIGNAL4D_v5,False,48.10294858797583,13.042057907052081,12.704531128983133,47.781721746183514,65.16179115799436,41.93801434792505,13.042057907052081,12.704531128983131
VorsichtPassAuf,171,SIGNAL4D_v5,False,31.195175514151565,6.647088301872972,12.89379684824862,22.307871064147495,31.62119464279415,19.325913306292154,6.647088301872972,12.89379684824862
VorsichtPassAuf,173,SIGNAL4D_v5,False,40.17417374624221,6.317239484071657,11.836115625184293,34.28735558834082,40.019792400119776,30.8437373369163,6.317239484071657,11.836115625184293
VorsichtPassAuf,175,SIGNAL4D_v5,False,33.07125970490113,7.031982803052251,11.497407256822521,25.581873997020683,37.27439932570343,22.304756104490256,7.031982803052251,11.497407256822521
VorsichtPassAuf,177,SIGNAL4D_v5,False,35.596426199511725,6.835958910831861,10.94215237815318,25.894108140117716,37.23977379200146,22.353134999990175,6.835958910831861,10.94215237815318
VorsichtPassAuf,179,SIGNAL4D_v5,False,36.686491297875754,7.07278684914542,11.603742698368132,26.34437530090453,37.98759869410231,22.770257685983392,7.07278684914542,11.603742698368132
VorsichtPassAuf,181,SIGNAL4D_v5,False,34.87749877181004,6.990763707250446,11.25950093410743,26.12486241676767,39.5500541018398,22.381634264016327,6.990763707250446,11.25950093410743
VorsichtPassAuf,183,SIGNAL4D_v5,False,36.309271195952725,7.051229815323087,11.592579772149028,26.565608770864273,38.706411003633114,22.975548147219524,7.051229815323087,11.592579772149028
VorsichtPassAuf,185,SIGNAL4D_v5,False,39.58449318595088,6.913151232391209,10.949368463420234,27.298435445007208,39.69034940188025,23.590748050036186,6.913151232391209,10.949368463420234
VorsichtPassAuf,187,SIGNAL4D_v5,False,37.55978751109626,7.088566381862866,11.770310065176469,26.838337635389994,38.71077745228858,23.275068717017216,7.088566381862864,11.770310065176469
VorsichtPassAuf,189,SIGNAL4D_v5,False,35.166557447055965,6.560779016538195,11.542040275353965,25.919833018959764,37.398367976360205,22.45826634005902,6.560779016538195,11.542040275353965
VorsichtPassAuf,191,SIGNAL4D_v5,False,33.91433435309212,6.592974617830068,11.331992727675694,24.658410431744667,37.49734473340668,20.90631010185392,6.592974617830068,11.331992727675694
VorsichtPassAuf,193,SIGNAL4D_v5,False,36.7370051788152,7.388804839270821,11.610894283052204,27.812479459641168,39.40415132661529,24.072427392946604,7.388804839270821,11.610894283052204
VorsichtPassAuf,195,SIGNAL4D_v5,False,35.62057668266641,6.975043884036758,10.261974162889409,24.92837032464729,38.817973891082765,21.160115655593867,6.975043884036758,10.261974162889409
VorsichtPassAuf,197,SIGNAL4D_v5,False,34.301194404501615,6.999555993034159,10.514019560269706,22.694852175160253,34.35820708917317,19.216432807402875,6.999555993034159,10.514019560269706
VorsichtPassAuf,199,SIGNAL4D_v5,False,31.32228773194679,7.468704715523201,8.943217844828494,22.172118865864363,31.310622671061836,19.15711372074851,7.4687047155232005,8.943217844828494
VorsichtPassAuf,201,SIGNAL4D_v5,False,32.77534743721431,7.290130571715084,8.229593062546378,23.37041849947008,34.13483218336768,20.146220214797975,7.290130571715084,8.229593062546378
VorsichtPassAuf,203,SIGNAL4D_v5,False,37.383628124750516,5.849285721048159,7.273191003869179,28.501126023766574,35.621510072185885,25.35893072581257,5.849285721048159,7.273191003869179
VorsichtPassAuf,205,SIGNAL4D_v5,False,39.18956250649901,6.966158448082548,7.4615732682103175,31.684234856326828,37.85900192122176,28.3223540933981,6.966158448082548,7.4615732682103175
VorsichtPassAuf,207,SIGNAL4D_v5,False,61.303925918384145,8.808043153732566,8.488690563421194,61.54470582849871,62.016246980087146,56.06591459122746,8.808043153732566,8.488690563421194
VorsichtPassAuf,209,SIGNAL4D_v5,False,57.961189863118136,14.733138110689428,11.25009879350904,62.46969566137955,61.08950089157497,57.24738196740739,14.733138110689428,11.25009879350904
Waschen,189,SIGNAL4D_v5,False,43.421963363806555,20.904483633181876,14.61043575154682,23.8656834075898,38.12399794497239,20.574940547107232,20.904483633181876,14.61043575154682
Waschen,191,SIGNAL4D_v5,False,46.175122693965214,21.052634142564216,15.894106729864836,26.32459248311193,42.73954453111734,22.770936431991014,21.052634142564216,15.894106729864836
Waschen,193,SIGNAL4D_v5,False,45.66606480168303,22.482070839092408,14.668823448370295,25.89792899798889,41.30345251705635,22.40726307410288,22.482070839092408,14.668823448370295
Waschen,195,SIGNAL4D_v5,False,55.54422416532634,20.832732607502162,14.273373448402415,35.88109909537397,44.82687444276287,32.24688446633693,20.832732607502162,14.273373448402415
Waschen,197,SIGNAL4D_v5,False,49.069064770192504,18.669508258318917,14.478448315623275,26.28770135855676,42.17884725723341,22.984182450030605,18.669508258318917,14.478448315623275
Waschen,199,SIGNAL4D_v5,False,52.580984205007326,16.08374947602935,14.257446210510551,28.78083828819185,45.84389220734082,25.414701904528595,16.08374947602935,14.257446210510551
Waschen,201,SIGNAL4D_v5,False,47.701994668261435,16.993299985603144,13.892514855814639,26.01411037212733,42.01072812736105,22.559707953914213,16.993299985603144,13.892514855814639
Waschen,203,SIGNAL4D_v5,False,44.981060020611544,17.28431732445143,13.850998739025659,25.31507658852123,40.15405761200511,22.135064316508412,17.28431732445143,13.850998739025655
Waschen,205,SIGNAL4D_v5,False,48.815134023941745,16.441637678055358,13.090363018315195,27.79926710575537,45.14058718499044,24.259788439104064,16.441637678055358,13.090363018315195
Waschen,207,SIGNAL4D_v5,False,48.3172365710019,15.519645196353279,13.28332722236436,27.954658714455732,45.499905360271484,24.243056003343913,15.519645196353277,13.28332722236436
Waschen,209,SIGNAL4D_v5,False,47.37295633774763,15.168691940144551,13.189115057848936,29.087340170010275,44.74582415745624,25.052314691756887,15.168691940144551,13.18911505784894
Waschen,211,SIGNAL4D_v5,False,45.35810534632296,14.535035234109827,12.778380667119576,27.55727201985601,44.91306928327573,23.65803331230122,14.535035234109827,12.778380667119576
Waschen,213,SIGNAL4D_v5,False,46.6035160824812,15.235287349723315,13.071151648160752,27.81173714255952,45.8134358784968,23.910987311448707,15.235287349723315,13.071151648160752
Waschen,215,SIGNAL4D_v5,False,44.01654454593332,14.90308959085359,12.755839069712664,28.720580777551,45.85699795254206,24.667776341203332,14.90308959085359,12.755839069712662
Waschen,217,SIGNAL4D_v5,False,38.96949153239507,15.187842332030781,10.802884776291965,29.350804330360305,43.85710255038918,25.14558129874254,15.187842332030781,10.802884776291965
Waschen,219,SIGNAL4D_v5,False,42.3329341775595,15.088818420863412,8.40621155738228,28.89120738384604,45.04154346322995,24.74476541842098,15.088818420863412,8.406211557382282
Waschen,221,SIGNAL4D_v5,False,40.789850761584184,14.982454882415842,7.848442088575165,28.394095107732184,44.536208038796296,24.495369382444373,14.982454882415842,7.848442088575165
Waschen,223,SIGNAL4D_v5,False,39.56673525884544,14.48923355129462,8.534502800455149,35.96343275809231,50.750808776358774,31.159562749301152,14.489233551294621,8.534502800455149
Waschen,225,SIGNAL4D_v5,False,39.87360108971121,16.055441882760995,8.953785298920268,36.04591075286731,52.94113713982935,30.88724085803058,16.055441882760995,8.95378529892027
Waschen,227,SIGNAL4D_v5,False,42.37881738619207,17.014770181043062,9.802128493710425,38.16797145159979,53.539665433121755,33.11385260670303,17.014770181043062,9.802128493710425
Waschen,229,SIGNAL4D_v5,False,45.15826602071085,18.054393428094233,11.755290232669404,45.49447333710556,60.420325110885834,39.91060761706166,18.054393428094233,11.755290232669404
Waschen,231,SIGNAL4D_v5,False,51.080029965223154,19.83063225567009,15.57423270038577,55.25118555082505,77.06237530483197,48.1131321606605,19.83063225567009,15.57423270038577
Waschen,233,SIGNAL4D_v5,False,51.09603740698191,18.610765357585137,17.629022503271447,54.587126808293526,67.28272219529954,48.77971622233515,18.610765357585137,17.629022503271447
Waschen,235,SIGNAL4D_v5,False,57.19487489134084,34.846822384919776,15.897503127415877,58.967895838864656,78.18180546938318,52.08209314789887,34.846822384919776,15.897503127415877
Waschen,237,SIGNAL4D_v5,False,46.68251845500315,25.213316104735704,23.40134089790318,44.06878159262287,42.77977253338855,40.95080700728007,25.213316104735704,23.40134089790318
Waschen,239,SIGNAL4D_v5,False,47.85912280987901,30.888452148753405,9.92557898161738,45.25987455367877,46.09619214509671,41.809315081554885,30.888452148753405,9.92557898161738
Widerspruch,162,SIGNAL4D_v5,False,44.603990969073315,18.449266607918638,9.317999013032734,36.28283824167982,54.13162032082354,31.63220149801555,18.449266607918638,9.317999013032734
Widerspruch,164,SIGNAL4D_v5,False,43.890008171644205,17.99654736119094,10.017864699657022,34.25219763765011,51.43994338888594,30.010339643315184,17.99654736119094,10.017864699657022
Widerspruch,166,SIGNAL4D_v5,False,49.928178697096456,16.7623569525082,10.529409971589752,43.26593529957287,63.23809199376766,37.78360128770788,16.7623569525082,10.529409971589748
Widerspruch,168,SIGNAL4D_v5,False,48.05139146751635,18.182094177297774,11.298363031097187,38.082486474345885,57.35133764913135,33.27763939563457,18.182094177297774,11.298363031097187
Widerspruch,170,SIGNAL4D_v5,False,44.083193519329235,17.275860460424397,11.20014284733374,31.63193780510705,48.29465443365593,27.7637526190464,17.275860460424397,11.200142847333744
Widerspruch,172,SIGNAL4D_v5,False,44.20138384814443,17.238787035749937,10.625535930735634,32.79252884338663,49.709353956280054,28.65141736247594,17.238787035749937,10.625535930735634
Widerspruch,174,SIGNAL4D_v5,False,43.387790943989394,18.57573315133238,10.414924137052395,33.053282568578894,49.42788313832244,28.993782680493037,18.57573315133238,10.414924137052395
Widerspruch,176,SIGNAL4D_v5,False,47.74462930847522,18.52882301532125,10.051323681783293,39.00000482679605,57.351086917112006,34.12008746408342,18.528823015321247,10.051323681783293
Widerspruch,178,SIGNAL4D_v5,False,45.95168802285587,17.284547028880848,10.687588195697106,35.44173606163776,52.055465300515465,30.978190658672204,17.284547028880848,10.687588195697106
Widerspruch,180,SIGNAL4D_v5,False,44.4487803814349,18.530209465976203,11.042966426854049,33.456375571182285,51.21180161308824,29.31771130684901,18.530209465976203,11.042966426854049
Widerspruch,182,SIGNAL4D_v5,False,44.76812618184746,19.208645490647026,10.749990034190182,35.67098941487267,52.69858656837657,31.346880572355648,19.208645490647026,10.749990034190182
Widerspruch,184,SIGNAL4D_v5,False,41.96145826747678,18.139967460096344,9.87252660997856,32.51956184715674,51.589778827638625,28.852577005154604,18.139967460096344,9.87252660997856
Widerspruch,186,SIGNAL4D_v5,False,38.71928733615574,16.665202026430432,10.43820565848104,34.6148043839671,56.23736130171096,29.873420149432025,16.665202026430432,10.43820565848104
Widerspruch,188,SIGNAL4D_v5,False,39.1592397585068,16.954323459595408,8.81998293848049,36.42197103772773,57.00841370657056,31.396077249773107,16.954323459595408,8.81998293848049
Widerspruch,190,SIGNAL4D_v5,False,40.802139415643374,16.06520847155705,7.21554997539093,36.657851780994385,58.53174946523193,31.62873651342698,16.06520847155705,7.21554997539093
Widerspruch,192,SIGNAL4D_v5,False,43.18796971237769,42.442236083040015,38.10688126039662,40.59466933522923,38.97263630389283,37.5853769027533,42.44223608304002,38.10688126039662
Widerspruch,194,SIGNAL4D_v5,False,48.51474071396654,43.923115918398196,34.31641617230656,47.93871515268163,43.86959340680632,44.48180060033282,43.923115918398196,34.31641617230656
Widerspruch,196,SIGNAL4D_v5,False,43.380539749938556,43.8102754501579,32.051738823241585,41.665184337392574,40.91483263981034,38.536566569477884,43.8102754501579,32.051738823241585
Ziel,186,SIGNAL4D_v5,False,40.062768454212446,14.951874759902298,14.833885826092544,22.95357477296972,34.09867632314388,19.823463803513427,14.951874759902298,14.833885826092544
Ziel,188,SIGNAL4D_v5,False,37.968009222931485,14.772054234851957,15.453902375743475,23.622890232255674,32.04772726539825,20.574654705819302,14.772054234851955,15.453902375743475
Ziel,190,SIGNAL4D_v5,False,46.78191780185551,12.960028193388041,14.152659681505366,27.374473917438518,35.7693036183108,24.378693616035193,12.960028193388041,14.152659681505368
Ziel,192,SIGNAL4D_v5,False,35.017215602723375,13.318704069489804,13.589912497538473,23.323282289043405,33.404298870111866,20.249580286011916,13.318704069489806,13.589912497538473
Ziel,194,SIGNAL4D_v5,False,37.39337546748339,14.21087394073031,12.122382392046408,24.36501980014878,30.01279767495909,21.833161590233896,14.210873940730309,12.122382392046406
Ziel,196,SIGNAL4D_v5,False,42.273795206474304,12.775170000487213,11.701312583047665,22.877592364549763,31.49622795373673,20.034514072402033,12.775170000487213,11.701312583047665
Ziel,198,SIGNAL4D_v5,False,43.451311902213746,12.63064443761419,10.526454336617435,23.24951197441267,30.349571842052097,20.566260660778592,12.63064443761419,10.526454336617435
Ziel,200,SIGNAL4D_v5,False,41.21279102209869,11.609550687590229,8.340944738786112,22.475613617951396,29.46191057570873,19.95821426865743,11.609550687590229,8.340944738786112
Ziel,202,SIGNAL4D_v5,False,39.70193948575311,13.068160019883967,8.088951131947274,23.59946429859293,30.780429007734185,20.6525418804609,13.068160019883967,8.088951131947274
Ziel,204,SIGNAL4D_v5,False,35.99233247329727,12.447839936966039,7.785953795391659,24.087412534644134,32.41657034922872,21.281048048565584,12.447839936966039,7.785953795391659
Ziel,206,SIGNAL4D_v5,False,33.75296184353961,13.122749417564389,8.809503073195344,26.66198643363519,33.97359638909131,23.838868427326794,13.122749417564386,8.809503073195343
reparieren,163,SIGNAL4D_v5,False,39.99047986808314,13.64017078311555,9.450820516012831,28.18715519269352,42.87994511817019,24.647344619154776,13.64017078311555,9.450820516012831
reparieren,165,SIGNAL4D_v5,False,39.56042041310012,14.097782664877933,9.800196274470247,27.722294308887268,41.42694216249575,24.267358291171043,14.097782664877933,9.800196274470247
reparieren,167,SIGNAL4D_v5,False,42.84990675409714,14.588557503825319,9.357999928964139,31.129594398513447,49.55481501423456,26.8442305503763,14.588557503825319,9.357999928964139
reparieren,169,SIGNAL4D_v5,False,38.600602604673746,15.021018144319564,10.041867538916417,31.067171377600186,47.781683641606335,26.774295703495767,15.021018144319564,10.041867538916417
reparieren,171,SIGNAL4D_v5,False,40.55703207046942,14.763031704547066,9.673593977459731,33.21316424517501,52.28930256735124,28.25279659503623,14.763031704547066,9.673593977459733
reparieren,173,SIGNAL4D_v5,False,40.20655687223958,14.229598861339788,10.771824498551782,32.17904172086862,47.896059788217094,28.02243417237402,14.229598861339786,10.771824498551782
reparieren,175,SIGNAL4D_v5,False,40.88409386741545,16.09496585953265,11.676588652500808,38.412005648480076,53.08204512318164,33.534570751245205,16.09496585953265,11.676588652500808
reparieren,177,SIGNAL4D_v5,False,44.88028434455821,14.72084105420409,11.86795616658252,43.196748604477506,61.80956325360442,37.56034716690516,14.72084105420409,11.86795616658252
reparieren,179,SIGNAL4D_v5,False,52.10279836366176,17.081051456795606,20.16154069368823,55.81791081502763,73.82595201625952,49.26243764406483,17.081051456795603,20.16154069368823
reparieren,181,SIGNAL4D_v5,False,51.96241433529685,13.193120827361792,25.90924497164611,55.42690981253458,75.57509645932643,48.61486881162446,13.193120827361792,25.90924497164611
reparieren,183,SIGNAL4D_v5,False,47.99521587301077,12.65584721397349,27.7493553777074,47.160089046604526,61.82105827404609,41.94274322616662,12.65584721397349,27.7493553777074
