sign,frame,mpvpe_ubody,mpvpe_lhand,mpvpe_rhand,trv2v_ubody,trv2v_lhand,trv2v_rhand,pred_path,gt_path
Blitz,low_135,36.711644,124.167375,17.272407,25.884727,55.155858,13.909372,/home/haipd/DexAvatar/outputs/output_wilor/Blitz/smplifyx/meshes/low_135.obj,/home/haipd/DexAvatar/data/smplx_gt/Blitz/00270.obj
Blitz,low_137,38.994141,119.410381,15.126759,27.034409,52.579921,12.488727,/home/haipd/DexAvatar/outputs/output_wilor/Blitz/smplifyx/meshes/low_137.obj,/home/haipd/DexAvatar/data/smplx_gt/Blitz/00274.obj
Blitz,low_139,40.266149,124.888830,14.754749,26.260881,55.486754,12.114378,/home/haipd/DexAvatar/outputs/output_wilor/Blitz/smplifyx/meshes/low_139.obj,/home/haipd/DexAvatar/data/smplx_gt/Blitz/00278.obj
Blitz,low_141,39.719377,126.822382,13.656348,25.406791,57.619710,11.962458,/home/haipd/DexAvatar/outputs/output_wilor/Blitz/smplifyx/meshes/low_141.obj,/home/haipd/DexAvatar/data/smplx_gt/Blitz/00282.obj
Blitz,low_143,46.628900,127.143294,11.498063,26.936328,56.056406,10.554094,/home/haipd/DexAvatar/outputs/output_wilor/Blitz/smplifyx/meshes/low_143.obj,/home/haipd/DexAvatar/data/smplx_gt/Blitz/00286.obj
Blitz,low_145,41.576803,128.821060,15.229361,26.166487,58.549210,12.442625,/home/haipd/DexAvatar/outputs/output_wilor/Blitz/smplifyx/meshes/low_145.obj,/home/haipd/DexAvatar/data/smplx_gt/Blitz/00290.obj
Blitz,low_147,42.297579,119.500741,14.888423,27.180776,55.078600,11.498488,/home/haipd/DexAvatar/outputs/output_wilor/Blitz/smplifyx/meshes/low_147.obj,/home/haipd/DexAvatar/data/smplx_gt/Blitz/00294.obj
Blitz,low_149,47.322858,115.160756,16.573843,27.236184,52.593302,11.151150,/home/haipd/DexAvatar/outputs/output_wilor/Blitz/smplifyx/meshes/low_149.obj,/home/haipd/DexAvatar/data/smplx_gt/Blitz/00298.obj
Blitz,low_151,47.732815,107.933089,16.925102,26.723655,49.179159,10.854024,/home/haipd/DexAvatar/outputs/output_wilor/Blitz/smplifyx/meshes/low_151.obj,/home/haipd/DexAvatar/data/smplx_gt/Blitz/00302.obj
Blitz,low_153,45.548480,104.616165,14.115780,27.008036,47.178388,10.683456,/home/haipd/DexAvatar/outputs/output_wilor/Blitz/smplifyx/meshes/low_153.obj,/home/haipd/DexAvatar/data/smplx_gt/Blitz/00306.obj
Blitz,low_155,44.696230,100.079589,11.131515,26.011871,45.819007,10.608155,/home/haipd/DexAvatar/outputs/output_wilor/Blitz/smplifyx/meshes/low_155.obj,/home/haipd/DexAvatar/data/smplx_gt/Blitz/00310.obj
Blitz,low_157,39.382860,118.931025,11.985692,22.974771,56.183837,11.833252,/home/haipd/DexAvatar/outputs/output_wilor/Blitz/smplifyx/meshes/low_157.obj,/home/haipd/DexAvatar/data/smplx_gt/Blitz/00314.obj
Blitz,low_159,43.734159,126.555413,11.662648,24.665661,59.472047,11.292163,/home/haipd/DexAvatar/outputs/output_wilor/Blitz/smplifyx/meshes/low_159.obj,/home/haipd/DexAvatar/data/smplx_gt/Blitz/00318.obj
Blitz,low_161,49.971852,127.972424,13.704921,28.237216,58.985036,12.169669,/home/haipd/DexAvatar/outputs/output_wilor/Blitz/smplifyx/meshes/low_161.obj,/home/haipd/DexAvatar/data/smplx_gt/Blitz/00322.obj
Blitz,low_163,44.575926,119.526021,15.847642,27.988749,56.767862,13.730946,/home/haipd/DexAvatar/outputs/output_wilor/Blitz/smplifyx/meshes/low_163.obj,/home/haipd/DexAvatar/data/smplx_gt/Blitz/00326.obj
Blitz,low_165,47.176152,119.826645,21.229820,30.864643,57.111535,14.752652,/home/haipd/DexAvatar/outputs/output_wilor/Blitz/smplifyx/meshes/low_165.obj,/home/haipd/DexAvatar/data/smplx_gt/Blitz/00330.obj
Blitz,low_167,48.663892,117.772974,22.537023,30.871460,56.660354,15.503102,/home/haipd/DexAvatar/outputs/output_wilor/Blitz/smplifyx/meshes/low_167.obj,/home/haipd/DexAvatar/data/smplx_gt/Blitz/00334.obj
Blitz,low_169,47.592018,124.570802,23.487499,31.379119,59.906922,15.397752,/home/haipd/DexAvatar/outputs/output_wilor/Blitz/smplifyx/meshes/low_169.obj,/home/haipd/DexAvatar/data/smplx_gt/Blitz/00338.obj
Blitz,low_171,49.167451,125.151649,26.755296,32.389987,59.706766,17.105978,/home/haipd/DexAvatar/outputs/output_wilor/Blitz/smplifyx/meshes/low_171.obj,/home/haipd/DexAvatar/data/smplx_gt/Blitz/00342.obj
Boese,low_131,38.839854,91.897503,41.286286,24.126317,44.337481,20.656073,/home/haipd/DexAvatar/outputs/output_wilor/Boese/smplifyx/meshes/low_131.obj,/home/haipd/DexAvatar/data/smplx_gt/Boese/00262.obj
Boese,low_133,51.491454,99.368863,37.603907,27.428184,47.433387,19.913172,/home/haipd/DexAvatar/outputs/output_wilor/Boese/smplifyx/meshes/low_133.obj,/home/haipd/DexAvatar/data/smplx_gt/Boese/00266.obj
Boese,low_135,54.036878,108.235851,47.178343,29.107668,50.505780,22.883089,/home/haipd/DexAvatar/outputs/output_wilor/Boese/smplifyx/meshes/low_135.obj,/home/haipd/DexAvatar/data/smplx_gt/Boese/00270.obj
Boese,low_137,47.015339,96.067525,49.488734,26.946809,44.675652,23.251722,/home/haipd/DexAvatar/outputs/output_wilor/Boese/smplifyx/meshes/low_137.obj,/home/haipd/DexAvatar/data/smplx_gt/Boese/00274.obj
Boese,low_139,46.970241,95.883071,40.286306,26.926016,45.572694,20.347470,/home/haipd/DexAvatar/outputs/output_wilor/Boese/smplifyx/meshes/low_139.obj,/home/haipd/DexAvatar/data/smplx_gt/Boese/00278.obj
Boese,low_141,39.590623,91.109134,44.167060,27.163833,43.846846,22.872787,/home/haipd/DexAvatar/outputs/output_wilor/Boese/smplifyx/meshes/low_141.obj,/home/haipd/DexAvatar/data/smplx_gt/Boese/00282.obj
Boese,low_143,42.268738,94.208084,45.440380,26.408067,44.853944,22.670660,/home/haipd/DexAvatar/outputs/output_wilor/Boese/smplifyx/meshes/low_143.obj,/home/haipd/DexAvatar/data/smplx_gt/Boese/00286.obj
Boese,low_145,42.603120,99.424675,35.088047,26.664631,47.923841,19.235378,/home/haipd/DexAvatar/outputs/output_wilor/Boese/smplifyx/meshes/low_145.obj,/home/haipd/DexAvatar/data/smplx_gt/Boese/00290.obj
Boese,low_147,43.956198,102.315813,42.412031,27.021341,49.641542,21.066813,/home/haipd/DexAvatar/outputs/output_wilor/Boese/smplifyx/meshes/low_147.obj,/home/haipd/DexAvatar/data/smplx_gt/Boese/00294.obj
Boese,low_149,49.421813,94.074681,47.653876,26.873238,45.857955,23.445200,/home/haipd/DexAvatar/outputs/output_wilor/Boese/smplifyx/meshes/low_149.obj,/home/haipd/DexAvatar/data/smplx_gt/Boese/00298.obj
Boese,low_151,39.181832,99.297702,36.307715,24.181584,48.823729,20.391630,/home/haipd/DexAvatar/outputs/output_wilor/Boese/smplifyx/meshes/low_151.obj,/home/haipd/DexAvatar/data/smplx_gt/Boese/00302.obj
Boese,low_153,44.491012,93.109302,37.856318,25.398400,44.792134,20.748908,/home/haipd/DexAvatar/outputs/output_wilor/Boese/smplifyx/meshes/low_153.obj,/home/haipd/DexAvatar/data/smplx_gt/Boese/00306.obj
Boese,low_155,46.289470,102.353998,39.178807,25.341671,48.830096,20.911263,/home/haipd/DexAvatar/outputs/output_wilor/Boese/smplifyx/meshes/low_155.obj,/home/haipd/DexAvatar/data/smplx_gt/Boese/00310.obj
Boese,low_157,48.379939,102.717377,34.239065,26.458047,48.743989,18.859917,/home/haipd/DexAvatar/outputs/output_wilor/Boese/smplifyx/meshes/low_157.obj,/home/haipd/DexAvatar/data/smplx_gt/Boese/00314.obj
Dort,low_173,41.169960,93.924232,14.975155,24.179548,47.666624,11.626796,/home/haipd/DexAvatar/outputs/output_wilor/Dort/smplifyx/meshes/low_173.obj,/home/haipd/DexAvatar/data/smplx_gt/Dort/00346.obj
Dort,low_175,46.277259,87.534092,12.092854,25.383508,44.862743,11.490220,/home/haipd/DexAvatar/outputs/output_wilor/Dort/smplifyx/meshes/low_175.obj,/home/haipd/DexAvatar/data/smplx_gt/Dort/00350.obj
Dort,low_177,44.174306,99.196218,14.607049,25.658472,49.748518,13.512690,/home/haipd/DexAvatar/outputs/output_wilor/Dort/smplifyx/meshes/low_177.obj,/home/haipd/DexAvatar/data/smplx_gt/Dort/00354.obj
Dort,low_179,40.357146,93.777463,13.954122,25.582844,45.817580,13.569959,/home/haipd/DexAvatar/outputs/output_wilor/Dort/smplifyx/meshes/low_179.obj,/home/haipd/DexAvatar/data/smplx_gt/Dort/00358.obj
Dort,low_181,40.898595,88.712387,14.014693,26.462689,44.194844,13.620967,/home/haipd/DexAvatar/outputs/output_wilor/Dort/smplifyx/meshes/low_181.obj,/home/haipd/DexAvatar/data/smplx_gt/Dort/00362.obj
Dort,low_183,40.137880,94.636858,13.897799,24.848914,47.362659,13.130466,/home/haipd/DexAvatar/outputs/output_wilor/Dort/smplifyx/meshes/low_183.obj,/home/haipd/DexAvatar/data/smplx_gt/Dort/00366.obj
Dort,low_185,41.014530,89.769259,13.820887,27.328692,44.476245,13.100964,/home/haipd/DexAvatar/outputs/output_wilor/Dort/smplifyx/meshes/low_185.obj,/home/haipd/DexAvatar/data/smplx_gt/Dort/00370.obj
Dort,low_187,41.845143,89.779660,14.133207,27.533557,43.263260,13.086492,/home/haipd/DexAvatar/outputs/output_wilor/Dort/smplifyx/meshes/low_187.obj,/home/haipd/DexAvatar/data/smplx_gt/Dort/00374.obj
Dort,low_189,40.850420,92.754103,14.745937,26.498081,44.302933,13.296967,/home/haipd/DexAvatar/outputs/output_wilor/Dort/smplifyx/meshes/low_189.obj,/home/haipd/DexAvatar/data/smplx_gt/Dort/00378.obj
Dort,low_191,42.460963,94.407797,14.178977,23.912938,46.503842,13.095944,/home/haipd/DexAvatar/outputs/output_wilor/Dort/smplifyx/meshes/low_191.obj,/home/haipd/DexAvatar/data/smplx_gt/Dort/00382.obj
Duenn,low_160,42.668130,66.355251,14.634012,25.567789,34.472685,15.084126,/home/haipd/DexAvatar/outputs/output_wilor/Duenn/smplifyx/meshes/low_160.obj,/home/haipd/DexAvatar/data/smplx_gt/Duenn/00320.obj
Duenn,low_162,39.878715,69.885790,14.604495,26.759723,38.373400,15.059013,/home/haipd/DexAvatar/outputs/output_wilor/Duenn/smplifyx/meshes/low_162.obj,/home/haipd/DexAvatar/data/smplx_gt/Duenn/00324.obj
Duenn,low_164,47.343705,73.868461,14.950939,26.253996,40.175129,15.154151,/home/haipd/DexAvatar/outputs/output_wilor/Duenn/smplifyx/meshes/low_164.obj,/home/haipd/DexAvatar/data/smplx_gt/Duenn/00328.obj
Duenn,low_166,43.006744,76.302223,14.811851,24.530962,40.738590,15.222382,/home/haipd/DexAvatar/outputs/output_wilor/Duenn/smplifyx/meshes/low_166.obj,/home/haipd/DexAvatar/data/smplx_gt/Duenn/00332.obj
Duenn,low_168,48.722848,75.345345,15.430008,25.295049,39.549146,15.443135,/home/haipd/DexAvatar/outputs/output_wilor/Duenn/smplifyx/meshes/low_168.obj,/home/haipd/DexAvatar/data/smplx_gt/Duenn/00336.obj
Duenn,low_170,53.166162,82.503483,15.382272,26.884625,42.900532,15.524007,/home/haipd/DexAvatar/outputs/output_wilor/Duenn/smplifyx/meshes/low_170.obj,/home/haipd/DexAvatar/data/smplx_gt/Duenn/00340.obj
Duenn,low_172,53.288713,72.977826,15.754387,25.693957,37.914548,16.084036,/home/haipd/DexAvatar/outputs/output_wilor/Duenn/smplifyx/meshes/low_172.obj,/home/haipd/DexAvatar/data/smplx_gt/Duenn/00344.obj
Duenn,low_174,50.480843,73.539339,14.870258,26.821030,40.094975,15.296116,/home/haipd/DexAvatar/outputs/output_wilor/Duenn/smplifyx/meshes/low_174.obj,/home/haipd/DexAvatar/data/smplx_gt/Duenn/00348.obj
Duenn,low_176,53.812366,80.981776,14.988339,26.555760,43.281164,15.319030,/home/haipd/DexAvatar/outputs/output_wilor/Duenn/smplifyx/meshes/low_176.obj,/home/haipd/DexAvatar/data/smplx_gt/Duenn/00352.obj
Duenn,low_178,52.440103,85.930042,14.816813,27.523350,46.718657,15.167017,/home/haipd/DexAvatar/outputs/output_wilor/Duenn/smplifyx/meshes/low_178.obj,/home/haipd/DexAvatar/data/smplx_gt/Duenn/00356.obj
Duenn,low_180,54.302383,86.960420,14.844047,27.411498,45.947194,15.066609,/home/haipd/DexAvatar/outputs/output_wilor/Duenn/smplifyx/meshes/low_180.obj,/home/haipd/DexAvatar/data/smplx_gt/Duenn/00360.obj
Duenn,low_182,44.840612,80.771312,14.324086,28.161870,44.489820,14.690646,/home/haipd/DexAvatar/outputs/output_wilor/Duenn/smplifyx/meshes/low_182.obj,/home/haipd/DexAvatar/data/smplx_gt/Duenn/00364.obj
Duenn,low_184,41.570034,81.803314,14.358812,29.489219,44.018220,14.751572,/home/haipd/DexAvatar/outputs/output_wilor/Duenn/smplifyx/meshes/low_184.obj,/home/haipd/DexAvatar/data/smplx_gt/Duenn/00368.obj
Duenn,low_186,53.084411,88.884562,14.596228,28.504118,47.414847,15.068165,/home/haipd/DexAvatar/outputs/output_wilor/Duenn/smplifyx/meshes/low_186.obj,/home/haipd/DexAvatar/data/smplx_gt/Duenn/00372.obj
Duenn,low_188,51.272672,80.095403,14.477885,27.693931,41.782532,14.866055,/home/haipd/DexAvatar/outputs/output_wilor/Duenn/smplifyx/meshes/low_188.obj,/home/haipd/DexAvatar/data/smplx_gt/Duenn/00376.obj
Duenn,low_190,40.628433,83.454512,14.641454,26.692413,43.706074,15.036234,/home/haipd/DexAvatar/outputs/output_wilor/Duenn/smplifyx/meshes/low_190.obj,/home/haipd/DexAvatar/data/smplx_gt/Duenn/00380.obj
Duenn,low_192,41.190047,84.262870,15.113159,29.742721,44.547062,15.507361,/home/haipd/DexAvatar/outputs/output_wilor/Duenn/smplifyx/meshes/low_192.obj,/home/haipd/DexAvatar/data/smplx_gt/Duenn/00384.obj
Duenn,low_194,49.575288,85.977942,14.888114,28.115349,45.507621,15.340340,/home/haipd/DexAvatar/outputs/output_wilor/Duenn/smplifyx/meshes/low_194.obj,/home/haipd/DexAvatar/data/smplx_gt/Duenn/00388.obj
Frech,low_157,59.050199,95.886633,20.646892,34.611065,45.675732,11.611414,/home/haipd/DexAvatar/outputs/output_wilor/Frech/smplifyx/meshes/low_157.obj,/home/haipd/DexAvatar/data/smplx_gt/Frech/00314.obj
Frech,low_159,47.095053,100.420907,25.093909,31.094749,48.853219,13.441349,/home/haipd/DexAvatar/outputs/output_wilor/Frech/smplifyx/meshes/low_159.obj,/home/haipd/DexAvatar/data/smplx_gt/Frech/00318.obj
Frech,low_161,48.473090,97.050123,23.747319,31.656187,47.766417,12.618397,/home/haipd/DexAvatar/outputs/output_wilor/Frech/smplifyx/meshes/low_161.obj,/home/haipd/DexAvatar/data/smplx_gt/Frech/00322.obj
Frech,low_163,56.407448,94.261974,26.975641,35.799325,44.992227,13.207627,/home/haipd/DexAvatar/outputs/output_wilor/Frech/smplifyx/meshes/low_163.obj,/home/haipd/DexAvatar/data/smplx_gt/Frech/00326.obj
Frech,low_165,49.826261,95.710084,24.539487,32.196820,45.659371,12.546348,/home/haipd/DexAvatar/outputs/output_wilor/Frech/smplifyx/meshes/low_165.obj,/home/haipd/DexAvatar/data/smplx_gt/Frech/00330.obj
Frech,low_167,58.906686,89.412734,23.287943,36.054231,43.156326,11.893122,/home/haipd/DexAvatar/outputs/output_wilor/Frech/smplifyx/meshes/low_167.obj,/home/haipd/DexAvatar/data/smplx_gt/Frech/00334.obj
Frech,low_169,67.973338,90.847395,23.162251,39.687723,43.997455,12.228215,/home/haipd/DexAvatar/outputs/output_wilor/Frech/smplifyx/meshes/low_169.obj,/home/haipd/DexAvatar/data/smplx_gt/Frech/00338.obj
Frech,low_171,72.409198,99.152789,23.002388,42.354248,46.922300,11.886138,/home/haipd/DexAvatar/outputs/output_wilor/Frech/smplifyx/meshes/low_171.obj,/home/haipd/DexAvatar/data/smplx_gt/Frech/00342.obj
Frech,low_173,54.206099,98.459572,21.801125,31.267494,46.574473,13.237574,/home/haipd/DexAvatar/outputs/output_wilor/Frech/smplifyx/meshes/low_173.obj,/home/haipd/DexAvatar/data/smplx_gt/Frech/00346.obj
Frech,low_175,52.871544,111.017242,19.396447,31.177059,51.077876,12.628887,/home/haipd/DexAvatar/outputs/output_wilor/Frech/smplifyx/meshes/low_175.obj,/home/haipd/DexAvatar/data/smplx_gt/Frech/00350.obj
Frech,low_177,43.455880,108.087160,18.358817,26.438778,50.070390,14.389293,/home/haipd/DexAvatar/outputs/output_wilor/Frech/smplifyx/meshes/low_177.obj,/home/haipd/DexAvatar/data/smplx_gt/Frech/00354.obj
Frech,low_179,48.514225,116.266541,25.441010,28.598471,53.532291,12.937841,/home/haipd/DexAvatar/outputs/output_wilor/Frech/smplifyx/meshes/low_179.obj,/home/haipd/DexAvatar/data/smplx_gt/Frech/00358.obj
Frech,low_181,52.847777,117.120996,27.003136,28.743463,53.130489,14.006964,/home/haipd/DexAvatar/outputs/output_wilor/Frech/smplifyx/meshes/low_181.obj,/home/haipd/DexAvatar/data/smplx_gt/Frech/00362.obj
Frech,low_183,51.052291,118.584402,24.882393,29.464535,54.487333,13.054676,/home/haipd/DexAvatar/outputs/output_wilor/Frech/smplifyx/meshes/low_183.obj,/home/haipd/DexAvatar/data/smplx_gt/Frech/00366.obj
Frech,low_185,48.748516,121.983059,26.124388,30.906007,56.496851,13.878081,/home/haipd/DexAvatar/outputs/output_wilor/Frech/smplifyx/meshes/low_185.obj,/home/haipd/DexAvatar/data/smplx_gt/Frech/00370.obj
Frech,low_187,49.353149,123.224616,23.309048,30.348044,56.885350,13.707835,/home/haipd/DexAvatar/outputs/output_wilor/Frech/smplifyx/meshes/low_187.obj,/home/haipd/DexAvatar/data/smplx_gt/Frech/00374.obj
Frech,low_189,47.603231,116.325594,21.553930,29.186388,54.735083,13.654098,/home/haipd/DexAvatar/outputs/output_wilor/Frech/smplifyx/meshes/low_189.obj,/home/haipd/DexAvatar/data/smplx_gt/Frech/00378.obj
Frech,low_191,48.875723,111.075245,22.287972,28.066786,51.475242,13.981765,/home/haipd/DexAvatar/outputs/output_wilor/Frech/smplifyx/meshes/low_191.obj,/home/haipd/DexAvatar/data/smplx_gt/Frech/00382.obj
Frech,low_193,49.442012,103.897631,21.266034,27.301937,48.305847,13.552834,/home/haipd/DexAvatar/outputs/output_wilor/Frech/smplifyx/meshes/low_193.obj,/home/haipd/DexAvatar/data/smplx_gt/Frech/00386.obj
Frech,low_195,48.132051,111.554794,21.465883,29.080480,52.007928,13.664306,/home/haipd/DexAvatar/outputs/output_wilor/Frech/smplifyx/meshes/low_195.obj,/home/haipd/DexAvatar/data/smplx_gt/Frech/00390.obj
Jahr,low_168,42.825617,102.298252,19.926304,32.636471,44.621743,16.009660,/home/haipd/DexAvatar/outputs/output_wilor/Jahr/smplifyx/meshes/low_168.obj,/home/haipd/DexAvatar/data/smplx_gt/Jahr/00336.obj
Jahr,low_180,42.357869,113.736697,13.641464,27.940383,53.159859,12.948786,/home/haipd/DexAvatar/outputs/output_wilor/Jahr/smplifyx/meshes/low_180.obj,/home/haipd/DexAvatar/data/smplx_gt/Jahr/00360.obj
Jahr,low_182,40.780507,110.522687,13.236919,24.705982,54.125801,13.079412,/home/haipd/DexAvatar/outputs/output_wilor/Jahr/smplifyx/meshes/low_182.obj,/home/haipd/DexAvatar/data/smplx_gt/Jahr/00364.obj
Jahr,low_184,39.461982,107.751012,17.453121,22.962430,54.411478,14.170557,/home/haipd/DexAvatar/outputs/output_wilor/Jahr/smplifyx/meshes/low_184.obj,/home/haipd/DexAvatar/data/smplx_gt/Jahr/00368.obj
Jahr,low_186,39.712634,104.428850,15.483195,24.109159,53.343818,13.509586,/home/haipd/DexAvatar/outputs/output_wilor/Jahr/smplifyx/meshes/low_186.obj,/home/haipd/DexAvatar/data/smplx_gt/Jahr/00372.obj
Jahr,low_188,38.107775,89.923546,15.445101,23.003552,46.993118,12.564841,/home/haipd/DexAvatar/outputs/output_wilor/Jahr/smplifyx/meshes/low_188.obj,/home/haipd/DexAvatar/data/smplx_gt/Jahr/00376.obj
Jahr,low_190,39.322291,85.834667,14.110208,23.819873,44.981308,12.485676,/home/haipd/DexAvatar/outputs/output_wilor/Jahr/smplifyx/meshes/low_190.obj,/home/haipd/DexAvatar/data/smplx_gt/Jahr/00380.obj
Jahr,low_192,36.269460,74.446328,13.972873,22.402424,40.766343,12.116241,/home/haipd/DexAvatar/outputs/output_wilor/Jahr/smplifyx/meshes/low_192.obj,/home/haipd/DexAvatar/data/smplx_gt/Jahr/00384.obj
Jahr,low_194,34.994569,76.024078,14.865428,22.703437,42.077791,14.477311,/home/haipd/DexAvatar/outputs/output_wilor/Jahr/smplifyx/meshes/low_194.obj,/home/haipd/DexAvatar/data/smplx_gt/Jahr/00388.obj
Jahr,low_196,50.751336,70.568025,15.370321,32.427423,36.221743,15.406464,/home/haipd/DexAvatar/outputs/output_wilor/Jahr/smplifyx/meshes/low_196.obj,/home/haipd/DexAvatar/data/smplx_gt/Jahr/00392.obj
Jahr,low_198,100.193635,85.443012,14.959195,66.280544,43.649506,13.640149,/home/haipd/DexAvatar/outputs/output_wilor/Jahr/smplifyx/meshes/low_198.obj,/home/haipd/DexAvatar/data/smplx_gt/Jahr/00396.obj
Jahr,low_200,33.388693,62.628530,14.709327,23.086060,35.625126,12.605880,/home/haipd/DexAvatar/outputs/output_wilor/Jahr/smplifyx/meshes/low_200.obj,/home/haipd/DexAvatar/data/smplx_gt/Jahr/00400.obj
Jahr,low_202,33.506203,64.211138,18.970845,23.688624,35.248518,14.340683,/home/haipd/DexAvatar/outputs/output_wilor/Jahr/smplifyx/meshes/low_202.obj,/home/haipd/DexAvatar/data/smplx_gt/Jahr/00404.obj
Jahr,low_204,35.759721,61.540253,17.263720,26.178338,32.799993,14.324285,/home/haipd/DexAvatar/outputs/output_wilor/Jahr/smplifyx/meshes/low_204.obj,/home/haipd/DexAvatar/data/smplx_gt/Jahr/00408.obj
Jahr,low_206,35.332777,57.543993,14.444581,27.967323,30.190900,12.433464,/home/haipd/DexAvatar/outputs/output_wilor/Jahr/smplifyx/meshes/low_206.obj,/home/haipd/DexAvatar/data/smplx_gt/Jahr/00412.obj
Jahr,low_208,36.306486,65.181300,12.656637,28.794957,32.818012,12.004180,/home/haipd/DexAvatar/outputs/output_wilor/Jahr/smplifyx/meshes/low_208.obj,/home/haipd/DexAvatar/data/smplx_gt/Jahr/00416.obj
Jahr,low_210,37.796188,67.620121,13.232743,32.603137,33.379875,12.176835,/home/haipd/DexAvatar/outputs/output_wilor/Jahr/smplifyx/meshes/low_210.obj,/home/haipd/DexAvatar/data/smplx_gt/Jahr/00420.obj
Jahr,low_212,36.608238,66.158339,14.729174,28.973402,34.102533,12.199230,/home/haipd/DexAvatar/outputs/output_wilor/Jahr/smplifyx/meshes/low_212.obj,/home/haipd/DexAvatar/data/smplx_gt/Jahr/00424.obj
Jahr,low_214,38.201477,65.971069,13.151443,30.570380,33.896405,12.107639,/home/haipd/DexAvatar/outputs/output_wilor/Jahr/smplifyx/meshes/low_214.obj,/home/haipd/DexAvatar/data/smplx_gt/Jahr/00428.obj
Jahr,low_216,36.785599,68.026297,14.460763,29.353870,36.120947,13.170197,/home/haipd/DexAvatar/outputs/output_wilor/Jahr/smplifyx/meshes/low_216.obj,/home/haipd/DexAvatar/data/smplx_gt/Jahr/00432.obj
Jahr,low_218,37.833255,70.362054,13.525944,29.885089,39.820366,12.912394,/home/haipd/DexAvatar/outputs/output_wilor/Jahr/smplifyx/meshes/low_218.obj,/home/haipd/DexAvatar/data/smplx_gt/Jahr/00436.obj
Jahr,low_220,39.208636,82.638904,13.392016,30.627003,44.064883,13.198862,/home/haipd/DexAvatar/outputs/output_wilor/Jahr/smplifyx/meshes/low_220.obj,/home/haipd/DexAvatar/data/smplx_gt/Jahr/00440.obj
Jahr,low_222,37.986178,81.487797,13.101391,30.513788,43.629877,13.012426,/home/haipd/DexAvatar/outputs/output_wilor/Jahr/smplifyx/meshes/low_222.obj,/home/haipd/DexAvatar/data/smplx_gt/Jahr/00444.obj
Jahr,low_224,38.003031,84.472880,16.121017,29.190414,44.092607,15.834136,/home/haipd/DexAvatar/outputs/output_wilor/Jahr/smplifyx/meshes/low_224.obj,/home/haipd/DexAvatar/data/smplx_gt/Jahr/00448.obj
Jahr,low_226,37.728570,90.043955,14.664743,28.544953,46.137773,14.563062,/home/haipd/DexAvatar/outputs/output_wilor/Jahr/smplifyx/meshes/low_226.obj,/home/haipd/DexAvatar/data/smplx_gt/Jahr/00452.obj
Jahr,low_228,38.876604,84.238812,14.140828,29.859148,40.204812,14.119717,/home/haipd/DexAvatar/outputs/output_wilor/Jahr/smplifyx/meshes/low_228.obj,/home/haipd/DexAvatar/data/smplx_gt/Jahr/00456.obj
Jahr,low_230,36.843739,77.304155,17.513100,29.165111,38.137604,15.380802,/home/haipd/DexAvatar/outputs/output_wilor/Jahr/smplifyx/meshes/low_230.obj,/home/haipd/DexAvatar/data/smplx_gt/Jahr/00460.obj
Klar,low_124,49.901728,84.700719,19.551383,28.164594,40.961798,13.712498,/home/haipd/DexAvatar/outputs/output_wilor/Klar/smplifyx/meshes/low_124.obj,/home/haipd/DexAvatar/data/smplx_gt/Klar/00248.obj
Klar,low_126,47.615066,87.174729,20.631734,28.350921,43.036189,17.763842,/home/haipd/DexAvatar/outputs/output_wilor/Klar/smplifyx/meshes/low_126.obj,/home/haipd/DexAvatar/data/smplx_gt/Klar/00252.obj
Klar,low_128,49.976267,83.883606,19.921023,31.423677,40.191352,15.432340,/home/haipd/DexAvatar/outputs/output_wilor/Klar/smplifyx/meshes/low_128.obj,/home/haipd/DexAvatar/data/smplx_gt/Klar/00256.obj
Klar,low_130,53.275056,72.828129,19.814298,30.015584,34.941383,12.670389,/home/haipd/DexAvatar/outputs/output_wilor/Klar/smplifyx/meshes/low_130.obj,/home/haipd/DexAvatar/data/smplx_gt/Klar/00260.obj
Klar,low_132,46.594594,68.974495,26.801279,28.822595,33.961076,16.274059,/home/haipd/DexAvatar/outputs/output_wilor/Klar/smplifyx/meshes/low_132.obj,/home/haipd/DexAvatar/data/smplx_gt/Klar/00264.obj
Klar,low_134,46.393998,74.129336,24.200201,28.955070,36.916811,17.161556,/home/haipd/DexAvatar/outputs/output_wilor/Klar/smplifyx/meshes/low_134.obj,/home/haipd/DexAvatar/data/smplx_gt/Klar/00268.obj
Klar,low_136,46.622679,67.201540,27.693819,29.843541,35.398539,18.544184,/home/haipd/DexAvatar/outputs/output_wilor/Klar/smplifyx/meshes/low_136.obj,/home/haipd/DexAvatar/data/smplx_gt/Klar/00272.obj
Klar,low_138,41.602742,75.037993,18.650623,27.075160,42.498354,12.004640,/home/haipd/DexAvatar/outputs/output_wilor/Klar/smplifyx/meshes/low_138.obj,/home/haipd/DexAvatar/data/smplx_gt/Klar/00276.obj
Klar,low_140,43.964032,70.442520,15.269014,29.059537,38.531374,10.157741,/home/haipd/DexAvatar/outputs/output_wilor/Klar/smplifyx/meshes/low_140.obj,/home/haipd/DexAvatar/data/smplx_gt/Klar/00280.obj
Klar,low_142,44.882473,65.096818,14.728250,30.596044,34.813214,10.668042,/home/haipd/DexAvatar/outputs/output_wilor/Klar/smplifyx/meshes/low_142.obj,/home/haipd/DexAvatar/data/smplx_gt/Klar/00284.obj
Klar,low_144,42.737830,66.477686,13.027281,29.748440,35.992380,10.021324,/home/haipd/DexAvatar/outputs/output_wilor/Klar/smplifyx/meshes/low_144.obj,/home/haipd/DexAvatar/data/smplx_gt/Klar/00288.obj
Klar,low_146,42.328585,71.136095,12.407758,29.350728,39.815046,9.782999,/home/haipd/DexAvatar/outputs/output_wilor/Klar/smplifyx/meshes/low_146.obj,/home/haipd/DexAvatar/data/smplx_gt/Klar/00292.obj
Klar,low_148,43.908410,75.135827,13.493925,28.550999,41.540612,10.169912,/home/haipd/DexAvatar/outputs/output_wilor/Klar/smplifyx/meshes/low_148.obj,/home/haipd/DexAvatar/data/smplx_gt/Klar/00296.obj
LiebBitte,low_144,50.913546,78.262821,19.199025,32.826494,38.879156,12.231357,/home/haipd/DexAvatar/outputs/output_wilor/LiebBitte/smplifyx/meshes/low_144.obj,/home/haipd/DexAvatar/data/smplx_gt/LiebBitte/00288.obj
LiebBitte,low_146,55.587411,80.704167,21.993320,34.680828,38.562741,13.240316,/home/haipd/DexAvatar/outputs/output_wilor/LiebBitte/smplifyx/meshes/low_146.obj,/home/haipd/DexAvatar/data/smplx_gt/LiebBitte/00292.obj
LiebBitte,low_148,56.917921,79.832375,21.029122,34.138441,38.303800,13.128032,/home/haipd/DexAvatar/outputs/output_wilor/LiebBitte/smplifyx/meshes/low_148.obj,/home/haipd/DexAvatar/data/smplx_gt/LiebBitte/00296.obj
LiebBitte,low_150,48.627961,73.192134,21.879140,31.032156,36.565863,15.837763,/home/haipd/DexAvatar/outputs/output_wilor/LiebBitte/smplifyx/meshes/low_150.obj,/home/haipd/DexAvatar/data/smplx_gt/LiebBitte/00300.obj
LiebBitte,low_152,55.085860,79.485707,23.158912,33.087026,39.140359,13.617529,/home/haipd/DexAvatar/outputs/output_wilor/LiebBitte/smplifyx/meshes/low_152.obj,/home/haipd/DexAvatar/data/smplx_gt/LiebBitte/00304.obj
LiebBitte,low_154,53.394087,83.109930,24.410626,31.871803,42.570565,12.961560,/home/haipd/DexAvatar/outputs/output_wilor/LiebBitte/smplifyx/meshes/low_154.obj,/home/haipd/DexAvatar/data/smplx_gt/LiebBitte/00308.obj
LiebBitte,low_156,52.907888,88.553853,25.541941,31.574540,45.577481,13.699456,/home/haipd/DexAvatar/outputs/output_wilor/LiebBitte/smplifyx/meshes/low_156.obj,/home/haipd/DexAvatar/data/smplx_gt/LiebBitte/00312.obj
LiebBitte,low_158,56.376684,81.375450,23.692107,33.112641,40.282167,13.419342,/home/haipd/DexAvatar/outputs/output_wilor/LiebBitte/smplifyx/meshes/low_158.obj,/home/haipd/DexAvatar/data/smplx_gt/LiebBitte/00316.obj
LiebBitte,low_160,52.289885,79.561532,25.985438,31.046622,39.650697,14.070122,/home/haipd/DexAvatar/outputs/output_wilor/LiebBitte/smplifyx/meshes/low_160.obj,/home/haipd/DexAvatar/data/smplx_gt/LiebBitte/00320.obj
LiebBitte,low_162,46.542339,80.652133,26.552318,28.741276,42.133223,14.283105,/home/haipd/DexAvatar/outputs/output_wilor/LiebBitte/smplifyx/meshes/low_162.obj,/home/haipd/DexAvatar/data/smplx_gt/LiebBitte/00324.obj
LiebBitte,low_164,55.287682,76.586358,25.982887,33.056576,38.976915,13.943238,/home/haipd/DexAvatar/outputs/output_wilor/LiebBitte/smplifyx/meshes/low_164.obj,/home/haipd/DexAvatar/data/smplx_gt/LiebBitte/00328.obj
Luegen,low_119,43.776933,105.444014,23.047740,26.760990,51.542528,14.299556,/home/haipd/DexAvatar/outputs/output_wilor/Luegen/smplifyx/meshes/low_119.obj,/home/haipd/DexAvatar/data/smplx_gt/Luegen/00238.obj
Luegen,low_121,54.124758,110.100158,24.482701,31.715546,51.084071,14.859354,/home/haipd/DexAvatar/outputs/output_wilor/Luegen/smplifyx/meshes/low_121.obj,/home/haipd/DexAvatar/data/smplx_gt/Luegen/00242.obj
Luegen,low_123,54.980028,121.271990,19.601230,30.737773,54.116644,12.616172,/home/haipd/DexAvatar/outputs/output_wilor/Luegen/smplifyx/meshes/low_123.obj,/home/haipd/DexAvatar/data/smplx_gt/Luegen/00246.obj
Luegen,low_125,45.602448,118.084438,19.145746,27.860390,53.445537,12.231046,/home/haipd/DexAvatar/outputs/output_wilor/Luegen/smplifyx/meshes/low_125.obj,/home/haipd/DexAvatar/data/smplx_gt/Luegen/00250.obj
Luegen,low_127,43.999057,121.282101,17.628999,28.370889,54.518294,11.186394,/home/haipd/DexAvatar/outputs/output_wilor/Luegen/smplifyx/meshes/low_127.obj,/home/haipd/DexAvatar/data/smplx_gt/Luegen/00254.obj
Luegen,low_129,45.315661,113.656752,16.501719,26.946323,53.378798,10.891221,/home/haipd/DexAvatar/outputs/output_wilor/Luegen/smplifyx/meshes/low_129.obj,/home/haipd/DexAvatar/data/smplx_gt/Luegen/00258.obj
Luegen,low_131,45.509655,118.675299,19.448442,28.202694,54.610554,11.900354,/home/haipd/DexAvatar/outputs/output_wilor/Luegen/smplifyx/meshes/low_131.obj,/home/haipd/DexAvatar/data/smplx_gt/Luegen/00262.obj
Luegen,low_133,56.952875,128.542364,21.913908,31.905204,57.625230,12.763715,/home/haipd/DexAvatar/outputs/output_wilor/Luegen/smplifyx/meshes/low_133.obj,/home/haipd/DexAvatar/data/smplx_gt/Luegen/00266.obj
Luegen,low_135,55.937991,129.786029,24.201352,32.607604,58.004890,14.117034,/home/haipd/DexAvatar/outputs/output_wilor/Luegen/smplifyx/meshes/low_135.obj,/home/haipd/DexAvatar/data/smplx_gt/Luegen/00270.obj
Luegen,low_137,52.689161,128.581956,25.218053,32.374129,56.234386,14.698179,/home/haipd/DexAvatar/outputs/output_wilor/Luegen/smplifyx/meshes/low_137.obj,/home/haipd/DexAvatar/data/smplx_gt/Luegen/00274.obj
Luegen,low_139,53.735092,128.024817,25.814386,30.224923,57.822645,15.559687,/home/haipd/DexAvatar/outputs/output_wilor/Luegen/smplifyx/meshes/low_139.obj,/home/haipd/DexAvatar/data/smplx_gt/Luegen/00278.obj
Luegen,low_141,69.720075,135.317415,23.693679,37.420895,59.498910,14.690227,/home/haipd/DexAvatar/outputs/output_wilor/Luegen/smplifyx/meshes/low_141.obj,/home/haipd/DexAvatar/data/smplx_gt/Luegen/00282.obj
Luegen,low_143,47.929469,128.704771,19.905074,29.476935,55.802647,12.235398,/home/haipd/DexAvatar/outputs/output_wilor/Luegen/smplifyx/meshes/low_143.obj,/home/haipd/DexAvatar/data/smplx_gt/Luegen/00286.obj
Muell,low_118,63.787155,90.853460,13.388299,26.448566,48.288494,11.733826,/home/haipd/DexAvatar/outputs/output_wilor/Muell/smplifyx/meshes/low_118.obj,/home/haipd/DexAvatar/data/smplx_gt/Muell/00236.obj
Muell,low_120,64.558461,91.371700,12.128122,27.008153,48.164539,11.288775,/home/haipd/DexAvatar/outputs/output_wilor/Muell/smplifyx/meshes/low_120.obj,/home/haipd/DexAvatar/data/smplx_gt/Muell/00240.obj
Muell,low_122,66.278137,90.609699,12.759263,28.145971,47.887366,12.101784,/home/haipd/DexAvatar/outputs/output_wilor/Muell/smplifyx/meshes/low_122.obj,/home/haipd/DexAvatar/data/smplx_gt/Muell/00244.obj
Muell,low_124,73.920041,89.996256,12.651414,29.872352,46.149451,12.230033,/home/haipd/DexAvatar/outputs/output_wilor/Muell/smplifyx/meshes/low_124.obj,/home/haipd/DexAvatar/data/smplx_gt/Muell/00248.obj
Muell,low_126,79.562545,104.759015,15.146097,32.472346,51.951047,12.493019,/home/haipd/DexAvatar/outputs/output_wilor/Muell/smplifyx/meshes/low_126.obj,/home/haipd/DexAvatar/data/smplx_gt/Muell/00252.obj
Muell,low_128,71.640387,109.039210,20.177074,30.917719,53.039230,9.868856,/home/haipd/DexAvatar/outputs/output_wilor/Muell/smplifyx/meshes/low_128.obj,/home/haipd/DexAvatar/data/smplx_gt/Muell/00256.obj
Muell,low_130,66.380352,107.017562,18.533885,27.545454,47.077853,14.580538,/home/haipd/DexAvatar/outputs/output_wilor/Muell/smplifyx/meshes/low_130.obj,/home/haipd/DexAvatar/data/smplx_gt/Muell/00260.obj
Muell,low_132,68.567418,103.778102,16.544083,28.350130,45.698564,14.095915,/home/haipd/DexAvatar/outputs/output_wilor/Muell/smplifyx/meshes/low_132.obj,/home/haipd/DexAvatar/data/smplx_gt/Muell/00264.obj
Mutter,low_142,47.519971,94.474442,26.213573,26.639340,43.898914,14.812262,/home/haipd/DexAvatar/outputs/output_wilor/Mutter/smplifyx/meshes/low_142.obj,/home/haipd/DexAvatar/data/smplx_gt/Mutter/00284.obj
Mutter,low_144,55.162814,98.797850,26.099879,28.322930,45.467626,14.896081,/home/haipd/DexAvatar/outputs/output_wilor/Mutter/smplifyx/meshes/low_144.obj,/home/haipd/DexAvatar/data/smplx_gt/Mutter/00288.obj
Mutter,low_146,56.248218,96.581116,19.316137,29.136738,43.922376,10.745998,/home/haipd/DexAvatar/outputs/output_wilor/Mutter/smplifyx/meshes/low_146.obj,/home/haipd/DexAvatar/data/smplx_gt/Mutter/00292.obj
Mutter,low_148,57.078991,105.982877,14.878891,27.900010,48.933856,8.139196,/home/haipd/DexAvatar/outputs/output_wilor/Mutter/smplifyx/meshes/low_148.obj,/home/haipd/DexAvatar/data/smplx_gt/Mutter/00296.obj
Mutter,low_150,63.057981,108.015411,13.857154,31.310488,49.792208,8.069105,/home/haipd/DexAvatar/outputs/output_wilor/Mutter/smplifyx/meshes/low_150.obj,/home/haipd/DexAvatar/data/smplx_gt/Mutter/00300.obj
Mutter,low_152,52.199360,105.475239,16.374098,27.929811,48.308752,9.515601,/home/haipd/DexAvatar/outputs/output_wilor/Mutter/smplifyx/meshes/low_152.obj,/home/haipd/DexAvatar/data/smplx_gt/Mutter/00304.obj
Mutter,low_154,53.207774,115.037404,16.009128,28.104924,53.684060,9.403159,/home/haipd/DexAvatar/outputs/output_wilor/Mutter/smplifyx/meshes/low_154.obj,/home/haipd/DexAvatar/data/smplx_gt/Mutter/00308.obj
Mutter,low_156,58.744580,100.999512,16.251821,28.461026,47.121789,8.785015,/home/haipd/DexAvatar/outputs/output_wilor/Mutter/smplifyx/meshes/low_156.obj,/home/haipd/DexAvatar/data/smplx_gt/Mutter/00312.obj
Mutter,low_158,50.701715,104.752965,15.027595,27.995953,48.357423,8.488987,/home/haipd/DexAvatar/outputs/output_wilor/Mutter/smplifyx/meshes/low_158.obj,/home/haipd/DexAvatar/data/smplx_gt/Mutter/00316.obj
Mutter,low_160,47.495235,108.937629,18.829618,27.500598,49.511094,9.891171,/home/haipd/DexAvatar/outputs/output_wilor/Mutter/smplifyx/meshes/low_160.obj,/home/haipd/DexAvatar/data/smplx_gt/Mutter/00320.obj
Mutter,low_162,50.348263,103.013575,20.281065,28.023282,47.411986,11.272369,/home/haipd/DexAvatar/outputs/output_wilor/Mutter/smplifyx/meshes/low_162.obj,/home/haipd/DexAvatar/data/smplx_gt/Mutter/00324.obj
Mutter,low_164,51.056817,103.730157,22.617562,28.944459,46.736311,11.102594,/home/haipd/DexAvatar/outputs/output_wilor/Mutter/smplifyx/meshes/low_164.obj,/home/haipd/DexAvatar/data/smplx_gt/Mutter/00328.obj
Mutter,low_166,54.244705,97.806178,22.887534,29.402314,44.725034,11.188984,/home/haipd/DexAvatar/outputs/output_wilor/Mutter/smplifyx/meshes/low_166.obj,/home/haipd/DexAvatar/data/smplx_gt/Mutter/00332.obj
Mutter,low_168,50.681453,100.752935,22.341128,29.620217,46.367254,11.081673,/home/haipd/DexAvatar/outputs/output_wilor/Mutter/smplifyx/meshes/low_168.obj,/home/haipd/DexAvatar/data/smplx_gt/Mutter/00336.obj
Mutter,low_170,55.902377,95.271915,23.172690,29.696090,45.245524,10.956203,/home/haipd/DexAvatar/outputs/output_wilor/Mutter/smplifyx/meshes/low_170.obj,/home/haipd/DexAvatar/data/smplx_gt/Mutter/00340.obj
Mutter,low_172,48.001163,100.408331,21.935919,28.151264,46.538185,10.424446,/home/haipd/DexAvatar/outputs/output_wilor/Mutter/smplifyx/meshes/low_172.obj,/home/haipd/DexAvatar/data/smplx_gt/Mutter/00344.obj
Mutter,low_174,46.758898,101.878971,19.199822,27.743464,47.075789,9.758169,/home/haipd/DexAvatar/outputs/output_wilor/Mutter/smplifyx/meshes/low_174.obj,/home/haipd/DexAvatar/data/smplx_gt/Mutter/00348.obj
Mutter,low_176,51.519327,101.462044,22.439191,28.769914,46.414662,10.653545,/home/haipd/DexAvatar/outputs/output_wilor/Mutter/smplifyx/meshes/low_176.obj,/home/haipd/DexAvatar/data/smplx_gt/Mutter/00352.obj
Mutter,low_178,50.050512,117.270529,21.030314,29.753294,53.777538,9.709467,/home/haipd/DexAvatar/outputs/output_wilor/Mutter/smplifyx/meshes/low_178.obj,/home/haipd/DexAvatar/data/smplx_gt/Mutter/00356.obj
SauerWuetend,low_151,63.629091,94.432682,24.115738,26.222963,48.244763,15.463220,/home/haipd/DexAvatar/outputs/output_wilor/SauerWuetend/smplifyx/meshes/low_151.obj,/home/haipd/DexAvatar/data/smplx_gt/SauerWuetend/00302.obj
SauerWuetend,low_153,62.663883,92.045687,19.367475,25.839003,51.053360,12.685586,/home/haipd/DexAvatar/outputs/output_wilor/SauerWuetend/smplifyx/meshes/low_153.obj,/home/haipd/DexAvatar/data/smplx_gt/SauerWuetend/00306.obj
SauerWuetend,low_155,50.654683,92.949577,13.648297,24.880739,50.984163,9.564255,/home/haipd/DexAvatar/outputs/output_wilor/SauerWuetend/smplifyx/meshes/low_155.obj,/home/haipd/DexAvatar/data/smplx_gt/SauerWuetend/00310.obj
SauerWuetend,low_157,77.183574,98.989666,12.185279,30.481609,52.154988,9.273199,/home/haipd/DexAvatar/outputs/output_wilor/SauerWuetend/smplifyx/meshes/low_157.obj,/home/haipd/DexAvatar/data/smplx_gt/SauerWuetend/00314.obj
SauerWuetend,low_159,72.776757,92.055470,9.122832,29.149765,47.758091,7.257407,/home/haipd/DexAvatar/outputs/output_wilor/SauerWuetend/smplifyx/meshes/low_159.obj,/home/haipd/DexAvatar/data/smplx_gt/SauerWuetend/00318.obj
SauerWuetend,low_161,67.637525,106.034435,12.295704,29.372318,54.124754,9.605534,/home/haipd/DexAvatar/outputs/output_wilor/SauerWuetend/smplifyx/meshes/low_161.obj,/home/haipd/DexAvatar/data/smplx_gt/SauerWuetend/00322.obj
SauerWuetend,low_163,72.987154,98.508440,13.846248,29.170919,51.301535,9.645450,/home/haipd/DexAvatar/outputs/output_wilor/SauerWuetend/smplifyx/meshes/low_163.obj,/home/haipd/DexAvatar/data/smplx_gt/SauerWuetend/00326.obj
SauerWuetend,low_165,79.082914,110.947371,12.583259,31.483822,54.286972,9.615395,/home/haipd/DexAvatar/outputs/output_wilor/SauerWuetend/smplifyx/meshes/low_165.obj,/home/haipd/DexAvatar/data/smplx_gt/SauerWuetend/00330.obj
SauerWuetend,low_167,73.945902,102.092348,10.890216,29.553300,53.452991,8.895095,/home/haipd/DexAvatar/outputs/output_wilor/SauerWuetend/smplifyx/meshes/low_167.obj,/home/haipd/DexAvatar/data/smplx_gt/SauerWuetend/00334.obj
SauerWuetend,low_169,66.702157,92.443854,14.081013,30.563006,51.342182,11.073598,/home/haipd/DexAvatar/outputs/output_wilor/SauerWuetend/smplifyx/meshes/low_169.obj,/home/haipd/DexAvatar/data/smplx_gt/SauerWuetend/00338.obj
SauerWuetend,low_171,73.261678,86.235210,11.375696,30.471692,44.120278,9.434039,/home/haipd/DexAvatar/outputs/output_wilor/SauerWuetend/smplifyx/meshes/low_171.obj,/home/haipd/DexAvatar/data/smplx_gt/SauerWuetend/00342.obj
SauerWuetend,low_173,77.189989,93.896970,11.513207,32.881681,42.900067,9.602229,/home/haipd/DexAvatar/outputs/output_wilor/SauerWuetend/smplifyx/meshes/low_173.obj,/home/haipd/DexAvatar/data/smplx_gt/SauerWuetend/00346.obj
SauerWuetend,low_175,87.379470,107.830703,14.815347,32.108769,52.688051,11.426825,/home/haipd/DexAvatar/outputs/output_wilor/SauerWuetend/smplifyx/meshes/low_175.obj,/home/haipd/DexAvatar/data/smplx_gt/SauerWuetend/00350.obj
SauerWuetend,low_177,80.887474,98.342352,12.562761,35.238311,44.243753,10.573103,/home/haipd/DexAvatar/outputs/output_wilor/SauerWuetend/smplifyx/meshes/low_177.obj,/home/haipd/DexAvatar/data/smplx_gt/SauerWuetend/00354.obj
SauerWuetend,low_179,76.685615,102.004334,12.089392,32.246199,45.655787,11.083202,/home/haipd/DexAvatar/outputs/output_wilor/SauerWuetend/smplifyx/meshes/low_179.obj,/home/haipd/DexAvatar/data/smplx_gt/SauerWuetend/00358.obj
SauerWuetend,low_181,64.454585,106.124334,12.633276,26.760388,51.359095,11.440260,/home/haipd/DexAvatar/outputs/output_wilor/SauerWuetend/smplifyx/meshes/low_181.obj,/home/haipd/DexAvatar/data/smplx_gt/SauerWuetend/00362.obj
SauerWuetend,low_183,69.059841,103.034906,12.435781,29.024698,50.668232,11.094831,/home/haipd/DexAvatar/outputs/output_wilor/SauerWuetend/smplifyx/meshes/low_183.obj,/home/haipd/DexAvatar/data/smplx_gt/SauerWuetend/00366.obj
Sonne,low_152,41.210640,107.705466,17.567053,23.620181,55.778645,11.681655,/home/haipd/DexAvatar/outputs/output_wilor/Sonne/smplifyx/meshes/low_152.obj,/home/haipd/DexAvatar/data/smplx_gt/Sonne/00304.obj
Sonne,low_154,37.725136,93.625024,15.285585,23.227403,51.081825,11.096382,/home/haipd/DexAvatar/outputs/output_wilor/Sonne/smplifyx/meshes/low_154.obj,/home/haipd/DexAvatar/data/smplx_gt/Sonne/00308.obj
Sonne,low_156,36.005266,87.375589,14.157491,23.309691,48.246991,11.095395,/home/haipd/DexAvatar/outputs/output_wilor/Sonne/smplifyx/meshes/low_156.obj,/home/haipd/DexAvatar/data/smplx_gt/Sonne/00312.obj
Sonne,low_158,36.065668,104.575112,16.335903,22.261783,57.201259,10.417497,/home/haipd/DexAvatar/outputs/output_wilor/Sonne/smplifyx/meshes/low_158.obj,/home/haipd/DexAvatar/data/smplx_gt/Sonne/00316.obj
Sonne,low_160,40.105913,106.249176,12.158472,23.180073,57.695888,9.096650,/home/haipd/DexAvatar/outputs/output_wilor/Sonne/smplifyx/meshes/low_160.obj,/home/haipd/DexAvatar/data/smplx_gt/Sonne/00320.obj
Sonne,low_162,39.946023,108.179733,16.427454,23.091579,57.522241,15.410375,/home/haipd/DexAvatar/outputs/output_wilor/Sonne/smplifyx/meshes/low_162.obj,/home/haipd/DexAvatar/data/smplx_gt/Sonne/00324.obj
Sonne,low_164,38.287323,108.780690,14.330704,23.489337,56.319263,12.850197,/home/haipd/DexAvatar/outputs/output_wilor/Sonne/smplifyx/meshes/low_164.obj,/home/haipd/DexAvatar/data/smplx_gt/Sonne/00328.obj
Sonne,low_166,35.531860,109.586641,17.947534,24.743518,57.755515,14.650556,/home/haipd/DexAvatar/outputs/output_wilor/Sonne/smplifyx/meshes/low_166.obj,/home/haipd/DexAvatar/data/smplx_gt/Sonne/00332.obj
Sonne,low_168,35.796665,105.077580,19.280579,24.332166,55.301577,14.526976,/home/haipd/DexAvatar/outputs/output_wilor/Sonne/smplifyx/meshes/low_168.obj,/home/haipd/DexAvatar/data/smplx_gt/Sonne/00336.obj
Sonne,low_170,36.332760,106.678262,24.287738,23.722036,54.737993,16.669679,/home/haipd/DexAvatar/outputs/output_wilor/Sonne/smplifyx/meshes/low_170.obj,/home/haipd/DexAvatar/data/smplx_gt/Sonne/00340.obj
Sonne,low_172,35.726663,107.638232,24.311118,22.758078,53.384759,16.398149,/home/haipd/DexAvatar/outputs/output_wilor/Sonne/smplifyx/meshes/low_172.obj,/home/haipd/DexAvatar/data/smplx_gt/Sonne/00344.obj
Sonne,low_174,35.233762,105.110064,23.917649,21.930438,53.359784,15.435640,/home/haipd/DexAvatar/outputs/output_wilor/Sonne/smplifyx/meshes/low_174.obj,/home/haipd/DexAvatar/data/smplx_gt/Sonne/00348.obj
Sonne,low_176,35.872500,109.756537,24.939662,21.120438,54.516420,16.051520,/home/haipd/DexAvatar/outputs/output_wilor/Sonne/smplifyx/meshes/low_176.obj,/home/haipd/DexAvatar/data/smplx_gt/Sonne/00352.obj
Sonne,low_178,36.193311,106.034838,24.606023,21.337043,53.404730,15.512970,/home/haipd/DexAvatar/outputs/output_wilor/Sonne/smplifyx/meshes/low_178.obj,/home/haipd/DexAvatar/data/smplx_gt/Sonne/00356.obj
Sonne,low_180,35.666663,113.072425,23.857344,21.433078,55.906765,15.420017,/home/haipd/DexAvatar/outputs/output_wilor/Sonne/smplifyx/meshes/low_180.obj,/home/haipd/DexAvatar/data/smplx_gt/Sonne/00360.obj
Sonne,low_182,36.266439,108.400248,24.269754,21.625206,54.441851,15.593764,/home/haipd/DexAvatar/outputs/output_wilor/Sonne/smplifyx/meshes/low_182.obj,/home/haipd/DexAvatar/data/smplx_gt/Sonne/00364.obj
Sonne,low_184,34.711063,109.619044,25.366377,20.890163,54.197799,16.366694,/home/haipd/DexAvatar/outputs/output_wilor/Sonne/smplifyx/meshes/low_184.obj,/home/haipd/DexAvatar/data/smplx_gt/Sonne/00368.obj
Sonne,low_186,35.017803,110.177115,25.673706,20.849846,54.698043,16.677976,/home/haipd/DexAvatar/outputs/output_wilor/Sonne/smplifyx/meshes/low_186.obj,/home/haipd/DexAvatar/data/smplx_gt/Sonne/00372.obj
Sonne,low_188,35.668205,109.937444,24.207760,22.063723,55.799995,15.829260,/home/haipd/DexAvatar/outputs/output_wilor/Sonne/smplifyx/meshes/low_188.obj,/home/haipd/DexAvatar/data/smplx_gt/Sonne/00376.obj
Sonne,low_190,34.263302,107.171558,23.393560,21.508494,54.369103,15.836556,/home/haipd/DexAvatar/outputs/output_wilor/Sonne/smplifyx/meshes/low_190.obj,/home/haipd/DexAvatar/data/smplx_gt/Sonne/00380.obj
Sorry,low_148,51.544521,110.461496,26.815655,29.332705,51.588081,20.372290,/home/haipd/DexAvatar/outputs/output_wilor/Sorry/smplifyx/meshes/low_148.obj,/home/haipd/DexAvatar/data/smplx_gt/Sorry/00296.obj
Sorry,low_150,59.071001,104.523741,26.416520,30.230947,48.592284,21.261314,/home/haipd/DexAvatar/outputs/output_wilor/Sorry/smplifyx/meshes/low_150.obj,/home/haipd/DexAvatar/data/smplx_gt/Sorry/00300.obj
Sorry,low_152,60.435291,104.827657,28.352156,30.804610,48.153333,21.384245,/home/haipd/DexAvatar/outputs/output_wilor/Sorry/smplifyx/meshes/low_152.obj,/home/haipd/DexAvatar/data/smplx_gt/Sorry/00304.obj
Sorry,low_154,71.756095,105.361693,27.941344,33.044633,47.948610,18.389681,/home/haipd/DexAvatar/outputs/output_wilor/Sorry/smplifyx/meshes/low_154.obj,/home/haipd/DexAvatar/data/smplx_gt/Sorry/00308.obj
Sorry,low_156,53.448625,101.702847,23.859698,27.871070,46.486787,16.662903,/home/haipd/DexAvatar/outputs/output_wilor/Sorry/smplifyx/meshes/low_156.obj,/home/haipd/DexAvatar/data/smplx_gt/Sorry/00312.obj
Sorry,low_158,66.839240,106.331676,27.038470,31.723730,48.895136,16.763106,/home/haipd/DexAvatar/outputs/output_wilor/Sorry/smplifyx/meshes/low_158.obj,/home/haipd/DexAvatar/data/smplx_gt/Sorry/00316.obj
Sorry,low_160,64.279370,117.073886,25.604663,32.377351,55.162329,15.700268,/home/haipd/DexAvatar/outputs/output_wilor/Sorry/smplifyx/meshes/low_160.obj,/home/haipd/DexAvatar/data/smplx_gt/Sorry/00320.obj
Sorry,low_162,51.339190,112.246931,21.016181,27.695976,51.522035,14.008036,/home/haipd/DexAvatar/outputs/output_wilor/Sorry/smplifyx/meshes/low_162.obj,/home/haipd/DexAvatar/data/smplx_gt/Sorry/00324.obj
Sorry,low_164,64.321220,108.029887,23.129046,29.632263,49.557481,15.421947,/home/haipd/DexAvatar/outputs/output_wilor/Sorry/smplifyx/meshes/low_164.obj,/home/haipd/DexAvatar/data/smplx_gt/Sorry/00328.obj
Sorry,low_166,56.806073,126.866356,21.053582,30.462585,60.362954,14.693272,/home/haipd/DexAvatar/outputs/output_wilor/Sorry/smplifyx/meshes/low_166.obj,/home/haipd/DexAvatar/data/smplx_gt/Sorry/00332.obj
Sorry,low_168,66.988938,127.384648,28.251059,34.101143,60.326479,16.942302,/home/haipd/DexAvatar/outputs/output_wilor/Sorry/smplifyx/meshes/low_168.obj,/home/haipd/DexAvatar/data/smplx_gt/Sorry/00336.obj
Sorry,low_170,53.334866,127.215132,23.983493,30.005565,59.844226,14.703588,/home/haipd/DexAvatar/outputs/output_wilor/Sorry/smplifyx/meshes/low_170.obj,/home/haipd/DexAvatar/data/smplx_gt/Sorry/00340.obj
Sorry,low_172,62.001277,123.308688,24.935838,31.426657,57.784781,14.148077,/home/haipd/DexAvatar/outputs/output_wilor/Sorry/smplifyx/meshes/low_172.obj,/home/haipd/DexAvatar/data/smplx_gt/Sorry/00344.obj
Sorry,low_174,65.009616,121.740900,29.264299,32.736342,57.447918,17.038185,/home/haipd/DexAvatar/outputs/output_wilor/Sorry/smplifyx/meshes/low_174.obj,/home/haipd/DexAvatar/data/smplx_gt/Sorry/00348.obj
Sorry,low_176,52.226622,115.315162,25.443548,29.058419,52.913822,17.513644,/home/haipd/DexAvatar/outputs/output_wilor/Sorry/smplifyx/meshes/low_176.obj,/home/haipd/DexAvatar/data/smplx_gt/Sorry/00352.obj
Sorry,low_178,53.993665,117.466725,23.753557,29.498050,54.001890,17.062247,/home/haipd/DexAvatar/outputs/output_wilor/Sorry/smplifyx/meshes/low_178.obj,/home/haipd/DexAvatar/data/smplx_gt/Sorry/00356.obj
Sorry,low_180,52.374866,123.668134,22.730526,30.234555,57.789925,15.466156,/home/haipd/DexAvatar/outputs/output_wilor/Sorry/smplifyx/meshes/low_180.obj,/home/haipd/DexAvatar/data/smplx_gt/Sorry/00360.obj
Sorry,low_182,63.101597,124.417990,27.487410,31.242864,57.673417,15.894741,/home/haipd/DexAvatar/outputs/output_wilor/Sorry/smplifyx/meshes/low_182.obj,/home/haipd/DexAvatar/data/smplx_gt/Sorry/00364.obj
Sorry,low_184,50.894674,118.714467,18.553220,28.205574,54.722991,13.659050,/home/haipd/DexAvatar/outputs/output_wilor/Sorry/smplifyx/meshes/low_184.obj,/home/haipd/DexAvatar/data/smplx_gt/Sorry/00368.obj
Sorry,low_186,66.215545,118.526518,28.010406,31.881459,52.629564,15.008504,/home/haipd/DexAvatar/outputs/output_wilor/Sorry/smplifyx/meshes/low_186.obj,/home/haipd/DexAvatar/data/smplx_gt/Sorry/00372.obj
Sorry,low_188,66.848472,115.166023,30.119957,31.886246,50.803874,15.103248,/home/haipd/DexAvatar/outputs/output_wilor/Sorry/smplifyx/meshes/low_188.obj,/home/haipd/DexAvatar/data/smplx_gt/Sorry/00376.obj
Vater,low_155,41.826706,114.420399,16.384311,31.667873,51.504876,10.655278,/home/haipd/DexAvatar/outputs/output_wilor/Vater/smplifyx/meshes/low_155.obj,/home/haipd/DexAvatar/data/smplx_gt/Vater/00310.obj
Vater,low_157,40.781587,118.437208,12.721892,31.173265,52.977942,9.629779,/home/haipd/DexAvatar/outputs/output_wilor/Vater/smplifyx/meshes/low_157.obj,/home/haipd/DexAvatar/data/smplx_gt/Vater/00314.obj
Vater,low_159,42.100739,119.198099,12.692410,30.007465,53.429577,9.326672,/home/haipd/DexAvatar/outputs/output_wilor/Vater/smplifyx/meshes/low_159.obj,/home/haipd/DexAvatar/data/smplx_gt/Vater/00318.obj
Vater,low_161,41.036632,108.452514,12.287365,29.986583,49.500767,8.309594,/home/haipd/DexAvatar/outputs/output_wilor/Vater/smplifyx/meshes/low_161.obj,/home/haipd/DexAvatar/data/smplx_gt/Vater/00322.obj
Vater,low_163,40.105071,101.400085,12.023238,30.274045,47.097288,7.435681,/home/haipd/DexAvatar/outputs/output_wilor/Vater/smplifyx/meshes/low_163.obj,/home/haipd/DexAvatar/data/smplx_gt/Vater/00326.obj
Vater,low_165,41.687727,93.117528,12.344258,30.187285,44.362091,7.559635,/home/haipd/DexAvatar/outputs/output_wilor/Vater/smplifyx/meshes/low_165.obj,/home/haipd/DexAvatar/data/smplx_gt/Vater/00330.obj
Vater,low_167,45.041714,93.990155,13.228888,30.061694,44.652734,9.938613,/home/haipd/DexAvatar/outputs/output_wilor/Vater/smplifyx/meshes/low_167.obj,/home/haipd/DexAvatar/data/smplx_gt/Vater/00334.obj
Vater,low_169,40.374056,92.026666,13.046375,30.800890,44.044688,9.332218,/home/haipd/DexAvatar/outputs/output_wilor/Vater/smplifyx/meshes/low_169.obj,/home/haipd/DexAvatar/data/smplx_gt/Vater/00338.obj
Vater,low_171,39.629702,106.661744,14.003664,26.164996,49.697150,9.883799,/home/haipd/DexAvatar/outputs/output_wilor/Vater/smplifyx/meshes/low_171.obj,/home/haipd/DexAvatar/data/smplx_gt/Vater/00342.obj
Vater,low_173,39.158851,107.860297,13.514091,25.899049,51.629893,10.096887,/home/haipd/DexAvatar/outputs/output_wilor/Vater/smplifyx/meshes/low_173.obj,/home/haipd/DexAvatar/data/smplx_gt/Vater/00346.obj
Vater,low_175,40.989485,110.788032,13.146303,26.866000,53.354539,9.444527,/home/haipd/DexAvatar/outputs/output_wilor/Vater/smplifyx/meshes/low_175.obj,/home/haipd/DexAvatar/data/smplx_gt/Vater/00350.obj
Vater,low_177,42.672627,101.574995,13.428145,26.236724,49.183425,9.993053,/home/haipd/DexAvatar/outputs/output_wilor/Vater/smplifyx/meshes/low_177.obj,/home/haipd/DexAvatar/data/smplx_gt/Vater/00354.obj
Vater,low_179,45.592505,104.436368,13.497100,27.672589,49.681742,9.990267,/home/haipd/DexAvatar/outputs/output_wilor/Vater/smplifyx/meshes/low_179.obj,/home/haipd/DexAvatar/data/smplx_gt/Vater/00358.obj
Vater,low_181,41.060857,113.466933,13.177968,27.468449,53.106215,10.167615,/home/haipd/DexAvatar/outputs/output_wilor/Vater/smplifyx/meshes/low_181.obj,/home/haipd/DexAvatar/data/smplx_gt/Vater/00362.obj
Vater,low_183,42.061549,110.985227,14.620415,27.733851,53.024668,11.009533,/home/haipd/DexAvatar/outputs/output_wilor/Vater/smplifyx/meshes/low_183.obj,/home/haipd/DexAvatar/data/smplx_gt/Vater/00366.obj
Vater,low_185,44.253428,109.496281,15.949184,29.880054,51.031753,11.550643,/home/haipd/DexAvatar/outputs/output_wilor/Vater/smplifyx/meshes/low_185.obj,/home/haipd/DexAvatar/data/smplx_gt/Vater/00370.obj
Vater,low_187,43.375902,111.928143,16.080372,29.808767,51.628225,11.632917,/home/haipd/DexAvatar/outputs/output_wilor/Vater/smplifyx/meshes/low_187.obj,/home/haipd/DexAvatar/data/smplx_gt/Vater/00374.obj
Vater,low_189,42.684231,111.028865,16.494000,30.683387,51.118333,11.952660,/home/haipd/DexAvatar/outputs/output_wilor/Vater/smplifyx/meshes/low_189.obj,/home/haipd/DexAvatar/data/smplx_gt/Vater/00378.obj
Vater,low_191,43.415189,110.988714,16.235244,29.743666,51.147804,11.835906,/home/haipd/DexAvatar/outputs/output_wilor/Vater/smplifyx/meshes/low_191.obj,/home/haipd/DexAvatar/data/smplx_gt/Vater/00382.obj
Vater,low_193,40.073756,107.883684,17.982319,28.129533,50.580095,12.511162,/home/haipd/DexAvatar/outputs/output_wilor/Vater/smplifyx/meshes/low_193.obj,/home/haipd/DexAvatar/data/smplx_gt/Vater/00386.obj
Vater,low_195,41.443456,102.683105,16.292475,29.480746,48.387460,11.626411,/home/haipd/DexAvatar/outputs/output_wilor/Vater/smplifyx/meshes/low_195.obj,/home/haipd/DexAvatar/data/smplx_gt/Vater/00390.obj
Ablehnen,low_151,49.301054,19.735463,33.466976,24.295110,15.165734,20.053502,/home/haipd/DexAvatar/outputs/output_wilor/Ablehnen/smplifyx/meshes/low_151.obj,/home/haipd/DexAvatar/data/smplx_gt/Ablehnen/00302.obj
Ablehnen,low_153,49.097218,19.118136,21.604424,25.552312,14.724090,12.746951,/home/haipd/DexAvatar/outputs/output_wilor/Ablehnen/smplifyx/meshes/low_153.obj,/home/haipd/DexAvatar/data/smplx_gt/Ablehnen/00306.obj
Ablehnen,low_155,46.816334,21.138187,22.524729,23.962760,15.228658,15.598234,/home/haipd/DexAvatar/outputs/output_wilor/Ablehnen/smplifyx/meshes/low_155.obj,/home/haipd/DexAvatar/data/smplx_gt/Ablehnen/00310.obj
Ablehnen,low_157,43.646444,23.042729,19.169757,22.371342,15.212927,13.079164,/home/haipd/DexAvatar/outputs/output_wilor/Ablehnen/smplifyx/meshes/low_157.obj,/home/haipd/DexAvatar/data/smplx_gt/Ablehnen/00314.obj
Ablehnen,low_159,43.944113,24.965886,15.542378,21.678163,15.648019,9.765851,/home/haipd/DexAvatar/outputs/output_wilor/Ablehnen/smplifyx/meshes/low_159.obj,/home/haipd/DexAvatar/data/smplx_gt/Ablehnen/00318.obj
Ablehnen,low_161,46.970908,24.237746,14.112120,22.475062,15.503445,8.467306,/home/haipd/DexAvatar/outputs/output_wilor/Ablehnen/smplifyx/meshes/low_161.obj,/home/haipd/DexAvatar/data/smplx_gt/Ablehnen/00322.obj
Ablehnen,low_163,44.158999,22.701409,13.856720,22.858601,14.859496,8.463638,/home/haipd/DexAvatar/outputs/output_wilor/Ablehnen/smplifyx/meshes/low_163.obj,/home/haipd/DexAvatar/data/smplx_gt/Ablehnen/00326.obj
Ablehnen,low_165,42.877503,20.868629,13.302265,22.514082,13.395913,8.649361,/home/haipd/DexAvatar/outputs/output_wilor/Ablehnen/smplifyx/meshes/low_165.obj,/home/haipd/DexAvatar/data/smplx_gt/Ablehnen/00330.obj
Ablehnen,low_167,42.132050,20.897193,13.056690,22.649029,13.746948,7.875335,/home/haipd/DexAvatar/outputs/output_wilor/Ablehnen/smplifyx/meshes/low_167.obj,/home/haipd/DexAvatar/data/smplx_gt/Ablehnen/00334.obj
Ablehnen,low_169,43.047354,21.507593,13.230625,20.581296,14.630180,7.670178,/home/haipd/DexAvatar/outputs/output_wilor/Ablehnen/smplifyx/meshes/low_169.obj,/home/haipd/DexAvatar/data/smplx_gt/Ablehnen/00338.obj
Ablehnen,low_171,42.999059,20.501487,14.322551,21.966655,13.800620,8.097516,/home/haipd/DexAvatar/outputs/output_wilor/Ablehnen/smplifyx/meshes/low_171.obj,/home/haipd/DexAvatar/data/smplx_gt/Ablehnen/00342.obj
Arzt,low_170,43.082032,19.532742,8.943522,21.124622,9.892050,7.583790,/home/haipd/DexAvatar/outputs/output_wilor/Arzt/smplifyx/meshes/low_170.obj,/home/haipd/DexAvatar/data/smplx_gt/Arzt/00340.obj
Arzt,low_172,42.245805,20.644590,9.165316,20.855740,10.242076,8.296966,/home/haipd/DexAvatar/outputs/output_wilor/Arzt/smplifyx/meshes/low_172.obj,/home/haipd/DexAvatar/data/smplx_gt/Arzt/00344.obj
Arzt,low_174,43.485720,20.627584,8.714105,21.643059,10.372845,7.675319,/home/haipd/DexAvatar/outputs/output_wilor/Arzt/smplifyx/meshes/low_174.obj,/home/haipd/DexAvatar/data/smplx_gt/Arzt/00348.obj
Arzt,low_176,44.780914,20.016309,9.164347,21.194531,9.662135,7.559132,/home/haipd/DexAvatar/outputs/output_wilor/Arzt/smplifyx/meshes/low_176.obj,/home/haipd/DexAvatar/data/smplx_gt/Arzt/00352.obj
Arzt,low_178,45.298301,19.797811,11.121502,20.690149,9.999950,9.284985,/home/haipd/DexAvatar/outputs/output_wilor/Arzt/smplifyx/meshes/low_178.obj,/home/haipd/DexAvatar/data/smplx_gt/Arzt/00356.obj
Arzt,low_180,45.472328,19.754790,9.644234,20.830596,9.761678,7.914295,/home/haipd/DexAvatar/outputs/output_wilor/Arzt/smplifyx/meshes/low_180.obj,/home/haipd/DexAvatar/data/smplx_gt/Arzt/00360.obj
Arzt,low_182,44.669654,19.697400,11.038828,20.405365,9.829666,8.977704,/home/haipd/DexAvatar/outputs/output_wilor/Arzt/smplifyx/meshes/low_182.obj,/home/haipd/DexAvatar/data/smplx_gt/Arzt/00364.obj
Arzt,low_184,44.392604,21.131499,9.985348,20.134745,10.620065,7.895963,/home/haipd/DexAvatar/outputs/output_wilor/Arzt/smplifyx/meshes/low_184.obj,/home/haipd/DexAvatar/data/smplx_gt/Arzt/00368.obj
Arzt,low_186,43.548111,21.703063,8.972728,19.417450,11.285374,8.257920,/home/haipd/DexAvatar/outputs/output_wilor/Arzt/smplifyx/meshes/low_186.obj,/home/haipd/DexAvatar/data/smplx_gt/Arzt/00372.obj
Arzt,low_188,43.595530,21.682693,8.815406,19.596262,11.109450,7.758626,/home/haipd/DexAvatar/outputs/output_wilor/Arzt/smplifyx/meshes/low_188.obj,/home/haipd/DexAvatar/data/smplx_gt/Arzt/00376.obj
Arzt,low_190,43.531124,22.723459,8.318470,19.835815,11.464589,7.126709,/home/haipd/DexAvatar/outputs/output_wilor/Arzt/smplifyx/meshes/low_190.obj,/home/haipd/DexAvatar/data/smplx_gt/Arzt/00380.obj
Arzt,low_192,46.203207,22.526152,10.319727,20.260723,11.672946,8.159310,/home/haipd/DexAvatar/outputs/output_wilor/Arzt/smplifyx/meshes/low_192.obj,/home/haipd/DexAvatar/data/smplx_gt/Arzt/00384.obj
Arzt,low_194,44.028640,20.673523,9.990601,19.587703,10.734123,8.149200,/home/haipd/DexAvatar/outputs/output_wilor/Arzt/smplifyx/meshes/low_194.obj,/home/haipd/DexAvatar/data/smplx_gt/Arzt/00388.obj
Arzt,low_196,43.912403,21.714736,9.943467,20.135762,11.259824,8.716642,/home/haipd/DexAvatar/outputs/output_wilor/Arzt/smplifyx/meshes/low_196.obj,/home/haipd/DexAvatar/data/smplx_gt/Arzt/00392.obj
Arzt,low_198,44.603292,21.898553,8.714600,19.983755,11.496410,7.845924,/home/haipd/DexAvatar/outputs/output_wilor/Arzt/smplifyx/meshes/low_198.obj,/home/haipd/DexAvatar/data/smplx_gt/Arzt/00396.obj
Arzt,low_200,44.983882,19.773711,8.500026,20.419385,10.831780,7.668843,/home/haipd/DexAvatar/outputs/output_wilor/Arzt/smplifyx/meshes/low_200.obj,/home/haipd/DexAvatar/data/smplx_gt/Arzt/00400.obj
Blume,low_125,52.960515,30.260084,15.201490,29.427823,18.327231,12.021275,/home/haipd/DexAvatar/outputs/output_wilor/Blume/smplifyx/meshes/low_125.obj,/home/haipd/DexAvatar/data/smplx_gt/Blume/00250.obj
Blume,low_127,48.748784,24.502564,14.607930,28.580727,15.556267,8.314968,/home/haipd/DexAvatar/outputs/output_wilor/Blume/smplifyx/meshes/low_127.obj,/home/haipd/DexAvatar/data/smplx_gt/Blume/00254.obj
Blume,low_129,49.588755,26.969513,12.773476,26.274923,17.853832,8.830981,/home/haipd/DexAvatar/outputs/output_wilor/Blume/smplifyx/meshes/low_129.obj,/home/haipd/DexAvatar/data/smplx_gt/Blume/00258.obj
Blume,low_131,51.385690,28.192904,14.024744,28.103525,17.870583,10.427399,/home/haipd/DexAvatar/outputs/output_wilor/Blume/smplifyx/meshes/low_131.obj,/home/haipd/DexAvatar/data/smplx_gt/Blume/00262.obj
Blume,low_133,53.554580,29.596595,12.684253,26.643317,18.312402,9.944214,/home/haipd/DexAvatar/outputs/output_wilor/Blume/smplifyx/meshes/low_133.obj,/home/haipd/DexAvatar/data/smplx_gt/Blume/00266.obj
Blume,low_135,56.908317,28.663486,13.851990,26.612472,16.738454,10.061861,/home/haipd/DexAvatar/outputs/output_wilor/Blume/smplifyx/meshes/low_135.obj,/home/haipd/DexAvatar/data/smplx_gt/Blume/00270.obj
Blume,low_137,57.655010,30.802125,14.691571,28.023157,18.605573,9.620287,/home/haipd/DexAvatar/outputs/output_wilor/Blume/smplifyx/meshes/low_137.obj,/home/haipd/DexAvatar/data/smplx_gt/Blume/00274.obj
Blume,low_139,55.776510,30.407503,12.744750,26.900768,18.660689,9.836208,/home/haipd/DexAvatar/outputs/output_wilor/Blume/smplifyx/meshes/low_139.obj,/home/haipd/DexAvatar/data/smplx_gt/Blume/00278.obj
Blume,low_141,51.365294,31.388912,11.981695,26.941493,19.197466,9.841311,/home/haipd/DexAvatar/outputs/output_wilor/Blume/smplifyx/meshes/low_141.obj,/home/haipd/DexAvatar/data/smplx_gt/Blume/00282.obj
Blume,low_143,51.542792,31.844113,11.698439,28.013824,19.553168,10.289678,/home/haipd/DexAvatar/outputs/output_wilor/Blume/smplifyx/meshes/low_143.obj,/home/haipd/DexAvatar/data/smplx_gt/Blume/00286.obj
Blume,low_145,47.168694,31.463932,12.064535,27.568312,19.593339,10.321135,/home/haipd/DexAvatar/outputs/output_wilor/Blume/smplifyx/meshes/low_145.obj,/home/haipd/DexAvatar/data/smplx_gt/Blume/00290.obj
Blume,low_147,47.502924,31.960499,11.488553,27.119318,20.238945,10.199150,/home/haipd/DexAvatar/outputs/output_wilor/Blume/smplifyx/meshes/low_147.obj,/home/haipd/DexAvatar/data/smplx_gt/Blume/00294.obj
Blume,low_149,45.678258,30.793276,10.782674,26.006727,19.217853,9.638835,/home/haipd/DexAvatar/outputs/output_wilor/Blume/smplifyx/meshes/low_149.obj,/home/haipd/DexAvatar/data/smplx_gt/Blume/00298.obj
Blume,low_151,43.777753,31.381443,11.304652,24.992710,19.512413,10.357860,/home/haipd/DexAvatar/outputs/output_wilor/Blume/smplifyx/meshes/low_151.obj,/home/haipd/DexAvatar/data/smplx_gt/Blume/00302.obj
Blume,low_153,45.662966,32.779370,11.817184,27.867725,20.359801,10.792088,/home/haipd/DexAvatar/outputs/output_wilor/Blume/smplifyx/meshes/low_153.obj,/home/haipd/DexAvatar/data/smplx_gt/Blume/00306.obj
Blume,low_155,46.307106,31.562239,11.587500,28.583478,19.900512,10.452726,/home/haipd/DexAvatar/outputs/output_wilor/Blume/smplifyx/meshes/low_155.obj,/home/haipd/DexAvatar/data/smplx_gt/Blume/00310.obj
BroetchenAufschneiden,low_157,36.787402,27.197879,19.084301,18.226888,12.193937,9.390759,/home/haipd/DexAvatar/outputs/output_wilor/BroetchenAufschneiden/smplifyx/meshes/low_157.obj,/home/haipd/DexAvatar/data/smplx_gt/BroetchenAufschneiden/00314.obj
BroetchenAufschneiden,low_159,36.327794,28.296325,19.735919,18.397290,12.393704,9.859583,/home/haipd/DexAvatar/outputs/output_wilor/BroetchenAufschneiden/smplifyx/meshes/low_159.obj,/home/haipd/DexAvatar/data/smplx_gt/BroetchenAufschneiden/00318.obj
BroetchenAufschneiden,low_161,42.155415,28.605092,18.582897,18.658401,12.580818,9.242795,/home/haipd/DexAvatar/outputs/output_wilor/BroetchenAufschneiden/smplifyx/meshes/low_161.obj,/home/haipd/DexAvatar/data/smplx_gt/BroetchenAufschneiden/00322.obj
BroetchenAufschneiden,low_163,40.459767,29.731821,17.948920,19.624937,12.605068,8.961552,/home/haipd/DexAvatar/outputs/output_wilor/BroetchenAufschneiden/smplifyx/meshes/low_163.obj,/home/haipd/DexAvatar/data/smplx_gt/BroetchenAufschneiden/00326.obj
BroetchenAufschneiden,low_165,42.963970,28.241245,21.468787,21.565326,12.887479,10.050557,/home/haipd/DexAvatar/outputs/output_wilor/BroetchenAufschneiden/smplifyx/meshes/low_165.obj,/home/haipd/DexAvatar/data/smplx_gt/BroetchenAufschneiden/00330.obj
BroetchenAufschneiden,low_167,46.851538,27.353695,24.152732,25.349332,13.199474,11.472248,/home/haipd/DexAvatar/outputs/output_wilor/BroetchenAufschneiden/smplifyx/meshes/low_167.obj,/home/haipd/DexAvatar/data/smplx_gt/BroetchenAufschneiden/00334.obj
BroetchenAufschneiden,low_169,46.194650,27.392747,24.030291,23.549832,13.704530,12.854857,/home/haipd/DexAvatar/outputs/output_wilor/BroetchenAufschneiden/smplifyx/meshes/low_169.obj,/home/haipd/DexAvatar/data/smplx_gt/BroetchenAufschneiden/00338.obj
BroetchenAufschneiden,low_171,53.461470,26.787302,25.315812,29.653711,13.536293,12.919877,/home/haipd/DexAvatar/outputs/output_wilor/BroetchenAufschneiden/smplifyx/meshes/low_171.obj,/home/haipd/DexAvatar/data/smplx_gt/BroetchenAufschneiden/00342.obj
BroetchenAufschneiden,low_173,45.981370,26.361836,24.780439,23.545286,13.172420,12.852577,/home/haipd/DexAvatar/outputs/output_wilor/BroetchenAufschneiden/smplifyx/meshes/low_173.obj,/home/haipd/DexAvatar/data/smplx_gt/BroetchenAufschneiden/00346.obj
BroetchenAufschneiden,low_175,42.588614,27.332563,22.767758,20.704094,12.687462,12.448838,/home/haipd/DexAvatar/outputs/output_wilor/BroetchenAufschneiden/smplifyx/meshes/low_175.obj,/home/haipd/DexAvatar/data/smplx_gt/BroetchenAufschneiden/00350.obj
BroetchenAufschneiden,low_177,40.018126,29.090570,22.410868,20.823210,12.927679,11.160762,/home/haipd/DexAvatar/outputs/output_wilor/BroetchenAufschneiden/smplifyx/meshes/low_177.obj,/home/haipd/DexAvatar/data/smplx_gt/BroetchenAufschneiden/00354.obj
BroetchenAufschneiden,low_179,44.839982,30.003702,24.277985,22.865292,13.517873,11.007075,/home/haipd/DexAvatar/outputs/output_wilor/BroetchenAufschneiden/smplifyx/meshes/low_179.obj,/home/haipd/DexAvatar/data/smplx_gt/BroetchenAufschneiden/00358.obj
BroetchenAufschneiden,low_181,42.450510,29.999426,27.014468,22.359630,13.567600,11.129323,/home/haipd/DexAvatar/outputs/output_wilor/BroetchenAufschneiden/smplifyx/meshes/low_181.obj,/home/haipd/DexAvatar/data/smplx_gt/BroetchenAufschneiden/00362.obj
BroetchenAufschneiden,low_183,43.531481,30.608980,24.300991,22.910573,14.035207,11.620972,/home/haipd/DexAvatar/outputs/output_wilor/BroetchenAufschneiden/smplifyx/meshes/low_183.obj,/home/haipd/DexAvatar/data/smplx_gt/BroetchenAufschneiden/00366.obj
BroetchenAufschneiden,low_185,45.489486,29.035881,26.376506,24.353728,13.770149,16.859008,/home/haipd/DexAvatar/outputs/output_wilor/BroetchenAufschneiden/smplifyx/meshes/low_185.obj,/home/haipd/DexAvatar/data/smplx_gt/BroetchenAufschneiden/00370.obj
BroetchenAufschneiden,low_187,50.315458,27.678411,26.414800,24.429522,12.734612,17.711475,/home/haipd/DexAvatar/outputs/output_wilor/BroetchenAufschneiden/smplifyx/meshes/low_187.obj,/home/haipd/DexAvatar/data/smplx_gt/BroetchenAufschneiden/00374.obj
BroetchenAufschneiden,low_189,49.924362,28.270924,25.769277,22.652987,13.588576,17.321169,/home/haipd/DexAvatar/outputs/output_wilor/BroetchenAufschneiden/smplifyx/meshes/low_189.obj,/home/haipd/DexAvatar/data/smplx_gt/BroetchenAufschneiden/00378.obj
BroetchenAufschneiden,low_191,49.474906,28.492197,22.917200,23.543941,13.542734,14.077689,/home/haipd/DexAvatar/outputs/output_wilor/BroetchenAufschneiden/smplifyx/meshes/low_191.obj,/home/haipd/DexAvatar/data/smplx_gt/BroetchenAufschneiden/00382.obj
BroetchenAufschneiden,low_193,50.202027,29.345106,22.966025,24.643790,13.557212,11.857650,/home/haipd/DexAvatar/outputs/output_wilor/BroetchenAufschneiden/smplifyx/meshes/low_193.obj,/home/haipd/DexAvatar/data/smplx_gt/BroetchenAufschneiden/00386.obj
BroetchenAufschneiden,low_195,49.113214,30.071871,27.673908,22.165399,13.686086,11.510861,/home/haipd/DexAvatar/outputs/output_wilor/BroetchenAufschneiden/smplifyx/meshes/low_195.obj,/home/haipd/DexAvatar/data/smplx_gt/BroetchenAufschneiden/00390.obj
BroetchenAufschneiden,low_197,50.942227,30.079307,28.702853,24.069633,14.071930,11.358035,/home/haipd/DexAvatar/outputs/output_wilor/BroetchenAufschneiden/smplifyx/meshes/low_197.obj,/home/haipd/DexAvatar/data/smplx_gt/BroetchenAufschneiden/00394.obj
BroetchenAufschneiden,low_199,50.123837,29.627593,23.942754,22.661252,13.910421,11.183897,/home/haipd/DexAvatar/outputs/output_wilor/BroetchenAufschneiden/smplifyx/meshes/low_199.obj,/home/haipd/DexAvatar/data/smplx_gt/BroetchenAufschneiden/00398.obj
BroetchenAufschneiden,low_201,49.215086,29.439816,23.643319,22.974055,13.793333,13.060973,/home/haipd/DexAvatar/outputs/output_wilor/BroetchenAufschneiden/smplifyx/meshes/low_201.obj,/home/haipd/DexAvatar/data/smplx_gt/BroetchenAufschneiden/00402.obj
BroetchenAufschneiden,low_203,49.902372,28.805781,24.515973,21.956338,13.747764,13.789896,/home/haipd/DexAvatar/outputs/output_wilor/BroetchenAufschneiden/smplifyx/meshes/low_203.obj,/home/haipd/DexAvatar/data/smplx_gt/BroetchenAufschneiden/00406.obj
BroetchenAufschneiden,low_205,47.253218,29.030606,24.906106,23.590710,13.933532,13.905022,/home/haipd/DexAvatar/outputs/output_wilor/BroetchenAufschneiden/smplifyx/meshes/low_205.obj,/home/haipd/DexAvatar/data/smplx_gt/BroetchenAufschneiden/00410.obj
BroetchenAufschneiden,low_207,43.130554,28.376875,21.765959,22.171566,13.886901,12.767658,/home/haipd/DexAvatar/outputs/output_wilor/BroetchenAufschneiden/smplifyx/meshes/low_207.obj,/home/haipd/DexAvatar/data/smplx_gt/BroetchenAufschneiden/00414.obj
BroetchenAufschneiden,low_209,41.921657,29.234793,25.221428,20.565426,13.804226,14.802515,/home/haipd/DexAvatar/outputs/output_wilor/BroetchenAufschneiden/smplifyx/meshes/low_209.obj,/home/haipd/DexAvatar/data/smplx_gt/BroetchenAufschneiden/00418.obj
BroetchenAufschneiden,low_211,42.758793,29.067451,23.514535,20.454405,13.660756,13.514422,/home/haipd/DexAvatar/outputs/output_wilor/BroetchenAufschneiden/smplifyx/meshes/low_211.obj,/home/haipd/DexAvatar/data/smplx_gt/BroetchenAufschneiden/00422.obj
BroetchenAufschneiden,low_213,46.447981,29.493986,23.666458,20.831147,12.952825,12.977524,/home/haipd/DexAvatar/outputs/output_wilor/BroetchenAufschneiden/smplifyx/meshes/low_213.obj,/home/haipd/DexAvatar/data/smplx_gt/BroetchenAufschneiden/00426.obj
BroetchenAufschneiden,low_215,45.156624,29.711703,23.506265,20.072808,13.303230,12.486613,/home/haipd/DexAvatar/outputs/output_wilor/BroetchenAufschneiden/smplifyx/meshes/low_215.obj,/home/haipd/DexAvatar/data/smplx_gt/BroetchenAufschneiden/00430.obj
BroetchenAufschneiden,low_217,46.393268,26.915947,17.024010,21.629253,13.337356,11.817292,/home/haipd/DexAvatar/outputs/output_wilor/BroetchenAufschneiden/smplifyx/meshes/low_217.obj,/home/haipd/DexAvatar/data/smplx_gt/BroetchenAufschneiden/00434.obj
BroetchenAufschneiden,low_219,51.999141,30.062309,24.452597,23.192029,13.562062,14.117811,/home/haipd/DexAvatar/outputs/output_wilor/BroetchenAufschneiden/smplifyx/meshes/low_219.obj,/home/haipd/DexAvatar/data/smplx_gt/BroetchenAufschneiden/00438.obj
BroetchenAufschneiden,low_221,52.774612,29.581275,25.124531,23.366561,13.896975,14.765966,/home/haipd/DexAvatar/outputs/output_wilor/BroetchenAufschneiden/smplifyx/meshes/low_221.obj,/home/haipd/DexAvatar/data/smplx_gt/BroetchenAufschneiden/00442.obj
BroetchenAufschneiden,low_223,49.477719,29.479565,25.539054,22.556432,13.888528,14.787636,/home/haipd/DexAvatar/outputs/output_wilor/BroetchenAufschneiden/smplifyx/meshes/low_223.obj,/home/haipd/DexAvatar/data/smplx_gt/BroetchenAufschneiden/00446.obj
BroetchenAufschneiden,low_225,51.515967,28.227754,23.409225,23.485554,13.701910,13.904312,/home/haipd/DexAvatar/outputs/output_wilor/BroetchenAufschneiden/smplifyx/meshes/low_225.obj,/home/haipd/DexAvatar/data/smplx_gt/BroetchenAufschneiden/00450.obj
BroetchenAufschneiden,low_227,47.971193,29.541530,23.631660,21.161260,13.296079,13.910996,/home/haipd/DexAvatar/outputs/output_wilor/BroetchenAufschneiden/smplifyx/meshes/low_227.obj,/home/haipd/DexAvatar/data/smplx_gt/BroetchenAufschneiden/00454.obj
BroetchenAufschneiden,low_229,49.282026,29.554926,25.002794,21.311721,13.529489,14.065173,/home/haipd/DexAvatar/outputs/output_wilor/BroetchenAufschneiden/smplifyx/meshes/low_229.obj,/home/haipd/DexAvatar/data/smplx_gt/BroetchenAufschneiden/00458.obj
BroetchenAufschneiden,low_231,48.668541,29.688265,26.903275,21.217320,13.951955,16.011078,/home/haipd/DexAvatar/outputs/output_wilor/BroetchenAufschneiden/smplifyx/meshes/low_231.obj,/home/haipd/DexAvatar/data/smplx_gt/BroetchenAufschneiden/00462.obj
BroetchenAufschneiden,low_233,51.413886,30.235928,25.888240,22.659060,14.729308,16.718280,/home/haipd/DexAvatar/outputs/output_wilor/BroetchenAufschneiden/smplifyx/meshes/low_233.obj,/home/haipd/DexAvatar/data/smplx_gt/BroetchenAufschneiden/00466.obj
Einkaufen,low_146,48.837379,25.577083,28.151546,24.255836,16.197935,13.657508,/home/haipd/DexAvatar/outputs/output_wilor/Einkaufen/smplifyx/meshes/low_146.obj,/home/haipd/DexAvatar/data/smplx_gt/Einkaufen/00292.obj
Einkaufen,low_148,48.287883,19.390397,32.181721,24.960559,14.148045,15.278110,/home/haipd/DexAvatar/outputs/output_wilor/Einkaufen/smplifyx/meshes/low_148.obj,/home/haipd/DexAvatar/data/smplx_gt/Einkaufen/00296.obj
Einkaufen,low_150,47.254093,17.368842,34.998007,22.863824,12.900007,16.155003,/home/haipd/DexAvatar/outputs/output_wilor/Einkaufen/smplifyx/meshes/low_150.obj,/home/haipd/DexAvatar/data/smplx_gt/Einkaufen/00300.obj
Einkaufen,low_152,45.376711,20.274639,37.602544,24.181822,15.330564,18.387353,/home/haipd/DexAvatar/outputs/output_wilor/Einkaufen/smplifyx/meshes/low_152.obj,/home/haipd/DexAvatar/data/smplx_gt/Einkaufen/00304.obj
Einkaufen,low_154,41.469894,20.524729,31.941339,22.145160,14.383246,18.080832,/home/haipd/DexAvatar/outputs/output_wilor/Einkaufen/smplifyx/meshes/low_154.obj,/home/haipd/DexAvatar/data/smplx_gt/Einkaufen/00308.obj
Einkaufen,low_156,41.979734,20.423360,30.925333,22.560516,14.190506,17.971313,/home/haipd/DexAvatar/outputs/output_wilor/Einkaufen/smplifyx/meshes/low_156.obj,/home/haipd/DexAvatar/data/smplx_gt/Einkaufen/00312.obj
Einkaufen,low_158,47.870301,21.364694,32.573212,21.388846,14.946147,17.623166,/home/haipd/DexAvatar/outputs/output_wilor/Einkaufen/smplifyx/meshes/low_158.obj,/home/haipd/DexAvatar/data/smplx_gt/Einkaufen/00316.obj
Einkaufen,low_160,49.091481,22.016190,31.280436,21.418888,15.068943,16.180689,/home/haipd/DexAvatar/outputs/output_wilor/Einkaufen/smplifyx/meshes/low_160.obj,/home/haipd/DexAvatar/data/smplx_gt/Einkaufen/00320.obj
Einkaufen,low_162,45.408163,21.729417,26.252925,21.740627,14.627239,13.799044,/home/haipd/DexAvatar/outputs/output_wilor/Einkaufen/smplifyx/meshes/low_162.obj,/home/haipd/DexAvatar/data/smplx_gt/Einkaufen/00324.obj
Einkaufen,low_164,47.224469,20.102751,22.094663,24.043750,13.393667,14.098043,/home/haipd/DexAvatar/outputs/output_wilor/Einkaufen/smplifyx/meshes/low_164.obj,/home/haipd/DexAvatar/data/smplx_gt/Einkaufen/00328.obj
Einkaufen,low_166,50.283894,20.959135,15.211319,27.787704,13.423905,13.307276,/home/haipd/DexAvatar/outputs/output_wilor/Einkaufen/smplifyx/meshes/low_166.obj,/home/haipd/DexAvatar/data/smplx_gt/Einkaufen/00332.obj
Einkaufen,low_168,48.300155,24.049714,14.721507,26.696462,14.096002,11.601413,/home/haipd/DexAvatar/outputs/output_wilor/Einkaufen/smplifyx/meshes/low_168.obj,/home/haipd/DexAvatar/data/smplx_gt/Einkaufen/00336.obj
Einkaufen,low_170,46.066608,24.736678,26.155610,24.435449,14.330601,13.392939,/home/haipd/DexAvatar/outputs/output_wilor/Einkaufen/smplifyx/meshes/low_170.obj,/home/haipd/DexAvatar/data/smplx_gt/Einkaufen/00340.obj
Einkaufen,low_172,44.751808,22.784906,35.059296,21.652114,14.619955,14.860515,/home/haipd/DexAvatar/outputs/output_wilor/Einkaufen/smplifyx/meshes/low_172.obj,/home/haipd/DexAvatar/data/smplx_gt/Einkaufen/00344.obj
Einnehmen,low_165,44.100504,25.278462,18.306304,29.081659,15.044013,10.192205,/home/haipd/DexAvatar/outputs/output_wilor/Einnehmen/smplifyx/meshes/low_165.obj,/home/haipd/DexAvatar/data/smplx_gt/Einnehmen/00330.obj
Einnehmen,low_167,48.840839,24.600511,19.674296,31.329673,15.372483,9.276943,/home/haipd/DexAvatar/outputs/output_wilor/Einnehmen/smplifyx/meshes/low_167.obj,/home/haipd/DexAvatar/data/smplx_gt/Einnehmen/00334.obj
Einnehmen,low_169,48.011839,25.704576,24.771409,32.877591,15.583277,10.828485,/home/haipd/DexAvatar/outputs/output_wilor/Einnehmen/smplifyx/meshes/low_169.obj,/home/haipd/DexAvatar/data/smplx_gt/Einnehmen/00338.obj
Einnehmen,low_171,52.254904,24.790369,30.829404,36.313854,14.955221,13.283209,/home/haipd/DexAvatar/outputs/output_wilor/Einnehmen/smplifyx/meshes/low_171.obj,/home/haipd/DexAvatar/data/smplx_gt/Einnehmen/00342.obj
Einnehmen,low_173,53.335868,24.796715,29.320670,35.709992,15.033943,11.931589,/home/haipd/DexAvatar/outputs/output_wilor/Einnehmen/smplifyx/meshes/low_173.obj,/home/haipd/DexAvatar/data/smplx_gt/Einnehmen/00346.obj
Einnehmen,low_175,55.572703,22.962585,22.902003,37.477370,14.193396,9.830849,/home/haipd/DexAvatar/outputs/output_wilor/Einnehmen/smplifyx/meshes/low_175.obj,/home/haipd/DexAvatar/data/smplx_gt/Einnehmen/00350.obj
Einnehmen,low_177,52.621335,23.974275,16.486419,33.884723,15.087548,9.034602,/home/haipd/DexAvatar/outputs/output_wilor/Einnehmen/smplifyx/meshes/low_177.obj,/home/haipd/DexAvatar/data/smplx_gt/Einnehmen/00354.obj
Einnehmen,low_179,59.338197,25.955902,12.581138,37.937507,16.637007,8.929874,/home/haipd/DexAvatar/outputs/output_wilor/Einnehmen/smplifyx/meshes/low_179.obj,/home/haipd/DexAvatar/data/smplx_gt/Einnehmen/00358.obj
Einnehmen,low_181,57.044569,29.406600,11.922730,34.496214,18.812882,8.809649,/home/haipd/DexAvatar/outputs/output_wilor/Einnehmen/smplifyx/meshes/low_181.obj,/home/haipd/DexAvatar/data/smplx_gt/Einnehmen/00362.obj
Einnehmen,low_183,58.464713,30.503402,10.997909,35.482001,19.368313,9.342392,/home/haipd/DexAvatar/outputs/output_wilor/Einnehmen/smplifyx/meshes/low_183.obj,/home/haipd/DexAvatar/data/smplx_gt/Einnehmen/00366.obj
Einnehmen,low_185,55.100705,30.181492,11.529092,33.222776,19.236460,10.001046,/home/haipd/DexAvatar/outputs/output_wilor/Einnehmen/smplifyx/meshes/low_185.obj,/home/haipd/DexAvatar/data/smplx_gt/Einnehmen/00370.obj
Einnehmen,low_187,48.058186,28.445035,12.376276,28.891688,18.195733,10.988948,/home/haipd/DexAvatar/outputs/output_wilor/Einnehmen/smplifyx/meshes/low_187.obj,/home/haipd/DexAvatar/data/smplx_gt/Einnehmen/00374.obj
Einnehmen,low_189,45.324650,26.698709,13.878587,24.799705,16.855508,11.807898,/home/haipd/DexAvatar/outputs/output_wilor/Einnehmen/smplifyx/meshes/low_189.obj,/home/haipd/DexAvatar/data/smplx_gt/Einnehmen/00378.obj
Einnehmen,low_191,44.618350,25.999798,15.029123,24.556110,16.453709,12.956046,/home/haipd/DexAvatar/outputs/output_wilor/Einnehmen/smplifyx/meshes/low_191.obj,/home/haipd/DexAvatar/data/smplx_gt/Einnehmen/00382.obj
Einnehmen,low_193,42.997379,27.245529,15.194160,25.725883,17.191626,13.857393,/home/haipd/DexAvatar/outputs/output_wilor/Einnehmen/smplifyx/meshes/low_193.obj,/home/haipd/DexAvatar/data/smplx_gt/Einnehmen/00386.obj
Einnehmen,low_195,45.051850,27.411811,15.817506,26.702307,17.384572,14.511608,/home/haipd/DexAvatar/outputs/output_wilor/Einnehmen/smplifyx/meshes/low_195.obj,/home/haipd/DexAvatar/data/smplx_gt/Einnehmen/00390.obj
Einnehmen,low_197,43.408748,26.738245,17.345659,26.437512,17.052248,15.966253,/home/haipd/DexAvatar/outputs/output_wilor/Einnehmen/smplifyx/meshes/low_197.obj,/home/haipd/DexAvatar/data/smplx_gt/Einnehmen/00394.obj
Einnehmen,low_199,55.750005,27.166048,16.757151,29.749479,17.110432,15.318254,/home/haipd/DexAvatar/outputs/output_wilor/Einnehmen/smplifyx/meshes/low_199.obj,/home/haipd/DexAvatar/data/smplx_gt/Einnehmen/00398.obj
Einnehmen,low_201,54.989327,26.653133,16.665531,32.007813,16.755048,15.090925,/home/haipd/DexAvatar/outputs/output_wilor/Einnehmen/smplifyx/meshes/low_201.obj,/home/haipd/DexAvatar/data/smplx_gt/Einnehmen/00402.obj
Einnehmen,low_203,57.889331,27.864223,17.155480,34.243520,17.166847,15.097519,/home/haipd/DexAvatar/outputs/output_wilor/Einnehmen/smplifyx/meshes/low_203.obj,/home/haipd/DexAvatar/data/smplx_gt/Einnehmen/00406.obj
Einnehmen,low_205,55.652503,29.085582,17.642818,32.478578,18.161744,15.438130,/home/haipd/DexAvatar/outputs/output_wilor/Einnehmen/smplifyx/meshes/low_205.obj,/home/haipd/DexAvatar/data/smplx_gt/Einnehmen/00410.obj
Einnehmen,low_207,46.765413,28.585549,17.671667,26.268085,17.950820,16.064852,/home/haipd/DexAvatar/outputs/output_wilor/Einnehmen/smplifyx/meshes/low_207.obj,/home/haipd/DexAvatar/data/smplx_gt/Einnehmen/00414.obj
Einnehmen,low_209,47.131322,28.432751,18.592136,28.568137,17.715989,15.749225,/home/haipd/DexAvatar/outputs/output_wilor/Einnehmen/smplifyx/meshes/low_209.obj,/home/haipd/DexAvatar/data/smplx_gt/Einnehmen/00418.obj
Einnehmen,low_211,46.129283,28.390700,18.883262,27.262749,17.531604,15.967146,/home/haipd/DexAvatar/outputs/output_wilor/Einnehmen/smplifyx/meshes/low_211.obj,/home/haipd/DexAvatar/data/smplx_gt/Einnehmen/00422.obj
Einnehmen,low_213,46.784479,28.409328,18.806614,27.525736,17.564828,16.031316,/home/haipd/DexAvatar/outputs/output_wilor/Einnehmen/smplifyx/meshes/low_213.obj,/home/haipd/DexAvatar/data/smplx_gt/Einnehmen/00426.obj
EinstellenJob,low_146,42.605054,28.862068,22.866473,24.943387,15.478348,11.465937,/home/haipd/DexAvatar/outputs/output_wilor/EinstellenJob/smplifyx/meshes/low_146.obj,/home/haipd/DexAvatar/data/smplx_gt/EinstellenJob/00292.obj
EinstellenJob,low_148,41.949201,28.471416,22.782143,24.807818,15.378174,11.213294,/home/haipd/DexAvatar/outputs/output_wilor/EinstellenJob/smplifyx/meshes/low_148.obj,/home/haipd/DexAvatar/data/smplx_gt/EinstellenJob/00296.obj
EinstellenJob,low_150,39.781734,27.902672,18.658357,24.476191,15.335574,9.281789,/home/haipd/DexAvatar/outputs/output_wilor/EinstellenJob/smplifyx/meshes/low_150.obj,/home/haipd/DexAvatar/data/smplx_gt/EinstellenJob/00300.obj
EinstellenJob,low_152,43.700390,25.118088,13.071665,26.464311,14.176914,7.137038,/home/haipd/DexAvatar/outputs/output_wilor/EinstellenJob/smplifyx/meshes/low_152.obj,/home/haipd/DexAvatar/data/smplx_gt/EinstellenJob/00304.obj
EinstellenJob,low_154,36.943603,22.700651,9.169811,24.124781,12.678924,6.189528,/home/haipd/DexAvatar/outputs/output_wilor/EinstellenJob/smplifyx/meshes/low_154.obj,/home/haipd/DexAvatar/data/smplx_gt/EinstellenJob/00308.obj
EinstellenJob,low_156,39.003935,22.378772,10.214117,25.084341,12.841238,5.485531,/home/haipd/DexAvatar/outputs/output_wilor/EinstellenJob/smplifyx/meshes/low_156.obj,/home/haipd/DexAvatar/data/smplx_gt/EinstellenJob/00312.obj
EinstellenJob,low_158,36.064420,25.579788,13.116915,20.933313,14.918878,6.618012,/home/haipd/DexAvatar/outputs/output_wilor/EinstellenJob/smplifyx/meshes/low_158.obj,/home/haipd/DexAvatar/data/smplx_gt/EinstellenJob/00316.obj
EinstellenJob,low_160,40.820222,26.113255,16.566504,24.814531,14.795454,7.412361,/home/haipd/DexAvatar/outputs/output_wilor/EinstellenJob/smplifyx/meshes/low_160.obj,/home/haipd/DexAvatar/data/smplx_gt/EinstellenJob/00320.obj
EinstellenJob,low_162,40.576916,28.014462,16.916547,23.305474,15.644440,7.870090,/home/haipd/DexAvatar/outputs/output_wilor/EinstellenJob/smplifyx/meshes/low_162.obj,/home/haipd/DexAvatar/data/smplx_gt/EinstellenJob/00324.obj
EinstellenJob,low_164,38.319044,28.864484,18.065084,22.272531,15.994035,8.812155,/home/haipd/DexAvatar/outputs/output_wilor/EinstellenJob/smplifyx/meshes/low_164.obj,/home/haipd/DexAvatar/data/smplx_gt/EinstellenJob/00328.obj
EinstellenJob,low_166,37.071098,29.249363,20.462733,20.765277,16.082980,9.608791,/home/haipd/DexAvatar/outputs/output_wilor/EinstellenJob/smplifyx/meshes/low_166.obj,/home/haipd/DexAvatar/data/smplx_gt/EinstellenJob/00332.obj
EinstellenJob,low_168,37.767615,28.943509,19.098345,20.994892,15.826132,9.509161,/home/haipd/DexAvatar/outputs/output_wilor/EinstellenJob/smplifyx/meshes/low_168.obj,/home/haipd/DexAvatar/data/smplx_gt/EinstellenJob/00336.obj
EinstellenJob,low_170,37.916139,28.970720,17.962975,20.523045,15.996205,8.814979,/home/haipd/DexAvatar/outputs/output_wilor/EinstellenJob/smplifyx/meshes/low_170.obj,/home/haipd/DexAvatar/data/smplx_gt/EinstellenJob/00340.obj
EinstellenJob,low_172,37.286296,27.816258,18.508419,21.015761,15.399288,8.829507,/home/haipd/DexAvatar/outputs/output_wilor/EinstellenJob/smplifyx/meshes/low_172.obj,/home/haipd/DexAvatar/data/smplx_gt/EinstellenJob/00344.obj
EinstellenJob,low_174,36.792234,28.605917,17.602114,20.855427,15.793331,9.223013,/home/haipd/DexAvatar/outputs/output_wilor/EinstellenJob/smplifyx/meshes/low_174.obj,/home/haipd/DexAvatar/data/smplx_gt/EinstellenJob/00348.obj
EinstellenJob,low_176,39.576400,27.900722,18.863795,21.140998,15.422981,9.069111,/home/haipd/DexAvatar/outputs/output_wilor/EinstellenJob/smplifyx/meshes/low_176.obj,/home/haipd/DexAvatar/data/smplx_gt/EinstellenJob/00352.obj
EinstellenJob,low_178,38.080364,27.839703,17.286945,20.760661,15.351021,8.969175,/home/haipd/DexAvatar/outputs/output_wilor/EinstellenJob/smplifyx/meshes/low_178.obj,/home/haipd/DexAvatar/data/smplx_gt/EinstellenJob/00356.obj
EinstellenJob,low_180,37.264857,29.977839,17.912367,21.241149,16.407471,8.508130,/home/haipd/DexAvatar/outputs/output_wilor/EinstellenJob/smplifyx/meshes/low_180.obj,/home/haipd/DexAvatar/data/smplx_gt/EinstellenJob/00360.obj
EinstellenJob,low_182,37.713628,26.058685,17.576823,21.394767,14.452356,8.629818,/home/haipd/DexAvatar/outputs/output_wilor/EinstellenJob/smplifyx/meshes/low_182.obj,/home/haipd/DexAvatar/data/smplx_gt/EinstellenJob/00364.obj
EinstellenJob,low_184,36.964621,26.940251,17.293461,21.393334,14.998595,8.396706,/home/haipd/DexAvatar/outputs/output_wilor/EinstellenJob/smplifyx/meshes/low_184.obj,/home/haipd/DexAvatar/data/smplx_gt/EinstellenJob/00368.obj
EinstellenJob,low_186,37.949700,28.451227,17.663267,22.265362,15.764853,8.446178,/home/haipd/DexAvatar/outputs/output_wilor/EinstellenJob/smplifyx/meshes/low_186.obj,/home/haipd/DexAvatar/data/smplx_gt/EinstellenJob/00372.obj
EinstellenJob,low_188,37.623513,27.045788,18.296627,22.574211,14.985150,8.656552,/home/haipd/DexAvatar/outputs/output_wilor/EinstellenJob/smplifyx/meshes/low_188.obj,/home/haipd/DexAvatar/data/smplx_gt/EinstellenJob/00376.obj
EinstellenJob,low_190,42.842153,27.461054,17.951129,24.557875,15.017671,8.703173,/home/haipd/DexAvatar/outputs/output_wilor/EinstellenJob/smplifyx/meshes/low_190.obj,/home/haipd/DexAvatar/data/smplx_gt/EinstellenJob/00380.obj
EinstellenJob,low_192,40.005375,27.843853,18.967636,23.958102,15.212995,9.438131,/home/haipd/DexAvatar/outputs/output_wilor/EinstellenJob/smplifyx/meshes/low_192.obj,/home/haipd/DexAvatar/data/smplx_gt/EinstellenJob/00384.obj
EinstellenJob,low_194,43.680232,26.833085,18.400943,25.132421,14.751025,9.895823,/home/haipd/DexAvatar/outputs/output_wilor/EinstellenJob/smplifyx/meshes/low_194.obj,/home/haipd/DexAvatar/data/smplx_gt/EinstellenJob/00388.obj
EinstellenJob,low_196,41.740622,28.278690,20.205341,23.642536,15.471668,10.410844,/home/haipd/DexAvatar/outputs/output_wilor/EinstellenJob/smplifyx/meshes/low_196.obj,/home/haipd/DexAvatar/data/smplx_gt/EinstellenJob/00392.obj
EinstellenJob,low_198,45.528162,26.084863,19.164937,24.657700,14.332794,9.943826,/home/haipd/DexAvatar/outputs/output_wilor/EinstellenJob/smplifyx/meshes/low_198.obj,/home/haipd/DexAvatar/data/smplx_gt/EinstellenJob/00396.obj
Empathie,low_140,48.080493,23.129169,34.115076,28.516341,11.987184,16.085494,/home/haipd/DexAvatar/outputs/output_wilor/Empathie/smplifyx/meshes/low_140.obj,/home/haipd/DexAvatar/data/smplx_gt/Empathie/00280.obj
Empathie,low_142,48.722509,26.390901,25.641531,29.100763,12.326768,14.104977,/home/haipd/DexAvatar/outputs/output_wilor/Empathie/smplifyx/meshes/low_142.obj,/home/haipd/DexAvatar/data/smplx_gt/Empathie/00284.obj
Empathie,low_144,43.249197,22.956518,29.358024,26.656387,11.823068,17.243642,/home/haipd/DexAvatar/outputs/output_wilor/Empathie/smplifyx/meshes/low_144.obj,/home/haipd/DexAvatar/data/smplx_gt/Empathie/00288.obj
Empathie,low_146,45.254860,23.761688,21.059768,22.148840,11.707909,14.482526,/home/haipd/DexAvatar/outputs/output_wilor/Empathie/smplifyx/meshes/low_146.obj,/home/haipd/DexAvatar/data/smplx_gt/Empathie/00292.obj
Empathie,low_148,51.458072,23.331156,15.804460,24.958067,10.949411,12.850201,/home/haipd/DexAvatar/outputs/output_wilor/Empathie/smplifyx/meshes/low_148.obj,/home/haipd/DexAvatar/data/smplx_gt/Empathie/00296.obj
Empathie,low_150,46.281137,23.929534,14.454337,24.363847,11.823118,11.264224,/home/haipd/DexAvatar/outputs/output_wilor/Empathie/smplifyx/meshes/low_150.obj,/home/haipd/DexAvatar/data/smplx_gt/Empathie/00300.obj
Empathie,low_152,54.348733,24.892956,13.037533,25.060011,11.733606,9.888231,/home/haipd/DexAvatar/outputs/output_wilor/Empathie/smplifyx/meshes/low_152.obj,/home/haipd/DexAvatar/data/smplx_gt/Empathie/00304.obj
Empathie,low_154,54.793511,25.357155,11.676401,24.340097,11.687851,9.027611,/home/haipd/DexAvatar/outputs/output_wilor/Empathie/smplifyx/meshes/low_154.obj,/home/haipd/DexAvatar/data/smplx_gt/Empathie/00308.obj
Empathie,low_156,56.275014,26.500966,11.235423,24.306355,11.824746,8.836374,/home/haipd/DexAvatar/outputs/output_wilor/Empathie/smplifyx/meshes/low_156.obj,/home/haipd/DexAvatar/data/smplx_gt/Empathie/00312.obj
Empathie,low_158,48.514619,25.863402,10.525219,24.045337,11.504759,8.695590,/home/haipd/DexAvatar/outputs/output_wilor/Empathie/smplifyx/meshes/low_158.obj,/home/haipd/DexAvatar/data/smplx_gt/Empathie/00316.obj
Empathie,low_160,55.012695,27.784975,10.015436,25.750631,12.367548,7.926278,/home/haipd/DexAvatar/outputs/output_wilor/Empathie/smplifyx/meshes/low_160.obj,/home/haipd/DexAvatar/data/smplx_gt/Empathie/00320.obj
Empathie,low_162,48.242714,26.010700,7.754419,27.581703,11.946049,7.621268,/home/haipd/DexAvatar/outputs/output_wilor/Empathie/smplifyx/meshes/low_162.obj,/home/haipd/DexAvatar/data/smplx_gt/Empathie/00324.obj
Empathie,low_164,49.131334,27.182175,7.312653,28.396143,12.098703,7.334089,/home/haipd/DexAvatar/outputs/output_wilor/Empathie/smplifyx/meshes/low_164.obj,/home/haipd/DexAvatar/data/smplx_gt/Empathie/00328.obj
Empathie,low_166,48.421927,28.209457,8.283089,29.775141,12.478704,8.147235,/home/haipd/DexAvatar/outputs/output_wilor/Empathie/smplifyx/meshes/low_166.obj,/home/haipd/DexAvatar/data/smplx_gt/Empathie/00332.obj
Empathie,low_168,49.301784,27.362254,8.457307,30.615965,14.285242,8.213841,/home/haipd/DexAvatar/outputs/output_wilor/Empathie/smplifyx/meshes/low_168.obj,/home/haipd/DexAvatar/data/smplx_gt/Empathie/00336.obj
Empathie,low_170,47.718801,27.063867,9.166356,26.586911,14.070834,8.112306,/home/haipd/DexAvatar/outputs/output_wilor/Empathie/smplifyx/meshes/low_170.obj,/home/haipd/DexAvatar/data/smplx_gt/Empathie/00340.obj
Empathie,low_172,50.055981,28.959908,8.521922,26.902152,15.235757,8.220226,/home/haipd/DexAvatar/outputs/output_wilor/Empathie/smplifyx/meshes/low_172.obj,/home/haipd/DexAvatar/data/smplx_gt/Empathie/00344.obj
Empathie,low_174,55.132054,28.944347,8.706501,25.501706,15.630772,8.545667,/home/haipd/DexAvatar/outputs/output_wilor/Empathie/smplifyx/meshes/low_174.obj,/home/haipd/DexAvatar/data/smplx_gt/Empathie/00348.obj
FestellenDiagnose,low_145,46.815421,16.078861,22.774698,22.932682,8.701305,11.297180,/home/haipd/DexAvatar/outputs/output_wilor/FestellenDiagnose/smplifyx/meshes/low_145.obj,/home/haipd/DexAvatar/data/smplx_gt/FestellenDiagnose/00290.obj
FestellenDiagnose,low_147,46.057522,17.111078,24.485432,21.243164,9.530002,11.567349,/home/haipd/DexAvatar/outputs/output_wilor/FestellenDiagnose/smplifyx/meshes/low_147.obj,/home/haipd/DexAvatar/data/smplx_gt/FestellenDiagnose/00294.obj
FestellenDiagnose,low_149,46.733137,19.274611,26.320906,20.482976,11.131583,12.177706,/home/haipd/DexAvatar/outputs/output_wilor/FestellenDiagnose/smplifyx/meshes/low_149.obj,/home/haipd/DexAvatar/data/smplx_gt/FestellenDiagnose/00298.obj
FestellenDiagnose,low_151,54.092675,18.593924,27.805170,20.917710,10.801063,12.568248,/home/haipd/DexAvatar/outputs/output_wilor/FestellenDiagnose/smplifyx/meshes/low_151.obj,/home/haipd/DexAvatar/data/smplx_gt/FestellenDiagnose/00302.obj
FestellenDiagnose,low_153,46.928201,16.016962,26.633464,21.651728,10.210311,11.589766,/home/haipd/DexAvatar/outputs/output_wilor/FestellenDiagnose/smplifyx/meshes/low_153.obj,/home/haipd/DexAvatar/data/smplx_gt/FestellenDiagnose/00306.obj
FestellenDiagnose,low_155,47.347676,17.970713,25.256010,21.030268,14.202811,12.613417,/home/haipd/DexAvatar/outputs/output_wilor/FestellenDiagnose/smplifyx/meshes/low_155.obj,/home/haipd/DexAvatar/data/smplx_gt/FestellenDiagnose/00310.obj
FestellenDiagnose,low_157,48.742346,46.313722,28.716167,21.587810,40.906344,16.048089,/home/haipd/DexAvatar/outputs/output_wilor/FestellenDiagnose/smplifyx/meshes/low_157.obj,/home/haipd/DexAvatar/data/smplx_gt/FestellenDiagnose/00314.obj
FestellenDiagnose,low_159,47.773667,36.928847,19.004850,23.143649,30.797051,11.154748,/home/haipd/DexAvatar/outputs/output_wilor/FestellenDiagnose/smplifyx/meshes/low_159.obj,/home/haipd/DexAvatar/data/smplx_gt/FestellenDiagnose/00318.obj
FestellenDiagnose,low_161,46.815574,19.848119,31.884037,21.948509,11.436501,17.033964,/home/haipd/DexAvatar/outputs/output_wilor/FestellenDiagnose/smplifyx/meshes/low_161.obj,/home/haipd/DexAvatar/data/smplx_gt/FestellenDiagnose/00322.obj
FestellenDiagnose,low_163,45.763202,19.517377,31.571865,21.164961,11.159503,17.058104,/home/haipd/DexAvatar/outputs/output_wilor/FestellenDiagnose/smplifyx/meshes/low_163.obj,/home/haipd/DexAvatar/data/smplx_gt/FestellenDiagnose/00326.obj
FestellenDiagnose,low_165,49.098518,19.958407,30.506644,21.796577,11.561825,15.850412,/home/haipd/DexAvatar/outputs/output_wilor/FestellenDiagnose/smplifyx/meshes/low_165.obj,/home/haipd/DexAvatar/data/smplx_gt/FestellenDiagnose/00330.obj
FestellenDiagnose,low_167,49.039267,19.313868,29.644832,22.268614,11.116077,15.169545,/home/haipd/DexAvatar/outputs/output_wilor/FestellenDiagnose/smplifyx/meshes/low_167.obj,/home/haipd/DexAvatar/data/smplx_gt/FestellenDiagnose/00334.obj
FestellenDiagnose,low_169,52.705511,19.199990,30.669115,22.372147,10.776975,16.388083,/home/haipd/DexAvatar/outputs/output_wilor/FestellenDiagnose/smplifyx/meshes/low_169.obj,/home/haipd/DexAvatar/data/smplx_gt/FestellenDiagnose/00338.obj
FestellenDiagnose,low_171,49.835280,20.922516,29.392192,21.960765,11.668942,15.466655,/home/haipd/DexAvatar/outputs/output_wilor/FestellenDiagnose/smplifyx/meshes/low_171.obj,/home/haipd/DexAvatar/data/smplx_gt/FestellenDiagnose/00342.obj
FestellenDiagnose,low_173,50.505381,21.724988,30.344978,22.408240,11.844517,15.599877,/home/haipd/DexAvatar/outputs/output_wilor/FestellenDiagnose/smplifyx/meshes/low_173.obj,/home/haipd/DexAvatar/data/smplx_gt/FestellenDiagnose/00346.obj
FestellenDiagnose,low_175,47.248248,21.110147,30.046638,22.439606,11.733621,15.443108,/home/haipd/DexAvatar/outputs/output_wilor/FestellenDiagnose/smplifyx/meshes/low_175.obj,/home/haipd/DexAvatar/data/smplx_gt/FestellenDiagnose/00350.obj
FestellenDiagnose,low_177,49.112856,21.111015,29.877326,23.489626,11.359407,15.217635,/home/haipd/DexAvatar/outputs/output_wilor/FestellenDiagnose/smplifyx/meshes/low_177.obj,/home/haipd/DexAvatar/data/smplx_gt/FestellenDiagnose/00354.obj
FestellenDiagnose,low_179,46.997797,21.384161,28.073428,24.277205,11.719730,13.893706,/home/haipd/DexAvatar/outputs/output_wilor/FestellenDiagnose/smplifyx/meshes/low_179.obj,/home/haipd/DexAvatar/data/smplx_gt/FestellenDiagnose/00358.obj
FestellenDiagnose,low_181,47.714394,20.137971,27.660031,24.791580,11.221111,14.643188,/home/haipd/DexAvatar/outputs/output_wilor/FestellenDiagnose/smplifyx/meshes/low_181.obj,/home/haipd/DexAvatar/data/smplx_gt/FestellenDiagnose/00362.obj
FestellenDiagnose,low_183,46.703100,18.877329,27.489059,24.919664,10.921375,14.243484,/home/haipd/DexAvatar/outputs/output_wilor/FestellenDiagnose/smplifyx/meshes/low_183.obj,/home/haipd/DexAvatar/data/smplx_gt/FestellenDiagnose/00366.obj
FestellenDiagnose,low_185,47.149759,19.710448,26.889671,24.002710,11.458879,13.910289,/home/haipd/DexAvatar/outputs/output_wilor/FestellenDiagnose/smplifyx/meshes/low_185.obj,/home/haipd/DexAvatar/data/smplx_gt/FestellenDiagnose/00370.obj
FestellenDiagnose,low_187,46.425857,18.605405,26.713258,23.814438,10.734706,13.983577,/home/haipd/DexAvatar/outputs/output_wilor/FestellenDiagnose/smplifyx/meshes/low_187.obj,/home/haipd/DexAvatar/data/smplx_gt/FestellenDiagnose/00374.obj
Kochen,low_141,47.367033,11.903045,20.974750,20.301685,8.739333,17.508736,/home/haipd/DexAvatar/outputs/output_wilor/Kochen/smplifyx/meshes/low_141.obj,/home/haipd/DexAvatar/data/smplx_gt/Kochen/00282.obj
Kochen,low_143,45.786422,10.441191,24.968790,20.680705,9.794070,18.044567,/home/haipd/DexAvatar/outputs/output_wilor/Kochen/smplifyx/meshes/low_143.obj,/home/haipd/DexAvatar/data/smplx_gt/Kochen/00286.obj
Kochen,low_145,48.283387,10.009290,23.779213,22.198530,9.671183,18.100468,/home/haipd/DexAvatar/outputs/output_wilor/Kochen/smplifyx/meshes/low_145.obj,/home/haipd/DexAvatar/data/smplx_gt/Kochen/00290.obj
Kochen,low_147,51.255405,10.080436,21.681089,20.515883,9.402870,17.566668,/home/haipd/DexAvatar/outputs/output_wilor/Kochen/smplifyx/meshes/low_147.obj,/home/haipd/DexAvatar/data/smplx_gt/Kochen/00294.obj
Kochen,low_149,54.056242,10.808327,20.415967,20.617796,10.088642,17.015116,/home/haipd/DexAvatar/outputs/output_wilor/Kochen/smplifyx/meshes/low_149.obj,/home/haipd/DexAvatar/data/smplx_gt/Kochen/00298.obj
Kochen,low_151,49.941693,10.083105,19.721339,20.530945,9.266580,15.536573,/home/haipd/DexAvatar/outputs/output_wilor/Kochen/smplifyx/meshes/low_151.obj,/home/haipd/DexAvatar/data/smplx_gt/Kochen/00302.obj
Kochen,low_153,53.228069,11.288533,17.187783,20.708248,9.957846,15.425690,/home/haipd/DexAvatar/outputs/output_wilor/Kochen/smplifyx/meshes/low_153.obj,/home/haipd/DexAvatar/data/smplx_gt/Kochen/00306.obj
Kochen,low_155,54.710317,10.869517,16.589900,21.256423,9.284629,15.326262,/home/haipd/DexAvatar/outputs/output_wilor/Kochen/smplifyx/meshes/low_155.obj,/home/haipd/DexAvatar/data/smplx_gt/Kochen/00310.obj
Kochen,low_157,50.712246,10.743000,17.207885,20.180436,8.809148,15.328070,/home/haipd/DexAvatar/outputs/output_wilor/Kochen/smplifyx/meshes/low_157.obj,/home/haipd/DexAvatar/data/smplx_gt/Kochen/00314.obj
Kochen,low_159,50.086614,12.230363,14.919918,19.651288,8.489119,14.691345,/home/haipd/DexAvatar/outputs/output_wilor/Kochen/smplifyx/meshes/low_159.obj,/home/haipd/DexAvatar/data/smplx_gt/Kochen/00318.obj
Kochen,low_161,45.425221,19.911282,13.706429,18.491292,13.873988,13.100580,/home/haipd/DexAvatar/outputs/output_wilor/Kochen/smplifyx/meshes/low_161.obj,/home/haipd/DexAvatar/data/smplx_gt/Kochen/00322.obj
Kochen,low_163,48.679419,28.460188,15.151975,17.508555,17.141607,13.954834,/home/haipd/DexAvatar/outputs/output_wilor/Kochen/smplifyx/meshes/low_163.obj,/home/haipd/DexAvatar/data/smplx_gt/Kochen/00326.obj
Kochen,low_165,50.230503,23.609417,15.433745,17.335258,15.332563,13.988544,/home/haipd/DexAvatar/outputs/output_wilor/Kochen/smplifyx/meshes/low_165.obj,/home/haipd/DexAvatar/data/smplx_gt/Kochen/00330.obj
Kochen,low_167,50.713789,10.839473,15.849128,20.296065,8.977407,14.983977,/home/haipd/DexAvatar/outputs/output_wilor/Kochen/smplifyx/meshes/low_167.obj,/home/haipd/DexAvatar/data/smplx_gt/Kochen/00334.obj
Kochen,low_169,45.985404,10.242316,16.773464,19.415943,8.849522,15.518024,/home/haipd/DexAvatar/outputs/output_wilor/Kochen/smplifyx/meshes/low_169.obj,/home/haipd/DexAvatar/data/smplx_gt/Kochen/00338.obj
Kochen,low_171,45.898251,10.230278,21.416230,19.404531,9.275795,16.137879,/home/haipd/DexAvatar/outputs/output_wilor/Kochen/smplifyx/meshes/low_171.obj,/home/haipd/DexAvatar/data/smplx_gt/Kochen/00342.obj
Kochen,low_173,44.713743,10.555147,21.982962,20.965243,8.256851,17.182527,/home/haipd/DexAvatar/outputs/output_wilor/Kochen/smplifyx/meshes/low_173.obj,/home/haipd/DexAvatar/data/smplx_gt/Kochen/00346.obj
Kochen,low_175,47.239181,10.608997,22.002129,19.761035,9.454656,17.100004,/home/haipd/DexAvatar/outputs/output_wilor/Kochen/smplifyx/meshes/low_175.obj,/home/haipd/DexAvatar/data/smplx_gt/Kochen/00350.obj
Kochen,low_177,43.210384,11.365593,21.706440,19.341348,10.350000,16.359508,/home/haipd/DexAvatar/outputs/output_wilor/Kochen/smplifyx/meshes/low_177.obj,/home/haipd/DexAvatar/data/smplx_gt/Kochen/00354.obj
Kochen,low_179,44.129562,10.811929,24.144810,20.692231,9.926159,16.755622,/home/haipd/DexAvatar/outputs/output_wilor/Kochen/smplifyx/meshes/low_179.obj,/home/haipd/DexAvatar/data/smplx_gt/Kochen/00358.obj
Kochen,low_181,47.288407,10.789804,22.049606,19.158745,9.313363,17.140901,/home/haipd/DexAvatar/outputs/output_wilor/Kochen/smplifyx/meshes/low_181.obj,/home/haipd/DexAvatar/data/smplx_gt/Kochen/00362.obj
Kochen,low_183,48.482545,10.427515,20.262109,19.928198,9.359392,16.029792,/home/haipd/DexAvatar/outputs/output_wilor/Kochen/smplifyx/meshes/low_183.obj,/home/haipd/DexAvatar/data/smplx_gt/Kochen/00366.obj
Kochen,low_185,46.825036,21.875134,16.997207,18.980958,15.595362,15.071675,/home/haipd/DexAvatar/outputs/output_wilor/Kochen/smplifyx/meshes/low_185.obj,/home/haipd/DexAvatar/data/smplx_gt/Kochen/00370.obj
Kochen,low_187,48.652478,12.179017,16.227286,21.168269,10.518038,14.381281,/home/haipd/DexAvatar/outputs/output_wilor/Kochen/smplifyx/meshes/low_187.obj,/home/haipd/DexAvatar/data/smplx_gt/Kochen/00374.obj
Kochen,low_189,47.519732,11.905669,14.171782,18.842379,10.000975,13.613882,/home/haipd/DexAvatar/outputs/output_wilor/Kochen/smplifyx/meshes/low_189.obj,/home/haipd/DexAvatar/data/smplx_gt/Kochen/00378.obj
Kochen,low_191,47.386277,12.017299,14.416343,19.012319,10.240959,13.722970,/home/haipd/DexAvatar/outputs/output_wilor/Kochen/smplifyx/meshes/low_191.obj,/home/haipd/DexAvatar/data/smplx_gt/Kochen/00382.obj
Kochen,low_193,45.505773,12.023002,14.235796,18.333165,9.769210,13.696566,/home/haipd/DexAvatar/outputs/output_wilor/Kochen/smplifyx/meshes/low_193.obj,/home/haipd/DexAvatar/data/smplx_gt/Kochen/00386.obj
Kochen,low_195,51.859405,11.179569,14.261646,19.358145,9.496196,13.609536,/home/haipd/DexAvatar/outputs/output_wilor/Kochen/smplifyx/meshes/low_195.obj,/home/haipd/DexAvatar/data/smplx_gt/Kochen/00390.obj
Kochen,low_197,46.772756,18.597502,14.350740,17.193763,13.832644,13.847282,/home/haipd/DexAvatar/outputs/output_wilor/Kochen/smplifyx/meshes/low_197.obj,/home/haipd/DexAvatar/data/smplx_gt/Kochen/00394.obj
Kochen,low_199,43.214340,12.161886,15.018111,17.547423,10.368359,13.605141,/home/haipd/DexAvatar/outputs/output_wilor/Kochen/smplifyx/meshes/low_199.obj,/home/haipd/DexAvatar/data/smplx_gt/Kochen/00398.obj
Kochen,low_201,46.586860,11.622552,16.597638,18.997423,9.890166,15.195582,/home/haipd/DexAvatar/outputs/output_wilor/Kochen/smplifyx/meshes/low_201.obj,/home/haipd/DexAvatar/data/smplx_gt/Kochen/00402.obj
Kochen,low_203,43.371566,11.776836,17.589880,18.693570,10.355488,14.887465,/home/haipd/DexAvatar/outputs/output_wilor/Kochen/smplifyx/meshes/low_203.obj,/home/haipd/DexAvatar/data/smplx_gt/Kochen/00406.obj
Kochen,low_205,43.399680,11.572359,20.147074,19.391602,10.402333,15.544021,/home/haipd/DexAvatar/outputs/output_wilor/Kochen/smplifyx/meshes/low_205.obj,/home/haipd/DexAvatar/data/smplx_gt/Kochen/00410.obj
Kochen,low_207,43.175481,12.112701,19.910492,18.618386,11.282639,15.782241,/home/haipd/DexAvatar/outputs/output_wilor/Kochen/smplifyx/meshes/low_207.obj,/home/haipd/DexAvatar/data/smplx_gt/Kochen/00414.obj
Kochen,low_209,45.307573,22.497237,23.059113,18.087853,16.298046,17.313264,/home/haipd/DexAvatar/outputs/output_wilor/Kochen/smplifyx/meshes/low_209.obj,/home/haipd/DexAvatar/data/smplx_gt/Kochen/00418.obj
Kochen,low_211,44.129837,14.121139,16.474947,18.766880,12.564238,14.997249,/home/haipd/DexAvatar/outputs/output_wilor/Kochen/smplifyx/meshes/low_211.obj,/home/haipd/DexAvatar/data/smplx_gt/Kochen/00422.obj
Kochen,low_213,47.237359,11.951430,16.862966,19.003294,11.181122,15.754556,/home/haipd/DexAvatar/outputs/output_wilor/Kochen/smplifyx/meshes/low_213.obj,/home/haipd/DexAvatar/data/smplx_gt/Kochen/00426.obj
Lesen,low_157,46.037674,23.297617,12.190131,22.508055,12.089865,10.697762,/home/haipd/DexAvatar/outputs/output_wilor/Lesen/smplifyx/meshes/low_157.obj,/home/haipd/DexAvatar/data/smplx_gt/Lesen/00314.obj
Lesen,low_159,45.670051,20.395616,10.370185,24.369815,11.015550,9.590909,/home/haipd/DexAvatar/outputs/output_wilor/Lesen/smplifyx/meshes/low_159.obj,/home/haipd/DexAvatar/data/smplx_gt/Lesen/00318.obj
Lesen,low_161,45.694243,20.834882,9.600375,21.238606,10.952305,9.313607,/home/haipd/DexAvatar/outputs/output_wilor/Lesen/smplifyx/meshes/low_161.obj,/home/haipd/DexAvatar/data/smplx_gt/Lesen/00322.obj
Lesen,low_163,46.029825,19.982727,11.105986,25.545660,10.678607,9.644728,/home/haipd/DexAvatar/outputs/output_wilor/Lesen/smplifyx/meshes/low_163.obj,/home/haipd/DexAvatar/data/smplx_gt/Lesen/00326.obj
Lesen,low_165,46.081893,19.904733,12.243874,25.379561,10.753799,10.287161,/home/haipd/DexAvatar/outputs/output_wilor/Lesen/smplifyx/meshes/low_165.obj,/home/haipd/DexAvatar/data/smplx_gt/Lesen/00330.obj
Lesen,low_167,45.127563,19.136962,13.312120,24.903338,10.951535,10.588352,/home/haipd/DexAvatar/outputs/output_wilor/Lesen/smplifyx/meshes/low_167.obj,/home/haipd/DexAvatar/data/smplx_gt/Lesen/00334.obj
Lesen,low_169,47.127150,18.641647,13.684938,26.964003,9.878474,11.057707,/home/haipd/DexAvatar/outputs/output_wilor/Lesen/smplifyx/meshes/low_169.obj,/home/haipd/DexAvatar/data/smplx_gt/Lesen/00338.obj
Lesen,low_171,45.911491,20.236799,12.406203,22.342551,10.431524,9.982935,/home/haipd/DexAvatar/outputs/output_wilor/Lesen/smplifyx/meshes/low_171.obj,/home/haipd/DexAvatar/data/smplx_gt/Lesen/00342.obj
Lesen,low_173,45.767609,17.857246,11.025405,23.418210,10.174153,9.817566,/home/haipd/DexAvatar/outputs/output_wilor/Lesen/smplifyx/meshes/low_173.obj,/home/haipd/DexAvatar/data/smplx_gt/Lesen/00346.obj
Lesen,low_175,46.656258,13.032107,11.507594,22.588570,8.849390,10.034355,/home/haipd/DexAvatar/outputs/output_wilor/Lesen/smplifyx/meshes/low_175.obj,/home/haipd/DexAvatar/data/smplx_gt/Lesen/00350.obj
Lesen,low_177,46.391759,19.902559,10.340330,22.646746,10.464837,9.745049,/home/haipd/DexAvatar/outputs/output_wilor/Lesen/smplifyx/meshes/low_177.obj,/home/haipd/DexAvatar/data/smplx_gt/Lesen/00354.obj
Lesen,low_179,46.019249,19.311672,10.993919,24.103066,10.746695,10.543452,/home/haipd/DexAvatar/outputs/output_wilor/Lesen/smplifyx/meshes/low_179.obj,/home/haipd/DexAvatar/data/smplx_gt/Lesen/00358.obj
Lesen,low_181,48.643235,17.274130,12.617809,27.248364,10.136096,10.576071,/home/haipd/DexAvatar/outputs/output_wilor/Lesen/smplifyx/meshes/low_181.obj,/home/haipd/DexAvatar/data/smplx_gt/Lesen/00362.obj
Lesen,low_183,50.753698,14.472065,16.130958,22.318212,9.973099,12.691779,/home/haipd/DexAvatar/outputs/output_wilor/Lesen/smplifyx/meshes/low_183.obj,/home/haipd/DexAvatar/data/smplx_gt/Lesen/00366.obj
Lesen,low_185,52.969974,12.113611,17.132515,24.323849,8.389023,11.764028,/home/haipd/DexAvatar/outputs/output_wilor/Lesen/smplifyx/meshes/low_185.obj,/home/haipd/DexAvatar/data/smplx_gt/Lesen/00370.obj
Lesen,low_187,48.685357,14.192639,15.841953,25.550457,8.679785,10.695556,/home/haipd/DexAvatar/outputs/output_wilor/Lesen/smplifyx/meshes/low_187.obj,/home/haipd/DexAvatar/data/smplx_gt/Lesen/00374.obj
Lesen,low_189,49.409311,11.741715,15.699748,23.586983,8.410816,11.762253,/home/haipd/DexAvatar/outputs/output_wilor/Lesen/smplifyx/meshes/low_189.obj,/home/haipd/DexAvatar/data/smplx_gt/Lesen/00378.obj
Lesen,low_191,49.885996,16.546266,13.219324,24.065832,9.243418,10.623639,/home/haipd/DexAvatar/outputs/output_wilor/Lesen/smplifyx/meshes/low_191.obj,/home/haipd/DexAvatar/data/smplx_gt/Lesen/00382.obj
Lesen,low_193,46.548761,21.676050,11.991093,22.916876,11.436998,10.653177,/home/haipd/DexAvatar/outputs/output_wilor/Lesen/smplifyx/meshes/low_193.obj,/home/haipd/DexAvatar/data/smplx_gt/Lesen/00386.obj
Lesen,low_195,49.718644,16.060734,14.765006,25.203852,12.240201,12.340898,/home/haipd/DexAvatar/outputs/output_wilor/Lesen/smplifyx/meshes/low_195.obj,/home/haipd/DexAvatar/data/smplx_gt/Lesen/00390.obj
Lesen,low_197,48.713345,18.202603,13.856248,24.264961,10.289310,11.413085,/home/haipd/DexAvatar/outputs/output_wilor/Lesen/smplifyx/meshes/low_197.obj,/home/haipd/DexAvatar/data/smplx_gt/Lesen/00394.obj
Lesen,low_199,47.150474,18.407669,18.619658,22.611646,9.657892,12.722949,/home/haipd/DexAvatar/outputs/output_wilor/Lesen/smplifyx/meshes/low_199.obj,/home/haipd/DexAvatar/data/smplx_gt/Lesen/00398.obj
Lesen,low_201,47.994234,12.739535,21.655018,23.667082,8.117753,15.096103,/home/haipd/DexAvatar/outputs/output_wilor/Lesen/smplifyx/meshes/low_201.obj,/home/haipd/DexAvatar/data/smplx_gt/Lesen/00402.obj
Lesen,low_203,46.483599,19.847097,19.729925,22.737999,10.075863,13.217961,/home/haipd/DexAvatar/outputs/output_wilor/Lesen/smplifyx/meshes/low_203.obj,/home/haipd/DexAvatar/data/smplx_gt/Lesen/00406.obj
Lesen,low_205,46.689719,21.602517,16.527597,23.539025,10.391902,12.312637,/home/haipd/DexAvatar/outputs/output_wilor/Lesen/smplifyx/meshes/low_205.obj,/home/haipd/DexAvatar/data/smplx_gt/Lesen/00410.obj
Operieren,low_203,43.498266,22.702126,15.841769,22.537511,12.742703,11.446525,/home/haipd/DexAvatar/outputs/output_wilor/Operieren/smplifyx/meshes/low_203.obj,/home/haipd/DexAvatar/data/smplx_gt/Operieren/00406.obj
Operieren,low_205,42.709399,23.590079,14.084651,21.908727,12.885829,11.049947,/home/haipd/DexAvatar/outputs/output_wilor/Operieren/smplifyx/meshes/low_205.obj,/home/haipd/DexAvatar/data/smplx_gt/Operieren/00410.obj
Operieren,low_207,42.142127,22.892645,12.724189,22.140009,12.726315,10.879683,/home/haipd/DexAvatar/outputs/output_wilor/Operieren/smplifyx/meshes/low_207.obj,/home/haipd/DexAvatar/data/smplx_gt/Operieren/00414.obj
Operieren,low_209,43.152630,22.376064,11.819319,22.551117,12.871796,10.706498,/home/haipd/DexAvatar/outputs/output_wilor/Operieren/smplifyx/meshes/low_209.obj,/home/haipd/DexAvatar/data/smplx_gt/Operieren/00418.obj
Operieren,low_211,42.385060,22.259159,11.578115,21.505851,12.578889,11.025104,/home/haipd/DexAvatar/outputs/output_wilor/Operieren/smplifyx/meshes/low_211.obj,/home/haipd/DexAvatar/data/smplx_gt/Operieren/00422.obj
Operieren,low_213,39.382696,22.892719,11.516267,21.013748,12.957874,10.692998,/home/haipd/DexAvatar/outputs/output_wilor/Operieren/smplifyx/meshes/low_213.obj,/home/haipd/DexAvatar/data/smplx_gt/Operieren/00426.obj
Operieren,low_215,38.342677,23.419559,11.105050,20.234389,13.155777,9.995739,/home/haipd/DexAvatar/outputs/output_wilor/Operieren/smplifyx/meshes/low_215.obj,/home/haipd/DexAvatar/data/smplx_gt/Operieren/00430.obj
Operieren,low_217,40.621072,24.782551,10.755963,20.114917,13.952676,10.361999,/home/haipd/DexAvatar/outputs/output_wilor/Operieren/smplifyx/meshes/low_217.obj,/home/haipd/DexAvatar/data/smplx_gt/Operieren/00434.obj
Operieren,low_219,40.880993,23.716398,10.969700,20.990305,13.409778,10.223964,/home/haipd/DexAvatar/outputs/output_wilor/Operieren/smplifyx/meshes/low_219.obj,/home/haipd/DexAvatar/data/smplx_gt/Operieren/00438.obj
Operieren,low_221,41.774161,22.898713,11.048234,21.801081,13.025325,10.077375,/home/haipd/DexAvatar/outputs/output_wilor/Operieren/smplifyx/meshes/low_221.obj,/home/haipd/DexAvatar/data/smplx_gt/Operieren/00442.obj
Operieren,low_223,40.371966,22.095757,10.720616,21.698175,12.814247,10.331395,/home/haipd/DexAvatar/outputs/output_wilor/Operieren/smplifyx/meshes/low_223.obj,/home/haipd/DexAvatar/data/smplx_gt/Operieren/00446.obj
Operieren,low_225,42.479150,22.430420,11.230728,21.923220,12.899833,10.450689,/home/haipd/DexAvatar/outputs/output_wilor/Operieren/smplifyx/meshes/low_225.obj,/home/haipd/DexAvatar/data/smplx_gt/Operieren/00450.obj
Operieren,low_227,42.045921,21.703755,11.118827,21.289036,12.696630,10.736855,/home/haipd/DexAvatar/outputs/output_wilor/Operieren/smplifyx/meshes/low_227.obj,/home/haipd/DexAvatar/data/smplx_gt/Operieren/00454.obj
Operieren,low_229,39.902188,23.284193,10.201632,21.327125,13.421972,10.052922,/home/haipd/DexAvatar/outputs/output_wilor/Operieren/smplifyx/meshes/low_229.obj,/home/haipd/DexAvatar/data/smplx_gt/Operieren/00458.obj
Operieren,low_231,40.028859,23.748498,10.835812,21.864204,13.492521,10.399755,/home/haipd/DexAvatar/outputs/output_wilor/Operieren/smplifyx/meshes/low_231.obj,/home/haipd/DexAvatar/data/smplx_gt/Operieren/00462.obj
Operieren,low_233,39.869443,23.752606,10.727229,21.164259,13.684746,10.223941,/home/haipd/DexAvatar/outputs/output_wilor/Operieren/smplifyx/meshes/low_233.obj,/home/haipd/DexAvatar/data/smplx_gt/Operieren/00466.obj
Operieren,low_235,38.578816,24.074610,11.182012,21.874163,13.773951,10.844550,/home/haipd/DexAvatar/outputs/output_wilor/Operieren/smplifyx/meshes/low_235.obj,/home/haipd/DexAvatar/data/smplx_gt/Operieren/00470.obj
Operieren,low_237,38.759246,23.972871,11.792274,21.733731,13.990256,11.235065,/home/haipd/DexAvatar/outputs/output_wilor/Operieren/smplifyx/meshes/low_237.obj,/home/haipd/DexAvatar/data/smplx_gt/Operieren/00474.obj
Operieren,low_239,40.187571,24.080204,10.280949,22.178708,13.834260,10.370699,/home/haipd/DexAvatar/outputs/output_wilor/Operieren/smplifyx/meshes/low_239.obj,/home/haipd/DexAvatar/data/smplx_gt/Operieren/00478.obj
Operieren,low_241,39.422411,23.973214,10.991788,21.783991,13.826357,10.772596,/home/haipd/DexAvatar/outputs/output_wilor/Operieren/smplifyx/meshes/low_241.obj,/home/haipd/DexAvatar/data/smplx_gt/Operieren/00482.obj
Operieren,low_243,39.260034,23.011984,10.838851,21.620469,13.467218,10.648280,/home/haipd/DexAvatar/outputs/output_wilor/Operieren/smplifyx/meshes/low_243.obj,/home/haipd/DexAvatar/data/smplx_gt/Operieren/00486.obj
Operieren,low_245,38.996436,24.342474,11.124722,21.398509,14.203379,10.769658,/home/haipd/DexAvatar/outputs/output_wilor/Operieren/smplifyx/meshes/low_245.obj,/home/haipd/DexAvatar/data/smplx_gt/Operieren/00490.obj
Operieren,low_247,38.869541,23.372767,10.989817,21.185074,13.750021,10.706291,/home/haipd/DexAvatar/outputs/output_wilor/Operieren/smplifyx/meshes/low_247.obj,/home/haipd/DexAvatar/data/smplx_gt/Operieren/00494.obj
Operieren,low_249,39.061889,22.800809,11.053519,21.488206,13.402612,10.770008,/home/haipd/DexAvatar/outputs/output_wilor/Operieren/smplifyx/meshes/low_249.obj,/home/haipd/DexAvatar/data/smplx_gt/Operieren/00498.obj
Operieren,low_251,39.617084,23.485828,11.415389,21.617340,13.747689,10.894799,/home/haipd/DexAvatar/outputs/output_wilor/Operieren/smplifyx/meshes/low_251.obj,/home/haipd/DexAvatar/data/smplx_gt/Operieren/00502.obj
Schreiben,low_127,48.949189,22.956137,13.941985,19.291488,14.125599,8.535108,/home/haipd/DexAvatar/outputs/output_wilor/Schreiben/smplifyx/meshes/low_127.obj,/home/haipd/DexAvatar/data/smplx_gt/Schreiben/00254.obj
Schreiben,low_129,52.003372,23.558499,14.335569,19.375199,14.310238,8.696864,/home/haipd/DexAvatar/outputs/output_wilor/Schreiben/smplifyx/meshes/low_129.obj,/home/haipd/DexAvatar/data/smplx_gt/Schreiben/00258.obj
Schreiben,low_131,49.852185,23.349419,15.131637,20.174487,14.169587,10.101218,/home/haipd/DexAvatar/outputs/output_wilor/Schreiben/smplifyx/meshes/low_131.obj,/home/haipd/DexAvatar/data/smplx_gt/Schreiben/00262.obj
Schreiben,low_133,52.632455,24.402993,14.071441,19.739291,14.899259,8.767475,/home/haipd/DexAvatar/outputs/output_wilor/Schreiben/smplifyx/meshes/low_133.obj,/home/haipd/DexAvatar/data/smplx_gt/Schreiben/00266.obj
Schreiben,low_135,53.792607,23.873014,15.454113,20.282287,14.512147,9.650146,/home/haipd/DexAvatar/outputs/output_wilor/Schreiben/smplifyx/meshes/low_135.obj,/home/haipd/DexAvatar/data/smplx_gt/Schreiben/00270.obj
Schreiben,low_137,52.279364,24.520945,13.946327,20.285353,15.378447,9.417358,/home/haipd/DexAvatar/outputs/output_wilor/Schreiben/smplifyx/meshes/low_137.obj,/home/haipd/DexAvatar/data/smplx_gt/Schreiben/00274.obj
Schreiben,low_139,47.349971,23.688022,14.040401,22.627536,14.596559,9.034768,/home/haipd/DexAvatar/outputs/output_wilor/Schreiben/smplifyx/meshes/low_139.obj,/home/haipd/DexAvatar/data/smplx_gt/Schreiben/00278.obj
Schreiben,low_141,50.070237,23.035632,13.545170,21.491131,14.185211,9.109269,/home/haipd/DexAvatar/outputs/output_wilor/Schreiben/smplifyx/meshes/low_141.obj,/home/haipd/DexAvatar/data/smplx_gt/Schreiben/00282.obj
Schreiben,low_143,47.128361,23.282964,13.103608,23.387250,14.098117,8.935704,/home/haipd/DexAvatar/outputs/output_wilor/Schreiben/smplifyx/meshes/low_143.obj,/home/haipd/DexAvatar/data/smplx_gt/Schreiben/00286.obj
Schreiben,low_145,47.942091,22.701645,11.804744,21.144118,13.920070,8.599064,/home/haipd/DexAvatar/outputs/output_wilor/Schreiben/smplifyx/meshes/low_145.obj,/home/haipd/DexAvatar/data/smplx_gt/Schreiben/00290.obj
Schreiben,low_147,46.746001,22.499014,13.474968,21.659570,14.268271,8.920861,/home/haipd/DexAvatar/outputs/output_wilor/Schreiben/smplifyx/meshes/low_147.obj,/home/haipd/DexAvatar/data/smplx_gt/Schreiben/00294.obj
Schreiben,low_149,46.321888,22.346456,14.751364,22.155717,14.229157,9.405057,/home/haipd/DexAvatar/outputs/output_wilor/Schreiben/smplifyx/meshes/low_149.obj,/home/haipd/DexAvatar/data/smplx_gt/Schreiben/00298.obj
Schreiben,low_151,47.117129,23.069365,14.606746,22.405647,14.772877,9.009414,/home/haipd/DexAvatar/outputs/output_wilor/Schreiben/smplifyx/meshes/low_151.obj,/home/haipd/DexAvatar/data/smplx_gt/Schreiben/00302.obj
Schreiben,low_153,47.199704,24.278026,15.573752,21.856317,15.457092,8.921114,/home/haipd/DexAvatar/outputs/output_wilor/Schreiben/smplifyx/meshes/low_153.obj,/home/haipd/DexAvatar/data/smplx_gt/Schreiben/00306.obj
Schreiben,low_155,48.271339,22.575539,16.239777,22.583039,14.546079,10.084072,/home/haipd/DexAvatar/outputs/output_wilor/Schreiben/smplifyx/meshes/low_155.obj,/home/haipd/DexAvatar/data/smplx_gt/Schreiben/00310.obj
Schreiben,low_157,47.730990,23.190228,15.615040,21.886151,14.567562,9.469911,/home/haipd/DexAvatar/outputs/output_wilor/Schreiben/smplifyx/meshes/low_157.obj,/home/haipd/DexAvatar/data/smplx_gt/Schreiben/00314.obj
Schreiben,low_159,47.736805,23.755861,16.509876,26.355270,14.590872,9.756748,/home/haipd/DexAvatar/outputs/output_wilor/Schreiben/smplifyx/meshes/low_159.obj,/home/haipd/DexAvatar/data/smplx_gt/Schreiben/00318.obj
Schreiben,low_161,47.379162,23.281027,13.452710,25.126131,14.301448,8.396479,/home/haipd/DexAvatar/outputs/output_wilor/Schreiben/smplifyx/meshes/low_161.obj,/home/haipd/DexAvatar/data/smplx_gt/Schreiben/00322.obj
Schreiben,low_163,53.426579,24.772588,11.825703,31.808313,15.414741,8.049832,/home/haipd/DexAvatar/outputs/output_wilor/Schreiben/smplifyx/meshes/low_163.obj,/home/haipd/DexAvatar/data/smplx_gt/Schreiben/00326.obj
Schreiben,low_165,46.193387,23.322828,12.814125,20.976679,14.169496,9.583938,/home/haipd/DexAvatar/outputs/output_wilor/Schreiben/smplifyx/meshes/low_165.obj,/home/haipd/DexAvatar/data/smplx_gt/Schreiben/00330.obj
Schreiben,low_167,46.788622,24.259524,12.327384,20.269614,15.357759,8.619794,/home/haipd/DexAvatar/outputs/output_wilor/Schreiben/smplifyx/meshes/low_167.obj,/home/haipd/DexAvatar/data/smplx_gt/Schreiben/00334.obj
Schreiben,low_169,46.375282,23.630720,13.622069,20.352492,14.987309,8.808739,/home/haipd/DexAvatar/outputs/output_wilor/Schreiben/smplifyx/meshes/low_169.obj,/home/haipd/DexAvatar/data/smplx_gt/Schreiben/00338.obj
Schreiben,low_171,47.861215,24.489218,14.675282,20.314960,14.965967,8.895931,/home/haipd/DexAvatar/outputs/output_wilor/Schreiben/smplifyx/meshes/low_171.obj,/home/haipd/DexAvatar/data/smplx_gt/Schreiben/00342.obj
Schreiben,low_173,48.471369,23.651397,15.182957,20.447962,14.557076,9.136523,/home/haipd/DexAvatar/outputs/output_wilor/Schreiben/smplifyx/meshes/low_173.obj,/home/haipd/DexAvatar/data/smplx_gt/Schreiben/00346.obj
Schreiben,low_175,48.553601,25.152879,15.169427,22.498060,15.321475,8.800119,/home/haipd/DexAvatar/outputs/output_wilor/Schreiben/smplifyx/meshes/low_175.obj,/home/haipd/DexAvatar/data/smplx_gt/Schreiben/00350.obj
Schreiben,low_177,45.327149,23.558361,14.748073,22.073010,14.800696,10.314366,/home/haipd/DexAvatar/outputs/output_wilor/Schreiben/smplifyx/meshes/low_177.obj,/home/haipd/DexAvatar/data/smplx_gt/Schreiben/00354.obj
Schreiben,low_179,46.161022,24.712821,15.238686,23.104440,14.804977,8.665666,/home/haipd/DexAvatar/outputs/output_wilor/Schreiben/smplifyx/meshes/low_179.obj,/home/haipd/DexAvatar/data/smplx_gt/Schreiben/00358.obj
Schreiben,low_181,47.371302,23.985576,13.653936,24.338128,14.496737,8.056273,/home/haipd/DexAvatar/outputs/output_wilor/Schreiben/smplifyx/meshes/low_181.obj,/home/haipd/DexAvatar/data/smplx_gt/Schreiben/00362.obj
Schreiben,low_183,46.316367,23.201181,13.426339,25.401980,13.847816,7.838089,/home/haipd/DexAvatar/outputs/output_wilor/Schreiben/smplifyx/meshes/low_183.obj,/home/haipd/DexAvatar/data/smplx_gt/Schreiben/00366.obj
Schreiben,low_185,47.802318,24.173778,13.374078,25.515238,14.902443,8.204049,/home/haipd/DexAvatar/outputs/output_wilor/Schreiben/smplifyx/meshes/low_185.obj,/home/haipd/DexAvatar/data/smplx_gt/Schreiben/00370.obj
Schreiben,low_187,45.027487,24.514675,12.716074,23.901459,14.797999,8.285793,/home/haipd/DexAvatar/outputs/output_wilor/Schreiben/smplifyx/meshes/low_187.obj,/home/haipd/DexAvatar/data/smplx_gt/Schreiben/00374.obj
Schreiben,low_189,44.678096,24.660410,13.172299,23.443986,15.336005,8.067355,/home/haipd/DexAvatar/outputs/output_wilor/Schreiben/smplifyx/meshes/low_189.obj,/home/haipd/DexAvatar/data/smplx_gt/Schreiben/00378.obj
Schreiben,low_191,44.928081,23.902573,13.256113,22.651222,14.875883,8.190170,/home/haipd/DexAvatar/outputs/output_wilor/Schreiben/smplifyx/meshes/low_191.obj,/home/haipd/DexAvatar/data/smplx_gt/Schreiben/00382.obj
Schreiben,low_193,45.028318,23.764776,15.627073,23.267657,14.959194,8.790674,/home/haipd/DexAvatar/outputs/output_wilor/Schreiben/smplifyx/meshes/low_193.obj,/home/haipd/DexAvatar/data/smplx_gt/Schreiben/00386.obj
Schreiben,low_195,49.844939,24.399871,15.355495,26.412306,15.365215,8.529152,/home/haipd/DexAvatar/outputs/output_wilor/Schreiben/smplifyx/meshes/low_195.obj,/home/haipd/DexAvatar/data/smplx_gt/Schreiben/00390.obj
SparenSparsam,low_137,55.680543,35.268165,15.191536,21.901200,21.143662,10.902405,/home/haipd/DexAvatar/outputs/output_wilor/SparenSparsam/smplifyx/meshes/low_137.obj,/home/haipd/DexAvatar/data/smplx_gt/SparenSparsam/00274.obj
SparenSparsam,low_139,50.745144,33.880174,13.100752,21.720557,20.787269,10.502721,/home/haipd/DexAvatar/outputs/output_wilor/SparenSparsam/smplifyx/meshes/low_139.obj,/home/haipd/DexAvatar/data/smplx_gt/SparenSparsam/00278.obj
SparenSparsam,low_141,45.644917,31.348564,11.961461,25.345389,18.855972,10.976322,/home/haipd/DexAvatar/outputs/output_wilor/SparenSparsam/smplifyx/meshes/low_141.obj,/home/haipd/DexAvatar/data/smplx_gt/SparenSparsam/00282.obj
SparenSparsam,low_143,46.447866,31.201566,13.539273,24.217255,18.635729,11.912050,/home/haipd/DexAvatar/outputs/output_wilor/SparenSparsam/smplifyx/meshes/low_143.obj,/home/haipd/DexAvatar/data/smplx_gt/SparenSparsam/00286.obj
SparenSparsam,low_145,46.120137,33.661131,12.565536,26.894072,20.905491,11.862867,/home/haipd/DexAvatar/outputs/output_wilor/SparenSparsam/smplifyx/meshes/low_145.obj,/home/haipd/DexAvatar/data/smplx_gt/SparenSparsam/00290.obj
SparenSparsam,low_147,45.731414,34.942556,11.843152,24.730589,21.119321,11.161099,/home/haipd/DexAvatar/outputs/output_wilor/SparenSparsam/smplifyx/meshes/low_147.obj,/home/haipd/DexAvatar/data/smplx_gt/SparenSparsam/00294.obj
SparenSparsam,low_149,48.429735,31.199547,13.688520,25.696231,18.917987,12.915231,/home/haipd/DexAvatar/outputs/output_wilor/SparenSparsam/smplifyx/meshes/low_149.obj,/home/haipd/DexAvatar/data/smplx_gt/SparenSparsam/00298.obj
SparenSparsam,low_151,51.188052,31.462107,13.033699,25.409043,18.973956,12.400896,/home/haipd/DexAvatar/outputs/output_wilor/SparenSparsam/smplifyx/meshes/low_151.obj,/home/haipd/DexAvatar/data/smplx_gt/SparenSparsam/00302.obj
SparenSparsam,low_153,48.023362,32.684721,12.141504,27.969841,19.729622,11.656201,/home/haipd/DexAvatar/outputs/output_wilor/SparenSparsam/smplifyx/meshes/low_153.obj,/home/haipd/DexAvatar/data/smplx_gt/SparenSparsam/00306.obj
SparenSparsam,low_155,45.430295,33.243913,11.626013,28.274054,19.913808,10.844673,/home/haipd/DexAvatar/outputs/output_wilor/SparenSparsam/smplifyx/meshes/low_155.obj,/home/haipd/DexAvatar/data/smplx_gt/SparenSparsam/00310.obj
SparenSparsam,low_157,47.303133,32.209229,13.037863,27.767662,19.638482,11.421525,/home/haipd/DexAvatar/outputs/output_wilor/SparenSparsam/smplifyx/meshes/low_157.obj,/home/haipd/DexAvatar/data/smplx_gt/SparenSparsam/00314.obj
SparenSparsam,low_159,56.192853,31.146264,12.003729,32.368738,19.058341,11.138368,/home/haipd/DexAvatar/outputs/output_wilor/SparenSparsam/smplifyx/meshes/low_159.obj,/home/haipd/DexAvatar/data/smplx_gt/SparenSparsam/00318.obj
SparenSparsam,low_161,58.816560,31.790473,12.668262,34.048509,19.278169,11.534782,/home/haipd/DexAvatar/outputs/output_wilor/SparenSparsam/smplifyx/meshes/low_161.obj,/home/haipd/DexAvatar/data/smplx_gt/SparenSparsam/00322.obj
SparenSparsam,low_163,53.192466,30.153250,12.251292,31.697620,18.528510,11.256418,/home/haipd/DexAvatar/outputs/output_wilor/SparenSparsam/smplifyx/meshes/low_163.obj,/home/haipd/DexAvatar/data/smplx_gt/SparenSparsam/00326.obj
SparenSparsam,low_165,48.250459,32.181852,11.959419,29.929854,20.034296,11.326921,/home/haipd/DexAvatar/outputs/output_wilor/SparenSparsam/smplifyx/meshes/low_165.obj,/home/haipd/DexAvatar/data/smplx_gt/SparenSparsam/00330.obj
SparenSparsam,low_167,43.336183,32.386661,11.136227,26.623527,19.718004,10.571690,/home/haipd/DexAvatar/outputs/output_wilor/SparenSparsam/smplifyx/meshes/low_167.obj,/home/haipd/DexAvatar/data/smplx_gt/SparenSparsam/00334.obj
SparenSparsam,low_169,44.285297,31.282369,13.376373,26.199227,18.912185,12.449871,/home/haipd/DexAvatar/outputs/output_wilor/SparenSparsam/smplifyx/meshes/low_169.obj,/home/haipd/DexAvatar/data/smplx_gt/SparenSparsam/00338.obj
SparenSparsam,low_171,46.385605,31.536207,12.710826,29.339124,19.088330,11.863109,/home/haipd/DexAvatar/outputs/output_wilor/SparenSparsam/smplifyx/meshes/low_171.obj,/home/haipd/DexAvatar/data/smplx_gt/SparenSparsam/00342.obj
SparenSparsam,low_173,47.466662,31.275544,13.369401,29.363928,18.876791,11.699120,/home/haipd/DexAvatar/outputs/output_wilor/SparenSparsam/smplifyx/meshes/low_173.obj,/home/haipd/DexAvatar/data/smplx_gt/SparenSparsam/00346.obj
SparenSparsam,low_175,49.209479,33.041742,12.812463,29.566651,19.961936,11.523476,/home/haipd/DexAvatar/outputs/output_wilor/SparenSparsam/smplifyx/meshes/low_175.obj,/home/haipd/DexAvatar/data/smplx_gt/SparenSparsam/00350.obj
SparenSparsam,low_177,56.246608,29.024601,11.253561,31.203141,17.963907,10.471842,/home/haipd/DexAvatar/outputs/output_wilor/SparenSparsam/smplifyx/meshes/low_177.obj,/home/haipd/DexAvatar/data/smplx_gt/SparenSparsam/00354.obj
SparenSparsam,low_179,54.803997,30.578846,11.603329,29.622646,18.882548,11.036745,/home/haipd/DexAvatar/outputs/output_wilor/SparenSparsam/smplifyx/meshes/low_179.obj,/home/haipd/DexAvatar/data/smplx_gt/SparenSparsam/00358.obj
SparenSparsam,low_181,48.473757,29.291466,12.055048,26.192404,18.199794,11.618019,/home/haipd/DexAvatar/outputs/output_wilor/SparenSparsam/smplifyx/meshes/low_181.obj,/home/haipd/DexAvatar/data/smplx_gt/SparenSparsam/00362.obj
Auto,low_110,40.466260,15.722202,21.842282,22.793904,11.566610,14.021451,/home/haipd/DexAvatar/outputs/output_wilor/Auto/smplifyx/meshes/low_110.obj,/home/haipd/DexAvatar/data/smplx_gt/Auto/00220.obj
Auto,low_112,45.752019,19.348929,19.402934,23.390139,12.343628,13.838789,/home/haipd/DexAvatar/outputs/output_wilor/Auto/smplifyx/meshes/low_112.obj,/home/haipd/DexAvatar/data/smplx_gt/Auto/00224.obj
Auto,low_114,46.950690,20.291658,16.993504,24.191959,12.855529,11.801144,/home/haipd/DexAvatar/outputs/output_wilor/Auto/smplifyx/meshes/low_114.obj,/home/haipd/DexAvatar/data/smplx_gt/Auto/00228.obj
Auto,low_116,42.437494,22.014709,15.954683,22.834726,13.123726,12.203583,/home/haipd/DexAvatar/outputs/output_wilor/Auto/smplifyx/meshes/low_116.obj,/home/haipd/DexAvatar/data/smplx_gt/Auto/00232.obj
Auto,low_118,40.396426,25.040125,14.534443,24.650536,13.779424,11.821450,/home/haipd/DexAvatar/outputs/output_wilor/Auto/smplifyx/meshes/low_118.obj,/home/haipd/DexAvatar/data/smplx_gt/Auto/00236.obj
Auto,low_120,44.117868,24.636589,15.331933,28.561352,14.235658,11.835679,/home/haipd/DexAvatar/outputs/output_wilor/Auto/smplifyx/meshes/low_120.obj,/home/haipd/DexAvatar/data/smplx_gt/Auto/00240.obj
Auto,low_122,42.100929,23.455799,16.484663,25.022494,13.384469,12.225392,/home/haipd/DexAvatar/outputs/output_wilor/Auto/smplifyx/meshes/low_122.obj,/home/haipd/DexAvatar/data/smplx_gt/Auto/00244.obj
Auto,low_124,41.585106,19.600153,16.107932,25.027536,12.141355,12.148976,/home/haipd/DexAvatar/outputs/output_wilor/Auto/smplifyx/meshes/low_124.obj,/home/haipd/DexAvatar/data/smplx_gt/Auto/00248.obj
Auto,low_126,42.824931,16.969716,17.281376,24.112269,11.495077,12.513770,/home/haipd/DexAvatar/outputs/output_wilor/Auto/smplifyx/meshes/low_126.obj,/home/haipd/DexAvatar/data/smplx_gt/Auto/00252.obj
Auto,low_128,42.889632,13.685580,18.311234,23.234503,10.324446,12.877883,/home/haipd/DexAvatar/outputs/output_wilor/Auto/smplifyx/meshes/low_128.obj,/home/haipd/DexAvatar/data/smplx_gt/Auto/00256.obj
Auto,low_130,42.208470,13.525564,18.305819,23.300175,10.535681,13.264765,/home/haipd/DexAvatar/outputs/output_wilor/Auto/smplifyx/meshes/low_130.obj,/home/haipd/DexAvatar/data/smplx_gt/Auto/00260.obj
Auto,low_132,40.307838,14.294434,19.434415,21.818353,10.718971,13.514491,/home/haipd/DexAvatar/outputs/output_wilor/Auto/smplifyx/meshes/low_132.obj,/home/haipd/DexAvatar/data/smplx_gt/Auto/00264.obj
Auto,low_134,39.304052,16.966352,20.625051,19.451566,10.783996,14.247979,/home/haipd/DexAvatar/outputs/output_wilor/Auto/smplifyx/meshes/low_134.obj,/home/haipd/DexAvatar/data/smplx_gt/Auto/00268.obj
Auto,low_136,39.078519,18.651973,21.552419,19.837342,11.371412,14.565079,/home/haipd/DexAvatar/outputs/output_wilor/Auto/smplifyx/meshes/low_136.obj,/home/haipd/DexAvatar/data/smplx_gt/Auto/00272.obj
Auto,low_138,40.945582,19.484669,20.933082,19.324053,11.526681,14.443675,/home/haipd/DexAvatar/outputs/output_wilor/Auto/smplifyx/meshes/low_138.obj,/home/haipd/DexAvatar/data/smplx_gt/Auto/00276.obj
Auto,low_140,40.047120,18.083250,20.110697,19.595290,11.336789,14.231233,/home/haipd/DexAvatar/outputs/output_wilor/Auto/smplifyx/meshes/low_140.obj,/home/haipd/DexAvatar/data/smplx_gt/Auto/00280.obj
Auto,low_142,41.715201,18.093919,17.972097,20.585410,11.294085,13.732376,/home/haipd/DexAvatar/outputs/output_wilor/Auto/smplifyx/meshes/low_142.obj,/home/haipd/DexAvatar/data/smplx_gt/Auto/00284.obj
Auto,low_144,38.797081,18.653791,15.638569,21.830754,11.493226,12.644065,/home/haipd/DexAvatar/outputs/output_wilor/Auto/smplifyx/meshes/low_144.obj,/home/haipd/DexAvatar/data/smplx_gt/Auto/00288.obj
Auto,low_146,42.679790,19.371439,14.978867,22.257451,11.618188,12.862690,/home/haipd/DexAvatar/outputs/output_wilor/Auto/smplifyx/meshes/low_146.obj,/home/haipd/DexAvatar/data/smplx_gt/Auto/00292.obj
Auto,low_148,40.258270,19.696280,15.288481,22.971617,12.054124,12.989388,/home/haipd/DexAvatar/outputs/output_wilor/Auto/smplifyx/meshes/low_148.obj,/home/haipd/DexAvatar/data/smplx_gt/Auto/00296.obj
Auto,low_150,37.821889,18.520664,14.959645,21.479752,11.884100,13.011242,/home/haipd/DexAvatar/outputs/output_wilor/Auto/smplifyx/meshes/low_150.obj,/home/haipd/DexAvatar/data/smplx_gt/Auto/00300.obj
Auto,low_152,40.104691,18.644582,15.707130,23.706926,12.031204,12.878886,/home/haipd/DexAvatar/outputs/output_wilor/Auto/smplifyx/meshes/low_152.obj,/home/haipd/DexAvatar/data/smplx_gt/Auto/00304.obj
Auto,low_154,38.808424,16.324712,15.751479,23.304688,11.230282,12.773731,/home/haipd/DexAvatar/outputs/output_wilor/Auto/smplifyx/meshes/low_154.obj,/home/haipd/DexAvatar/data/smplx_gt/Auto/00308.obj
Auto,low_156,39.538778,14.125451,19.313211,23.104405,11.132928,14.148781,/home/haipd/DexAvatar/outputs/output_wilor/Auto/smplifyx/meshes/low_156.obj,/home/haipd/DexAvatar/data/smplx_gt/Auto/00312.obj
Auto,low_158,41.281544,16.211685,16.688071,24.174701,11.201915,12.689172,/home/haipd/DexAvatar/outputs/output_wilor/Auto/smplifyx/meshes/low_158.obj,/home/haipd/DexAvatar/data/smplx_gt/Auto/00316.obj
Auto,low_160,39.994497,14.784755,18.809238,21.977032,11.133545,13.903243,/home/haipd/DexAvatar/outputs/output_wilor/Auto/smplifyx/meshes/low_160.obj,/home/haipd/DexAvatar/data/smplx_gt/Auto/00320.obj
Auto,low_162,43.179967,15.735375,18.244771,22.251250,11.069612,13.897668,/home/haipd/DexAvatar/outputs/output_wilor/Auto/smplifyx/meshes/low_162.obj,/home/haipd/DexAvatar/data/smplx_gt/Auto/00324.obj
EisGefroren,low_186,37.002910,28.429534,26.668344,19.272188,14.521687,12.366865,/home/haipd/DexAvatar/outputs/output_wilor/EisGefroren/smplifyx/meshes/low_186.obj,/home/haipd/DexAvatar/data/smplx_gt/EisGefroren/00372.obj
EisGefroren,low_188,34.689039,20.820713,29.110366,19.414812,11.006000,12.913316,/home/haipd/DexAvatar/outputs/output_wilor/EisGefroren/smplifyx/meshes/low_188.obj,/home/haipd/DexAvatar/data/smplx_gt/EisGefroren/00376.obj
EisGefroren,low_190,36.082629,16.129537,24.319816,21.700941,10.098376,11.131645,/home/haipd/DexAvatar/outputs/output_wilor/EisGefroren/smplifyx/meshes/low_190.obj,/home/haipd/DexAvatar/data/smplx_gt/EisGefroren/00380.obj
EisGefroren,low_192,33.893485,20.540265,21.707306,21.671414,9.978868,10.359530,/home/haipd/DexAvatar/outputs/output_wilor/EisGefroren/smplifyx/meshes/low_192.obj,/home/haipd/DexAvatar/data/smplx_gt/EisGefroren/00384.obj
EisGefroren,low_194,32.778937,21.600902,23.757776,20.497184,10.249723,11.526359,/home/haipd/DexAvatar/outputs/output_wilor/EisGefroren/smplifyx/meshes/low_194.obj,/home/haipd/DexAvatar/data/smplx_gt/EisGefroren/00388.obj
EisGefroren,low_196,35.689645,23.004912,23.942206,21.116620,11.414718,11.199020,/home/haipd/DexAvatar/outputs/output_wilor/EisGefroren/smplifyx/meshes/low_196.obj,/home/haipd/DexAvatar/data/smplx_gt/EisGefroren/00392.obj
EisGefroren,low_198,37.230507,22.680502,15.645277,21.242490,11.258940,7.821113,/home/haipd/DexAvatar/outputs/output_wilor/EisGefroren/smplifyx/meshes/low_198.obj,/home/haipd/DexAvatar/data/smplx_gt/EisGefroren/00396.obj
EisGefroren,low_200,39.477322,26.773291,13.464472,23.300083,11.872429,7.163101,/home/haipd/DexAvatar/outputs/output_wilor/EisGefroren/smplifyx/meshes/low_200.obj,/home/haipd/DexAvatar/data/smplx_gt/EisGefroren/00400.obj
EisGefroren,low_202,41.221417,21.771031,10.979582,23.379112,11.441120,6.706482,/home/haipd/DexAvatar/outputs/output_wilor/EisGefroren/smplifyx/meshes/low_202.obj,/home/haipd/DexAvatar/data/smplx_gt/EisGefroren/00404.obj
EisGefroren,low_204,41.659627,21.095483,11.439531,23.467787,11.124323,6.404364,/home/haipd/DexAvatar/outputs/output_wilor/EisGefroren/smplifyx/meshes/low_204.obj,/home/haipd/DexAvatar/data/smplx_gt/EisGefroren/00408.obj
EisGefroren,low_206,40.812060,20.577664,12.234758,25.666481,11.040460,5.929227,/home/haipd/DexAvatar/outputs/output_wilor/EisGefroren/smplifyx/meshes/low_206.obj,/home/haipd/DexAvatar/data/smplx_gt/EisGefroren/00412.obj
EisGefroren,low_208,42.203709,20.212209,10.790627,24.511395,11.465518,5.371103,/home/haipd/DexAvatar/outputs/output_wilor/EisGefroren/smplifyx/meshes/low_208.obj,/home/haipd/DexAvatar/data/smplx_gt/EisGefroren/00416.obj
EisGefroren,low_210,42.280622,19.629117,10.371491,25.986085,10.372467,5.759977,/home/haipd/DexAvatar/outputs/output_wilor/EisGefroren/smplifyx/meshes/low_210.obj,/home/haipd/DexAvatar/data/smplx_gt/EisGefroren/00420.obj
EisGefroren,low_212,42.006902,19.247944,10.966129,26.030982,10.377994,5.556308,/home/haipd/DexAvatar/outputs/output_wilor/EisGefroren/smplifyx/meshes/low_212.obj,/home/haipd/DexAvatar/data/smplx_gt/EisGefroren/00424.obj
EisGefroren,low_214,41.168194,19.179851,11.180157,25.460346,10.120604,5.332149,/home/haipd/DexAvatar/outputs/output_wilor/EisGefroren/smplifyx/meshes/low_214.obj,/home/haipd/DexAvatar/data/smplx_gt/EisGefroren/00428.obj
EisGefroren,low_216,40.648498,18.675147,14.733470,25.856607,9.864050,8.923027,/home/haipd/DexAvatar/outputs/output_wilor/EisGefroren/smplifyx/meshes/low_216.obj,/home/haipd/DexAvatar/data/smplx_gt/EisGefroren/00432.obj
EisGefroren,low_218,40.548630,19.954361,17.947704,25.510531,9.979425,13.696215,/home/haipd/DexAvatar/outputs/output_wilor/EisGefroren/smplifyx/meshes/low_218.obj,/home/haipd/DexAvatar/data/smplx_gt/EisGefroren/00436.obj
EisGefroren,low_220,41.517511,19.211451,19.902894,24.494248,9.896170,15.712490,/home/haipd/DexAvatar/outputs/output_wilor/EisGefroren/smplifyx/meshes/low_220.obj,/home/haipd/DexAvatar/data/smplx_gt/EisGefroren/00440.obj
EisGefroren,low_222,39.952215,19.659430,18.586431,25.692645,10.328064,14.765619,/home/haipd/DexAvatar/outputs/output_wilor/EisGefroren/smplifyx/meshes/low_222.obj,/home/haipd/DexAvatar/data/smplx_gt/EisGefroren/00444.obj
EisGefroren,low_224,40.013485,18.472526,17.981600,25.726268,9.653558,14.982374,/home/haipd/DexAvatar/outputs/output_wilor/EisGefroren/smplifyx/meshes/low_224.obj,/home/haipd/DexAvatar/data/smplx_gt/EisGefroren/00448.obj
EisGefroren,low_226,39.845359,17.758118,17.954236,24.839325,9.717252,14.802095,/home/haipd/DexAvatar/outputs/output_wilor/EisGefroren/smplifyx/meshes/low_226.obj,/home/haipd/DexAvatar/data/smplx_gt/EisGefroren/00452.obj
EisGefroren,low_228,40.444043,17.751535,17.821429,25.288526,9.912992,14.394226,/home/haipd/DexAvatar/outputs/output_wilor/EisGefroren/smplifyx/meshes/low_228.obj,/home/haipd/DexAvatar/data/smplx_gt/EisGefroren/00456.obj
EisGefroren,low_230,37.960313,21.006184,18.868662,24.007985,11.035610,14.264428,/home/haipd/DexAvatar/outputs/output_wilor/EisGefroren/smplifyx/meshes/low_230.obj,/home/haipd/DexAvatar/data/smplx_gt/EisGefroren/00460.obj
EisGefroren,low_232,39.652545,19.696811,17.905237,24.763374,11.068167,13.814769,/home/haipd/DexAvatar/outputs/output_wilor/EisGefroren/smplifyx/meshes/low_232.obj,/home/haipd/DexAvatar/data/smplx_gt/EisGefroren/00464.obj
Frieren,low_156,40.616084,19.624490,25.052482,22.872161,11.769527,14.590669,/home/haipd/DexAvatar/outputs/output_wilor/Frieren/smplifyx/meshes/low_156.obj,/home/haipd/DexAvatar/data/smplx_gt/Frieren/00312.obj
Frieren,low_158,40.136829,17.801199,23.866784,23.059726,11.235398,14.169505,/home/haipd/DexAvatar/outputs/output_wilor/Frieren/smplifyx/meshes/low_158.obj,/home/haipd/DexAvatar/data/smplx_gt/Frieren/00316.obj
Frieren,low_160,48.741776,22.575071,24.491163,25.511734,13.076748,14.615227,/home/haipd/DexAvatar/outputs/output_wilor/Frieren/smplifyx/meshes/low_160.obj,/home/haipd/DexAvatar/data/smplx_gt/Frieren/00320.obj
Frieren,low_162,42.230707,20.286333,24.490871,24.522688,11.796055,14.971542,/home/haipd/DexAvatar/outputs/output_wilor/Frieren/smplifyx/meshes/low_162.obj,/home/haipd/DexAvatar/data/smplx_gt/Frieren/00324.obj
Frieren,low_164,43.252356,20.177698,27.746512,25.922839,12.046212,15.497674,/home/haipd/DexAvatar/outputs/output_wilor/Frieren/smplifyx/meshes/low_164.obj,/home/haipd/DexAvatar/data/smplx_gt/Frieren/00328.obj
Frieren,low_166,43.552540,20.289797,26.837481,26.072750,11.606563,15.132869,/home/haipd/DexAvatar/outputs/output_wilor/Frieren/smplifyx/meshes/low_166.obj,/home/haipd/DexAvatar/data/smplx_gt/Frieren/00332.obj
Frieren,low_168,45.748416,17.652953,24.430186,26.199209,11.019986,14.742309,/home/haipd/DexAvatar/outputs/output_wilor/Frieren/smplifyx/meshes/low_168.obj,/home/haipd/DexAvatar/data/smplx_gt/Frieren/00336.obj
Frieren,low_170,42.530540,18.943736,25.950899,25.584714,11.200847,15.705654,/home/haipd/DexAvatar/outputs/output_wilor/Frieren/smplifyx/meshes/low_170.obj,/home/haipd/DexAvatar/data/smplx_gt/Frieren/00340.obj
Frieren,low_172,46.578366,19.635860,25.976242,28.767508,11.505461,14.988134,/home/haipd/DexAvatar/outputs/output_wilor/Frieren/smplifyx/meshes/low_172.obj,/home/haipd/DexAvatar/data/smplx_gt/Frieren/00344.obj
Frieren,low_174,46.069548,17.110933,24.779480,28.735980,10.407642,14.231716,/home/haipd/DexAvatar/outputs/output_wilor/Frieren/smplifyx/meshes/low_174.obj,/home/haipd/DexAvatar/data/smplx_gt/Frieren/00348.obj
Frieren,low_176,47.860321,17.910393,25.979590,29.275974,10.614261,14.949127,/home/haipd/DexAvatar/outputs/output_wilor/Frieren/smplifyx/meshes/low_176.obj,/home/haipd/DexAvatar/data/smplx_gt/Frieren/00352.obj
Frieren,low_178,48.107930,17.985500,26.051970,29.529003,11.283084,14.897404,/home/haipd/DexAvatar/outputs/output_wilor/Frieren/smplifyx/meshes/low_178.obj,/home/haipd/DexAvatar/data/smplx_gt/Frieren/00356.obj
Frieren,low_180,53.319775,17.911846,25.554258,30.861368,11.128620,14.479335,/home/haipd/DexAvatar/outputs/output_wilor/Frieren/smplifyx/meshes/low_180.obj,/home/haipd/DexAvatar/data/smplx_gt/Frieren/00360.obj
Frieren,low_182,47.957789,17.378937,25.817996,28.854091,11.280943,14.667194,/home/haipd/DexAvatar/outputs/output_wilor/Frieren/smplifyx/meshes/low_182.obj,/home/haipd/DexAvatar/data/smplx_gt/Frieren/00364.obj
Froh,low_130,48.997276,14.703249,23.018477,22.743093,9.425529,12.283476,/home/haipd/DexAvatar/outputs/output_wilor/Froh/smplifyx/meshes/low_130.obj,/home/haipd/DexAvatar/data/smplx_gt/Froh/00260.obj
Froh,low_132,47.064066,14.827870,24.982028,27.296754,9.903593,15.210954,/home/haipd/DexAvatar/outputs/output_wilor/Froh/smplifyx/meshes/low_132.obj,/home/haipd/DexAvatar/data/smplx_gt/Froh/00264.obj
Froh,low_134,46.475645,15.561013,21.687007,28.924301,10.830143,14.262111,/home/haipd/DexAvatar/outputs/output_wilor/Froh/smplifyx/meshes/low_134.obj,/home/haipd/DexAvatar/data/smplx_gt/Froh/00268.obj
Froh,low_136,49.864389,16.687958,12.694000,37.835993,10.664872,10.076860,/home/haipd/DexAvatar/outputs/output_wilor/Froh/smplifyx/meshes/low_136.obj,/home/haipd/DexAvatar/data/smplx_gt/Froh/00272.obj
Froh,low_138,45.887634,18.617375,9.493125,29.128138,12.878189,7.482106,/home/haipd/DexAvatar/outputs/output_wilor/Froh/smplifyx/meshes/low_138.obj,/home/haipd/DexAvatar/data/smplx_gt/Froh/00276.obj
Froh,low_140,47.163039,17.710257,13.090578,30.886907,11.640589,8.450345,/home/haipd/DexAvatar/outputs/output_wilor/Froh/smplifyx/meshes/low_140.obj,/home/haipd/DexAvatar/data/smplx_gt/Froh/00280.obj
Froh,low_142,43.662287,17.536283,12.134050,26.538456,10.860389,8.247985,/home/haipd/DexAvatar/outputs/output_wilor/Froh/smplifyx/meshes/low_142.obj,/home/haipd/DexAvatar/data/smplx_gt/Froh/00284.obj
Froh,low_144,45.371186,17.926443,10.795763,28.908854,10.666299,8.685956,/home/haipd/DexAvatar/outputs/output_wilor/Froh/smplifyx/meshes/low_144.obj,/home/haipd/DexAvatar/data/smplx_gt/Froh/00288.obj
Froh,low_146,43.089878,16.727382,11.414809,25.143610,10.381759,8.402351,/home/haipd/DexAvatar/outputs/output_wilor/Froh/smplifyx/meshes/low_146.obj,/home/haipd/DexAvatar/data/smplx_gt/Froh/00292.obj
Froh,low_148,44.013299,13.471731,15.772415,25.859598,10.623896,10.204849,/home/haipd/DexAvatar/outputs/output_wilor/Froh/smplifyx/meshes/low_148.obj,/home/haipd/DexAvatar/data/smplx_gt/Froh/00296.obj
Froh,low_150,42.408358,19.931281,23.406090,25.429768,12.449676,13.454451,/home/haipd/DexAvatar/outputs/output_wilor/Froh/smplifyx/meshes/low_150.obj,/home/haipd/DexAvatar/data/smplx_gt/Froh/00300.obj
Froh,low_152,44.863530,11.498540,24.364958,26.369691,8.134192,13.955720,/home/haipd/DexAvatar/outputs/output_wilor/Froh/smplifyx/meshes/low_152.obj,/home/haipd/DexAvatar/data/smplx_gt/Froh/00304.obj
Froh,low_154,48.351157,14.624388,18.442173,29.132910,10.015420,12.743482,/home/haipd/DexAvatar/outputs/output_wilor/Froh/smplifyx/meshes/low_154.obj,/home/haipd/DexAvatar/data/smplx_gt/Froh/00308.obj
Froh,low_156,48.106778,12.336665,22.009110,28.532127,9.155403,14.826051,/home/haipd/DexAvatar/outputs/output_wilor/Froh/smplifyx/meshes/low_156.obj,/home/haipd/DexAvatar/data/smplx_gt/Froh/00312.obj
Froh,low_158,45.586955,15.774287,16.859099,30.350372,11.106562,12.960973,/home/haipd/DexAvatar/outputs/output_wilor/Froh/smplifyx/meshes/low_158.obj,/home/haipd/DexAvatar/data/smplx_gt/Froh/00316.obj
Froh,low_160,51.461786,18.962702,9.547237,41.931983,12.394181,8.859583,/home/haipd/DexAvatar/outputs/output_wilor/Froh/smplifyx/meshes/low_160.obj,/home/haipd/DexAvatar/data/smplx_gt/Froh/00320.obj
Froh,low_162,49.353212,17.830005,9.377766,41.619863,11.732318,6.983970,/home/haipd/DexAvatar/outputs/output_wilor/Froh/smplifyx/meshes/low_162.obj,/home/haipd/DexAvatar/data/smplx_gt/Froh/00324.obj
Froh,low_164,44.446919,15.613995,8.616111,31.243782,11.212593,7.520614,/home/haipd/DexAvatar/outputs/output_wilor/Froh/smplifyx/meshes/low_164.obj,/home/haipd/DexAvatar/data/smplx_gt/Froh/00328.obj
Froh,low_166,48.069339,15.563543,9.283813,36.050171,9.904022,8.010666,/home/haipd/DexAvatar/outputs/output_wilor/Froh/smplifyx/meshes/low_166.obj,/home/haipd/DexAvatar/data/smplx_gt/Froh/00332.obj
Froh,low_168,42.842314,17.284401,10.635994,25.601340,11.269010,8.554104,/home/haipd/DexAvatar/outputs/output_wilor/Froh/smplifyx/meshes/low_168.obj,/home/haipd/DexAvatar/data/smplx_gt/Froh/00336.obj
Froh,low_170,43.669630,13.140208,13.588790,26.626321,10.942023,10.014921,/home/haipd/DexAvatar/outputs/output_wilor/Froh/smplifyx/meshes/low_170.obj,/home/haipd/DexAvatar/data/smplx_gt/Froh/00340.obj
Froh,low_172,46.117898,11.123887,22.678558,28.554689,9.216867,12.753967,/home/haipd/DexAvatar/outputs/output_wilor/Froh/smplifyx/meshes/low_172.obj,/home/haipd/DexAvatar/data/smplx_gt/Froh/00344.obj
Froh,low_174,49.765486,13.962209,22.043034,30.423976,8.469786,12.470589,/home/haipd/DexAvatar/outputs/output_wilor/Froh/smplifyx/meshes/low_174.obj,/home/haipd/DexAvatar/data/smplx_gt/Froh/00348.obj
Froh,low_176,50.821465,13.967754,24.741238,30.166741,10.015514,14.848986,/home/haipd/DexAvatar/outputs/output_wilor/Froh/smplifyx/meshes/low_176.obj,/home/haipd/DexAvatar/data/smplx_gt/Froh/00352.obj
Nebel,low_124,37.069116,23.213938,17.937006,22.330742,14.118240,10.239746,/home/haipd/DexAvatar/outputs/output_wilor/Nebel/smplifyx/meshes/low_124.obj,/home/haipd/DexAvatar/data/smplx_gt/Nebel/00248.obj
Nebel,low_126,38.790643,26.014585,13.838464,23.629805,15.456212,8.585907,/home/haipd/DexAvatar/outputs/output_wilor/Nebel/smplifyx/meshes/low_126.obj,/home/haipd/DexAvatar/data/smplx_gt/Nebel/00252.obj
Nebel,low_128,41.008264,12.755258,14.866449,23.798589,8.611963,9.266817,/home/haipd/DexAvatar/outputs/output_wilor/Nebel/smplifyx/meshes/low_128.obj,/home/haipd/DexAvatar/data/smplx_gt/Nebel/00256.obj
Nebel,low_130,44.957075,12.748400,13.378941,21.858299,7.814518,9.096025,/home/haipd/DexAvatar/outputs/output_wilor/Nebel/smplifyx/meshes/low_130.obj,/home/haipd/DexAvatar/data/smplx_gt/Nebel/00260.obj
Nebel,low_132,44.729725,14.057041,13.907348,20.425618,8.115657,8.955243,/home/haipd/DexAvatar/outputs/output_wilor/Nebel/smplifyx/meshes/low_132.obj,/home/haipd/DexAvatar/data/smplx_gt/Nebel/00264.obj
Nebel,low_134,41.470341,14.993196,14.196842,21.005262,9.049179,8.860322,/home/haipd/DexAvatar/outputs/output_wilor/Nebel/smplifyx/meshes/low_134.obj,/home/haipd/DexAvatar/data/smplx_gt/Nebel/00268.obj
Nebel,low_136,40.430464,14.193510,15.035475,19.848587,8.833669,8.991808,/home/haipd/DexAvatar/outputs/output_wilor/Nebel/smplifyx/meshes/low_136.obj,/home/haipd/DexAvatar/data/smplx_gt/Nebel/00272.obj
Nebel,low_138,39.685555,14.600167,19.055879,21.521350,9.529756,9.927985,/home/haipd/DexAvatar/outputs/output_wilor/Nebel/smplifyx/meshes/low_138.obj,/home/haipd/DexAvatar/data/smplx_gt/Nebel/00276.obj
Nebel,low_140,37.370004,15.889578,15.244338,21.407135,10.469611,8.655472,/home/haipd/DexAvatar/outputs/output_wilor/Nebel/smplifyx/meshes/low_140.obj,/home/haipd/DexAvatar/data/smplx_gt/Nebel/00280.obj
Nebel,low_142,43.339852,14.099773,16.808415,24.836147,10.042551,9.291977,/home/haipd/DexAvatar/outputs/output_wilor/Nebel/smplifyx/meshes/low_142.obj,/home/haipd/DexAvatar/data/smplx_gt/Nebel/00284.obj
Nebel,low_144,40.488310,14.975231,14.916173,24.461005,10.211500,8.461238,/home/haipd/DexAvatar/outputs/output_wilor/Nebel/smplifyx/meshes/low_144.obj,/home/haipd/DexAvatar/data/smplx_gt/Nebel/00288.obj
Nebel,low_146,51.439449,13.533629,13.660347,31.640969,9.971446,8.373901,/home/haipd/DexAvatar/outputs/output_wilor/Nebel/smplifyx/meshes/low_146.obj,/home/haipd/DexAvatar/data/smplx_gt/Nebel/00292.obj
Nebel,low_148,39.348990,13.421033,11.897408,26.444547,9.781870,7.366722,/home/haipd/DexAvatar/outputs/output_wilor/Nebel/smplifyx/meshes/low_148.obj,/home/haipd/DexAvatar/data/smplx_gt/Nebel/00296.obj
Nebel,low_150,39.973740,14.418975,12.037640,22.900404,10.348036,7.796372,/home/haipd/DexAvatar/outputs/output_wilor/Nebel/smplifyx/meshes/low_150.obj,/home/haipd/DexAvatar/data/smplx_gt/Nebel/00300.obj
Nebel,low_152,38.370568,17.428288,11.524854,22.638276,11.611368,7.771791,/home/haipd/DexAvatar/outputs/output_wilor/Nebel/smplifyx/meshes/low_152.obj,/home/haipd/DexAvatar/data/smplx_gt/Nebel/00304.obj
Nebel,low_154,42.780012,15.478930,10.796240,25.099084,10.288410,7.655864,/home/haipd/DexAvatar/outputs/output_wilor/Nebel/smplifyx/meshes/low_154.obj,/home/haipd/DexAvatar/data/smplx_gt/Nebel/00308.obj
Nebel,low_156,39.636366,13.285068,12.298152,23.091203,8.797667,8.576476,/home/haipd/DexAvatar/outputs/output_wilor/Nebel/smplifyx/meshes/low_156.obj,/home/haipd/DexAvatar/data/smplx_gt/Nebel/00312.obj
Nebel,low_158,40.106881,12.951217,12.708155,22.925377,7.397194,8.433883,/home/haipd/DexAvatar/outputs/output_wilor/Nebel/smplifyx/meshes/low_158.obj,/home/haipd/DexAvatar/data/smplx_gt/Nebel/00316.obj
Nebel,low_160,43.934211,13.726674,12.549891,23.165584,8.002471,9.160659,/home/haipd/DexAvatar/outputs/output_wilor/Nebel/smplifyx/meshes/low_160.obj,/home/haipd/DexAvatar/data/smplx_gt/Nebel/00320.obj
Nebel,low_162,49.360842,15.381513,14.406738,27.006136,8.472694,8.737154,/home/haipd/DexAvatar/outputs/output_wilor/Nebel/smplifyx/meshes/low_162.obj,/home/haipd/DexAvatar/data/smplx_gt/Nebel/00324.obj
Nebel,low_164,48.657432,15.217524,12.652893,23.661718,8.675224,8.035289,/home/haipd/DexAvatar/outputs/output_wilor/Nebel/smplifyx/meshes/low_164.obj,/home/haipd/DexAvatar/data/smplx_gt/Nebel/00328.obj
Nebel,low_166,41.412979,15.111119,14.211702,23.675233,8.465415,8.772125,/home/haipd/DexAvatar/outputs/output_wilor/Nebel/smplifyx/meshes/low_166.obj,/home/haipd/DexAvatar/data/smplx_gt/Nebel/00332.obj
Nebel,low_168,43.970875,15.210641,12.513756,24.546057,9.287030,7.909191,/home/haipd/DexAvatar/outputs/output_wilor/Nebel/smplifyx/meshes/low_168.obj,/home/haipd/DexAvatar/data/smplx_gt/Nebel/00336.obj
Nebel,low_170,41.935205,14.019665,13.793738,23.348313,8.954347,8.363681,/home/haipd/DexAvatar/outputs/output_wilor/Nebel/smplifyx/meshes/low_170.obj,/home/haipd/DexAvatar/data/smplx_gt/Nebel/00340.obj
Nebel,low_172,40.869966,13.660419,13.623164,22.580855,9.112998,8.713580,/home/haipd/DexAvatar/outputs/output_wilor/Nebel/smplifyx/meshes/low_172.obj,/home/haipd/DexAvatar/data/smplx_gt/Nebel/00344.obj
Nebel,low_174,42.553112,13.589171,15.233411,23.515895,8.785417,8.666878,/home/haipd/DexAvatar/outputs/output_wilor/Nebel/smplifyx/meshes/low_174.obj,/home/haipd/DexAvatar/data/smplx_gt/Nebel/00348.obj
Nebel,low_176,41.032452,14.357651,12.602868,22.511330,9.814626,8.529999,/home/haipd/DexAvatar/outputs/output_wilor/Nebel/smplifyx/meshes/low_176.obj,/home/haipd/DexAvatar/data/smplx_gt/Nebel/00352.obj
Nebel,low_178,38.928710,14.075643,11.409931,22.231951,9.431466,7.797237,/home/haipd/DexAvatar/outputs/output_wilor/Nebel/smplifyx/meshes/low_178.obj,/home/haipd/DexAvatar/data/smplx_gt/Nebel/00356.obj
Nebel,low_180,43.698233,13.078225,11.967019,20.981057,8.328312,8.178788,/home/haipd/DexAvatar/outputs/output_wilor/Nebel/smplifyx/meshes/low_180.obj,/home/haipd/DexAvatar/data/smplx_gt/Nebel/00360.obj
Nebel,low_182,42.865437,12.995398,12.214257,20.670038,8.129048,9.081559,/home/haipd/DexAvatar/outputs/output_wilor/Nebel/smplifyx/meshes/low_182.obj,/home/haipd/DexAvatar/data/smplx_gt/Nebel/00364.obj
Nebel,low_184,40.885922,13.663403,12.463790,21.568570,7.524721,8.663549,/home/haipd/DexAvatar/outputs/output_wilor/Nebel/smplifyx/meshes/low_184.obj,/home/haipd/DexAvatar/data/smplx_gt/Nebel/00368.obj
Neu,low_110,38.852252,18.680044,9.209342,21.923672,13.761470,8.092005,/home/haipd/DexAvatar/outputs/output_wilor/Neu/smplifyx/meshes/low_110.obj,/home/haipd/DexAvatar/data/smplx_gt/Neu/00220.obj
Neu,low_112,40.811431,22.546215,12.811595,24.639871,13.494371,9.600323,/home/haipd/DexAvatar/outputs/output_wilor/Neu/smplifyx/meshes/low_112.obj,/home/haipd/DexAvatar/data/smplx_gt/Neu/00224.obj
Neu,low_114,51.714800,19.050665,14.077225,28.370792,13.756798,10.520829,/home/haipd/DexAvatar/outputs/output_wilor/Neu/smplifyx/meshes/low_114.obj,/home/haipd/DexAvatar/data/smplx_gt/Neu/00228.obj
Neu,low_116,43.728262,25.532100,13.045174,26.391270,16.912334,9.507219,/home/haipd/DexAvatar/outputs/output_wilor/Neu/smplifyx/meshes/low_116.obj,/home/haipd/DexAvatar/data/smplx_gt/Neu/00232.obj
Neu,low_118,43.218721,25.389891,14.151031,23.843292,16.785393,11.108760,/home/haipd/DexAvatar/outputs/output_wilor/Neu/smplifyx/meshes/low_118.obj,/home/haipd/DexAvatar/data/smplx_gt/Neu/00236.obj
Neu,low_120,41.724790,26.815344,13.899026,24.169069,16.757466,10.331459,/home/haipd/DexAvatar/outputs/output_wilor/Neu/smplifyx/meshes/low_120.obj,/home/haipd/DexAvatar/data/smplx_gt/Neu/00240.obj
Neu,low_122,44.227686,22.852533,14.735406,27.058594,14.896420,10.971322,/home/haipd/DexAvatar/outputs/output_wilor/Neu/smplifyx/meshes/low_122.obj,/home/haipd/DexAvatar/data/smplx_gt/Neu/00244.obj
Neu,low_124,46.691619,22.201695,12.461684,27.957758,14.189205,10.100469,/home/haipd/DexAvatar/outputs/output_wilor/Neu/smplifyx/meshes/low_124.obj,/home/haipd/DexAvatar/data/smplx_gt/Neu/00248.obj
Neu,low_126,44.816744,21.092480,12.417843,26.864154,14.473593,10.132879,/home/haipd/DexAvatar/outputs/output_wilor/Neu/smplifyx/meshes/low_126.obj,/home/haipd/DexAvatar/data/smplx_gt/Neu/00252.obj
Neu,low_128,43.727271,22.030903,12.861429,26.336053,14.476225,9.987148,/home/haipd/DexAvatar/outputs/output_wilor/Neu/smplifyx/meshes/low_128.obj,/home/haipd/DexAvatar/data/smplx_gt/Neu/00256.obj
Regen,low_118,35.028856,10.459239,15.064577,25.306804,7.675737,10.271398,/home/haipd/DexAvatar/outputs/output_wilor/Regen/smplifyx/meshes/low_118.obj,/home/haipd/DexAvatar/data/smplx_gt/Regen/00236.obj
Regen,low_120,37.539806,10.166881,18.815303,29.312756,8.905658,11.724817,/home/haipd/DexAvatar/outputs/output_wilor/Regen/smplifyx/meshes/low_120.obj,/home/haipd/DexAvatar/data/smplx_gt/Regen/00240.obj
Regen,low_122,41.182343,9.220184,14.167706,25.677551,7.397876,8.925554,/home/haipd/DexAvatar/outputs/output_wilor/Regen/smplifyx/meshes/low_122.obj,/home/haipd/DexAvatar/data/smplx_gt/Regen/00244.obj
Regen,low_124,39.965604,10.993251,21.522425,22.018734,6.606362,11.960342,/home/haipd/DexAvatar/outputs/output_wilor/Regen/smplifyx/meshes/low_124.obj,/home/haipd/DexAvatar/data/smplx_gt/Regen/00248.obj
Regen,low_126,47.656473,19.694233,22.462934,22.397835,8.724054,11.653958,/home/haipd/DexAvatar/outputs/output_wilor/Regen/smplifyx/meshes/low_126.obj,/home/haipd/DexAvatar/data/smplx_gt/Regen/00252.obj
Regen,low_128,43.313567,22.639776,26.501909,19.806759,9.090511,13.013557,/home/haipd/DexAvatar/outputs/output_wilor/Regen/smplifyx/meshes/low_128.obj,/home/haipd/DexAvatar/data/smplx_gt/Regen/00256.obj
Regen,low_130,49.385238,19.147091,33.524781,29.728796,8.356368,15.912360,/home/haipd/DexAvatar/outputs/output_wilor/Regen/smplifyx/meshes/low_130.obj,/home/haipd/DexAvatar/data/smplx_gt/Regen/00260.obj
Regen,low_132,43.579657,20.067630,20.456227,24.962286,8.654894,11.275603,/home/haipd/DexAvatar/outputs/output_wilor/Regen/smplifyx/meshes/low_132.obj,/home/haipd/DexAvatar/data/smplx_gt/Regen/00264.obj
Regen,low_134,39.613083,13.849392,19.457269,26.245050,7.271346,10.593750,/home/haipd/DexAvatar/outputs/output_wilor/Regen/smplifyx/meshes/low_134.obj,/home/haipd/DexAvatar/data/smplx_gt/Regen/00268.obj
Regen,low_136,34.757670,10.689134,16.999710,27.220620,7.095531,9.614556,/home/haipd/DexAvatar/outputs/output_wilor/Regen/smplifyx/meshes/low_136.obj,/home/haipd/DexAvatar/data/smplx_gt/Regen/00272.obj
Regen,low_138,34.112584,10.513152,12.422967,25.229406,8.031519,8.082074,/home/haipd/DexAvatar/outputs/output_wilor/Regen/smplifyx/meshes/low_138.obj,/home/haipd/DexAvatar/data/smplx_gt/Regen/00276.obj
Regen,low_140,33.881467,12.376062,12.894870,26.205419,9.545879,8.080791,/home/haipd/DexAvatar/outputs/output_wilor/Regen/smplifyx/meshes/low_140.obj,/home/haipd/DexAvatar/data/smplx_gt/Regen/00280.obj
Regen,low_142,33.621877,10.128024,15.960108,25.413627,8.911376,9.638002,/home/haipd/DexAvatar/outputs/output_wilor/Regen/smplifyx/meshes/low_142.obj,/home/haipd/DexAvatar/data/smplx_gt/Regen/00284.obj
Regen,low_144,33.218507,9.113041,18.880431,27.899090,7.625207,9.665173,/home/haipd/DexAvatar/outputs/output_wilor/Regen/smplifyx/meshes/low_144.obj,/home/haipd/DexAvatar/data/smplx_gt/Regen/00288.obj
Regen,low_146,37.322544,8.179101,16.574468,28.928375,6.708684,9.145346,/home/haipd/DexAvatar/outputs/output_wilor/Regen/smplifyx/meshes/low_146.obj,/home/haipd/DexAvatar/data/smplx_gt/Regen/00292.obj
Regen,low_148,38.064405,11.139506,16.784316,26.060607,6.284792,9.528141,/home/haipd/DexAvatar/outputs/output_wilor/Regen/smplifyx/meshes/low_148.obj,/home/haipd/DexAvatar/data/smplx_gt/Regen/00296.obj
Regen,low_150,39.175436,17.400512,19.659350,20.864170,7.623176,10.896070,/home/haipd/DexAvatar/outputs/output_wilor/Regen/smplifyx/meshes/low_150.obj,/home/haipd/DexAvatar/data/smplx_gt/Regen/00300.obj
Regen,low_152,43.874156,24.996681,15.355372,22.132058,12.129401,8.952932,/home/haipd/DexAvatar/outputs/output_wilor/Regen/smplifyx/meshes/low_152.obj,/home/haipd/DexAvatar/data/smplx_gt/Regen/00304.obj
Regen,low_154,38.376104,29.715067,14.563464,19.578092,12.768602,9.321951,/home/haipd/DexAvatar/outputs/output_wilor/Regen/smplifyx/meshes/low_154.obj,/home/haipd/DexAvatar/data/smplx_gt/Regen/00308.obj
Regen,low_156,40.672518,32.758169,15.623297,19.317521,13.237808,9.720217,/home/haipd/DexAvatar/outputs/output_wilor/Regen/smplifyx/meshes/low_156.obj,/home/haipd/DexAvatar/data/smplx_gt/Regen/00312.obj
Regen,low_158,41.693490,30.103251,24.947468,20.939849,12.745517,12.924877,/home/haipd/DexAvatar/outputs/output_wilor/Regen/smplifyx/meshes/low_158.obj,/home/haipd/DexAvatar/data/smplx_gt/Regen/00316.obj
Regen,low_160,43.215867,20.237092,26.930060,20.277472,9.131441,13.495851,/home/haipd/DexAvatar/outputs/output_wilor/Regen/smplifyx/meshes/low_160.obj,/home/haipd/DexAvatar/data/smplx_gt/Regen/00320.obj
Regen,low_162,43.471459,18.324256,17.739600,24.416672,8.249253,10.029790,/home/haipd/DexAvatar/outputs/output_wilor/Regen/smplifyx/meshes/low_162.obj,/home/haipd/DexAvatar/data/smplx_gt/Regen/00324.obj
Regen,low_164,42.303365,12.677213,16.953595,28.244354,7.632587,9.780468,/home/haipd/DexAvatar/outputs/output_wilor/Regen/smplifyx/meshes/low_164.obj,/home/haipd/DexAvatar/data/smplx_gt/Regen/00328.obj
Regen,low_166,38.167100,10.536692,12.163167,28.859181,7.680484,7.454512,/home/haipd/DexAvatar/outputs/output_wilor/Regen/smplifyx/meshes/low_166.obj,/home/haipd/DexAvatar/data/smplx_gt/Regen/00332.obj
Regen,low_168,37.288699,9.705245,15.005232,28.503265,8.069695,9.409248,/home/haipd/DexAvatar/outputs/output_wilor/Regen/smplifyx/meshes/low_168.obj,/home/haipd/DexAvatar/data/smplx_gt/Regen/00336.obj
Regen,low_170,36.435239,10.526947,13.840935,26.533008,8.248219,7.646171,/home/haipd/DexAvatar/outputs/output_wilor/Regen/smplifyx/meshes/low_170.obj,/home/haipd/DexAvatar/data/smplx_gt/Regen/00340.obj
Regen,low_172,38.633022,10.049820,16.188616,26.065275,7.614395,8.383999,/home/haipd/DexAvatar/outputs/output_wilor/Regen/smplifyx/meshes/low_172.obj,/home/haipd/DexAvatar/data/smplx_gt/Regen/00344.obj
Regen,low_174,39.537091,9.619730,16.482564,25.172535,6.827142,8.774594,/home/haipd/DexAvatar/outputs/output_wilor/Regen/smplifyx/meshes/low_174.obj,/home/haipd/DexAvatar/data/smplx_gt/Regen/00348.obj
Schnee,low_165,33.691891,16.699938,19.375172,24.275493,10.501415,11.391184,/home/haipd/DexAvatar/outputs/output_wilor/Schnee/smplifyx/meshes/low_165.obj,/home/haipd/DexAvatar/data/smplx_gt/Schnee/00330.obj
Schnee,low_167,33.123232,20.523982,15.134011,21.300351,12.726306,9.542006,/home/haipd/DexAvatar/outputs/output_wilor/Schnee/smplifyx/meshes/low_167.obj,/home/haipd/DexAvatar/data/smplx_gt/Schnee/00334.obj
Schnee,low_169,34.063470,17.846646,15.042822,21.376947,11.023228,9.107726,/home/haipd/DexAvatar/outputs/output_wilor/Schnee/smplifyx/meshes/low_169.obj,/home/haipd/DexAvatar/data/smplx_gt/Schnee/00338.obj
Schnee,low_171,35.377409,12.086217,13.991253,22.761248,8.040974,8.056654,/home/haipd/DexAvatar/outputs/output_wilor/Schnee/smplifyx/meshes/low_171.obj,/home/haipd/DexAvatar/data/smplx_gt/Schnee/00342.obj
Schnee,low_173,54.329302,8.825173,12.352582,33.356313,6.080102,7.209203,/home/haipd/DexAvatar/outputs/output_wilor/Schnee/smplifyx/meshes/low_173.obj,/home/haipd/DexAvatar/data/smplx_gt/Schnee/00346.obj
Schnee,low_175,40.570982,9.936664,11.481247,26.373047,6.530172,7.597347,/home/haipd/DexAvatar/outputs/output_wilor/Schnee/smplifyx/meshes/low_175.obj,/home/haipd/DexAvatar/data/smplx_gt/Schnee/00350.obj
Schnee,low_177,35.719004,9.969392,10.088748,19.348832,6.300206,6.975739,/home/haipd/DexAvatar/outputs/output_wilor/Schnee/smplifyx/meshes/low_177.obj,/home/haipd/DexAvatar/data/smplx_gt/Schnee/00354.obj
Schnee,low_179,37.927706,13.827179,9.957546,20.923764,7.101997,7.332130,/home/haipd/DexAvatar/outputs/output_wilor/Schnee/smplifyx/meshes/low_179.obj,/home/haipd/DexAvatar/data/smplx_gt/Schnee/00358.obj
Schnee,low_181,36.137614,15.530110,9.877540,20.031624,7.472555,7.243650,/home/haipd/DexAvatar/outputs/output_wilor/Schnee/smplifyx/meshes/low_181.obj,/home/haipd/DexAvatar/data/smplx_gt/Schnee/00362.obj
Schnee,low_183,37.232354,16.146285,9.779700,22.425862,7.735046,7.187485,/home/haipd/DexAvatar/outputs/output_wilor/Schnee/smplifyx/meshes/low_183.obj,/home/haipd/DexAvatar/data/smplx_gt/Schnee/00366.obj
Schnee,low_185,37.084814,15.308918,9.138802,21.773225,7.700217,6.748110,/home/haipd/DexAvatar/outputs/output_wilor/Schnee/smplifyx/meshes/low_185.obj,/home/haipd/DexAvatar/data/smplx_gt/Schnee/00370.obj
Schnee,low_187,34.636445,11.989256,11.286924,21.922719,7.267442,7.440755,/home/haipd/DexAvatar/outputs/output_wilor/Schnee/smplifyx/meshes/low_187.obj,/home/haipd/DexAvatar/data/smplx_gt/Schnee/00374.obj
Schnee,low_189,35.613041,11.033842,12.444623,21.894950,7.100660,7.443943,/home/haipd/DexAvatar/outputs/output_wilor/Schnee/smplifyx/meshes/low_189.obj,/home/haipd/DexAvatar/data/smplx_gt/Schnee/00378.obj
Schnee,low_191,35.751168,10.283754,16.798984,21.611052,6.698587,8.899800,/home/haipd/DexAvatar/outputs/output_wilor/Schnee/smplifyx/meshes/low_191.obj,/home/haipd/DexAvatar/data/smplx_gt/Schnee/00382.obj
Schnee,low_193,35.170235,10.470982,17.750038,22.832174,7.122052,9.409062,/home/haipd/DexAvatar/outputs/output_wilor/Schnee/smplifyx/meshes/low_193.obj,/home/haipd/DexAvatar/data/smplx_gt/Schnee/00386.obj
Schnee,low_195,35.778247,13.371738,17.834662,20.451667,8.934022,9.082324,/home/haipd/DexAvatar/outputs/output_wilor/Schnee/smplifyx/meshes/low_195.obj,/home/haipd/DexAvatar/data/smplx_gt/Schnee/00390.obj
Schnee,low_197,37.793510,10.487192,18.777324,25.971340,6.771163,9.623460,/home/haipd/DexAvatar/outputs/output_wilor/Schnee/smplifyx/meshes/low_197.obj,/home/haipd/DexAvatar/data/smplx_gt/Schnee/00394.obj
Schnee,low_199,37.138917,10.948712,16.815793,23.779776,6.377185,8.926741,/home/haipd/DexAvatar/outputs/output_wilor/Schnee/smplifyx/meshes/low_199.obj,/home/haipd/DexAvatar/data/smplx_gt/Schnee/00398.obj
Schnee,low_201,37.013736,10.921141,14.964690,21.355893,5.724962,7.778850,/home/haipd/DexAvatar/outputs/output_wilor/Schnee/smplifyx/meshes/low_201.obj,/home/haipd/DexAvatar/data/smplx_gt/Schnee/00402.obj
Schnee,low_203,38.092695,11.411509,14.514172,21.279264,6.180845,8.244666,/home/haipd/DexAvatar/outputs/output_wilor/Schnee/smplifyx/meshes/low_203.obj,/home/haipd/DexAvatar/data/smplx_gt/Schnee/00406.obj
Schnee,low_205,41.226909,12.164610,12.947059,23.416871,6.792364,7.856422,/home/haipd/DexAvatar/outputs/output_wilor/Schnee/smplifyx/meshes/low_205.obj,/home/haipd/DexAvatar/data/smplx_gt/Schnee/00410.obj
Schnee,low_207,38.163994,12.435704,11.849297,20.387225,6.842463,7.176710,/home/haipd/DexAvatar/outputs/output_wilor/Schnee/smplifyx/meshes/low_207.obj,/home/haipd/DexAvatar/data/smplx_gt/Schnee/00414.obj
Schnee,low_209,39.276429,13.521988,12.618311,22.407625,6.609179,7.219807,/home/haipd/DexAvatar/outputs/output_wilor/Schnee/smplifyx/meshes/low_209.obj,/home/haipd/DexAvatar/data/smplx_gt/Schnee/00418.obj
Schnee,low_211,39.841726,16.541993,12.769043,22.478141,7.345491,7.159965,/home/haipd/DexAvatar/outputs/output_wilor/Schnee/smplifyx/meshes/low_211.obj,/home/haipd/DexAvatar/data/smplx_gt/Schnee/00422.obj
Schnee,low_213,40.809404,18.469254,14.983137,22.730803,8.233916,8.291302,/home/haipd/DexAvatar/outputs/output_wilor/Schnee/smplifyx/meshes/low_213.obj,/home/haipd/DexAvatar/data/smplx_gt/Schnee/00426.obj
Schnee,low_215,41.037709,18.651783,14.226609,23.111204,8.493031,7.995194,/home/haipd/DexAvatar/outputs/output_wilor/Schnee/smplifyx/meshes/low_215.obj,/home/haipd/DexAvatar/data/smplx_gt/Schnee/00430.obj
Schnee,low_217,39.930463,18.043699,11.303843,23.679700,8.564399,6.891049,/home/haipd/DexAvatar/outputs/output_wilor/Schnee/smplifyx/meshes/low_217.obj,/home/haipd/DexAvatar/data/smplx_gt/Schnee/00434.obj
Schnee,low_219,43.948311,16.837806,12.104837,25.267791,7.712539,7.666224,/home/haipd/DexAvatar/outputs/output_wilor/Schnee/smplifyx/meshes/low_219.obj,/home/haipd/DexAvatar/data/smplx_gt/Schnee/00438.obj
Schnee,low_221,43.032061,15.783129,10.993419,26.782963,7.534816,6.752731,/home/haipd/DexAvatar/outputs/output_wilor/Schnee/smplifyx/meshes/low_221.obj,/home/haipd/DexAvatar/data/smplx_gt/Schnee/00442.obj
Schnee,low_223,40.359519,15.129919,11.704402,22.361206,7.616529,7.577008,/home/haipd/DexAvatar/outputs/output_wilor/Schnee/smplifyx/meshes/low_223.obj,/home/haipd/DexAvatar/data/smplx_gt/Schnee/00446.obj
Schnee,low_225,44.175237,15.348670,12.287775,23.733161,7.362993,7.664715,/home/haipd/DexAvatar/outputs/output_wilor/Schnee/smplifyx/meshes/low_225.obj,/home/haipd/DexAvatar/data/smplx_gt/Schnee/00450.obj
Schnee,low_227,40.284880,16.052116,15.493091,22.310583,7.699997,8.822601,/home/haipd/DexAvatar/outputs/output_wilor/Schnee/smplifyx/meshes/low_227.obj,/home/haipd/DexAvatar/data/smplx_gt/Schnee/00454.obj
Schnee,low_229,39.662346,16.633892,15.305924,20.815147,8.297907,8.576127,/home/haipd/DexAvatar/outputs/output_wilor/Schnee/smplifyx/meshes/low_229.obj,/home/haipd/DexAvatar/data/smplx_gt/Schnee/00458.obj
Schwach,low_142,44.128537,11.546657,13.767901,21.821773,5.753696,6.875853,/home/haipd/DexAvatar/outputs/output_wilor/Schwach/smplifyx/meshes/low_142.obj,/home/haipd/DexAvatar/data/smplx_gt/Schwach/00284.obj
Schwach,low_144,41.990884,10.677816,13.565284,21.712085,5.858346,7.246657,/home/haipd/DexAvatar/outputs/output_wilor/Schwach/smplifyx/meshes/low_144.obj,/home/haipd/DexAvatar/data/smplx_gt/Schwach/00288.obj
Schwach,low_146,41.752245,10.410677,14.722368,22.289140,6.021355,7.801207,/home/haipd/DexAvatar/outputs/output_wilor/Schwach/smplifyx/meshes/low_146.obj,/home/haipd/DexAvatar/data/smplx_gt/Schwach/00292.obj
Schwach,low_148,45.972224,11.411176,14.255396,20.300662,5.742095,7.203369,/home/haipd/DexAvatar/outputs/output_wilor/Schwach/smplifyx/meshes/low_148.obj,/home/haipd/DexAvatar/data/smplx_gt/Schwach/00296.obj
Schwach,low_150,44.456959,19.557320,15.561847,24.525296,7.906572,7.343520,/home/haipd/DexAvatar/outputs/output_wilor/Schwach/smplifyx/meshes/low_150.obj,/home/haipd/DexAvatar/data/smplx_gt/Schwach/00300.obj
Schwach,low_152,45.802642,31.824369,20.257728,35.794843,11.249626,9.999566,/home/haipd/DexAvatar/outputs/output_wilor/Schwach/smplifyx/meshes/low_152.obj,/home/haipd/DexAvatar/data/smplx_gt/Schwach/00304.obj
Schwach,low_154,49.310721,36.237687,29.510411,38.342062,12.651927,14.915894,/home/haipd/DexAvatar/outputs/output_wilor/Schwach/smplifyx/meshes/low_154.obj,/home/haipd/DexAvatar/data/smplx_gt/Schwach/00308.obj
Schwach,low_166,49.918700,41.377831,30.193018,43.083459,15.029254,14.512001,/home/haipd/DexAvatar/outputs/output_wilor/Schwach/smplifyx/meshes/low_166.obj,/home/haipd/DexAvatar/data/smplx_gt/Schwach/00332.obj
Schwach,low_168,52.185725,37.972737,30.456120,45.380078,13.985412,15.093225,/home/haipd/DexAvatar/outputs/output_wilor/Schwach/smplifyx/meshes/low_168.obj,/home/haipd/DexAvatar/data/smplx_gt/Schwach/00336.obj
Schwach,low_170,51.380616,34.532208,24.720838,42.932972,12.912470,12.696477,/home/haipd/DexAvatar/outputs/output_wilor/Schwach/smplifyx/meshes/low_170.obj,/home/haipd/DexAvatar/data/smplx_gt/Schwach/00340.obj
Schwach,low_172,45.123842,26.683796,20.545144,37.603527,10.807398,10.910846,/home/haipd/DexAvatar/outputs/output_wilor/Schwach/smplifyx/meshes/low_172.obj,/home/haipd/DexAvatar/data/smplx_gt/Schwach/00344.obj
Schwach,low_174,43.316517,21.245604,19.207185,35.160404,8.828025,9.913152,/home/haipd/DexAvatar/outputs/output_wilor/Schwach/smplifyx/meshes/low_174.obj,/home/haipd/DexAvatar/data/smplx_gt/Schwach/00348.obj
Schwach,low_176,43.037150,21.253504,19.730078,35.687719,8.797216,10.133153,/home/haipd/DexAvatar/outputs/output_wilor/Schwach/smplifyx/meshes/low_176.obj,/home/haipd/DexAvatar/data/smplx_gt/Schwach/00352.obj
Schwach,low_178,45.822579,25.431789,20.036381,37.704464,10.239480,10.386582,/home/haipd/DexAvatar/outputs/output_wilor/Schwach/smplifyx/meshes/low_178.obj,/home/haipd/DexAvatar/data/smplx_gt/Schwach/00356.obj
Schwach,low_180,44.528030,27.551206,20.191297,37.699118,10.638313,10.533527,/home/haipd/DexAvatar/outputs/output_wilor/Schwach/smplifyx/meshes/low_180.obj,/home/haipd/DexAvatar/data/smplx_gt/Schwach/00360.obj
Schwer,low_173,56.642212,22.831803,21.651607,34.590092,12.894982,13.752062,/home/haipd/DexAvatar/outputs/output_wilor/Schwer/smplifyx/meshes/low_173.obj,/home/haipd/DexAvatar/data/smplx_gt/Schwer/00346.obj
Schwer,low_175,54.966237,15.325151,21.484144,23.408463,9.443682,13.871334,/home/haipd/DexAvatar/outputs/output_wilor/Schwer/smplifyx/meshes/low_175.obj,/home/haipd/DexAvatar/data/smplx_gt/Schwer/00350.obj
Schwer,low_177,53.090572,13.020054,17.354276,20.813875,9.811861,12.918220,/home/haipd/DexAvatar/outputs/output_wilor/Schwer/smplifyx/meshes/low_177.obj,/home/haipd/DexAvatar/data/smplx_gt/Schwer/00354.obj
Schwer,low_179,56.093451,11.904756,14.301551,21.872437,10.362151,12.807952,/home/haipd/DexAvatar/outputs/output_wilor/Schwer/smplifyx/meshes/low_179.obj,/home/haipd/DexAvatar/data/smplx_gt/Schwer/00358.obj
Schwer,low_181,60.248151,12.150506,14.823481,23.865718,11.162324,13.162896,/home/haipd/DexAvatar/outputs/output_wilor/Schwer/smplifyx/meshes/low_181.obj,/home/haipd/DexAvatar/data/smplx_gt/Schwer/00362.obj
Schwer,low_183,49.667757,13.803660,16.009908,26.465509,12.425486,14.406761,/home/haipd/DexAvatar/outputs/output_wilor/Schwer/smplifyx/meshes/low_183.obj,/home/haipd/DexAvatar/data/smplx_gt/Schwer/00366.obj
Schwer,low_185,51.194590,12.499872,17.401528,21.615362,12.254072,15.503582,/home/haipd/DexAvatar/outputs/output_wilor/Schwer/smplifyx/meshes/low_185.obj,/home/haipd/DexAvatar/data/smplx_gt/Schwer/00370.obj
Schwer,low_187,47.322880,12.936070,17.181881,26.411137,12.701053,15.468771,/home/haipd/DexAvatar/outputs/output_wilor/Schwer/smplifyx/meshes/low_187.obj,/home/haipd/DexAvatar/data/smplx_gt/Schwer/00374.obj
Schwer,low_189,46.874002,12.634332,18.644728,23.455188,12.599426,15.812477,/home/haipd/DexAvatar/outputs/output_wilor/Schwer/smplifyx/meshes/low_189.obj,/home/haipd/DexAvatar/data/smplx_gt/Schwer/00378.obj
Schwer,low_191,46.221234,13.245028,17.674202,26.503555,12.782936,15.796103,/home/haipd/DexAvatar/outputs/output_wilor/Schwer/smplifyx/meshes/low_191.obj,/home/haipd/DexAvatar/data/smplx_gt/Schwer/00382.obj
Schwer,low_193,46.780754,13.421013,17.707866,25.816148,13.389903,15.653638,/home/haipd/DexAvatar/outputs/output_wilor/Schwer/smplifyx/meshes/low_193.obj,/home/haipd/DexAvatar/data/smplx_gt/Schwer/00386.obj
Spezial,low_129,51.998213,19.627707,18.706311,34.864280,15.301093,12.348514,/home/haipd/DexAvatar/outputs/output_wilor/Spezial/smplifyx/meshes/low_129.obj,/home/haipd/DexAvatar/data/smplx_gt/Spezial/00258.obj
Spezial,low_131,53.219005,21.038285,16.512863,37.177887,16.306128,12.227238,/home/haipd/DexAvatar/outputs/output_wilor/Spezial/smplifyx/meshes/low_131.obj,/home/haipd/DexAvatar/data/smplx_gt/Spezial/00262.obj
Spezial,low_133,49.979217,19.490734,18.434504,32.565057,15.089176,12.394261,/home/haipd/DexAvatar/outputs/output_wilor/Spezial/smplifyx/meshes/low_133.obj,/home/haipd/DexAvatar/data/smplx_gt/Spezial/00266.obj
Spezial,low_135,47.736052,19.092344,18.155366,28.896587,14.633085,12.235899,/home/haipd/DexAvatar/outputs/output_wilor/Spezial/smplifyx/meshes/low_135.obj,/home/haipd/DexAvatar/data/smplx_gt/Spezial/00270.obj
Spezial,low_137,46.699021,18.548919,15.982144,26.760794,15.037124,10.018224,/home/haipd/DexAvatar/outputs/output_wilor/Spezial/smplifyx/meshes/low_137.obj,/home/haipd/DexAvatar/data/smplx_gt/Spezial/00274.obj
Spezial,low_139,41.022178,23.499493,15.910834,23.575019,15.444153,9.239255,/home/haipd/DexAvatar/outputs/output_wilor/Spezial/smplifyx/meshes/low_139.obj,/home/haipd/DexAvatar/data/smplx_gt/Spezial/00278.obj
Spezial,low_141,40.782139,19.354476,18.837934,24.734618,11.359114,10.592643,/home/haipd/DexAvatar/outputs/output_wilor/Spezial/smplifyx/meshes/low_141.obj,/home/haipd/DexAvatar/data/smplx_gt/Spezial/00282.obj
Spezial,low_143,39.023038,17.197242,19.888539,22.562798,10.159135,11.673275,/home/haipd/DexAvatar/outputs/output_wilor/Spezial/smplifyx/meshes/low_143.obj,/home/haipd/DexAvatar/data/smplx_gt/Spezial/00286.obj
Spezial,low_145,39.535463,19.560501,20.027166,23.961734,10.216059,12.075092,/home/haipd/DexAvatar/outputs/output_wilor/Spezial/smplifyx/meshes/low_145.obj,/home/haipd/DexAvatar/data/smplx_gt/Spezial/00290.obj
Spezial,low_147,37.290391,18.776493,21.580791,22.134868,10.021679,12.884178,/home/haipd/DexAvatar/outputs/output_wilor/Spezial/smplifyx/meshes/low_147.obj,/home/haipd/DexAvatar/data/smplx_gt/Spezial/00294.obj
Spezial,low_149,38.570751,19.259619,22.159128,23.836797,9.890879,12.875143,/home/haipd/DexAvatar/outputs/output_wilor/Spezial/smplifyx/meshes/low_149.obj,/home/haipd/DexAvatar/data/smplx_gt/Spezial/00298.obj
Spezial,low_151,37.556071,17.129818,21.384591,22.395249,9.114058,12.447599,/home/haipd/DexAvatar/outputs/output_wilor/Spezial/smplifyx/meshes/low_151.obj,/home/haipd/DexAvatar/data/smplx_gt/Spezial/00302.obj
Spezial,low_153,38.611092,18.536765,22.474440,24.100868,9.811220,13.435448,/home/haipd/DexAvatar/outputs/output_wilor/Spezial/smplifyx/meshes/low_153.obj,/home/haipd/DexAvatar/data/smplx_gt/Spezial/00306.obj
Spezial,low_155,38.527790,19.585064,21.861967,24.007084,10.005272,13.182886,/home/haipd/DexAvatar/outputs/output_wilor/Spezial/smplifyx/meshes/low_155.obj,/home/haipd/DexAvatar/data/smplx_gt/Spezial/00310.obj
Spezial,low_157,41.651357,18.841021,21.906262,24.173748,10.352956,13.164115,/home/haipd/DexAvatar/outputs/output_wilor/Spezial/smplifyx/meshes/low_157.obj,/home/haipd/DexAvatar/data/smplx_gt/Spezial/00314.obj
Tisch,low_145,42.624045,21.290701,17.577687,20.641888,10.891749,9.136645,/home/haipd/DexAvatar/outputs/output_wilor/Tisch/smplifyx/meshes/low_145.obj,/home/haipd/DexAvatar/data/smplx_gt/Tisch/00290.obj
Tisch,low_147,42.449489,21.347230,16.549749,20.462750,10.555652,8.850807,/home/haipd/DexAvatar/outputs/output_wilor/Tisch/smplifyx/meshes/low_147.obj,/home/haipd/DexAvatar/data/smplx_gt/Tisch/00294.obj
Tisch,low_149,40.634327,24.281507,16.931864,20.466084,12.084592,9.077445,/home/haipd/DexAvatar/outputs/output_wilor/Tisch/smplifyx/meshes/low_149.obj,/home/haipd/DexAvatar/data/smplx_gt/Tisch/00298.obj
Tisch,low_151,40.199447,28.349897,17.420081,20.703046,13.625829,8.860420,/home/haipd/DexAvatar/outputs/output_wilor/Tisch/smplifyx/meshes/low_151.obj,/home/haipd/DexAvatar/data/smplx_gt/Tisch/00302.obj
Tisch,low_153,39.588764,30.852608,15.644385,20.948706,14.190638,8.277839,/home/haipd/DexAvatar/outputs/output_wilor/Tisch/smplifyx/meshes/low_153.obj,/home/haipd/DexAvatar/data/smplx_gt/Tisch/00306.obj
Tisch,low_155,39.273337,21.259407,13.605788,22.125205,11.081681,7.428909,/home/haipd/DexAvatar/outputs/output_wilor/Tisch/smplifyx/meshes/low_155.obj,/home/haipd/DexAvatar/data/smplx_gt/Tisch/00310.obj
Tisch,low_157,39.713133,16.308332,14.722832,21.768706,8.301341,7.078872,/home/haipd/DexAvatar/outputs/output_wilor/Tisch/smplifyx/meshes/low_157.obj,/home/haipd/DexAvatar/data/smplx_gt/Tisch/00314.obj
Tisch,low_159,40.022168,22.073586,17.031346,23.201209,11.633283,9.382027,/home/haipd/DexAvatar/outputs/output_wilor/Tisch/smplifyx/meshes/low_159.obj,/home/haipd/DexAvatar/data/smplx_gt/Tisch/00318.obj
Tisch,low_161,39.151736,29.555708,24.832344,22.360893,13.389214,11.715150,/home/haipd/DexAvatar/outputs/output_wilor/Tisch/smplifyx/meshes/low_161.obj,/home/haipd/DexAvatar/data/smplx_gt/Tisch/00322.obj
Tisch,low_163,40.266052,29.079359,29.302161,23.686497,13.893940,13.026980,/home/haipd/DexAvatar/outputs/output_wilor/Tisch/smplifyx/meshes/low_163.obj,/home/haipd/DexAvatar/data/smplx_gt/Tisch/00326.obj
Treffen,low_136,41.613284,19.749682,11.340789,26.455333,13.579323,9.451643,/home/haipd/DexAvatar/outputs/output_wilor/Treffen/smplifyx/meshes/low_136.obj,/home/haipd/DexAvatar/data/smplx_gt/Treffen/00272.obj
Treffen,low_138,42.411245,20.077232,11.393881,27.302887,13.841659,8.165159,/home/haipd/DexAvatar/outputs/output_wilor/Treffen/smplifyx/meshes/low_138.obj,/home/haipd/DexAvatar/data/smplx_gt/Treffen/00276.obj
Treffen,low_140,41.015331,20.341484,11.855293,25.676966,12.887605,8.084802,/home/haipd/DexAvatar/outputs/output_wilor/Treffen/smplifyx/meshes/low_140.obj,/home/haipd/DexAvatar/data/smplx_gt/Treffen/00280.obj
Treffen,low_142,43.240424,20.925816,10.878169,26.208552,13.523722,7.802062,/home/haipd/DexAvatar/outputs/output_wilor/Treffen/smplifyx/meshes/low_142.obj,/home/haipd/DexAvatar/data/smplx_gt/Treffen/00284.obj
Treffen,low_144,40.214520,21.986732,11.536410,23.483420,13.810766,8.470822,/home/haipd/DexAvatar/outputs/output_wilor/Treffen/smplifyx/meshes/low_144.obj,/home/haipd/DexAvatar/data/smplx_gt/Treffen/00288.obj
Treffen,low_146,40.858507,22.545733,11.277593,23.122529,14.665209,8.244797,/home/haipd/DexAvatar/outputs/output_wilor/Treffen/smplifyx/meshes/low_146.obj,/home/haipd/DexAvatar/data/smplx_gt/Treffen/00292.obj
Treffen,low_148,40.367287,21.393808,15.292144,24.024606,14.087643,8.842045,/home/haipd/DexAvatar/outputs/output_wilor/Treffen/smplifyx/meshes/low_148.obj,/home/haipd/DexAvatar/data/smplx_gt/Treffen/00296.obj
Treffen,low_150,42.982858,23.506446,12.536472,20.535206,15.711719,9.350234,/home/haipd/DexAvatar/outputs/output_wilor/Treffen/smplifyx/meshes/low_150.obj,/home/haipd/DexAvatar/data/smplx_gt/Treffen/00300.obj
Treffen,low_152,40.062323,21.996539,10.850822,22.572359,15.960153,9.174578,/home/haipd/DexAvatar/outputs/output_wilor/Treffen/smplifyx/meshes/low_152.obj,/home/haipd/DexAvatar/data/smplx_gt/Treffen/00304.obj
Treffen,low_154,41.503444,18.960470,13.123794,21.843249,15.394982,10.795393,/home/haipd/DexAvatar/outputs/output_wilor/Treffen/smplifyx/meshes/low_154.obj,/home/haipd/DexAvatar/data/smplx_gt/Treffen/00308.obj
Treffen,low_156,43.383442,18.781047,12.978197,20.954436,15.141502,10.721195,/home/haipd/DexAvatar/outputs/output_wilor/Treffen/smplifyx/meshes/low_156.obj,/home/haipd/DexAvatar/data/smplx_gt/Treffen/00312.obj
Treffen,low_158,44.022284,18.304314,13.075082,22.269789,15.467046,10.435348,/home/haipd/DexAvatar/outputs/output_wilor/Treffen/smplifyx/meshes/low_158.obj,/home/haipd/DexAvatar/data/smplx_gt/Treffen/00316.obj
Treffen,low_160,43.246347,19.341707,13.743144,20.303730,16.139211,10.716252,/home/haipd/DexAvatar/outputs/output_wilor/Treffen/smplifyx/meshes/low_160.obj,/home/haipd/DexAvatar/data/smplx_gt/Treffen/00320.obj
Treffen,low_162,42.390343,18.980999,12.956421,19.513987,16.261160,10.464287,/home/haipd/DexAvatar/outputs/output_wilor/Treffen/smplifyx/meshes/low_162.obj,/home/haipd/DexAvatar/data/smplx_gt/Treffen/00324.obj
Treffen,low_164,44.236723,19.751517,13.963178,18.812297,16.478848,10.351995,/home/haipd/DexAvatar/outputs/output_wilor/Treffen/smplifyx/meshes/low_164.obj,/home/haipd/DexAvatar/data/smplx_gt/Treffen/00328.obj
Treffen,low_166,43.952975,20.113498,13.442473,18.582033,16.089266,9.818911,/home/haipd/DexAvatar/outputs/output_wilor/Treffen/smplifyx/meshes/low_166.obj,/home/haipd/DexAvatar/data/smplx_gt/Treffen/00332.obj
Treffen,low_168,44.174876,19.970236,12.987057,18.732736,15.968205,9.685614,/home/haipd/DexAvatar/outputs/output_wilor/Treffen/smplifyx/meshes/low_168.obj,/home/haipd/DexAvatar/data/smplx_gt/Treffen/00336.obj
Treffen,low_170,43.101385,20.430217,13.201004,18.282516,16.309969,9.763047,/home/haipd/DexAvatar/outputs/output_wilor/Treffen/smplifyx/meshes/low_170.obj,/home/haipd/DexAvatar/data/smplx_gt/Treffen/00340.obj
Treffen,low_172,42.411774,18.600097,14.010594,18.587200,15.669286,10.082167,/home/haipd/DexAvatar/outputs/output_wilor/Treffen/smplifyx/meshes/low_172.obj,/home/haipd/DexAvatar/data/smplx_gt/Treffen/00344.obj
Treffen,low_174,42.109512,19.678649,14.945448,18.331781,15.919387,10.264803,/home/haipd/DexAvatar/outputs/output_wilor/Treffen/smplifyx/meshes/low_174.obj,/home/haipd/DexAvatar/data/smplx_gt/Treffen/00348.obj
Treffen,low_176,41.158285,19.074012,13.915688,19.686865,15.788587,9.954263,/home/haipd/DexAvatar/outputs/output_wilor/Treffen/smplifyx/meshes/low_176.obj,/home/haipd/DexAvatar/data/smplx_gt/Treffen/00352.obj
Treffen,low_178,41.289557,19.173648,14.213425,18.596401,15.709793,10.265484,/home/haipd/DexAvatar/outputs/output_wilor/Treffen/smplifyx/meshes/low_178.obj,/home/haipd/DexAvatar/data/smplx_gt/Treffen/00356.obj
Verschieden,low_148,44.181954,24.702093,15.595439,21.568092,13.592863,11.320862,/home/haipd/DexAvatar/outputs/output_wilor/Verschieden/smplifyx/meshes/low_148.obj,/home/haipd/DexAvatar/data/smplx_gt/Verschieden/00296.obj
Verschieden,low_150,43.704759,15.929593,15.970934,22.612730,10.800552,11.666239,/home/haipd/DexAvatar/outputs/output_wilor/Verschieden/smplifyx/meshes/low_150.obj,/home/haipd/DexAvatar/data/smplx_gt/Verschieden/00300.obj
Verschieden,low_152,41.088011,12.306667,19.851599,22.300394,9.574652,14.485954,/home/haipd/DexAvatar/outputs/output_wilor/Verschieden/smplifyx/meshes/low_152.obj,/home/haipd/DexAvatar/data/smplx_gt/Verschieden/00304.obj
Verschieden,low_154,40.592443,12.318676,20.993164,24.095139,9.467950,16.819447,/home/haipd/DexAvatar/outputs/output_wilor/Verschieden/smplifyx/meshes/low_154.obj,/home/haipd/DexAvatar/data/smplx_gt/Verschieden/00308.obj
Verschieden,low_156,40.711723,14.734478,24.480995,24.965882,10.368254,16.881282,/home/haipd/DexAvatar/outputs/output_wilor/Verschieden/smplifyx/meshes/low_156.obj,/home/haipd/DexAvatar/data/smplx_gt/Verschieden/00312.obj
Verschieden,low_158,41.736983,14.701848,26.618250,26.244009,9.678594,17.509356,/home/haipd/DexAvatar/outputs/output_wilor/Verschieden/smplifyx/meshes/low_158.obj,/home/haipd/DexAvatar/data/smplx_gt/Verschieden/00316.obj
Verschieden,low_160,39.560385,17.914291,26.294114,23.704782,11.705376,17.726783,/home/haipd/DexAvatar/outputs/output_wilor/Verschieden/smplifyx/meshes/low_160.obj,/home/haipd/DexAvatar/data/smplx_gt/Verschieden/00320.obj
Verschieden,low_162,46.038590,14.818599,26.530001,28.640868,10.181802,16.272126,/home/haipd/DexAvatar/outputs/output_wilor/Verschieden/smplifyx/meshes/low_162.obj,/home/haipd/DexAvatar/data/smplx_gt/Verschieden/00324.obj
Verschieden,low_164,43.016210,16.025536,27.915237,26.524350,10.774348,16.158476,/home/haipd/DexAvatar/outputs/output_wilor/Verschieden/smplifyx/meshes/low_164.obj,/home/haipd/DexAvatar/data/smplx_gt/Verschieden/00328.obj
Verschieden,low_166,45.073859,19.078027,22.105489,25.186082,11.786688,14.117977,/home/haipd/DexAvatar/outputs/output_wilor/Verschieden/smplifyx/meshes/low_166.obj,/home/haipd/DexAvatar/data/smplx_gt/Verschieden/00332.obj
Verschieden,low_168,46.219029,24.762921,15.834427,26.317608,13.126507,12.371897,/home/haipd/DexAvatar/outputs/output_wilor/Verschieden/smplifyx/meshes/low_168.obj,/home/haipd/DexAvatar/data/smplx_gt/Verschieden/00336.obj
Verschieden,low_170,45.093015,29.809568,13.730251,27.099095,15.339542,12.085872,/home/haipd/DexAvatar/outputs/output_wilor/Verschieden/smplifyx/meshes/low_170.obj,/home/haipd/DexAvatar/data/smplx_gt/Verschieden/00340.obj
Verschieden,low_172,41.932814,31.591404,14.681317,22.693198,16.147127,12.046871,/home/haipd/DexAvatar/outputs/output_wilor/Verschieden/smplifyx/meshes/low_172.obj,/home/haipd/DexAvatar/data/smplx_gt/Verschieden/00344.obj
Verschieden,low_174,44.916034,30.486602,15.624160,25.421318,14.565976,13.146264,/home/haipd/DexAvatar/outputs/output_wilor/Verschieden/smplifyx/meshes/low_174.obj,/home/haipd/DexAvatar/data/smplx_gt/Verschieden/00348.obj
Verschieden,low_176,42.439643,27.717736,15.277100,21.888869,14.688414,12.207567,/home/haipd/DexAvatar/outputs/output_wilor/Verschieden/smplifyx/meshes/low_176.obj,/home/haipd/DexAvatar/data/smplx_gt/Verschieden/00352.obj
Verschieden,low_178,43.148324,20.977445,18.270694,23.338443,12.611420,13.943892,/home/haipd/DexAvatar/outputs/output_wilor/Verschieden/smplifyx/meshes/low_178.obj,/home/haipd/DexAvatar/data/smplx_gt/Verschieden/00356.obj
Verschieden,low_180,40.928222,15.209903,21.225750,22.441771,10.803343,14.707990,/home/haipd/DexAvatar/outputs/output_wilor/Verschieden/smplifyx/meshes/low_180.obj,/home/haipd/DexAvatar/data/smplx_gt/Verschieden/00360.obj
Verschieden,low_182,40.257301,17.746864,21.535385,22.711553,12.211128,17.301761,/home/haipd/DexAvatar/outputs/output_wilor/Verschieden/smplifyx/meshes/low_182.obj,/home/haipd/DexAvatar/data/smplx_gt/Verschieden/00364.obj
Verschieden,low_184,39.302323,17.063167,22.506298,23.080219,11.476778,16.607000,/home/haipd/DexAvatar/outputs/output_wilor/Verschieden/smplifyx/meshes/low_184.obj,/home/haipd/DexAvatar/data/smplx_gt/Verschieden/00368.obj
Verschieden,low_186,38.924370,17.799437,23.804994,23.118051,12.181196,16.865259,/home/haipd/DexAvatar/outputs/output_wilor/Verschieden/smplifyx/meshes/low_186.obj,/home/haipd/DexAvatar/data/smplx_gt/Verschieden/00372.obj
Verschieden,low_188,41.532163,19.955898,25.824696,24.795501,12.906212,16.562261,/home/haipd/DexAvatar/outputs/output_wilor/Verschieden/smplifyx/meshes/low_188.obj,/home/haipd/DexAvatar/data/smplx_gt/Verschieden/00376.obj
Verschieden,low_190,42.962663,14.614732,26.341965,25.504520,10.780930,15.948946,/home/haipd/DexAvatar/outputs/output_wilor/Verschieden/smplifyx/meshes/low_190.obj,/home/haipd/DexAvatar/data/smplx_gt/Verschieden/00380.obj
Verschieden,low_192,41.701365,24.438305,20.776441,22.851104,15.375757,15.359543,/home/haipd/DexAvatar/outputs/output_wilor/Verschieden/smplifyx/meshes/low_192.obj,/home/haipd/DexAvatar/data/smplx_gt/Verschieden/00384.obj
Verschieden,low_194,42.186845,22.776591,17.869025,24.414150,13.247463,13.084699,/home/haipd/DexAvatar/outputs/output_wilor/Verschieden/smplifyx/meshes/low_194.obj,/home/haipd/DexAvatar/data/smplx_gt/Verschieden/00388.obj
Verschieden,low_196,43.806635,30.255191,15.060854,26.474714,14.733811,12.363422,/home/haipd/DexAvatar/outputs/output_wilor/Verschieden/smplifyx/meshes/low_196.obj,/home/haipd/DexAvatar/data/smplx_gt/Verschieden/00392.obj
Verschieden,low_198,43.066114,33.217162,14.399546,26.973674,15.771972,11.397248,/home/haipd/DexAvatar/outputs/output_wilor/Verschieden/smplifyx/meshes/low_198.obj,/home/haipd/DexAvatar/data/smplx_gt/Verschieden/00396.obj
Verschieden,low_200,42.323481,33.622727,14.134648,25.071934,15.664443,11.450506,/home/haipd/DexAvatar/outputs/output_wilor/Verschieden/smplifyx/meshes/low_200.obj,/home/haipd/DexAvatar/data/smplx_gt/Verschieden/00400.obj
Verschieden,low_202,41.592114,30.542107,15.209370,23.987159,20.348648,12.397297,/home/haipd/DexAvatar/outputs/output_wilor/Verschieden/smplifyx/meshes/low_202.obj,/home/haipd/DexAvatar/data/smplx_gt/Verschieden/00404.obj
Verschieden,low_204,41.762885,25.747661,14.526037,22.534754,14.406657,12.389201,/home/haipd/DexAvatar/outputs/output_wilor/Verschieden/smplifyx/meshes/low_204.obj,/home/haipd/DexAvatar/data/smplx_gt/Verschieden/00408.obj
Verschieden,low_206,38.317371,20.134227,19.001821,21.512765,12.135534,13.591352,/home/haipd/DexAvatar/outputs/output_wilor/Verschieden/smplifyx/meshes/low_206.obj,/home/haipd/DexAvatar/data/smplx_gt/Verschieden/00412.obj
Verschieden,low_208,44.076204,19.197848,20.580318,26.085800,12.401145,14.446695,/home/haipd/DexAvatar/outputs/output_wilor/Verschieden/smplifyx/meshes/low_208.obj,/home/haipd/DexAvatar/data/smplx_gt/Verschieden/00416.obj
Verschieden,low_210,42.698301,15.748344,23.825508,27.241055,10.842607,16.267296,/home/haipd/DexAvatar/outputs/output_wilor/Verschieden/smplifyx/meshes/low_210.obj,/home/haipd/DexAvatar/data/smplx_gt/Verschieden/00420.obj
Verschieden,low_212,44.310208,16.816292,25.635784,27.660096,11.397990,17.775556,/home/haipd/DexAvatar/outputs/output_wilor/Verschieden/smplifyx/meshes/low_212.obj,/home/haipd/DexAvatar/data/smplx_gt/Verschieden/00424.obj
VorsichtPassAuf,low_149,53.111389,17.073696,21.966808,33.205025,10.048695,10.263537,/home/haipd/DexAvatar/outputs/output_wilor/VorsichtPassAuf/smplifyx/meshes/low_149.obj,/home/haipd/DexAvatar/data/smplx_gt/VorsichtPassAuf/00298.obj
VorsichtPassAuf,low_151,42.902160,11.810188,15.949827,28.236769,8.108589,9.268971,/home/haipd/DexAvatar/outputs/output_wilor/VorsichtPassAuf/smplifyx/meshes/low_151.obj,/home/haipd/DexAvatar/data/smplx_gt/VorsichtPassAuf/00302.obj
VorsichtPassAuf,low_153,43.187767,11.548580,15.073312,29.955518,8.049279,8.984818,/home/haipd/DexAvatar/outputs/output_wilor/VorsichtPassAuf/smplifyx/meshes/low_153.obj,/home/haipd/DexAvatar/data/smplx_gt/VorsichtPassAuf/00306.obj
VorsichtPassAuf,low_155,41.143931,10.394099,14.453677,26.597327,7.142896,9.432955,/home/haipd/DexAvatar/outputs/output_wilor/VorsichtPassAuf/smplifyx/meshes/low_155.obj,/home/haipd/DexAvatar/data/smplx_gt/VorsichtPassAuf/00310.obj
VorsichtPassAuf,low_157,36.602404,10.109860,11.721050,22.716120,6.365420,8.996523,/home/haipd/DexAvatar/outputs/output_wilor/VorsichtPassAuf/smplifyx/meshes/low_157.obj,/home/haipd/DexAvatar/data/smplx_gt/VorsichtPassAuf/00314.obj
VorsichtPassAuf,low_159,36.541555,11.190121,11.608737,23.310388,6.197545,9.564587,/home/haipd/DexAvatar/outputs/output_wilor/VorsichtPassAuf/smplifyx/meshes/low_159.obj,/home/haipd/DexAvatar/data/smplx_gt/VorsichtPassAuf/00318.obj
VorsichtPassAuf,low_161,32.808956,12.876246,13.219151,19.805590,7.531269,10.821020,/home/haipd/DexAvatar/outputs/output_wilor/VorsichtPassAuf/smplifyx/meshes/low_161.obj,/home/haipd/DexAvatar/data/smplx_gt/VorsichtPassAuf/00322.obj
VorsichtPassAuf,low_163,34.496907,11.285640,14.008715,19.263772,7.568020,11.567050,/home/haipd/DexAvatar/outputs/output_wilor/VorsichtPassAuf/smplifyx/meshes/low_163.obj,/home/haipd/DexAvatar/data/smplx_gt/VorsichtPassAuf/00326.obj
VorsichtPassAuf,low_165,33.319712,10.214332,15.558610,18.768003,7.352095,12.066827,/home/haipd/DexAvatar/outputs/output_wilor/VorsichtPassAuf/smplifyx/meshes/low_165.obj,/home/haipd/DexAvatar/data/smplx_gt/VorsichtPassAuf/00330.obj
Akzeptieren,low_128,42.464361,17.306751,16.375840,24.474211,7.939756,7.215382,/home/haipd/DexAvatar/outputs/output_wilor/Akzeptieren/smplifyx/meshes/low_128.obj,/home/haipd/DexAvatar/data/smplx_gt/Akzeptieren/00256.obj
Akzeptieren,low_130,40.690184,16.125157,15.108890,23.338644,7.578040,6.744863,/home/haipd/DexAvatar/outputs/output_wilor/Akzeptieren/smplifyx/meshes/low_130.obj,/home/haipd/DexAvatar/data/smplx_gt/Akzeptieren/00260.obj
Akzeptieren,low_132,42.287022,17.120859,11.771914,23.725165,8.053681,6.150363,/home/haipd/DexAvatar/outputs/output_wilor/Akzeptieren/smplifyx/meshes/low_132.obj,/home/haipd/DexAvatar/data/smplx_gt/Akzeptieren/00264.obj
Akzeptieren,low_134,41.776523,18.224707,8.849110,24.534535,8.235569,5.379513,/home/haipd/DexAvatar/outputs/output_wilor/Akzeptieren/smplifyx/meshes/low_134.obj,/home/haipd/DexAvatar/data/smplx_gt/Akzeptieren/00268.obj
Akzeptieren,low_136,43.616358,17.052794,7.928979,25.739495,7.933563,5.465031,/home/haipd/DexAvatar/outputs/output_wilor/Akzeptieren/smplifyx/meshes/low_136.obj,/home/haipd/DexAvatar/data/smplx_gt/Akzeptieren/00272.obj
Akzeptieren,low_138,44.905640,18.265901,9.125572,27.700804,8.465570,6.128803,/home/haipd/DexAvatar/outputs/output_wilor/Akzeptieren/smplifyx/meshes/low_138.obj,/home/haipd/DexAvatar/data/smplx_gt/Akzeptieren/00276.obj
Akzeptieren,low_140,45.042865,19.485069,8.494603,25.470058,9.162727,6.132780,/home/haipd/DexAvatar/outputs/output_wilor/Akzeptieren/smplifyx/meshes/low_140.obj,/home/haipd/DexAvatar/data/smplx_gt/Akzeptieren/00280.obj
Akzeptieren,low_142,45.321293,18.332804,7.619563,25.132788,9.120652,5.832561,/home/haipd/DexAvatar/outputs/output_wilor/Akzeptieren/smplifyx/meshes/low_142.obj,/home/haipd/DexAvatar/data/smplx_gt/Akzeptieren/00284.obj
Akzeptieren,low_144,48.588041,16.718399,7.810026,29.112933,9.433049,6.647634,/home/haipd/DexAvatar/outputs/output_wilor/Akzeptieren/smplifyx/meshes/low_144.obj,/home/haipd/DexAvatar/data/smplx_gt/Akzeptieren/00288.obj
Akzeptieren,low_146,58.071319,16.388198,8.942526,32.701142,8.231949,6.884670,/home/haipd/DexAvatar/outputs/output_wilor/Akzeptieren/smplifyx/meshes/low_146.obj,/home/haipd/DexAvatar/data/smplx_gt/Akzeptieren/00292.obj
Akzeptieren,low_148,47.100991,16.578821,9.242250,25.215544,7.751690,7.126728,/home/haipd/DexAvatar/outputs/output_wilor/Akzeptieren/smplifyx/meshes/low_148.obj,/home/haipd/DexAvatar/data/smplx_gt/Akzeptieren/00296.obj
Akzeptieren,low_150,46.573427,17.166222,9.806724,23.845337,7.652402,6.650249,/home/haipd/DexAvatar/outputs/output_wilor/Akzeptieren/smplifyx/meshes/low_150.obj,/home/haipd/DexAvatar/data/smplx_gt/Akzeptieren/00300.obj
Akzeptieren,low_152,44.103224,17.335402,10.840180,22.650875,8.212808,6.678212,/home/haipd/DexAvatar/outputs/output_wilor/Akzeptieren/smplifyx/meshes/low_152.obj,/home/haipd/DexAvatar/data/smplx_gt/Akzeptieren/00304.obj
Akzeptieren,low_154,43.324411,17.679282,12.744838,23.184294,7.751900,7.647306,/home/haipd/DexAvatar/outputs/output_wilor/Akzeptieren/smplifyx/meshes/low_154.obj,/home/haipd/DexAvatar/data/smplx_gt/Akzeptieren/00308.obj
Akzeptieren,low_156,41.976955,19.250410,10.825786,22.340083,8.783032,6.738910,/home/haipd/DexAvatar/outputs/output_wilor/Akzeptieren/smplifyx/meshes/low_156.obj,/home/haipd/DexAvatar/data/smplx_gt/Akzeptieren/00312.obj
Akzeptieren,low_158,40.215034,18.625509,11.358703,22.929691,8.551317,6.532270,/home/haipd/DexAvatar/outputs/output_wilor/Akzeptieren/smplifyx/meshes/low_158.obj,/home/haipd/DexAvatar/data/smplx_gt/Akzeptieren/00316.obj
Akzeptieren,low_160,42.296655,18.604252,10.781814,23.358051,8.406683,6.782313,/home/haipd/DexAvatar/outputs/output_wilor/Akzeptieren/smplifyx/meshes/low_160.obj,/home/haipd/DexAvatar/data/smplx_gt/Akzeptieren/00320.obj
Akzeptieren,low_162,45.760646,17.411571,10.558093,25.083646,7.949837,6.702520,/home/haipd/DexAvatar/outputs/output_wilor/Akzeptieren/smplifyx/meshes/low_162.obj,/home/haipd/DexAvatar/data/smplx_gt/Akzeptieren/00324.obj
Akzeptieren,low_164,45.917373,16.462434,10.228660,25.436077,7.271594,6.306361,/home/haipd/DexAvatar/outputs/output_wilor/Akzeptieren/smplifyx/meshes/low_164.obj,/home/haipd/DexAvatar/data/smplx_gt/Akzeptieren/00328.obj
Akzeptieren,low_166,45.468330,16.498053,9.914856,25.657604,7.775171,6.595725,/home/haipd/DexAvatar/outputs/output_wilor/Akzeptieren/smplifyx/meshes/low_166.obj,/home/haipd/DexAvatar/data/smplx_gt/Akzeptieren/00332.obj
Akzeptieren,low_168,49.102414,16.591964,9.615310,27.228359,7.637508,6.646274,/home/haipd/DexAvatar/outputs/output_wilor/Akzeptieren/smplifyx/meshes/low_168.obj,/home/haipd/DexAvatar/data/smplx_gt/Akzeptieren/00336.obj
Akzeptieren,low_170,49.123328,12.057636,11.014864,26.023552,6.665754,7.719066,/home/haipd/DexAvatar/outputs/output_wilor/Akzeptieren/smplifyx/meshes/low_170.obj,/home/haipd/DexAvatar/data/smplx_gt/Akzeptieren/00340.obj
Akzeptieren,low_172,43.103963,16.927281,9.957746,23.921808,7.875775,6.553132,/home/haipd/DexAvatar/outputs/output_wilor/Akzeptieren/smplifyx/meshes/low_172.obj,/home/haipd/DexAvatar/data/smplx_gt/Akzeptieren/00344.obj
Akzeptieren,low_174,41.620173,17.329009,9.595030,22.898899,8.032325,6.717238,/home/haipd/DexAvatar/outputs/output_wilor/Akzeptieren/smplifyx/meshes/low_174.obj,/home/haipd/DexAvatar/data/smplx_gt/Akzeptieren/00348.obj
Akzeptieren,low_176,45.169815,15.568862,10.339087,25.316194,6.974115,6.764210,/home/haipd/DexAvatar/outputs/output_wilor/Akzeptieren/smplifyx/meshes/low_176.obj,/home/haipd/DexAvatar/data/smplx_gt/Akzeptieren/00352.obj
AufgebenResignieren,low_128,46.378143,38.227100,30.278713,36.985621,15.258216,14.657877,/home/haipd/DexAvatar/outputs/output_wilor/AufgebenResignieren/smplifyx/meshes/low_128.obj,/home/haipd/DexAvatar/data/smplx_gt/AufgebenResignieren/00256.obj
AufgebenResignieren,low_130,46.258207,33.613462,26.015636,36.459614,14.048360,13.710100,/home/haipd/DexAvatar/outputs/output_wilor/AufgebenResignieren/smplifyx/meshes/low_130.obj,/home/haipd/DexAvatar/data/smplx_gt/AufgebenResignieren/00260.obj
AufgebenResignieren,low_132,38.581565,30.172549,20.236719,24.596879,13.169739,13.240268,/home/haipd/DexAvatar/outputs/output_wilor/AufgebenResignieren/smplifyx/meshes/low_132.obj,/home/haipd/DexAvatar/data/smplx_gt/AufgebenResignieren/00264.obj
AufgebenResignieren,low_134,39.415296,26.293555,19.772094,23.290977,11.346646,13.102293,/home/haipd/DexAvatar/outputs/output_wilor/AufgebenResignieren/smplifyx/meshes/low_134.obj,/home/haipd/DexAvatar/data/smplx_gt/AufgebenResignieren/00268.obj
AufgebenResignieren,low_136,39.791182,23.867613,16.916757,22.389481,11.156997,12.132194,/home/haipd/DexAvatar/outputs/output_wilor/AufgebenResignieren/smplifyx/meshes/low_136.obj,/home/haipd/DexAvatar/data/smplx_gt/AufgebenResignieren/00272.obj
AufgebenResignieren,low_138,39.859872,20.827761,14.498228,23.527203,10.125648,10.419326,/home/haipd/DexAvatar/outputs/output_wilor/AufgebenResignieren/smplifyx/meshes/low_138.obj,/home/haipd/DexAvatar/data/smplx_gt/AufgebenResignieren/00276.obj
AufgebenResignieren,low_140,40.356871,18.282676,11.978594,23.773424,8.933091,9.288334,/home/haipd/DexAvatar/outputs/output_wilor/AufgebenResignieren/smplifyx/meshes/low_140.obj,/home/haipd/DexAvatar/data/smplx_gt/AufgebenResignieren/00280.obj
AufgebenResignieren,low_142,42.924840,16.827306,12.646160,26.600722,8.616857,7.754424,/home/haipd/DexAvatar/outputs/output_wilor/AufgebenResignieren/smplifyx/meshes/low_142.obj,/home/haipd/DexAvatar/data/smplx_gt/AufgebenResignieren/00284.obj
AufgebenResignieren,low_144,48.451103,17.065654,16.615622,29.763222,7.970063,8.660427,/home/haipd/DexAvatar/outputs/output_wilor/AufgebenResignieren/smplifyx/meshes/low_144.obj,/home/haipd/DexAvatar/data/smplx_gt/AufgebenResignieren/00288.obj
AufgebenResignieren,low_146,43.020416,22.310104,17.456815,26.597932,9.599347,9.085592,/home/haipd/DexAvatar/outputs/output_wilor/AufgebenResignieren/smplifyx/meshes/low_146.obj,/home/haipd/DexAvatar/data/smplx_gt/AufgebenResignieren/00292.obj
AufgebenResignieren,low_148,46.403527,25.407886,18.267099,25.961181,11.247111,10.795721,/home/haipd/DexAvatar/outputs/output_wilor/AufgebenResignieren/smplifyx/meshes/low_148.obj,/home/haipd/DexAvatar/data/smplx_gt/AufgebenResignieren/00296.obj
AufgebenResignieren,low_150,44.693712,24.992906,23.766853,31.537913,11.354003,13.307264,/home/haipd/DexAvatar/outputs/output_wilor/AufgebenResignieren/smplifyx/meshes/low_150.obj,/home/haipd/DexAvatar/data/smplx_gt/AufgebenResignieren/00300.obj
AufgebenResignieren,low_152,41.123670,21.482682,19.578159,23.927920,9.556538,10.992100,/home/haipd/DexAvatar/outputs/output_wilor/AufgebenResignieren/smplifyx/meshes/low_152.obj,/home/haipd/DexAvatar/data/smplx_gt/AufgebenResignieren/00304.obj
AufgebenResignieren,low_154,36.257450,25.231412,21.228887,24.883060,11.004735,11.202725,/home/haipd/DexAvatar/outputs/output_wilor/AufgebenResignieren/smplifyx/meshes/low_154.obj,/home/haipd/DexAvatar/data/smplx_gt/AufgebenResignieren/00308.obj
AufgebenResignieren,low_156,36.358211,24.967510,23.225449,25.372228,11.302701,12.440275,/home/haipd/DexAvatar/outputs/output_wilor/AufgebenResignieren/smplifyx/meshes/low_156.obj,/home/haipd/DexAvatar/data/smplx_gt/AufgebenResignieren/00312.obj
AufgebenResignieren,low_158,36.780827,27.337857,23.454674,24.836676,12.308749,12.802845,/home/haipd/DexAvatar/outputs/output_wilor/AufgebenResignieren/smplifyx/meshes/low_158.obj,/home/haipd/DexAvatar/data/smplx_gt/AufgebenResignieren/00316.obj
AufgebenResignieren,low_160,38.881510,25.538946,23.127621,27.388891,10.859078,12.224925,/home/haipd/DexAvatar/outputs/output_wilor/AufgebenResignieren/smplifyx/meshes/low_160.obj,/home/haipd/DexAvatar/data/smplx_gt/AufgebenResignieren/00320.obj
AufgebenResignieren,low_162,37.985902,26.245985,22.976877,26.803104,11.388673,12.775670,/home/haipd/DexAvatar/outputs/output_wilor/AufgebenResignieren/smplifyx/meshes/low_162.obj,/home/haipd/DexAvatar/data/smplx_gt/AufgebenResignieren/00324.obj
AufgebenResignieren,low_164,38.515482,24.991415,23.577761,26.686866,11.100752,13.132492,/home/haipd/DexAvatar/outputs/output_wilor/AufgebenResignieren/smplifyx/meshes/low_164.obj,/home/haipd/DexAvatar/data/smplx_gt/AufgebenResignieren/00328.obj
AufgebenResignieren,low_166,38.292468,25.320718,22.688175,26.820375,10.823237,12.201257,/home/haipd/DexAvatar/outputs/output_wilor/AufgebenResignieren/smplifyx/meshes/low_166.obj,/home/haipd/DexAvatar/data/smplx_gt/AufgebenResignieren/00332.obj
AufgebenResignieren,low_168,37.654314,25.315206,21.712340,26.377065,10.874073,11.697941,/home/haipd/DexAvatar/outputs/output_wilor/AufgebenResignieren/smplifyx/meshes/low_168.obj,/home/haipd/DexAvatar/data/smplx_gt/AufgebenResignieren/00336.obj
AufgebenResignieren,low_170,38.951430,25.489198,21.522198,26.749669,10.838820,11.544002,/home/haipd/DexAvatar/outputs/output_wilor/AufgebenResignieren/smplifyx/meshes/low_170.obj,/home/haipd/DexAvatar/data/smplx_gt/AufgebenResignieren/00340.obj
AufgebenResignieren,low_172,39.611556,25.389913,20.806350,27.253022,10.702546,11.098981,/home/haipd/DexAvatar/outputs/output_wilor/AufgebenResignieren/smplifyx/meshes/low_172.obj,/home/haipd/DexAvatar/data/smplx_gt/AufgebenResignieren/00344.obj
AufgebenResignieren,low_174,40.535718,26.432052,18.310847,25.399147,11.234861,10.288526,/home/haipd/DexAvatar/outputs/output_wilor/AufgebenResignieren/smplifyx/meshes/low_174.obj,/home/haipd/DexAvatar/data/smplx_gt/AufgebenResignieren/00348.obj
AufgebenResignieren,low_176,36.998946,24.669364,20.217409,24.230281,10.867590,11.530060,/home/haipd/DexAvatar/outputs/output_wilor/AufgebenResignieren/smplifyx/meshes/low_176.obj,/home/haipd/DexAvatar/data/smplx_gt/AufgebenResignieren/00352.obj
AufgebenResignieren,low_178,40.646929,25.877187,20.809069,27.001213,10.709501,11.290338,/home/haipd/DexAvatar/outputs/output_wilor/AufgebenResignieren/smplifyx/meshes/low_178.obj,/home/haipd/DexAvatar/data/smplx_gt/AufgebenResignieren/00356.obj
AufgebenResignieren,low_180,40.775295,25.753748,20.997822,27.315125,10.954423,11.384421,/home/haipd/DexAvatar/outputs/output_wilor/AufgebenResignieren/smplifyx/meshes/low_180.obj,/home/haipd/DexAvatar/data/smplx_gt/AufgebenResignieren/00360.obj
Frisch,low_149,52.149575,27.056601,21.528838,22.166487,11.159623,10.893434,/home/haipd/DexAvatar/outputs/output_wilor/Frisch/smplifyx/meshes/low_149.obj,/home/haipd/DexAvatar/data/smplx_gt/Frisch/00298.obj
Frisch,low_151,55.989273,21.656079,20.060025,23.066271,10.362054,12.397652,/home/haipd/DexAvatar/outputs/output_wilor/Frisch/smplifyx/meshes/low_151.obj,/home/haipd/DexAvatar/data/smplx_gt/Frisch/00302.obj
Frisch,low_153,49.671445,17.486468,20.978175,22.075668,12.331161,12.591234,/home/haipd/DexAvatar/outputs/output_wilor/Frisch/smplifyx/meshes/low_153.obj,/home/haipd/DexAvatar/data/smplx_gt/Frisch/00306.obj
Frisch,low_155,44.940412,15.933743,15.915405,20.374469,13.072697,11.697523,/home/haipd/DexAvatar/outputs/output_wilor/Frisch/smplifyx/meshes/low_155.obj,/home/haipd/DexAvatar/data/smplx_gt/Frisch/00310.obj
Frisch,low_157,55.034161,16.288668,15.154703,30.909661,13.255482,11.692666,/home/haipd/DexAvatar/outputs/output_wilor/Frisch/smplifyx/meshes/low_157.obj,/home/haipd/DexAvatar/data/smplx_gt/Frisch/00314.obj
Frisch,low_159,53.474002,16.841879,13.261028,32.313127,13.528531,11.035959,/home/haipd/DexAvatar/outputs/output_wilor/Frisch/smplifyx/meshes/low_159.obj,/home/haipd/DexAvatar/data/smplx_gt/Frisch/00318.obj
Frisch,low_161,50.860848,16.218770,13.218775,31.001797,13.494826,11.040259,/home/haipd/DexAvatar/outputs/output_wilor/Frisch/smplifyx/meshes/low_161.obj,/home/haipd/DexAvatar/data/smplx_gt/Frisch/00322.obj
Frisch,low_163,50.294273,15.874794,14.534255,31.820614,12.544667,12.048018,/home/haipd/DexAvatar/outputs/output_wilor/Frisch/smplifyx/meshes/low_163.obj,/home/haipd/DexAvatar/data/smplx_gt/Frisch/00326.obj
Frisch,low_165,50.857231,16.457094,13.806080,31.230733,12.669121,11.358204,/home/haipd/DexAvatar/outputs/output_wilor/Frisch/smplifyx/meshes/low_165.obj,/home/haipd/DexAvatar/data/smplx_gt/Frisch/00330.obj
Frisch,low_167,57.262152,15.608432,13.821854,35.146780,11.536865,11.589775,/home/haipd/DexAvatar/outputs/output_wilor/Frisch/smplifyx/meshes/low_167.obj,/home/haipd/DexAvatar/data/smplx_gt/Frisch/00334.obj
Frisch,low_169,58.244698,14.581907,13.190310,36.229461,11.158560,11.565371,/home/haipd/DexAvatar/outputs/output_wilor/Frisch/smplifyx/meshes/low_169.obj,/home/haipd/DexAvatar/data/smplx_gt/Frisch/00338.obj
Frisch,low_171,54.300044,15.220593,12.987976,35.025839,10.985814,11.374434,/home/haipd/DexAvatar/outputs/output_wilor/Frisch/smplifyx/meshes/low_171.obj,/home/haipd/DexAvatar/data/smplx_gt/Frisch/00342.obj
Frisch,low_173,62.768474,14.270663,12.846934,39.040420,10.808346,11.318718,/home/haipd/DexAvatar/outputs/output_wilor/Frisch/smplifyx/meshes/low_173.obj,/home/haipd/DexAvatar/data/smplx_gt/Frisch/00346.obj
Frisch,low_175,58.138140,15.086275,12.752830,37.098058,11.007912,11.189482,/home/haipd/DexAvatar/outputs/output_wilor/Frisch/smplifyx/meshes/low_175.obj,/home/haipd/DexAvatar/data/smplx_gt/Frisch/00350.obj
Frisch,low_177,47.203701,14.064054,12.467287,30.899700,10.555982,11.144364,/home/haipd/DexAvatar/outputs/output_wilor/Frisch/smplifyx/meshes/low_177.obj,/home/haipd/DexAvatar/data/smplx_gt/Frisch/00354.obj
Frisch,low_179,61.106373,14.304956,12.509430,37.890691,10.627920,11.031795,/home/haipd/DexAvatar/outputs/output_wilor/Frisch/smplifyx/meshes/low_179.obj,/home/haipd/DexAvatar/data/smplx_gt/Frisch/00358.obj
Frisch,low_181,52.427709,14.628965,12.728781,33.653442,10.995482,11.417518,/home/haipd/DexAvatar/outputs/output_wilor/Frisch/smplifyx/meshes/low_181.obj,/home/haipd/DexAvatar/data/smplx_gt/Frisch/00362.obj
AusgebenGeldVerschwenden,low_124,45.833725,19.230790,32.760561,21.472286,14.582689,12.382044,/home/haipd/DexAvatar/outputs/output_wilor/AusgebenGeldVerschwenden/smplifyx/meshes/low_124.obj,/home/haipd/DexAvatar/data/smplx_gt/AusgebenGeldVerschwenden/00248.obj
AusgebenGeldVerschwenden,low_126,48.549041,16.892156,31.241829,23.072151,13.276875,13.296229,/home/haipd/DexAvatar/outputs/output_wilor/AusgebenGeldVerschwenden/smplifyx/meshes/low_126.obj,/home/haipd/DexAvatar/data/smplx_gt/AusgebenGeldVerschwenden/00252.obj
AusgebenGeldVerschwenden,low_128,47.449391,22.320973,26.518553,21.515222,16.102519,11.623828,/home/haipd/DexAvatar/outputs/output_wilor/AusgebenGeldVerschwenden/smplifyx/meshes/low_128.obj,/home/haipd/DexAvatar/data/smplx_gt/AusgebenGeldVerschwenden/00256.obj
AusgebenGeldVerschwenden,low_130,44.466887,19.682391,27.425030,19.402953,14.449218,11.835576,/home/haipd/DexAvatar/outputs/output_wilor/AusgebenGeldVerschwenden/smplifyx/meshes/low_130.obj,/home/haipd/DexAvatar/data/smplx_gt/AusgebenGeldVerschwenden/00260.obj
AusgebenGeldVerschwenden,low_132,46.866264,17.923594,27.413581,21.421973,13.073745,11.781194,/home/haipd/DexAvatar/outputs/output_wilor/AusgebenGeldVerschwenden/smplifyx/meshes/low_132.obj,/home/haipd/DexAvatar/data/smplx_gt/AusgebenGeldVerschwenden/00264.obj
AusgebenGeldVerschwenden,low_134,43.516308,17.446218,26.791617,20.929806,12.498434,11.590613,/home/haipd/DexAvatar/outputs/output_wilor/AusgebenGeldVerschwenden/smplifyx/meshes/low_134.obj,/home/haipd/DexAvatar/data/smplx_gt/AusgebenGeldVerschwenden/00268.obj
AusgebenGeldVerschwenden,low_136,44.446170,20.248601,31.504713,21.714341,12.609331,13.343846,/home/haipd/DexAvatar/outputs/output_wilor/AusgebenGeldVerschwenden/smplifyx/meshes/low_136.obj,/home/haipd/DexAvatar/data/smplx_gt/AusgebenGeldVerschwenden/00272.obj
AusgebenGeldVerschwenden,low_138,41.735299,21.521818,32.616470,19.670827,13.159378,12.855370,/home/haipd/DexAvatar/outputs/output_wilor/AusgebenGeldVerschwenden/smplifyx/meshes/low_138.obj,/home/haipd/DexAvatar/data/smplx_gt/AusgebenGeldVerschwenden/00276.obj
AusgebenGeldVerschwenden,low_140,44.042297,24.414970,35.578929,20.415276,13.419634,14.341850,/home/haipd/DexAvatar/outputs/output_wilor/AusgebenGeldVerschwenden/smplifyx/meshes/low_140.obj,/home/haipd/DexAvatar/data/smplx_gt/AusgebenGeldVerschwenden/00280.obj
AusgebenGeldVerschwenden,low_142,43.347992,24.230028,36.368754,19.953275,13.119207,15.340939,/home/haipd/DexAvatar/outputs/output_wilor/AusgebenGeldVerschwenden/smplifyx/meshes/low_142.obj,/home/haipd/DexAvatar/data/smplx_gt/AusgebenGeldVerschwenden/00284.obj
AusgebenGeldVerschwenden,low_144,43.704364,23.287704,36.413848,20.714244,13.459220,15.536354,/home/haipd/DexAvatar/outputs/output_wilor/AusgebenGeldVerschwenden/smplifyx/meshes/low_144.obj,/home/haipd/DexAvatar/data/smplx_gt/AusgebenGeldVerschwenden/00288.obj
AusgebenGeldVerschwenden,low_146,43.206900,20.766173,37.605226,19.733019,14.016285,15.536450,/home/haipd/DexAvatar/outputs/output_wilor/AusgebenGeldVerschwenden/smplifyx/meshes/low_146.obj,/home/haipd/DexAvatar/data/smplx_gt/AusgebenGeldVerschwenden/00292.obj
AusgebenGeldVerschwenden,low_148,44.852976,19.192724,38.855188,21.583002,13.894293,15.597150,/home/haipd/DexAvatar/outputs/output_wilor/AusgebenGeldVerschwenden/smplifyx/meshes/low_148.obj,/home/haipd/DexAvatar/data/smplx_gt/AusgebenGeldVerschwenden/00296.obj
AusgebenGeldVerschwenden,low_150,45.813560,21.280011,35.953060,22.121977,15.550969,15.369436,/home/haipd/DexAvatar/outputs/output_wilor/AusgebenGeldVerschwenden/smplifyx/meshes/low_150.obj,/home/haipd/DexAvatar/data/smplx_gt/AusgebenGeldVerschwenden/00300.obj
BesuchenEinmischen,low_176,43.785114,31.741980,14.374144,20.370992,19.770579,9.336305,/home/haipd/DexAvatar/outputs/output_wilor/BesuchenEinmischen/smplifyx/meshes/low_176.obj,/home/haipd/DexAvatar/data/smplx_gt/BesuchenEinmischen/00352.obj
BesuchenEinmischen,low_178,43.534279,37.864674,15.530917,19.974176,21.317910,9.407745,/home/haipd/DexAvatar/outputs/output_wilor/BesuchenEinmischen/smplifyx/meshes/low_178.obj,/home/haipd/DexAvatar/data/smplx_gt/BesuchenEinmischen/00356.obj
BesuchenEinmischen,low_180,45.293119,29.631196,15.135899,20.322006,16.146317,8.933151,/home/haipd/DexAvatar/outputs/output_wilor/BesuchenEinmischen/smplifyx/meshes/low_180.obj,/home/haipd/DexAvatar/data/smplx_gt/BesuchenEinmischen/00360.obj
BesuchenEinmischen,low_182,46.193551,27.413258,17.372558,20.228945,15.716465,10.157122,/home/haipd/DexAvatar/outputs/output_wilor/BesuchenEinmischen/smplifyx/meshes/low_182.obj,/home/haipd/DexAvatar/data/smplx_gt/BesuchenEinmischen/00364.obj
BesuchenEinmischen,low_184,48.198584,18.246524,16.910100,20.086078,12.516054,11.055804,/home/haipd/DexAvatar/outputs/output_wilor/BesuchenEinmischen/smplifyx/meshes/low_184.obj,/home/haipd/DexAvatar/data/smplx_gt/BesuchenEinmischen/00368.obj
BesuchenEinmischen,low_186,46.977468,20.111110,17.580347,19.613458,14.723501,11.472922,/home/haipd/DexAvatar/outputs/output_wilor/BesuchenEinmischen/smplifyx/meshes/low_186.obj,/home/haipd/DexAvatar/data/smplx_gt/BesuchenEinmischen/00372.obj
BesuchenEinmischen,low_188,46.796598,26.956566,22.770457,21.001298,15.339695,12.636760,/home/haipd/DexAvatar/outputs/output_wilor/BesuchenEinmischen/smplifyx/meshes/low_188.obj,/home/haipd/DexAvatar/data/smplx_gt/BesuchenEinmischen/00376.obj
BesuchenEinmischen,low_190,47.160186,29.017836,23.098610,22.040727,16.357118,13.514682,/home/haipd/DexAvatar/outputs/output_wilor/BesuchenEinmischen/smplifyx/meshes/low_190.obj,/home/haipd/DexAvatar/data/smplx_gt/BesuchenEinmischen/00380.obj
BesuchenEinmischen,low_192,47.858965,28.648188,26.341300,22.002922,16.692320,14.740349,/home/haipd/DexAvatar/outputs/output_wilor/BesuchenEinmischen/smplifyx/meshes/low_192.obj,/home/haipd/DexAvatar/data/smplx_gt/BesuchenEinmischen/00384.obj
BesuchenEinmischen,low_194,46.651766,29.097516,28.159680,21.564895,16.432649,15.578716,/home/haipd/DexAvatar/outputs/output_wilor/BesuchenEinmischen/smplifyx/meshes/low_194.obj,/home/haipd/DexAvatar/data/smplx_gt/BesuchenEinmischen/00388.obj
BesuchenEinmischen,low_196,45.207996,28.493909,29.065875,21.160543,16.787989,16.224386,/home/haipd/DexAvatar/outputs/output_wilor/BesuchenEinmischen/smplifyx/meshes/low_196.obj,/home/haipd/DexAvatar/data/smplx_gt/BesuchenEinmischen/00392.obj
BesuchenEinmischen,low_198,45.465022,32.029700,29.554835,21.854177,17.517984,16.706863,/home/haipd/DexAvatar/outputs/output_wilor/BesuchenEinmischen/smplifyx/meshes/low_198.obj,/home/haipd/DexAvatar/data/smplx_gt/BesuchenEinmischen/00396.obj
BesuchenEinmischen,low_200,58.294576,30.865196,30.310456,25.756372,16.527932,16.857877,/home/haipd/DexAvatar/outputs/output_wilor/BesuchenEinmischen/smplifyx/meshes/low_200.obj,/home/haipd/DexAvatar/data/smplx_gt/BesuchenEinmischen/00400.obj
BesuchenEinmischen,low_202,50.453395,29.420407,30.137109,23.138870,16.222281,16.533984,/home/haipd/DexAvatar/outputs/output_wilor/BesuchenEinmischen/smplifyx/meshes/low_202.obj,/home/haipd/DexAvatar/data/smplx_gt/BesuchenEinmischen/00404.obj
Entschuldigung,low_133,48.661180,32.428768,24.699617,20.782799,16.202327,15.805244,/home/haipd/DexAvatar/outputs/output_wilor/Entschuldigung/smplifyx/meshes/low_133.obj,/home/haipd/DexAvatar/data/smplx_gt/Entschuldigung/00266.obj
Entschuldigung,low_135,52.147496,33.608578,22.259383,20.599678,17.404009,14.406147,/home/haipd/DexAvatar/outputs/output_wilor/Entschuldigung/smplifyx/meshes/low_135.obj,/home/haipd/DexAvatar/data/smplx_gt/Entschuldigung/00270.obj
Entschuldigung,low_137,52.524079,33.179823,24.986262,23.513904,17.702620,15.441028,/home/haipd/DexAvatar/outputs/output_wilor/Entschuldigung/smplifyx/meshes/low_137.obj,/home/haipd/DexAvatar/data/smplx_gt/Entschuldigung/00274.obj
Entschuldigung,low_139,45.792386,29.094413,21.815706,19.756276,16.288979,14.080849,/home/haipd/DexAvatar/outputs/output_wilor/Entschuldigung/smplifyx/meshes/low_139.obj,/home/haipd/DexAvatar/data/smplx_gt/Entschuldigung/00278.obj
Entschuldigung,low_141,44.765119,33.661865,25.135299,19.089216,18.490661,15.802817,/home/haipd/DexAvatar/outputs/output_wilor/Entschuldigung/smplifyx/meshes/low_141.obj,/home/haipd/DexAvatar/data/smplx_gt/Entschuldigung/00282.obj
Entschuldigung,low_143,44.900283,43.176480,28.647859,20.047851,22.922592,17.664606,/home/haipd/DexAvatar/outputs/output_wilor/Entschuldigung/smplifyx/meshes/low_143.obj,/home/haipd/DexAvatar/data/smplx_gt/Entschuldigung/00286.obj
Entschuldigung,low_145,44.064466,43.285351,27.817762,18.920774,22.597931,16.914820,/home/haipd/DexAvatar/outputs/output_wilor/Entschuldigung/smplifyx/meshes/low_145.obj,/home/haipd/DexAvatar/data/smplx_gt/Entschuldigung/00290.obj
Entschuldigung,low_147,45.230221,37.872024,23.941049,19.823227,20.495025,14.856435,/home/haipd/DexAvatar/outputs/output_wilor/Entschuldigung/smplifyx/meshes/low_147.obj,/home/haipd/DexAvatar/data/smplx_gt/Entschuldigung/00294.obj
Entschuldigung,low_149,43.765772,29.762173,25.940999,20.369928,15.344924,16.340028,/home/haipd/DexAvatar/outputs/output_wilor/Entschuldigung/smplifyx/meshes/low_149.obj,/home/haipd/DexAvatar/data/smplx_gt/Entschuldigung/00298.obj
Entschuldigung,low_151,47.803320,26.841531,25.888760,20.404214,13.678470,16.417624,/home/haipd/DexAvatar/outputs/output_wilor/Entschuldigung/smplifyx/meshes/low_151.obj,/home/haipd/DexAvatar/data/smplx_gt/Entschuldigung/00302.obj
Entschuldigung,low_153,44.125315,23.445999,23.547139,20.172391,11.046755,14.576637,/home/haipd/DexAvatar/outputs/output_wilor/Entschuldigung/smplifyx/meshes/low_153.obj,/home/haipd/DexAvatar/data/smplx_gt/Entschuldigung/00306.obj
Entschuldigung,low_155,46.263091,24.148710,25.224581,21.001795,11.755793,15.908081,/home/haipd/DexAvatar/outputs/output_wilor/Entschuldigung/smplifyx/meshes/low_155.obj,/home/haipd/DexAvatar/data/smplx_gt/Entschuldigung/00310.obj
Entschuldigung,low_157,42.057842,32.293268,25.446288,20.188568,17.449692,16.266234,/home/haipd/DexAvatar/outputs/output_wilor/Entschuldigung/smplifyx/meshes/low_157.obj,/home/haipd/DexAvatar/data/smplx_gt/Entschuldigung/00314.obj
Entschuldigung,low_159,41.029729,29.878002,25.859781,20.001223,16.601047,16.531557,/home/haipd/DexAvatar/outputs/output_wilor/Entschuldigung/smplifyx/meshes/low_159.obj,/home/haipd/DexAvatar/data/smplx_gt/Entschuldigung/00318.obj
Entschuldigung,low_161,42.335652,26.784372,26.309675,20.484092,12.846853,16.306162,/home/haipd/DexAvatar/outputs/output_wilor/Entschuldigung/smplifyx/meshes/low_161.obj,/home/haipd/DexAvatar/data/smplx_gt/Entschuldigung/00322.obj
Entschuldigung,low_163,47.963150,28.255915,25.354639,20.073114,14.072526,16.026350,/home/haipd/DexAvatar/outputs/output_wilor/Entschuldigung/smplifyx/meshes/low_163.obj,/home/haipd/DexAvatar/data/smplx_gt/Entschuldigung/00326.obj
Entschuldigung,low_165,48.503507,29.104302,25.034074,20.411257,15.334068,16.066769,/home/haipd/DexAvatar/outputs/output_wilor/Entschuldigung/smplifyx/meshes/low_165.obj,/home/haipd/DexAvatar/data/smplx_gt/Entschuldigung/00330.obj
Entschuldigung,low_167,44.256262,34.364782,27.259387,20.483699,18.637836,16.754728,/home/haipd/DexAvatar/outputs/output_wilor/Entschuldigung/smplifyx/meshes/low_167.obj,/home/haipd/DexAvatar/data/smplx_gt/Entschuldigung/00334.obj
Entschuldigung,low_169,43.455832,26.102748,27.586855,19.510981,13.061560,17.109735,/home/haipd/DexAvatar/outputs/output_wilor/Entschuldigung/smplifyx/meshes/low_169.obj,/home/haipd/DexAvatar/data/smplx_gt/Entschuldigung/00338.obj
Entschuldigung,low_171,42.769305,23.228236,25.585547,19.142061,11.074939,16.220307,/home/haipd/DexAvatar/outputs/output_wilor/Entschuldigung/smplifyx/meshes/low_171.obj,/home/haipd/DexAvatar/data/smplx_gt/Entschuldigung/00342.obj
Entschuldigung,low_173,40.956743,23.388078,24.797175,19.002950,10.893410,15.875550,/home/haipd/DexAvatar/outputs/output_wilor/Entschuldigung/smplifyx/meshes/low_173.obj,/home/haipd/DexAvatar/data/smplx_gt/Entschuldigung/00346.obj
Entschuldigung,low_175,39.644852,21.938885,25.865428,19.040061,10.159883,16.177157,/home/haipd/DexAvatar/outputs/output_wilor/Entschuldigung/smplifyx/meshes/low_175.obj,/home/haipd/DexAvatar/data/smplx_gt/Entschuldigung/00350.obj
Entschuldigung,low_177,40.636577,22.982594,26.675109,20.127742,10.936359,16.728606,/home/haipd/DexAvatar/outputs/output_wilor/Entschuldigung/smplifyx/meshes/low_177.obj,/home/haipd/DexAvatar/data/smplx_gt/Entschuldigung/00354.obj
Entschuldigung,low_179,45.295212,23.343632,25.402036,21.004135,11.324655,15.674796,/home/haipd/DexAvatar/outputs/output_wilor/Entschuldigung/smplifyx/meshes/low_179.obj,/home/haipd/DexAvatar/data/smplx_gt/Entschuldigung/00358.obj
Entschuldigung,low_181,48.749968,25.663305,25.486099,20.219110,12.793634,15.536587,/home/haipd/DexAvatar/outputs/output_wilor/Entschuldigung/smplifyx/meshes/low_181.obj,/home/haipd/DexAvatar/data/smplx_gt/Entschuldigung/00362.obj
Glas,low_106,45.902751,21.240484,17.808439,18.515697,13.614243,11.599765,/home/haipd/DexAvatar/outputs/output_wilor/Glas/smplifyx/meshes/low_106.obj,/home/haipd/DexAvatar/data/smplx_gt/Glas/00212.obj
Glas,low_108,47.645342,19.643653,15.996445,23.515785,13.347777,10.496746,/home/haipd/DexAvatar/outputs/output_wilor/Glas/smplifyx/meshes/low_108.obj,/home/haipd/DexAvatar/data/smplx_gt/Glas/00216.obj
Glas,low_110,48.691873,21.635642,16.597038,23.863023,13.540898,11.040640,/home/haipd/DexAvatar/outputs/output_wilor/Glas/smplifyx/meshes/low_110.obj,/home/haipd/DexAvatar/data/smplx_gt/Glas/00220.obj
Glas,low_112,46.646036,15.984967,17.218685,22.700846,9.911359,10.955432,/home/haipd/DexAvatar/outputs/output_wilor/Glas/smplifyx/meshes/low_112.obj,/home/haipd/DexAvatar/data/smplx_gt/Glas/00224.obj
Glas,low_114,43.426074,21.878911,21.524454,20.351486,12.415510,13.702428,/home/haipd/DexAvatar/outputs/output_wilor/Glas/smplifyx/meshes/low_114.obj,/home/haipd/DexAvatar/data/smplx_gt/Glas/00228.obj
Glas,low_116,46.064679,20.394975,18.706964,23.456344,12.399505,14.193496,/home/haipd/DexAvatar/outputs/output_wilor/Glas/smplifyx/meshes/low_116.obj,/home/haipd/DexAvatar/data/smplx_gt/Glas/00232.obj
IdiomPffIgnorieren,low_124,43.960303,22.921763,18.985527,20.796793,12.733176,13.764210,/home/haipd/DexAvatar/outputs/output_wilor/IdiomPffIgnorieren/smplifyx/meshes/low_124.obj,/home/haipd/DexAvatar/data/smplx_gt/IdiomPffIgnorieren/00248.obj
IdiomPffIgnorieren,low_126,47.204856,14.380173,16.855925,19.143716,10.378803,13.496986,/home/haipd/DexAvatar/outputs/output_wilor/IdiomPffIgnorieren/smplifyx/meshes/low_126.obj,/home/haipd/DexAvatar/data/smplx_gt/IdiomPffIgnorieren/00252.obj
IdiomPffIgnorieren,low_128,44.553496,11.082349,18.759381,19.833196,11.082338,13.275600,/home/haipd/DexAvatar/outputs/output_wilor/IdiomPffIgnorieren/smplifyx/meshes/low_128.obj,/home/haipd/DexAvatar/data/smplx_gt/IdiomPffIgnorieren/00256.obj
IdiomPffIgnorieren,low_130,44.591803,12.890057,25.742484,20.413298,11.705847,13.581288,/home/haipd/DexAvatar/outputs/output_wilor/IdiomPffIgnorieren/smplifyx/meshes/low_130.obj,/home/haipd/DexAvatar/data/smplx_gt/IdiomPffIgnorieren/00260.obj
IdiomPffIgnorieren,low_132,45.469642,16.246166,23.608087,19.904803,14.291762,13.797871,/home/haipd/DexAvatar/outputs/output_wilor/IdiomPffIgnorieren/smplifyx/meshes/low_132.obj,/home/haipd/DexAvatar/data/smplx_gt/IdiomPffIgnorieren/00264.obj
IdiomPffIgnorieren,low_134,45.654986,16.520517,22.078868,18.907642,13.882043,12.147403,/home/haipd/DexAvatar/outputs/output_wilor/IdiomPffIgnorieren/smplifyx/meshes/low_134.obj,/home/haipd/DexAvatar/data/smplx_gt/IdiomPffIgnorieren/00268.obj
IdiomPffIgnorieren,low_136,47.661342,15.969506,23.463480,20.365600,13.782687,12.774177,/home/haipd/DexAvatar/outputs/output_wilor/IdiomPffIgnorieren/smplifyx/meshes/low_136.obj,/home/haipd/DexAvatar/data/smplx_gt/IdiomPffIgnorieren/00272.obj
IdiomPffIgnorieren,low_138,47.739822,15.782820,22.605985,20.106766,13.495528,13.340287,/home/haipd/DexAvatar/outputs/output_wilor/IdiomPffIgnorieren/smplifyx/meshes/low_138.obj,/home/haipd/DexAvatar/data/smplx_gt/IdiomPffIgnorieren/00276.obj
IdiomPffIgnorieren,low_140,42.975012,16.191445,24.813341,20.623490,13.893003,13.761345,/home/haipd/DexAvatar/outputs/output_wilor/IdiomPffIgnorieren/smplifyx/meshes/low_140.obj,/home/haipd/DexAvatar/data/smplx_gt/IdiomPffIgnorieren/00280.obj
IdiomPffIgnorieren,low_142,42.978168,16.788535,25.984164,19.562945,14.399680,15.061826,/home/haipd/DexAvatar/outputs/output_wilor/IdiomPffIgnorieren/smplifyx/meshes/low_142.obj,/home/haipd/DexAvatar/data/smplx_gt/IdiomPffIgnorieren/00284.obj
IdiomPffIgnorieren,low_144,42.749245,16.483724,25.817785,18.927829,14.280533,15.788389,/home/haipd/DexAvatar/outputs/output_wilor/IdiomPffIgnorieren/smplifyx/meshes/low_144.obj,/home/haipd/DexAvatar/data/smplx_gt/IdiomPffIgnorieren/00288.obj
IdiomPffIgnorieren,low_146,44.876494,15.038513,27.009221,19.780550,13.405995,15.723901,/home/haipd/DexAvatar/outputs/output_wilor/IdiomPffIgnorieren/smplifyx/meshes/low_146.obj,/home/haipd/DexAvatar/data/smplx_gt/IdiomPffIgnorieren/00292.obj
IdiomPffIgnorieren,low_148,44.785231,14.824557,23.317777,18.709682,13.739903,13.557574,/home/haipd/DexAvatar/outputs/output_wilor/IdiomPffIgnorieren/smplifyx/meshes/low_148.obj,/home/haipd/DexAvatar/data/smplx_gt/IdiomPffIgnorieren/00296.obj
Naehen,low_119,43.746170,26.415076,20.199345,21.152988,17.376285,12.642322,/home/haipd/DexAvatar/outputs/output_wilor/Naehen/smplifyx/meshes/low_119.obj,/home/haipd/DexAvatar/data/smplx_gt/Naehen/00238.obj
Naehen,low_121,42.863052,24.852125,20.792479,19.950997,16.779667,12.991134,/home/haipd/DexAvatar/outputs/output_wilor/Naehen/smplifyx/meshes/low_121.obj,/home/haipd/DexAvatar/data/smplx_gt/Naehen/00242.obj
Naehen,low_123,42.910419,25.178244,18.597037,19.790720,16.699612,12.766082,/home/haipd/DexAvatar/outputs/output_wilor/Naehen/smplifyx/meshes/low_123.obj,/home/haipd/DexAvatar/data/smplx_gt/Naehen/00246.obj
Naehen,low_125,42.384937,24.381204,19.214788,21.725619,16.130179,13.248602,/home/haipd/DexAvatar/outputs/output_wilor/Naehen/smplifyx/meshes/low_125.obj,/home/haipd/DexAvatar/data/smplx_gt/Naehen/00250.obj
Naehen,low_127,45.007981,24.361631,17.022833,22.300433,16.611349,13.975385,/home/haipd/DexAvatar/outputs/output_wilor/Naehen/smplifyx/meshes/low_127.obj,/home/haipd/DexAvatar/data/smplx_gt/Naehen/00254.obj
Naehen,low_129,42.508643,23.121785,16.512675,20.999951,15.671179,13.462314,/home/haipd/DexAvatar/outputs/output_wilor/Naehen/smplifyx/meshes/low_129.obj,/home/haipd/DexAvatar/data/smplx_gt/Naehen/00258.obj
Naehen,low_131,41.383915,23.348438,14.092353,21.338429,15.397148,10.537929,/home/haipd/DexAvatar/outputs/output_wilor/Naehen/smplifyx/meshes/low_131.obj,/home/haipd/DexAvatar/data/smplx_gt/Naehen/00262.obj
Naehen,low_133,40.828887,24.063822,10.991987,22.564180,15.913766,8.985654,/home/haipd/DexAvatar/outputs/output_wilor/Naehen/smplifyx/meshes/low_133.obj,/home/haipd/DexAvatar/data/smplx_gt/Naehen/00266.obj
Naehen,low_135,42.031497,24.325781,11.402685,23.543829,16.046340,9.726487,/home/haipd/DexAvatar/outputs/output_wilor/Naehen/smplifyx/meshes/low_135.obj,/home/haipd/DexAvatar/data/smplx_gt/Naehen/00270.obj
Naehen,low_137,52.146103,23.984415,11.190513,28.080776,16.525805,8.607466,/home/haipd/DexAvatar/outputs/output_wilor/Naehen/smplifyx/meshes/low_137.obj,/home/haipd/DexAvatar/data/smplx_gt/Naehen/00274.obj
Naehen,low_139,42.663548,24.421472,16.040044,23.614317,16.209174,9.284232,/home/haipd/DexAvatar/outputs/output_wilor/Naehen/smplifyx/meshes/low_139.obj,/home/haipd/DexAvatar/data/smplx_gt/Naehen/00278.obj
Naehen,low_141,51.546544,25.022335,19.225899,27.172375,17.032063,10.452054,/home/haipd/DexAvatar/outputs/output_wilor/Naehen/smplifyx/meshes/low_141.obj,/home/haipd/DexAvatar/data/smplx_gt/Naehen/00282.obj
Naehen,low_143,42.637073,24.643216,19.600570,22.836417,16.974570,11.469178,/home/haipd/DexAvatar/outputs/output_wilor/Naehen/smplifyx/meshes/low_143.obj,/home/haipd/DexAvatar/data/smplx_gt/Naehen/00286.obj
Naehen,low_145,49.059462,26.293185,21.205978,23.445878,18.108130,12.035501,/home/haipd/DexAvatar/outputs/output_wilor/Naehen/smplifyx/meshes/low_145.obj,/home/haipd/DexAvatar/data/smplx_gt/Naehen/00290.obj
Naehen,low_147,45.150481,25.381546,22.867907,24.418315,17.472750,12.162011,/home/haipd/DexAvatar/outputs/output_wilor/Naehen/smplifyx/meshes/low_147.obj,/home/haipd/DexAvatar/data/smplx_gt/Naehen/00294.obj
Naehen,low_149,41.758928,23.218347,19.780086,20.718884,16.551482,11.908321,/home/haipd/DexAvatar/outputs/output_wilor/Naehen/smplifyx/meshes/low_149.obj,/home/haipd/DexAvatar/data/smplx_gt/Naehen/00298.obj
Naehen,low_151,46.827547,24.246311,18.650234,23.137460,16.918745,12.221073,/home/haipd/DexAvatar/outputs/output_wilor/Naehen/smplifyx/meshes/low_151.obj,/home/haipd/DexAvatar/data/smplx_gt/Naehen/00302.obj
Naehen,low_153,43.427110,23.489803,16.545521,21.706190,16.211113,12.360828,/home/haipd/DexAvatar/outputs/output_wilor/Naehen/smplifyx/meshes/low_153.obj,/home/haipd/DexAvatar/data/smplx_gt/Naehen/00306.obj
Naehen,low_155,46.476204,22.867097,15.454421,22.272523,16.335243,11.340480,/home/haipd/DexAvatar/outputs/output_wilor/Naehen/smplifyx/meshes/low_155.obj,/home/haipd/DexAvatar/data/smplx_gt/Naehen/00310.obj
Naehen,low_157,43.321148,23.695022,15.907357,21.417610,16.417364,11.419345,/home/haipd/DexAvatar/outputs/output_wilor/Naehen/smplifyx/meshes/low_157.obj,/home/haipd/DexAvatar/data/smplx_gt/Naehen/00314.obj
Naehen,low_159,41.158132,25.876207,12.659478,21.068132,17.608123,10.856099,/home/haipd/DexAvatar/outputs/output_wilor/Naehen/smplifyx/meshes/low_159.obj,/home/haipd/DexAvatar/data/smplx_gt/Naehen/00318.obj
Naehen,low_161,40.735915,25.806177,11.590167,22.002192,17.399775,9.827897,/home/haipd/DexAvatar/outputs/output_wilor/Naehen/smplifyx/meshes/low_161.obj,/home/haipd/DexAvatar/data/smplx_gt/Naehen/00322.obj
Naehen,low_163,45.955449,25.229404,12.400858,24.816899,17.376143,10.546098,/home/haipd/DexAvatar/outputs/output_wilor/Naehen/smplifyx/meshes/low_163.obj,/home/haipd/DexAvatar/data/smplx_gt/Naehen/00326.obj
Naehen,low_165,44.284835,24.291843,11.519665,23.287347,16.830454,8.707276,/home/haipd/DexAvatar/outputs/output_wilor/Naehen/smplifyx/meshes/low_165.obj,/home/haipd/DexAvatar/data/smplx_gt/Naehen/00330.obj
Naehen,low_167,46.009544,24.489556,18.323151,22.824623,17.335845,10.424235,/home/haipd/DexAvatar/outputs/output_wilor/Naehen/smplifyx/meshes/low_167.obj,/home/haipd/DexAvatar/data/smplx_gt/Naehen/00334.obj
Naehen,low_169,44.744201,24.267098,18.683044,23.599884,17.197104,9.954241,/home/haipd/DexAvatar/outputs/output_wilor/Naehen/smplifyx/meshes/low_169.obj,/home/haipd/DexAvatar/data/smplx_gt/Naehen/00338.obj
Naehen,low_171,44.602510,23.340834,23.195876,23.709890,16.571632,12.363968,/home/haipd/DexAvatar/outputs/output_wilor/Naehen/smplifyx/meshes/low_171.obj,/home/haipd/DexAvatar/data/smplx_gt/Naehen/00342.obj
Naehen,low_173,40.631376,23.515465,22.938171,22.347594,16.438620,12.244246,/home/haipd/DexAvatar/outputs/output_wilor/Naehen/smplifyx/meshes/low_173.obj,/home/haipd/DexAvatar/data/smplx_gt/Naehen/00346.obj
Naehen,low_175,42.423390,25.192492,22.439381,21.947693,18.113932,12.836907,/home/haipd/DexAvatar/outputs/output_wilor/Naehen/smplifyx/meshes/low_175.obj,/home/haipd/DexAvatar/data/smplx_gt/Naehen/00350.obj
Naehen,low_177,43.183245,24.598839,21.041270,20.659337,17.490659,11.943141,/home/haipd/DexAvatar/outputs/output_wilor/Naehen/smplifyx/meshes/low_177.obj,/home/haipd/DexAvatar/data/smplx_gt/Naehen/00354.obj
Naehen,low_179,40.867373,24.454892,19.100348,19.841097,17.392054,11.815322,/home/haipd/DexAvatar/outputs/output_wilor/Naehen/smplifyx/meshes/low_179.obj,/home/haipd/DexAvatar/data/smplx_gt/Naehen/00358.obj
Naehen,low_181,41.749209,25.493430,20.086128,20.365655,18.786531,12.973065,/home/haipd/DexAvatar/outputs/output_wilor/Naehen/smplifyx/meshes/low_181.obj,/home/haipd/DexAvatar/data/smplx_gt/Naehen/00362.obj
Naehen,low_183,41.898910,24.774546,15.880093,20.275256,18.114151,10.181356,/home/haipd/DexAvatar/outputs/output_wilor/Naehen/smplifyx/meshes/low_183.obj,/home/haipd/DexAvatar/data/smplx_gt/Naehen/00366.obj
Naehen,low_185,42.625550,23.661952,14.979681,23.013540,17.596262,9.932667,/home/haipd/DexAvatar/outputs/output_wilor/Naehen/smplifyx/meshes/low_185.obj,/home/haipd/DexAvatar/data/smplx_gt/Naehen/00370.obj
Naehen,low_187,42.248998,23.362100,14.193557,22.637768,17.376836,9.417549,/home/haipd/DexAvatar/outputs/output_wilor/Naehen/smplifyx/meshes/low_187.obj,/home/haipd/DexAvatar/data/smplx_gt/Naehen/00374.obj
reparieren,low_123,45.217119,24.967700,11.407207,21.891778,15.300251,8.568222,/home/haipd/DexAvatar/outputs/output_wilor/reparieren/smplifyx/meshes/low_123.obj,/home/haipd/DexAvatar/data/smplx_gt/reparieren/00246.obj
reparieren,low_125,42.206507,22.699844,11.090702,22.205893,14.103678,8.868888,/home/haipd/DexAvatar/outputs/output_wilor/reparieren/smplifyx/meshes/low_125.obj,/home/haipd/DexAvatar/data/smplx_gt/reparieren/00250.obj
reparieren,low_127,42.362727,23.065843,11.554169,23.305750,14.370778,9.610097,/home/haipd/DexAvatar/outputs/output_wilor/reparieren/smplifyx/meshes/low_127.obj,/home/haipd/DexAvatar/data/smplx_gt/reparieren/00254.obj
reparieren,low_129,42.534065,24.401415,10.007559,22.571143,14.411365,8.471953,/home/haipd/DexAvatar/outputs/output_wilor/reparieren/smplifyx/meshes/low_129.obj,/home/haipd/DexAvatar/data/smplx_gt/reparieren/00258.obj
reparieren,low_131,45.418870,27.018448,10.716160,23.381308,15.294748,9.115665,/home/haipd/DexAvatar/outputs/output_wilor/reparieren/smplifyx/meshes/low_131.obj,/home/haipd/DexAvatar/data/smplx_gt/reparieren/00262.obj
reparieren,low_133,47.702350,26.719134,12.612983,22.165529,15.216016,9.696405,/home/haipd/DexAvatar/outputs/output_wilor/reparieren/smplifyx/meshes/low_133.obj,/home/haipd/DexAvatar/data/smplx_gt/reparieren/00266.obj
reparieren,low_135,52.739590,26.685033,12.256577,21.749161,15.458938,9.331673,/home/haipd/DexAvatar/outputs/output_wilor/reparieren/smplifyx/meshes/low_135.obj,/home/haipd/DexAvatar/data/smplx_gt/reparieren/00270.obj
reparieren,low_137,52.963875,28.335100,14.311467,21.462630,15.575567,9.229203,/home/haipd/DexAvatar/outputs/output_wilor/reparieren/smplifyx/meshes/low_137.obj,/home/haipd/DexAvatar/data/smplx_gt/reparieren/00274.obj
reparieren,low_139,51.676519,27.465500,11.399097,21.712763,16.357327,7.381479,/home/haipd/DexAvatar/outputs/output_wilor/reparieren/smplifyx/meshes/low_139.obj,/home/haipd/DexAvatar/data/smplx_gt/reparieren/00278.obj
reparieren,low_141,44.973455,26.055746,12.643965,21.481179,15.551249,8.533470,/home/haipd/DexAvatar/outputs/output_wilor/reparieren/smplifyx/meshes/low_141.obj,/home/haipd/DexAvatar/data/smplx_gt/reparieren/00282.obj
reparieren,low_143,47.687769,26.542112,12.039883,24.002558,15.879443,9.664854,/home/haipd/DexAvatar/outputs/output_wilor/reparieren/smplifyx/meshes/low_143.obj,/home/haipd/DexAvatar/data/smplx_gt/reparieren/00286.obj
reparieren,low_145,45.161519,25.428597,11.576312,22.566095,14.854013,9.193181,/home/haipd/DexAvatar/outputs/output_wilor/reparieren/smplifyx/meshes/low_145.obj,/home/haipd/DexAvatar/data/smplx_gt/reparieren/00290.obj
reparieren,low_147,44.036075,25.214922,11.582868,23.031747,15.160511,9.724944,/home/haipd/DexAvatar/outputs/output_wilor/reparieren/smplifyx/meshes/low_147.obj,/home/haipd/DexAvatar/data/smplx_gt/reparieren/00294.obj
reparieren,low_149,47.905546,26.564898,12.970011,23.354180,15.878394,10.133003,/home/haipd/DexAvatar/outputs/output_wilor/reparieren/smplifyx/meshes/low_149.obj,/home/haipd/DexAvatar/data/smplx_gt/reparieren/00298.obj
reparieren,low_151,47.578502,26.948927,12.008563,23.492858,15.577631,9.230932,/home/haipd/DexAvatar/outputs/output_wilor/reparieren/smplifyx/meshes/low_151.obj,/home/haipd/DexAvatar/data/smplx_gt/reparieren/00302.obj
reparieren,low_153,47.805060,26.126286,13.116691,22.655653,15.153167,9.841355,/home/haipd/DexAvatar/outputs/output_wilor/reparieren/smplifyx/meshes/low_153.obj,/home/haipd/DexAvatar/data/smplx_gt/reparieren/00306.obj
reparieren,low_155,45.256343,25.997845,12.633673,20.830570,15.645562,9.756041,/home/haipd/DexAvatar/outputs/output_wilor/reparieren/smplifyx/meshes/low_155.obj,/home/haipd/DexAvatar/data/smplx_gt/reparieren/00310.obj
Waschen,low_135,52.870937,26.205730,23.587802,21.411518,16.184138,15.030428,/home/haipd/DexAvatar/outputs/output_wilor/Waschen/smplifyx/meshes/low_135.obj,/home/haipd/DexAvatar/data/smplx_gt/Waschen/00270.obj
Waschen,low_137,56.775521,28.641295,24.307868,23.273427,18.142911,14.226389,/home/haipd/DexAvatar/outputs/output_wilor/Waschen/smplifyx/meshes/low_137.obj,/home/haipd/DexAvatar/data/smplx_gt/Waschen/00274.obj
Waschen,low_139,56.017898,26.305120,22.056855,22.108344,15.703574,13.891907,/home/haipd/DexAvatar/outputs/output_wilor/Waschen/smplifyx/meshes/low_139.obj,/home/haipd/DexAvatar/data/smplx_gt/Waschen/00278.obj
Waschen,low_141,54.738041,28.048856,24.075584,22.244548,19.939592,14.420805,/home/haipd/DexAvatar/outputs/output_wilor/Waschen/smplifyx/meshes/low_141.obj,/home/haipd/DexAvatar/data/smplx_gt/Waschen/00282.obj
Waschen,low_143,55.079289,29.448209,25.056522,20.712394,21.183448,15.827965,/home/haipd/DexAvatar/outputs/output_wilor/Waschen/smplifyx/meshes/low_143.obj,/home/haipd/DexAvatar/data/smplx_gt/Waschen/00286.obj
Waschen,low_145,51.594980,26.645001,26.934182,20.214740,20.371454,17.207222,/home/haipd/DexAvatar/outputs/output_wilor/Waschen/smplifyx/meshes/low_145.obj,/home/haipd/DexAvatar/data/smplx_gt/Waschen/00290.obj
Waschen,low_147,51.478222,30.392768,21.548361,20.212278,21.724610,12.867986,/home/haipd/DexAvatar/outputs/output_wilor/Waschen/smplifyx/meshes/low_147.obj,/home/haipd/DexAvatar/data/smplx_gt/Waschen/00294.obj
Waschen,low_149,49.539369,27.466089,21.286299,20.936387,20.884367,14.669867,/home/haipd/DexAvatar/outputs/output_wilor/Waschen/smplifyx/meshes/low_149.obj,/home/haipd/DexAvatar/data/smplx_gt/Waschen/00298.obj
Waschen,low_151,52.944180,26.711391,24.313077,22.505553,20.340241,15.299728,/home/haipd/DexAvatar/outputs/output_wilor/Waschen/smplifyx/meshes/low_151.obj,/home/haipd/DexAvatar/data/smplx_gt/Waschen/00302.obj
Waschen,low_153,50.764184,27.413446,22.816461,20.793138,20.600149,15.799521,/home/haipd/DexAvatar/outputs/output_wilor/Waschen/smplifyx/meshes/low_153.obj,/home/haipd/DexAvatar/data/smplx_gt/Waschen/00306.obj
Waschen,low_155,51.396754,28.138319,21.784114,20.215403,21.302732,14.896596,/home/haipd/DexAvatar/outputs/output_wilor/Waschen/smplifyx/meshes/low_155.obj,/home/haipd/DexAvatar/data/smplx_gt/Waschen/00310.obj
Waschen,low_157,50.854240,29.758856,23.529138,20.097170,21.120740,16.175240,/home/haipd/DexAvatar/outputs/output_wilor/Waschen/smplifyx/meshes/low_157.obj,/home/haipd/DexAvatar/data/smplx_gt/Waschen/00314.obj
Waschen,low_159,54.077096,25.911840,22.198534,19.763356,20.217052,14.907911,/home/haipd/DexAvatar/outputs/output_wilor/Waschen/smplifyx/meshes/low_159.obj,/home/haipd/DexAvatar/data/smplx_gt/Waschen/00318.obj
Waschen,low_161,52.605920,27.243830,25.116723,21.254525,21.120993,16.691482,/home/haipd/DexAvatar/outputs/output_wilor/Waschen/smplifyx/meshes/low_161.obj,/home/haipd/DexAvatar/data/smplx_gt/Waschen/00322.obj
Waschen,low_163,49.876638,27.544538,24.756676,22.266718,20.607457,16.019367,/home/haipd/DexAvatar/outputs/output_wilor/Waschen/smplifyx/meshes/low_163.obj,/home/haipd/DexAvatar/data/smplx_gt/Waschen/00326.obj
Waschen,low_165,50.433617,27.935416,23.678491,20.835787,20.481940,15.272385,/home/haipd/DexAvatar/outputs/output_wilor/Waschen/smplifyx/meshes/low_165.obj,/home/haipd/DexAvatar/data/smplx_gt/Waschen/00330.obj
Waschen,low_167,48.639212,26.790967,24.079842,21.951744,20.789338,15.540095,/home/haipd/DexAvatar/outputs/output_wilor/Waschen/smplifyx/meshes/low_167.obj,/home/haipd/DexAvatar/data/smplx_gt/Waschen/00334.obj
Waschen,low_169,49.397100,26.388614,21.765249,21.023715,20.577550,14.704471,/home/haipd/DexAvatar/outputs/output_wilor/Waschen/smplifyx/meshes/low_169.obj,/home/haipd/DexAvatar/data/smplx_gt/Waschen/00338.obj
Waschen,low_171,48.435058,28.772818,24.547389,22.611016,21.351242,16.169447,/home/haipd/DexAvatar/outputs/output_wilor/Waschen/smplifyx/meshes/low_171.obj,/home/haipd/DexAvatar/data/smplx_gt/Waschen/00342.obj
Waschen,low_173,48.587218,28.511161,25.007565,22.904137,21.226374,16.587658,/home/haipd/DexAvatar/outputs/output_wilor/Waschen/smplifyx/meshes/low_173.obj,/home/haipd/DexAvatar/data/smplx_gt/Waschen/00346.obj
Waschen,low_175,49.860351,28.574629,24.731819,23.129093,21.021277,16.198998,/home/haipd/DexAvatar/outputs/output_wilor/Waschen/smplifyx/meshes/low_175.obj,/home/haipd/DexAvatar/data/smplx_gt/Waschen/00350.obj
Waschen,low_177,48.384126,28.751967,25.501879,23.269176,21.079881,15.860876,/home/haipd/DexAvatar/outputs/output_wilor/Waschen/smplifyx/meshes/low_177.obj,/home/haipd/DexAvatar/data/smplx_gt/Waschen/00354.obj
Waschen,low_179,48.658773,27.733220,24.265883,20.466624,20.244004,14.996444,/home/haipd/DexAvatar/outputs/output_wilor/Waschen/smplifyx/meshes/low_179.obj,/home/haipd/DexAvatar/data/smplx_gt/Waschen/00358.obj
Widerspruch,low_136,56.857903,35.750262,19.412419,22.732945,16.506350,12.447401,/home/haipd/DexAvatar/outputs/output_wilor/Widerspruch/smplifyx/meshes/low_136.obj,/home/haipd/DexAvatar/data/smplx_gt/Widerspruch/00272.obj
Widerspruch,low_138,50.637234,30.415492,12.761362,20.931521,15.111858,11.482170,/home/haipd/DexAvatar/outputs/output_wilor/Widerspruch/smplifyx/meshes/low_138.obj,/home/haipd/DexAvatar/data/smplx_gt/Widerspruch/00276.obj
Widerspruch,low_140,50.407574,35.514191,13.736496,22.566255,17.351422,10.009906,/home/haipd/DexAvatar/outputs/output_wilor/Widerspruch/smplifyx/meshes/low_140.obj,/home/haipd/DexAvatar/data/smplx_gt/Widerspruch/00280.obj
Widerspruch,low_142,58.207434,38.563605,11.064198,26.825011,17.984185,9.387003,/home/haipd/DexAvatar/outputs/output_wilor/Widerspruch/smplifyx/meshes/low_142.obj,/home/haipd/DexAvatar/data/smplx_gt/Widerspruch/00284.obj
Widerspruch,low_144,44.972274,40.323775,12.090171,21.340352,18.159715,11.312374,/home/haipd/DexAvatar/outputs/output_wilor/Widerspruch/smplifyx/meshes/low_144.obj,/home/haipd/DexAvatar/data/smplx_gt/Widerspruch/00288.obj
Widerspruch,low_146,47.620926,40.186238,12.074077,20.949660,18.080061,11.313096,/home/haipd/DexAvatar/outputs/output_wilor/Widerspruch/smplifyx/meshes/low_146.obj,/home/haipd/DexAvatar/data/smplx_gt/Widerspruch/00292.obj
Widerspruch,low_148,42.027868,39.444674,11.177050,22.643700,17.799823,9.433668,/home/haipd/DexAvatar/outputs/output_wilor/Widerspruch/smplifyx/meshes/low_148.obj,/home/haipd/DexAvatar/data/smplx_gt/Widerspruch/00296.obj
Widerspruch,low_150,45.512870,38.578965,11.641627,22.534445,17.615018,9.870690,/home/haipd/DexAvatar/outputs/output_wilor/Widerspruch/smplifyx/meshes/low_150.obj,/home/haipd/DexAvatar/data/smplx_gt/Widerspruch/00300.obj
Widerspruch,low_152,45.700200,39.050058,12.834298,21.754893,16.829215,11.081721,/home/haipd/DexAvatar/outputs/output_wilor/Widerspruch/smplifyx/meshes/low_152.obj,/home/haipd/DexAvatar/data/smplx_gt/Widerspruch/00304.obj
Widerspruch,low_154,48.727978,40.790118,13.324145,23.828544,18.166965,11.309874,/home/haipd/DexAvatar/outputs/output_wilor/Widerspruch/smplifyx/meshes/low_154.obj,/home/haipd/DexAvatar/data/smplx_gt/Widerspruch/00308.obj
Widerspruch,low_156,44.982787,39.523210,11.979819,22.650717,16.999478,10.872421,/home/haipd/DexAvatar/outputs/output_wilor/Widerspruch/smplifyx/meshes/low_156.obj,/home/haipd/DexAvatar/data/smplx_gt/Widerspruch/00312.obj
Ziel,low_130,47.761258,16.712392,25.052363,27.220281,13.775365,14.847467,/home/haipd/DexAvatar/outputs/output_wilor/Ziel/smplifyx/meshes/low_130.obj,/home/haipd/DexAvatar/data/smplx_gt/Ziel/00260.obj
Ziel,low_132,48.314419,14.435432,23.036456,28.876467,13.486605,14.103354,/home/haipd/DexAvatar/outputs/output_wilor/Ziel/smplifyx/meshes/low_132.obj,/home/haipd/DexAvatar/data/smplx_gt/Ziel/00264.obj
Ziel,low_134,45.775361,14.629827,25.234241,26.891198,13.008988,14.354950,/home/haipd/DexAvatar/outputs/output_wilor/Ziel/smplifyx/meshes/low_134.obj,/home/haipd/DexAvatar/data/smplx_gt/Ziel/00268.obj
Ziel,low_136,47.774479,14.574313,26.377013,25.660681,12.467695,14.657245,/home/haipd/DexAvatar/outputs/output_wilor/Ziel/smplifyx/meshes/low_136.obj,/home/haipd/DexAvatar/data/smplx_gt/Ziel/00272.obj
Ziel,low_138,45.019440,14.370328,23.926137,23.180936,12.593252,14.710818,/home/haipd/DexAvatar/outputs/output_wilor/Ziel/smplifyx/meshes/low_138.obj,/home/haipd/DexAvatar/data/smplx_gt/Ziel/00276.obj
Ziel,low_140,46.848621,13.619027,24.242198,22.826815,12.813399,14.999357,/home/haipd/DexAvatar/outputs/output_wilor/Ziel/smplifyx/meshes/low_140.obj,/home/haipd/DexAvatar/data/smplx_gt/Ziel/00280.obj
Ziel,low_142,44.047181,16.307306,21.537550,22.454591,13.306832,14.543273,/home/haipd/DexAvatar/outputs/output_wilor/Ziel/smplifyx/meshes/low_142.obj,/home/haipd/DexAvatar/data/smplx_gt/Ziel/00284.obj
Ziel,low_144,42.311732,16.181430,20.867262,21.581490,12.766383,14.323907,/home/haipd/DexAvatar/outputs/output_wilor/Ziel/smplifyx/meshes/low_144.obj,/home/haipd/DexAvatar/data/smplx_gt/Ziel/00288.obj
Ziel,low_146,44.364236,17.010732,20.585183,21.320418,12.779012,13.858518,/home/haipd/DexAvatar/outputs/output_wilor/Ziel/smplifyx/meshes/low_146.obj,/home/haipd/DexAvatar/data/smplx_gt/Ziel/00292.obj
Ziel,low_148,43.988172,15.655197,17.355273,21.927139,12.551066,13.843858,/home/haipd/DexAvatar/outputs/output_wilor/Ziel/smplifyx/meshes/low_148.obj,/home/haipd/DexAvatar/data/smplx_gt/Ziel/00296.obj
Ziel,low_150,44.297263,16.958961,15.954416,23.234775,12.513513,13.431332,/home/haipd/DexAvatar/outputs/output_wilor/Ziel/smplifyx/meshes/low_150.obj,/home/haipd/DexAvatar/data/smplx_gt/Ziel/00300.obj
Ziel,low_152,43.298040,16.027177,19.096827,20.859441,12.413836,14.107957,/home/haipd/DexAvatar/outputs/output_wilor/Ziel/smplifyx/meshes/low_152.obj,/home/haipd/DexAvatar/data/smplx_gt/Ziel/00304.obj
Ziel,low_154,43.535408,14.548390,17.617833,20.937316,12.808863,14.281004,/home/haipd/DexAvatar/outputs/output_wilor/Ziel/smplifyx/meshes/low_154.obj,/home/haipd/DexAvatar/data/smplx_gt/Ziel/00308.obj
Ziel,low_156,40.469751,16.089365,16.893402,20.202052,13.104974,15.159425,/home/haipd/DexAvatar/outputs/output_wilor/Ziel/smplifyx/meshes/low_156.obj,/home/haipd/DexAvatar/data/smplx_gt/Ziel/00312.obj
Ziel,low_158,41.735079,14.599329,17.829861,21.144392,12.997671,14.950683,/home/haipd/DexAvatar/outputs/output_wilor/Ziel/smplifyx/meshes/low_158.obj,/home/haipd/DexAvatar/data/smplx_gt/Ziel/00316.obj
Ziel,low_160,41.852042,15.916551,18.696219,21.034615,12.946182,14.988171,/home/haipd/DexAvatar/outputs/output_wilor/Ziel/smplifyx/meshes/low_160.obj,/home/haipd/DexAvatar/data/smplx_gt/Ziel/00320.obj
Ziel,low_162,43.166820,14.766472,18.853277,21.844162,13.080929,13.988798,/home/haipd/DexAvatar/outputs/output_wilor/Ziel/smplifyx/meshes/low_162.obj,/home/haipd/DexAvatar/data/smplx_gt/Ziel/00324.obj
Ziel,low_164,41.722622,15.035407,17.940521,21.116009,13.219109,13.958459,/home/haipd/DexAvatar/outputs/output_wilor/Ziel/smplifyx/meshes/low_164.obj,/home/haipd/DexAvatar/data/smplx_gt/Ziel/00328.obj
Ziel,low_166,42.191092,14.876658,18.893478,20.781748,13.193754,13.998181,/home/haipd/DexAvatar/outputs/output_wilor/Ziel/smplifyx/meshes/low_166.obj,/home/haipd/DexAvatar/data/smplx_gt/Ziel/00332.obj
Ziel,low_168,42.292833,13.438547,14.962102,20.578088,13.058152,13.590005,/home/haipd/DexAvatar/outputs/output_wilor/Ziel/smplifyx/meshes/low_168.obj,/home/haipd/DexAvatar/data/smplx_gt/Ziel/00336.obj
Ziel,low_170,43.767218,17.327949,18.840289,20.442583,13.413597,13.582681,/home/haipd/DexAvatar/outputs/output_wilor/Ziel/smplifyx/meshes/low_170.obj,/home/haipd/DexAvatar/data/smplx_gt/Ziel/00340.obj
Ziel,low_172,42.970110,15.085468,19.580873,20.159958,13.127889,13.508582,/home/haipd/DexAvatar/outputs/output_wilor/Ziel/smplifyx/meshes/low_172.obj,/home/haipd/DexAvatar/data/smplx_gt/Ziel/00344.obj
Ziel,low_174,41.557603,16.951531,18.795852,20.616328,12.925229,13.407215,/home/haipd/DexAvatar/outputs/output_wilor/Ziel/smplifyx/meshes/low_174.obj,/home/haipd/DexAvatar/data/smplx_gt/Ziel/00348.obj
Ziel,low_176,42.905383,17.531097,19.441925,20.550389,13.127092,13.781271,/home/haipd/DexAvatar/outputs/output_wilor/Ziel/smplifyx/meshes/low_176.obj,/home/haipd/DexAvatar/data/smplx_gt/Ziel/00352.obj
