clip_id,frame_id,method,one_handed_class_0,tr_all_mm,tr_left_hand_mm,tr_right_hand_mm,tr_upper_body_minus_face_mm,tr_upper_body_minus_head_mm,tr_upper_body_mm,v2v_left_wrist_mm,v2v_right_wrist_mm
Ablehnen,177,A1,False,41.52874083499958,13.561693673339065,8.007123885825205,29.37658763350747,48.51640287309495,24.74426124761297,13.561693673339065,8.007123885825205
Ablehnen,179,A1,False,40.050494886169474,14.352650161151889,8.044740786583422,32.99192808692501,52.85893461497406,27.934248224633862,14.352650161151889,8.044740786583422
Ablehnen,181,A1,False,42.79791427934832,14.195950178227733,8.42640313895901,35.25748551646527,58.308889247724245,29.5807913632663,14.195950178227733,8.42640313895901
Ablehnen,183,A1,False,42.58007997942145,13.944519123705245,8.06784801780067,33.790160413099805,54.4894224850106,28.47998740232858,13.944519123705241,8.06784801780067
Ablehnen,185,A1,False,43.14186751132632,14.296278326780492,8.384770201133174,35.75990783239662,57.89915809503838,30.069720703546636,14.296278326780492,8.384770201133174
Ablehnen,187,A1,False,41.953183931872005,14.197143492274193,8.796188749704037,37.929604487623145,60.008786668819496,32.05988921966801,14.197143492274193,8.796188749704037
Ablehnen,189,A1,False,42.70100325500287,13.958526429944502,8.615436699108228,35.507983961600566,58.297849194580856,29.800777413810216,13.958526429944502,8.615436699108228
Ablehnen,191,A1,False,43.108787730947334,13.511444009216174,11.600803278053345,38.65462698313073,61.81740233193481,32.70911173421243,13.511444009216175,11.600803278053345
Ablehnen,193,A1,False,46.26216392628224,13.267047237194246,11.93177308146916,39.27001197639306,61.81754582563637,33.42713029269581,13.26704723719425,11.93177308146916
Ablehnen,195,A1,False,42.76435377334423,13.504547787875838,12.35964658928664,35.643327507118656,57.29943506929374,30.153546131090497,13.50454778787584,12.359646589286642
Ablehnen,197,A1,False,48.34572628823084,14.056279399829327,13.431863009597082,39.52779023553264,64.42885911035863,33.3503094806877,14.056279399829325,13.431863009597082
Ablehnen,199,A1,False,41.76856627464998,14.287791472655169,12.507305169838075,37.123660813051245,58.4410729391461,31.468990291359106,14.287791472655169,12.507305169838075
Ablehnen,201,A1,False,42.30734654492931,14.69539765926006,12.282398656529935,36.09252032995154,53.87672027194277,30.858451321640885,14.69539765926006,12.282398656529935
Ablehnen,203,A1,False,39.70281782553089,16.524988331818463,12.572109867985239,35.22416927335675,48.739995357694326,30.629001395770835,16.524988331818463,12.572109867985235
Ablehnen,205,A1,False,40.728938354219586,18.56216274821754,16.55947826078881,39.4974459874046,52.02054144661396,34.6189866723653,18.56216274821754,16.55947826078881
Ablehnen,207,A1,False,49.0042334118946,21.4244442828706,24.339177891751536,50.02523125461472,62.42953976544559,44.39849793151233,21.4244442828706,24.339177891751536
Akzeptieren,186,A1,False,37.98944232178503,7.0247263587756255,6.70788569974848,20.75161379473978,30.51191225707209,17.82415995659349,7.0247263587756255,6.707885699748481
Akzeptieren,188,A1,False,37.0674533113298,7.237090791732243,7.424608363176054,24.248023849167847,35.30426353045442,21.222259464350813,7.237090791732243,7.424608363176053
Akzeptieren,190,A1,False,41.842108765439946,8.458288570232337,7.143176615186478,26.001914043505,40.00737280133157,22.329597020828587,8.458288570232337,7.1431766151864755
Akzeptieren,192,A1,False,40.72461188959591,7.612328200325919,6.319271368258512,30.73298502884678,43.67298219167065,26.769277159651974,7.612328200325919,6.319271368258512
Akzeptieren,194,A1,False,39.0142248061273,7.098981262622159,8.462871468559879,30.927832478872837,43.93289137236888,27.01828124472691,7.098981262622159,8.462871468559879
Akzeptieren,196,A1,False,38.36672943259569,7.748416822729217,10.122745707817407,32.81128576887749,46.863071216282705,28.430520633247937,7.748416822729217,10.122745707817407
Akzeptieren,198,A1,False,50.30449894063869,11.067115756515909,12.35981181955041,49.477128208438366,56.37998464192624,44.521658728131875,11.067115756515909,12.359811819550412
Akzeptieren,200,A1,False,57.28817820947254,12.441679114309297,13.167106318922121,58.64869654745108,63.16208003935632,53.02941958784757,12.441679114309297,13.167106318922121
Arzt,208,A1,False,49.9723877026094,10.638029089177536,6.946016203500849,22.880893798402667,32.2345434340674,20.15975974009186,10.638029089177538,6.94601620350085
Arzt,210,A1,False,47.54734258551779,10.394798964309087,7.9884276161960415,23.507946763755196,32.38998941463728,20.900615113631837,10.394798964309087,7.9884276161960415
Arzt,212,A1,False,49.98795234506636,10.322997224788297,7.9676058468338855,25.616060139855783,33.46547699972266,22.783838915575043,10.322997224788294,7.9676058468338855
Arzt,214,A1,False,43.747861470027665,10.621791394976581,7.644013360957891,22.9771197219068,32.76878120747285,20.225333801645203,10.621791394976581,7.644013360957891
Arzt,216,A1,False,44.68244737556848,10.571662883080398,6.819149174186977,23.973246690024716,34.95274962525371,21.090695662848987,10.571662883080398,6.819149174186975
Arzt,218,A1,False,43.63270119850649,10.205124637638505,7.060151391444562,24.67171743877237,34.59049854467908,21.9311595895082,10.205124637638505,7.060151391444562
Arzt,220,A1,False,46.858217072100366,10.306167934681227,7.018455707500565,25.15198319964274,35.408685186387956,22.407956165972166,10.306167934681227,7.018455707500564
Arzt,222,A1,False,45.824327138442804,10.12050444109678,7.3910730264652305,24.97276934620319,35.20854100473974,22.216618024280407,10.12050444109678,7.391073026465231
Arzt,224,A1,False,47.51344716899656,10.878658954523878,6.750908426949162,24.7075887764542,35.16996656039562,21.848061827504935,10.878658954523875,6.750908426949162
Arzt,226,A1,False,43.99942399532794,10.211432122097484,7.68738602123021,24.390951305630036,34.20394812587406,21.556520929761994,10.211432122097484,7.68738602123021
Arzt,228,A1,False,42.05780659038601,11.720272920250448,6.753974154800183,21.96080418238248,33.438446501206705,19.225113187594715,11.720272920250448,6.753974154800183
Arzt,230,A1,False,40.69039631353544,14.57154516673161,5.957859082615911,22.14926184758551,33.73162683134092,19.531468151389387,14.571545166731612,5.957859082615911
Arzt,232,A1,False,38.213975401294746,13.135359110034816,6.923159974133899,25.44657487718733,37.214779698803305,22.4430635480761,13.135359110034816,6.923159974133899
Arzt,234,A1,False,38.77916409201353,14.474990011282788,8.58059059826432,23.98937719544013,36.22983180422977,21.501938165490568,14.474990011282788,8.58059059826432
Arzt,236,A1,False,40.25892445330942,11.62419535487971,10.632124603250933,25.60158107779705,36.83986348998805,22.953514312988023,11.62419535487971,10.632124603250935
Arzt,238,A1,False,38.79046982424782,19.498090953536146,12.134260634687209,34.10935583741523,41.60055815222489,30.57299864467304,19.498090953536146,12.13426063468721
Arzt,240,A1,False,41.50031761211809,28.36546385525348,12.642420487190044,39.60577157472113,54.489940244880394,34.66000769376853,28.36546385525348,12.642420487190044
Arzt,242,A1,False,43.059409623379516,26.57231385481341,13.421673802548625,43.964498930047014,61.950141188441926,38.314357571384214,26.572313854813405,13.421673802548622
Arzt,244,A1,False,43.69530997097021,22.928082969850173,13.635596815206478,44.50075887789393,58.3511688373219,39.402496585819904,22.928082969850173,13.635596815206478
Arzt,246,A1,False,48.8986130452419,12.18560212117534,25.15684729428144,46.167106736618486,35.371760332659136,43.84715547365445,12.185602121175338,25.15684729428144
Arzt,248,A1,False,45.39776310722886,14.091543172824018,10.844758228467235,42.552359456162065,34.268224305341526,40.48879071901511,14.091543172824018,10.844758228467237
AufgebenResignieren,190,A1,False,41.60625319333517,10.939648959552102,10.780855385742433,26.137998987759854,37.26063543958186,22.593364681261455,10.939648959552102,10.780855385742434
AufgebenResignieren,192,A1,False,43.822967989406585,9.469960060807688,9.21494197885247,30.648690273327603,43.1675119076431,26.586004476684597,9.469960060807688,9.214941978852474
AufgebenResignieren,194,A1,False,42.5906701631314,9.344769960482738,8.319699107567537,29.692813691108064,42.1750571277585,25.704228721536555,9.344769960482738,8.319699107567539
AufgebenResignieren,196,A1,False,41.985666923218744,8.451903258189374,8.166396537109913,27.53329135812334,40.9165858604693,23.630196232587576,8.451903258189374,8.166396537109913
AufgebenResignieren,198,A1,False,42.406117557363494,9.229259580637775,7.276720795398017,26.43886278393133,38.2521205466163,22.823113078554023,9.229259580637775,7.276720795398017
AufgebenResignieren,200,A1,False,41.072465054950236,9.897819881272941,7.032443858478251,31.30985059318566,40.833346987383685,27.394461173280718,9.897819881272941,7.032443858478251
AufgebenResignieren,202,A1,False,39.39059280092031,10.280664273741316,7.40467305117804,32.81859257450601,40.67223313428002,29.083686429462496,10.280664273741316,7.40467305117804
AufgebenResignieren,204,A1,False,40.28055574307018,8.801890535635842,6.3097222674847835,29.562239562813325,43.95555537380546,25.361383311516267,8.801890535635842,6.3097222674847835
AufgebenResignieren,206,A1,False,41.232767936291815,9.465971606234387,6.7843306525492295,27.3876808641333,45.46353773266767,23.038122100046113,9.465971606234385,6.78433065254923
AufgebenResignieren,208,A1,False,39.95729019613677,9.801294265823195,7.342210008707075,31.12209702671034,48.874271715500534,26.4227995900513,9.801294265823193,7.342210008707075
AufgebenResignieren,210,A1,False,44.248351027233255,10.489206402416794,8.90316541958213,42.28177310379416,60.34760682418389,36.64217617072042,10.489206402416794,8.90316541958213
AufgebenResignieren,212,A1,False,55.4496613007475,14.870965647903349,13.32471433645073,57.217757893745855,61.36093222369819,51.70242065307574,14.870965647903349,13.32471433645073
AusgebenGeldVerschwenden,158,A1,False,42.147475129457625,12.5132189735972,11.807207865709637,28.139646295497197,45.03802971008659,24.000936655086477,12.5132189735972,11.807207865709637
AusgebenGeldVerschwenden,160,A1,False,40.30698133175744,13.429556319689889,12.300765287068517,26.33243052166138,41.98783419297545,22.46658455606042,13.429556319689889,12.300765287068517
AusgebenGeldVerschwenden,162,A1,False,37.58878023075767,13.06826900926101,12.33509163990252,24.910678016504924,38.435021109158434,21.415637873666466,13.06826900926101,12.335091639902524
AusgebenGeldVerschwenden,164,A1,False,40.71864623413331,12.718710864154016,13.068212210048491,28.092765596122,44.34844948481127,23.877344119380776,12.718710864154016,13.068212210048491
AusgebenGeldVerschwenden,166,A1,False,37.92148085660334,13.037768887741809,13.401952263815469,29.72714659192989,44.70996166387306,25.349822113063556,13.037768887741812,13.401952263815469
AusgebenGeldVerschwenden,168,A1,False,41.25485782364257,13.269754749649108,14.09069244606387,28.71581926526614,43.24189582613286,24.84604477542295,13.269754749649108,14.09069244606387
AusgebenGeldVerschwenden,170,A1,False,41.755868781497924,13.969932382738616,14.42346753345655,29.629757491760667,43.8658126869904,25.57173824173136,13.969932382738614,14.423467533456549
Auto,174,A1,False,38.81412703789128,12.187740664673449,13.865277100140856,23.166342725053923,34.48737068629233,20.7674167356597,12.187740664673449,13.865277100140856
Auto,176,A1,False,39.78124747938315,12.067023478497564,13.689452798489526,24.042091191861225,35.27800847337086,21.621161522663396,12.067023478497564,13.689452798489526
Auto,178,A1,False,37.714874580083375,11.39523717937609,12.506127099477585,26.340044431217798,37.36862470034536,23.30941118710291,11.39523717937609,12.506127099477585
Auto,180,A1,False,34.9968614575772,12.11667798800091,13.531994143456595,23.268409693803033,34.8824129740733,20.326366722570917,12.11667798800091,13.531994143456595
Auto,182,A1,False,34.508175557924716,11.707770757939558,13.759675046933188,22.72279593623607,33.01106083728911,20.138255622254885,11.707770757939558,13.759675046933188
Auto,184,A1,False,38.60634717007573,11.17027680642722,14.196106000894563,23.02061176797151,33.682599791632214,20.45553686037479,11.17027680642722,14.196106000894563
Auto,186,A1,False,39.0685703065727,11.993209013831764,14.083413837075886,22.14127038405666,32.75072656825004,19.866063612563263,11.993209013831763,14.083413837075886
Auto,188,A1,False,36.03178112253742,11.395869204345484,13.65351511892689,22.262670507092,32.285297066154925,19.485545340578007,11.395869204345484,13.65351511892689
Auto,190,A1,False,35.64077018372066,10.737741904208717,11.906792981757912,22.532098480041675,30.025985922389044,19.96854478401348,10.737741904208717,11.906792981757913
Auto,192,A1,False,35.92689714306736,10.15522188682087,8.285025752164348,21.37456484822736,30.011805209186544,19.08190915452708,10.15522188682087,8.285025752164346
Auto,194,A1,False,33.928895725385146,9.279301488983663,6.337018892271916,21.397966573151677,27.03925823997936,19.002179230874276,9.279301488983663,6.337018892271919
Auto,196,A1,False,33.09799437115507,8.734858589396419,7.253528517912676,22.931184644369658,29.033086331814623,20.485910106749223,8.734858589396417,7.253528517912676
Auto,198,A1,False,44.228876503180395,7.686364167916128,7.468341790766606,41.46222248674574,44.554983768136765,37.87989220234005,7.686364167916131,7.468341790766606
Auto,200,A1,False,52.12713478347759,9.322981995439068,9.577137476176398,49.97582360270292,54.275024060262346,45.36762320389218,9.322981995439067,9.577137476176398
Auto,202,A1,False,54.37019453022038,16.09117985928329,12.65956230969698,52.96868747152934,56.590526177606584,47.83417315229216,16.091179859283287,12.659562309696982
BesuchenEinmischen,210,A1,False,31.96680124989319,17.41053350785559,15.514112140258815,22.685297350248305,32.262259794499315,20.265667854732857,17.41053350785559,15.514112140258813
BesuchenEinmischen,212,A1,False,31.646810940590672,16.927592116945668,15.549374262540168,23.635697590964828,33.17357979135981,21.208917167622154,16.927592116945668,15.549374262540168
BesuchenEinmischen,214,A1,False,32.10394636883605,16.731134549949736,14.895984013805469,21.983478353586033,32.84172676812278,19.8757760596494,16.731134549949736,14.895984013805467
BesuchenEinmischen,216,A1,False,33.33493713789053,16.314136935865317,14.200142661953954,22.060495224627495,32.677808091258555,20.074895630852282,16.314136935865317,14.200142661953953
BesuchenEinmischen,218,A1,False,32.681261211965584,16.109350905616125,13.164748361732869,24.194168074822937,34.73369085619706,21.567252208954724,16.109350905616125,13.164748361732869
BesuchenEinmischen,220,A1,False,32.56026922746579,15.346504295688954,12.055097954235542,22.380142610806693,33.48282373693933,19.98587369424264,15.346504295688954,12.055097954235542
BesuchenEinmischen,222,A1,False,33.845359274593385,16.285074318127545,12.23214855907807,24.80578478946144,34.85957006104468,22.027105276048886,16.285074318127545,12.232148559078066
BesuchenEinmischen,224,A1,False,32.966333047794734,17.153088721118053,12.459716264634197,22.188140884932782,33.649984701931906,19.696708164030063,17.153088721118053,12.4597162646342
BesuchenEinmischen,226,A1,False,33.71252675555634,18.061237977670572,12.034533160424283,23.292974005875756,33.63258550919582,20.742491336736272,18.061237977670572,12.034533160424283
BesuchenEinmischen,228,A1,False,33.14595653893785,19.480164829304034,10.426092163239936,22.302271826853325,32.48379415611903,19.73707438607159,19.480164829304034,10.426092163239936
BesuchenEinmischen,230,A1,False,34.288624172935656,21.77193315924821,10.728084756760875,24.71767333688076,33.38048979720956,22.02554295690318,21.77193315924821,10.728084756760872
BesuchenEinmischen,232,A1,False,34.194411392625526,21.296385232678375,10.010292026562565,23.17241637919298,33.32113871044679,20.47933069163296,21.296385232678375,10.010292026562565
BesuchenEinmischen,234,A1,False,32.08997301091635,16.616910258093245,9.915363971056777,24.32415293233183,33.75454555148372,21.810991662947536,16.61691025809324,9.91536397105678
BesuchenEinmischen,236,A1,False,33.75444366654913,18.700887397366593,9.016584863519101,22.727205936954057,32.3039986955653,20.369701838718786,18.700887397366593,9.016584863519101
BesuchenEinmischen,238,A1,False,41.769376167974066,28.000385907312502,11.346166496198707,39.589841885276975,44.5775825747327,35.7362161495039,28.000385907312502,11.346166496198705
BesuchenEinmischen,240,A1,False,42.72239427615751,34.317593302999114,11.806618142387453,41.033678550602716,48.91408377312003,36.849059400752395,34.31759330299912,11.806618142387453
BesuchenEinmischen,242,A1,False,44.83027314408957,34.92424559216296,12.502754766077242,44.09738892490611,45.935752051611416,40.73573824949651,34.92424559216296,12.502754766077246
Blitz,179,A1,True,42.53557842560504,,15.535964592200063,37.65599593986791,54.51302906879969,32.27656956285356,,15.535964592200063
Blitz,181,A1,True,43.11614661340606,,15.561596445269151,41.20120002327458,57.72716132809287,35.51341006532293,,15.561596445269151
Blitz,183,A1,True,44.86895528743225,,15.806732452855869,40.70674972094971,57.792842510949086,35.342773300763454,,15.806732452855869
Blitz,185,A1,True,43.901168674898074,,16.15891435778633,42.92590051398088,59.43489377831762,37.1620683864144,,16.15891435778633
Blume,163,A1,False,42.442164355688554,19.735530971241857,11.916229740690174,29.117754879263572,37.03076839465914,26.527915948220116,19.735530971241857,11.916229740690174
Blume,165,A1,False,39.77302549716626,19.51453082617689,10.920091280963378,28.453515143551602,37.26292729291495,25.520927312370876,19.51453082617689,10.920091280963378
Blume,167,A1,False,40.437480672145526,19.37285160574041,10.873230435298908,29.239697592003083,38.552323258481984,26.37312196004885,19.372851605740415,10.873230435298908
Blume,169,A1,False,39.030657756194124,18.553188537424592,11.739833205225766,29.42959530756003,39.13662652844936,26.306522040600903,18.553188537424592,11.739833205225766
Blume,171,A1,False,43.861875163461306,18.362839205284317,10.79307243181562,27.80864892237748,38.61266051851721,24.971406264367207,18.362839205284317,10.79307243181562
Blume,173,A1,False,41.9562374277907,18.06284846725407,10.02870845569936,30.529641315105078,37.721206576278725,27.56478661298451,18.06284846725407,10.02870845569936
Blume,175,A1,False,41.01573882710362,18.914937565053567,10.720716302855408,28.30455245012558,38.6516378663044,25.53946922472873,18.914937565053567,10.720716302855408
Blume,177,A1,False,42.63117544496124,19.223626048330104,11.358507322127942,28.016181732153505,37.84006953545125,25.18875723413662,19.223626048330104,11.358507322127942
Blume,179,A1,False,42.37628407849072,18.655645023442,12.526915647784142,27.711296252761496,39.60869968300542,25.052035828467808,18.655645023442,12.526915647784142
Blume,181,A1,False,43.2966525363851,18.776704969563752,13.597848886447021,27.456800567829532,39.59100498184188,25.036266156081023,18.77670496956375,13.597848886447021
Blume,183,A1,False,40.045528843671526,19.446579043952024,12.794183947717974,27.921589798838813,39.86240802765856,24.957754000366258,19.446579043952024,12.794183947717974
Blume,185,A1,False,43.16226132106575,17.76166284486811,11.528494293524078,27.10583315822452,39.18819129993832,24.55732783604107,17.76166284486811,11.528494293524078
Blume,187,A1,False,39.979324572020346,21.357025004439915,11.953409847887546,25.678994818831054,38.11953311560319,22.620277300615466,21.357025004439922,11.953409847887546
Blume,189,A1,False,43.342309873641724,20.668505108286528,11.784835558631196,26.43920401686152,39.13533005840579,23.473218289061744,20.668505108286528,11.784835558631196
Blume,191,A1,False,41.655193603983136,20.793254058657205,11.97927182398946,27.200844380779568,41.487675587305716,23.652274036251818,20.793254058657205,11.97927182398946
Blume,193,A1,False,40.958966048132034,20.09941856234365,12.958823754218463,32.095787090481345,47.70047897462716,27.974758773138056,20.09941856234365,12.958823754218463
Blume,195,A1,False,41.107957417451246,20.470790420000846,13.813140527040126,35.0051339587825,51.33676583423459,30.400362562923224,20.470790420000846,13.813140527040128
Blume,197,A1,False,47.36868119252922,18.305982007754082,12.508938831271175,43.03246726362847,68.04742379838854,36.84358781863062,18.305982007754082,12.508938831271177
Boese,165,A1,True,46.914113966498306,,17.545708465902266,37.09826167027688,52.94299993635057,32.499051834565584,,17.54570846590227
Boese,167,A1,True,43.44879612506593,,17.52187238696871,35.35416549464467,52.988694306090686,30.76543559578239,,17.521872386968713
Boese,169,A1,True,46.44974828968505,,17.933108134744842,37.32867491672224,55.51172542931928,32.55679533726639,,17.933108134744842
Boese,171,A1,True,48.74369164478868,,17.662079626668444,38.854795852969616,55.944771084194194,34.01884694922351,,17.662079626668444
Boese,173,A1,True,46.183481649451814,,15.840504489924013,34.70642782603111,52.8057240799397,30.068326653651244,,15.840504489924013
Boese,175,A1,True,41.28728205237433,,14.051443780923709,32.52194023722615,49.61854156832172,28.14558196618351,,14.051443780923709
Boese,177,A1,True,40.00281435215215,,17.599646111218814,31.137209166234662,47.27702522931044,26.831530123452335,,17.599646111218814
Boese,179,A1,True,44.65342760389997,,22.2518846075792,32.33200204823955,48.16090195093224,28.37669610782709,,22.2518846075792
Boese,181,A1,True,39.0864407632909,,24.98223660564244,29.385717544056252,45.82231179981811,25.441738671127858,,24.98223660564244
Boese,183,A1,True,35.32548132178483,,28.373008391139226,28.56771625694426,43.25611446604389,24.841866317595844,,28.373008391139226
Boese,185,A1,True,46.57568131746857,,27.597281189429218,42.460215287054226,64.07452172786428,36.736160949267656,,27.597281189429225
BroetchenAufschneiden,247,A1,False,48.33354438184079,13.336802684290259,17.3880968010041,31.21351613784065,47.498116783237506,26.935481526290697,13.336802684290259,17.3880968010041
BroetchenAufschneiden,249,A1,False,53.249008127112816,13.785901726745253,17.49169247048243,34.51525430138023,49.40936060535681,30.03082512408174,13.785901726745253,17.49169247048243
BroetchenAufschneiden,251,A1,False,54.92014570308231,13.991063205809539,17.783402631027247,36.527286908283294,50.24216409290278,32.04059991123449,13.991063205809539,17.783402631027247
BroetchenAufschneiden,253,A1,False,49.12176432666756,13.577116107229884,16.56646470629755,28.647432562023383,39.163368047956574,25.269358368476272,13.577116107229884,16.56646470629755
BroetchenAufschneiden,255,A1,False,51.09826074288922,13.52859510886712,16.10423476752568,30.45674931911134,42.188524430345595,26.88608784912366,13.52859510886712,16.10423476752568
BroetchenAufschneiden,257,A1,False,45.69650650381511,13.71057618702937,14.902502407292571,27.533087496339114,38.482385585535816,24.325189863299403,13.71057618702937,14.902502407292571
BroetchenAufschneiden,259,A1,False,45.194692310596515,13.093072697539906,15.134963491402457,27.830887606640083,36.42881896891531,24.915846166219513,13.093072697539903,15.134963491402456
BroetchenAufschneiden,261,A1,False,54.01026590633981,13.16536107511446,15.128551062652859,33.65832618022282,43.835088546889274,30.125850785023058,13.16536107511446,15.128551062652859
BroetchenAufschneiden,263,A1,False,49.52437468331674,12.549870653566177,13.037324306133195,29.652254552043715,39.28836081969359,26.524448075553803,12.549870653566177,13.037324306133195
BroetchenAufschneiden,265,A1,False,43.86538252931019,11.827986235900143,12.454144064326432,25.846737375540368,37.4703235742482,22.892206367993047,11.827986235900143,12.454144064326432
BroetchenAufschneiden,267,A1,False,36.99198859404159,11.323351826952047,12.641025604222001,22.38990983369115,35.03554294738113,19.865300835697703,11.323351826952047,12.641025604222001
BroetchenAufschneiden,269,A1,False,46.40813010673643,9.911638841188603,11.529539272770927,28.384256589356376,31.094223063170908,25.870247140138066,9.911638841188603,11.529539272770927
BroetchenAufschneiden,271,A1,False,34.28234804860419,9.049073196669632,9.827085389138459,21.83920675353189,30.733195923205027,19.441915627882672,9.049073196669633,9.827085389138459
BroetchenAufschneiden,273,A1,False,30.152416588283128,8.957834559062658,9.297354917358172,19.69229883854076,29.06690197548432,17.525348883936697,8.957834559062656,9.297354917358174
BroetchenAufschneiden,275,A1,False,32.59211870091242,8.311172238956372,9.756720745075697,20.01089405301027,29.266174001116323,17.94776987506479,8.311172238956372,9.756720745075697
BroetchenAufschneiden,277,A1,False,32.04201717749742,8.421074457569528,9.450038620341491,24.367440618236795,32.30304058754315,21.815056455382102,8.421074457569528,9.450038620341491
BroetchenAufschneiden,279,A1,False,37.220937450504806,11.54904496114873,13.52458878056054,32.11097674909863,41.66140028246424,28.66423994044906,11.54904496114873,13.52458878056054
BroetchenAufschneiden,281,A1,False,38.893858953933815,10.000228577439064,11.747044346205955,36.66302964937009,50.458606231221935,32.231414674804554,10.000228577439064,11.747044346205954
BroetchenAufschneiden,283,A1,False,40.67736479348105,12.52861301222811,19.162157307677358,39.16490006523904,53.97846676387918,34.24181557073093,12.52861301222811,19.162157307677358
BroetchenAufschneiden,285,A1,False,42.84381293662946,13.834481723912917,24.25036022393998,42.358674729879304,57.11326517623905,37.45756403219215,13.834481723912916,24.25036022393998
BroetchenAufschneiden,287,A1,False,41.50752431928366,14.64600208313218,14.757861903736769,39.80844634745988,53.536326727091065,35.44035200221643,14.64600208313218,14.757861903736769
BroetchenAufschneiden,289,A1,False,46.33521832902467,13.690720855511916,35.240324521640495,44.47603413592822,58.56766443020853,39.34562764901751,13.690720855511914,35.240324521640495
Dort,197,A1,True,36.86596708829803,,13.228767824995387,24.97476954728222,41.757040494530806,21.28824142911923,,13.228767824995387
Dort,199,A1,True,38.41290193786991,,13.498601214837915,26.017851066731254,43.787914491673554,22.268949612180204,,13.498601214837915
Dort,201,A1,True,39.655184282031364,,12.610603407178244,27.043133426636626,45.38754944003075,23.3826933331082,,12.61060340717824
Dort,203,A1,True,41.48967944450405,,12.988484827085562,29.02698706303954,48.297855967413966,25.34239225605609,,12.988484827085564
Dort,205,A1,True,43.342403693779595,,11.868219075755237,30.074498792262595,49.97706682848479,26.22499442830867,,11.868219075755237
Dort,207,A1,True,41.76004992326733,,10.819605764934474,29.26119897510397,48.48490336661562,25.42692106691567,,10.819605764934476
Dort,209,A1,True,44.31388527816506,,9.359637521865267,30.883760392827703,52.110264841020886,26.726872862480718,,9.359637521865267
Dort,211,A1,True,41.57865223996951,,7.929099438332299,30.56157192598513,48.81771516411999,26.409455832530643,,7.929099438332299
Dort,213,A1,True,42.61819418367403,,7.095805765334506,34.75572674030213,54.750788049474366,29.788406753993687,,7.095805765334507
Dort,215,A1,True,38.96717530305507,,7.734008913630997,34.65131954657871,54.11757436057489,29.52937480748765,,7.734008913630997
Dort,217,A1,True,46.152427501225894,,11.372374421808477,46.05898774891637,65.35863183262009,39.652804078175485,,11.372374421808477
Duenn,202,A1,True,40.62018343844241,,16.229730077956017,26.27986068131185,38.32052472533358,23.061633443729512,,16.229730077956017
Duenn,204,A1,True,42.29878022129876,,16.19720607357853,26.321526860072257,39.69184517261944,23.43588326987689,,16.19720607357853
Duenn,206,A1,True,41.82627495104263,,15.942813087378092,27.372058633335286,39.89944077301117,24.449620795784202,,15.942813087378092
Duenn,208,A1,True,39.69950721316384,,16.008678065450358,27.248261860232674,38.97294339805436,24.251267585114995,,16.008678065450358
Duenn,210,A1,True,38.372454052552484,,15.510895086519707,26.91618404344735,37.31400830983956,23.68212697816583,,15.510895086519707
Duenn,212,A1,True,43.225838694854644,,14.739961734370123,27.288269239367633,40.56802083363422,24.323282219142225,,14.739961734370123
Duenn,214,A1,True,40.397247974773606,,13.775354558478476,28.178875512998005,40.696617467266655,24.804366035101886,,13.775354558478476
Duenn,216,A1,True,44.14356078169667,,12.195468224350565,28.58282501073726,43.5155594826733,25.33483673995071,,12.195468224350565
Duenn,218,A1,True,43.59817840669562,,12.15038942137922,31.219058959991827,46.80701126038377,27.463351763904488,,12.15038942137922
Duenn,220,A1,True,46.94232506619787,,10.420982768593225,32.585335688146344,49.81229401405787,28.558171889767774,,10.420982768593225
Duenn,222,A1,True,39.817630428874395,,9.121830809834726,32.13328433235513,43.236441121541816,28.154101529609257,,9.121830809834726
Duenn,224,A1,True,45.322900192653094,,10.44521207258279,35.205928600234074,52.523793614589174,30.693361746147936,,10.44521207258279
Duenn,226,A1,True,40.93806937740799,,10.365612193601567,29.685190530581767,46.204108180397384,25.408645241159796,,10.365612193601567
Duenn,228,A1,True,43.240886304279236,,11.39491014561407,36.102168382750236,57.96681203415552,30.67999822700356,,11.394910145614068
Duenn,230,A1,True,41.273698121073025,,12.14570971495637,34.34369377867231,53.88796549585969,29.4487082140673,,12.14570971495637
Einkaufen,184,A1,False,36.841178750181314,13.053827795246521,14.844336328026532,22.4727640661792,32.78668085634577,19.531085330812704,13.05382779524652,14.844336328026532
Einkaufen,186,A1,False,34.26342884455419,14.267995375693262,18.803430712843916,21.920305597144186,32.63749831544382,18.814748185229867,14.267995375693264,18.803430712843916
Einkaufen,188,A1,False,41.257556854245564,14.939414769132537,22.342480932769483,26.75982124671606,39.7698389747095,23.372883989483782,14.939414769132537,22.342480932769483
Einkaufen,190,A1,False,37.82140033503641,15.313324459869374,21.764665832490977,31.52830705520708,44.89884025533727,27.23256087805451,15.313324459869374,21.76466583249098
Einkaufen,192,A1,False,41.963066325731944,27.01120203802553,40.98563295777875,38.99043378165261,40.55249267028672,35.64168712933223,27.011202038025534,40.98563295777875
Einkaufen,194,A1,False,43.146925413061325,27.72857386848466,38.540162978814614,40.64233548115668,42.09695582185028,37.20308250111515,27.72857386848466,38.54016297881462
Einnehmen,223,A1,False,34.18037762080176,17.369008005461204,15.66763040091761,22.828011153157743,32.981232444519414,20.246678792245316,17.369008005461204,15.66763040091761
Einnehmen,225,A1,False,33.51338632881104,17.64314034784664,15.708568687306853,22.39136158728046,33.97707605082652,19.838422586534925,17.64314034784664,15.708568687306853
Einnehmen,227,A1,False,34.27727871471996,16.212499108660378,14.604557003014921,22.380444113649137,34.04603627693793,19.87630147429148,16.212499108660378,14.604557003014921
Einnehmen,229,A1,False,31.6694366212768,16.46891041613266,13.516206127490133,23.060997295430855,34.415310536983135,20.420194780043754,16.468910416132655,13.516206127490133
Einnehmen,231,A1,False,34.22114634919324,16.14709958869826,12.331173737468013,25.095071647988146,36.21281644328629,22.304149709926172,16.14709958869826,12.331173737468015
Einnehmen,233,A1,False,35.23094974079357,16.68693236301884,12.980588869572605,25.97017966702696,39.29429687642978,23.079786431910993,16.68693236301884,12.980588869572605
Einnehmen,235,A1,False,37.888322744244135,15.304208089251572,12.952130361789838,28.696548847658978,42.311519530397966,25.474720322591953,15.304208089251576,12.952130361789838
Einnehmen,237,A1,False,33.552296698943735,15.951115149788277,11.566286878998994,29.16545508558529,44.288763971090724,25.47461929760368,15.951115149788277,11.566286878998994
Einnehmen,239,A1,False,47.253772964795466,28.858463776639766,18.611322437788328,48.03924568654266,49.34664069229838,43.85040753652472,28.858463776639766,18.611322437788328
EinstellenJob,208,A1,False,38.005324855109556,14.221064964780332,9.15346136331805,28.55423545830374,35.357367634839754,25.273838311890444,14.221064964780332,9.15346136331805
EinstellenJob,210,A1,False,37.61040015594875,14.174121616747732,8.512418940468265,26.50002820586991,37.43367785737581,22.9306864620969,14.174121616747732,8.512418940468267
EinstellenJob,212,A1,False,38.031768056352846,15.00077802655479,7.78226498752689,28.014198871066345,39.49526538241943,24.299721323067224,15.00077802655479,7.782264987526889
EinstellenJob,214,A1,False,42.593443509035886,15.17404825927029,7.182182280947109,31.186141381162745,49.62007940106187,27.166856202474353,15.17404825927029,7.182182280947109
EinstellenJob,216,A1,False,47.00187034456187,14.205138302704391,6.772596461965533,32.94715841616612,53.86994215970492,28.280316172306172,14.205138302704391,6.772596461965533
EinstellenJob,218,A1,False,43.9757931728313,15.02773472810915,6.838066564814144,34.61413991223577,56.255388539093815,29.827959461437338,15.02773472810915,6.838066564814144
EinstellenJob,220,A1,False,41.60405353074659,14.896691797311416,6.798547000081879,37.75867142049732,62.59131936227878,31.629683726395672,14.896691797311416,6.798547000081879
EinstellenJob,222,A1,False,50.02505863801808,13.59933272637116,6.879558014935878,37.550746958451455,62.940277602896266,32.045006985953094,13.59933272637116,6.879558014935878
EinstellenJob,224,A1,False,51.62037519053146,14.007696319601992,7.7444489623568,41.855888526667336,70.83818949693566,35.51769353158179,14.007696319601992,7.7444489623568
EinstellenJob,226,A1,False,42.99204025296828,15.464943011620322,9.50957576574657,38.74481544938849,50.97269612833007,33.90352110297056,15.464943011620317,9.50957576574657
EinstellenJob,228,A1,False,46.17240697232557,9.76543579329229,11.105403796772944,43.93088642865992,53.87278849850024,38.973259260061766,9.76543579329229,11.105403796772944
EinstellenJob,230,A1,False,57.514472824335805,9.870362180874649,12.189650859973968,59.13198540095204,64.61939505689755,53.143636035826795,9.870362180874649,12.189650859973968
EinstellenJob,232,A1,False,63.39672964286759,40.53248379453215,12.83885822271423,67.93266061875339,76.11130661296262,60.84443143774189,40.53248379453215,12.83885822271423
EinstellenJob,234,A1,False,62.1130648948548,44.95405511465532,13.596826743105781,65.7608266156061,77.75223678663397,58.54210913720941,44.95405511465532,13.596826743105781
EisGefroren,242,A1,False,42.49078549366209,9.492554402049512,13.783337465030517,29.191769980056446,40.13461428796139,25.6628511531538,9.492554402049512,13.783337465030517
EisGefroren,244,A1,False,40.885865410143246,8.687319010549782,13.171841530659975,29.439925437473658,41.205863768823654,25.767134843109258,8.687319010549782,13.171841530659975
EisGefroren,246,A1,False,40.95793862409511,8.718636976662271,5.721969702601755,27.97308988483321,38.07406463350314,24.660454066856637,8.718636976662271,5.721969702601756
EisGefroren,248,A1,False,39.79986432066161,8.875848585215309,6.745357106805712,25.44143269692959,35.84068570082361,22.35140123858956,8.875848585215309,6.745357106805713
EisGefroren,250,A1,False,40.240109904801905,8.718615553626522,7.55114430867104,24.081992654884644,35.89591261816431,20.93311678430141,8.718615553626522,7.55114430867104
EisGefroren,252,A1,False,36.806314416313434,9.332097353053767,7.7286966393976435,24.881857551292587,36.55154491681154,21.50115327029996,9.332097353053767,7.728696639397643
EisGefroren,254,A1,False,40.47354441854184,10.877991928040935,7.843241389221796,24.37096946205725,36.5953827512808,21.013660148711615,10.877991928040935,7.843241389221796
EisGefroren,256,A1,False,36.77001244071188,11.498079714187492,10.147361010083161,25.150465486100476,37.97767241614822,21.417466224735303,11.498079714187492,10.147361010083163
EisGefroren,258,A1,False,39.06880580992156,12.039687153503532,10.102842461869377,25.45523025523298,38.200549542589215,21.579179140055324,12.039687153503532,10.102842461869377
EisGefroren,260,A1,False,32.507372268331174,12.269966744771562,9.474927876842822,24.34301443004993,36.13597041785944,20.809919174804488,12.269966744771562,9.474927876842823
EisGefroren,262,A1,False,38.63001126519543,12.750297427066506,10.917185167722653,34.30930569621763,50.4696241152794,29.480150059465288,12.750297427066506,10.917185167722653
EisGefroren,264,A1,False,44.172770489060525,13.366843147930062,12.086500007222593,43.2207829426812,61.400826649118386,37.48783622475172,13.366843147930062,12.086500007222593
EisGefroren,266,A1,False,55.29999886521931,16.091745705677134,13.503814405801634,52.397862797620995,58.532467049712416,47.016513246270264,16.091745705677134,13.503814405801634
EisGefroren,268,A1,False,56.27836232632331,33.72078826963002,15.931024292263858,55.09110851900505,60.50104965786594,49.66785325953301,33.72078826963002,15.931024292263858
Empathie,182,A1,False,52.33544063136632,12.84959849984384,8.259059348465527,32.4414516286916,54.33539927957452,27.70971204582066,12.84959849984384,8.259059348465522
Empathie,184,A1,False,53.9185982168498,13.846642451058283,8.436340922465314,31.887545303759627,53.21177047157073,27.317271242471477,13.846642451058283,8.436340922465318
Empathie,186,A1,False,47.268349438341005,13.265423748550973,8.137903255446055,32.43998923304138,52.335951528413844,27.626154857700598,13.265423748550973,8.137903255446055
Empathie,188,A1,False,51.52673286632947,13.509482678831512,8.034468029371158,32.95796714871853,53.96302207463466,28.06567236429089,13.50948267883151,8.034468029371155
Empathie,190,A1,False,48.11820063098934,13.226080870089845,8.342817266747398,32.77934321465245,53.819033072886945,27.833845434549314,13.226080870089845,8.342817266747405
Empathie,192,A1,False,49.73695654776941,13.403901822890294,8.151268784842129,31.778876142044222,52.590496482679825,26.990263596224743,13.403901822890294,8.15126878484213
Empathie,194,A1,False,49.34699644097875,12.663085373841747,8.089206553124065,31.86520849876618,52.33386496783931,27.10884790251399,12.663085373841747,8.089206553124061
Empathie,196,A1,False,48.276385879261596,12.972209850848477,8.188994507728996,31.33027484672227,51.42482635998224,26.635719060702755,12.972209850848477,8.188994507728996
Empathie,198,A1,False,45.58853345097399,13.038596226769505,8.306351147729243,30.300059224115696,50.33209742521436,25.621896264164896,13.038596226769503,8.306351147729249
Empathie,200,A1,False,50.694399527156676,14.131731326417999,8.970703609831064,31.324555137772943,52.72570391672569,26.70339847869781,14.131731326417999,8.970703609831062
Empathie,202,A1,False,44.96123603174273,13.585676118632115,8.456226224736513,31.209339407297332,49.97501991535426,26.550107611998147,13.585676118632115,8.456226224736513
Empathie,204,A1,False,49.19357983473141,13.618728403052721,7.949805099944028,33.18142652435927,53.27650101695017,28.192758113729056,13.618728403052721,7.949805099944028
Empathie,206,A1,False,48.71963702964363,12.30628589110366,7.977177628393949,32.96308480659717,52.073390314742284,28.281494986271635,12.30628589110366,7.9771776283939495
Empathie,208,A1,False,52.419976404257945,18.904567170567567,7.214030987924149,33.2689107552983,53.42274952749993,28.13784173485912,18.904567170567567,7.214030987924148
Empathie,210,A1,False,56.36780039962846,14.646428575332463,7.59256653595698,35.23331516825574,60.335770714281836,29.49951688924293,14.646428575332461,7.59256653595698
Empathie,212,A1,False,51.26157813227544,13.378487766848076,9.328591903711459,36.61263958313818,60.9958910809165,30.852704062668092,13.37848776684808,9.328591903711459
Empathie,214,A1,False,54.98426006204879,10.835004844135925,7.853382084188109,38.255158563781066,65.43323978437412,31.92743630539767,10.835004844135929,7.853382084188109
Empathie,216,A1,False,52.890091786344286,11.503769888514357,9.32660166602129,37.58841894848608,63.87634486719579,31.383410780105883,11.503769888514354,9.32660166602129
Empathie,218,A1,False,48.24632512424001,11.412119887006748,9.55849388684497,38.856828389588095,63.86149617957468,32.601207081696636,11.412119887006744,9.55849388684497
Empathie,220,A1,False,47.86015281720906,12.067776470586082,11.171520763996043,44.296234139856224,70.30920149183576,37.57138312444498,12.067776470586084,11.171520763996043
Empathie,222,A1,False,47.49753430423498,10.573311957593686,17.327372538215666,41.30373948148906,67.10428940822808,34.78376991659661,10.573311957593686,17.327372538215666
Empathie,224,A1,False,48.982306139879725,11.87886119200561,23.845366688250056,47.18766137743214,71.09235528562874,40.4278723122878,11.87886119200561,23.845366688250056
Empathie,226,A1,False,48.59788234520132,12.9639994984122,43.17933279561902,36.167466640589986,53.572161127701804,31.33975945809342,12.9639994984122,43.17933279561902
Empathie,228,A1,False,44.58446843820478,18.2050580662601,35.53038162153092,39.199899385785805,42.58835661847882,36.03411200313855,18.2050580662601,35.53038162153092
Empathie,230,A1,False,45.669681996911464,18.021036656763105,37.68280825386273,41.215723243555004,45.993519754484964,37.810274773268524,18.021036656763105,37.68280825386273
Empathie,232,A1,False,46.908277964272585,16.59509144720769,36.864031853831854,44.42191003785611,51.58108458759117,40.55852618181194,16.59509144720769,36.864031853831854
Entschuldigung,191,A1,False,38.297001506482104,10.611761151939357,14.981932545538617,25.2595023340376,38.48373464663265,22.655513897107117,10.611761151939357,14.981932545538617
Entschuldigung,193,A1,False,39.23255995272098,10.723629852177911,14.002319923625745,26.394828182909,40.70475223374777,23.511557204601587,10.723629852177913,14.002319923625745
Entschuldigung,195,A1,False,37.80752664546077,10.107628938432878,13.821429335744362,26.11261928519131,39.362387240476814,23.32687388800842,10.107628938432878,13.821429335744362
Entschuldigung,197,A1,False,40.117884784227755,10.393919928308678,13.429523716356176,25.32493134687929,38.30515745903224,22.793571768455802,10.393919928308678,13.429523716356176
Entschuldigung,199,A1,False,40.275747804100604,12.043035199243493,14.771391602514361,26.502673428693583,39.63683713003487,23.778894396475078,12.043035199243493,14.771391602514361
Entschuldigung,201,A1,False,41.59422466843185,13.85484279630285,14.981776389314355,26.326905078359292,38.43054134733802,23.68268423677003,13.85484279630285,14.981776389314353
Entschuldigung,203,A1,False,45.80230230045911,15.601959203940364,14.362772691130012,33.39537030707313,50.88173262888237,29.599245743024895,15.601959203940364,14.362772691130012
Entschuldigung,205,A1,False,43.687249421167614,12.049179542467717,10.809834276006532,40.29261663667959,61.949725677659,35.02270043989618,12.049179542467717,10.809834276006532
Entschuldigung,207,A1,False,44.69435547279778,11.581192507578125,10.35517179874789,43.4751062261702,66.97228105876978,37.78532226100187,11.581192507578125,10.35517179874789
Entschuldigung,209,A1,False,47.21371785467249,14.806177940115422,11.047879012556542,44.011669240841755,50.414975894534585,39.475080343345034,14.806177940115422,11.047879012556542
FestellenDiagnose,197,A1,False,54.072443772536836,10.783563228891003,13.665059794272919,27.33486005435799,45.34922883220362,23.266271730710677,10.783563228891003,13.665059794272922
FestellenDiagnose,199,A1,False,56.70488236553689,11.432208203070283,13.956635090354137,27.150017737223212,45.84184913618742,23.03887506896282,11.432208203070283,13.956635090354137
FestellenDiagnose,201,A1,False,55.56803308030565,10.84499686544563,14.171479870360198,27.328736730335017,46.15942331404144,23.183598472574637,10.84499686544563,14.171479870360198
FestellenDiagnose,203,A1,False,51.132634440481176,10.962296161126835,13.768598142194545,27.287355190724686,46.13546821681192,23.07206562907675,10.962296161126835,13.768598142194545
FestellenDiagnose,205,A1,False,50.267755443510545,10.66018189528741,13.278724113559045,27.62228416595801,46.69203029231177,23.28547145188926,10.66018189528741,13.278724113559045
FestellenDiagnose,207,A1,False,43.88694716832811,11.42521208016237,13.273996138900044,27.180698885709056,45.66142125606294,23.066513003832057,11.425212080162371,13.273996138900044
FestellenDiagnose,209,A1,False,42.690099720739866,11.305210333044851,13.945660105502744,27.314797620135998,45.4090222392523,23.36571888665799,11.305210333044851,13.945660105502746
FestellenDiagnose,211,A1,False,37.464235170347685,11.274605538706863,13.542036304226064,27.731893638889463,43.90771823161347,23.651091068287425,11.274605538706863,13.542036304226064
FestellenDiagnose,213,A1,False,43.08571763731549,10.58050688239695,11.959290387520435,27.073635378484497,45.69067087997996,22.838085129354027,10.58050688239695,11.959290387520435
FestellenDiagnose,215,A1,False,42.67507311358598,10.863245432223604,10.72545619886349,30.830748999919816,50.21124433750135,25.97352379490298,10.863245432223604,10.72545619886349
FestellenDiagnose,217,A1,False,41.20472349931641,11.24450385585313,12.121597460267822,36.71098526732405,52.83147320888695,31.66116421081923,11.24450385585313,12.121597460267822
FestellenDiagnose,219,A1,False,40.41452913414407,11.994129340406511,14.079168299747359,40.98887461932094,59.35514998041299,35.29563800186149,11.994129340406513,14.07916829974736
FestellenDiagnose,221,A1,False,40.41166374748283,12.803155875913081,14.451791350437484,41.43228557448616,63.02127018013132,35.33433256032812,12.80315587591308,14.451791350437484
FestellenDiagnose,223,A1,False,41.3935356514451,13.87717580141587,14.964240907617091,35.34817293683687,56.90589298976369,29.99139545047498,13.87717580141587,14.96424090761709
Frech,203,A1,True,42.46045456648386,,13.027812838369975,29.56306024487665,40.4363566902093,26.77882993846219,,13.02781283836998
Frech,205,A1,True,42.80952170243705,,11.814560515456982,30.821560150377774,42.98098124620054,27.829187130817363,,11.81456051545698
Frech,207,A1,True,41.46877673239859,,10.2132801551164,29.779912715596133,42.599274666902005,26.565945162239334,,10.2132801551164
Frech,209,A1,True,45.01640084227647,,8.909431840271123,36.809961754718216,45.52798030833836,33.14260697750566,,8.909431840271123
Frieren,190,A1,False,37.63418916708202,11.355651046448466,14.504548024451898,25.653312708995383,36.08849905430913,22.94329077206621,11.355651046448465,14.504548024451896
Frieren,192,A1,False,36.829298717669474,10.973152929117386,14.1355001449134,24.5989891092094,33.82342504484014,22.189047321952234,10.973152929117386,14.1355001449134
Frieren,194,A1,False,36.614067619767475,10.686987005777471,13.953905220289494,23.74280284282809,33.03068205741346,21.12657154897417,10.686987005777471,13.953905220289494
Frieren,196,A1,False,36.411787700869134,10.393350704076608,13.738939374962564,25.18056744650298,32.398278701644706,22.74405337920653,10.39335070407661,13.738939374962564
Frieren,198,A1,False,39.168899138094176,9.966265079613661,13.324784784878062,23.344527407085668,32.49600063257562,21.054004713717287,9.966265079613661,13.324784784878059
Frieren,200,A1,False,37.10496312755886,10.40583734142517,13.395244983131697,24.627443626964837,34.578356465519946,22.264516572097587,10.40583734142517,13.395244983131697
Frieren,202,A1,False,37.70673848164772,9.840744802193242,12.894475250483119,25.790743102546532,36.20895136516854,23.460476010796004,9.840744802193242,12.894475250483119
Frieren,204,A1,False,41.394113204845006,9.878689661796619,13.073005845131927,27.866032611701737,38.23918962187922,24.887177449125048,9.878689661796619,13.07300584513193
Frieren,206,A1,False,41.26489816781043,9.241121331165997,12.04261105411978,29.636399353427414,39.12835171031228,26.590601556620356,9.241121331165994,12.04261105411978
Frieren,208,A1,False,42.075037579998806,8.103700465217534,11.21812440536776,29.67799582737609,37.031440878167345,26.87565193820985,8.103700465217534,11.21812440536776
Frieren,210,A1,False,37.45385480810616,7.691272516132793,11.470196124922278,23.212454522184913,29.197218687819035,20.851299940657906,7.691272516132793,11.470196124922278
Frieren,212,A1,False,37.68595040051211,6.911862396014924,9.936522669281581,20.306385180807016,26.30515053268248,18.23309921096549,6.911862396014924,9.936522669281581
Frieren,214,A1,False,40.674248733244625,6.643162373283478,9.14689157453736,22.162528179378974,29.876184510220757,20.229752342134564,6.643162373283478,9.14689157453736
Frieren,216,A1,False,40.161678895947304,9.253037413113095,11.52949436170539,22.50384152702072,29.444322679926092,20.78412282660712,9.253037413113095,11.529494361705392
Frieren,218,A1,False,51.5367991327583,11.365494413758737,13.629274427141404,45.50696852358101,44.87250755364018,41.83639229443013,11.365494413758737,13.629274427141404
Frieren,220,A1,False,54.072198102607196,12.528061400439597,13.711904883873231,47.839228885396274,46.91038603730238,44.23993856847627,12.528061400439597,13.711904883873231
Frieren,222,A1,False,48.63563865162542,10.53331615760146,18.671509034370093,41.463011503153524,43.39843865860867,37.930933202624324,10.53331615760146,18.671509034370093
Frieren,224,A1,False,42.49453088636859,8.884488121675272,14.429623198036321,38.07827277875258,33.444590651463265,35.64229674106107,8.884488121675272,14.429623198036321
Frisch,189,A1,False,59.57371736940144,10.907389266644483,10.742158390595735,50.29128151586603,40.437660403671266,47.91524643255521,10.907389266644484,10.742158390595735
Frisch,191,A1,False,54.66767491055805,10.738219461096406,9.982573151130456,47.02107732742481,38.95879716410562,44.688062259237114,10.738219461096403,9.982573151130458
Frisch,193,A1,False,55.30147627701953,11.19860276438278,10.044319815786023,48.1512087233501,39.049838684924005,45.89103537628836,11.19860276438278,10.044319815786025
Frisch,195,A1,False,51.99875521124068,10.596639497591958,10.112188441781996,43.52133169850861,36.29686745745186,41.42522309904154,10.596639497591958,10.112188441781996
Frisch,197,A1,False,54.99896043296744,10.057671683328003,9.66316716190803,46.5961563508445,38.717532334222106,44.49403397267862,10.057671683328,9.663167161908033
Frisch,199,A1,False,54.54084295052566,9.603089182430928,9.175521533052766,45.88978340086575,36.39435168787421,43.79255400857442,9.603089182430931,9.175521533052764
Frisch,201,A1,False,52.032983092839345,8.828621119448114,10.507315477007312,41.31868392570178,34.51457826954096,39.50308266557216,8.828621119448114,10.50731547700731
Frisch,203,A1,False,42.47946565830821,9.620865013645291,9.256187486201325,31.441044520042627,39.46853788364588,28.71557030092803,9.620865013645291,9.256187486201325
Frisch,205,A1,False,44.94897832720655,7.975768134624915,8.513980630253888,31.547705728935686,41.27840677791645,28.362053775444874,7.975768134624915,8.513980630253888
Frisch,207,A1,False,47.18967196441347,6.239658060759141,7.749064273851695,32.17824257331552,40.750108561066845,28.923342061740286,6.239658060759141,7.749064273851695
Frisch,209,A1,False,48.24798301856239,5.46200330263047,6.6329910862005566,32.09756468922398,40.49571687076936,29.022386961376327,5.462003302630468,6.6329910862005566
Frisch,211,A1,False,50.45529565248227,5.002862797052249,6.213093115549598,32.03801085050611,36.95812426714236,29.443488268580737,5.002862797052249,6.213093115549598
Frisch,213,A1,False,43.52200267942241,5.791875892613586,6.44168154968,32.15410151906708,43.58274565348336,28.59379650352781,5.791875892613586,6.441681549680002
Frisch,215,A1,False,44.81313169579277,6.13957594435391,7.166476956895323,36.319820213392596,54.81006076145732,31.458602419194598,6.13957594435391,7.166476956895322
Froh,186,A1,False,64.84167354537098,9.484357182335772,10.004131168781088,63.11991175134041,65.25986923816015,57.70714571348925,9.484357182335772,10.004131168781088
Froh,188,A1,False,65.71396460348747,9.614373588774205,8.880440298939975,64.75043768324755,67.27907681979238,59.14921471010989,9.614373588774205,8.880440298939975
Froh,190,A1,False,57.00638386240131,11.357678823180304,8.973263956920931,53.14480556944017,64.86375206645201,47.90717381259722,11.357678823180304,8.973263956920931
Froh,192,A1,False,48.44681279225634,10.257264530652563,8.019297716383571,43.77390029675247,60.27231215718664,38.61258142970811,10.257264530652563,8.019297716383571
Froh,194,A1,False,48.5845353508909,10.674000440496602,8.446695122886648,43.08622509419196,61.271109968646584,37.599902691393,10.674000440496602,8.446695122886648
Froh,196,A1,False,48.52223677188564,10.3049013798992,7.585098049907112,43.39748604352891,66.47914451785415,37.39546294669333,10.3049013798992,7.5850980499071134
Froh,198,A1,False,44.141233712665034,11.41353289936861,8.225050265774078,38.98821631938762,59.460948021690974,33.672542538104935,11.413532899368608,8.225050265774078
Froh,200,A1,False,42.79396903749049,10.45093837295046,7.821101560652594,37.017890793778726,55.44880399504489,32.35914130808161,10.450938372950462,7.821101560652596
Froh,202,A1,False,38.072866037923866,10.126942002442112,7.3548052811825375,30.6498836852285,43.183759007087716,26.911385702351026,10.12694200244211,7.3548052811825375
Froh,204,A1,False,42.373644374112004,9.491887651163143,7.614300649418451,24.313837685849073,29.128491997458955,22.259238680596482,9.491887651163141,7.614300649418451
Froh,206,A1,False,53.55952158591551,9.46608391595951,7.756537174967469,46.83246621708208,49.463714461708875,42.652573867917695,9.46608391595951,7.75653717496747
Froh,208,A1,False,52.77921594790353,11.74533406201709,12.975038659260331,48.21704855254706,51.95008554640932,43.72399072133429,11.74533406201709,12.975038659260331
Froh,210,A1,False,46.163452583251186,13.1399059092651,12.700613753597922,42.036836029479645,45.157278629237986,38.312389751180135,13.1399059092651,12.700613753597922
Glas,140,A1,False,38.638191487578304,14.387921388125015,14.503322983764296,25.432072308229625,32.903110705924455,22.819891673838413,14.387921388125015,14.503322983764296
Glas,142,A1,False,40.07442025458603,13.745165732790502,14.380927410336069,28.405792853896692,38.524010653289864,25.261842261407114,13.745165732790502,14.38092741033607
Glas,144,A1,False,39.67561491537082,13.73873552292772,14.211801910317124,29.48816738665717,40.30718410491284,26.148459409004598,13.73873552292772,14.211801910317124
Glas,146,A1,False,42.25933371851774,13.633413610735861,13.765958990670885,31.052182275617795,41.28487182772935,27.70311364629105,13.633413610735863,13.765958990670885
Glas,148,A1,False,42.10132402618442,13.709402084127733,14.508504092336603,29.5351258611936,38.61545651297577,26.439122115361585,13.709402084127733,14.508504092336604
Glas,150,A1,False,42.048931575557695,13.068385521239325,14.003401973037269,31.64180550749094,41.48330804240353,28.137402379827726,13.068385521239321,14.003401973037269
Glas,152,A1,False,43.06672726257429,13.176998071371573,13.800947913311735,32.215834616137634,40.049836041331254,28.87602519887074,13.176998071371575,13.800947913311735
Glas,154,A1,False,41.80677340875256,12.704916235611483,13.759814231947393,29.468865532100487,41.5124662478836,26.004255873367228,12.704916235611483,13.759814231947399
Glas,156,A1,False,42.33490864725657,12.913687925348578,14.229360817616307,28.36050019956322,40.89895151841224,25.157799349022678,12.913687925348578,14.229360817616307
Glas,158,A1,False,39.94205107606956,13.631990528940415,14.58135456970963,30.29408235675115,45.162188076575866,26.4468231191737,13.631990528940415,14.58135456970963
Glas,160,A1,False,42.79555602435758,13.721664707416199,13.733604096341807,30.52044883852003,41.99020949641813,27.037262636301833,13.721664707416199,13.733604096341807
Glas,162,A1,False,42.73238540111105,13.46723586697178,14.220503562815086,29.722930047585645,40.877903976420065,26.350660981459637,13.46723586697178,14.220503562815086
Glas,164,A1,False,42.42552884606409,13.44680210342153,14.078396695130847,29.594700597606387,38.10951719567484,26.49533331053257,13.44680210342153,14.078396695130847
Glas,166,A1,False,40.238723400860096,12.811355912297605,13.926495872179263,28.415030306954378,38.58341401779492,25.370779878376734,12.811355912297605,13.926495872179261
Glas,168,A1,False,35.65586332663824,13.424390651010704,13.934450783735551,24.86332406053946,35.592108937070265,21.887386615369934,13.424390651010704,13.934450783735551
Glas,170,A1,False,44.59365360377679,12.71651322407708,13.813726600222164,28.534711828264708,40.50146467153905,25.419045477299285,12.716513224077076,13.813726600222168
Glas,172,A1,False,39.61587602307801,13.174014402678887,13.901715924293805,27.53285761301853,40.58028333985169,24.242546977045937,13.17401440267889,13.901715924293809
Glas,174,A1,False,40.59826681143812,13.971526723532788,14.031717522924579,28.277169958607004,41.24098689891926,24.813367000963577,13.971526723532786,14.031717522924582
Glas,176,A1,False,40.68880027010208,13.480759933276754,13.750740235636941,28.710278147577558,40.070372572868784,25.36386872936733,13.480759933276751,13.750740235636938
Glas,178,A1,False,40.44908068220714,13.457514181886317,13.176216992028746,28.21625077228735,37.64641799779149,25.1333453576701,13.457514181886317,13.176216992028747
Glas,180,A1,False,39.31257301078412,13.995762797684504,14.119757372949893,28.15270425328988,40.13893205185215,24.821165212310298,13.9957627976845,14.11975737294989
Glas,182,A1,False,40.54322627732903,14.875275144324554,13.988309274253444,28.561325033905188,41.65773847363505,25.088836960118872,14.875275144324554,13.988309274253448
Glas,184,A1,False,39.96599549434183,15.909795921639997,14.018401847879192,28.499065533400298,41.01384890108788,25.1492758735843,15.90979592164,14.018401847879192
Glas,186,A1,False,42.204570999521565,18.830371306690637,14.225839596006377,29.887653287739823,41.2554230216145,26.42726888745626,18.830371306690637,14.225839596006377
Glas,188,A1,False,37.07159717796567,23.18627550364481,15.65859995608299,24.474713071230813,35.40423463964379,21.760893431191327,23.18627550364481,15.658599956082993
Glas,190,A1,False,36.61522718360732,26.58165466746816,16.17798217144827,24.87069985953111,37.85853803745941,21.86647714419951,26.58165466746816,16.17798217144827
Glas,192,A1,False,34.9235434182748,26.66320227213545,13.88749778363712,22.080911393421037,32.24719463390093,19.74732212495486,26.66320227213545,13.88749778363712
Glas,194,A1,False,34.742032183989465,27.93925518193656,14.38526953274461,24.6878109514793,34.52782871529126,21.807556725519092,27.939255181936566,14.38526953274461
Glas,196,A1,False,37.985913518015764,31.846833407774966,15.266256123746626,25.038375389400034,35.863924377148614,22.039606382497595,31.846833407774973,15.266256123746622
Glas,198,A1,False,36.64708897990667,33.002374614764996,14.864370425425951,26.589199319971872,38.71897539830186,23.248095222375635,33.002374614764996,14.864370425425951
Glas,200,A1,False,36.252161301787666,32.40975957979278,14.122876128575367,27.044153530721292,38.530475110039276,23.702665179804953,32.40975957979278,14.122876128575369
Glas,202,A1,False,37.46223604857467,36.132701709408835,15.574372312862574,31.805162241062586,45.20229206055688,27.769868999289965,36.132701709408835,15.574372312862574
Glas,204,A1,False,37.936440395026196,36.657624656921826,16.09005130993912,35.467504417278406,50.841535060815595,30.9452454503453,36.657624656921826,16.090051309939124
Glas,206,A1,False,39.17466433638571,34.15385911672771,15.998952632382112,35.782739857823294,52.41257099185259,31.279859664391335,34.15385911672771,15.998952632382112
IdiomPffIgnorieren,154,A1,False,46.27832870330312,13.890246627060133,12.639137948754644,20.522921275678318,32.72492218574907,17.64427128213936,13.890246627060133,12.639137948754644
IdiomPffIgnorieren,156,A1,False,48.367282423432215,13.853899213646445,13.710160357282419,22.845595217118703,34.83969474297128,19.639506465927905,13.853899213646445,13.710160357282419
IdiomPffIgnorieren,158,A1,False,51.13986426783348,14.887620471311276,12.282083584275977,22.172045341227346,35.112399740498546,18.981635153087463,14.887620471311276,12.282083584275977
IdiomPffIgnorieren,160,A1,False,56.99686435913554,14.93919999475102,9.83583162323304,23.20228286027961,37.88658930156394,19.744605941162096,14.93919999475102,9.835831623233037
IdiomPffIgnorieren,162,A1,False,50.000598258701814,15.001846736925382,7.736857207042906,24.28101715534285,39.34526868744841,20.822716951157084,15.001846736925382,7.736857207042907
IdiomPffIgnorieren,164,A1,False,49.27081934872383,15.871106878642987,6.060726896795008,24.907370867109854,39.98135871023738,21.702037352405778,15.871106878642987,6.060726896795008
IdiomPffIgnorieren,166,A1,False,46.90794497648885,15.705355313185915,6.698300064874246,21.90251695057436,35.90077234068908,18.6208087051163,15.705355313185915,6.698300064874246
IdiomPffIgnorieren,168,A1,False,48.11503021702647,16.0380486156673,7.758495750558729,23.849180538738402,38.838071055764054,20.486548183145,16.0380486156673,7.758495750558729
IdiomPffIgnorieren,170,A1,False,46.684933079248076,16.609148618058608,8.54887340201939,24.103403405163583,38.98474732107419,20.931165287440603,16.609148618058608,8.54887340201939
IdiomPffIgnorieren,172,A1,False,41.10127892247763,15.334113761700337,8.423555116034757,22.333157758293858,35.90752665053357,19.11791357977473,15.334113761700337,8.423555116034757
IdiomPffIgnorieren,174,A1,False,40.90722888831512,15.552730522761987,8.123651219227682,27.710032485087293,45.663726580982754,23.709763705645894,15.55273052276199,8.123651219227684
IdiomPffIgnorieren,176,A1,False,37.87345778512192,15.862295988598806,8.483709964626389,30.660189244133093,42.910707414243824,26.612136494867976,15.862295988598806,8.483709964626389
IdiomPffIgnorieren,178,A1,False,42.20200948595738,16.654751787618306,6.820327203191598,34.922681032906844,54.96407540185905,29.777497629971986,16.654751787618302,6.820327203191597
IdiomPffIgnorieren,180,A1,False,47.39619377059932,18.148931048831493,6.612775920249427,48.498111492838284,67.57339663129662,42.47459693795472,18.148931048831493,6.612775920249427
IdiomPffIgnorieren,182,A1,False,50.40340700859308,37.55474326085599,32.83176327364439,50.29143982854487,46.19348182127946,46.88461827504611,37.55474326085599,32.83176327364439
IdiomPffIgnorieren,184,A1,False,47.97883235446929,39.06080182523474,29.261607572715242,47.05068993591317,46.045265745999096,43.60103560971482,39.06080182523474,29.26160757271524
Jahr,242,A1,True,38.46122992095627,,14.158284683330482,27.25436204509089,39.65488785089117,23.44633678163789,,14.158284683330482
Jahr,244,A1,True,38.92944343510911,,14.05921520498644,28.18667097669425,40.34007929743291,24.476250509616072,,14.05921520498644
Jahr,246,A1,True,44.2837716084948,,14.381265045606849,33.90078260985604,49.375855594155645,28.949595830361524,,14.381265045606845
Jahr,248,A1,True,44.11585982161619,,14.146772022277137,38.4215252910413,55.47137570013582,32.86198282203207,,14.146772022277135
Jahr,250,A1,True,41.26804195471577,,14.016244483650732,37.84657406323978,53.225771760920914,32.4311732267864,,14.016244483650734
Jahr,252,A1,True,46.546600774181805,,13.459259112214202,41.450863898944554,61.17971799759459,35.35313086865452,,13.459259112214202
Jahr,254,A1,True,43.833573472686076,,13.689068752630702,40.93049214196999,57.69214494846631,35.08699882883264,,13.6890687526307
Jahr,256,A1,True,40.89092502080958,,13.042375600629038,40.830254624856565,56.906997826667634,34.99845130263299,,13.04237560062904
Jahr,258,A1,True,47.436904267618246,,14.234178503565413,52.325636614796984,76.10969602265783,44.584407746216215,,14.234178503565413
Jahr,260,A1,True,46.62953696175024,,10.118447403418154,49.244696173081145,71.29779894979782,41.89048365248456,,10.118447403418154
Klar,154,A1,True,37.981910644347685,,9.410064485457623,29.42357799126999,39.222571026212584,25.876602028388437,,9.410064485457623
Klar,156,A1,True,34.791349618021776,,9.375294042622828,26.757653573668186,35.317684562029186,23.56129654086505,,9.375294042622828
Klar,158,A1,True,38.70159079598803,,8.909408919618661,29.453157632723986,36.234613514695894,26.08519276233294,,8.909408919618661
Klar,160,A1,True,39.21035375574642,,8.760688505787286,29.113294240715675,36.54882048397584,25.76791099855011,,8.760688505787286
Klar,162,A1,True,36.518918750889355,,8.365978175980333,28.943576197202923,36.52084193876569,25.616890575097308,,8.365978175980333
Klar,164,A1,True,37.22908121813147,,9.261423025203278,29.33344473591998,36.33862572248519,25.91945421314046,,9.261423025203278
Klar,166,A1,True,35.33070115322371,,10.181747000532772,27.137898177870866,34.84795411625321,23.85094684304661,,10.181747000532768
Klar,168,A1,True,35.83955979015945,,10.423085926868989,26.801694397628093,34.88195281170655,23.452297049413048,,10.42308592686899
Klar,170,A1,True,34.24287611045504,,9.128799409481164,25.519570145027256,33.78003153619158,22.340041134934605,,9.128799409481164
Klar,172,A1,True,41.01258666768701,,7.739851893884265,31.77708189198767,39.32692240315698,28.251762126609968,,7.739851893884265
Klar,174,A1,True,37.227321764499806,,7.889095723250769,28.234449006087747,35.92400369705786,25.237420097127302,,7.889095723250769
Klar,176,A1,True,39.56657955523198,,7.889470378880169,28.891628596936826,43.81893638692171,25.49168364112968,,7.889470378880169
Klar,178,A1,True,41.60098329322222,,8.395237528777896,30.59804550821378,47.650676070986755,26.40238877077724,,8.395237528777896
Klar,180,A1,True,40.12305334420103,,9.29590543766007,35.53400914548951,53.826559367362236,30.324163009779152,,9.295905437660066
Kochen,227,A1,False,38.57122599042987,15.529038127694118,15.607234004759041,23.125132287786986,30.478688807069986,21.05577483489814,15.529038127694118,15.607234004759045
Kochen,229,A1,False,38.58295765909421,13.411823867019773,16.068870897828344,22.288210043093734,32.58703888778764,20.067155209408288,13.411823867019772,16.068870897828344
Kochen,231,A1,False,41.906512162518595,13.330318554201003,16.197746441253233,26.578218909089795,34.405941671834256,24.21512856091296,13.330318554201005,16.197746441253233
Kochen,233,A1,False,42.6921415259137,19.38508473815855,16.300238666176455,27.832236801884502,35.707089389568715,25.28086620054782,19.38508473815855,16.30023866617645
Kochen,235,A1,False,37.73388679968006,13.711746631314714,13.918743510960963,22.537913522731888,31.875176786508543,20.66749377945,13.711746631314714,13.918743510960969
Kochen,237,A1,False,37.558201030632475,14.138357956211122,13.515754700916519,22.262141281553877,31.592778564859238,20.154053134183364,14.138357956211124,13.515754700916519
Kochen,239,A1,False,36.79785097881194,10.939847441210535,11.851474269208094,22.397650167955675,32.11598153277606,20.454462682790638,10.939847441210535,11.851474269208094
Kochen,241,A1,False,36.11269676103858,8.73405360001058,10.181342877063738,22.060013198748436,32.90286907088383,19.707382807595863,8.73405360001058,10.181342877063738
Kochen,243,A1,False,33.459532601670304,7.43594988145545,10.626726266584607,20.326146654386193,29.904601231654613,18.395163960260557,7.43594988145545,10.626726266584608
Kochen,245,A1,False,35.90432389636467,6.609644284057007,10.655617901786375,22.96524298809429,30.869192845971238,20.42639946648442,6.609644284057007,10.655617901786375
Kochen,247,A1,False,34.22875801163352,8.261168408347036,10.938233772611714,23.021922329038496,31.55450057703074,20.30122883194088,8.261168408347034,10.938233772611714
Kochen,249,A1,False,37.402929575513795,12.20958877645361,12.446285764781278,27.393092747244893,35.25746281994456,24.4250721003556,12.20958877645361,12.446285764781278
Kochen,251,A1,False,38.03629936417441,16.59064191892125,10.771036312027181,31.6469555703051,41.56989893723687,28.074975720318488,16.59064191892125,10.771036312027181
Kochen,253,A1,False,36.095905312794166,26.42193914868542,14.677850201611937,32.51482035626413,42.532979045604655,28.625379350853215,26.42193914868542,14.677850201611937
Lesen,215,A1,False,41.26129575706137,8.669159865385046,11.727111940517918,28.6018191558052,46.99571107130849,24.811218573652553,8.669159865385046,11.727111940517922
Lesen,217,A1,False,38.201639642180155,9.414156322155147,11.658958530931868,25.930118490381705,37.606066472901134,22.581618994975535,9.414156322155147,11.658958530931868
Lesen,219,A1,False,39.16252739420912,10.046540553063007,10.686462651586222,26.708042883722925,34.843698687173365,23.61873842532082,10.046540553063004,10.686462651586226
Lesen,221,A1,False,42.301605512423215,9.472489405530972,8.104732040153582,27.350616768237018,44.071645037038735,23.940899831605552,9.472489405530974,8.104732040153582
Lesen,223,A1,False,38.93374217640012,9.596789213986007,8.70450283404664,24.862275878204873,38.71727913804005,21.72462040194907,9.596789213986007,8.70450283404664
Lesen,225,A1,False,36.53418488147631,9.674046236467852,11.817680536519731,27.856608350973428,36.898094751589774,24.501107517324897,9.67404623646785,11.817680536519733
Lesen,227,A1,False,39.987670925299646,10.596349087193273,11.544945450666,31.993427210574513,36.588537063092936,28.770080291593352,10.596349087193271,11.544945450666
Lesen,229,A1,False,36.3171478491446,10.251957596728996,10.903700031479216,26.873792089200695,34.616037300501176,23.680307732497567,10.251957596728996,10.903700031479216
Lesen,231,A1,False,36.164109913903694,9.637586935745798,10.594774325632633,28.702129957857593,35.259956595332476,25.468423532743074,9.637586935745798,10.594774325632633
Lesen,233,A1,False,36.085419130002336,9.777957911966528,10.915222393300562,24.299261738660057,35.0193434247162,21.32274475074631,9.777957911966526,10.915222393300564
Lesen,235,A1,False,35.187752669943706,9.596635529116925,11.304117304739458,27.188729700318955,35.009266347877904,23.92422532042773,9.596635529116925,11.304117304739455
Lesen,237,A1,False,35.99035868335781,10.287500497382077,11.327465028772796,27.76144763855014,36.191275525045896,24.350166270013684,10.287500497382077,11.327465028772796
Lesen,239,A1,False,39.358332574593675,10.616391274540446,11.543645879408459,35.1928933434203,41.104305551282515,31.403045936029883,10.616391274540446,11.543645879408455
Lesen,241,A1,False,38.92609519075524,10.330673537325486,10.988359328794235,33.21565221528446,41.32464851971258,29.27525697947762,10.330673537325486,10.988359328794235
Lesen,243,A1,False,37.86009154630663,11.221198728580616,11.501373036151298,33.90372038845331,44.58410187086573,29.664870451587067,11.221198728580616,11.501373036151298
Lesen,245,A1,False,41.12994587644751,10.984823406663788,11.881341638759706,36.06120123572433,43.73529198874486,31.957902371928597,10.984823406663788,11.881341638759707
Lesen,247,A1,False,42.35953654210937,12.193629168329496,13.569327174231784,40.83729980804263,53.125717322801364,35.890594909930876,12.193629168329496,13.569327174231784
Lesen,249,A1,False,46.185021448083575,16.346382325369667,16.800550734032623,48.16238697982893,61.95741816102301,42.50296226566072,16.346382325369667,16.80055073403262
LiebBitte,170,A1,True,58.388526836597876,,12.99773578958731,48.9711129931852,59.03383085733841,43.39821873732903,,12.99773578958731
LiebBitte,172,A1,True,47.62710430501716,,13.006789462432735,43.73349827616637,57.217123286457316,38.53637832126126,,13.006789462432735
LiebBitte,174,A1,True,53.460591895615686,,12.551197816239878,47.386503984167426,57.00098041199784,42.11951458822989,,12.551197816239878
LiebBitte,176,A1,True,60.56900327096068,,12.825212803892299,55.07351666860066,66.06831144851722,48.978324338757176,,12.825212803892299
LiebBitte,178,A1,True,60.30020381062846,,12.55402277872274,53.95689162507425,64.6501990028917,47.83315398219644,,12.554022778722741
LiebBitte,180,A1,True,52.094880128899526,,12.173473284734543,45.71437297036474,52.13634201464183,40.81698682145205,,12.173473284734543
LiebBitte,182,A1,True,48.27474356482486,,12.65045050931895,44.16847602983734,52.425259015943304,39.113691357504145,,12.65045050931895
LiebBitte,184,A1,True,51.91496924111754,,11.539428794131682,44.32779515563732,51.46090955838557,39.380697318753306,,11.539428794131682
LiebBitte,186,A1,True,47.92651764070018,,10.613854816176294,39.85052100921734,47.172505859467314,35.64182260479087,,10.613854816176294
LiebBitte,188,A1,True,46.205495978529754,,9.93108824391533,41.9405093091158,49.751229489675765,37.09318156196903,,9.93108824391533
LiebBitte,190,A1,True,37.680582139364326,,10.700348733429772,29.123474779418245,34.84409168935872,26.001244730685812,,10.700348733429772
LiebBitte,192,A1,True,38.792991725666916,,11.105444847613633,25.68140251799254,34.43563254825954,22.975775436399967,,11.105444847613636
LiebBitte,194,A1,True,34.69934955085184,,9.536016843405772,24.92285187909186,33.30116904574125,22.207961069500723,,9.536016843405772
LiebBitte,196,A1,True,36.87634091618195,,9.67276968574665,33.41662543421423,43.12708839863438,29.042814556740655,,9.67276968574665
LiebBitte,198,A1,True,44.76195215143316,,10.282327146733245,44.03038225080687,58.37412135516195,38.42809792436535,,10.282327146733245
LiebBitte,200,A1,True,48.43015662744603,,17.237056990518337,50.98646541839442,68.59638371192472,44.28064332401018,,17.237056990518337
Luegen,149,A1,True,41.81296606032659,,12.317671709870291,30.783382095552565,40.223119781352054,27.670010472792743,,12.317671709870291
Luegen,151,A1,True,43.85085682010929,,13.36635356500397,33.4048329993054,43.38107413344616,29.798922069939064,,13.36635356500397
Luegen,153,A1,True,41.98462496906025,,12.632759092528886,31.769215473796894,41.353692773424875,28.41376462237921,,12.63275909252888
Luegen,155,A1,True,36.64432943637594,,12.278588865240604,27.566128781633033,38.55756624196214,24.57399752891605,,12.278588865240604
Luegen,157,A1,True,37.537780779116275,,11.810128386216244,28.437878969752507,38.71388708494948,25.289568248762215,,11.810128386216244
Luegen,159,A1,True,37.09009178852449,,11.676724793376554,29.535690507642588,37.83089170576026,26.28230033504475,,11.676724793376554
Muell,160,A1,True,37.37135179825844,,15.540873682786247,29.540417209881145,44.371645670759136,25.701952476377663,,15.54087368278625
Muell,162,A1,True,36.93033976841317,,13.637206819227398,26.85484702057766,39.321270883449074,23.62229765871433,,13.637206819227396
Muell,164,A1,True,40.88966120026102,,12.71004680442013,28.81898434094747,40.52235257965976,25.674801351772867,,12.710046804420129
Muell,166,A1,True,39.72649248835192,,8.606478499822925,29.862059369690378,39.98193493063485,26.431165997293103,,8.606478499822925
Muell,168,A1,True,38.9883233730223,,7.878809515071046,29.57557612706545,39.338266061516656,26.4822856673452,,7.878809515071046
Muell,170,A1,True,42.02735328549414,,9.836867372195321,30.79182740645743,42.91805539603369,27.305940540133577,,9.836867372195321
Mutter,186,A1,True,51.96283552965986,,8.623992329405867,46.14472613152338,59.36191623631498,40.57880334744062,,8.623992329405867
Mutter,188,A1,True,52.01213857718405,,9.066677401301387,46.002056707848,57.99327258698027,40.61718434936451,,9.066677401301387
Mutter,190,A1,True,48.74199347812495,,7.537294855300996,42.04152510392247,53.63328343358326,37.091104024673854,,7.537294855300996
Mutter,192,A1,True,49.2923243123032,,7.562703477015033,41.04487102349613,50.378255328005174,36.2896946103425,,7.562703477015033
Mutter,194,A1,True,45.26914443676725,,8.100105057502292,34.759963683500764,44.1688199282843,30.773300850160012,,8.100105057502294
Mutter,196,A1,True,46.87619400540098,,7.581821941050383,31.777606288240655,41.75097021847618,28.801590814024635,,7.581821941050383
Mutter,198,A1,True,42.14156410261823,,7.979699394446236,29.55366807599395,39.670070167483054,26.139916539635337,,7.979699394446236
Mutter,200,A1,True,41.463637501527245,,7.365530880307863,27.68227161140165,39.61100850876899,24.358926647373377,,7.365530880307863
Mutter,202,A1,True,43.366129291535316,,7.62863664170042,29.50635267732726,43.76726763631474,25.978912162217057,,7.62863664170042
Mutter,204,A1,True,43.45890701099549,,8.997802267791814,36.15553397379948,54.811756120099034,31.042861854410287,,8.997802267791812
Mutter,206,A1,True,47.55088223323531,,11.274237074388683,42.62325637846146,64.1900202631383,36.93170532540129,,11.274237074388683
Naehen,201,A1,False,38.88040868960448,15.870371625941193,9.861632971594616,21.38071831613139,31.368769619042336,19.250136613703642,15.870371625941196,9.861632971594616
Naehen,203,A1,False,36.5478718450828,16.359654852273465,10.41563444298434,22.937993661697792,33.767736556773045,20.21274837356559,16.359654852273465,10.41563444298434
Naehen,205,A1,False,35.80562679840192,15.911138106783799,10.979001217887951,23.231582553784648,33.551139562852974,20.439237899654742,15.911138106783799,10.979001217887951
Naehen,207,A1,False,35.773563921320005,16.259439245955537,10.526773636527517,22.91437887162525,32.76406784302813,20.179200206836892,16.259439245955537,10.526773636527516
Naehen,209,A1,False,36.291392871547224,16.22101833891714,10.534243882000682,22.73178850077199,33.12653034696157,20.01336900231042,16.22101833891714,10.534243882000682
Naehen,211,A1,False,36.40989680983679,15.852840758155011,10.71987488287538,22.969192012240406,33.03291821933042,20.26949301792476,15.852840758155011,10.719874882875379
Naehen,213,A1,False,36.906207128717305,15.942510407945393,11.03657488145373,21.15663302935972,31.860563980676783,18.52371758336931,15.942510407945393,11.03657488145373
Naehen,215,A1,False,36.676317564848304,16.076386505569925,10.680382033108897,22.959146883484586,33.663874385123776,20.218073534311205,16.076386505569925,10.680382033108897
Naehen,217,A1,False,37.54508377080665,16.23069215608529,11.441097365364847,22.90803984924023,33.193342074803034,20.187068364962965,16.23069215608529,11.441097365364847
Naehen,219,A1,False,36.26652256113745,14.557546697913217,11.337803136919671,25.08628641207534,34.75662411082781,22.250861096906856,14.557546697913217,11.337803136919671
Naehen,221,A1,False,36.406434454909586,12.567794453058246,10.59488692983827,24.22162075665977,34.75888341616523,21.19633787845904,12.567794453058246,10.59488692983827
Naehen,223,A1,False,35.68265581426871,13.5165336886208,10.547073131870945,24.687982915276176,34.31349839866026,21.67807588579062,13.516533688620797,10.547073131870945
Naehen,225,A1,False,34.86008220596997,13.54679259460803,10.379210979728299,28.34917899196736,37.78799038418035,25.2416366461138,13.546792594608029,10.379210979728299
Naehen,227,A1,False,39.47276790673806,22.0418006396282,11.181731441876398,37.518529462681855,44.36894032396976,33.46048980314486,22.0418006396282,11.181731441876398
Naehen,229,A1,False,45.786489679799,28.134412081096027,13.057906314715748,47.70474235622156,64.20633460029327,41.848216503021916,28.13441208109603,13.057906314715746
Nebel,196,A1,False,43.39577623579332,7.888550103166258,7.734182314241246,35.70048627321936,57.904646020035656,30.82714238935925,7.888550103166258,7.734182314241246
Nebel,198,A1,False,52.975844435571716,8.261201604551484,8.02412274993306,44.737271853398184,67.34673729533509,38.80153342650928,8.261201604551484,8.02412274993306
Nebel,200,A1,False,47.66293498769699,9.157926142165083,8.776171367980055,41.71394689193648,58.93952682474821,36.59324232762128,9.157926142165083,8.776171367980055
Nebel,202,A1,False,45.74899205942368,9.214043540356323,10.873622803503455,40.491389494185846,55.396759182885695,35.78351452895714,9.214043540356323,10.873622803503455
Nebel,204,A1,False,41.218219250333114,9.922892664500893,11.45315368015641,33.90105513370704,46.20305232331648,29.830547914548465,9.922892664500893,11.45315368015641
Nebel,206,A1,False,45.974823895712674,11.496812100161579,14.184226733702081,39.711920486851994,60.08113538178161,34.271073726153496,11.496812100161579,14.184226733702081
Nebel,208,A1,False,47.491149073559065,14.071097551237534,12.996048658814741,46.39597600885804,74.18520867219365,39.61216435537333,14.071097551237534,12.996048658814741
Neu,134,A1,False,41.909701895163685,15.64334948125264,11.306291743802477,28.30829760366893,41.73051014102585,25.238741894184557,15.64334948125264,11.306291743802477
Neu,136,A1,False,42.52577683648565,15.894394268095562,11.593661256867206,30.489834284508316,45.47522863405776,26.992894046358245,15.894394268095562,11.593661256867206
Neu,138,A1,False,40.71729100866929,14.981053615709358,10.112248859827355,29.09355654753535,43.465485551365695,26.339637524684804,14.981053615709357,10.112248859827355
Neu,140,A1,False,38.75490129847454,15.166654521375204,10.044796468312638,29.411628528512658,43.99404815475101,26.44478549053142,15.166654521375202,10.044796468312638
Neu,142,A1,False,40.18141339996738,14.756325561049184,10.06067566926117,29.750013372905496,44.54411774078787,26.848287177167748,14.756325561049188,10.06067566926117
Neu,144,A1,False,37.80437055517132,15.328320819426626,10.604835896315802,28.41146238171909,43.170045418723475,25.35424252846069,15.328320819426626,10.604835896315802
Neu,146,A1,False,40.088412414952984,15.164752049440784,10.454690927923917,28.5244637602982,42.65691052575223,25.819016126852674,15.164752049440784,10.454690927923917
Neu,148,A1,False,40.079856147732585,17.283000242897266,9.559579676495954,23.853034030247205,36.00958657859521,21.477408867374532,17.283000242897266,9.559579676495954
Neu,150,A1,False,41.94118152776303,17.242431024251477,10.86584228166107,26.967133208947292,40.53024030553981,24.483696579480153,17.242431024251477,10.86584228166107
Neu,152,A1,False,41.21124709896674,14.330117762836363,9.619945816726078,26.89885935832025,40.73205530022029,24.29170585053115,14.330117762836363,9.619945816726077
Neu,154,A1,False,37.55990833890126,14.303740766021729,7.814527669881491,26.40549058864313,38.769803998383935,23.508805906872013,14.303740766021729,7.814527669881491
Neu,156,A1,False,36.64489633654897,14.078205656268176,6.507392074096782,25.15533319380479,37.535534091509255,22.474255623304078,14.078205656268176,6.507392074096782
Neu,158,A1,False,35.5048089355977,15.348221763987176,5.925331338208055,22.88502627965408,33.30913688727054,20.22543891214419,15.348221763987176,5.925331338208055
Neu,160,A1,False,39.25937593148181,20.882601136031955,8.884281641660698,26.51304958346798,39.433312443767925,23.32765416719613,20.88260113603196,8.884281641660698
Neu,162,A1,False,39.86116091726177,22.370741866570427,10.579100925289467,30.099105445058722,42.42773362715557,26.413964037745703,22.370741866570427,10.579100925289467
Neu,164,A1,False,42.016027329440774,31.1097032516391,12.98833095147457,31.5204363202956,44.74171747442164,27.502034449140265,31.1097032516391,12.988330951474572
Neu,166,A1,False,40.25604635203945,33.035909377313274,14.908185142869481,32.227831396894736,44.11302900207199,28.683828197972687,33.035909377313274,14.908185142869478
Neu,168,A1,False,44.64433753905732,41.00826008133133,18.505643472970863,43.22404928390115,57.80703201897638,38.18596868643448,41.00826008133133,18.505643472970863
Operieren,261,A1,False,37.83134189636022,13.474985908700805,10.663425102948633,26.86959620160448,39.06054952521231,23.436872242837712,13.474985908700805,10.663425102948631
Operieren,263,A1,False,39.07132077190458,13.442426889870701,10.553019487422192,26.528923427659887,40.45539792226572,23.13523264063499,13.442426889870701,10.553019487422192
Operieren,265,A1,False,38.44095670201469,14.167746329085983,10.920373472936179,25.07960085084246,36.83154977455862,21.98740233716145,14.167746329085983,10.920373472936179
Operieren,267,A1,False,36.83149078952556,13.168441226769673,11.023091648106988,23.758133177142003,36.16770646915197,20.585566834470878,13.168441226769673,11.023091648106988
Operieren,269,A1,False,37.53661202856233,13.352947911075404,10.255565095167295,24.32469577650388,37.0765702241841,21.103024162932872,13.352947911075406,10.255565095167295
Operieren,271,A1,False,40.28924804878422,13.121919667597666,9.605047753960408,24.859586439724662,38.53523957409487,21.458778344596617,13.121919667597666,9.605047753960408
Operieren,273,A1,False,35.92726374596343,13.320949317063082,8.833452450996223,24.443740663548027,37.51000091580783,21.017800748844532,13.320949317063082,8.833452450996225
Operieren,275,A1,False,37.833058848258005,13.45154609470914,6.8437816841126695,23.19343356009503,36.48076928184683,19.83931305391433,13.45154609470914,6.84378168411267
Operieren,277,A1,False,42.49079281803809,13.798539428509459,5.957842157245934,24.508350506094118,38.680216649481096,21.00753013629989,13.798539428509459,5.957842157245935
Operieren,279,A1,False,40.664125436115306,14.615872688233543,6.868759900343269,26.663094797252004,41.49053307846907,22.956555053903077,14.615872688233543,6.86875990034327
Operieren,281,A1,False,37.155154462723175,18.991047272894022,9.012019854730191,28.052672814545215,40.19718472029416,24.333554107419026,18.991047272894022,9.012019854730191
Operieren,283,A1,False,38.43860800604055,16.030006124527112,11.603735751506923,32.00189708590486,43.38004474995296,27.920058643238832,16.030006124527112,11.603735751506923
Operieren,285,A1,False,38.4757555123278,14.366700258301721,11.060414352416876,31.148315373677008,41.4763599181348,27.278823055572587,14.366700258301721,11.060414352416876
Operieren,287,A1,False,33.62918269888977,15.297819208137962,11.204799527350486,27.628801193624913,36.95619115154919,24.25128021705873,15.297819208137962,11.204799527350486
Operieren,289,A1,False,40.1632728620847,15.28773202429082,9.930846674798058,35.92008876833725,42.546863120149176,32.02627644478993,15.28773202429082,9.930846674798058
Operieren,291,A1,False,43.06866532494731,14.873765694420504,11.217101767589549,40.962722562623874,49.97686880489293,36.4066985707627,14.873765694420504,11.217101767589549
Operieren,293,A1,False,40.91552762916296,14.786673567526076,12.274966317381182,41.294947105556815,52.247829605596046,36.48465052968278,14.786673567526076,12.274966317381182
Operieren,295,A1,False,45.10968339552552,14.377962060732722,15.013475694721578,47.46794042279048,60.86920329014983,41.883094523024674,14.377962060732724,15.013475694721576
Operieren,297,A1,False,49.31674953300647,35.18195698049283,19.613861388403606,53.04284081037344,65.40025785016289,47.147123154487026,35.18195698049283,19.61386138840361
Regen,196,A1,False,44.30516190176654,13.5747241142057,13.578958895000405,43.18664806921492,48.32400233156613,38.92153887589216,13.5747241142057,13.578958895000405
Regen,198,A1,False,45.82344765235399,13.030059503187564,12.695354698737125,43.2795331787725,51.02445435697825,38.70828109612001,13.030059503187568,12.695354698737123
Regen,200,A1,False,46.658225051275735,13.62807830071161,12.312102356099496,43.92623872060842,52.31001948436174,39.198338134785885,13.62807830071161,12.312102356099496
Regen,202,A1,False,47.98555276860308,12.456589714117326,11.211671952504314,47.45156997898448,50.25260901713849,42.973290418995894,12.456589714117326,11.211671952504314
Regen,204,A1,False,46.18562386185151,12.617294913705152,11.39648752647873,44.58972030086403,50.774624402827556,40.135096115315335,12.617294913705152,11.39648752647873
SauerWuetend,191,A1,True,49.22240692187967,,11.31911647180991,41.00955915117272,48.7510156149144,37.052430252675045,,11.31911647180991
SauerWuetend,193,A1,True,50.64715816854412,,12.984512238612417,42.21220361295573,48.54932809394699,37.69791332165967,,12.984512238612417
SauerWuetend,195,A1,True,52.17582813032815,,11.559948165263222,41.79841384793924,48.53418626233356,37.60607441534503,,11.55994816526322
SauerWuetend,197,A1,True,49.26908744526029,,10.49612777023844,39.105935813902484,46.46972135379738,35.06912877161446,,10.49612777023844
SauerWuetend,199,A1,True,45.6900143803076,,12.349475947952433,35.4337081129284,41.851709147349496,31.953300656169617,,12.349475947952433
SauerWuetend,201,A1,True,40.84232302129859,,8.725817996233129,29.36598503673374,40.38827819127488,26.584782696358822,,8.72581799623313
SauerWuetend,203,A1,True,41.18974731409164,,8.777813815124201,27.17882965925576,39.676005654404946,23.799422604045276,,8.777813815124201
SauerWuetend,205,A1,True,40.66742637492116,,8.083235925348875,29.64702106543174,42.1879113054564,26.375717180430136,,8.083235925348875
SauerWuetend,207,A1,True,40.28534471901811,,8.865049320413407,29.603170907495826,42.06670461459428,26.07237727008417,,8.865049320413409
SauerWuetend,209,A1,True,38.003446319556154,,10.64998349773541,30.825358199475563,43.05663005722301,27.042900292806497,,10.649983497735413
SauerWuetend,211,A1,True,45.03449514105664,,15.813862764922078,39.00144580770793,57.250183444295075,34.050045476011476,,15.813862764922078
Schreiben,209,A1,False,46.797170660229824,13.884926619361146,8.007480805133584,32.40103029294517,51.22886026156738,27.594306090641,13.884926619361144,8.007480805133582
Schreiben,211,A1,False,46.67473625186173,14.817037852326791,8.004036269431621,32.83986447293434,53.79591089174049,27.738335064071844,14.817037852326791,8.00403626943162
Schreiben,213,A1,False,42.060754012997,14.624394344219494,9.331120217773408,30.037770590999582,49.21736653659091,25.457795101035995,14.624394344219494,9.33112021777341
Schreiben,215,A1,False,39.32788302144313,15.233139645583265,7.926257156055404,32.15017302708484,48.93018852694749,27.586256470795565,15.233139645583268,7.926257156055404
Schreiben,217,A1,False,40.68453397019444,13.99016578002812,8.137151429790242,26.18927830994898,41.38789377596139,22.78783921821183,13.99016578002812,8.13715142979024
Schreiben,219,A1,False,41.4201964416737,13.092970957474735,9.706827872128846,24.32983442381732,38.37193851493981,21.11121360894928,13.092970957474739,9.706827872128846
Schreiben,221,A1,False,41.43905084643947,12.300465886184714,11.283356813304218,39.48947737008928,53.84840437844432,34.452110663066634,12.300465886184714,11.283356813304218
Schreiben,223,A1,False,45.31937404587935,12.19825596565413,12.875524626095206,46.04173653679123,58.093765096063336,40.85864657850303,12.19825596565413,12.875524626095206
Schreiben,225,A1,False,45.72055438864069,13.636707854831199,13.391072333701398,46.69605044428423,59.3744554906065,41.38350344972398,13.636707854831199,13.391072333701398
Schreiben,227,A1,False,55.133512524158824,15.99226865402694,13.54501729246978,57.18273977551304,60.61027253521477,51.7215793157579,15.99226865402694,13.54501729246978
Schreiben,229,A1,False,54.997812623274285,14.537896900621458,14.349878997470366,53.51728973152021,61.69566106581883,47.761590027969774,14.537896900621458,14.349878997470366
Schwach,188,A1,False,52.058727772662756,10.774953120254892,10.312011618760442,52.304231952269454,60.43911891794898,47.377649432008624,10.774953120254892,10.312011618760442
Schwach,190,A1,False,50.53161601815113,10.994569432471131,10.504432376535757,48.51166693878959,64.97103239775919,42.66890256405967,10.994569432471131,10.504432376535757
Schwach,192,A1,False,50.892454850662375,10.86524885850142,10.222081908005784,51.64662484613147,58.73362145614381,46.87316814973826,10.86524885850142,10.222081908005784
Schwach,194,A1,False,52.146460209665825,10.842160563997862,10.365392116192142,51.45733695039286,64.1428444817391,45.85715622895715,10.842160563997862,10.365392116192142
Schwach,196,A1,False,51.52822537155426,10.897287885574466,9.982301846385951,50.535759206987045,62.6917948399565,45.03250577892427,10.897287885574466,9.982301846385951
Schwach,198,A1,False,48.36661261489998,10.500221174216264,10.18554593243602,47.89018492632769,59.600666493453616,42.76472588661797,10.500221174216264,10.18554593243602
Schwach,200,A1,False,51.17563023773198,11.333870446792922,9.771178927178381,49.88923946048073,60.90031971014227,44.64282170214757,11.333870446792922,9.771178927178381
Schwach,202,A1,False,50.973471403461154,10.776340334006186,10.307005413409884,50.10734070141033,59.99741942520094,45.047267459077595,10.776340334006184,10.307005413409884
Schwach,204,A1,False,52.1627215913038,11.099373664901659,11.395856110922605,50.21363827411692,55.059228644269766,45.570604671785084,11.099373664901659,11.395856110922605
Schwach,206,A1,False,53.33775077225508,11.080181260552209,10.712236478988565,51.86372231724708,56.176837648964806,47.16430716726428,11.080181260552209,10.712236478988565
Schwach,208,A1,False,54.38757792237921,11.241507933968574,10.370747271857153,53.42078525858108,53.9575154907159,48.81370996239726,11.241507933968574,10.370747271857153
Schwach,210,A1,False,61.940828476033396,13.837944678194214,11.761528571953265,62.456661472010865,66.58228386788562,56.44787659131246,13.837944678194214,11.761528571953265
Schwach,212,A1,False,59.56873606081486,14.584292718745656,11.894277543031658,60.79532175599459,63.51102151852664,55.13856572366795,14.584292718745656,11.894277543031658
Schwach,214,A1,False,60.71642268784104,14.103762744515912,16.931547109837915,61.47349202667498,66.2278802220256,55.410599553322854,14.103762744515912,16.931547109837915
Schwer,199,A1,False,34.799557438688495,13.282025702942647,16.04716216559947,23.66069863622631,32.84605780522323,20.837351131206052,13.282025702942647,16.04716216559947
Schwer,201,A1,False,39.329006091417746,13.745122339649578,15.811144494858782,23.775846161614545,33.80552752015657,21.629926920666293,13.745122339649578,15.811144494858782
Schwer,203,A1,False,40.39458883202591,12.986623740566783,16.17637250307077,23.697809760598552,34.04944423891085,21.532969415229463,12.986623740566783,16.17637250307077
Schwer,205,A1,False,42.033644170885445,12.75376591187633,16.282801953503576,26.152912304070956,36.998546536788446,23.732973945600943,12.75376591187633,16.282801953503576
Schwer,207,A1,False,39.975237147324016,12.447217265948133,15.971577996089582,25.807286504098073,36.267365697257155,23.340607648487826,12.447217265948131,15.971577996089582
Schwer,209,A1,False,40.17469173050744,12.307976309795823,14.782448329601701,25.19923338735823,36.60161909741448,22.89334537777372,12.307976309795823,14.782448329601701
Schwer,211,A1,False,37.53546146820943,13.015804025735434,14.400527280305221,27.748606872767976,32.571996353872294,24.965577350597172,13.015804025735434,14.400527280305221
Schwer,213,A1,False,35.11136300436372,11.162365984048295,10.205144644909247,26.1959750632722,32.455464416682254,23.53578985659503,11.162365984048295,10.205144644909247
Schwer,215,A1,False,37.89021554821623,9.713470263238307,9.965593724781032,23.473583498699583,34.18588276872419,21.16669313551761,9.713470263238307,9.965593724781032
Schwer,217,A1,False,39.67608625978267,10.351226396224794,8.609018739777316,24.250242140444513,35.7629261947351,21.81461055655647,10.351226396224789,8.609018739777316
Schwer,219,A1,False,35.59393871383809,9.128192060402046,7.385655414243557,24.01944474731589,32.09172976670027,21.195725970777175,9.128192060402045,7.385655414243557
Schwer,221,A1,False,42.304074326455925,9.583973563820948,6.423335830890908,37.200379002555664,38.91901472539353,33.88069423918331,9.583973563820948,6.423335830890908
Schwer,223,A1,False,54.90720455166442,11.807882265816934,7.013779704507394,52.82444026025232,56.99702252022777,47.73945279624707,11.807882265816934,7.013779704507394
Schwer,225,A1,False,59.35560013539218,11.79971644528819,10.821372939533868,60.579142830977254,60.89374529562164,55.09424147381512,11.79971644528819,10.821372939533868
Sonne,198,A1,True,42.94755575967811,,86.05413943235936,44.16124752402258,72.43655903568532,37.08418517955043,,86.05413943235936
Sonne,200,A1,True,42.12836468819081,,85.53824017298527,38.98830878030771,69.47293656010498,32.315285048276635,,85.53824017298527
Sonne,202,A1,True,42.76669780230505,,84.81781192133909,38.60448789674608,68.35392332455606,32.26684637947127,,84.81781192133906
Sonne,204,A1,True,43.49492959912081,,83.19630491264404,38.08170424424591,67.05526028273042,31.52289551441006,,83.19630491264404
Sonne,206,A1,True,43.6737491099889,,81.40995768889395,38.69788323257335,68.08114216805588,32.03053716946298,,81.40995768889395
Sonne,208,A1,True,44.120299787167376,,78.95954287848694,39.38847980704942,69.83024199089175,32.626592870086355,,78.95954287848694
Sonne,210,A1,True,37.10796704003085,,8.619311900313344,29.340570224607784,37.78301227429361,25.781407761291,,8.619311900313344
Sonne,212,A1,True,36.917547038042166,,5.681995793156406,25.247591712548424,33.46714892364145,22.147575726840177,,5.681995793156406
Sonne,214,A1,True,42.11560576399352,,6.739333911920918,28.432936138318695,38.69487428296768,24.97745131897579,,6.739333911920918
Sonne,216,A1,True,40.80923992618384,,6.847701993563087,26.860409603568897,39.1085706155862,23.4186117866455,,6.847701993563087
Sonne,218,A1,True,41.02092277839818,,8.36552581440151,25.937706782204074,39.29851099717627,22.67462692493819,,8.36552581440151
Sonne,220,A1,True,38.090365638089445,,8.372358893151219,28.957467198590987,41.08338116931332,25.094203920974238,,8.372358893151219
Sonne,222,A1,True,40.9402082691316,,9.94273684072446,36.79968165260595,48.347762132544794,32.129038947845444,,9.94273684072446
Sonne,224,A1,True,47.39875094498426,,11.762584522368197,44.27759067764204,55.76644172094189,39.10637858417828,,11.762584522368197
Sorry,196,A1,True,49.23301467089303,,20.984212365523355,38.15753975295909,49.69000276117351,33.812898905601095,,20.984212365523355
Sorry,198,A1,True,50.083260838995386,,17.87286743334851,42.60520284260459,54.93587016391481,37.661393355243135,,17.87286743334851
Sorry,200,A1,True,52.285275884163205,,19.076112811738287,42.72311335755614,54.622913308215985,37.72136131032396,,19.076112811738287
Sorry,202,A1,True,47.94239898886399,,17.07497520392716,36.17907131244483,46.28560660007238,31.91768399410682,,17.07497520392716
Sorry,204,A1,True,44.84409650794396,,18.315814287423713,36.46626892073064,49.664227071221774,31.537360380771194,,18.315814287423713
Sorry,206,A1,True,43.86788004538705,,13.951646900025295,35.25439863611167,45.214147995389375,30.676308697393754,,13.951646900025292
Sorry,208,A1,True,42.53310617880992,,11.56094374028576,35.1345240112879,44.45972493650653,30.61103898605796,,11.56094374028576
Sorry,210,A1,True,38.67995406524538,,11.576484039874744,30.824780652334148,39.97502669207827,26.902833518216354,,11.576484039874744
Sorry,212,A1,True,41.149157578633165,,11.651693625697908,29.838625562859878,39.10180474412469,26.091307901513378,,11.651693625697908
Sorry,214,A1,True,38.64510711230275,,11.159962720612565,29.113447828001995,38.88238048336483,25.717362850476707,,11.159962720612565
Sorry,216,A1,True,36.060097063774485,,10.047786709558814,28.05496856355616,37.0509788159023,24.769974102616075,,10.047786709558814
Sorry,218,A1,True,35.494309413355545,,10.47134964570743,26.05800575930606,35.94667115157135,22.817915903290306,,10.47134964570743
Sorry,220,A1,True,38.62664314264875,,9.056836765818032,33.02620319385848,46.2073419545155,28.28371158030546,,9.056836765818032
Sorry,222,A1,True,40.98493769895137,,8.940544295864322,39.531789304403226,54.84456105921801,33.7800632666321,,8.940544295864322
SparenSparsam,191,A1,False,35.376107965518855,19.013558284649324,11.510318071106798,25.048372331922582,34.517660690806174,22.021939895290647,19.01355828464932,11.510318071106797
SparenSparsam,193,A1,False,36.32703782585371,19.820162886875455,11.9836819028997,24.147908055855734,35.406655913209995,21.146752313533995,19.82016288687545,11.9836819028997
SparenSparsam,195,A1,False,37.06873983028987,18.596800701497322,10.952545984971131,22.179392384949676,33.69075507032561,19.11606047983654,18.59680070149732,10.952545984971133
SparenSparsam,197,A1,False,38.49310398297824,18.13679809119819,10.042773843560708,23.324975096744396,34.681777925746786,20.43391424472235,18.13679809119819,10.042773843560708
SparenSparsam,199,A1,False,36.533057946699124,17.439392595340305,10.424432400466841,24.618404821632453,37.00518675305611,21.703818571269004,17.439392595340305,10.424432400466841
SparenSparsam,201,A1,False,41.17303078502025,19.269373684614322,12.398725332097111,38.006724897614404,53.54612079723637,33.09302775120775,19.269373684614326,12.398725332097111
SparenSparsam,203,A1,False,42.91768320939532,19.346349063970987,11.326181913591586,35.39731218650293,49.769385795505734,30.93932494954781,19.346349063970987,11.326181913591586
SparenSparsam,205,A1,False,42.56972595254084,20.448043005741972,10.715659193143734,38.74721758514603,44.65843628643925,34.97585317336061,20.448043005741972,10.715659193143734
SparenSparsam,207,A1,False,42.94938143554774,31.00221582288627,11.965416246719204,35.748972625303,48.15180182249702,31.61644270186528,31.002215822886278,11.965416246719204
Spezial,165,A1,False,36.877683007466295,10.226210719738193,13.821872303591887,26.534303182044777,36.16746678031738,23.746506188551972,10.226210719738193,13.821872303591887
Spezial,167,A1,False,34.38463461327341,10.311016943928498,13.728360443017895,25.930094280662637,36.2324710958825,22.90524246335045,10.311016943928502,13.728360443017895
Spezial,169,A1,False,35.5619287581235,10.57375161338796,13.339528368381943,25.90623480361528,35.7601278949406,22.91656916697077,10.57375161338796,13.339528368381943
Spezial,171,A1,False,35.459700646258845,10.618766372256745,13.052978127083387,25.01562213583132,33.72096346480305,22.203098124609102,10.618766372256745,13.052978127083387
Spezial,173,A1,False,38.90126411414096,10.134709955051317,13.577003832756684,26.518868904037117,35.94654823741414,23.79712096337859,10.134709955051317,13.577003832756684
Spezial,175,A1,False,36.285402957124084,10.622723033882222,11.610507791188153,24.705458105711163,33.46253753215495,22.137859485393346,10.622723033882222,11.610507791188153
Spezial,177,A1,False,37.569936777933684,11.186579722440403,11.367376946215067,25.550010650402744,34.83703287935046,22.821345016255826,11.186579722440403,11.367376946215067
Spezial,179,A1,False,36.82457828557446,10.137911390455672,9.76684935009692,24.967431657674524,33.26993595043408,22.414145402563612,10.137911390455672,9.76684935009692
Spezial,181,A1,False,37.55485108738127,10.276266372890971,8.146982273913668,24.12232083770749,31.939968541309774,21.607031672957667,10.276266372890971,8.146982273913668
Spezial,183,A1,False,37.089924734691564,9.264770821954363,8.371688549318621,24.193440901036826,31.376060686240972,21.746441040094037,9.264770821954363,8.371688549318621
Spezial,185,A1,False,33.77765973842701,9.344692207624307,8.844278665586643,23.230836883019293,29.07782157077872,20.516763814862536,9.344692207624307,8.844278665586643
Spezial,187,A1,False,46.04247400802278,10.958856615086134,9.483294752797105,40.42951554406275,47.01817823525596,36.06304354556871,10.958856615086134,9.483294752797105
Spezial,189,A1,False,47.315073704128515,12.395041696432676,10.591839231468606,46.75931830211594,48.907780767866946,42.513776987404526,12.395041696432676,10.591839231468606
Spezial,191,A1,False,58.424161815084354,18.900602853819564,15.924088405116118,54.14827675769575,60.00358110984971,48.47902812394329,18.900602853819564,15.924088405116118
Tisch,169,A1,False,37.23427201804633,13.451850783792494,15.328008669307163,28.817978572012116,43.46179375856227,24.61170884153514,13.451850783792494,15.328008669307163
Tisch,171,A1,False,143.54885464800236,13.680582602878351,68.80499681322493,184.07596353430958,289.63410623409226,156.48658650755806,13.680582602878351,68.80499681322495
Tisch,173,A1,False,142.3154658604369,13.71697937204635,69.00239910861868,184.91186595978007,290.98673977609144,157.1704971517546,13.71697937204635,69.00239910861868
Tisch,175,A1,False,40.675846712294444,14.97174914168689,18.96167504738399,29.944699801571176,42.74186355203207,25.605729948520597,14.97174914168689,18.96167504738399
Tisch,177,A1,False,43.658719120751755,14.758517563648477,19.324424754665216,34.58416993317514,49.72879561965708,29.738879197755594,14.758517563648477,19.324424754665216
Tisch,179,A1,False,42.12317360133312,13.43072635923545,15.94219794918119,34.00592992971884,48.32758435523392,29.27350829081007,13.43072635923545,15.94219794918119
Tisch,181,A1,False,40.81727986898038,13.60463914511636,16.19721892942313,30.195431473656907,42.576678736070185,26.018223631239746,13.60463914511636,16.197218929423133
Tisch,183,A1,False,44.42233153121327,13.288796869611101,15.01701730967521,32.80605832127592,45.04306049820625,28.268860129569997,13.288796869611101,15.01701730967521
Tisch,185,A1,False,42.5645499216306,13.269011562320772,16.4302694870726,34.50363888979812,45.881097247535926,30.09756825037709,13.269011562320772,16.4302694870726
Tisch,187,A1,False,42.43109623713224,12.78839664015588,17.660029874688536,33.4773075227315,44.81459741393043,29.049955701266086,12.78839664015588,17.660029874688536
Tisch,189,A1,False,40.90467708093844,12.456151068223402,15.274476405978866,32.46314080503411,44.04852801462474,28.251604932972405,12.456151068223402,15.274476405978866
Tisch,191,A1,False,37.39340285820982,12.44251151884027,14.4248965857214,31.105232635271758,44.43388054584113,26.748363899458393,12.44251151884027,14.4248965857214
Tisch,193,A1,False,42.870130194834005,12.453462065307788,11.911796464576907,34.027983533249525,49.09805796333239,29.359216057747755,12.453462065307788,11.911796464576907
Tisch,195,A1,False,41.81612621085637,10.300053172230113,11.13010132688589,29.951747137266118,46.61710192781584,25.436839385220434,10.300053172230113,11.13010132688589
Tisch,197,A1,False,42.686204990155524,8.727384935660927,11.800419038399344,32.70630529894504,47.79442811958217,28.151605685836657,8.727384935660927,11.800419038399342
Tisch,199,A1,False,40.6125789916825,7.570744389050572,12.134925073210445,27.562581481133527,40.15222855710868,23.952892602780537,7.570744389050572,12.134925073210445
Tisch,201,A1,False,42.680484749867155,8.084565311819361,13.080066764123073,31.981258434317024,41.933213975382436,28.356510682931674,8.084565311819361,13.080066764123073
Tisch,203,A1,False,44.9804690342268,11.345005365219201,12.32615293829801,38.014371611716705,45.25290293330778,34.27208893988851,11.345005365219201,12.32615293829801
Tisch,205,A1,False,57.60850821586924,13.913034247900395,14.019583309953694,60.03857522742081,77.21965436491932,53.617714153985645,13.913034247900395,14.019583309953694
Tisch,207,A1,False,56.16107247155372,12.945631403843699,14.008170622997245,56.585459868176585,68.74468451878211,50.976485809885986,12.945631403843699,14.008170622997245
Tisch,209,A1,False,63.440731015785374,23.469367341803245,27.120993021888694,61.95337794438956,66.57285407698373,55.99600184398846,23.469367341803245,27.120993021888687
Treffen,188,A1,False,42.79439414183154,15.284752148534844,9.651755430794326,19.574145966800156,30.686802148630417,16.588452160472112,15.284752148534844,9.651755430794326
Treffen,190,A1,False,42.58761148956075,15.785810514595807,8.808400384712034,20.460402380960847,32.18677058520014,17.39902571409979,15.785810514595807,8.808400384712034
Treffen,192,A1,False,42.78775814452067,15.574687464062393,9.084644475680086,20.43877869438613,32.04988696415626,17.341609458955666,15.574687464062393,9.084644475680086
Treffen,194,A1,False,41.60753540644131,17.745705185882297,8.478132741164618,25.7409240865766,32.91771075258325,22.8135999797979,17.745705185882297,8.47813274116462
Treffen,196,A1,False,43.35206889036441,14.356824470752835,8.167682799563885,22.045946328537557,30.775751358289497,19.213902214260667,14.356824470752839,8.167682799563883
Treffen,198,A1,False,44.90793227108968,18.842392875746672,7.967421537863381,20.142556856546005,29.360750447994146,17.319444995628018,18.842392875746675,7.967421537863385
Treffen,200,A1,False,43.52671807661448,18.781699728823654,8.942709047670547,19.65277735246527,28.542828789716367,16.928314394012652,18.781699728823654,8.942709047670547
Treffen,202,A1,False,44.42314633346398,14.369713214582951,8.212504796327517,29.144933978719347,33.25593356906659,26.052631100417504,14.369713214582951,8.212504796327517
Treffen,204,A1,False,45.06172799692872,14.044961570888297,7.596241251961116,33.46638609677779,35.796567780005724,30.127665463624133,14.044961570888297,7.596241251961119
Treffen,206,A1,False,40.09017987942209,15.916753092796561,7.476384351674618,29.30876871379172,39.11290416729154,26.010351046532467,15.916753092796561,7.476384351674618
Treffen,208,A1,False,41.3633043369981,23.954782492214715,8.941217212045546,30.699068643211582,38.84654582673065,27.425233228112898,23.954782492214715,8.941217212045547
Treffen,210,A1,False,46.224265923707826,33.22510854577011,8.693854438214156,42.830422481326686,47.820002255516684,38.88581582328558,33.22510854577011,8.693854438214156
Treffen,212,A1,False,53.25354601975407,29.334943032144835,31.724669985724283,52.07634687288149,42.530056195534,49.149195490238306,29.334943032144828,31.724669985724283
Treffen,214,A1,False,51.38509200993906,31.331656113985954,25.79026796519599,50.121993098182095,43.170497408333965,47.134384463125215,31.331656113985954,25.79026796519599
Vater,205,A1,True,48.665831601926556,,11.446666839607845,44.676134642825,61.962980608661105,38.41587075591216,,11.446666839607845
Vater,207,A1,True,46.69971192443054,,11.453801782875818,42.33965455493159,56.53000060229221,36.73892455889516,,11.453801782875818
Vater,209,A1,True,46.03261784300238,,12.098643914390623,41.7474615741393,56.29159597332344,36.144606674221585,,12.098643914390623
Vater,211,A1,True,44.96917503112053,,12.031947335104132,38.00353540318706,49.57377793924713,33.24240426458619,,12.031947335104132
Vater,213,A1,True,40.93134856007437,,11.137603748687933,34.69045937992909,45.428995038030216,30.23484952627941,,11.137603748687933
Vater,215,A1,True,39.84578200195103,,11.16671668665915,29.197404345403616,39.31408924912142,25.700875450953063,,11.16671668665915
Vater,217,A1,True,35.248013181079486,,11.0630302177596,25.46330699235067,39.055459958043336,22.048933929970477,,11.0630302177596
Vater,219,A1,True,38.10263719055552,,11.304310743725647,25.32640898135632,36.89830670712765,22.027743222617026,,11.304310743725647
Vater,221,A1,True,38.77309551784081,,10.543044400422788,25.961002805830287,38.93377403011494,22.657021440285018,,10.543044400422788
Vater,223,A1,True,40.89843396510523,,10.579074267909201,29.28638089693411,44.41110094937034,25.61861837372581,,10.579074267909201
Vater,225,A1,True,40.62835189974552,,11.884650324871323,36.084350898502706,55.40640773135135,30.960031691575562,,11.884650324871323
Vater,227,A1,True,42.91778538806764,,12.18506561997998,43.51678394201803,62.83445800097924,37.42422809396808,,12.18506561997998
Verschieden,224,A1,False,36.28202154407703,13.266134504281982,16.35506211329479,28.64664022072694,40.991261306826644,24.637846546852742,13.266134504281982,16.35506211329479
Verschieden,226,A1,False,37.74540662226835,13.091003661746576,16.81232555438247,30.037473473071056,42.21940621913964,26.02653865490771,13.091003661746576,16.81232555438247
Verschieden,228,A1,False,40.02608872330187,12.709928568684303,15.204019415505826,31.157298149440923,43.51968158203193,27.074488527286213,12.709928568684303,15.204019415505826
Verschieden,230,A1,False,39.8958612072489,12.43444649913504,13.082932896487955,35.57982914606958,47.246429708239184,31.248477204881492,12.43444649913504,13.082932896487954
Verschieden,232,A1,False,41.00259574843802,14.214555185155922,10.631154612828727,33.82711038113986,45.9948485701283,29.808494002820467,14.214555185155922,10.631154612828727
Verschieden,234,A1,False,46.34735653658267,14.238249692194398,11.165403325260456,45.75776163462509,62.077234291855476,40.135269041774116,14.238249692194398,11.165403325260456
Verschieden,236,A1,False,48.10294858797583,13.042057907052081,12.704531128983133,47.781721746183514,65.16179115799436,41.93801434792505,13.042057907052081,12.704531128983131
VorsichtPassAuf,171,A1,False,31.195175514151565,6.647088301872972,12.89379684824862,22.307871064147495,31.62119464279415,19.325913306292154,6.647088301872972,12.89379684824862
VorsichtPassAuf,173,A1,False,40.17417374624221,6.317239484071657,11.836115625184293,34.28735558834082,40.019792400119776,30.8437373369163,6.317239484071657,11.836115625184293
VorsichtPassAuf,175,A1,False,33.07125970490113,7.031982803052251,11.497407256822521,25.581873997020683,37.27439932570343,22.304756104490256,7.031982803052251,11.497407256822521
VorsichtPassAuf,177,A1,False,35.596426199511725,6.835958910831861,10.94215237815318,25.894108140117716,37.23977379200146,22.353134999990175,6.835958910831861,10.94215237815318
VorsichtPassAuf,179,A1,False,36.686491297875754,7.07278684914542,11.603742698368132,26.34437530090453,37.98759869410231,22.770257685983392,7.07278684914542,11.603742698368132
VorsichtPassAuf,181,A1,False,34.87749877181004,6.990763707250446,11.25950093410743,26.12486241676767,39.5500541018398,22.381634264016327,6.990763707250446,11.25950093410743
VorsichtPassAuf,183,A1,False,36.309271195952725,7.051229815323087,11.592579772149028,26.565608770864273,38.706411003633114,22.975548147219524,7.051229815323087,11.592579772149028
VorsichtPassAuf,185,A1,False,39.58449318595088,6.913151232391209,10.949368463420234,27.298435445007208,39.69034940188025,23.590748050036186,6.913151232391209,10.949368463420234
VorsichtPassAuf,187,A1,False,37.55978751109626,7.088566381862866,11.770310065176469,26.838337635389994,38.71077745228858,23.275068717017216,7.088566381862864,11.770310065176469
VorsichtPassAuf,189,A1,False,35.166557447055965,6.560779016538195,11.542040275353965,25.919833018959764,37.398367976360205,22.45826634005902,6.560779016538195,11.542040275353965
VorsichtPassAuf,191,A1,False,33.91433435309212,6.592974617830068,11.331992727675694,24.658410431744667,37.49734473340668,20.90631010185392,6.592974617830068,11.331992727675694
VorsichtPassAuf,193,A1,False,36.7370051788152,7.388804839270821,11.610894283052204,27.812479459641168,39.40415132661529,24.072427392946604,7.388804839270821,11.610894283052204
VorsichtPassAuf,195,A1,False,35.62057668266641,6.975043884036758,10.261974162889409,24.92837032464729,38.817973891082765,21.160115655593867,6.975043884036758,10.261974162889409
VorsichtPassAuf,197,A1,False,34.301194404501615,6.999555993034159,10.514019560269706,22.694852175160253,34.35820708917317,19.216432807402875,6.999555993034159,10.514019560269706
VorsichtPassAuf,199,A1,False,31.32228773194679,7.468704715523201,8.943217844828494,22.172118865864363,31.310622671061836,19.15711372074851,7.4687047155232005,8.943217844828494
VorsichtPassAuf,201,A1,False,32.77534743721431,7.290130571715084,8.229593062546378,23.37041849947008,34.13483218336768,20.146220214797975,7.290130571715084,8.229593062546378
VorsichtPassAuf,203,A1,False,37.383628124750516,5.849285721048159,7.273191003869179,28.501126023766574,35.621510072185885,25.35893072581257,5.849285721048159,7.273191003869179
VorsichtPassAuf,205,A1,False,39.18956250649901,6.966158448082548,7.4615732682103175,31.684234856326828,37.85900192122176,28.3223540933981,6.966158448082548,7.4615732682103175
VorsichtPassAuf,207,A1,False,61.303925918384145,8.808043153732566,8.488690563421194,61.54470582849871,62.016246980087146,56.06591459122746,8.808043153732566,8.488690563421194
VorsichtPassAuf,209,A1,False,57.961189863118136,14.733138110689428,11.25009879350904,62.46969566137955,61.08950089157497,57.24738196740739,14.733138110689428,11.25009879350904
Waschen,189,A1,False,43.421963363806555,20.904483633181876,14.61043575154682,23.8656834075898,38.12399794497239,20.574940547107232,20.904483633181876,14.61043575154682
Waschen,191,A1,False,46.175122693965214,21.052634142564216,15.894106729864836,26.32459248311193,42.73954453111734,22.770936431991014,21.052634142564216,15.894106729864836
Waschen,193,A1,False,45.66606480168303,22.482070839092408,14.668823448370295,25.89792899798889,41.30345251705635,22.40726307410288,22.482070839092408,14.668823448370295
Waschen,195,A1,False,55.54422416532634,20.832732607502162,14.273373448402415,35.88109909537397,44.82687444276287,32.24688446633693,20.832732607502162,14.273373448402415
Waschen,197,A1,False,49.069064770192504,18.669508258318917,14.478448315623275,26.28770135855676,42.17884725723341,22.984182450030605,18.669508258318917,14.478448315623275
Waschen,199,A1,False,52.580984205007326,16.08374947602935,14.257446210510551,28.78083828819185,45.84389220734082,25.414701904528595,16.08374947602935,14.257446210510551
Waschen,201,A1,False,47.701994668261435,16.993299985603144,13.892514855814639,26.01411037212733,42.01072812736105,22.559707953914213,16.993299985603144,13.892514855814639
Waschen,203,A1,False,44.981060020611544,17.28431732445143,13.850998739025659,25.31507658852123,40.15405761200511,22.135064316508412,17.28431732445143,13.850998739025655
Waschen,205,A1,False,48.815134023941745,16.441637678055358,13.090363018315195,27.79926710575537,45.14058718499044,24.259788439104064,16.441637678055358,13.090363018315195
Waschen,207,A1,False,48.3172365710019,15.519645196353279,13.28332722236436,27.954658714455732,45.499905360271484,24.243056003343913,15.519645196353277,13.28332722236436
Waschen,209,A1,False,47.37295633774763,15.168691940144551,13.189115057848936,29.087340170010275,44.74582415745624,25.052314691756887,15.168691940144551,13.18911505784894
Waschen,211,A1,False,45.35810534632296,14.535035234109827,12.778380667119576,27.55727201985601,44.91306928327573,23.65803331230122,14.535035234109827,12.778380667119576
Waschen,213,A1,False,46.6035160824812,15.235287349723315,13.071151648160752,27.81173714255952,45.8134358784968,23.910987311448707,15.235287349723315,13.071151648160752
Waschen,215,A1,False,44.01654454593332,14.90308959085359,12.755839069712664,28.720580777551,45.85699795254206,24.667776341203332,14.90308959085359,12.755839069712662
Waschen,217,A1,False,38.96949153239507,15.187842332030781,10.802884776291965,29.350804330360305,43.85710255038918,25.14558129874254,15.187842332030781,10.802884776291965
Waschen,219,A1,False,42.3329341775595,15.088818420863412,8.40621155738228,28.89120738384604,45.04154346322995,24.74476541842098,15.088818420863412,8.406211557382282
Waschen,221,A1,False,40.789850761584184,14.982454882415842,7.848442088575165,28.394095107732184,44.536208038796296,24.495369382444373,14.982454882415842,7.848442088575165
Waschen,223,A1,False,39.56673525884544,14.48923355129462,8.534502800455149,35.96343275809231,50.750808776358774,31.159562749301152,14.489233551294621,8.534502800455149
Waschen,225,A1,False,39.87360108971121,16.055441882760995,8.953785298920268,36.04591075286731,52.94113713982935,30.88724085803058,16.055441882760995,8.95378529892027
Waschen,227,A1,False,42.37881738619207,17.014770181043062,9.802128493710425,38.16797145159979,53.539665433121755,33.11385260670303,17.014770181043062,9.802128493710425
Waschen,229,A1,False,45.15826602071085,18.054393428094233,11.755290232669404,45.49447333710556,60.420325110885834,39.91060761706166,18.054393428094233,11.755290232669404
Waschen,231,A1,False,51.080029965223154,19.83063225567009,15.57423270038577,55.25118555082505,77.06237530483197,48.1131321606605,19.83063225567009,15.57423270038577
Waschen,233,A1,False,51.09603740698191,18.610765357585137,17.629022503271447,54.587126808293526,67.28272219529954,48.77971622233515,18.610765357585137,17.629022503271447
Waschen,235,A1,False,57.19487489134084,34.846822384919776,15.897503127415877,58.967895838864656,78.18180546938318,52.08209314789887,34.846822384919776,15.897503127415877
Waschen,237,A1,False,46.68251845500315,25.213316104735704,23.40134089790318,44.06878159262287,42.77977253338855,40.95080700728007,25.213316104735704,23.40134089790318
Waschen,239,A1,False,47.85912280987901,30.888452148753405,9.92557898161738,45.25987455367877,46.09619214509671,41.809315081554885,30.888452148753405,9.92557898161738
Widerspruch,162,A1,False,43.96473120789342,18.347620652916934,9.3131046930383,35.25845166451958,52.695388794312976,30.759834189495844,18.347620652916934,9.3131046930383
Widerspruch,164,A1,False,44.05615248196571,18.115608542452073,10.014796338177387,34.44645168877083,51.7013708781681,30.18269499928416,18.115608542452073,10.014796338177387
Widerspruch,166,A1,False,51.25012920886801,17.128472648903916,10.525566165420333,45.216360046849914,66.2316873335867,39.436510635338664,17.128472648903916,10.525566165420331
Widerspruch,168,A1,False,46.6150491618783,17.25622215929217,11.282178728116827,35.92799063827609,54.318166186765815,31.433849621456602,17.25622215929217,11.282178728116827
Widerspruch,170,A1,False,45.29433326269426,17.506387303011834,11.198696450663135,33.36824216562373,50.627381165128334,29.235080342207482,17.506387303011834,11.198696450663135
Widerspruch,172,A1,False,44.4801220490271,17.48147895397751,10.628589404945837,33.16021175662772,50.23335076417692,28.96351203824288,17.48147895397751,10.628589404945837
Widerspruch,174,A1,False,44.32663566107776,18.82499771160852,10.401436671782557,34.42126355077525,51.29490390310649,30.171738892422393,18.82499771160852,10.401436671782557
Widerspruch,176,A1,False,46.48873641549535,17.90877597889654,10.030109135556538,37.05931836127445,54.65483109129767,32.44064373764273,17.90877597889654,10.030109135556538
Widerspruch,178,A1,False,47.24112423419633,17.60244358422145,10.691958639286584,37.34581521820931,54.63235571696877,32.61378650125128,17.60244358422145,10.691958639286584
Widerspruch,180,A1,False,44.33165398505994,18.182170521828457,11.02254930602792,33.22732193846571,50.97162155331401,29.12472638862427,18.182170521828457,11.02254930602792
Widerspruch,182,A1,False,43.93782215682384,18.638766596066905,10.731614427349248,34.38227375669289,50.97303426775409,30.232704976261594,18.638766596066905,10.731614427349248
Widerspruch,184,A1,False,42.55518611346128,18.100601037341754,9.85957377241895,33.25262513055299,52.844295552679114,29.445392529209077,18.100601037341754,9.85957377241895
Widerspruch,186,A1,False,39.381029248566186,16.55240956101254,10.412786413042635,35.24709961510245,57.86240500563864,30.413669370713627,16.55240956101254,10.412786413042632
Widerspruch,188,A1,False,38.194244964524486,15.992270742056117,8.79229691990765,35.253957418392545,54.234895031645564,30.46222147959877,15.992270742056117,8.79229691990765
Widerspruch,190,A1,False,41.745585677919635,14.470261305387263,7.202153778342136,37.492775493014776,60.66798552824027,32.32346002017121,14.470261305387263,7.202153778342136
Widerspruch,192,A1,False,42.859844909470965,43.22689647986152,38.26407711098965,41.03916700255756,39.158160576632234,37.96036257599929,43.22689647986152,38.26407711098965
Widerspruch,194,A1,False,46.78296063330274,43.33475898064622,34.457421029690444,46.35462725596858,42.398910814503814,43.04062620577263,43.33475898064622,34.457421029690444
Widerspruch,196,A1,False,43.989972849138574,43.74163071676273,32.00848969950538,41.782121401641795,40.807646533433314,38.69362203362541,43.74163071676273,32.00848969950538
Ziel,186,A1,False,40.379757433501176,13.570287164496447,14.837395683670614,23.623446768299637,34.62976070712145,20.41465576412421,13.570287164496447,14.837395683670614
Ziel,188,A1,False,38.0088660367032,14.179266832737767,15.461540632879188,23.7339816302748,33.16938178802065,20.535683606572135,14.179266832737767,15.461540632879188
Ziel,190,A1,False,47.1396573717847,12.335163132436174,14.16232303608237,28.014553393060506,36.73885442956771,24.902121544446743,12.335163132436174,14.16232303608237
Ziel,192,A1,False,35.29763262792419,12.411950040124012,13.590658036631758,23.92204763806138,34.17389024641801,20.75313252638408,12.411950040124013,13.590658036631758
Ziel,194,A1,False,37.5611346023728,13.419709959746086,12.124235964497048,24.678697932656338,30.74240824665523,22.025487363507374,13.419709959746081,12.124235964497048
Ziel,196,A1,False,42.44882380383716,11.851095069236697,11.704280666170618,23.23535237190379,31.48981038418444,20.376123816103238,11.851095069236697,11.704280666170618
Ziel,198,A1,False,43.85880649810177,11.776774517153457,10.538197055172322,24.0423862445163,30.3496351199594,21.378238354675283,11.776774517153457,10.538197055172322
Ziel,200,A1,False,41.15366254853712,10.82263652837154,8.35406043067926,22.321760644689007,29.82967065822252,19.764940896960656,10.82263652837154,8.35406043067926
Ziel,202,A1,False,40.064853068450326,11.99139068249693,8.087862130991098,24.449784852944976,31.812061749523885,21.401833064917145,11.99139068249693,8.087862130991097
Ziel,204,A1,False,35.850113949565895,11.996178060269154,7.783577068027968,23.781286544827196,32.91343588202328,20.91788382813236,11.996178060269154,7.783577068027968
Ziel,206,A1,False,34.24440164085711,15.274266820343602,8.813198593072078,27.4311006277289,34.62347305350738,24.5032516147003,15.2742668203436,8.813198593072078
reparieren,163,A1,False,39.27180071908754,14.11874907303297,9.442074972808001,27.248044241697094,41.30266448415522,23.871966084799343,14.11874907303297,9.442074972808001
reparieren,165,A1,False,40.27123170308844,14.397540876112055,9.796229378419625,28.451081157881056,43.26193276538043,24.82283422037106,14.397540876112055,9.796229378419625
reparieren,167,A1,False,41.78335244326348,15.189814510341371,9.346399872677782,29.833615632463232,47.36319383893492,25.77631585558236,15.189814510341371,9.346399872677782
reparieren,169,A1,False,38.89743649088414,15.706934632832386,10.022849341892323,31.317371677354696,48.82628935099507,26.91499501516921,15.70693463283239,10.022849341892323
reparieren,171,A1,False,40.775683649454415,15.596649245968182,9.657359245142807,33.39667846268884,53.00623752073872,28.356224365781777,15.59664924596818,9.657359245142807
reparieren,173,A1,False,39.84530134031662,15.380225691544682,10.761063939719127,31.690871930553318,46.376191336535044,27.640913565702757,15.380225691544682,10.76106393971913
reparieren,175,A1,False,41.031323981494666,16.278544622354854,11.679645776930814,38.92235624052193,54.91895920600655,33.80639502898194,16.278544622354854,11.679645776930816
reparieren,177,A1,False,44.86597124180348,16.31094995136323,11.863699126916922,43.009633344491625,60.9371572369617,37.45265599984239,16.310949951363227,11.863699126916922
reparieren,179,A1,False,52.3418392573386,17.21785724599548,20.164618498454487,56.364800834433616,75.40703542348663,49.57919211104541,17.21785724599548,20.164618498454487
reparieren,181,A1,False,52.33775707581016,15.553515204479305,25.913803844788998,55.80115053612486,75.97369220037977,48.926182003593944,15.553515204479305,25.913803844788998
reparieren,183,A1,False,48.37840333135055,14.558703102800107,27.753223538699604,47.95046339994419,63.280191886994075,42.506357664629284,14.558703102800107,27.753223538699604
