clip_id,frame_id,legacy_region_tr_hand_pve_mm,legacy_region_tr_left_hand_pve_mm,legacy_region_tr_right_hand_pve_mm,root_aligned_body_mpjpe_mm,root_aligned_body_pve_mm,root_aligned_hand_pve_mm,root_aligned_left_hand_pve_mm,root_aligned_right_hand_pve_mm,wrist_aligned_hand_pve_mm,wrist_aligned_left_hand_pve_mm,wrist_aligned_right_hand_pve_mm
Ablehnen,149,14.406890289256584,9.774726290846115,19.039054287667053,60.47721945683409,52.421233710426456,57.017036068872585,58.76644536293858,55.26762677480658,25.958845144313337,16.383997700004382,35.53369258862229
Ablehnen,151,15.831730419842806,11.286916765932238,20.376544073753376,61.046082283506,51.143294546199336,60.191274738977626,68.29832153759926,52.084227940355994,28.594060478329688,22.526951984576787,34.661168972082585
Ablehnen,153,11.65131984809867,11.180062167106522,12.122577529090819,61.564560048976105,50.342368967952076,57.087844246266165,51.09045402822709,63.08523446430524,19.493723647965837,16.155924350038667,22.831522945893006
Ablehnen,155,12.744151578315801,9.965268405651978,15.523034750979622,64.95586938708996,54.512114256176,82.38386063039906,73.12613162885472,91.64158963194339,19.08970001433515,15.652096114823113,22.52730391384719
Ablehnen,157,11.377583797630308,9.6064743082556,13.148693287005015,62.87360120067736,53.24530603436628,90.11529992564456,60.64886968434715,119.581730166942,17.279405058446244,14.296157987165628,20.262652129726863
Ablehnen,159,9.861706612781603,9.475058672108132,10.248354553455075,62.342173804086656,56.18732186391271,85.24896067700072,45.165686145252124,125.33223520874931,17.11972809074636,16.96280956687421,17.27664661461851
Ablehnen,161,8.890710923985184,8.738745883040494,9.042675964929874,64.04353764962617,58.76674309751643,80.31055591701198,42.76807830107626,117.85303353294769,15.340699253506777,15.916516447010139,14.764882060003416
Ablehnen,163,8.73150649863647,8.25057048698054,9.2124425102924,65.42676927266531,56.99765183435367,81.38570760284291,41.68713688583198,121.08427831985384,15.680716900619974,16.387686889242442,14.973746911997504
Ablehnen,165,9.12924140096075,9.536966231831917,8.721516570089582,64.2579288248227,50.1951969650102,66.76014793173168,25.63839183503344,107.88190402842993,14.318613140902553,15.064452580436289,13.572773701368817
Ablehnen,167,7.958349737986432,7.5173430857406665,8.399356390232198,65.20589279618677,50.76439942070497,71.67104650986472,37.11976352680337,106.22232949292608,13.553684489095858,13.274471039844675,13.83289793834704
Ablehnen,169,8.601649605241116,8.255354743513866,8.947944466968366,62.61614076191361,52.12308920807473,70.07355645565923,36.259685430196015,103.88742748112243,15.308473226862487,15.707353083915107,14.909593369809867
Ablehnen,171,8.716626045980355,8.061941048975653,9.371311042985056,60.92762207610139,45.23593320439366,67.47772754840892,37.8492141183563,97.10624097846156,15.551982526381629,15.519224776932,15.584740275831257
Ablehnen,173,8.688530811349624,8.662916091309782,8.714145531389466,58.954635423924366,45.437010803748485,65.5444370228345,30.248669485686584,100.84020455998242,14.957356030963819,14.950020358391985,14.964691703535655
Ablehnen,175,8.486308214771718,7.954725910854958,9.017890518688478,61.59458666832104,49.659692935548584,73.19308568568096,38.24961521387034,108.13655615749158,14.694802806022237,13.718146825504967,15.671458786539507
Akzeptieren,124,6.495093520522039,6.0889221405800455,6.9012649004640325,48.714652821426846,39.06412873813268,68.6192022706549,60.495767966309515,76.74263657500028,16.575673605738782,14.462708031093149,18.688639180384413
Akzeptieren,126,6.609586747928427,6.092412382658244,7.126761113198611,51.93225060371225,40.80520377373782,71.17921187334916,63.46849664362655,78.88992710307177,16.337572844676075,14.099823721725576,18.575321967626575
Akzeptieren,128,6.92750141979946,7.134349788730216,6.720653050868704,57.03287218391582,42.78459746429015,74.60442231699756,63.40889385683389,85.79995077716121,16.867374629687554,16.83638841177555,16.898360847599562
Akzeptieren,130,6.564436581506946,6.5817469193154485,6.547126243698444,57.21916218006009,42.89633789025778,75.70426963217011,61.94881523628308,89.45972402805712,15.547998678116617,15.174681173702709,15.921316182530523
Akzeptieren,132,5.692823302109475,6.549546642709776,4.8360999615091735,55.0210538894616,44.07345170685129,74.27580238499161,63.780881210266216,84.77072355971698,12.668439227709797,17.032160780607274,8.304717674812322
Akzeptieren,134,5.902392917958058,6.599568666066472,5.205217169849644,51.943250849542736,45.162308545940775,79.59053225286996,70.44810218590163,88.7329623198383,12.986615482578818,16.55161985760282,9.421611107554817
Akzeptieren,136,6.117759859533914,6.555016712834215,5.6805030062336135,59.22799621175498,48.10024807332468,81.88498711622847,78.75119700163462,85.01877723082232,12.458717867500443,15.60755075106431,9.309884983936579
Akzeptieren,138,7.234130302866367,8.296515070228557,6.171745535504178,53.7149953196945,50.613489715162494,94.18940961285571,100.29647238909128,88.08234683662015,14.487629692135688,18.590222626684007,10.385036757587368
Akzeptieren,140,7.4535616920122845,8.872133283657973,6.034990100366595,54.5718297962501,50.41460040406734,86.73598364860737,83.30416518479538,90.16780211241937,14.238114348512626,19.39979852794781,9.076430169077444
Akzeptieren,142,7.4554957110183295,9.019085703612614,5.891905718424046,55.785771070235775,50.48262138717818,82.2792646096596,85.37250634992961,79.1860228693896,14.366876721284047,18.88773653371385,9.846016908854244
Akzeptieren,144,7.641923131995095,8.899658821939239,6.384187442050951,57.19388177842499,51.52759069356623,80.30936525475356,78.71962412311828,81.89910638638884,12.912576393862027,17.044645972281298,8.780506815442756
Akzeptieren,146,7.304334934403502,8.343061553689695,6.2656083151173085,57.29148282786335,55.17171186660785,78.09872097157711,77.11755734130709,79.07988460184714,13.444629575275478,17.87011790386386,9.019141246687095
Akzeptieren,148,6.966508611920046,7.362186580249143,6.5708306435909485,64.65270345659252,52.42554363316672,77.19898237753998,83.81572344462529,70.58224131045465,13.093036022139092,16.77889439743264,9.407177646845543
Akzeptieren,150,6.535220321270582,7.049202620059805,6.02123802248136,69.93180795373956,52.352075035625724,75.64615800913018,77.10894176595319,74.18337425230715,13.78422787848293,16.7809692611468,10.787486495819062
Akzeptieren,152,6.786880494360187,7.560376893898209,6.013384094822163,69.13011305156529,52.381416188389665,77.52324555514761,81.30463403228856,73.74185707800666,15.03079673706439,18.238980603557494,11.822612870571287
Akzeptieren,154,7.059109423432776,7.484085187464734,6.634133659400818,57.729766127971295,44.643679521864506,63.560170671976685,64.38573383566177,62.7346075082916,14.998107902511855,17.54484422304097,12.451371581982743
Akzeptieren,156,6.978879573353257,7.824200956790343,6.133558189916172,58.37083067661159,44.509234378613655,60.081989915275926,61.03826964134189,59.125710189209954,15.545900054108044,19.57171326448779,11.520086843728297
Akzeptieren,158,6.921722044412148,8.250285488813816,5.593158600010479,57.349243628765926,44.64437152617198,63.749176060849635,71.4640552035276,56.03429691817168,15.461988417285866,21.45611805669986,9.467858777871873
Akzeptieren,160,7.018855267709867,7.83778969570619,6.199920839713544,57.18191166843227,43.751605930073424,58.76985844992386,59.61002968082784,57.929687219019875,15.29597254970944,18.80494794308611,11.78699715633277
Akzeptieren,162,6.707856880711262,7.4787783628862865,5.936935398536236,58.66242175090939,42.45116509538728,54.90255566281199,53.50768228347972,56.29742904214426,14.128833236920553,17.507513305227842,10.750153168613261
Akzeptieren,164,6.465927907837489,6.898628818619746,6.033226997055234,53.02328498894843,44.161506199199955,54.62172079030384,53.173570284355854,56.06987129625183,13.443318898734582,15.939005584646102,10.947632212823061
Akzeptieren,166,6.5060631471852535,6.952449951421571,6.0596763429489355,55.931877591898164,43.53685537733768,55.85273581251295,55.36870866486097,56.336762960164926,13.845420201035298,16.187994754282425,11.50284564778817
Akzeptieren,168,6.645993237318648,7.232884119531274,6.059102355106022,60.45449970403176,43.213601578336515,56.59285742330239,56.06004424250205,57.12567060410273,14.046394932270136,17.654431712196452,10.43835815234382
Akzeptieren,170,6.671465098756633,7.455051393571646,5.8878788039416206,61.62734290211125,44.5550917548497,62.077872695162014,68.35598673996569,55.79975865035834,14.498108684345752,19.435568612847803,9.5606487558437
Akzeptieren,172,6.442866834071496,7.092312121434448,5.793421546708544,63.566795666768094,46.43483924345515,65.4153920856098,68.82719545003803,62.00358872118157,13.615493738553656,16.836334316181915,10.394653160925397
Akzeptieren,174,6.674315563189905,7.252922619719782,6.095708506660028,63.902170378205305,44.33393971275882,61.44160282194358,63.380286060718866,59.5029195831683,13.487316474266779,16.986137761473195,9.988495187060362
Akzeptieren,176,6.473320280731887,6.767265967581787,6.179374593881986,59.15215447620992,42.88311259512731,62.53253393416725,65.74284326865813,59.32222459967637,13.151453057361149,15.853230168132653,10.449675946589643
Akzeptieren,178,6.491281294361713,6.8742087499809585,6.108353838742467,60.78950430125785,43.209420624790084,62.77953198240639,65.88087422070252,59.678189744110256,13.543263846684056,16.770245394171877,10.316282299196233
Akzeptieren,180,6.61773544826341,6.842724541664759,6.392746354862061,61.350500845608934,44.896686927246364,63.109839122111175,66.61528422556954,59.60439401865281,13.272710273616713,16.484395533784806,10.061025013448623
Akzeptieren,182,6.637396386983971,6.920465850623535,6.3543269233444075,61.3681986031261,44.18041383645243,62.04241960472462,65.64174601930237,58.44309319014687,13.403820694669829,16.680507746569273,10.127133642770383
Akzeptieren,184,6.7459817626788645,7.182859560993704,6.309103964364026,59.482971733451656,43.26889238968233,61.79510011882746,65.53782618112454,58.05237405653038,13.789201210775905,16.75391310865991,10.824489312891902
Arzt,166,7.8732450250994095,6.998756698291971,8.747733351906849,61.22846152024757,46.28364987382388,49.54474270650691,49.10585035357649,49.98363505943732,15.072049667413806,15.960015205631642,14.18408412919597
Arzt,168,7.623180545685977,7.6143683511266875,7.631992740245266,58.6350427032811,44.568997904883844,46.48888878414736,44.68462036736062,48.293157200934104,13.621934005069026,17.505882494952942,9.737985515185107
Arzt,170,7.785374461013943,7.7437825052519775,7.8269664167759085,64.86817957333017,46.564643817003514,45.36989278091245,44.04964364449584,46.69014191732907,13.726991365516483,17.60825339966869,9.845729331364273
Arzt,172,8.1798760654776,8.589821999292862,7.769930131662339,64.92740261965491,48.09853534376791,47.645586550041045,44.76643980884987,50.52473329123223,14.32275860682459,19.663757924633046,8.981759289016134
Arzt,174,7.872187274208324,8.07067369011512,7.673700858301528,67.54348200627136,50.00061333754105,48.626593424383216,44.05365300724982,53.19953384151661,14.050359791430877,18.705095150078318,9.395624432783436
Arzt,176,7.657135421608283,7.958802951671215,7.35546789154535,68.84518732954366,50.345448362205005,49.711140385290136,46.06422129189197,53.358059478688304,14.26829182251166,19.098636073117525,9.437947571905793
Arzt,178,7.941830510018855,8.202193816829947,7.681467203207763,69.04460211633857,50.16937272996456,49.795404812841916,46.982683736566386,52.608125889117446,14.790772046105118,19.16664667097642,10.414897421233817
Arzt,180,7.818107297602058,8.09741506474739,7.5387995304567275,67.25583149826514,50.76576920347566,53.20337865989632,49.84278053253601,56.563976787256635,14.711090497519463,18.94388221282012,10.478298782218804
Arzt,182,8.257841072085936,8.666374879875178,7.8493072642966935,69.72132382490196,53.809487185229074,51.930340496674354,54.04027899075959,49.82040200258912,15.07347670681894,19.480986826967023,10.66596658667086
Arzt,184,8.50721757534708,9.04067723241777,7.973757918276388,66.96855375573648,50.89457807651655,54.85511942101337,58.76471888558312,50.945519956443626,15.788966409111804,20.942072124701205,10.635860693522403
Arzt,186,8.692745756459047,9.493340331551197,7.892151181366896,68.35663099729167,54.249032128731315,57.74153175206146,63.07934749756262,52.403716006560295,15.115021133252519,20.684645996265257,9.545396270239783
Arzt,188,8.517373525154092,9.511722800635358,7.523024249672828,69.69897187496538,53.3286975950906,58.06415308978865,61.36438342353186,54.763922756045424,14.788984104154476,20.715202083862035,8.862766124446917
Arzt,190,8.572144118856308,9.667584283619616,7.476703954092999,70.14844000918336,54.15388446933711,57.89964983272391,59.727423140139436,56.07187652530839,15.15644740059081,20.987969781186585,9.324925019995034
Arzt,192,8.688164379777483,9.62991808617263,7.746410673382335,74.27257535338236,56.53873889327614,59.88247793086171,64.30332405846032,55.46163180326311,15.642783188960145,20.9730661373503,10.312500240569987
Arzt,194,8.551167031340555,9.20058371509075,7.901750347590358,71.4510963280296,53.89111575994879,55.990223381151985,58.82366110723235,53.15678565507162,15.312190556669979,19.897882641520912,10.726498471819044
Arzt,196,8.741062849426584,9.75819397293428,7.72393172591889,68.15566247743114,51.8059708533772,55.646837100615876,58.837157760964054,52.4565164402677,15.812732336962835,21.623741433268115,10.001723240657554
Arzt,198,8.73908735403432,9.912361683826688,7.565813024241952,70.72856943090771,56.2955103351425,58.394026810074564,60.603624851037324,56.18442876911181,14.976449765344768,21.161199777293543,8.791699753395992
Arzt,200,8.092771780610942,8.686981445928097,7.498562115293786,72.68838018893884,56.54565536289154,58.780280536381426,61.41390728175971,56.146653791003146,13.636603225130127,18.187784751853695,9.08542169840656
Arzt,202,8.681249723492995,9.872197151959192,7.4903022950267975,72.2499700416427,54.059156597025684,56.03995799174405,57.57981967989758,54.500096303590524,14.880724601070016,20.768439416803545,8.993009785336486
Arzt,204,8.699915346227446,9.934721639738733,7.465109052716158,69.96297643158964,52.73241295093795,55.39607977420014,57.21579040442428,53.576369143975995,15.082131529131317,21.142857150564968,9.021405907697668
Arzt,206,8.322481053613298,9.300783491926616,7.344178615299979,76.1878701190498,58.222632293115694,59.335851173063034,61.674069366874036,56.99763297925204,14.988353561117716,20.498904986307515,9.477802135927917
AufgebenResignieren,122,11.500478810916048,12.954161120981574,10.046796500850522,52.41677069531967,46.79218166782529,80.41491962566936,113.43956437855594,47.39027487278276,28.39458069445248,34.07067493895364,22.71848644995132
AufgebenResignieren,124,13.089121215483846,13.926107135603774,12.252135295363917,61.66826660688047,52.6297710442665,102.71947352751673,107.74224766652648,97.69669938850699,34.06424085706148,39.7261523749567,28.402329339166254
AufgebenResignieren,126,13.82207054249761,13.392664875563808,14.251476209431413,55.99900673881246,53.99153884386544,104.3977000372163,103.3333354301129,105.4620646443197,35.72824709356233,38.675925645039875,32.780568542084794
AufgebenResignieren,128,14.139413307495905,13.992563741293953,14.286262873697858,60.957174232773646,53.9936376323078,103.12051442841211,102.52029238594523,103.72073647087899,35.82950325081507,40.79832150042504,30.86068500120511
AufgebenResignieren,130,13.579023188815533,13.33152840720455,13.826517970426519,55.76973396267266,54.22692542381207,103.28523140295442,104.5628385768331,102.00762422907576,30.877960903618877,34.97759168407041,26.778330123167347
AufgebenResignieren,132,12.938544556106208,12.022093604223436,13.85499550798898,43.139740723779525,38.0192290484737,36.65087293715355,39.388012759891716,33.91373311441539,25.950334636714445,30.533925803893194,21.366743469535695
AufgebenResignieren,134,12.223528684483835,10.778746725830867,13.668310643136804,44.491266751565625,38.47933776108954,42.49519675616381,37.65306761880902,47.33732589351859,23.94152537230078,26.527534972305446,21.35551577229612
AufgebenResignieren,136,11.161613046934065,9.87155606109106,12.451670032777072,45.58464595733463,40.34427832139393,49.84069024533065,43.984466480605775,55.69691401005552,20.539858700942208,23.127095486074648,17.952621915809768
AufgebenResignieren,138,9.886112916317714,9.302999951427134,10.469225881208294,47.33838371521279,40.244548244902006,48.34455151742979,40.37790266228997,56.311200372569616,18.224549594548897,20.836271481368925,15.612827707728872
AufgebenResignieren,140,8.706382899468935,8.131417998842169,9.2813478000957,48.58051061669461,39.891793765087705,48.44989414618414,48.48591526244632,48.413873029921966,15.0421546473901,17.396929823325856,12.687379471454346
AufgebenResignieren,142,7.543077374324945,7.679143109339957,7.407011639309931,50.22958012982375,43.718975865349464,58.095857956257575,61.32709672960387,54.86461918291127,14.35937235531487,15.940916402720203,12.777828307909536
AufgebenResignieren,144,7.813531399351942,7.638763022236585,7.988299776467299,49.17403721123364,48.59512740428103,64.78540545479925,65.41446055805095,64.15635035154754,16.154336934536047,15.119009400122096,17.18966446895
AufgebenResignieren,146,9.273957391088935,9.547715330940372,9.000199451237497,58.28618814363495,45.564135797906424,76.20471341306393,78.72515318321943,73.68427364290841,20.020044544688616,21.801075061474773,18.239014027902464
AufgebenResignieren,148,10.548369950251818,10.18972247587773,10.907017424625908,69.65434808820989,58.42111599858547,103.545692664851,101.96871744610367,105.12266788359834,19.865873970394894,22.003546802383912,17.728201138405876
AufgebenResignieren,150,10.524472102327042,9.142807515563335,11.906136689090747,67.15438626191613,56.83252930377884,118.5984455286514,113.24734344771278,123.94954760959001,20.127984609633607,18.749568644261895,21.50640057500532
AufgebenResignieren,152,9.921635331038757,8.062527464174208,11.780743197903307,62.00865741909898,49.14112326040613,95.08763459814529,93.76299237144119,96.4122768248494,18.393744474027997,16.611364611304445,20.17612433675155
AufgebenResignieren,154,11.172936389538458,9.229727532951511,13.116145246125406,51.40140716335598,38.64688212734287,62.187011073978866,55.43032513208623,68.9436970158715,22.416857156631433,20.269758984972285,24.563955328290582
AufgebenResignieren,156,11.076103526492691,9.586815037582046,12.565392015403337,50.57861407037983,38.129291320474195,56.72536067841706,51.794045294432316,61.6566760624018,22.897606827239798,21.725606951348833,24.069606703130763
AufgebenResignieren,158,11.611419320811072,9.947301266393696,13.275537375228447,50.98565070375644,42.40779988004318,57.15920861965116,52.63932936910706,61.67908787019526,25.04215475690018,24.885539945848226,25.198769567952134
AufgebenResignieren,160,10.872363140439226,9.114833405801098,12.629892875077353,54.66188035289308,42.64250886446838,54.609719074345136,49.626066391017396,59.59337175767288,22.170053971155145,20.908035950848287,23.432071991462003
AufgebenResignieren,162,10.712762888714567,9.170376283211581,12.255149494217552,52.726233383117744,40.752954047018456,52.1104126642944,48.306277297406645,55.914548031182164,22.623623230289656,22.617517985018605,22.629728475560707
AufgebenResignieren,164,11.406307443593832,9.596847033651454,13.215767853536208,54.1937191239601,42.650935694848954,54.97556357653566,50.642514091204994,59.308613061866325,23.998163725224902,23.70889790649153,24.287429543958275
AufgebenResignieren,166,10.541748582835648,8.573063678320535,12.51043348735076,52.38354967326333,40.885651474970416,55.15618818121389,51.16114471846062,59.15123164396717,21.400116466490488,19.72839244144188,23.071840491539092
AufgebenResignieren,168,11.121270623241227,9.695022539259423,12.547518707223032,52.51624488794433,42.76036784970468,55.893515468016204,51.22986444871911,60.557166487313296,23.668394443782397,24.56219335551158,22.774595532053212
AufgebenResignieren,170,10.565785507192665,8.568977287795086,12.562593726590242,54.280857685886645,41.017276362057004,58.044564839746315,55.259000539960276,60.83012913953235,21.3357934620062,19.630860343902704,23.040726580109695
AufgebenResignieren,172,10.803016419395618,9.436294462275622,12.169738376515614,55.15388459627926,45.58752979951827,56.995871992434274,51.63369956791841,62.35804441695013,22.976565676924707,23.435124900721625,22.51800645312779
AufgebenResignieren,174,10.563690077706722,9.85267108098573,11.274709074427715,55.98767889352476,47.422632643453916,67.49015206379546,50.86135453101043,84.1189495965805,22.40855763803892,25.16772925986779,19.64938601621005
AufgebenResignieren,176,10.157651092793596,8.80145873784694,11.513843447740255,58.11027990336058,49.39359128261697,74.4813118599304,50.141234557807145,98.82138916205365,20.67319865485531,21.536879724337993,19.809517585372625
AufgebenResignieren,178,10.921882522201447,9.716020497356096,12.127744547046799,57.46762626004544,45.722730703978065,56.896017253611134,50.7476720631983,63.044362444023974,23.95966970078335,25.97571600434656,21.943623397220147
AufgebenResignieren,180,10.740466033822075,8.887085706038325,12.593846361605825,56.45718038406364,45.61696737032529,54.15097564746836,48.378332724684036,59.92361857025267,22.042390006731367,20.97998112076987,23.10479889269286
AufgebenResignieren,182,11.202388637141961,9.934433564830611,12.47034370945331,53.95444214936817,40.939064973631304,55.858349885441854,50.7314057193847,60.985294051499,23.11695165674157,24.056000910467333,22.17790240301581
AufgebenResignieren,184,10.809802235996704,8.902144465960061,12.717460006033347,55.77423353603441,47.842618108668155,56.41540601889216,49.75067102241087,63.08014101537346,21.887851742683168,20.89128520339941,22.884418281966923
AufgebenResignieren,186,11.141010826096709,9.905434735973285,12.376586916220132,55.18312305812678,48.485518221449404,56.9138230789798,51.48431018114439,62.34333597681521,23.31361348929024,24.47454285780184,22.152684120778645
AufgebenResignieren,188,10.488707938434533,8.78882725811229,12.188588618756778,58.04729873017403,49.71711646304926,56.66193612539615,50.193090030943885,63.13078221984843,20.98550842623605,20.298800151123288,21.67221670134881
AusgebenGeldVerschwenden,120,10.887969462444378,8.573772436965495,13.20216648792326,62.409856002287256,51.28149144871633,61.1567610635531,60.05899357856265,62.25452854854355,22.931317032981053,14.788367631437543,31.07426643452456
AusgebenGeldVerschwenden,122,10.532841988598696,8.90002836450112,12.165655612696272,58.57207405694578,49.447899200097595,66.37324003970905,57.40870508142768,75.33777499799042,24.101418399681286,14.25315794568439,33.94967885367818
AusgebenGeldVerschwenden,124,10.003234756602868,8.951811319223548,11.054658193982188,52.18255700498764,48.318841958885976,72.10315282508839,58.52101593373059,85.68528971644619,20.922922740895107,10.45075973709483,31.395085744695386
AusgebenGeldVerschwenden,126,10.546713176068156,8.531799256187469,12.561627095948845,59.32253383851616,50.200929228138676,76.43439094895803,55.85829122256342,97.01049067535264,19.534541603541047,9.700239000287555,29.36884420679454
AusgebenGeldVerschwenden,128,10.275008685166144,8.399534434432855,12.150482935899433,53.58768568184218,49.9065365998614,84.88590617987066,65.08931100630396,104.68250135343736,20.294230205632807,9.790090999263033,30.79836941200258
AusgebenGeldVerschwenden,130,9.492885473575033,7.886926415437692,11.098844531712372,56.768185264571386,49.37604065762756,84.00818492136473,55.13185329445006,112.8845165482794,18.12254582361355,9.36404328306706,26.881048364160037
AusgebenGeldVerschwenden,132,9.739741028931293,7.591899061108049,11.887582996754539,61.06441698733534,52.87841731335284,81.12307622761114,53.50444392546446,108.7417085297578,18.710672445153957,9.45099072775703,27.970354162550883
AusgebenGeldVerschwenden,134,9.685422096631395,7.431886601019237,11.938957592243552,49.13257684494718,51.38712963683077,72.2905348711084,49.085241123731194,95.49582861848563,18.438982533792444,10.46213763352044,26.41582743406445
AusgebenGeldVerschwenden,136,10.933875605299473,8.531485744933391,13.336265465665555,53.338789729437245,47.544451628897626,66.67296542338889,53.89499258699872,79.45093825977906,24.364413170747774,18.582533692484144,30.146292649011404
AusgebenGeldVerschwenden,138,10.532431870164803,8.402776581074962,12.662087159254645,46.797438949012246,43.90747762911921,50.35760088828277,40.50183634307679,60.21336543348875,25.34839052018838,19.974618945870674,30.722162094506086
AusgebenGeldVerschwenden,140,10.869982610695605,8.70938715641512,13.03057806497609,53.795591873571,49.96011916353897,52.43442884533859,48.05876266165731,56.81009502901987,27.094595384677127,21.34408686842189,32.845103900932365
AusgebenGeldVerschwenden,142,11.701988895448086,9.491643520913495,13.912334269982678,50.9224968767558,48.42364533372983,53.93213657597411,51.72000838312297,56.14426476882525,28.835397342396877,23.005717890175198,34.66507679461856
AusgebenGeldVerschwenden,144,11.392227744723682,8.838323992407975,13.946131497039389,51.62439730009023,48.1160568061658,50.36920021285086,47.37231405225121,53.366086373450514,29.088891952481884,22.919747908229326,35.25803599673444
AusgebenGeldVerschwenden,146,11.516973382931965,9.221910128574066,13.812036637289866,53.32772601380001,47.49478688871651,59.62702432737765,52.87813471110435,66.37591394365094,26.634459208643264,17.093638878216215,36.17527953907032
AusgebenGeldVerschwenden,148,11.20312279008346,8.184657490891977,14.221588089274944,58.17041987464211,50.6197712048267,72.94540555319527,61.215036338218304,84.67577476817225,25.30597172997896,12.156215765629705,38.45572769432822
AusgebenGeldVerschwenden,150,12.023790385061687,9.947739289743973,14.099841480379403,62.56152030211591,53.07901577382335,70.05995604791755,50.27344117705066,89.84647091878443,23.59633050540181,13.017033180933911,34.17562782986971
AusgebenGeldVerschwenden,152,9.63774739083317,7.045536781999548,12.229957999666789,58.67810979386867,53.61436084852674,81.13986638785227,56.625529053203294,105.65420372250125,22.439680070678946,9.674955957805137,35.204404183552754
AusgebenGeldVerschwenden,154,8.895266272624259,7.145499186398157,10.64503335885036,57.25185095158391,52.899650123108664,66.8900266582323,39.57013976885238,94.20991354761222,19.1905392741806,8.872113092974281,29.50896545538692
AusgebenGeldVerschwenden,156,9.391212271468705,7.197873083688838,11.584551459248573,55.080460503657804,51.879548284237835,61.96801137361369,36.37108900915731,87.56493373807008,20.494598486969075,9.707465711459054,31.281731262479095
Auto,104,12.083923693893658,10.682055103425414,13.485792284361901,54.77774270097035,42.35977221271859,65.94758278855636,53.49240267077022,78.40276290634252,19.252953964758078,13.212095795668946,25.293812133847208
Auto,106,12.322733169439605,11.034931230390454,13.610535108488756,52.9392186400765,41.20175013838153,61.12240461010018,55.63722619292824,66.60758302727213,19.4138600268669,14.71757903436316,24.11014101937064
Auto,108,11.98206837012381,11.717941310305712,12.24619542994191,53.62433782199136,42.48490648326171,57.08705933082901,60.96125731500731,53.21286134665071,19.393580433623,20.176033755557658,18.611127111688347
Auto,110,11.953856584567433,11.20085702930611,12.706856139828755,50.5714704175606,41.28475701006549,57.63217772044053,60.194224826807385,55.070130614073676,19.335800120714595,18.072347661701286,20.599252579727903
Auto,112,12.07374814237673,11.198750374843788,12.94874590990967,47.887611919099136,40.42921906388295,53.639585625573375,59.73181842508623,47.547352826060525,18.805652884193137,19.09964925829033,18.511656510095946
Auto,114,11.966289463734824,12.29159541373223,11.64098351373742,53.59540852020018,40.95068517853576,44.69691398309486,59.73651733085155,29.657310635338167,18.807689844747777,21.385744416117618,16.22963527337794
Auto,116,12.260294892508128,12.469577374221052,12.051012410795206,50.299816435300464,40.064214332783685,49.837143620334984,74.22729975607824,25.446987484591723,19.083563648078627,22.590993249226457,15.576134046930799
Auto,118,12.07264445760423,12.765534356276481,11.379754558931978,47.01791143461935,39.75515182240011,51.60339488108998,70.57164306881782,32.63514669336215,19.077495785506112,23.21899695558668,14.935994615425548
Auto,120,12.539735853285784,13.579394488971307,11.500077217600259,47.63855245903854,43.452029108047206,63.64621052920156,79.11616734968162,48.176253708721504,20.74877172654938,25.121257146053154,16.376286307045604
Auto,122,12.329479997544436,12.757002965165155,11.901957029923718,50.313114118748,42.63030126706671,63.17024814647516,72.93558857290607,53.40490772004426,20.11219342437731,23.238826724919896,16.98556012383472
Auto,124,11.68891383411924,11.4605715804957,11.917256087742784,50.6315899603635,44.80217365224097,59.44541328767142,57.88888825298807,61.001938322354775,18.171790616166387,19.177558287613266,17.166022944719508
Auto,126,11.26214230099787,10.868519831167355,11.655764770828386,50.55603648417856,44.21806616807915,50.96738650419796,44.623810908876465,57.31096209951946,17.17309523190988,17.673520303211376,16.672670160608384
Auto,128,10.953234353555882,9.834627535532267,12.071841171579496,52.26428795645423,43.60710403645545,48.8891287907482,34.47366793178303,63.304589649713385,15.017029333736794,12.893103977769375,17.140954689704213
Auto,130,11.080691659923994,10.062186591800167,12.099196728047822,50.82433495939916,40.83431238845287,49.34542609084594,36.751521036170786,61.939331145521095,15.570851421433476,13.403911725150795,17.737791117716156
Auto,132,10.822612995063205,9.827220000928762,11.818005989197648,56.33926796013162,43.32639913037533,47.696822901846154,37.618242550145055,57.77540325354725,16.297977848111106,14.172230583196152,18.42372511302606
Auto,134,11.284551430102146,9.698341294977933,12.87076156522636,55.196720140020055,43.42428302406059,50.101105291588276,46.81940990222115,53.3828006809554,18.381914067951186,17.151324115312754,19.61250402058962
Auto,136,11.851447149017629,10.418283277770394,13.284611020264864,49.20286347893468,43.266884635635435,50.761252066987225,51.71770076377451,49.80480337019994,19.82324790186324,18.95424152488436,20.692254278842118
Auto,138,11.831324126926882,10.504759389158517,13.157888864695247,51.4581939435991,40.331856661591644,52.64765518812159,56.13969129350746,49.15561908273571,18.412465513866177,16.067324978114986,20.75760604961737
Auto,140,11.615740923760729,10.25005829375557,12.981423553765886,57.542463600782455,46.5763734111067,50.5073454017929,60.876353874876834,40.13833692870896,18.70200433375814,18.50109645012374,18.902912217392537
Auto,142,11.484756027600099,10.366440277282717,12.603071777917483,56.04343025969545,42.18092390728268,50.985290796064376,60.24968238714251,41.720899204986246,17.624090619068056,17.952490019964706,17.295691218171402
Auto,144,11.217646983044126,10.627008575522527,11.808285390565727,51.70723167685634,40.75151511375198,45.36653264858356,53.99038809655936,36.74267720060776,16.125959940521426,17.723743393512695,14.528176487530157
Auto,146,11.652061326238801,10.98508318363583,12.319039468841774,56.51102246050663,40.04094169570846,45.49382769987463,52.06036854929304,38.92728685045622,17.49376185719437,19.891424395952264,15.096099318436476
Auto,148,11.962118424453708,11.360536138081487,12.563700710825929,46.022427868121824,37.28506393514469,43.85706922033539,49.310286973213586,38.403851467457194,17.217163506259478,19.617179982987015,14.81714702953194
Auto,150,12.094804944197726,10.718302260103753,13.471307628291699,47.3176311944536,38.056265943652164,38.832193568237415,37.20622255238178,40.45816458409305,15.971356874134365,13.370820485604945,18.571893262663785
Auto,152,11.66846476236164,10.872729822775137,12.464199701948145,41.861435065617506,37.690570392987766,42.736651356262776,36.3792156407825,49.094087071743054,16.459746687124888,17.9641240156237,14.955369358626076
Auto,154,11.35957700638567,10.475259076339533,12.243894936431806,52.53505562210835,42.41209596002162,47.327217357487626,35.38738165028851,59.267053064686735,15.603613073897707,16.07038919820689,15.136836949588524
Auto,156,12.229840079731515,11.01600105708132,13.44367910238171,49.993352697748875,39.34829761082603,47.96493932272864,38.557301814592975,57.372576830864304,16.44309245489839,14.687226963423297,18.198957946373483
Auto,158,11.512097903511682,10.966014734797898,12.058181072225466,46.67912652679289,38.93821950639477,51.8766868691733,47.22672981297692,56.52664392536967,16.04611760124932,16.285027635067955,15.807207567430686
Auto,160,11.821374306146707,10.84308456686803,12.799664045425384,50.292009761779205,41.552334958114095,53.9022974944082,44.05624656368902,63.74834842512739,16.76257988198435,17.1975200865885,16.327639677380198
Auto,162,12.087876981535496,10.897468431917904,13.278285531153088,49.86512739733872,39.262187360173904,52.987940678775786,49.54503173402246,56.43084962352911,17.752975575728406,16.834980889761255,18.670970261695558
Auto,164,11.414414723053067,10.800299376039936,12.028530070066198,51.54335278295599,41.93292050889,58.79960293071434,58.67952826831077,58.91967759311791,17.785442947690115,18.31869763629615,17.252188259084075
Auto,166,12.053304171185928,11.357472584118016,12.74913575825384,55.3466242756641,41.51168027804026,59.7804703880888,63.490229134665704,56.070711641511906,19.49002330212337,19.776041849193355,19.204004755053386
Auto,168,12.022421805135746,11.194207507389738,12.850636102881754,48.71959100278695,40.81500046481923,57.12521479755698,60.137965255204044,54.11246433990992,19.919793640036126,19.871565612064618,19.96802166800763
Auto,170,11.756906258218816,10.919307557121487,12.594504959316147,50.3922081782415,41.84255539731911,59.446847296167675,60.79260702775956,58.101087564575785,16.99174371532597,16.249393774025783,17.734093656626158
Auto,172,11.74264689409929,11.073318628323022,12.411975159875556,49.679532656332164,41.607560821923954,59.36329594454955,64.5107570775219,54.21583481157719,17.463566388288395,17.658871894370517,17.268260882206274
BesuchenEinmischen,172,13.477043109968807,17.78006419749843,9.174022022439187,57.988754111958606,47.017262166878304,56.87279552461432,51.28314568352807,62.46244536570057,20.423097227212185,25.522379629727013,15.323814824697356
BesuchenEinmischen,174,10.164529743669753,11.942220083752524,8.386839403586983,50.89474417517184,45.25595986861007,65.3285570239239,46.75641374812655,83.90070029972127,13.282261277502819,14.818656500223165,11.745866054782475
BesuchenEinmischen,176,17.151206044856472,25.948366774473588,8.354045315239361,58.49433956688015,52.138759046730755,78.22321968734053,83.81635940615789,72.63007996852316,32.14244848448812,50.040247820945794,14.244649148030453
BesuchenEinmischen,178,10.788895112404541,12.786744830374252,8.79104539443483,54.924648858890635,47.765758546888925,57.422070629285884,51.567512898577,63.276628359994774,17.850893018681187,19.91706938696107,15.784716650401302
BesuchenEinmischen,180,8.507926914347665,9.05363887944503,7.9622149492503,56.49777441605241,47.922757516734926,54.86698251797281,47.81049309280532,61.9234719431403,14.151821020872594,14.028598391967277,14.275043649777912
BesuchenEinmischen,182,14.904696917172476,20.81762741917285,8.991766415172103,59.37842297205945,52.903058708556216,70.17911908064757,83.30518112226419,57.053057039030946,31.080662174187193,45.102063957687655,17.05926039068673
BesuchenEinmischen,184,9.367084499933888,9.448076194267736,9.286092805600042,52.635593428535614,47.07053034647285,57.86589010568524,47.196543951252565,68.53523626011791,13.922828510415197,11.792164265785328,16.053492755045067
BesuchenEinmischen,186,13.949187008808757,18.433606922913665,9.46476709470385,51.63360151144694,50.736441445341555,69.56491918456526,82.85380250957454,56.27603585955598,28.445860464795743,37.50961449278597,19.382106436805515
BesuchenEinmischen,188,10.688959628584238,10.179662593876659,11.198256663291817,55.06227025878093,47.16731639366475,52.352280944223104,49.242401277043946,55.46216061140226,18.719589941272332,14.540430277741471,22.89874960480319
BesuchenEinmischen,190,16.35134102544408,20.1832323810492,12.519449669838957,48.577498649522425,48.492726005491846,69.15478837290271,77.31656713541946,60.99300961038598,33.716204528903816,43.69930630227577,23.733102755531867
BesuchenEinmischen,192,12.515329045011871,11.802262733598733,13.22839535642501,43.31147248068226,46.966964207929244,59.31184554032579,55.874705445160615,62.748985635490975,22.379137248500854,17.488342972256653,27.269931524745054
BesuchenEinmischen,194,16.942116535986024,20.557541745915877,13.32669132605617,43.90140273498915,48.02766301152729,71.64193110480579,81.73813205023345,61.545730159378124,35.61535324778744,44.441941182208836,26.788765313366035
BesuchenEinmischen,196,13.184608643543925,11.929565068367067,14.439652218720784,45.48226805675368,45.38890792807187,56.88869167272466,51.63050604327325,62.14687730217608,23.00645202198489,17.131052281920315,28.881851762049465
BesuchenEinmischen,198,15.38468013334187,16.140890672260507,14.628469594423231,44.040431129577605,45.25945296491912,58.499897508121876,56.36676645817873,60.63302855806502,31.297541677560183,34.2415246436395,28.353558711480865
BesuchenEinmischen,200,13.264412405474257,11.91625622524174,14.612568585706772,45.39413036015091,53.10328499947454,61.92940824765833,53.38184242687245,70.4769740684442,25.707996626229836,22.39638465004237,29.019608602417296
BesuchenEinmischen,202,16.470985643211694,18.04259516087725,14.899376125546135,44.95878789659024,47.619570260762075,65.34256485761833,64.80273956593707,65.8823901492996,35.315148020702104,40.736285227075086,29.89401081432912
BesuchenEinmischen,204,12.895187758984047,13.148260074279756,12.642115443688336,44.57412845116722,46.73515390714673,56.29689406005361,46.23250438341164,66.36128373669558,20.641259388934966,15.895968715296481,25.38655006257345
BesuchenEinmischen,206,16.452756163415877,18.73948527940353,14.166027047428223,44.77508885083357,47.93652793342225,64.6493729784506,63.94612341248923,65.35262254441196,34.661082848820186,40.19027619673138,29.131889500908997
BesuchenEinmischen,208,14.173473378744523,13.962081173214504,14.384865584274543,43.78574655394844,54.45625334933316,64.78318086590495,55.92907359887443,73.63728813293548,27.117905103028455,24.518111697347994,29.717698508708917
Blitz,131,14.029697687772819,,14.029697687772819,35.95648129803742,45.91678064808942,49.407387085316024,,49.407387085316024,17.323295954327932,,17.323295954327932
Blitz,133,14.206963550208343,,14.206963550208343,39.35208662425655,52.12264670831307,47.22390273285779,,47.22390273285779,18.389486730360556,,18.389486730360556
Blitz,135,14.604760222816259,,14.604760222816259,40.74360999442586,59.63227093179763,46.5779329406718,,46.5779329406718,19.11655826284379,,19.11655826284379
Blitz,137,13.482564469265126,,13.482564469265126,48.94135467060487,63.03589089675289,33.93098400039436,,33.93098400039436,16.794777491721884,,16.794777491721884
Blitz,139,12.748145133020623,,12.748145133020623,47.26289286652647,62.26025747432333,31.94325848911199,,31.94325848911199,15.781878832917348,,15.781878832917348
Blitz,141,12.288489080853614,,12.288489080853614,49.11533839650225,62.97086716408821,30.8751857315316,,30.8751857315316,14.54041514521507,,14.54041514521507
Blitz,143,10.918304035297444,,10.918304035297444,47.78099503488815,64.76125854086057,24.667609717968162,,24.667609717968162,12.538739549441164,,12.538739549441164
Blitz,145,11.529831538673578,,11.529831538673578,49.91003049745209,67.27312038636133,34.2076493515697,,34.2076493515697,16.374666148425003,,16.374666148425003
Blitz,147,12.143846072828165,,12.143846072828165,51.27874325025266,66.90562931480414,41.5228003907866,,41.5228003907866,17.971253594730793,,17.971253594730793
Blitz,149,11.482958157640303,,11.482958157640303,53.281251405735986,70.2089065665116,52.24029977962687,,52.24029977962687,19.06917724058576,,19.06917724058576
Blitz,151,11.293254881975134,,11.293254881975134,55.11325921081073,73.40135178967552,56.16580450718909,,56.16580450718909,17.546897254115304,,17.546897254115304
Blitz,153,11.719699481078441,,11.719699481078441,46.89886890571668,65.74207595853294,41.9042502300781,,41.9042502300781,15.108534793644429,,15.108534793644429
Blitz,155,11.619966774536868,,11.619966774536868,44.970797429189595,61.472980998573114,40.25398081887814,,40.25398081887814,11.98146162649197,,11.98146162649197
Blitz,157,11.979316054606182,,11.979316054606182,48.514824502598515,68.39992149601943,42.50521797100784,,42.50521797100784,12.071468025658595,,12.071468025658595
Blitz,159,10.47000466376349,,10.47000466376349,53.05256758055854,75.05144210674405,58.03510924189292,,58.03510924189292,10.820638487989768,,10.820638487989768
Blitz,161,11.270436384664285,,11.270436384664285,58.848346384898605,83.90297048734067,82.61477793380294,,82.61477793380294,13.239764955791484,,13.239764955791484
Blitz,163,12.47510499645182,,12.47510499645182,45.136943807240584,62.595486112074035,50.30349312845081,,50.30349312845081,14.958304823922283,,14.958304823922283
Blitz,165,14.168944819784059,,14.168944819784059,47.508516957557596,67.6921241185113,59.07705256905242,,59.07705256905242,23.1452964565984,,23.1452964565984
Blitz,167,14.467221961670194,,14.467221961670194,49.481508461675546,66.8502247158948,58.195157929834394,,58.195157929834394,23.032706312600187,,23.032706312600187
Blitz,169,14.92846081775168,,14.92846081775168,58.37041613654895,75.02095971926313,109.56157966613806,,109.56157966613806,23.570389505651676,,23.570389505651676
Blitz,171,16.505953176201565,,16.505953176201565,58.5369757914147,78.2318062491926,106.96035660644557,,106.96035660644557,27.280302227103874,,27.280302227103874
Blitz,173,16.288957833428853,,16.288957833428853,54.72847064272906,74.31109596522438,106.47576148586023,,106.47576148586023,27.359326945764913,,27.359326945764913
Blitz,175,16.401278202692254,,16.401278202692254,55.19876065456775,75.67107531555868,106.38631926949505,,106.38631926949505,26.017528238901292,,26.017528238901292
Blitz,177,16.507058820982316,,16.507058820982316,51.88444093017004,66.84145274611186,98.38747232611695,,98.38747232611695,23.66975749760808,,23.66975749760808
Blume,121,12.389202256975105,14.634119441642092,10.144285072308119,63.051868131370604,58.56110224395242,74.68556071839765,63.719394348462856,85.65172708833244,17.972395620351243,22.515894450471208,13.42889679023128
Blume,123,12.39712209124942,14.761766579042886,10.032477603455954,52.530097170554484,45.848641480095836,64.76781782487822,70.83066397549855,58.70497167425788,17.784689178172002,22.831116961603044,12.73826139474096
Blume,125,13.230366657951697,12.765996349044686,13.694736966858708,65.495207492644,57.52149379829987,79.43369152743523,95.06236570732725,63.80501734754322,18.659514963717115,20.152789865810025,17.166240061624205
Blume,127,9.885102533698799,11.288629319234085,8.481575748163513,60.949540822970434,52.42460346580304,67.83904314869723,68.89719914724859,66.78088715014587,16.906267864000192,18.578531211189155,15.234004516811229
Blume,129,10.351817002362232,11.854634213709755,8.848999791014709,58.12923075923444,48.759344431770074,63.53572709564598,60.07464664032439,66.99680755096757,15.430546705247988,16.48887562085955,14.372217789636428
Blume,131,14.063405924362442,18.222651770359448,9.904160078365438,70.36444665605651,58.21774829323437,75.74254368134473,81.62357370986155,69.86151365282792,23.50260657634868,32.644094745434415,14.361118407262945
Blume,133,10.69193686410407,11.859955613304013,9.523918114904127,69.92454727272388,59.4132923645038,65.80449820256516,62.22696467515772,69.38203172997258,15.289886156119774,17.50985586262018,13.069916449619365
Blume,135,13.62676742490386,17.774690508639026,9.478844341168697,75.50721407666757,64.84006492291711,69.79536881610306,73.48041065101455,66.11032698119158,25.012545024996783,35.792237146005384,14.232852903988181
Blume,137,10.293838504863206,11.487929667604693,9.099747342121722,77.14424136981565,65.0610485579095,59.11956953432608,52.55696225444662,65.68217681420555,16.461600981603517,18.20433147788913,14.7188704853179
Blume,139,14.432248791995882,19.55828948302395,9.306208100967813,77.67874312614092,67.27813147832076,70.61462621393613,74.22238703882209,67.00686538905016,25.0544002391907,37.626116936917,12.4826835414644
Blume,141,11.089909011134925,12.476931080166898,9.702886942102952,73.45372820010041,61.80726209679244,54.86116145350111,45.03169924852626,64.69062365847596,16.53772211760803,21.197655315893705,11.877788919322354
Blume,143,11.149987180573088,11.974318332941268,10.325656028204909,69.36307559391228,57.618814724747324,52.977543306611516,41.77009785581065,64.18498875741238,15.778600843922465,19.51950505456978,12.037696633275148
Blume,145,12.699616038680569,14.466414532415563,10.932817544945575,59.63033262742508,44.62226009668322,55.0655508809908,46.452836396282834,63.67826536569876,16.977725654372726,21.523898765893527,12.431552542851929
Blume,147,15.587575371028151,20.445966663811195,10.729184078245108,60.53258604324479,49.37302717724271,63.217762978642625,64.29195917398901,62.14356678329624,24.392631942815704,36.59846849609655,12.186795389534854
Blume,149,11.996799893297414,13.72741310335115,10.26618668324368,60.516503209414125,44.63019965608492,57.73213744136031,51.629615343772805,63.834659538947804,16.466839620362236,21.386328474680603,11.547350766043866
Blume,151,17.46640635986882,22.554981803901565,12.377830915836071,58.69122235310264,45.26359875380644,63.57497723234948,65.80783302207742,61.34212144262155,26.75771861399895,40.10462127146157,13.41081595653633
Blume,153,12.22882224938617,13.213117665940842,11.244526832831495,61.672930537972576,44.817026116416436,54.84578582673889,48.086350560883695,61.60522109259408,16.44048929879563,20.511970773417225,12.369007824174032
Blume,155,12.824417543808188,14.475363037944634,11.17347204967174,59.28092014749324,44.84536926349435,52.29254985911875,42.169577396867744,62.415522321369764,17.07441340166572,21.667724683429636,12.4811021199018
Blume,157,15.194257354070299,19.2003853735121,11.188129334628501,61.28080209012779,45.41591062243654,52.83675789980323,44.11926343198835,61.554252367618105,22.709838197731184,33.082891858780556,12.336784536681813
Blume,159,13.309620046992908,15.69820366923946,10.921036424746358,62.065406025778195,45.747540645138,50.78722871138261,38.72306790081579,62.851389521949436,18.7888404582279,25.199084320100017,12.37859659635578
Blume,161,12.932400635253167,15.070283275655543,10.794517994850793,59.613624137247825,47.39758485317634,51.185573150530416,39.35830839487198,63.01283790618885,17.60072504619817,23.135671144578883,12.065778947817462
Boese,127,19.110639929185893,,19.110639929185893,50.5806908123777,66.54889547241201,69.28151236780313,,69.28151236780313,37.69357251736113,,37.69357251736113
Boese,129,23.216131654733463,,23.216131654733463,47.82767797895705,59.15573621932315,82.89792888084689,,82.89792888084689,48.33127880716267,,48.33127880716267
Boese,131,19.742433355959044,,19.742433355959044,48.622745105133475,58.639623016070985,56.78318208045936,,56.78318208045936,41.929442111835705,,41.929442111835705
Boese,133,19.748544983345415,,19.748544983345415,43.65399096352791,68.69432638633212,86.54207193795716,,86.54207193795716,41.958678961663075,,41.958678961663075
Boese,135,21.733581036698514,,21.733581036698514,45.86039863903723,70.97074313626298,114.20529956224847,,114.20529956224847,48.69918240986619,,48.69918240986619
Boese,137,22.49487602771223,,22.49487602771223,45.444657125155864,67.73403336884107,120.28304169575081,,120.28304169575081,52.24655130092966,,52.24655130092966
Boese,139,19.549070757892657,,19.549070757892657,53.63756286474681,66.7862174244602,82.5189761988947,,82.5189761988947,41.91010204707869,,41.91010204707869
Boese,141,22.196592483724505,,22.196592483724505,42.843313989210266,50.7213967015979,82.39094841326458,,82.39094841326458,45.94562969268374,,45.94562969268374
Boese,143,21.40040491086471,,21.40040491086471,45.693038919624684,64.1269547064379,94.21227566187113,,94.21227566187113,45.77039695775573,,45.77039695775573
Boese,145,18.58901879923544,,18.58901879923544,44.25776217309109,54.313010029728495,80.87236532404911,,80.87236532404911,36.487516720896885,,36.487516720896885
Boese,147,20.050993910062743,,20.050993910062743,43.873932873804634,62.180774077117135,120.42636590971662,,120.42636590971662,44.39271984055723,,44.39271984055723
Boese,149,22.32388043296929,,22.32388043296929,50.42812065104392,77.36380028903953,125.6544122643428,,125.6544122643428,49.4974068210147,,49.4974068210147
Boese,151,19.69992422954513,,19.69992422954513,47.236779886434384,59.29704138707634,94.33713440303791,,94.33713440303791,39.45464367786448,,39.45464367786448
Boese,153,19.53759565400764,,19.53759565400764,54.03653762928304,72.46565625189788,51.97159360401557,,51.97159360401557,37.917588521785916,,37.917588521785916
Boese,155,19.78420352887279,,19.78420352887279,50.481409057776716,61.93216708764979,49.29538527595561,,49.29538527595561,38.40896417287978,,38.40896417287978
Boese,157,18.3313865346565,,18.3313865346565,49.900259178043534,67.7377491512978,68.99635498649317,,68.99635498649317,36.62698566974412,,36.62698566974412
Boese,159,19.53352055810313,,19.53352055810313,46.500195192748265,69.85756684845326,103.46489897593604,,103.46489897593604,41.99742319291541,,41.99742319291541
Boese,161,18.81575388165224,,18.81575388165224,50.41320566578991,69.1974963722138,104.54679118907671,,104.54679118907671,39.826182289666924,,39.826182289666924
Boese,163,18.10633597048641,,18.10633597048641,44.18766383677056,63.81581935564934,91.90236098220069,,91.90236098220069,35.75175682843346,,35.75175682843346
BroetchenAufschneiden,151,9.302943085189318,10.021928265036392,8.583957905342244,38.30270748716272,36.67143102850749,49.24574348498214,34.303473238592,64.18801373137228,20.809358514896317,23.0089621275218,18.60975490227083
BroetchenAufschneiden,153,9.873561896343222,11.596811312371928,8.150312480314515,37.52867890061848,35.96192922327755,52.726342681565015,45.28844027925989,60.16424508387015,23.377051444196745,27.82625804185269,18.9278448465408
BroetchenAufschneiden,155,9.303640612392805,10.122537268876123,8.484743955909488,40.931563589451756,36.35767187343146,45.529393089300875,35.26553721063856,55.79324896796319,21.64883580360013,24.444266198335875,18.853405408864386
BroetchenAufschneiden,157,10.22084017809527,12.192140647893321,8.249539708297217,39.73149207782429,37.776780799567106,53.38390535493477,54.75439930887012,52.01341140099942,24.140628299265213,29.62348782719945,18.657768771330975
BroetchenAufschneiden,159,9.393950048615423,10.220468847624034,8.567431249606813,38.16409115860733,37.7815852235478,40.58649417574152,33.19758086335639,47.97540748812664,22.27656585181228,25.122322532495588,19.43080917112897
BroetchenAufschneiden,161,9.372128122945853,10.50371643937272,8.240539806518985,46.282366175655554,44.94909968506531,49.66137549386172,45.67280479233395,53.64994619538949,21.843641791713644,25.614039309884234,18.073244273543057
BroetchenAufschneiden,163,10.333073746553417,12.57745781937401,8.088689673732823,38.75553877091839,43.561962952333424,49.22787657934788,54.48822402976845,43.9675291289273,25.376645650397347,33.28015029730745,17.473141003487243
BroetchenAufschneiden,165,9.823185571183942,10.65066304662815,8.995708095739731,40.6345304205737,45.058131894020946,42.192473263403656,38.03025616694192,46.354690359865394,23.610452938043,25.505010752956423,21.715895123129577
BroetchenAufschneiden,167,11.704204553909527,13.152472027356668,10.255937080462388,43.92438060651694,54.151581781938695,65.84977362096026,70.49236816814671,61.20717907377383,28.38956070350796,31.207759158491555,25.571362248524366
BroetchenAufschneiden,169,11.378635020642996,10.67507019011815,12.08219985116784,47.12879996804079,49.045463477584335,57.61011718553561,40.83852711319403,74.38170725787718,24.831902359773526,23.569239684480554,26.0945650350665
BroetchenAufschneiden,171,12.106214295639075,12.505336708335946,11.707091882942205,48.67716627307983,59.42131598801124,68.09047617886867,60.6717331515057,75.50921920623163,27.55338336587952,28.637195804483515,26.469570927275527
BroetchenAufschneiden,173,11.511131730108236,11.893417478848251,11.128845981368222,51.95653511772125,57.060049921386614,60.39535685367626,60.907596040551084,59.88311766680144,26.206256894118532,27.993791926585608,24.418721861651452
BroetchenAufschneiden,175,11.183286192543736,11.033456729763788,11.333115655323683,47.947009707669544,44.30098589661431,51.09895364564535,41.87844627648589,60.31946101480482,24.74501909401667,25.070178146389477,24.419860041643865
BroetchenAufschneiden,177,10.561477766432809,11.082029171913671,10.040926360951945,37.702281094232376,42.351209656595245,59.59310224335442,36.24365304399938,82.94255144270947,26.41612463234221,28.13495206567482,24.6972971990096
BroetchenAufschneiden,179,10.261912831807358,10.906744432328011,9.617081231286704,47.53728959603913,52.91844104178674,65.18025259120841,40.30568496725806,90.05482021515877,24.86571540045104,25.726736986482774,24.00469381441931
BroetchenAufschneiden,181,11.34746741187751,13.127673689155209,9.56726113459981,45.11987365791595,52.61290346013718,64.8085083171355,63.44400526336466,66.17301137090634,29.804770390690628,33.05724239642477,26.552298384956487
BroetchenAufschneiden,183,10.653939411654703,11.1338871359067,10.173991687402705,46.71774548928212,58.44440546055364,60.16722843203294,54.68242821797602,65.65202864608986,25.218157547171273,26.998210838123896,23.43810425621865
BroetchenAufschneiden,185,13.145044470759332,11.436514829307123,14.853574112211541,44.62089746374841,50.696722709786485,62.84405340981856,49.785909857041396,75.90219696259572,26.895089213182043,28.321700571844424,25.468477854519662
BroetchenAufschneiden,187,14.39854895338809,12.204232939107884,16.592864967668294,52.146120636310435,55.67864129925869,74.03111744760463,77.26827876136198,70.79395613384726,28.570013287246397,30.051302753913177,27.08872382057962
BroetchenAufschneiden,189,13.504521245178257,10.975757776911577,16.033284713444935,54.537404154494155,56.69463694207634,59.55947462500343,57.91922281603852,61.199726433968344,25.94874390417025,25.58041273036371,26.317075077976792
BroetchenAufschneiden,191,12.276265057342265,11.087441069409339,13.465089045275189,48.84475979539369,54.766226088887585,50.240252268279065,46.20609892283278,54.27440561372535,25.64133724569875,27.178543147016835,24.10413134438067
BroetchenAufschneiden,193,11.849962517964375,12.75170624361606,10.948218792312689,45.62424471798763,57.77808839062586,52.04887150196875,67.99711522696008,36.100627776977426,27.694895018452506,31.936782722923745,23.453007313981264
BroetchenAufschneiden,195,11.394115808186434,12.439670040542882,10.348561575829986,47.06202363779655,59.49187255534602,61.791367040384905,75.33438010436409,48.248353976405724,30.524547481785575,31.153585432775554,29.895509530795596
BroetchenAufschneiden,197,11.16588138863122,11.845831849958872,10.485930927303567,46.91498281399824,55.88973356020891,43.785374988660806,47.437032565220484,40.13371741210112,29.531533065804325,29.322106996104534,29.74095913550412
BroetchenAufschneiden,199,11.264045328158014,13.711855083925066,8.816235572390962,46.69603655445992,57.897089896798,66.55656022570757,60.63980128525336,72.47331916616177,26.659307360190923,32.570684209373134,20.74793051100871
BroetchenAufschneiden,201,11.440771554912434,11.415826019582365,11.465717090242505,46.451851255922634,56.01937939296621,52.563814231970426,45.74505457612305,59.38257388781779,25.82948827523624,27.06292619596194,24.596050354510542
BroetchenAufschneiden,203,12.80306156349908,13.43696097079863,12.16916215619953,49.23367292507208,55.865866551507764,68.47850545741963,72.91677558599464,64.04023532884462,28.88597807956788,32.447799080305245,25.324157078830517
BroetchenAufschneiden,205,11.758445948341713,11.151257202223455,12.36563469445997,49.4464098687834,57.35182204889445,61.39113404317415,50.227230237251526,72.55503784909676,26.09148259034896,26.036815011964755,26.14615016873317
BroetchenAufschneiden,207,11.784322860619858,11.140440886411685,12.42820483482803,50.106034017359356,46.54235921070404,55.60803736440318,47.762407673504704,63.45366705530166,26.282019031274523,25.853492809773833,26.71054525277521
BroetchenAufschneiden,209,12.32074142270687,11.325294124528602,13.316188720885137,48.7583273246053,45.977844954449765,53.66264922050901,55.75065183521647,51.57464660580154,26.68759647301026,27.595686203741234,25.77950674227928
BroetchenAufschneiden,211,12.586282991268696,13.702235194666475,11.47033078787092,48.28888686536166,51.821501480896075,71.05911907005174,73.75975390551666,68.35848423458683,26.278054565435532,33.47590406303674,19.080205067834324
BroetchenAufschneiden,213,11.242304472332794,11.122271524900391,11.362337419765199,44.30760631447839,46.26443808464298,49.711182845393,39.906557388667274,59.51580830211872,25.2712138659653,26.294894242278065,24.24753348965254
BroetchenAufschneiden,215,10.990224105808963,11.094336631742364,10.886111579875564,54.54414894869926,57.426604563699954,60.88134580719604,71.36465093881252,50.39804067557956,25.5428577160773,27.15335531896873,23.93236011318587
BroetchenAufschneiden,217,12.390637667543052,12.629640913157079,12.151634421929025,52.0894152626177,54.249208792351055,77.58333566967752,89.13422488548258,66.03244645387248,28.448124115404557,33.50212476937506,23.394123461434056
BroetchenAufschneiden,219,12.306379710594868,12.807938357511956,11.804821063677778,54.351926744461885,61.02294388934715,85.66555486524194,91.41852945895577,79.9125802715281,27.89429161013865,31.80227656633889,23.986306653938417
BroetchenAufschneiden,221,12.560823289399758,11.449914997236544,13.671731581562973,57.29401279357379,62.132119807477,65.17751425900983,67.62062604346626,62.73440247455339,27.380077223098688,27.81378044158987,26.946374004607506
BroetchenAufschneiden,223,13.93521641165422,14.494224318820597,13.376208504487842,58.21662803223346,65.69658671782847,75.53472797360254,104.41760278530853,46.65185316189657,31.198385671321162,35.67976727015671,26.71700407248562
BroetchenAufschneiden,225,12.393723910459983,11.259846648532708,13.527601172387255,51.88409991776197,58.21826209540715,61.81115483142554,60.915017544355614,62.707292118495474,27.071085858867026,26.727655134701045,27.414516583033006
BroetchenAufschneiden,227,12.928960626218743,13.13198321628298,12.725938036154506,50.74018755703807,57.870249527554556,71.57141896434788,80.56241051870431,62.58042740999145,28.65874865816277,32.07615799416154,25.241339322164
BroetchenAufschneiden,229,12.081220083186176,11.322967124020092,12.83947304235226,58.99127572527216,64.3464246661041,67.26990217689217,81.92254319885934,52.61726115492499,26.642668261200768,27.956782614574927,25.32855390782661
BroetchenAufschneiden,231,14.359277162172482,13.199054241481377,15.519500082863585,62.364244638279125,71.20449781776766,88.7182496035677,118.68837852915583,58.748120677979564,30.916702868705276,33.95893850338484,27.87446723402571
BroetchenAufschneiden,233,14.310609602598397,12.78940737830591,15.831811826890887,57.18517956320097,64.66923356161465,85.56502316950622,100.9547413093719,70.17530502964054,29.70155372077557,32.46759002839269,26.93551741315845
BroetchenAufschneiden,235,13.492823866909394,10.657310351538037,16.32833738228075,58.03265090668539,65.09245318655941,76.3840034189698,80.84454772189737,71.92345911604221,25.94972028069738,25.65103353924194,26.248407022152822
BroetchenAufschneiden,237,13.724376552024074,13.368972061007813,14.079781043040335,59.82878580301965,73.35678741429788,96.72014269509353,124.86138659510681,68.57889879508024,27.56155952805863,33.319152929558356,21.8039661265589
BroetchenAufschneiden,239,12.058609734915851,10.615142239246325,13.502077230585376,60.87580957638028,64.72166577632997,64.47569714596177,75.43130559141319,53.520088700510364,25.403494728919036,26.297633370588173,24.509356087249895
BroetchenAufschneiden,241,13.995973427432993,13.71740743257316,14.274539422292829,65.1422089366769,65.40652686331276,92.33089871254109,118.25778441029385,66.40401301478833,30.043642883690506,34.234403871029144,25.852881896351867
BroetchenAufschneiden,243,13.460098282044644,11.080564320947717,15.839632243141569,63.236579255265674,62.39250763593224,68.72637726697644,79.43736437276971,58.015390161183184,26.751795417854044,26.58948980054146,26.914101035166627
BroetchenAufschneiden,245,14.153659144259278,12.106420080658566,16.20089820785999,62.72764093825437,68.59163369417251,82.11026780787788,95.30320427822012,68.91733133753561,28.551055814977,30.36660859324066,26.735503036713343
Dort,171,11.299273879815082,,11.299273879815082,52.84019486681279,59.492726061550314,51.860700081243095,,51.860700081243095,18.67044828772369,,18.67044828772369
Dort,173,11.285149718817149,,11.285149718817149,52.15114836273078,65.30245871564125,71.20750328186146,,71.20750328186146,16.28112142568831,,16.28112142568831
Dort,175,10.955387151822043,,10.955387151822043,54.17184193001079,66.9395246596241,75.72806443787367,,75.72806443787367,12.709514963898457,,12.709514963898457
Dort,177,12.161048098684596,,12.161048098684596,54.554761006853575,68.22386993733822,105.79813074350021,,105.79813074350021,13.614764951463592,,13.614764951463592
Dort,179,11.572817668849464,,11.572817668849464,47.861384729216525,58.11829088698719,76.63599891236497,,76.63599891236497,12.661108323563115,,12.661108323563115
Dort,181,11.755635218679771,,11.755635218679771,46.26231620718648,57.12157030194248,71.92014240897107,,71.92014240897107,13.47699605857445,,13.47699605857445
Dort,183,10.831105256890055,,10.831105256890055,46.9783535868872,59.64902936046644,75.18284022221414,,75.18284022221414,12.567756108133203,,12.567756108133203
Dort,185,11.232003805374562,,11.232003805374562,48.377576647761394,59.10323928928135,76.62606715035146,,76.62606715035146,13.224698450148702,,13.224698450148702
Dort,187,11.386537996625172,,11.386537996625172,52.33612800688758,59.845818287681176,77.80720484539282,,77.80720484539282,13.368902835744823,,13.368902835744823
Dort,189,10.88719880149098,,10.88719880149098,48.105520652612064,60.66494008483953,75.69172571651323,,75.69172571651323,12.821295901800479,,12.821295901800479
Dort,191,10.860977441083563,,10.860977441083563,46.82572534630258,56.82185591723544,78.92486331260608,,78.92486331260608,12.934513715762485,,12.934513715762485
Dort,193,10.73849788233337,,10.73849788233337,49.561279572176325,61.703028984189736,80.00733042241265,,80.00733042241265,12.289895933844202,,12.289895933844202
Dort,195,11.175927892256952,,11.175927892256952,51.50774885213771,67.34961974618598,85.65164847164499,,85.65164847164499,13.532224051547074,,13.532224051547074
Duenn,156,14.849381644579916,,14.849381644579916,55.57803310544545,57.69641214563248,78.20291799671196,,78.20291799671196,14.62738700896768,,14.62738700896768
Duenn,158,15.414633291645483,,15.414633291645483,52.93833541016343,62.80479390730241,64.02532114573737,,64.02532114573737,15.659786404357993,,15.659786404357993
Duenn,160,14.362111368655782,,14.362111368655782,52.944450363322005,61.29577864347076,60.39231629484246,,60.39231629484246,14.129191153447566,,14.129191153447566
Duenn,162,13.939876426518733,,13.939876426518733,51.68962099370349,51.406572708343795,67.28057379371879,,67.28057379371879,13.61374992505565,,13.61374992505565
Duenn,164,14.50098696356899,,14.50098696356899,56.185360096637815,65.33246110172031,68.93700868717706,,68.93700868717706,14.23412943617147,,14.23412943617147
Duenn,166,14.775656890600684,,14.775656890600684,54.568911151291815,68.93379559466752,74.39088137158299,,74.39088137158299,14.394164889736455,,14.394164889736455
Duenn,168,15.138236462995547,,15.138236462995547,50.14354731905856,60.6235705882073,69.22809781680122,,69.22809781680122,15.103968463014798,,15.103968463014798
Duenn,170,15.63760751778631,,15.63760751778631,60.84810155824079,71.38410507343916,91.40896713009244,,91.40896713009244,15.839073516881855,,15.839073516881855
Duenn,172,16.286305665383143,,16.286305665383143,62.28088195339098,71.20629686522905,76.6963064623708,,76.6963064623708,16.03971337771963,,16.03971337771963
Duenn,174,15.350412741957896,,15.350412741957896,60.019039687906584,68.48431170790693,70.03608766387359,,70.03608766387359,14.948158355053748,,14.948158355053748
Duenn,176,15.124953881884974,,15.124953881884974,59.54244456786839,70.56080290166267,71.8875017104532,,71.8875017104532,14.811522388468768,,14.811522388468768
Duenn,178,15.148403649443074,,15.148403649443074,60.65686670768159,67.753149941201,59.85635016017015,,59.85635016017015,15.030929592356397,,15.030929592356397
Duenn,180,14.948816409053693,,14.948816409053693,51.33923732917334,53.97528856637371,61.73562403723563,,61.73562403723563,14.605453954272557,,14.605453954272557
Duenn,182,14.454702232830424,,14.454702232830424,61.48244873895803,75.87570639123915,73.60452003330026,,73.60452003330026,14.118501397427757,,14.118501397427757
Duenn,184,14.548038380859687,,14.548038380859687,49.47617219721807,50.84100896101815,64.45698675321785,,64.45698675321785,14.151130551731054,,14.151130551731054
Duenn,186,14.818685970266728,,14.818685970266728,56.337336560259104,70.41079091577001,75.32965215690857,,75.32965215690857,14.36076372855747,,14.36076372855747
Duenn,188,14.685201006340598,,14.685201006340598,57.294557231691996,69.68959220943047,62.259758244356455,,62.259758244356455,14.250659736478735,,14.250659736478735
Duenn,190,14.91559690961536,,14.91559690961536,57.96327303902105,64.91059171606744,78.78063275716919,,78.78063275716919,14.481946129030717,,14.481946129030717
Duenn,192,14.936079001894745,,14.936079001894745,58.954907518584506,66.66492226397445,73.9645505528309,,73.9645505528309,14.509489467343514,,14.509489467343514
Duenn,194,15.103576346610977,,15.103576346610977,64.26124615580977,75.74011862402892,78.96707121101363,,78.96707121101363,14.64885678546297,,14.64885678546297
Duenn,196,14.96514548816728,,14.96514548816728,59.01495405554127,66.58360418687731,77.55025474010989,,77.55025474010989,14.52289560581677,,14.52289560581677
Duenn,198,15.305504587083721,,15.305504587083721,56.59565708345784,64.00812639055349,66.44317442404419,,66.44317442404419,14.899599809878094,,14.899599809878094
Duenn,200,14.858734335096269,,14.858734335096269,54.98610130388368,62.87335803222033,74.7503452196712,,74.7503452196712,14.415415285924533,,14.415415285924533
Einkaufen,142,10.262820610700114,9.086866204541927,11.438775016858301,63.94287699363362,49.65423963032005,54.389051980909,55.178451274644836,53.59965268717317,15.570668633103068,14.047247248107123,17.094090018099013
Einkaufen,144,10.678314785472693,10.120418143420329,11.236211427525056,69.87864948726835,51.39246081456831,54.82052490160182,51.934098747843706,57.70695105535994,18.45773514814099,16.878693323322214,20.036776972959764
Einkaufen,146,11.512503110299534,10.69690148497856,12.328104735620508,68.38342109000979,53.004359054848294,58.35412918442633,50.74916774128605,65.9590906275666,22.675332583228354,17.1870745298446,28.163590636612103
Einkaufen,148,11.863638011779322,9.346108570168852,14.381167453389791,64.1447366203508,50.82587706890713,59.25489328293,50.24219712939531,68.26758943646469,22.652392781324938,12.511163742907582,32.79362181974229
Einkaufen,150,12.129251397016585,9.17767695030989,15.080825843723279,57.04868182134275,48.82367544154524,58.28048941637749,57.36268406599596,59.19829476675903,24.547996034687667,13.314349779735286,35.78164228964005
Einkaufen,152,14.69564158324727,12.104068905757517,17.28721426073702,51.34328704689215,47.570331696874305,59.05288000321342,64.01361490282683,54.0921451036,31.053369394842704,24.184234388397616,37.92250440128779
Einkaufen,154,14.052586777834687,10.391749676787404,17.713423878881972,50.774099320766354,42.77255848795671,46.22973041347641,40.43758089096477,52.02187993598805,25.671273942596986,19.377426557180115,31.965121328013858
Einkaufen,156,13.823074185711956,10.013476853867102,17.632671517556812,46.634419841854964,42.87192341327859,40.59318773993985,40.777654740928256,40.40872073895145,25.58053305633868,19.795053441849763,31.3660126708276
Einkaufen,158,13.628713585674896,11.15140108299019,16.106026088359602,61.93131770801275,52.46301665097178,59.150796228506174,59.58358980309244,58.71800265391991,28.573216707382613,24.98459262123457,32.16184079353066
Einkaufen,160,12.795298802230969,10.899541897528128,14.69105570693381,66.20249554487805,55.74774727547342,62.950848484709645,58.370108865161626,67.53158810425766,24.612077377722613,18.085299517294786,31.138855238150445
Einkaufen,162,11.524694207282556,9.803307435429085,13.246080979136027,67.16186651428954,56.00246792671781,53.084407162234044,51.716265033956404,54.45254929051168,21.993927796972763,17.50425031627836,26.48360527766717
Einkaufen,164,11.159805433525285,8.82524672877009,13.49436413828048,70.97455396436786,58.653668953751776,67.53832346177555,66.86087768848783,68.21576923506325,20.053566444423826,18.390304056423908,21.716828832423744
Einkaufen,166,11.051192981116218,9.242386865604972,12.859999096627464,55.159721010170664,46.44519524200319,51.02771998045855,48.68843681871487,53.36700314220223,14.499025537981272,14.094030255256882,14.904020820705663
Einkaufen,168,9.63264899330259,8.4756683343944,10.78962965221078,60.313674092635615,47.17522199576043,56.45935632278636,53.94677963167632,58.971933013896404,14.769686248408833,15.784055579550742,13.755316917266924
Einkaufen,170,10.628818389190588,8.636242623186378,12.621394155194798,57.500140523663234,46.119530223154534,52.54793624722435,40.94719110551367,64.14868138893503,21.24216857657866,16.486851266375012,25.997485886782307
Einkaufen,172,11.323815560310706,8.710977705877294,13.93665341474412,56.63331053683652,49.14722324978493,58.932627213390994,46.32447028821825,71.54078413856374,24.806738578749933,14.42162221862366,35.191854938876205
Einkaufen,174,13.70315961196647,9.680565890915515,17.725753333017423,54.378431778425394,47.83420501623272,64.22328370430529,56.577698013925826,71.86886939468474,28.663795693543467,14.336866544965948,42.99072484212098
Einkaufen,176,14.545282660953227,11.17954460952779,17.911020712378665,43.475886039126685,42.476416584105316,49.08502042840666,41.71827939598715,56.45176146082616,27.18298116631619,19.17096662252995,35.194995710102425
Einkaufen,178,14.283473559189014,11.111396211375464,17.455550907002564,49.0958550409629,43.73848757322448,53.483955105543416,57.48107048647356,49.486839724613276,25.07813412852344,22.918082550886314,27.238185706160568
Einkaufen,180,13.643761916113686,10.18665454809566,17.10086928413171,51.917411974580155,45.84647049060418,52.547423424972195,59.7985805425369,45.29626630740749,21.046520161842636,18.824671740618406,23.26836858306687
Einkaufen,182,12.622926945576896,9.503360598403521,15.742493292750272,47.77682335396119,42.99294224733879,50.82440682807767,49.703794105322636,51.945019550832704,18.409709233140077,13.825693132638794,22.99372533364136
Einnehmen,161,10.150214587848295,10.120199094200894,10.180230081495695,50.09287131352347,42.25266375124555,56.84844497386517,52.56453786356981,61.13235208416053,18.009772625915367,15.63719440467557,20.382350847155163
Einnehmen,163,10.342045552457789,10.230129668687677,10.4539614362279,42.34826173204393,49.35411049616758,60.16649592192157,54.2835284394684,66.04946340437475,17.661919670762202,15.929926952065275,19.393912389459132
Einnehmen,165,10.23403373646915,9.924525098600636,10.543542374337665,48.9712403608094,46.567251723588846,75.38605495805635,53.90969010205891,96.86241981405378,18.633844852178072,17.88795416588592,19.37973553847022
Einnehmen,167,9.668238184130862,9.39033658058826,9.946139787673465,55.637703452023395,52.65332695313316,86.4828074468439,45.888501764979274,127.07711312870853,19.384889904741748,15.725627894288406,23.044151915195087
Einnehmen,169,10.1195892950267,9.67409362705921,10.56508496299419,50.01115952065123,49.92550341244348,75.4882472697456,41.697261050465706,109.2792334890255,20.762802168987285,15.713312180644465,25.812292157330102
Einnehmen,171,10.548090048809843,8.599236522221933,12.496943575397754,52.83828634977889,55.31660582289622,85.52924071181647,70.02424049256385,101.0342409310691,23.63136587350953,15.697013098920614,31.565718648098443
Einnehmen,173,17.51065986856861,22.827278986231192,12.194040750906025,48.14353007097611,58.25434010841397,88.5183091110065,80.01032275943966,97.02629546257334,37.63720148627223,43.528502395599105,31.74590057694536
Einnehmen,175,9.644447307861144,9.839956727383159,9.44893788833913,45.65852566172274,57.45849883869675,78.13842588832517,72.23154145598924,84.04531032066109,21.340304501237306,20.147698485048483,22.532910517426124
Einnehmen,177,12.758408764619247,16.817872718293984,8.698944810944512,47.072241421186334,53.91397567014081,69.89283453819661,64.37615153321468,75.40951754317854,22.469309410036914,28.44737759891998,16.491241221153846
Einnehmen,179,8.127353169023324,8.414477404252121,7.840228933794528,48.393465444522406,60.0606425981047,72.61486207133538,72.64665845787175,72.58306568479901,13.815003239531165,15.109831913191037,12.520174565871294
Einnehmen,181,9.743316040021455,10.337573965816865,9.149058114226046,46.46064881621858,58.58676129053025,69.12633853382545,68.07218353224224,70.18049353540864,13.219632079847878,14.158105435102836,12.28115872459292
Einnehmen,183,11.76360822715741,14.466918839628926,9.060297614685895,47.733988300345445,59.59287366040887,68.16938091942433,66.93458671562436,69.4041751232243,16.501768539539427,21.56827584621304,11.435261232865814
Einnehmen,185,9.87340076979606,10.41025687258653,9.336544667005592,47.20507886358205,56.54774250212651,68.27099573751647,72.02897110413203,64.51302037090093,12.716424178063688,14.245829716609542,11.187018639517834
Einnehmen,187,17.373404742350157,24.482339184330684,10.264470300369632,48.09816800512737,51.366617978341885,70.71983109582925,80.32498277019099,61.11467942146753,27.29060047463139,42.61898625139493,11.962214697867854
Einnehmen,189,10.441604051918485,9.643273652135678,11.239934451701293,53.79178314754629,49.07112602024235,64.25275077782233,68.98686673434663,59.51863482129802,16.235291530429855,18.50631112131198,13.964271939547729
Einnehmen,191,15.993358066745857,19.082698477789034,12.904017655702681,51.051019962451214,46.80134855537199,65.5784875572609,76.45446860723439,54.7025065072874,23.238840676288547,31.975856896706677,14.50182445587042
Einnehmen,193,12.049515156836616,9.611338186581161,14.487692127092071,50.48189402239956,46.526011150236464,62.74286004576312,69.98239361440349,55.503326477122755,17.078512065691857,18.53500488126456,15.622019250119155
Einnehmen,195,18.406981014571244,21.44187181174496,15.372090217397528,50.947847711213214,46.6504159136194,65.0831526184913,71.2662897228502,58.900015514132384,26.484782073706754,36.455705100593846,16.513859046819658
Einnehmen,197,13.516901312893719,10.692258435692347,16.341544190095092,48.882430291345365,43.78313126453856,57.242153969803894,56.976684503640726,57.50762343596707,18.099447451821327,18.376148327853382,17.822746575789267
Einnehmen,199,13.052649531486313,10.041118421393593,16.064180641579032,50.48927873876894,57.056819972517545,67.07261354929709,70.82492802038733,63.32029907820684,17.782955232388737,17.88687474900514,17.679035715772333
Einnehmen,201,14.797090623512165,14.876366509469564,14.717814737554765,48.661921344998255,56.962268218782654,59.70843778371045,57.19368146790526,62.22319409951565,19.300328371673945,22.00884988605197,16.59180685729592
Einnehmen,203,18.0089751494362,21.272454891934512,14.745495406937888,50.09403853821073,56.84462416980974,65.22554262332669,66.92881121848805,63.522274028165334,26.31378408789165,35.58224634207638,17.04532183370692
Einnehmen,205,13.040989822327946,10.612040960376772,15.46993868427912,50.57176488141234,58.210049949173175,69.53281857218705,74.55476892578073,64.51086821859337,17.472947639862532,17.48496346827631,17.460931811448752
Einnehmen,207,13.583042241755848,10.811273989728429,16.354810493783265,48.18493065862011,50.036712638018955,66.69285250327923,70.21802629064175,63.16767871591669,18.658031254444712,18.562251952350376,18.753810556539047
Einnehmen,209,22.62606413880634,29.483484344040846,15.76864393357183,50.77178215816023,51.280116679592616,85.75102118907324,104.22560927061323,67.27643310753325,35.1620647057265,51.901706665432265,18.422422746020736
Einnehmen,211,13.870408498097774,10.882284610491835,16.85853238570371,52.03152073648523,48.68065672907077,68.44636362680072,71.53218282732692,65.3605444262745,19.685646759141814,19.982172347964035,19.389121170319594
Einnehmen,213,15.577473165322811,15.279080050384785,15.875866280260837,51.54913819464833,49.159607476297786,69.45791730523752,69.99504651231712,68.92078809815791,21.69191425568593,24.743283915341877,18.640544596029983
Einnehmen,215,13.731348633491823,11.204998852420402,16.257698414563244,51.54302611849053,49.08325555856348,67.87957587580622,69.5221664844304,66.23698526718205,18.711795952178253,18.5141565712241,18.909435333132407
Einnehmen,217,21.343980444316024,25.869235091627132,16.818725797004912,49.23535236698566,48.287963456708724,74.23160636241539,83.90391130521616,64.55930141961463,32.307922023330825,45.320049958482144,19.295794088179505
Einnehmen,219,13.71718480562384,10.975345062605147,16.45902454864253,50.19018684639181,48.39016736677145,69.16204379645373,72.24046524480237,66.08362234810511,19.381549876276267,19.158281937921508,19.604817814631023
Einnehmen,221,14.582215502213764,12.57623632123748,16.588194683190046,39.80195669052569,41.16578827726602,57.88897351542829,60.39231096133847,55.38563606951811,19.15479458541612,19.175098320329187,19.13449085050305
EinstellenJob,140,11.512959923061214,11.602485335129545,11.423434510992882,72.81426087980604,55.14269886050991,102.34216763747477,60.726447384157865,143.95788789079168,22.600021628906866,22.900561116881416,22.299482140932316
EinstellenJob,142,10.827921524965818,11.425046375225273,10.230796674706363,70.13193324401878,52.780713365756945,96.52446319633859,59.35481625170395,133.6941101409732,22.01124263794936,23.301492551966,20.720992723932717
EinstellenJob,144,10.999935138212575,11.287393099252943,10.712477177172204,70.31285835316594,52.625218534045096,93.24598313267188,51.628980581006886,134.86298568433688,22.822762973548883,23.70515668651952,21.940369260578247
EinstellenJob,146,10.246622801903424,11.230343389487455,9.262902214319395,62.702838655288836,48.89180340669284,81.75812138018924,53.11685835534016,110.3993844050383,20.5313894168908,23.196917933141375,17.865860900640225
EinstellenJob,148,10.749968444940631,11.234727907197197,10.265208982684067,67.2626810784843,49.68640739533616,83.64700908612973,51.85328550331125,115.44073266894821,22.564108295355254,23.222044277533243,21.906172313177265
EinstellenJob,150,9.928064094409642,11.433328737118998,8.422799451700287,55.22932575587445,40.02331796994599,64.18201397324304,47.09217652916049,81.2718514173256,19.52301636672552,22.112340069040087,16.933692664410955
EinstellenJob,152,8.297512425668907,10.424118061399355,6.170906789938459,54.88623899746728,42.03953385921,61.86321882704717,45.59537675641536,78.13106089767898,16.30434643685977,20.056457922684825,12.552234951034714
EinstellenJob,154,7.682167635706019,9.133297427592334,6.231037843819705,45.557678099689475,35.9104058554215,48.6351701710401,35.41279435777052,61.85754598430969,14.026830227415747,17.84807421492997,10.205586239901526
EinstellenJob,156,7.6724653208836076,9.489174678577822,5.855755963189393,55.63880851897887,40.31834447285241,58.013257090253305,35.505548978746354,80.52096520176026,14.371719845066323,17.44528568691168,11.298154003220965
EinstellenJob,158,8.766082002002621,10.821557387480997,6.710606616524245,55.63494466902411,41.78293341814736,53.988628955875335,38.90128099471859,69.07597691703208,17.91746654548801,20.175077684622206,15.659855406353818
EinstellenJob,160,10.507334881104411,13.628320426680974,7.386349335527849,50.24804542752961,40.906415094970235,63.16588663186724,52.86232920317124,73.46944406056323,22.649786673633617,27.178633760592522,18.120939586674712
EinstellenJob,162,9.961503475166104,11.816561961594687,8.106444988737524,49.25639870147336,41.16982956154108,64.65322932494901,55.46550371194402,73.84095493795401,20.76953779244586,22.84986941463123,18.689206170260487
EinstellenJob,164,9.972980721708858,11.63524123985685,8.310720203560868,49.522578504645004,41.263617118178146,65.57616734737421,56.20146051884145,74.95087417590697,20.86300741106797,22.331301512656722,19.394713309479215
EinstellenJob,166,12.79298629019488,16.096678992000584,9.489293588389177,49.94095642434825,44.951061428152116,73.7914563981474,75.21366642589734,72.36924637039745,27.064626777615494,32.301248894907964,21.82800466032302
EinstellenJob,168,10.924675307773555,12.548659759236157,9.300690856310952,46.054094417584096,38.51759884495387,61.472987320240634,58.231025402492385,64.71494923798889,22.78795863295086,24.686280773674586,20.889636492227137
EinstellenJob,170,10.552771108478066,12.259116042093446,8.846426174862684,51.36831449168,43.06631249102287,64.36342927492542,59.70224834777212,69.02461020207872,22.16434398399061,24.001921309305832,20.326766658675385
EinstellenJob,172,11.653824550684977,14.439874182469287,8.867774918900665,50.976968513961346,41.8949817057016,65.01931078443212,60.748630129311046,69.2899914395532,24.740559399003512,29.09156328597333,20.389555512033695
EinstellenJob,174,10.651672587165109,12.530878139495018,8.772467034835202,52.685406350488535,41.52254953052326,62.19165688793601,56.51837729896255,67.86493647690948,22.17863686822851,24.569987800522505,19.787285935934516
EinstellenJob,176,10.932497082772464,13.44461297002332,8.42038119552161,48.659049677390364,39.614100303346376,60.338351616900844,56.107493318735564,64.56920991506612,22.775318256020547,26.84932974137799,18.701306770663106
EinstellenJob,178,10.445439724864121,11.891039819420529,8.999839630307713,48.281251739908406,37.61063717216885,57.6464000375635,52.81129483898066,62.48150523614635,20.991696293877993,22.931389990774704,19.052002596981286
EinstellenJob,180,10.275705722343291,11.984636547365257,8.566774897321325,49.396065690330126,40.154514187705146,62.414372251713544,56.50527074517161,68.32347375825549,21.382278412342046,23.477338320024245,19.287218504659844
EinstellenJob,182,9.460180121042074,10.501244750366721,8.419115491717426,50.76453560018345,41.516306248765005,61.69149103258546,54.34479630803492,69.03818575713599,19.212974334120624,19.562089360322645,18.863859307918602
EinstellenJob,184,10.670751054167251,13.017918827721019,8.323583280613482,53.276020945605424,42.0969149843641,62.74615226542279,54.943104949962056,70.54919958088352,22.378677652327053,26.06186798999722,18.695487314656884
EinstellenJob,186,10.195611288472133,12.018616918650801,8.372605658293462,52.56680843773209,40.08788393771401,60.6861918669891,51.66779037610824,69.70459335786995,20.938558711656036,23.08245031839422,18.794667104917853
EinstellenJob,188,11.432469474208148,14.436637690433864,8.428301257982431,51.173315397242206,39.56526386443588,59.44774725684772,55.06790491956122,63.82758959413422,24.37391981780811,29.210238660220366,19.537600975395854
EinstellenJob,190,10.35837383696169,11.634756165617244,9.081991508306137,51.525785737053326,41.1116993181857,61.86576358842062,55.657981377210305,68.07354579963093,21.678297912727267,23.0723539267292,20.284241898725337
EinstellenJob,192,10.005292280727051,11.254014695023695,8.756569866430409,48.57260489779351,40.42392166071133,61.27771423512413,54.54852994707635,68.00689852317191,20.660163676650384,21.934419984357465,19.385907368943307
EinstellenJob,194,11.886323006595202,14.268162163023613,9.50448385016679,48.4967650845692,40.879353538450914,60.65277689327036,55.434420927738465,65.87113285880226,24.545969059913197,29.091115927848616,20.000822191977782
EinstellenJob,196,11.57054724196304,13.342380803844556,9.798713680081523,48.20778572905502,42.2340182930579,59.86878138612619,53.95500624374345,65.78255652850892,23.7822892072704,26.933656431878212,20.630921982662585
EinstellenJob,198,10.273329026530806,11.275225167867774,9.271432885193839,48.68148011254785,41.494356324609264,61.43789864673309,53.910158117875376,68.9656391755908,20.983698742578802,21.730200335908286,20.237197149249315
EinstellenJob,200,11.633077487339047,13.854071256958823,9.41208371771927,50.09604523775806,42.34052042073701,65.41345096811096,57.69350360321072,73.1333983330112,24.205006296096638,28.101213175945027,20.30879941624825
EinstellenJob,202,10.876265149177009,12.052338061136396,9.70019223721762,51.016269566641625,42.96971946146099,66.57684506490588,57.611173556658585,75.5425165731532,21.96960499552577,23.736892324797534,20.202317666254007
EinstellenJob,204,10.819049208776969,12.104475410457821,9.533623007096116,54.27714209716645,41.423246005591274,65.28748764455268,52.98929699866021,77.58567829044516,21.786658166147518,23.707666168333425,19.86565016396161
EinstellenJob,206,10.288438811406444,11.401247652853499,9.17562996995939,54.094044800330494,42.030377017504556,67.92888943833987,53.848738088970876,82.00904078770884,20.75886623720649,22.120537150519763,19.39719532389322
EisGefroren,182,13.195217222873517,12.431010268379946,13.959424177367088,48.14817787030086,40.73840696698012,92.05848192599476,70.94734546539257,113.16961838659695,28.78506300526373,25.68045314472346,31.889672865804
EisGefroren,184,12.380879924603537,12.683653645133784,12.078106204073288,53.93485338685699,42.79712528388034,97.84968500745478,71.74006546116236,123.95930455374719,28.00212502174493,27.30043629529488,28.70381374819498
EisGefroren,186,10.963849640212,11.276969779485146,10.650729500938853,46.6392366026928,36.66073517717679,69.4875430886679,48.167508259735506,90.80757791760031,24.212088591336773,24.21793503735666,24.206242145316885
EisGefroren,188,10.349960859673391,8.71338809813299,11.986533621213791,47.42042013727148,37.181412684813935,65.95281648197067,40.90558800137401,91.00004496256733,24.614730976558697,20.04530425960919,29.184157693508205
EisGefroren,190,8.901553213367803,7.946961880474814,9.856144546260794,41.843702434369334,35.43121190436263,62.901310058412996,44.98984777872043,80.81277233810556,18.15961915900376,13.073193265233282,23.24604505277424
EisGefroren,192,8.946160282233826,8.5410801272877,9.351240437179953,40.53332476933046,34.989636300722715,53.27980913118351,37.203752972739856,69.35586528962716,20.825885046590543,19.65872188984703,21.99304820333405
EisGefroren,194,10.044600606340934,9.028631746184622,11.060569466497245,41.6202678289514,32.483219789018094,51.560819335077426,41.11771569242048,62.003922977734376,24.009625436979555,23.199870720161453,24.819380153797656
EisGefroren,196,9.956919595530175,9.711239469715244,10.202599721345107,43.75358075903087,38.996539052742236,60.41966157118184,46.741681118697755,74.09764202366593,23.525565800407872,23.346741956354478,23.704389644461266
EisGefroren,198,9.149037006925408,10.625724516528612,7.672349497322204,42.203636368333214,37.78211194358603,60.86066576108574,50.718956884442456,71.00237463772902,20.788001924304382,25.050156485930856,16.525847362677904
EisGefroren,200,9.25983361151544,11.994339998268963,6.525327224761918,47.22996621991677,42.19388812244659,58.95114084934076,48.722104768724144,69.18017692995738,22.061264153017753,31.020129366682475,13.102398939353028
EisGefroren,202,8.808943702606332,11.029679302569802,6.588208102642861,56.905362633433214,50.40869853835699,66.40020035598033,53.56062726749204,79.23977344446864,17.760034508829126,24.178373844878205,11.341695172780044
EisGefroren,204,8.433668840768634,10.21503866629118,6.652299015246089,53.33098405601456,49.85619543921091,61.67910571596671,51.08120539583658,72.27700603609685,16.996996939816405,21.13555671605214,12.858437163580668
EisGefroren,206,8.21331753347327,11.122938916659933,5.303696150286609,48.6296435086308,49.13934901255805,61.04027542226271,51.312852011953844,70.76769883257157,17.694953089971808,24.293341883250953,11.096564296692664
EisGefroren,208,8.530262422767342,11.251668740421346,5.808856105113336,52.799913035527496,51.42538881046456,63.96531786393146,50.69749136134403,77.23314436651889,17.886565144644365,23.667470063861018,12.10566022542771
EisGefroren,210,8.77430367366441,11.438242255692675,6.110365091636144,47.63957989047385,45.94819572550497,58.79351569492958,48.54955937606631,69.03747201379285,18.752353369782927,25.524324981102524,11.980381758463333
EisGefroren,212,7.775232135587865,9.830546855947416,5.7199174152283145,49.87881121139095,46.81978722174454,60.006569308409325,50.37288826896933,69.64025034784933,16.52570574896749,21.83928985482958,11.212121643105398
EisGefroren,214,7.610036370025112,9.50035739815998,5.719715341890243,49.499544764536886,50.46870737436948,61.07826381744231,48.33912693624039,73.81740069864424,17.396306661038174,21.72620916712516,13.06640415495119
EisGefroren,216,9.518340659624757,11.158494507224603,7.878186812024912,50.24710689772975,46.63715888965178,60.88071890359933,48.90682202057653,72.85461578662213,20.36172169290444,25.96947645260243,14.753966933206451
EisGefroren,218,10.74921971262663,9.090201115619143,12.408238309634118,52.02634915850291,47.10228793397702,61.11096163288309,49.59390828181335,72.62801498395282,19.136116604024423,20.947047997760706,17.325185210288137
EisGefroren,220,13.056950858139068,11.460981687021132,14.652920029257002,51.24694407479222,47.233983297226075,67.05912639336653,54.906617783744956,79.21163500298809,22.56703929401916,26.13829827557767,18.99578031246065
EisGefroren,222,11.605375332038692,8.879913654272313,14.330837009805071,49.27151395845734,46.64724218149616,60.821882132553014,48.02049534767615,73.62326891742988,18.938908602338817,20.171315620149496,17.706501584528137
EisGefroren,224,12.24989253311968,10.472367024556274,14.027418041683088,48.274816964871995,44.91049022319883,61.03861161078058,50.148801910287325,71.92842131127384,20.755594475529563,24.094135512293214,17.417053438765908
EisGefroren,226,11.677492547081547,9.532472688734842,13.822512405428252,50.001128352434634,45.30444080694621,60.583998605127015,50.53119985784433,70.6367973524097,19.153848960690055,20.999765296406267,17.307932624973844
EisGefroren,228,11.885696967173445,9.674615590424155,14.096778343922734,49.7920857991618,46.9251903412675,60.5148759982598,50.63981873010341,70.38993326641618,19.44880737787247,21.106937314087318,17.790677441657618
EisGefroren,230,12.137808236427766,10.578431381211317,13.697185091644213,55.60061285413333,46.37005600966994,65.64087387525751,54.660626960532085,76.62112078998294,20.84958906490977,23.479688298103955,18.219489831715592
EisGefroren,232,13.289905556761557,12.443733223896466,14.136077889626648,49.74401053530284,45.25698476615262,63.488650776156916,51.89583937290079,75.08146217941305,23.168939084035078,27.316826011794696,19.02105215627546
EisGefroren,234,11.45502444039824,9.65739037189236,13.252658508904123,49.456648348413964,41.34447198378871,63.99350684468039,60.302538122989176,67.6844755663716,19.247862798743007,20.927129798102417,17.568595799383594
EisGefroren,236,12.323502854570258,11.225118219544745,13.421887489595768,48.66687800544168,46.020883895888765,60.85083183273237,48.86645965319768,72.83520401226706,21.189717463379132,24.72488687919956,17.65454804755871
EisGefroren,238,13.077441984774332,12.533956148386837,13.620927821161827,51.47409186412142,42.589955191049654,62.09683100876259,52.00994027910077,72.18372173842442,23.355141528813242,27.922770301916003,18.78751275571048
EisGefroren,240,12.367057162686457,11.38547796582944,13.348636359543475,48.60804444219561,43.468978593067284,62.97427808374032,52.298241447540846,73.6503147199398,22.096235046854975,24.77745328358971,19.41501681012024
Empathie,136,12.575479786156796,9.745916559169524,15.405043013144068,53.910139183022146,51.959526957158175,77.99277874395946,74.44997912201771,81.53557836590123,29.959148876389612,25.984518491722092,33.93377926105713
Empathie,138,15.14885855727319,9.678021290009715,20.619695824536667,50.089154787276485,52.90987174905998,83.93723500759727,66.99970755902979,100.87476245616475,32.12315058216131,23.43066510600576,40.815636058316855
Empathie,140,11.418248146760526,8.095868068460746,14.740628225060306,52.133502639861184,55.87270100479625,95.87377293217496,94.07494077096787,97.67260509338205,25.431264313129716,18.862971868187138,31.99955675807229
Empathie,142,12.894912719332453,9.806438897130256,15.98338654153465,51.12620702258375,53.07509380963849,93.03708183655425,104.21243084216212,81.86173283094638,27.98057817311622,25.071175819340375,30.889980526892064
Empathie,144,11.871775554857395,8.543308503991277,15.200242605723513,51.114212034467556,47.45292994225685,59.638707679878095,60.023314349532754,59.254101010223444,22.987154181680253,20.521522817740973,25.452785545619534
Empathie,146,10.738822946385843,9.206622795595926,12.27102309717576,49.310695224830276,49.31814190672491,54.91094779364853,39.010381915113506,70.81151367218357,17.89434165560825,19.721852644913994,16.06683066630251
Empathie,148,11.038538340940818,10.356931257099479,11.720145424782157,50.30454758670708,49.700692788528926,68.89952194015788,49.23601397786862,88.56302990244714,21.363344644115266,27.08026911108685,15.646420177143682
Empathie,150,9.486138743189812,9.220365761568834,9.751911724810789,50.413944489301656,56.99250462911902,64.2436098898273,43.57922332180109,84.9079964578535,17.930227707824336,22.84583634885075,13.014619066797922
Empathie,152,9.545812530045222,9.837574436074856,9.254050624015585,52.66601465403841,59.8159234191322,64.46945126901275,37.16474517021096,91.77415736781452,17.38486486259132,21.932934942133357,12.836794783049285
Empathie,154,9.374403271452966,10.086706218372704,8.662100324533228,57.500746239190434,62.87446154808987,70.98218664024074,40.04144625296327,101.92292702751823,17.393339400698245,22.578243529655456,12.208435271741031
Empathie,156,9.317157893500989,10.635050425823058,7.99926536117892,57.5622079026243,56.63795492644052,59.13123911858361,46.23503420047245,72.02744403669476,19.56991969954716,28.525304513173563,10.614534885920758
Empathie,158,9.330411707680621,9.938378281751211,8.722445133610032,58.07214460934682,52.157448758222806,70.93553546318925,42.66738641342257,99.20368451295595,18.76931133884131,26.333927289935524,11.204695387747092
Empathie,160,9.369376427260125,10.6679320227944,8.07082083172585,67.99548041608607,62.60437496134025,93.99679295157753,43.390026966216894,144.60355893693816,16.977940372239257,24.337881103492478,9.617999640986037
Empathie,162,9.417535917832605,10.914900614520644,7.920171221144568,71.78748815019637,70.04375355328176,109.24646838721158,53.971330136294426,164.52160663812873,19.621043851434354,30.54655597367527,8.695531729193439
Empathie,164,9.4136693745691,11.222279171694083,7.605059577444118,71.5438194318443,62.85108532482417,96.4580606918159,44.89491037552377,148.02121100810803,16.764709006868532,25.720291146488947,7.809126867248115
Empathie,166,9.140740294153556,9.81448439520824,8.466996193098872,65.87606156247963,52.62066026525506,81.59931033149323,46.10947559810312,117.08914506488335,17.99684606421894,27.340763118300902,8.652929010136978
Empathie,168,10.941873523682688,13.604627083110877,8.2791199642545,67.28599316952372,53.95279895480403,83.70351689103681,51.60455744549855,115.80247633657507,19.13387913471782,29.771678715388116,8.496079554047522
Empathie,170,9.89787145098512,11.3386516959009,8.45709120606934,77.04383455636565,60.42049027547793,88.40915840457802,47.01416455153378,129.80415225762226,15.889016555539913,22.915918277545348,8.862114833534477
Empathie,172,11.479355204062436,14.400741045517496,8.557969362607379,71.70669026635858,54.683252605292225,85.51368394384298,52.01384896090617,119.01351892677978,20.34238205452909,31.557441384967593,9.127322724090584
Empathie,174,12.175678906626924,15.702814632584088,8.64854318066976,78.00860781689795,64.30333204676681,91.71077156659356,53.546463107344245,129.8750800258429,21.35111765974124,33.9038204551938,8.798414864288679
Empathie,176,10.397334959668573,12.513551149342865,8.28111876999428,79.39651185893861,65.04868964861359,88.7150787000719,45.744238713566375,131.68591868657742,15.99609798051268,23.46893446720248,8.52326149382288
Empathie,178,11.498599355866975,14.280900892872673,8.71629781886128,69.89076116825053,51.624275197907224,75.72844881921155,42.84533250150172,108.61156513692139,19.686992819865765,30.2926945892472,9.08129105048433
Empathie,180,10.183483340472637,11.840834399263162,8.526132281682113,76.43304041044617,60.64011523228453,88.20556158521231,44.90300633863657,131.50811683178804,15.582829064398677,22.232856071804896,8.932802056992456
Entschuldigung,129,13.109490979959439,11.151282914002664,15.067699045916212,54.29258427180597,51.96607307301174,71.73775111981712,65.61803674243261,77.85746549720163,23.26143017498849,22.31906114331617,24.203799206660815
Entschuldigung,131,17.174373866918103,16.9452918429031,17.403455890933106,51.20983284040286,54.28411992433789,78.47528394353944,85.64015232097607,71.31041556610282,33.01282820318364,37.81449055301509,28.21116585335218
Entschuldigung,133,12.562651476069131,10.380876315730152,14.74442663640811,44.83782512400739,45.67428078189649,62.93906579111021,61.813540301710056,64.06459128051037,23.613357537860136,23.361769526204544,23.864945549515728
Entschuldigung,135,15.949395822726956,18.72107508010142,13.177716565352489,47.59962973985509,49.9583658300079,66.30501132890001,75.49732848955149,57.11269416824854,30.746077112310687,40.491145616034075,21.0010086085873
Entschuldigung,137,12.362004828053262,10.820535115843922,13.903474540262602,43.07464129588195,44.28656629219689,58.144706503435415,56.02948497302364,60.25992803384718,23.50899685506342,23.245576624554854,23.772417085571984
Entschuldigung,139,14.80114233971052,15.98357546459623,13.618709214824808,47.46148802948524,47.543779252665395,65.84329624160789,65.91349149774835,65.77310098546742,27.912185615723004,33.49466954534745,22.32970168609856
Entschuldigung,141,15.19479529809311,14.818241130915718,15.571349465270503,46.81273319700367,47.15588114035702,68.9012421946421,68.4821652581505,69.3203191311337,27.887718399705218,29.756116668440292,26.019320130970144
Entschuldigung,143,16.15675532643925,15.912814676502217,16.400695976376284,51.68762676054439,54.542336424003885,74.56488291674279,76.6795266545246,72.45023917896098,30.763716899041718,33.62727116702604,27.9001626310574
Entschuldigung,145,16.799742604889367,17.206155677369747,16.393329532408988,50.60337924928495,52.95352082017064,80.26559508693228,83.15112724472829,77.38006292913627,32.28724548645869,35.90973220107971,28.664758771837658
Entschuldigung,147,14.572723647764334,15.14404037430811,14.001406921220557,48.15629893381203,45.91694124400122,67.56087519017501,66.34922730416554,68.7725230761845,27.286813532554785,30.696278541240403,23.877348523869166
Entschuldigung,149,12.668563253869696,10.379569629107705,14.957556878631689,50.10421333270472,49.69911004464929,67.90451159469222,68.52980084871928,67.27922234066517,23.330821580974806,21.564417783492377,25.09722537845724
Entschuldigung,151,15.248388378260657,14.713494999772632,15.783281756748684,49.02670614144204,46.30442953240901,67.14536256275807,71.79179631013743,62.49892881537869,29.76744533201589,33.16168141905252,26.373209244979254
Entschuldigung,153,11.541229547050309,9.251616891987853,13.830842202112764,49.8332051359105,52.88956999494173,59.85633375923222,58.45854284621225,61.254124672252196,21.97098181406931,20.1814585704705,23.760505057668126
Entschuldigung,155,12.872988115733268,11.029512804449512,14.716463427017022,41.662007177314045,44.16090437750494,53.47525011651405,54.024074045192975,52.926426187835126,24.502490101600934,24.447702906315666,24.5572772968862
Entschuldigung,157,13.435032161459468,11.950937612565768,14.919126710353167,45.570641062624496,44.9163648606278,59.69710264919297,62.36033090199275,57.033874396393195,24.318486667780235,24.088597336841275,24.548375998719195
Entschuldigung,159,13.63921185997159,11.602345868607262,15.676077851335918,44.94125675889181,45.087759061428585,59.98172473736298,62.96697864591767,56.996470828808285,25.019224334721606,23.816287804442958,26.22216086500025
Entschuldigung,161,12.658536828790893,9.894260659750493,15.422812997831294,50.8788854062389,49.67282575697486,65.02746617242325,70.10652767958672,59.94840466525977,24.267982077742555,21.908817263232212,26.6271468922529
Entschuldigung,163,12.78786509465482,10.548158398002743,15.027571791306894,45.46764485798293,44.671460549695446,58.44361277361473,59.817302661225646,57.06992288600381,23.99976462171728,22.76684816594224,25.23268107749232
Entschuldigung,165,16.562686365031325,17.705286054626672,15.420086675435975,44.25530236855597,45.6671098367618,62.13834830421811,65.88216203518448,58.394534573251754,31.006456394748728,36.625997082260795,25.38691570723666
Entschuldigung,167,14.791274848134728,13.759256193358585,15.823293502910872,49.48634840751056,47.65327788099654,65.80547877653741,64.43617659466612,67.1747809584087,27.8107416573226,28.309224128917656,27.31225918572754
Entschuldigung,169,12.95065761955546,9.813808702958676,16.087506536152247,47.08835340175154,46.907961861193556,63.95938207172493,63.56378000111602,64.35498414233385,23.743071375852068,20.131058100049152,27.35508465165498
Entschuldigung,171,12.262077575013118,8.740913286410633,15.783241863615602,44.78767908056859,42.22571144098302,58.634283517719155,59.55454358934019,57.71402344609812,22.72069922093675,19.113708720827155,26.327689721046344
Entschuldigung,173,13.903862128022526,12.40840691213403,15.399317343911022,41.97110640561253,40.89330893549079,58.12344799927624,60.87020277078653,55.37669322776594,27.325338569029075,29.02742913764496,25.62324800041319
Entschuldigung,175,14.100908065310946,12.322523431141278,15.879292699480615,43.980027482716544,43.084111420766654,58.33428938920352,62.126198140692416,54.54238063771462,27.806631595509955,28.322665700944597,27.290597490075317
Entschuldigung,177,12.14801591006912,8.76438042132046,15.531651398817779,42.30521036855844,39.232659375637134,53.61426756375801,54.14619477181502,53.08234035570101,22.92786574820463,19.55812720613935,26.297604290269913
Entschuldigung,179,13.835111380057521,12.987118308617976,14.683104451497066,43.37363484544075,41.534811815767426,57.78450239212087,60.6638006598247,54.90520412441703,27.044548266800785,28.964931769692537,25.124164763909032
Entschuldigung,181,12.863032932609176,10.904709087865518,14.821356777352833,50.93429868354002,44.65175942733595,60.257860063155164,61.39894720266422,59.1167729236461,24.309361356919943,22.474663767734704,26.144058946105186
Entschuldigung,183,12.570877184087925,10.098075392218961,15.043678975956889,47.549594123137204,45.198874297289514,60.45461281508953,63.44817961172565,57.46104601845341,24.87103315835165,22.941193691527594,26.800872625175703
Entschuldigung,185,13.771473466821957,12.880701672244413,14.662245261399502,48.11147400678671,46.33123682112002,62.86617090129215,61.8264129642482,63.905928838336095,27.413315467236266,29.362545905910533,25.464085028562
Entschuldigung,187,12.574520440362742,11.092559892930375,14.056480987795108,47.748167072345,46.633068235496765,64.83053805732932,60.70279314710108,68.95828296755757,25.796241478473824,26.370229362264542,25.22225359468311
Entschuldigung,189,11.294409248343067,8.775532271416843,13.813286225269291,49.29800563462328,47.3232135683319,65.69454965687942,65.04448710113283,66.34461221262602,23.057063547553945,20.875636618509567,25.23849047659832
FestellenDiagnose,141,9.178958323378987,6.887421092613692,11.470495554144282,71.01207568725506,55.64365049242116,90.94160147174804,92.85874391695762,89.02445902653847,17.519541422707235,11.596633818864172,23.4424490265503
FestellenDiagnose,143,9.920271730069254,7.898897697314401,11.941645762824109,83.35050741678256,62.27960790442178,93.02282511235953,88.64840755245824,97.39724267226083,19.380239312696453,16.070516443386964,22.689962182005942
FestellenDiagnose,145,8.340619113974107,6.257893380486963,10.423344847461252,75.0311008772096,58.200112708171424,91.66075972137693,94.52068216895533,88.80083727379855,17.068690072753014,11.403665051736166,22.733715093769863
FestellenDiagnose,147,9.696499217184076,8.554722616489405,10.838275817878749,72.88548698272234,55.578904577142964,82.31089609552515,81.84298706224726,82.77880512880304,20.49143604569855,16.645212167555847,24.337659923841247
FestellenDiagnose,149,9.727294506818234,7.64151066449937,11.813078349137097,76.80254806242607,58.53319666983022,82.36388692579514,80.08865812101037,84.63911573057992,20.886505386794155,14.11311893039539,27.65989184319292
FestellenDiagnose,151,10.148011825402044,8.458439244111247,11.83758440669284,78.78484262532258,63.77718188659654,89.5158562294794,83.23654356139099,95.7951688975678,20.895825091838088,14.895109795584778,26.896540388091395
FestellenDiagnose,153,9.595654482051664,8.008144957244333,11.183164006858995,71.81383765887318,57.85358675169339,84.89848599013162,84.37899938300073,85.4179725972625,20.044996803777302,13.14479631659741,26.945197290957196
FestellenDiagnose,155,12.111315821367867,12.8040271319654,11.418604510770336,71.40615056215867,57.18600308397183,79.13715486210856,53.85961496911156,104.41469475510556,20.922060971871602,16.149371606789984,25.69475033695322
FestellenDiagnose,157,27.631813376750127,38.86139330608388,16.40223344741637,80.08766614464562,63.01573484002676,91.014642411608,79.01341665811162,103.01586816510437,39.661414721433616,47.280424726714614,32.042404716152625
FestellenDiagnose,159,19.137637711934577,28.299977131257783,9.97529829261137,82.47181100337092,61.339237398350754,77.34304408751618,68.43427827075571,86.25180990427664,27.505249550236265,34.86058449250884,20.149914607963684
FestellenDiagnose,161,12.056777003582239,8.803472358918874,15.310081648245603,74.5085344532361,53.28136357172103,68.42711739960434,46.80144244586152,90.05279235334716,23.758419760824957,15.245126205516268,32.27171331613364
FestellenDiagnose,163,11.750795770926766,7.740336199823848,15.761255342029685,74.59273270902166,54.4764731080882,70.09170827693407,51.92716045262795,88.25625610124018,22.916849112157514,13.598735443686792,32.23496278062824
FestellenDiagnose,165,12.49014992648624,9.763699364808502,15.216600488163975,78.75471598185375,60.41132130208396,78.21586183766945,58.45527756144562,97.97644611389329,25.960729459482017,20.879504894409514,31.041954024554524
FestellenDiagnose,167,11.177142851151991,8.049112705172066,14.305172997131919,76.08721705668665,62.010873893451404,69.48537166079363,43.696485110812006,95.27425821077526,21.945320651190798,14.122297083992912,29.768344218388687
FestellenDiagnose,169,11.466066313545687,8.898065682810005,14.034066944281369,83.6410565830562,65.9099575475629,77.45753612254364,55.260973254007666,99.65409899107962,23.849621586036566,17.895759937996385,29.803483234076747
FestellenDiagnose,171,11.17909345595872,9.039808242215976,13.318378669701463,80.7366083665816,65.05063025437488,77.06699501688362,52.357082960332356,101.7769070734349,23.448044201707756,17.3577729203341,29.538315483081412
FestellenDiagnose,173,11.758881411436143,9.48509668372437,14.032666139147917,86.23291501693186,66.84300795511638,79.60891768063746,53.2134353024636,106.00440005881131,24.2846788157083,18.002992362180866,30.566365269235735
FestellenDiagnose,175,11.798255049730676,8.866701979029065,14.729808120432287,79.29715910070402,60.9407886722336,73.54523456008833,49.32022850626129,97.77024061391538,22.80721412324574,15.993204652122772,29.621223594368708
FestellenDiagnose,177,11.944049730852022,9.988737497774213,13.899361963929833,81.62008143546076,60.311374773787996,78.92160790635205,55.89691155042398,101.94630426228012,25.832646180894507,21.6931747922931,29.972117569495918
FestellenDiagnose,179,11.223522070509887,9.15624135294028,13.290802788079494,79.9407894153621,58.075072164360115,75.80808570511873,51.43020427090012,100.18596713933734,22.91754068693841,16.62421873333766,29.210862640539155
FestellenDiagnose,181,11.777280775876175,10.086663781962429,13.467897769789923,76.77312171077904,53.271940114576694,75.31008476993205,57.11029067257623,93.50987886728787,23.96695985228491,20.809530601819382,27.124389102750435
FestellenDiagnose,183,11.140347741136354,8.954988115513162,13.325707366759547,78.22592028414265,57.258753475985436,73.05118856553472,47.15981772183456,98.94255940923487,20.856307900515155,14.333942160994978,27.378673640035334
FestellenDiagnose,185,11.17751569792235,9.260004370790933,13.095027025053769,77.88128806161063,56.26107252335964,69.66866844299521,44.724677137283834,94.61265974870659,20.731625985149627,14.500188925465066,26.96306304483419
FestellenDiagnose,187,11.399034913147794,9.791857631730078,13.00621219456551,78.54193668454388,57.848844612325315,74.78250548857511,51.02659274101797,98.53841823613226,22.366852422645078,18.194725005686237,26.53897983960392
FestellenDiagnose,189,11.463756654640502,10.215839941894462,12.711673367386542,79.1645299881068,58.05921052849812,73.48551330080905,47.626103930985714,99.34492267063237,21.539508890400263,16.37167510474794,26.707342676052587
FestellenDiagnose,191,10.948354996609954,9.139931934615587,12.756778058604322,79.9573463727727,60.14186428582341,73.4341634154859,46.71368445480625,100.15464237616555,20.01629563360219,13.520038194920826,26.51255307228356
FestellenDiagnose,193,11.797312878931002,10.449753187024397,13.144872570837608,79.96118427533048,60.29119716857385,76.2843154311241,52.86451436919539,99.7041164930528,23.32775575384622,20.08143759130414,26.574073916388294
FestellenDiagnose,195,11.042134855983683,9.193959127790594,12.890310584176774,80.68743490403878,61.273233705530956,73.99975116907302,48.73014987074335,99.26935246740268,20.83092171560292,15.15962927240981,26.502214158796033
Frech,153,10.99855264022391,,10.99855264022391,47.85174816427562,60.56866600951622,73.2360628148473,,73.2360628148473,21.994406170195347,,21.994406170195347
Frech,155,11.181324190148198,,11.181324190148198,45.794701710253484,66.41744080327742,95.61172850997174,,95.61172850997174,21.95020051944417,,21.95020051944417
Frech,157,11.69487121285998,,11.69487121285998,47.72399939837082,74.06207307206395,110.9358220535226,,110.9358220535226,24.06301165022481,,24.06301165022481
Frech,159,13.73367211008539,,13.73367211008539,48.366927723357016,73.26389060734309,103.72003903220076,,103.72003903220076,28.12884686629041,,28.12884686629041
Frech,161,12.946687321201717,,12.946687321201717,52.78051863505546,79.24802319159961,126.67359849331075,,126.67359849331075,29.534927608894755,,29.534927608894755
Frech,163,12.726238808698893,,12.726238808698893,51.41728917466206,75.3750596473955,137.2986979418517,,137.2986979418517,27.737197298197806,,27.737197298197806
Frech,165,12.84820378452192,,12.84820378452192,53.22365762332048,80.07060712620623,121.28574016351197,,121.28574016351197,28.329306236545772,,28.329306236545772
Frech,167,12.117014736201488,,12.117014736201488,54.25756153635161,81.77472156410796,121.17471120513227,,121.17471120513227,26.009576237485177,,26.009576237485177
Frech,169,12.564552149444696,,12.564552149444696,52.29287314788922,85.01082895325936,105.86259272378487,,105.86259272378487,26.31339434198067,,26.31339434198067
Frech,171,12.176488614627818,,12.176488614627818,46.816707979801926,71.71631776282173,114.5141248311775,,114.5141248311775,25.51360219289838,,25.51360219289838
Frech,173,14.226013886534309,,14.226013886534309,48.57254638437189,71.78797271958672,74.59098368556099,,74.59098368556099,24.539167924370847,,24.539167924370847
Frech,175,13.050942667181978,,13.050942667181978,45.57058738198228,68.15049130155926,47.15463080832468,,47.15463080832468,20.75668854705349,,20.75668854705349
Frech,177,13.66837736552332,,13.66837736552332,53.16467531768802,77.22920094140072,41.26206791582535,,41.26206791582535,19.683282923808633,,19.683282923808633
Frech,179,12.17771265349915,,12.17771265349915,56.19964608369598,76.1233035079611,36.4732122817914,,36.4732122817914,26.297746490673433,,26.297746490673433
Frech,181,12.955749438750242,,12.955749438750242,53.55809710237704,76.45316095639713,40.83643357461628,,40.83643357461628,27.288059298117886,,27.288059298117886
Frech,183,12.615170086796121,,12.615170086796121,47.36746812731714,70.18651175716258,42.82298022643303,,42.82298022643303,26.223394166433764,,26.223394166433764
Frech,185,12.992692434668593,,12.992692434668593,52.58871462910753,72.79850941944325,44.04818110089163,,44.04818110089163,26.45227091834793,,26.45227091834793
Frech,187,12.648800856931622,,12.648800856931622,50.50410422300188,74.70171928047202,42.85427127143332,,42.85427127143332,23.38267358062519,,23.38267358062519
Frech,189,12.434835894074832,,12.434835894074832,47.53189914550054,68.66554387740173,45.332958968593196,,45.332958968593196,21.884668697706367,,21.884668697706367
Frech,191,12.794482761264218,,12.794482761264218,50.61498370739035,75.16923616948942,41.61069322575458,,41.61069322575458,22.867520069058322,,22.867520069058322
Frech,193,12.404850287287022,,12.404850287287022,49.48337939924966,71.96939816561125,42.18757706263918,,42.18757706263918,21.72539116194937,,21.72539116194937
Frech,195,12.114258069304132,,12.114258069304132,44.99841710702402,67.58020453884873,44.727917535300904,,44.727917535300904,20.46384125192283,,20.46384125192283
Frech,197,12.175607538758696,,12.175607538758696,48.27621257417693,72.93788367550921,42.43266402471629,,42.43266402471629,21.004544880281287,,21.004544880281287
Frech,199,13.011605082871139,,13.011605082871139,50.98308132458681,73.85065070331748,48.54535528855768,,48.54535528855768,21.325439253189998,,21.325439253189998
Frech,201,13.328210046838269,,13.328210046838269,47.36910775949496,69.59622644763918,48.597075747120115,,48.597075747120115,20.978993857065205,,20.978993857065205
Frieren,152,11.976637651677482,10.70196299305678,13.251312310298186,50.78311165379869,37.73029952412673,47.9476389258805,46.95699467760333,48.93828317415767,22.198998165534142,20.693745478374318,23.704250852693963
Frieren,154,12.012889543513435,10.834658799176442,13.191120287850428,49.14756194965473,39.397439327340116,49.45530412649861,49.0305319109863,49.88007634201092,21.151945333292574,19.489890740757257,22.813999925827886
Frieren,156,11.995256891821603,11.112119882875565,12.878393900767641,60.40384166253013,43.53489949270874,45.824329946809456,46.76454097055431,44.88411892306461,21.771786241395098,19.000625834740738,24.54294664804946
Frieren,158,12.029489993203068,11.077483291784263,12.981496694621871,60.60931084634324,45.118991179279526,46.30904958444748,47.96484512951638,44.653254039378574,20.50468836292308,17.4173680064777,23.592008719368458
Frieren,160,11.914563406890345,11.327020380813918,12.50210643296677,53.60150007862283,40.06307150268344,51.658371005982936,54.62901908019433,48.68772293177154,21.405646077723603,19.96141066956461,22.84988148588259
Frieren,162,11.936211722937966,10.778586213789334,13.093837232086598,52.826790953842924,42.43774961566701,49.238398783408314,50.525241406318365,47.95155616049827,20.85914060285276,18.27823926545129,23.440041940254236
Frieren,164,12.144765413385382,10.734322626314153,13.555208200456612,55.88404146524874,43.13405505467137,47.02651652236408,48.005455554642644,46.04757749008552,21.70841640285196,17.199868678898017,26.216964126805898
Frieren,166,11.851064422787854,10.325894059258166,13.37623478631754,58.12206514703582,43.25413809450529,50.574607309051615,54.54440134885969,46.604813269243536,22.35942974627921,18.4272967625587,26.291562729999725
Frieren,168,12.025239215802698,10.619084496973334,13.43139393463206,54.51256010808562,44.21903730432128,54.36462259372314,60.55118531119086,48.17805987625543,20.56351212662482,17.465700455378542,23.661323797871095
Frieren,170,11.897541311698465,10.184828409190413,13.610254214206515,53.00412639079521,43.00347805883308,56.8737912623625,63.69691067478209,50.050671849942916,20.35519835048146,16.73858128953753,23.97181541142539
Frieren,172,11.565870726322334,10.022184348992349,13.109557103652321,56.90828267394066,44.88743059243358,56.184724809935126,64.55550182020566,47.81394779966459,20.323084818524435,16.23722275399153,24.408946883057336
Frieren,174,11.187291205281532,9.927184828363096,12.44739758219997,55.066867708305224,46.82628356330135,57.862019209291645,70.571842263285,45.15219615529828,20.35981226088349,17.52012260557226,23.19950191619472
Frieren,176,11.47999125637116,9.923020534611984,13.03696197813034,51.70125571368065,46.47269659243491,58.519114539276686,68.59711442321182,48.44111465534154,21.235342390704155,17.646564575929684,24.824120205478625
Frieren,178,11.665440386793742,10.343275544040782,12.987605229546702,53.58347513817159,44.10836771713857,54.06205192400296,59.792754751234135,48.33134909677179,20.556140358394245,16.43960331915369,24.6726773976348
Frieren,180,11.348942629608812,10.061669156604205,12.63621610261342,53.51367911976572,49.170751424290586,58.74701519762057,65.6648545535678,51.82917584167333,19.59624877153354,15.61766195301306,23.57483559005402
Frieren,182,11.63430762645477,10.242999255810235,13.025615997099306,49.83586291605424,49.940464615360085,59.23844631721854,66.43947939522012,52.03741323921696,20.09296540704691,15.883747867733199,24.302182946360627
Frieren,184,11.587410490167304,10.307906319077452,12.866914661257155,50.41471732721756,54.935130365028286,65.56747477015146,72.74715430049231,58.38779523981062,19.41013280720873,14.740140612830066,24.08012500158739
Frieren,186,11.651157029386024,10.430026322825691,12.872287735946358,48.822509969497446,46.6952484997714,56.41342841778803,61.41149533358584,51.415361501990226,19.176429493166893,14.825380854122493,23.527478132211296
Frieren,188,11.8304944596149,10.580433219355637,13.080555699874164,53.44202389161852,41.721829631749806,50.04362670220445,52.62063737444353,47.46661602996537,19.37085381697277,14.78926885790073,23.95243877604481
Frisch,137,21.16986259960911,20.97464839811805,21.365076801100177,65.36241689114766,77.64030245566848,135.0703722714352,124.99691650128594,145.1438280415844,31.10191103308705,38.94072640100858,23.26309566516552
Frisch,139,23.6701487982414,24.515790323299505,22.82450727318329,68.0178634619945,80.20053324971734,137.28688999128923,126.72293144044417,147.85084854213432,34.46665310450591,41.742557627351395,27.190748581660415
Frisch,141,20.812901441448805,19.464401993062438,22.16140088983517,65.77100079724808,82.13147800126082,139.5479206852358,127.52557173358147,151.5702696368901,34.37416094085435,41.41306842825505,27.33525345345365
Frisch,143,16.187151313031222,18.399176780323955,13.975125845738487,67.44408809932997,80.8491890656192,130.36908753415142,122.5921369301773,138.14603813812553,37.97343761303834,47.34511534519726,28.601759880879428
Frisch,145,15.320431820453972,14.942948546654279,15.697915094253664,68.23465712582953,83.50735695390604,146.51619111700364,133.64508032677708,159.38730190723018,38.24490724372113,40.63548444839798,35.85433003904427
Frisch,147,13.108134497964564,13.260732223085371,12.955536772843754,68.09852693608303,84.76740651674083,132.03843815014795,125.27545214408603,138.8014241562099,33.939154293805956,34.69974639908253,33.178562188529376
Frisch,149,10.958044441150513,11.030152747022969,10.885936135278055,50.84128631886691,56.55617962173606,86.99296902368656,85.0760534032678,88.9098846441053,26.381224081216352,29.114713957039896,23.64773420539281
Frisch,151,11.142181439548725,10.77017063212961,11.514192246967841,51.35432881586692,62.44191740737364,75.71714740061051,73.82415372987805,77.61014107134297,22.141090543657764,23.277599308565467,21.00458177875006
Frisch,153,11.335094879429601,11.420170847953711,11.250018910905492,48.45984888842032,55.46886381155319,69.09558275645037,69.69968185700033,68.49148365590041,19.602018076265942,17.621982593890987,21.5820535586409
Frisch,155,11.837907288184203,13.056408511281793,10.619406065086613,45.98957606623743,48.23309673916475,72.77229736252478,71.86864661459593,73.67594811045363,17.21843270940721,17.530172677772835,16.90669274104158
Frisch,157,11.963958960797978,13.342618585662262,10.585299335933694,49.28614053980249,59.32787390866007,63.73114762571292,62.9946313641917,64.46766388723414,16.19197691821562,16.98359895486731,15.400354881563928
Frisch,159,11.853176099734908,13.721049765543517,9.985302433926298,46.186239577743066,58.82630606756997,58.10720608417148,52.27290262570001,63.941509542642955,15.494857200989207,17.77909744703087,13.210616954947543
Frisch,161,11.678499833501515,13.27413239897113,10.0828672680319,46.898210805277316,56.88797510057014,69.13571698694874,60.80658955244743,77.46484442145005,15.1540353280793,16.9924984707392,13.315572185419397
Frisch,163,12.171234894351658,13.070066202790386,11.27240358591293,43.592308900405875,55.34865880149371,66.20568038254727,52.45919031287441,79.95217045222013,15.913653653240335,16.804584150275524,15.022723156205144
Frisch,165,11.71667759326752,12.920661094336376,10.512694092198664,45.66462775330315,51.029742483725784,63.947281019266,54.631062565653195,73.2634994728788,15.247727653543548,16.854318115156524,13.641137191930572
Frisch,167,11.374084628332659,11.875770349604446,10.872398907060871,42.55335507315684,49.28480868813214,66.98008716950969,56.24533050858214,77.71484383043723,15.529237583662432,16.773784616345086,14.28469055097978
Frisch,169,10.942664001438487,11.212675371201705,10.672652631675268,44.67652086999563,59.72144901789423,54.23414689427641,47.52097447366204,60.94731931489077,14.37066631385198,15.240244297365496,13.501088330338465
Frisch,171,10.747801788815426,11.126157054882615,10.36944652274824,49.127726038815304,64.61419686127252,63.696330478797535,53.96606167490628,73.4265992826888,14.532623139064338,15.76301997702979,13.302226301098887
Frisch,173,10.554235486678536,10.688459010043317,10.420011963313755,48.284990828657335,55.69201726155859,72.93602999801385,64.94328616960341,80.92877382642428,13.802621005975816,14.737444601770678,12.867797410180954
Frisch,175,10.723873829195336,11.339074970573748,10.108672687816924,50.307174256746336,62.32253384396257,64.35773440851989,57.23623273556866,71.47923608147113,14.210824468791815,15.803934947928651,12.617713989654979
Frisch,177,10.49725472168241,10.980821523108794,10.013687920256025,48.86734065002467,64.73483386610896,60.40272243647875,54.926683474121006,65.87876139883649,13.797579389866677,15.498637593977916,12.096521185755435
Frisch,179,10.762146612503646,10.94618872767986,10.578104497327432,46.96827012734373,55.399418589365006,74.38574488389385,67.5978080086911,81.1736817590966,14.526418652259212,15.707610665890007,13.345226638628416
Frisch,181,10.623703863017035,11.070654473879415,10.176753252154656,45.140314527616106,53.68640979061275,71.62919166038145,67.60737836980805,75.65100495095486,13.835621564621881,15.177202242228681,12.494040887015082
Frisch,183,10.410586084183208,11.033517079488702,9.787655088877715,47.5657276650494,64.88417184546464,64.53097356266288,60.548028848172805,68.51391827715295,14.065104963979628,15.5997723302257,12.530437597733554
Frisch,185,10.396530817495172,10.816838356033225,9.97622327895712,43.11987820280893,60.83086969230326,68.07449395031989,63.92950361592169,72.21948428471809,14.108103979988126,15.645740865781528,12.570467094194726
Frisch,187,10.168911281719,10.539788946140831,9.798033617297168,46.83418225059796,60.70528493031788,63.44828130567078,60.16738977638721,66.72917283495435,12.996619735093327,14.091705430815603,11.901534039371052
Froh,126,10.56161006525167,10.999548401148674,10.123671729354665,62.82294149879948,52.22024706061132,45.23806052604925,46.88625045094087,43.58987060115764,16.745451978838155,16.64274453688659,16.84815942078972
Froh,128,9.544342251984812,9.230896128354548,9.857788375615076,58.91599482325536,48.29174897007166,56.56863017012887,53.19271976065834,59.94454057959939,18.300437236421995,17.33283835256678,19.26803612027721
Froh,130,10.613217908111327,9.033799366488369,12.192636449734286,66.65667602173913,49.331125274588004,56.93551649684399,55.34660846305477,58.524424530633205,19.944843220517264,16.194159245916,23.695527195118522
Froh,132,11.756792544645748,9.801903913251895,13.711681176039603,57.692457897972304,49.20985833955567,67.23674775755157,59.21071503456751,75.26278048053562,19.460001646582697,16.149885931523233,22.77011736164216
Froh,134,11.345173967014395,10.110719920701847,12.579628013326943,69.16923102078118,61.97074076614718,117.5288746620894,109.57153028309084,125.48621904108795,17.565683077897376,16.40881623278916,18.722549923005587
Froh,136,9.646515799570402,9.62867639254447,9.664355206596332,61.62284291980595,53.604795446713226,102.54685335551657,77.9047141253043,127.18899258572885,14.80556189425239,16.202504737681103,13.408619050823678
Froh,138,9.673114444368732,11.748503906577104,7.5977249821603605,58.50013180891913,44.69040930834958,73.06573211404762,59.28278862268557,86.84867560540965,14.10792900814366,17.57877498806588,10.637083028221438
Froh,140,9.402564405960817,10.792529374112894,8.01259943780874,56.25782101626132,41.99589783519227,57.53857681232384,51.15596702800525,63.92118659664242,16.264588490417136,18.043514317534598,14.485662663299676
Froh,142,8.5768267829981,10.10938653988066,7.04426702611554,61.78504638831088,48.50249923015274,74.79069378945746,69.486963922671,80.09442365624395,14.348474541313081,18.14135068257457,10.555598400051595
Froh,144,9.167686548276409,10.457406345711115,7.877966750841703,55.65362350252199,42.02821051572225,56.30518890696662,45.01736259463411,67.59301521929913,14.511049535810894,18.584133978005152,10.437965093616635
Froh,146,9.485298219140459,10.998627775511478,7.97196866276944,57.97466885124611,40.238250409427806,46.35348167916611,34.579523977687764,58.12743938064445,15.2630991971969,18.362993526386482,12.163204868007316
Froh,148,8.844645300836532,9.071789913343236,8.61750068832983,62.99131869072788,44.490446886615736,34.755534930044234,30.003097188015847,39.507972672072626,12.923190984557575,12.767856210878834,13.078525758236314
Froh,150,12.274398764032295,11.963511953470942,12.585285574593646,60.097088727241996,41.501575558504705,36.42250743474128,26.384641153473034,46.46037371600952,22.172457529473668,22.27885065016525,22.066064408782086
Froh,152,10.530738246860855,7.163350993406042,13.898125500315667,62.95458949763157,46.07448564627154,43.62753641667639,30.816334160752398,56.43873867260039,17.724926150365615,10.389510671937545,25.060341628793683
Froh,154,12.398216751029981,8.799611267638051,15.99682223442191,61.577910578152434,52.4910782605439,60.05346306141944,26.323232848647333,93.78369327419155,18.784481730205805,11.530682107818684,26.03828135259293
Froh,156,12.047628382115455,8.370492362070575,15.724764402160336,54.35903814570493,50.282871437317034,62.71945553719779,37.69064200591537,87.7482690684802,18.280720523650814,12.174903131022013,24.386537916279615
Froh,158,11.485225772031894,10.251187296706185,12.719264247357604,54.133032151007406,48.91441651519743,65.75324107872635,33.05819678408387,98.44828537336883,15.629219452833272,14.900859603850423,16.357579301816124
Froh,160,10.357388101867476,11.538902027772282,9.17587417596267,56.04039652850476,47.99526933493744,70.38226541739817,37.82396930335544,102.94056153144089,13.724866283542678,17.404042614792182,10.045689952293172
Froh,162,8.97877607139283,10.890265768347266,7.067286374438394,54.49848077150768,43.51594955365754,49.26413164455248,32.948567258408595,65.57969603069635,12.556717111711702,15.827282926958151,9.28615129646525
Froh,164,8.552089657736387,9.904637786095746,7.1995415293770275,61.34631006986979,52.30874407882112,91.50925729316407,93.47424484246262,89.5442697438655,12.688500825557963,15.935131191406011,9.441870459709916
Froh,166,8.329571236327062,9.23125081844886,7.427891654205263,62.419722229065485,55.30560653525202,101.4979234521995,108.63735000158044,94.35849690281854,12.35863130272651,15.763998862035674,8.953263743417345
Froh,168,9.276951705486788,10.545568784435531,8.008334626538042,52.48541543980312,44.10401533769938,54.822010730096196,53.940231008489455,55.70379045170293,13.73339290620346,16.76394548676121,10.70284032564571
Froh,170,9.586751753355927,9.866189237109221,9.307314269602632,52.94029613736074,46.39706659464124,54.9470111257982,35.42872717992793,74.46529507166846,13.444896758292238,12.702348986513918,14.187444530070556
Froh,172,9.751615123185537,8.269960195798918,11.233270050572155,63.49424827520088,52.101353779208864,58.41598517146518,50.15155749383705,66.68041284909332,16.4359712368718,10.634283597105302,22.237658876638296
Froh,174,9.103880867188824,7.494052958258085,10.713708776119562,64.10085707582344,55.09232607399403,49.19138975333006,49.05292004333828,49.32985946332183,16.80512136385398,13.657160580955711,19.95308214675225
Froh,176,10.67596696342439,8.70283029820899,12.649103628639788,69.91877436789193,56.82565653449915,60.41317931295066,45.02972069756071,75.7966379283406,16.572556708047635,12.535655229630299,20.609458186464973
Froh,178,12.076696484723215,9.316929017692658,14.83646395175377,59.048708876089215,53.12059063644151,48.59284298594484,28.56771331060298,68.6179726612867,18.63565570935535,14.448364624215008,22.822946794495692
Froh,180,12.154270263013018,11.669953595007904,12.638586931018134,54.909143677092146,49.33525825474011,64.77653776730853,32.31708187820681,97.23599365641024,21.53958013791188,22.499173543619396,20.579986732204365
Froh,182,12.515078980957377,12.984527749755616,12.045630212159136,52.25413400806185,45.816230447455936,51.79295822891544,28.61229695228149,74.97361950554938,19.445966731170852,18.819376300454124,20.07255716188758
Froh,184,9.645769354850955,9.367676491877456,9.923862217824457,53.52296058144927,45.957730393593906,63.78779931853,66.61537204601616,60.960226591043835,12.575755559510856,14.22965779849623,10.921853320525484
Glas,104,9.366384958121882,8.856331011691374,9.87643890455239,55.27313921884185,48.39547734143448,52.597553739085626,42.75095613699304,62.444151341178205,14.733399500600676,14.12076036164152,15.346038639559834
Glas,106,11.147198569458126,11.360340957897249,10.934056181019004,55.08006065027032,47.05807223604483,52.99458844953129,46.20766660395076,59.78151029511182,17.405297028749374,15.686472710030198,19.124121347468545
Glas,108,10.872049429597986,12.27088746529801,9.47321139389796,54.69052768918916,47.38260502470661,55.233267392113405,45.40409711971556,65.06243766451125,16.500873344892923,18.34484519358963,14.656901496196218
Glas,110,11.293630429014538,11.848056347281469,10.739204510747607,51.97590812091072,46.041445038590744,54.50060598694478,42.82713058927218,66.17408138461738,19.20020870229658,19.34938374151962,19.051033663073543
Glas,112,8.880653776975022,7.374465011831547,10.386842542118496,55.07884859740466,47.230129769830214,54.124988116959955,36.12156998610411,72.12840624781579,15.001787080422009,12.2271023851324,17.776471775711617
Glas,114,10.378006324739982,7.860157422688469,12.895855226791495,49.49696236306312,43.04011417426815,49.28300288404918,31.6529611177961,66.91304465030227,17.126203825184515,12.900592817068231,21.351814833300796
Glas,116,11.87216577548875,9.328114053881375,14.416217497096124,50.57370668356053,45.560035188007056,51.06004235211016,31.89374264198208,70.22634206223825,17.9159446323067,16.1803233861837,19.6515658784297
Glas,118,11.452646157455463,9.188960992877899,13.716331322033028,43.3039572215343,43.09141689970933,47.468451408751655,28.777399051521012,66.1595037659823,16.84525364101045,15.173061549416314,18.517445732604585
Glas,120,13.980932024217848,13.273396845215041,14.688467203220656,47.75196493188182,41.6866015221257,42.18188018151141,29.170555867771302,55.19320449525152,20.121676401739442,21.347349294659335,18.896003508819554
Glas,122,14.401456308626404,14.48566881344586,14.317243803806946,43.59687293251637,39.34411009248561,42.163562907093606,27.530488173697293,56.79663764048992,20.29553312940178,21.978954122940422,18.612112135863136
Glas,124,14.85565112955195,15.83085626857254,13.88044599053136,44.05855167431349,39.959525858374555,41.85264188378544,29.981468706577413,53.72381506099346,21.491849420509386,25.434572925453352,17.54912591556542
Glas,126,13.460884291483554,12.367161200369866,14.554607382597242,45.06232102005622,39.60009280914904,44.00848974252747,32.97497945007828,55.04200003497666,19.444476187643282,20.371555120325947,18.51739725496062
Glas,128,13.326230385958894,12.122332928655128,14.530127843262658,45.39555429859028,40.33995762458258,42.35800502934692,29.74849398592147,54.96751607277237,19.130101588993504,19.659057401962748,18.601145776024264
Glas,130,15.046069424606777,14.670482760523756,15.421656088689797,43.103065218771135,41.36435046619957,47.35427598564141,34.39599963194623,60.312552339336584,21.459669285336336,22.991206239557783,19.928132331114888
Glas,132,14.325712652320698,14.078574599765705,14.572850704875691,43.74153933037944,41.5320131001163,45.86504470600614,31.190463601012613,60.53962581099966,20.291839676087122,21.67346289822188,18.91021645395236
Glas,134,14.372455037193973,13.519279997050214,15.22563007733773,49.509793684030946,43.9035439323804,49.76385957048381,40.12397173013692,59.4037474108307,21.437444487602725,22.724336199889986,20.15055277531546
Glas,136,13.48964600308772,12.352461376546081,14.62683062962936,52.16542173475975,43.04736168934397,48.795362506236074,37.651225920295865,59.939499092176284,19.53886039111783,19.804118978425446,19.273601803810212
Glas,138,15.042624603379608,15.004108478319692,15.081140728439523,47.44339086010902,44.94187731956325,53.330940764751446,45.99081504256926,60.67106648693364,22.11340197121926,24.201711950659092,20.025091991779426
IdiomPffIgnorieren,122,14.545759687041656,15.880911250811765,13.210608123271548,66.98663495913533,57.62566301346981,72.14887319625922,62.912006125067016,81.38574026745141,22.069870107210637,30.75516455217544,13.384575662245831
IdiomPffIgnorieren,124,11.088051057203412,10.627453545396829,11.548648569009993,65.39991872701422,52.56626038898418,70.91124249979703,58.93219061804751,82.89029438154654,19.58186802959775,21.546703330158504,17.617032729037
IdiomPffIgnorieren,126,10.636261226813138,9.88430571766351,11.388216735962766,71.78913506462631,53.50151540159133,66.85989029665555,62.41187503308495,71.30790556022616,15.225120406077256,15.558044699417138,14.892196112737373
IdiomPffIgnorieren,128,11.90453521867514,11.253791004563258,12.555279432787023,76.02543796833744,55.715709501183404,65.99701574628409,62.18909986707777,69.80493162549043,15.894933761867268,11.236128207375696,20.55373931635884
IdiomPffIgnorieren,130,12.365931739672874,11.941982818500197,12.789880660845553,79.15158343166284,57.91627307743682,73.02815761535723,65.0068087492418,81.04950648147266,19.832658299742253,13.05000658011769,26.615310019366817
IdiomPffIgnorieren,132,12.887616127060266,14.054550072372662,11.720682181747868,78.26645633460161,53.824064377329464,71.73161829270398,67.79491063431874,75.66832595108923,19.227512686443678,15.751718053851251,22.703307319036107
IdiomPffIgnorieren,134,12.977194109793583,14.068374792858855,11.886013426728312,87.3979199338991,59.90750400467789,77.34522680618451,72.8860533383844,81.80440027398463,21.30377629522551,16.28926678619481,26.318285804256217
IdiomPffIgnorieren,136,13.321952421823415,14.152779241297152,12.491125602349678,82.36389367574532,60.54426405805146,73.48642497112101,71.47493472907686,75.49791521316516,20.58982249484744,16.3809957710529,24.79864921864198
IdiomPffIgnorieren,138,13.256982084044113,13.627454148825043,12.886510019263183,77.88237778765772,58.03938264874001,75.91510103426417,74.05516700832173,77.7750350602066,20.508394773575684,16.312395200915315,24.704394346236054
IdiomPffIgnorieren,140,13.539617223194156,13.9626529860943,13.116581460294015,74.50283099079408,55.189751477192964,73.69002922511616,71.6578983331904,75.72216011704192,20.586701624588613,16.228298075778344,24.945105173398886
IdiomPffIgnorieren,142,13.570824624859037,13.986357859100107,13.155291390617968,71.66416679892347,54.50301794752929,75.00616411613251,73.23506229541543,76.7772659368496,20.696347570552312,16.736801059093438,24.655894082011184
IdiomPffIgnorieren,144,13.930574149989415,13.884313110856338,13.976835189122493,73.10445961757279,55.947185473197464,79.08191768746597,73.7193686548819,84.44446672005004,21.847401033614144,16.408029135533518,27.28677293169477
IdiomPffIgnorieren,146,14.163112293915969,13.589081615720763,14.737142972111172,73.95486116779347,53.45286984102046,74.16002161195132,70.0135624342395,78.30648078966313,21.36893086803923,15.25682961582523,27.481032120253225
IdiomPffIgnorieren,148,13.69660448748306,13.789048743219963,13.604160231746159,71.61528837681767,55.78387616628518,74.66272371835953,73.59569484973787,75.7297525869812,19.919753637259483,14.854110559057725,24.985396715461242
IdiomPffIgnorieren,150,13.443372911432078,13.746581202425391,13.140164620438766,73.41431688718747,52.90815917548934,75.28732044238427,70.12470518437445,80.4499357003941,21.321300330285844,15.504305431397215,27.138295229174474
IdiomPffIgnorieren,152,12.719047916144282,12.60643468918162,12.831661143106944,70.83263451961173,54.3615541546394,71.39443687430543,70.5230194822857,72.26585426632514,19.364870947187672,13.896539886939516,24.83320200743583
Jahr,162,18.043302302127447,,18.043302302127447,43.33836049375732,58.65592648901852,43.04679794993622,,43.04679794993622,22.620266144264868,,22.620266144264868
Jahr,164,17.57934853463466,,17.57934853463466,54.16148249405418,63.073246250010016,56.87831484539483,,56.87831484539483,20.67841877094003,,20.67841877094003
Jahr,166,15.841721582028615,,15.841721582028615,56.446947119749666,64.82341099489304,33.21996237542678,,33.21996237542678,20.086315450597688,,20.086315450597688
Jahr,168,15.200738168662419,,15.200738168662419,47.451733523271585,56.733969104517,32.155749555075495,,32.155749555075495,18.129786737513307,,18.129786737513307
Jahr,170,21.20462110252879,,21.20462110252879,55.203296563329914,70.67812512564484,179.91620230234946,,179.91620230234946,21.91046453013263,,21.91046453013263
Jahr,172,19.697022638280743,,19.697022638280743,59.58247332800957,72.85160169155091,189.0694677980244,,189.0694677980244,21.12805013078624,,21.12805013078624
Jahr,174,19.007394847695025,,19.007394847695025,55.049520735482595,70.35906229757833,176.22536860185835,,176.22536860185835,19.140392209082552,,19.140392209082552
Jahr,176,18.7896750561579,,18.7896750561579,46.03492718715874,61.267457732836476,136.8859676366277,,136.8859676366277,18.659838762321233,,18.659838762321233
Jahr,178,19.54625019780019,,19.54625019780019,50.705388387353395,61.89445094336688,102.87262777967965,,102.87262777967965,19.61896125967048,,19.61896125967048
Jahr,180,10.85072200321046,,10.85072200321046,41.388631422809155,58.24335218566248,77.79612697465129,,77.79612697465129,12.09918490049568,,12.09918490049568
Jahr,182,9.353334393335375,,9.353334393335375,48.25622938022195,59.3355796579619,64.4131762245191,,64.4131762245191,9.595401483356898,,9.595401483356898
Jahr,184,10.12505534400326,,10.12505534400326,53.36587480110475,65.10262534057556,57.206012018841356,,57.206012018841356,11.776462449537133,,11.776462449537133
Jahr,186,9.33648750824803,,9.33648750824803,46.13744794202254,55.77390381100696,54.83706073019201,,54.83706073019201,10.209005470133581,,10.209005470133581
Jahr,188,9.42663168791894,,9.42663168791894,49.34159678742655,61.67550789020304,51.608749087757516,,51.608749087757516,12.06800960884532,,12.06800960884532
Jahr,190,10.33077002092368,,10.33077002092368,49.1761251756818,55.07009837230392,48.384189761487995,,48.384189761487995,13.600739722580474,,13.600739722580474
Jahr,192,9.489510452187774,,9.489510452187774,40.06055689335167,46.79870187264675,49.077273214241856,,49.077273214241856,10.426976116240215,,10.426976116240215
Jahr,194,12.51454041395362,,12.51454041395362,40.41920510267449,49.19948645820422,42.851009617063276,,42.851009617063276,12.78430780980437,,12.78430780980437
Jahr,196,13.262471848186262,,13.262471848186262,47.92533474226591,59.268570699513894,25.85917767954505,,25.85917767954505,13.617077124939605,,13.617077124939605
Jahr,198,11.259310549417771,,11.259310549417771,49.89240522774289,105.15457847608867,18.909309314406634,,18.909309314406634,12.984553849513263,,12.984553849513263
Jahr,200,9.920559612646056,,9.920559612646056,33.45137797660523,42.40528396719226,35.87754384959842,,35.87754384959842,14.06654480030816,,14.06654480030816
Jahr,202,11.100591280908828,,11.100591280908828,39.04154633566139,44.46179014838365,34.659147793184154,,34.659147793184154,17.26002352266034,,17.26002352266034
Jahr,204,10.905747127800717,,10.905747127800717,40.57991269795184,43.89210428957709,37.02871903580882,,37.02871903580882,14.88353341597515,,14.88353341597515
Jahr,206,9.779476309793733,,9.779476309793733,45.373309799432384,48.489718615468405,25.81750101191125,,25.81750101191125,12.190348157428701,,12.190348157428701
Jahr,208,10.081264688262364,,10.081264688262364,47.498742494780274,50.88535379501289,27.701707611293095,,27.701707611293095,10.556065927278555,,10.556065927278555
Jahr,210,9.867558962418826,,9.867558962418826,49.971618472327876,58.15452814765616,21.336002294790827,,21.336002294790827,11.904497866177788,,11.904497866177788
Jahr,212,9.819522137058168,,9.819522137058168,43.335119712528076,43.77234118405723,27.34898586610496,,27.34898586610496,13.720547180560631,,13.720547180560631
Jahr,214,10.2345551497761,,10.2345551497761,48.55343226099087,49.12416594705848,19.292140153449967,,19.292140153449967,11.61004636739389,,11.61004636739389
Jahr,216,11.733203481210081,,11.733203481210081,48.55189168874266,50.124765197486454,16.31967848923641,,16.31967848923641,12.97407676933888,,12.97407676933888
Jahr,218,11.48281578592447,,11.48281578592447,53.70822955641463,50.265308885994415,17.14682178651699,,17.14682178651699,12.19196837138539,,12.19196837138539
Jahr,220,12.70893038896816,,12.70893038896816,48.32904191955541,51.14587268449259,22.151194769567955,,22.151194769567955,12.780366957285034,,12.780366957285034
Jahr,222,12.614002157972307,,12.614002157972307,50.677972659089434,51.49896678006541,45.143202302675235,,45.143202302675235,12.601590193080328,,12.601590193080328
Jahr,224,15.252790825345784,,15.252790825345784,50.00881877220935,54.01011293643013,39.70905970993143,,39.70905970993143,15.48663623225885,,15.48663623225885
Jahr,226,14.659323738041502,,14.659323738041502,54.43930956176533,51.004397095729715,23.48077566424464,,23.48077566424464,14.862938553661088,,14.862938553661088
Jahr,228,15.903586242871096,,15.903586242871096,39.51616090234342,48.16052941401049,48.28987918085008,,48.28987918085008,20.96294296581552,,20.96294296581552
Jahr,230,16.79783434004944,,16.79783434004944,36.93912467453434,44.875655827574235,50.895870852694436,,50.895870852694436,24.254809952867216,,24.254809952867216
Jahr,232,13.42864862850993,,13.42864862850993,48.81932345477176,55.789494137419844,28.909490718272938,,28.909490718272938,15.03691324808576,,15.03691324808576
Jahr,234,13.426017191546407,,13.426017191546407,45.42291005160598,54.4384628663508,32.936122153808064,,32.936122153808064,14.762135616518236,,14.762135616518236
Jahr,236,13.494355681305855,,13.494355681305855,46.38427445429541,54.83415874312341,34.48215145664872,,34.48215145664872,14.67141733310528,,14.67141733310528
Jahr,238,13.529388122372907,,13.529388122372907,48.86254777197163,60.10065850279299,36.60248437831482,,36.60248437831482,14.303350738599232,,14.303350738599232
Jahr,240,14.444788142392689,,14.444788142392689,45.83956214168437,52.69958113078913,36.490222717395866,,36.490222717395866,15.780442727929806,,15.780442727929806
Klar,122,12.696840660971047,,12.696840660971047,47.177197258087354,63.966037578976106,60.00425025233503,,60.00425025233503,17.340898154804442,,17.340898154804442
Klar,124,12.349664230855963,,12.349664230855963,42.089258049311674,61.26713236001746,67.92649203069661,,67.92649203069661,15.278526127339147,,15.278526127339147
Klar,126,17.492924579982343,,17.492924579982343,48.55699763765415,71.37874151604439,59.19813243783681,,59.19813243783681,20.18602805438188,,20.18602805438188
Klar,128,15.07810388891339,,15.07810388891339,46.86521458470738,66.4381695684113,47.19601323789517,,47.19601323789517,20.42604681816161,,20.42604681816161
Klar,130,11.519564474356402,,11.519564474356402,48.825867575665185,67.34324316559048,39.90072555183596,,39.90072555183596,20.368586656973726,,20.368586656973726
Klar,132,15.437423616163146,,15.437423616163146,46.08073222069067,64.28563253302946,62.78983652471966,,62.78983652471966,26.95545765446265,,26.95545765446265
Klar,134,15.913654302743073,,15.913654302743073,45.94232606021646,65.14345766609023,65.47411754924727,,65.47411754924727,24.638810203526646,,24.638810203526646
Klar,136,19.00082694880347,,19.00082694880347,49.44196654126703,67.00993755257356,65.03269568399352,,65.03269568399352,28.840082965275723,,28.840082965275723
Klar,138,12.100685443614243,,12.100685443614243,44.63843091880299,59.49596996623445,67.74082908262382,,67.74082908262382,20.779512745040698,,20.779512745040698
Klar,140,9.5103185035814,,9.5103185035814,46.4705753377259,59.58308447235837,54.70467333307721,,54.70467333307721,15.052391579968393,,15.052391579968393
Klar,142,10.234911065418013,,10.234911065418013,49.42683597593882,62.53994353307163,51.34331391550498,,51.34331391550498,14.854801451800574,,14.854801451800574
Klar,144,10.031758439959608,,10.031758439959608,47.16598912665362,56.58805822989618,56.805180917876605,,56.805180917876605,12.903027898111025,,12.903027898111025
Klar,146,9.968151523676916,,9.968151523676916,45.10504144180564,52.54786530545603,58.23295494005101,,58.23295494005101,12.812876730177694,,12.812876730177694
Klar,148,10.159826490997835,,10.159826490997835,49.954657658090994,55.63484404677214,42.646494885940406,,42.646494885940406,14.142309196091439,,14.142309196091439
Klar,150,10.085460614015421,,10.085460614015421,45.83101281350448,52.38616412569757,40.596697835905005,,40.596697835905005,13.677224261298749,,13.677224261298749
Klar,152,10.077619354390478,,10.077619354390478,45.648743643034535,56.492863944915705,39.702701838308194,,39.702701838308194,13.289042717150235,,13.289042717150235
Kochen,135,11.303578580455671,8.861646363656703,13.745510797254639,48.06172522714865,49.856545698819176,66.76584505249286,75.54813641156125,57.983553693424476,13.48188366668364,11.99837600163452,14.96539133173276
Kochen,137,11.926890391067156,7.745463728172226,16.108317053962086,48.7328091376809,52.80510889493802,67.89472353016477,77.73977259185419,58.049674468475345,15.470421438051812,11.919963319490563,19.02087955661306
Kochen,139,12.374231967720778,8.163776758390197,16.584687177051357,47.069944763196546,50.91341383228823,69.03418963604624,80.95574922861968,57.1126300434728,14.581486596560758,9.950935507814838,19.21203768530668
Kochen,141,12.64662217200666,8.2977053716752,16.99553897233812,47.91930196866234,51.05749987585125,72.53357291106025,90.02643645872212,55.040709363398385,15.541711189802728,10.120225834877942,20.963196544727513
Kochen,143,13.627954547394378,9.144345914072014,18.111563180716743,49.80364642851358,52.261959543263764,67.55741767947116,83.53081264707481,51.5840227118675,16.79267770843204,10.328370009643313,23.256985407220768
Kochen,145,13.673522148063293,9.420261964932308,17.92678233119428,50.01334785723681,50.710260888292666,76.7284902527663,99.03692868849706,54.42005181703556,17.48284519103668,10.254382812449037,24.711307569624328
Kochen,147,16.132686044352184,14.51808835000572,17.747283738698652,45.59986861925065,50.724163654811115,68.55314329514228,81.14477381513747,55.96151277514708,23.30863444623649,22.811183112856778,23.806085779616204
Kochen,149,13.445379480271363,9.919606582537602,16.971152378005126,51.27383585201739,56.24255290111642,67.72314551760057,88.19481011797933,47.25148091722182,15.766898207665431,11.052998399107464,20.480798016223396
Kochen,151,15.540906503516386,15.46485677283853,15.616956234194243,50.39382703859,53.878842679590406,59.0048823801637,68.82320762508171,49.18655713524569,23.104659885408815,27.078549061113765,19.130770709703867
Kochen,153,12.273748328135508,8.225605504126035,16.32189115214498,49.95504744425195,59.65249822893569,62.836189492786644,85.34112376748749,40.33125521808581,15.719929591609667,12.240879396146845,19.19897978707249
Kochen,155,14.011032509054692,11.207061086967467,16.815003931141916,50.809427393176556,59.08782209912767,87.74648974037054,102.18632229526419,73.30665718547688,18.583642593636856,15.689659255283372,21.477625931990342
Kochen,157,15.635614784986558,15.740508250183531,15.530721319789585,50.40626344957429,55.50725106007705,57.16212904086794,72.67652794771843,41.64773013401746,23.451369967761508,26.90694743488689,19.995792500636128
Kochen,159,11.737745487090244,9.670115480179444,13.805375494001042,53.3793237459271,58.83411903779334,78.27599669076636,90.8387351519654,65.71325822956734,14.130350631390046,13.261833572589566,14.998867690190526
Kochen,161,13.348435308088849,13.765011721901834,12.931858894275862,47.08083296233727,48.88389485394749,57.56891349692021,62.12220663110308,53.01562036273734,19.853660633004637,24.393686924757976,15.3136343412513
Kochen,163,14.572808492493774,15.921377021424588,13.224239963562958,53.34241159512809,53.56413200955821,60.733826588610384,59.43846713425118,62.02918604296959,23.08991343369683,30.30247499377452,15.877351873619133
Kochen,165,11.091516782260218,8.121995285863656,14.061038278656778,53.8622462002854,58.248599871487926,67.78411203440211,73.87441137517504,61.693812693629184,13.136207680271788,11.624539002376151,14.647876358167425
Kochen,167,11.135209167906675,7.583508568932473,14.686909766880877,51.96176044126877,56.715944678743384,59.302339688150695,62.01986716345518,56.58481221284622,13.710765084234609,11.882314205387214,15.539215963082006
Kochen,169,11.953714990060783,8.285316860245834,15.622113119875733,45.09196621043499,48.20828456817921,52.59311079762641,57.140534282821925,48.04568731243089,14.563874645309324,11.107437818234207,18.020311472384442
Kochen,171,12.685036166150567,9.045343147745267,16.324729184555867,44.16412027112412,48.220533089957286,49.266479695491654,54.225165929976995,44.30779346100632,16.315637368875326,11.602984063196162,21.028290674554487
Kochen,173,12.890298169614969,8.542468709977333,17.238127629252602,43.73134559898399,44.52727379096297,52.84295292220612,60.744394093543804,44.94151175086844,16.06048969525984,10.554908017345603,21.566071373174072
Kochen,175,12.79264682970733,8.216052834001603,17.36924082541306,46.25211094311801,48.59822939653665,55.15728984543628,69.46079520117928,40.85378448969328,15.959490668457848,10.187392062782934,21.731589274132762
Kochen,177,12.351912932258816,8.32970457295332,16.374121291564315,50.94270462582287,50.54206735412606,53.8702147117523,67.14049047919625,40.59993894430834,15.927969326240532,10.896556748974676,20.95938190350639
Kochen,179,12.874048510504236,9.209483074935616,16.538613946072857,44.47883141472532,44.30597525831846,58.523970104368004,68.99050502528159,48.057435183454416,16.55450359590741,11.483630427141735,21.625376764673085
Kochen,181,13.210767593331438,9.091969607204597,17.32956557945828,56.518091523763374,53.019267652690296,56.60060943214984,75.23815735879734,37.96306150550234,17.17044664352985,11.782837035542688,22.558056251517016
Kochen,183,12.16975302260182,8.326160765963774,16.013345279239864,55.91614266919773,56.928803274232706,57.80187422128277,76.37453541320703,39.229213029358526,15.363203309450034,10.999747179041734,19.726659439858334
Kochen,185,12.12899698883388,9.52856482937384,14.72942914829392,59.63457738084504,58.91764762762543,62.15135259984602,82.18000356375192,42.12270163594011,14.149685598342465,12.209938154451082,16.08943304223385
Kochen,187,14.156556586531266,13.727082459936174,14.586030713126357,53.85063790261846,56.77909198234724,62.64840350597554,84.12443711274014,41.17236989921093,18.986592341508363,20.52728779191312,17.445896891103608
Kochen,189,11.751581843927358,9.853894798918601,13.649268888936113,54.9729241491508,59.3411525474817,66.07883725665026,79.05185777594932,53.1058167373512,13.920849212346205,13.337111605182315,14.504586819510095
Kochen,191,14.50667581824256,15.191196212299696,13.822155424185421,51.68258610029394,52.25064949818346,58.95312949886522,67.26809171756622,50.63816728016422,20.21251494100875,23.578928220457726,16.846101661559775
Kochen,193,15.07193223489951,16.125152601509186,14.018711868289834,51.81097056706602,52.53484862923429,55.56201564921971,58.22365450563305,52.90037679280637,23.28031304813559,28.909253762528174,17.65137233374301
Kochen,195,11.402245074398971,9.420007180256183,13.384482968541759,50.964754712925725,55.1554738692921,62.917444796495374,65.72986638259653,60.10502321039422,13.58223033628523,13.302000739907294,13.862459932663166
Kochen,197,13.471576241906561,13.016428241826782,13.926724241986339,51.01925870024173,51.09069771893486,60.60646567890763,62.19490759713517,59.018023760680094,19.210467963660207,21.83960993243339,16.581325994887028
Kochen,199,11.338240789146258,8.353417019815755,14.323064558476762,42.763311274377685,48.1755665028474,59.34644297353549,67.14927645734673,51.54360948972424,13.733955621021309,12.091259601704875,15.376651640337744
Kochen,201,12.474987848692727,9.923865543978467,15.026110153406988,52.506104371877285,50.311550316779744,61.02516048280819,72.90524327979807,49.145077685818315,14.842550579904618,12.54784405477301,17.137257105036223
Kochen,203,12.804547288575487,10.009073224484013,15.60002135266696,47.362140634005655,46.7565456215693,61.24278703257332,71.71142732141932,50.774146743727314,15.73966140850033,12.736247964477283,18.743074852523378
Kochen,205,12.844776459808546,9.952700281199933,15.736852638417158,48.80716662688264,47.154364585939454,56.43776409978099,69.47484189800076,43.40068630156122,15.85909137083715,12.184610638248273,19.533572103426028
Kochen,207,15.259347875966318,13.991037189270383,16.527658562662253,44.995669935010525,45.11676200348177,53.35195363240731,63.959924938373355,42.74398232644126,20.790332079469735,20.989652840186043,20.591011318753427
Kochen,209,13.072173926689585,10.140384072708738,16.003963780670432,56.67083986685162,53.10536076029905,61.78932956582934,77.29419099585778,46.28446813580091,15.169954287076866,11.33121393473922,19.00869463941451
Kochen,211,13.53588985529585,11.81615480686405,15.25562490372765,47.166447288489024,45.01972603909101,57.100365143070164,68.05581233529186,46.14491795084846,15.26106771689572,13.662309820065245,16.859825613726194
Kochen,213,14.24108273207407,12.597624899847,15.884540564301137,55.125111129560764,50.051114762247934,57.623320051051536,68.60903084918422,46.63760925291884,16.302466947629945,14.263995133870385,18.340938761389502
Kochen,215,13.574093611794996,12.04451960263003,15.10366762095996,54.212087343835336,52.07473946879839,60.3789740407951,74.20812564224855,46.549822439341646,15.284257886525412,13.383441810814414,17.18507396223641
Kochen,217,13.855841519104242,12.372679945215186,15.339003092993298,51.51445124309699,50.93515167855468,62.3866341225143,72.92380315983901,51.84946508518959,16.13635351479691,14.08738687079555,18.185320158798266
Kochen,219,13.287691572127924,11.14856715737571,15.426815986880138,52.95800312910151,55.69683631532913,61.09963874468937,72.24361111613376,49.95566637324498,15.442943605417373,12.371294391976969,18.514592818857775
Kochen,221,12.022655177751878,8.779728121713372,15.265582233790383,55.080612315210324,61.882938507038716,105.4498525334819,130.13571068777375,80.76399437919004,15.305588052583683,11.632849663017529,18.978326442149836
Kochen,223,12.253461037955812,9.137356127857604,15.369565948054019,62.52243459128261,65.1092611677563,107.04249008040269,137.3785957357335,76.70638442507186,14.957067517583287,11.2788769122186,18.635258122947974
Kochen,225,11.571995837886643,8.287395175732184,14.856596500041103,60.5022693896395,65.9368776292515,109.39161776801942,153.3761864515219,65.40704908451694,15.954488011060196,14.883591222584267,17.025384799536123
Lesen,153,9.718298243792072,8.986103920554326,10.450492567029817,52.898492539287936,47.93645487135134,70.36743266225338,89.93597619778568,50.798889126721065,12.163763007490793,13.003845313390087,11.3236807015915
Lesen,155,10.730216030966302,10.912770737900763,10.547661324031841,52.54602725772229,46.788932959543125,71.95148620436812,96.70548582987445,47.197486578861806,17.16593395311587,22.607730484981367,11.724137421250374
Lesen,157,10.287062429431504,10.005026792553773,10.569098066309234,64.66819003637852,54.38461055713188,74.62173981251159,102.54018876897456,46.703290856048625,13.485149962376074,14.815032567520868,12.15526735723128
Lesen,159,10.157770452673589,10.442131765281845,9.87340914006533,56.913638466071625,49.815578803607536,77.75424254087743,107.00476444624633,48.50372063550852,12.739171363586818,14.4969738874339,10.981368839739737
Lesen,161,10.736973341414513,11.334375334631162,10.139571348197865,57.841096979255184,53.22576262191315,70.53370682320809,97.14660562066213,43.92080802575406,15.713669583946647,21.07884410232195,10.348495065571345
Lesen,163,10.219654240338151,10.151577748101712,10.287730732574591,59.653099114480696,50.77380460713919,74.16279000866835,101.87496927033251,46.450610747004184,12.992276211166903,13.761167960064574,12.22338446226923
Lesen,165,10.465772075760306,10.100594415166176,10.830949736354434,57.877022158830556,49.691950087803505,72.19056377422058,94.50317020231806,49.87795734612311,13.650866002626383,14.842432104360874,12.459299900891894
Lesen,167,11.284458221991052,11.815325190681573,10.75359125330053,55.42693897357184,49.568793551949554,74.02843451073613,97.80359991367561,50.25326910779664,18.175053837972197,22.828118469691635,13.521989206252757
Lesen,169,9.972103587863309,8.540478274249516,11.403728901477104,55.110655465478246,49.82866608372587,80.24029314850287,94.42227134474567,66.05831495226009,12.568304134000254,11.609455833328182,13.527152434672324
Lesen,171,9.952994276453872,10.022430983598605,9.88355756930914,60.05503752758841,53.40030153527258,79.47089392299267,100.80414673511298,58.13764111087237,17.61375873232314,22.6916797066802,12.535837757966082
Lesen,173,9.463676311428152,8.676734338522863,10.250618284333443,66.78969259136545,54.257664177339564,74.21711355343102,95.8968391757186,52.537387931143435,12.113672852941104,12.438766232409732,11.788579473472474
Lesen,175,9.510191894550442,9.463282595462832,9.557101193638049,67.09404752067748,53.01956249754492,74.26696312074282,99.48003640999833,49.05388983148731,13.044234066088265,15.276074245509893,10.812393886666635
Lesen,177,9.775441903967373,9.677758664732977,9.87312514320177,59.77037808994254,52.937485101324754,70.72921666603764,92.19387556736376,49.26455776471153,14.10418564166187,17.568967235026186,10.639404048297553
Lesen,179,10.670957802607962,10.140062631619372,11.201852973596552,57.953236105927154,52.10802742625093,65.97133487947383,84.63322517282575,47.30944458612193,15.725931487056389,20.10058887732579,11.351274096786986
Lesen,181,10.309039782010345,9.945268848595148,10.672810715425543,56.79802876821885,49.73419338436869,73.13186103844357,94.6138533198453,51.649868757041844,12.797007082942603,12.601705090583522,12.992309075301685
Lesen,183,12.373955727744118,11.93623671206134,12.811674743426895,59.553855900942175,52.61627834973936,77.05599702428665,94.65401749297999,59.45797655559332,19.160727284684327,22.710737725560257,15.610716843808401
Lesen,185,10.46989262073208,9.891717256278254,11.048067985185908,62.91675385145172,55.110667835762634,79.4673075086292,93.01763307039927,65.91698194685915,15.47169777828676,16.749131848445685,14.194263708127833
Lesen,187,9.067122877631391,8.087437469871148,10.046808285391634,59.04210929264029,52.84062935581667,79.68850861567799,91.88804546783099,67.488971763525,15.284966633097927,11.156880773295784,19.41305249290007
Lesen,189,9.509256549935042,8.786583270311745,10.231929829558338,62.77204972397717,52.611114102518165,74.83420643803501,95.22348742158783,54.4449254544822,13.044770256609624,12.067890370545742,14.021650142673508
Lesen,191,9.965201249962824,10.213672666863705,9.716729833061944,63.39984498286436,53.710955376409515,74.24014383916096,97.01744493821094,51.46284274011097,16.037116427216542,20.072327845424052,12.001905009009032
Lesen,193,10.29568129967617,10.605618521394302,9.985744077958039,58.780379058470594,51.25379856378233,72.27320769991698,97.51011117922873,47.036304220605224,16.835333339797156,20.9465766787207,12.724090000873614
Lesen,195,9.545558449374006,8.554911101566406,10.536205797181607,63.44507200159476,52.66885738910132,67.12302931021986,91.64617132359226,42.59988729684748,12.841127494181535,12.443219030407878,13.239035957955194
Lesen,197,11.199910207164542,10.52595810547917,11.873862308849914,59.713369883015275,52.674171983144014,73.93249084780818,95.60156215098019,52.26341954463618,18.09411522757582,21.19106154317608,14.997168911975557
Lesen,199,11.436805191266902,9.979232665137971,12.894377717395832,60.34387001670581,52.302722036065816,72.5247406428224,99.91493158156953,45.13454970407525,17.62831996273286,16.125302424474885,19.131337500990835
Lesen,201,10.654503352328632,8.011451614246113,13.297555090411151,57.08213063388715,50.070874009283294,70.46933150960322,91.91947622604728,49.01918679315916,16.05318728096557,11.674623293759808,20.431751268171332
Lesen,203,12.018306089096033,11.093805338281351,12.942806839910714,56.7982877617758,51.17580428474149,73.33839596920299,97.27138843066832,49.40540350773765,23.168115303394735,25.680930235303233,20.655300371486234
Lesen,205,10.31050234824168,8.976868698818452,11.644135997664907,53.576390996486225,50.966087533596806,71.9311236157917,94.09295702070416,49.769290210879234,16.33530905216493,15.697831628303273,16.972786476026585
Lesen,207,9.53008502278809,7.14983094590402,11.910339099672157,55.15839438448076,53.96095028742257,77.05775247272064,103.05123719547063,51.064267749970625,17.057180809681906,15.08744425150209,19.026917367861724
Lesen,209,10.493905127528489,7.865558629284201,13.122251625772778,54.33005299171242,53.804549149138225,72.99194005590729,95.33735587506064,50.64652423675394,14.992125077971743,12.794195322196014,17.19005483374747
Lesen,211,11.056632571276753,8.436283490234727,13.676981652318778,56.68006604454074,52.82151569108442,82.26333302293452,98.72566987801572,65.8009961678533,16.89040435184034,16.487752007093476,17.2930566965872
Lesen,213,10.411322588927508,8.045187253121846,12.777457924733172,53.64985176885111,51.19867101543334,72.38844244399601,92.70189968501265,52.07498520297936,17.186716149975087,12.75571455755537,21.617717742394806
LiebBitte,142,11.924363221259837,,11.924363221259837,44.96183307625587,68.52689086147905,118.93946523000282,,118.93946523000282,19.73082337661469,,19.73082337661469
LiebBitte,144,12.574411751236614,,12.574411751236614,47.446425134435,71.86650599756095,106.33179012446124,,106.33179012446124,20.951985655458948,,20.951985655458948
LiebBitte,146,12.9117030272271,,12.9117030272271,47.185479992692635,71.97703588274746,101.12351678806463,,101.12351678806463,21.63433467901553,,21.63433467901553
LiebBitte,148,13.299636395427365,,13.299636395427365,49.78952552184717,75.52705902647502,109.33233855800823,,109.33233855800823,21.892293766194253,,21.892293766194253
LiebBitte,150,16.18196269820256,,16.18196269820256,51.08957512029428,74.75195278509445,102.78499093013974,,102.78499093013974,23.075059595010586,,23.075059595010586
LiebBitte,152,13.102457337500155,,13.102457337500155,48.035019624346646,69.0586671280292,81.00760501507231,,81.00760501507231,23.253113346668346,,23.253113346668346
LiebBitte,154,12.67884142713703,,12.67884142713703,50.75968841612135,73.63608652664112,82.31354160556769,,82.31354160556769,24.247287402968244,,24.247287402968244
LiebBitte,156,14.184480399784404,,14.184480399784404,50.71755764830099,69.40750616867243,74.40676908381003,,74.40676908381003,26.629859216729383,,26.629859216729383
LiebBitte,158,14.18302719615411,,14.18302719615411,49.99231486216282,70.61876200157587,65.98585958609866,,65.98585958609866,26.300959093669956,,26.300959093669956
LiebBitte,160,14.284979410135719,,14.284979410135719,51.58320516080306,70.35661974859484,63.93929269903949,,63.93929269903949,26.99692938969241,,26.99692938969241
LiebBitte,162,14.477594310382685,,14.477594310382685,46.13627179665367,62.74743791692021,74.4199806290702,,74.4199806290702,27.700455992678076,,27.700455992678076
LiebBitte,164,14.189483555491762,,14.189483555491762,51.12934160191249,72.24891368632312,73.34713858317757,,73.34713858317757,27.604490420115294,,27.604490420115294
LiebBitte,166,14.316319741572057,,14.316319741572057,49.24751693651783,66.73236051674169,66.38131552771151,,66.38131552771151,27.099890878380428,,27.099890878380428
LiebBitte,168,14.258627168382047,,14.258627168382047,53.73061796298513,70.66287206990684,85.34797973315194,,85.34797973315194,26.798753993747468,,26.798753993747468
Luegen,115,15.235078929602274,,15.235078929602274,47.448519185093915,58.82729725377964,54.78510560000413,,54.78510560000413,23.194220884524803,,23.194220884524803
Luegen,117,15.710590784324504,,15.710590784324504,50.83178909948429,66.05953758136513,57.3358355785639,,57.3358355785639,26.04571289772786,,26.04571289772786
Luegen,119,14.372490765993536,,14.372490765993536,50.92090209589894,73.66660400582751,62.95091531614157,,62.95091531614157,25.410066181096994,,25.410066181096994
Luegen,121,14.68001005978947,,14.68001005978947,57.144187876904,87.41603731268381,62.00565705583844,,62.00565705583844,26.032127396292566,,26.032127396292566
Luegen,123,12.479068138921262,,12.479068138921262,58.04143078208562,85.66149701170583,58.15840634920374,,58.15840634920374,20.596928062796866,,20.596928062796866
Luegen,125,12.520447003021399,,12.520447003021399,50.79373822438608,71.07967419396046,49.1219170924433,,49.1219170924433,21.197666089804123,,21.197666089804123
Luegen,127,11.311297403511155,,11.311297403511155,52.013435807720775,71.03636837778205,37.44649959351761,,37.44649959351761,18.415169253436346,,18.415169253436346
Luegen,129,10.953816762517942,,10.953816762517942,48.09313268432234,63.36113552088462,42.23148288801019,,42.23148288801019,17.45417627084572,,17.45417627084572
Luegen,131,12.467905501127282,,12.467905501127282,51.816944398915226,67.72018111267079,44.26773858524061,,44.26773858524061,21.17856724411463,,21.17856724411463
Luegen,133,13.228237219297213,,13.228237219297213,54.669872616563865,84.72109338717009,53.90999075486673,,53.90999075486673,24.370459578110466,,24.370459578110466
Luegen,135,14.291357127828215,,14.291357127828215,51.411446483844465,80.77442777840824,62.537242244202695,,62.537242244202695,25.60712237225197,,25.60712237225197
Luegen,137,14.816175564671859,,14.816175564671859,52.7338703152945,80.0179999619242,70.13851046631176,,70.13851046631176,27.580417293932125,,27.580417293932125
Luegen,139,15.309182471398815,,15.309182471398815,56.540922853224956,82.6726551955155,61.0889587089994,,61.0889587089994,27.0840559282743,,27.0840559282743
Luegen,141,14.398653720338737,,14.398653720338737,62.103021096480134,100.80304371340716,61.56336683481689,,61.56336683481689,24.435640981573254,,24.435640981573254
Luegen,143,12.334803828490456,,12.334803828490456,52.96421161233118,75.83381597498676,85.87300116889293,,85.87300116889293,21.71281665328012,,21.71281665328012
Luegen,145,11.253239273894053,,11.253239273894053,47.497540495403555,68.29850000696109,46.94156884288675,,46.94156884288675,16.392398920082616,,16.392398920082616
Luegen,147,10.971790656590052,,10.971790656590052,41.52845248217579,57.11821213503645,36.568782580210886,,36.568782580210886,14.555321123120567,,14.555321123120567
Muell,116,11.492968903800064,,11.492968903800064,58.044578258373036,80.67110501900996,77.05278205959179,,77.05278205959179,15.332864679589918,,15.332864679589918
Muell,118,11.36862081136359,,11.36862081136359,52.49979877727631,73.73178782426174,62.763208849578035,,62.763208849578035,13.901447507005999,,13.901447507005999
Muell,120,11.387691404532408,,11.387691404532408,50.80020958158589,64.12942388523233,55.97304935525213,,55.97304935525213,14.401218410730872,,14.401218410730872
Muell,122,11.629973303169837,,11.629973303169837,57.46447205268829,85.32390100505846,66.2793068150059,,66.2793068150059,12.5165291078636,,12.5165291078636
Muell,124,11.514497805043277,,11.514497805043277,52.46415077377349,78.32654478384947,61.45088954223219,,61.45088954223219,12.282057848174745,,12.282057848174745
Muell,126,11.979218654267344,,11.979218654267344,67.71427107048592,104.27491227719712,114.37685304691273,,114.37685304691273,14.228992188532452,,14.228992188532452
Muell,128,9.704925987162618,,9.704925987162618,61.497717818168404,80.38913764509861,107.93867742511851,,107.93867742511851,20.55474381157742,,20.55474381157742
Muell,130,14.749606495615625,,14.749606495615625,62.67500555460416,93.57195024396337,125.09562879288255,,125.09562879288255,18.725519070760654,,18.725519070760654
Muell,132,13.530150905397539,,13.530150905397539,58.73669488097286,86.18748764653371,94.15159434860233,,94.15159434860233,16.118692746481,,16.118692746481
Muell,134,13.030699503859083,,13.030699503859083,53.04802547423753,76.9318500954974,83.76398027123511,,83.76398027123511,22.27923546095003,,22.27923546095003
Muell,136,14.780115232769315,,14.780115232769315,46.531848866000075,73.03361596244932,81.74691077557002,,81.74691077557002,22.889991794250346,,22.889991794250346
Muell,138,17.582568681154275,,17.582568681154275,57.304813323428846,87.63495077272762,104.87626571338158,,104.87626571338158,24.242978567338568,,24.242978567338568
Muell,140,26.856791636214318,,26.856791636214318,49.85323286033856,77.71943268704588,107.91357031466008,,107.91357031466008,36.95502525744176,,36.95502525744176
Muell,142,27.2247613719049,,27.2247613719049,48.72292291879565,81.21534449534396,98.73506987257082,,98.73506987257082,38.302616338023014,,38.302616338023014
Muell,144,26.72667340518874,,26.72667340518874,45.57081163054087,71.5801492865768,96.13365015499646,,96.13365015499646,35.944245080410475,,35.944245080410475
Mutter,138,12.24186159663981,,12.24186159663981,52.520140590592995,67.69612051321128,54.93163266789584,,54.93163266789584,23.791915005761645,,23.791915005761645
Mutter,140,12.958802050452901,,12.958802050452901,50.98299945919187,64.86146720082928,61.878600841069584,,61.878600841069584,25.684141858163983,,25.684141858163983
Mutter,142,13.809010176322053,,13.809010176322053,53.078905313258495,71.02467162724611,52.892456748547765,,52.892456748547765,26.80512956239862,,26.80512956239862
Mutter,144,13.905012148398809,,13.905012148398809,57.46823861744043,73.23601838423315,51.43594103178132,,51.43594103178132,26.103119701642953,,26.103119701642953
Mutter,146,9.721562581950023,,9.721562581950023,53.45529918644912,69.08740930175027,41.94618862676653,,41.94618862676653,19.292461194792057,,19.292461194792057
Mutter,148,6.969354359582242,,6.969354359582242,50.784441019775414,65.58163415077117,42.75375049298498,,42.75375049298498,13.638006346601165,,13.638006346601165
Mutter,150,7.365901521249522,,7.365901521249522,45.90899778369773,63.966829706799416,52.40636438577363,,52.40636438577363,12.926280821341134,,12.926280821341134
Mutter,152,8.005960351257816,,8.005960351257816,51.50543112118878,71.32358221446546,46.59947606914033,,46.59947606914033,16.72170997479096,,16.72170997479096
Mutter,154,8.85565838880515,,8.85565838880515,52.76509219505834,81.05122856979312,46.234784577500804,,46.234784577500804,17.51195211920657,,17.51195211920657
Mutter,156,7.462769171225605,,7.462769171225605,51.4944669146473,69.10953484819014,44.3111142860628,,44.3111142860628,16.114210891854473,,16.114210891854473
Mutter,158,6.043743309483871,,6.043743309483871,48.98153420039922,65.79801150090437,50.437356547290406,,50.437356547290406,10.553433966524308,,10.553433966524308
Mutter,160,8.564614612962167,,8.564614612962167,50.828030130493424,72.6733247699956,55.13461368392211,,55.13461368392211,18.736826741116662,,18.736826741116662
Mutter,162,9.33404932154741,,9.33404932154741,50.69333179029178,71.06951896075957,50.61816636431942,,50.61816636431942,20.604622959812517,,20.604622959812517
Mutter,164,9.372517403202211,,9.372517403202211,45.647139785073094,64.49851190338177,72.36545180584409,,72.36545180584409,22.18398983212347,,22.18398983212347
Mutter,166,10.104483265417207,,10.104483265417207,49.26381421827378,74.47068671113954,69.03439534830703,,69.03439534830703,23.582043175074624,,23.582043175074624
Mutter,168,9.522645916443125,,9.522645916443125,53.64743863463317,74.3550429103027,69.99225054030276,,69.99225054030276,22.622424893359156,,22.622424893359156
Mutter,170,9.79814266626325,,9.79814266626325,55.29799772667745,75.45920475786019,65.66992497778845,,65.66992497778845,24.093030762643448,,24.093030762643448
Mutter,172,8.887509658560354,,8.887509658560354,58.19976737734701,71.96156400533687,63.93226117872182,,63.93226117872182,22.046480569775902,,22.046480569775902
Mutter,174,8.364996406943831,,8.364996406943831,53.84979272183535,73.9517781778533,82.77584491072106,,82.77584491072106,20.206649142566828,,20.206649142566828
Mutter,176,8.924345557614966,,8.924345557614966,54.2719187910578,75.67962298623553,73.29187965655174,,73.29187965655174,21.848663891223744,,21.848663891223744
Mutter,178,8.414213367992973,,8.414213367992973,53.58221077656858,76.19957752572707,72.5948696387627,,72.5948696387627,21.140278830695014,,21.140278830695014
Mutter,180,7.475200890741006,,7.475200890741006,50.817978024242954,72.8122866982094,80.01852059312797,,80.01852059312797,18.387202303609232,,18.387202303609232
Mutter,182,8.05168153159419,,8.05168153159419,54.26792126655213,69.45799163498218,67.06951752759213,,67.06951752759213,19.94538479536684,,19.94538479536684
Mutter,184,7.506484686942869,,7.506484686942869,55.46475215397545,71.55039195012583,62.407546572012045,,62.407546572012045,18.391949972259024,,18.391949972259024
Naehen,113,11.9336311039614,13.654651240695477,10.212610967227322,52.72895636345623,43.284781084081985,53.42392691084392,51.72390489867697,55.12394892301086,21.490425855491495,24.215788910553616,18.76506280042937
Naehen,115,12.53140185170028,14.802476990364761,10.260326713035798,56.00277460400044,46.77994300278427,61.84009522355757,58.74109486798506,64.93909557913008,22.90712266748708,26.384644979252727,19.429600355721437
Naehen,117,12.745737088505145,15.221508382873083,10.269965794137205,54.778955152881984,44.938890720249134,58.47928970528662,56.058905701029474,60.89967370954376,21.834125080724313,25.9469322608958,17.721317900552826
Naehen,119,12.725382503273782,14.197811334272027,11.252953672275538,59.658421954228686,49.22647238315935,64.81674990074012,64.32328384652365,65.31021595495658,23.44460514592378,25.39773862204749,21.491471669800074
Naehen,121,13.282053201524255,15.116633344642652,11.447473058405857,65.67550965310315,50.59346381565232,61.61265726505658,62.70625719580605,60.51905733430712,23.407412872862732,26.065201056095923,20.74962468962954
Naehen,123,13.180546860957493,14.611308461718135,11.749785260196852,64.28763568318296,47.721690990490856,60.93028824379884,59.783295860054594,62.0772806275431,23.08866852365464,25.206156481569103,20.97118056574018
Naehen,125,13.683865555628632,15.616442901565756,11.751288209691507,60.19212641279787,45.20573462427836,55.334303341944356,51.790983744068285,58.87762293982043,22.185856322330686,25.477427117639888,18.894285527021488
Naehen,127,13.497033556442624,14.628691411017824,12.365375701867421,55.99045874091573,44.720371493977645,53.581312339850264,48.11001532470893,59.052609354991596,20.523832857334874,24.545776247817916,16.50188946685183
Naehen,129,12.68439024044514,13.944355776180098,11.42442470471018,54.46426112866702,44.72315048892393,49.55525369861101,48.18008003998211,50.930427357239914,19.023283743029946,23.48513428586366,14.561433200196234
Naehen,131,12.1032376200436,13.755466337215548,10.451008902871651,52.500406631558576,41.50915570313143,44.484776788287235,44.78014267059641,44.18941090597806,19.46123603362519,24.57141628260008,14.351055784650299
Naehen,133,11.602638721369232,13.567210369483966,9.638067073254497,52.82156971538984,39.885009416198024,43.7686276807769,44.36090286742627,43.17635249412754,18.22183862698514,24.305726782766715,12.13795047120356
Naehen,135,11.758838161453658,13.847199866008534,9.670476456898783,51.53960304929725,39.67494621525946,44.16784451453887,41.460078980641384,46.87561004843635,18.062045878916013,24.409238631003046,11.71485312682898
Naehen,137,11.366196127302633,14.582385015042886,8.150007239562377,48.874772037469434,45.321502363277716,47.687201873432066,47.37907133421817,47.995332412645965,17.349242350604456,23.83144375647206,10.867040944736852
Naehen,139,11.627970782558766,14.783956949208374,8.47198461590916,52.45921030008003,40.11092321112324,43.51878674599239,39.96174233908839,47.075831152896384,20.636962942737956,25.33428726062756,15.939638624848353
Naehen,141,12.37588568746568,14.809893596531756,9.941877778399602,53.880755097533765,45.53519040214134,53.43500170698283,50.72838092066158,56.14162249330409,21.623316465346228,23.710161800964855,19.536471129727598
Naehen,143,13.4089853169084,16.467037868277085,10.350932765539712,56.44727810660143,41.66297537825038,48.01423640101239,44.3581137476712,51.67035905435358,23.146721094517957,26.424075031275187,19.869367157760728
Naehen,145,13.330851529258172,15.762762331548567,10.898940726967778,58.3221338885644,44.50769763281359,56.017344063335045,51.76333451649982,60.27135361017027,24.101886245319132,25.42282036155859,22.780952129079676
Naehen,147,13.238420964612303,15.786790998456798,10.690050930767809,56.72682561092164,44.17123353732002,53.91646268679062,49.156097013969074,58.67682835961216,23.996316560363695,25.06092926665709,22.9317038540703
Naehen,149,12.764116365178522,14.657674498726577,10.870558231630467,58.38015232567471,45.48642715817851,49.79521638425864,45.675900344981486,53.91453242353578,22.534210108865338,23.23274766879564,21.835672548935037
Naehen,151,12.345294708456546,15.113465835011727,9.577123581901363,59.33971843778223,45.53700940897923,53.952139244145826,47.577291136935834,60.32698735135581,20.48710794714666,24.544463392900592,16.429752501392734
Naehen,153,12.764887324401258,15.163546500692366,10.366228148110148,58.937425699686415,45.11269022648892,49.22714602021631,42.622413640946704,55.83187839948591,19.983988005208875,24.208401149548887,15.759574860868865
Naehen,155,11.901894751975417,14.682748660923304,9.121040843027531,56.65799242329288,44.10232410644754,49.76670643362506,42.00730618191762,57.5261066853325,19.22577921807899,23.039384712564495,15.412173723593488
Naehen,157,12.557478969454952,14.971933457537592,10.143024481372313,51.94948833230897,41.57943656840146,45.29709064845056,38.5550691337581,52.03911216314302,19.72178476660892,24.876650363758976,14.566919169458867
Naehen,159,13.307018419281835,16.214699766353533,10.39933707221014,53.73348208716873,39.105162174883915,44.75856472877574,39.936508825379086,49.58062063217239,20.136584250478382,25.92361801350754,14.349550487449225
Naehen,161,12.464886792824728,15.349472854472092,9.580300731177365,58.1692994757375,40.21378401249114,45.02182113239643,44.671476218679636,45.37216604611323,18.688872486237507,25.114780190285416,12.262964782189595
Naehen,163,12.341697427620828,14.754438070187014,9.928956785054641,44.29125595212157,42.40619579739778,47.66948999528428,44.35599480451122,50.98298518605735,18.11486354288711,24.76219977173758,11.46752731403664
Naehen,165,11.62258345889579,15.006948184574146,8.238218733217433,46.60760116555973,40.922132757648676,45.67027820213022,46.01051032243852,45.330046081821926,17.78346435174379,24.41494786591963,11.151980837567946
Naehen,167,11.968727556418665,14.645916742704697,9.291538370132633,48.33619127284564,39.94330256613786,47.25047041137875,46.626496193066934,47.874444629690565,21.05409042234123,23.5508382848574,18.55734255982506
Naehen,169,12.679562740826466,15.634503213245928,9.724622268407005,57.30479542622647,41.38073244406317,51.21399355577002,47.606758690188805,54.82122842135122,21.56863715597163,24.13034577813537,19.006928533807887
Naehen,171,13.418100046949114,15.622457409672515,11.21374268422571,55.97403645667486,45.098114584067915,57.39576458507824,50.40824899284747,64.38328017730902,23.558909805382598,24.65242809434379,22.465391516421406
Naehen,173,13.359523934710106,15.366365481663893,11.35268238775632,54.57102706138355,41.79720149469592,52.70359515730546,46.431369500147895,58.97582081446301,22.93321713000521,24.249724195831984,21.616710064178438
Naehen,175,13.46841276906568,16.01895435258309,10.91787118554827,50.08686594313487,40.48772816737402,49.39654678278224,44.23625588004236,54.55683768552211,23.547411685109598,24.707726956331,22.387096413888194
Naehen,177,13.419325661011463,15.856890258041506,10.981761063981418,53.173315798707904,41.57434908904409,53.44412169591078,48.14916253954526,58.73908085227631,23.73797749979893,24.785273396882882,22.69068160271498
Naehen,179,12.919553392721056,15.38258881289695,10.45651797254516,57.09918451933716,43.43592947122921,52.9956583467867,50.0813052526259,55.910011440947486,22.428339257822472,25.389570546389912,19.467107969255036
Naehen,181,14.122569798306591,17.332755766981716,10.912383829631466,57.894290183272304,41.62221442124894,55.14454067880301,51.56130856382537,58.72777279378065,22.229061754633843,25.251934454722026,19.20618905454566
Naehen,183,12.805892376519829,16.5711936891255,9.040591063914158,59.069920299561666,41.968044251689314,49.936148895116844,47.91571982666355,51.95657796357013,19.473538242430706,24.438472204034984,14.508604280826432
Naehen,185,12.610807359846543,16.616997104448654,8.604617615244432,54.28771310896525,41.97531007273108,53.58477442296796,52.48286450629207,54.686684339643854,19.731312371363618,24.480657509092488,14.98196723363475
Naehen,187,12.487393035150268,16.409640870401034,8.5651451998995,57.66816623074378,42.93760859205353,51.97035836042737,51.74518226808044,52.1955344527743,19.18075465377917,23.583510440548277,14.777998867010064
Naehen,189,12.663316917187501,16.82684873742194,8.49978509695306,59.709773971246726,42.273330903168834,51.38628893071569,49.09518304541545,53.67739481601593,18.633520409720752,23.7554071441864,13.511633675255103
Naehen,191,12.21816594122647,15.635797905148515,8.800533977304424,54.59333194233189,40.68799723369693,50.49690393319097,48.782641677791055,52.21116618859089,19.386352571677367,23.336755578923288,15.435949564431445
Naehen,193,12.172215209573482,15.246040893463853,9.09838952568311,58.73588189401767,44.83279268025564,53.999294927342476,54.74344661645766,53.255143238227284,20.028319414374835,23.3605204455822,16.696118383167473
Naehen,195,11.999117289689071,15.041483359388513,8.956751219989627,49.99647311771047,39.54890359986586,49.91503907686821,48.798082917359686,51.03199523637674,20.64225544485949,23.086242492580986,18.198268397137994
Naehen,197,12.245394429319163,15.231257434198447,9.259531424439876,59.238252049745775,45.03965179606866,56.01052342186021,53.38381824430451,58.63722859941591,21.306099529235265,22.945000312049714,19.667198746420816
Naehen,199,12.035711941586959,14.794732566734009,9.276691316439909,51.35890062278483,41.186875365626356,51.19798728111269,48.39253588918116,54.00343867304422,20.87402317191964,23.37582390121528,18.372222442623993
Nebel,118,10.416033456626824,11.25220351019946,9.579863403054187,35.805323771810976,38.55339058237545,45.85838412417755,35.147146587171505,56.5696216611836,18.543509456394677,17.179314394942377,19.907704517846977
Nebel,120,10.053525650382973,10.380795330333815,9.726255970432131,34.86826390766099,33.485750002975045,43.207023028942636,34.68125879078524,51.73278726710003,18.16801494830929,15.834292712586462,20.501737184032116
Nebel,122,11.330747371394734,12.0122505064905,10.64924423629897,41.99427644462575,35.75120463172494,51.75716822822561,56.378637798747,47.13569865770422,20.44812575395953,19.19191308467205,21.704338423247016
Nebel,124,12.338494320031426,14.132190430707587,10.544798209355267,47.743605800577875,36.064877378642805,51.842476221947436,55.42106284180487,48.26388960209001,21.70741208104895,25.260208231779092,18.15461593031881
Nebel,126,11.088906122238381,12.159393781765516,10.018418462711244,52.435820954358505,40.450057252065214,50.778169224114336,56.92053014245333,44.63580830577535,17.973455949968532,19.65582706868128,16.291084831255784
Nebel,128,9.474099167530008,8.491763123444258,10.456435211615759,53.735058461372724,44.36769177979441,50.367105595485974,52.94946003330396,47.78475115766799,14.486420352929471,12.73991703028262,16.232923675576323
Nebel,130,9.620575163913301,8.558192653293146,10.682957674533458,55.14191330302014,41.99569637396703,61.38481116469559,62.419306904153345,60.35031542523783,13.889526608456107,13.191233017327244,14.58782019958497
Nebel,132,9.696220449864004,8.531812059999993,10.860628839728017,55.06419083229211,41.775763376755165,58.60282118815909,58.89649307973106,58.30914929658712,14.98465585756712,14.424150334120311,15.54516138101393
Nebel,134,9.725713525823506,8.791670127038936,10.659756924608077,55.531395538064814,44.36760671389738,54.432900670550765,50.69496530024061,58.17083604086092,15.259101436897982,14.801257562572852,15.716945311223112
Nebel,136,10.023623099550017,9.2872757160059,10.759970483094135,54.58733713864572,40.998058256168065,54.05236375739416,49.70645374745523,58.39827376733309,15.774587601007603,14.420526823019333,17.128648378995873
Nebel,138,10.962676500099459,10.266864227998212,11.658488772200707,52.963596226554635,43.50469723266271,60.29242709751384,48.55912166334271,72.02573253168497,18.240398522462275,15.557363822985273,20.923433221939277
Nebel,140,10.527862603778926,9.590668104641146,11.465057102916706,45.36131144510932,42.085616745237274,45.86694240908007,38.6372380069139,53.096646811246245,17.944089209004023,15.535515530829356,20.35266288717869
Nebel,142,10.405543865672556,10.346155181554618,10.464932549790493,48.151811299686926,48.331024687524035,48.429867007198226,37.04774247366906,59.81199154072739,17.509934520187056,15.855105972683091,19.16476306769102
Nebel,144,10.47587976733531,10.979008532011163,9.972751002659457,40.71022092643416,43.78957905011672,46.07561757861658,39.58211142728402,52.56912372994914,17.2539499798152,16.662405288564905,17.845494671065495
Nebel,146,10.27528965586848,10.597074445931202,9.95350486580576,45.330352270994936,55.34210912508973,44.96634218246062,34.56655599711071,55.366128367810525,15.316490654945714,14.919014304223968,15.713967005667461
Nebel,148,9.787108712805278,10.292747125500044,9.281470300110511,38.434078599649666,43.34371450826586,39.57068655986308,36.55082002864769,42.59055309107847,14.453718879937647,15.233098258833575,13.67433950104172
Nebel,150,9.464524786879627,10.092973374166865,8.836076199592389,47.94319514892798,42.8857179747013,47.273524856146466,45.75392747522954,48.793122237063386,13.64891009156543,14.946818205245307,12.351001977885552
Nebel,152,10.213247912156259,11.104569543874192,9.321926280438324,44.130112775696325,39.999749209921234,47.26651209316932,48.81936527083374,45.713658915504894,15.670251281464036,18.333576498244707,13.006926064683366
Nebel,154,9.266494921445712,9.545900348837648,8.987089494053775,52.7249131790802,48.38039692953815,45.263300090149045,45.24389393076619,45.282706249531905,13.15832073135994,14.29585635324422,12.02078510947566
Nebel,156,9.196395576453185,8.800060051036645,9.592731101869724,54.154462698033136,46.822634109441466,48.66155608236751,47.867548708112665,49.45556345662235,13.234942987674918,13.341503878204072,13.128382097145764
Nebel,158,9.582240155464437,8.395161103251551,10.76931920767732,54.667930816842045,47.00933994081845,55.057557380442454,50.993984655937055,59.12113010494785,14.591298775220231,13.793350099824103,15.389247450616358
Nebel,160,9.2511629256189,8.42928712634571,10.073038724892088,59.38486401988439,49.580693366716346,57.85202090039539,52.571112642503856,63.13292915828693,13.838985350231052,14.362933489153633,13.31503721130847
Nebel,162,9.611613653777702,9.114653991781706,10.108573315773697,54.48012803522692,44.89356778945707,60.53532118377973,56.91705326397294,64.15358910358653,15.263452433490423,16.04654656602606,14.480358300954787
Nebel,164,9.82469065967638,9.407396412208023,10.241984907144737,52.09021833098875,43.28583101728469,59.56517333645762,55.642797027703175,63.48754964521207,15.046577001827574,15.655312598811186,14.437841404843962
Nebel,166,9.813631544537706,9.454097755357179,10.173165333718234,59.99515656287515,47.12384976132223,59.854996706637934,40.948899637137394,78.76109377613848,15.326385679543247,15.879696157040108,14.773075202046387
Nebel,168,9.986734940799245,9.276750429947574,10.696719451650916,61.15624511088263,45.870594395389816,52.268248241603345,39.27829647836912,65.25820000483758,15.475431133976826,15.295330876219145,15.655531391734506
Nebel,170,10.438256438044917,9.411941918270816,11.464570957819017,51.18694082224607,40.316587471631124,49.9197238974798,49.89552519986599,49.943922595093596,16.64111362139374,15.952036176355138,17.330191066432338
Nebel,172,9.819243091028895,9.509149501418221,10.129336680639568,53.9740253207619,46.893200084577124,52.56667007540723,57.02553424661126,48.10780590420321,14.289323455914904,14.351749042140584,14.226897869689225
Nebel,174,9.551028783347736,9.405013588485497,9.697043978209976,52.106366341637255,46.14383988601019,52.824368729846945,53.4061873601091,52.24255009958479,14.13908168250507,13.999779376999859,14.278383988010281
Nebel,176,9.676216450002947,9.774751665935236,9.577681234070658,47.85963394718739,43.43258418889817,53.81304446135233,59.30619525248713,48.319893670217525,13.986097337989992,15.031301809616732,12.940892866363251
Nebel,178,9.181992448164163,8.904801391029014,9.459183505299313,46.5541477274787,40.710587947820294,47.88049032046031,51.16853941498811,44.59244122593252,13.446794367778981,14.038802915569725,12.854785819988239
Nebel,180,9.34791362828637,8.784172250280012,9.911655006292728,47.7731272515404,42.67976316211609,61.85181583170786,69.5265114815796,54.177120181836116,13.428175619959443,13.486203342192217,13.370147897726667
Nebel,182,9.773702699291402,8.837466344556324,10.709939054026481,50.057425785061895,40.2713452794587,55.86659448048022,54.02289725813499,57.71029170282544,13.632052262982373,13.466984200252451,13.797120325712298
Nebel,184,9.46955431923261,8.462103956171836,10.477004682293384,45.92820970050833,39.31490141375129,58.143633833742825,58.719394132545204,57.567873534940446,13.671469661691003,13.9107043344798,13.432234988902204
Nebel,186,9.60131830998634,9.111900343710456,10.090736276262222,47.921396485782,44.320566702644285,63.059886046964436,60.86707643053645,65.25269566339243,15.096081737999427,15.984571318881386,14.207592157117467
Nebel,188,9.755946566660032,8.906904103197013,10.604989030123054,47.532708058406854,39.27064311007424,60.675819589169905,55.712870280216556,65.63876889812326,15.7617952642366,15.070658917413903,16.4529316110593
Nebel,190,10.26893698861717,8.769590423618762,11.768283553615579,51.379415351031476,42.62651544422642,52.89672134648585,46.6160302285518,59.17741246441989,17.319495725846988,15.645108089576327,18.993883362117646
Nebel,192,10.31156226857144,9.115484120225826,11.507640416917054,55.23002027641277,45.06101144446302,58.39493556237744,47.73483656407721,69.05503456067767,18.21530972907588,16.71656729381777,19.71405216433399
Nebel,194,10.088965145126712,8.923779381322742,11.254150908930683,45.729947552855805,45.18492583342554,65.81970855753457,56.04086538519818,75.59855172987095,18.629011586748618,16.548876865147022,20.70914630835021
Neu,108,9.980289577633037,11.562619415501574,8.3979597397645,56.830544349131635,49.7352584143152,83.69646465766675,73.10644212638084,94.28648718895268,17.119301121152198,24.111193224569302,10.12740901773509
Neu,110,8.351856143407167,8.787995099664565,7.9157171871497685,55.884204366506474,43.392692876067734,59.132824988158696,41.734083303850085,76.5315666724673,10.265245864301406,11.584424650147747,8.946067078455064
Neu,112,10.747748468830498,12.180198680247088,9.31529825741391,56.116610125993155,43.50842619481332,69.05416937587395,68.58775897674798,69.52057977499994,18.008387472580758,22.587271073221586,13.429503871939927
Neu,114,8.993989909765066,8.64099237431725,9.34698744521288,64.09811258456085,49.13808360939133,66.93095222486227,51.297188539611334,82.56471591011321,12.250651635391618,12.166248586041336,12.3350546847419
Neu,116,13.315343118468306,16.62441910557871,10.0062671313579,53.868411225616576,43.86407679707193,60.35722634238034,47.418410196845855,73.29604248791483,21.221122310122652,28.786026017189112,13.656218603056189
Neu,118,12.072355073302344,11.892704635216596,12.252005511388091,61.9168672324276,45.57096882625641,54.79430566046086,39.64335869730927,69.94525262361245,16.33295344228808,17.026235752410997,15.639671132165162
Neu,120,16.345475993692975,20.114943954868533,12.576008032517416,62.14972836930992,44.06662464444972,59.54367846086995,50.130510190606174,68.95684673113372,26.062647907498885,36.096847322390175,16.028448492607595
Neu,122,11.35082398588266,11.678764295883761,11.022883675881555,58.72133395903714,43.08947869390529,52.477867762341766,43.32485578033937,61.63087974434416,15.147955907836707,16.06653385698357,14.229377958689845
Neu,124,13.900191738917185,16.105551218287317,11.694832259547052,55.27520017831551,41.20650739769553,48.70649573460301,34.761607817263844,62.65138365194217,21.160649425285968,27.928919312691487,14.39237953788045
Neu,126,11.663220082400766,11.89184902234606,11.434591142455474,55.508638951457726,42.55278464486154,54.70553032454761,50.133528440296715,59.27753220879851,14.712932181364348,15.774958358904652,13.650906003824046
Neu,128,14.693677785562754,17.844332286730516,11.543023284394991,57.79614196435779,41.93716117432921,51.1932097219624,38.58473087081056,63.801688573114234,22.182210028653234,30.332538803325622,14.031881253980846
Neu,130,10.617662827969593,10.850873559926805,10.384452096012382,57.59032130409947,44.01749184305033,59.687956208220534,55.77146943932103,63.60444297712004,13.946099634747961,15.47767088193473,12.414528387561193
Neu,132,12.813052196136095,15.354931436891851,10.27117295538034,56.27614810963531,40.941079668662304,47.999700870175914,35.25875135885881,60.74065038149302,18.415148976896486,24.70076032066847,12.129537633124505
Operieren,199,10.65659940732392,12.018702533058521,9.294496281589321,56.155100999516286,44.38353961926582,62.78112396222289,53.771005501343616,71.79124242310218,17.273852786812878,22.486955095492117,12.060750478133638
Operieren,201,10.798670094592769,12.31179662774729,9.285543561438248,68.66634817159405,45.965131838168936,51.054159088341635,46.73429196684889,55.37402620983437,17.895195351309503,23.53323927476797,12.257151427851039
Operieren,203,10.726220675591568,11.81073554479293,9.641705806390206,57.93653889014582,42.27685267850742,54.934079490898455,45.85032078998737,64.01783819180955,17.969495342507347,22.148245263427608,13.790745421587086
Operieren,205,10.943340338258984,12.414933675292355,9.471747001225614,54.13966526737653,40.830407392035944,55.43622956791553,45.313245791147416,65.55921334468366,18.388071806503586,23.905977374296064,12.870166238711107
Operieren,207,10.768461374629956,11.954024685049362,9.58289806421055,60.345667345777244,41.79668502024706,48.07537937994677,43.95567932299511,52.195079436898425,16.914435369303426,22.426628180920453,11.402242557686396
Operieren,209,10.723820082055447,12.122364183426019,9.325275980684875,55.20740874363011,41.55094902475093,52.40679238097796,46.83397362997385,57.979611131982075,16.616009144436134,22.938299912627805,10.29371837624446
Operieren,211,10.661712624164686,11.792662848340287,9.530762399989086,54.42921588098135,40.449351229241756,53.28589428746895,51.445511802581876,55.12627677235602,15.963166457881691,21.950902040444248,9.975430875319136
Operieren,213,10.710614181206235,12.123944838846075,9.297283523566398,46.45563717993324,38.21830727927088,51.599200791243604,51.807598059964675,51.39080352252254,16.336182830122404,22.630651078446043,10.041714581798761
Operieren,215,10.580318302242164,12.450156031737759,8.710480572746569,48.99036620377851,36.88557505839042,47.71506279840732,47.091748343777496,48.33837725303713,16.925853231221073,23.625867270259295,10.225839192182852
Operieren,217,11.04641367216991,13.188865587299764,8.903961757040056,59.27151242874234,41.66050046042311,54.570836964438406,53.67543881850781,55.466235110369006,17.4929420987847,25.107446831751346,9.878437365818051
Operieren,219,10.763058035116597,12.709731331037853,8.81638473919534,55.26534965401837,40.70198368886999,53.540017167983294,49.431421412477434,57.64861292348915,17.181670599971483,24.032935689369133,10.33040551057383
Operieren,221,10.68743736508411,12.556018111464057,8.818856618704162,48.15731552157767,37.47969229603697,49.230209081970884,47.814141891955316,50.64627627198646,16.91947557815707,23.55697379236419,10.281977363949949
Operieren,223,10.779822180399698,12.366824706726524,9.192819654072872,48.27113834092766,36.55589557743016,47.027544413174525,45.36068612499115,48.694402701357895,16.52801353578288,22.828665105995608,10.22736196557015
Operieren,225,11.063429642183678,12.910980970876704,9.215878313490652,53.144709473306214,38.37872551309273,51.26561028436998,49.459714317643545,53.07150625109641,16.867528064368017,23.868793492322414,9.866262636413621
Operieren,227,10.971078936882815,12.475258184086705,9.466899689678923,53.921301205154656,37.88263250122045,48.734915405788726,45.410177281622325,52.059653529955135,16.148289378228455,22.485357015416177,9.811221741040734
Operieren,229,10.758017088088042,12.689399523323123,8.82663465285296,49.3048976287505,35.91865014844719,47.804565254906706,46.62052074314796,48.988609766665455,16.273322103006333,23.178436958862846,9.368207247149817
Operieren,231,10.848863081377413,12.925582580133531,8.772143582621297,46.544367194125066,35.87922956447527,49.37900250277667,48.7751513838733,49.98285362168005,16.517261919343355,23.7506812767842,9.283842561902507
Operieren,233,10.948582328278176,12.930849395225462,8.966315261330891,48.999942939045134,36.90300796884068,48.61509353915889,47.419143042539304,49.81104403577849,16.786965799468963,23.686271434049793,9.887660164888132
Operieren,235,11.19725464662729,12.963849215686297,9.430660077568284,48.681142172952576,37.167283250195325,48.46792896526221,47.99900051172683,48.936857418797594,16.802198160337827,23.96255847765466,9.641837843020996
Operieren,237,11.418504201434256,13.258406046285057,9.578602356583458,51.42970104465707,37.27950511462344,48.909245055273985,48.455785020257345,49.36270509029063,17.25177417571075,24.321810545376803,10.181737806044701
Operieren,239,11.19172774416733,13.401674275876763,8.9817812124579,51.407561245434934,38.462295942642186,50.15980824950198,49.09244471714029,51.22717178186366,16.8598148043869,24.61331398265045,9.106315626123353
Operieren,241,11.278670758380727,13.157793439934794,9.399548076826658,49.97472412643871,38.64026063998076,49.01822664244622,47.35952488940552,50.67692839548693,16.69737941499376,23.634852992284912,9.759905837702613
Operieren,243,11.297477211994583,13.288087140297279,9.306867283691885,50.45104722853486,39.281026681709065,48.51819009913617,45.86563799924473,51.17074219902761,16.7903711344422,23.884378751461913,9.696363517422485
Operieren,245,11.33990159590417,13.576017787991521,9.10378540381682,53.008909516723776,39.04350881743837,51.227458327214016,48.12531090741404,54.32960574701399,17.033195743470742,24.55629892299524,9.510092563946246
Operieren,247,11.126653513743989,13.060470946574483,9.192836080913496,51.01832043748608,36.99414680533371,50.385696610163706,47.734590979662805,53.03680224066461,16.546149045507136,23.70772322823864,9.38457486277563
Operieren,249,11.25628759639594,12.835402219905333,9.677172972886543,52.043594220193455,38.40477145153644,50.23057805807654,47.86387798530373,52.59727813084935,16.713152947863605,23.160428945990223,10.265876949736988
Operieren,251,11.263178059873026,13.13965478199132,9.386701337754731,54.05076898129556,38.494478562476786,51.102061687827316,49.248186757475096,52.95593661817953,16.733757072057635,23.716606325352597,9.75090781876267
Operieren,253,11.190971395096138,12.992693086311236,9.389249703881042,50.0002806050718,36.908118978508206,48.6778000554817,46.486031764091656,50.86956834687173,16.536413438045148,23.36944732609992,9.703379549990375
Operieren,255,11.172712421765969,12.882090196443466,9.463334647088471,47.97920395171744,37.49755003250894,49.040553806895744,47.59328364148278,50.48782397230871,16.42075725171736,23.268901114843324,9.5726133885914
Operieren,257,11.225583359097243,13.089859535803445,9.361307182391043,47.87774072587326,36.37262120320648,47.41468680294601,46.33998166089305,48.489391944998964,16.60089692535955,23.546060128916555,9.655733721802548
Operieren,259,11.334587941997516,13.368700104760764,9.300475779234269,44.9194598184798,35.510820626814635,48.65166247942669,46.71978811246409,50.583536846389286,16.79145875604044,24.24881681178669,9.334100700294194
Regen,112,8.556192499992864,6.848743043578222,10.263641956407506,37.42922655936616,38.06515943083177,85.16291772888997,85.87538477890726,84.45045067887266,16.30656700077047,10.406297976672295,22.20683602486865
Regen,114,8.505812649680216,6.838748234847002,10.17287706451343,38.35824869996543,37.19417006102527,84.85117292267303,88.01903591516998,81.68330993017608,15.922070166100251,10.049977249270786,21.794163082929717
Regen,116,9.328032974770302,10.192109321326182,8.46395662821442,38.3907762022753,34.889597990322486,63.94822778419406,62.60707046561918,65.28938510276893,14.35467754630043,15.999378290736486,12.709976801864373
Regen,118,10.215947748947752,9.319525341213714,11.11237015668179,39.341575581863026,34.90095994526856,58.790902623225314,67.91577865908268,49.66602658736795,14.312880683616529,12.432669573098224,16.193091794134833
Regen,120,10.64528320529286,8.644452051562528,12.646114359023192,41.1171913965942,37.78144020159236,61.63202573367419,69.75202325447748,53.5120282128709,15.408800060888519,10.238871003097813,20.578729118679224
Regen,122,8.507994952224617,7.8814948682980175,9.134495036151216,52.76127012331293,42.21221805939721,57.829080594620365,59.16751989533514,56.49064129390559,12.688490578273,9.771309893416733,15.605671263129267
Regen,124,9.89171197296706,7.146920109338371,12.63650383659575,59.278988157107314,43.52625860773542,48.485552637852436,53.07525044601165,43.89585482969322,16.8966731962497,10.848831811693453,22.94451458080595
Regen,126,9.909175465538079,7.7406258747229915,12.077725056353167,53.426953251262795,46.31632743865586,62.609387342711145,60.58508268403852,64.63369200138376,21.0931200219229,18.725762050887703,23.460477992958094
Regen,128,10.470160478454565,7.685943970540199,13.25437698636893,59.95598266116674,48.69735658106815,61.4382737372315,60.60639033304459,62.27015714141841,23.67312183543124,20.895754605766136,26.450489065096345
Regen,130,11.978066752944425,6.951556888649803,17.004576617239046,76.49148630347221,62.42655319971185,114.95951023954657,76.1345089850731,153.78451149402005,28.688476257330493,19.915079127366976,37.461873387294006
Regen,132,9.705576958851605,8.05163727919417,11.35951663850904,58.067530784726046,48.50134759069308,74.2747686298805,68.17535518949923,80.37418207026177,20.77136616756443,20.571864384011164,20.970867951117693
Regen,134,9.06175971867899,6.636824096127291,11.486695341230691,46.84303891809931,45.89204340497578,71.61170565422381,66.81480261561406,76.40860869283357,16.923942042135753,12.958873992301097,20.88901009197041
Regen,136,8.208914740579893,6.578127982069684,9.839701499090102,37.37523632915301,38.806883404662024,85.99165349789789,91.7209142042848,80.26239279151096,13.888132534939313,10.327611542405496,17.44865352747313
Regen,138,8.572858743892214,7.787115506205045,9.358601981579383,37.9922264154401,36.026131443448385,73.28624018706297,72.82017097816009,73.75230939596585,12.245386194835552,10.458221860697224,14.03255052897388
Regen,140,9.878859117870299,9.863872662192986,9.893845573547612,37.962140890669005,35.94718835826848,65.67095463987388,69.75562900414324,61.58628027560454,14.477859815875345,13.486564403202024,15.469155228548667
Regen,142,10.056377447741035,8.979611969458993,11.133142926023078,39.183790941469425,36.603783717641875,68.49122601344695,83.07509633642464,53.90735569046927,13.970701634439187,10.483060617828103,17.458342651050273
Regen,144,9.885609986513808,8.803043579609906,10.96817639341771,38.71632206235645,34.53085637971686,45.056824374339755,46.212413905550825,43.90123484312868,15.001119109342532,10.462957756327194,19.53928046235787
Regen,146,9.033143172290306,7.593480660535494,10.472805684045118,45.28124352920976,39.67531682270873,58.13420338969101,61.46362879062186,54.80477798876015,13.584623318232552,8.421955449892396,18.747291186572706
Regen,148,8.75965501811061,6.804417817279361,10.714892218941861,52.112870482441984,41.73608003801258,33.804330553034475,25.69613390586716,41.912527200201794,14.729136719653578,10.38016100920017,19.078112430106984
Regen,150,9.669186831264021,7.166098634369947,12.172275028158097,50.989399891927015,40.11124114965089,39.975230891479,33.298520071802656,46.65194171115535,18.074987777547616,14.430368994443072,21.71960656065216
Regen,152,10.582578810919586,11.651170190491428,9.513987431347743,57.2107766328048,40.45441481245938,48.80930423131696,50.6308316185291,46.98777684410481,20.17710746934833,24.250325633092185,16.10388930560447
Regen,154,10.393755324972226,11.82473914355632,8.962771506388133,48.64138013219104,38.63210798167657,45.4343153583297,43.867398280018755,47.001232436640635,21.26644011445994,28.743290730763917,13.789589498155959
Regen,156,10.983568904701926,12.269354403952624,9.697783405451226,49.5534499644172,40.73852149752736,56.05725254992895,56.691480641111525,55.42302445874636,24.39407744345752,33.15546858375029,15.632686303164743
Regen,158,12.197325663710176,11.08203758333208,13.312613744088273,56.62183089624168,47.73034611662512,61.370747147248515,64.56123612090225,58.18025817359478,28.412315624332223,29.77471957292039,27.049911675744056
Regen,160,10.52921430850542,7.549849872341923,13.508578744668919,53.580225697301536,46.893176071782875,74.33489555869252,69.75702531118374,78.91276580620132,22.72339354606672,18.880980062760766,26.565807029372674
Regen,162,8.832618029781685,7.495424980652172,10.169811078911199,51.79349277667888,48.61633662576941,64.88269562124837,61.10841790620961,68.65697333628714,17.773467143882357,17.45337335413015,18.093560933634564
Regen,164,8.859785936245611,6.981111144784672,10.738460727706551,47.48558349746063,47.381975902885266,60.89950940318528,54.9443774360433,66.85464137032726,15.393375347659445,12.323674075595989,18.4630766197229
Regen,166,8.292838768486572,7.623319341387559,8.962358195585583,38.91316842917222,41.0666377412731,63.78133436927163,59.61194524469782,67.95072349384544,12.06369408311933,10.484727955201642,13.64266021103702
Regen,168,8.317569099418154,7.453496414828345,9.181641784007962,37.36356450364597,38.82150722500767,62.22477319703304,56.90370094990517,67.5458454441609,12.208005836639252,9.657004689264571,14.759006984013935
Regen,170,8.68083219412586,8.402141189726471,8.95952319852525,49.79892884084969,38.0809592235479,58.84657049603065,55.75691410476345,61.93622688729784,13.447588262710617,11.494909526744967,15.400266998676267
Regen,172,8.84265202888217,8.136100099526649,9.549203958237694,48.54792757535411,39.96328461908671,51.27611235706841,40.76196279162128,61.790261922515555,14.810919835130807,11.764210807357792,17.857628862903823
Regen,174,8.597661871331619,7.253268307530619,9.942055435132618,46.75442444573518,41.100985093656135,34.9624722973962,25.663186758056657,44.26175783673574,13.791683236016937,9.508167987061942,18.07519848497193
Regen,176,8.312813230381686,6.478829071071356,10.146797389692015,45.77540232510872,36.89958212538216,36.81262091548804,30.107929793667534,43.51731203730855,14.174069387688192,10.548497147034476,17.79964162834191
Regen,178,7.892500584683726,7.492061432922204,8.292939736445248,42.37686531439949,36.414077844640595,44.610304486466475,38.2279968014175,50.99261217151546,15.125451083623512,15.779517092663735,14.471385074583289
Regen,180,9.822321075213283,10.115556771533047,9.52908537889352,52.537056930127534,43.85452005336312,47.624556397012604,49.58335435587261,45.6657584381526,19.702495572152433,22.43488270770162,16.970108436603244
Regen,182,10.291119035298227,9.795201907501324,10.787036163095129,45.29526797815752,42.44932563918575,56.2735139320491,51.5489775369481,60.99805032715009,25.457115285877393,29.3925501214873,21.521680450267485
Regen,184,11.40616424790589,11.108439673468506,11.703888822343274,44.66547540076143,48.45629921691196,63.70687094429599,44.16715875750023,83.24658313109175,28.732840587180547,33.758865641503476,23.706815532857615
Regen,186,11.072770251656802,11.049576012293452,11.095964491020151,52.06303578427744,59.24669633849081,98.12206380790767,105.58043566277954,90.66369195303581,25.739303579723007,27.799044581184205,23.67956257826181
Regen,188,19.183101124407706,19.970691466727164,18.39551078208825,50.709134229872696,60.94026263408062,113.71640214089663,125.68257202057856,101.75023226121472,37.56718501534621,42.757111512932454,32.37725851775997
SauerWuetend,147,14.58545532919019,,14.58545532919019,52.99482736820151,71.72149426282607,45.94581561827119,,45.94581561827119,20.998903584949925,,20.998903584949925
SauerWuetend,149,16.110550756748086,,16.110550756748086,52.597447694926245,75.4664554825044,56.65561865907771,,56.65561865907771,26.9919938670218,,26.9919938670218
SauerWuetend,151,15.613395757491366,,15.613395757491366,52.28052506543209,75.10633472172616,61.13261322521861,,61.13261322521861,27.902517802653094,,27.902517802653094
SauerWuetend,153,11.639438733041821,,11.639438733041821,53.542328729123476,77.88076478234984,39.87824168675489,,39.87824168675489,18.350760191667174,,18.350760191667174
SauerWuetend,155,10.053343669869914,,10.053343669869914,53.257919332713556,78.12748310189099,39.61415867846632,,39.61415867846632,12.844739733882918,,12.844739733882918
SauerWuetend,157,9.624483455844185,,9.624483455844185,49.62111235680515,80.92564304214721,31.80821705263573,,31.80821705263573,14.478121488707155,,14.478121488707155
SauerWuetend,159,6.055084717110913,,6.055084717110913,54.33035085131389,80.78947609154662,29.48766788118872,,29.48766788118872,9.010812314295725,,9.010812314295725
SauerWuetend,161,7.6028143227069656,,7.6028143227069656,55.50387856104989,81.924393517437,41.61668127283286,,41.61668127283286,12.693553069046855,,12.693553069046855
SauerWuetend,163,8.179705235958417,,8.179705235958417,53.806186169262446,85.36014800079931,42.164268613661264,,42.164268613661264,14.459229206964913,,14.459229206964913
SauerWuetend,165,8.130360686157495,,8.130360686157495,56.66626721429949,94.13594466127924,49.89721876126204,,49.89721876126204,12.372753066491818,,12.372753066491818
SauerWuetend,167,7.78745885311495,,7.78745885311495,55.438924648538716,92.33443627329476,45.927547515099015,,45.927547515099015,10.219020159613759,,10.219020159613759
SauerWuetend,169,9.215958094018594,,9.215958094018594,46.04284598821822,79.74910720478596,33.57278842268311,,33.57278842268311,13.383401056908419,,13.383401056908419
SauerWuetend,171,8.205748722155027,,8.205748722155027,54.13336739025995,84.55376728626635,30.096154651781767,,30.096154651781767,10.891276030883667,,10.891276030883667
SauerWuetend,173,8.612165421096693,,8.612165421096693,60.51782650055623,95.62432390818881,32.97269088340726,,32.97269088340726,11.293735123066392,,11.293735123066392
SauerWuetend,175,11.283447847219485,,11.283447847219485,51.314389808510356,82.60065501039753,54.43653354049668,,54.43653354049668,13.767262051172972,,13.767262051172972
SauerWuetend,177,9.13819561547692,,9.13819561547692,61.19731895325857,92.77295191958875,31.862055056514606,,31.862055056514606,11.351333517179581,,11.351333517179581
SauerWuetend,179,9.844886435270123,,9.844886435270123,57.55270920662688,90.33943564787063,30.556977890346086,,30.556977890346086,11.859563104840984,,11.859563104840984
SauerWuetend,181,10.90902458489914,,10.90902458489914,49.87067045243794,74.89802185085202,40.748481807273905,,40.748481807273905,12.485127850750704,,12.485127850750704
SauerWuetend,183,10.056272502535533,,10.056272502535533,58.31246764975613,93.37896137571958,31.077492988170267,,31.077492988170267,12.16887625711195,,12.16887625711195
SauerWuetend,185,10.60124011075819,,10.60124011075819,60.1953295818108,94.06545364337146,31.75650544430156,,31.75650544430156,14.632740966514328,,14.632740966514328
SauerWuetend,187,10.918577955134989,,10.918577955134989,48.81600972897711,82.53282548768517,56.63286804157099,,56.63286804157099,17.985859779412902,,17.985859779412902
SauerWuetend,189,11.064055536119245,,11.064055536119245,55.217407392057765,92.57134046548335,43.83293947862759,,43.83293947862759,16.304554398591005,,16.304554398591005
Schnee,159,9.912003736356557,9.132340668174516,10.691666804538597,39.2935932377736,41.78796777952987,72.89041904900952,72.16127605533616,73.6195620426829,18.716884080257774,16.605713544279354,20.828054616236194
Schnee,161,10.138471283332118,7.235389236578631,13.041553330085604,40.39723720139851,42.416710170738384,79.75292805139293,88.53935262407913,70.96650347870671,19.051181968310058,11.236657521997381,26.865706414622732
Schnee,163,10.82070074494796,9.799191548511356,11.842209941384564,39.013325753691326,39.35573663816299,62.1589048299368,68.30991165222359,56.007898007650006,19.319618387903624,16.883779770076828,21.755457005730424
Schnee,165,10.535943358509831,9.735561216325262,11.3363255006944,38.6785989424045,35.078837630446564,59.43274883493997,69.22783167565733,49.63766599422261,17.862017261330656,16.397861079776966,19.32617344288435
Schnee,167,11.105715770228674,11.758483760632705,10.45294777982464,38.23629266755932,33.88012410173602,44.75616272496086,47.82219633343176,41.69012911648995,19.003519263937456,21.83857588696159,16.168462640913326
Schnee,169,10.311098072370637,10.31867896499763,10.303517179743642,37.012979162442974,32.597371942321054,41.53034102786093,43.62840063521416,39.4322814205077,17.58406145249321,18.76720201593155,16.40092088905487
Schnee,171,8.360087947962395,7.812678864765833,8.907497031158956,37.286917469841676,33.77632779194444,47.332564390713614,52.96225595289436,41.702872828532875,13.444279749215777,12.358373922429857,14.5301855760017
Schnee,173,7.347248687376559,6.491166438683479,8.203330936069639,38.838995181041874,38.22658910384361,41.19795683121954,39.41101448679254,42.98489917564655,11.354198060583304,9.552244179923466,13.156151941243143
Schnee,175,7.395994620951276,6.261553125232652,8.5304361166699,34.51764906882094,33.260810143667676,42.577969196941865,44.01337427920052,41.14256411468322,10.863205890997214,9.526130209718426,12.200281572276003
Schnee,177,7.526897175611364,6.407802702726097,8.64599164849663,46.334799352962946,36.493231250155006,47.71839899816149,43.14797123162755,52.28882676469542,10.819826994410661,9.969658040278789,11.669995948542535
Schnee,179,7.391706651433295,6.6019886592077235,8.181424643658866,42.690326089081815,38.57217758680081,53.52375430046389,51.57245026580903,55.47505833511876,12.573724342245121,14.113236560446438,11.034212124043805
Schnee,181,7.806070413222931,7.120920583313559,8.491220243132302,40.15416392272201,35.214082647875266,51.41249868475241,50.057182379292044,52.76781499021277,13.858382957213044,16.658505397760724,11.058260516665364
Schnee,183,7.571990483825638,7.268889406320127,7.875091561331149,40.41906069429957,36.33960834163543,48.49881927386106,50.991123782714816,46.006514765007296,13.515996631112515,16.58215152839764,10.44984173382739
Schnee,185,7.40309502889178,7.138320363821748,7.667869693961812,39.01178973967551,37.42387562362672,51.68428662016486,58.42861099492738,44.93996224540234,12.57736706839423,15.048315362964734,10.106418773823725
Schnee,187,7.516964618474939,6.92329253954268,8.110636697407198,39.525022268842186,35.9199686611125,47.93428827703194,52.190066165238036,43.67851038882584,12.11054846682783,11.71301148947623,12.508085444179427
Schnee,189,7.76029127567061,7.278464576271552,8.242117975069668,37.86428072973953,33.742829354898554,46.75617753829958,51.12375934619381,42.388595730405356,11.407665247067325,11.128663337359535,11.686667156775114
Schnee,191,8.478437178539886,7.115972529584837,9.840901827494937,40.48444747098392,33.858202519045534,50.607972943842135,58.38788051395742,42.82806537372685,13.818346096471974,10.309285020742433,17.327407172201514
Schnee,193,8.996906946346574,7.238593673818693,10.755220218874456,39.66724814880732,34.4848845575891,50.16378824083872,62.55699265075008,37.77058383092736,15.030443749428677,10.557230941358885,19.50365655749847
Schnee,195,9.783929804074747,8.378399277646617,11.189460330502877,43.13114782089632,35.88176303483531,50.2690828525331,51.457398701372554,49.08076700369365,17.351237025008253,12.398588676938697,22.303885373077804
Schnee,197,9.106175765490532,7.355786270193889,10.856565260787175,43.06207072867068,38.373332316508,37.12599414370661,34.87603553758906,39.375952749824165,15.622843511883191,11.096485499669352,20.14920152409703
Schnee,199,8.434792486258734,6.675564709133382,10.194020263384088,42.595887634962416,37.394058288219995,44.8304375697427,48.98949504590459,40.671380093580815,14.806391298299138,11.282397935750748,18.33038466084753
Schnee,201,7.542344676314983,6.261799866298108,8.822889486331858,38.95897347483895,34.47453316494003,47.55128854993315,43.314069860975984,51.78850723889032,12.932621409336239,10.898269019122795,14.966973799549683
Schnee,203,7.810754278916791,6.347074497676421,9.274434060157162,42.02923759396812,36.66583634839207,48.39457838118143,45.06053670208877,51.7286200602741,13.037193756007223,10.983224872111142,15.091162639903303
Schnee,205,7.394922229760292,6.142317025483625,8.647527434036958,49.051323582475185,42.00773600889332,58.927784861293475,49.23343000304453,68.62213971954242,13.374670529566334,12.366694650870437,14.382646408262229
Schnee,207,7.803831772734952,6.538380892942735,9.06928265252717,51.648221518931194,43.87646484760958,61.53765968615341,53.30842298579272,69.7668963865141,13.667767343297378,12.720739008527069,14.614795678067685
Schnee,209,7.405687531038318,6.256576061525038,8.554799000551597,51.1765696938832,41.49975214462465,61.719888375515,53.98722102059547,69.45255573043453,13.717996229027147,13.331169168231801,14.104823289822493
Schnee,211,8.327312678823848,7.930931041533944,8.723694316113752,51.478879249645125,42.2875110262028,61.79789143347203,52.25788254008187,71.33790032686218,16.697706888759058,18.70158476564069,14.693829011877428
Schnee,213,8.348318390353883,7.568328562374471,9.128308218333295,49.59761633840425,40.68735829283933,46.98154960452135,37.158890393220005,56.8042088158227,17.356575293847,18.615693075484042,16.09745751220996
Schnee,215,8.321623096365123,7.80731086621978,8.835935326510468,45.1536404525577,39.47156509718265,55.88794001806041,49.88440371239387,61.891476323726955,16.414406928490312,17.824743911144083,15.00406994583654
Schnee,217,7.865836778532705,7.898985481168051,7.832688075897359,54.38660399939651,49.64282838972061,80.00507788042856,66.79105366126649,93.21910209959061,14.894102010532105,17.631687800868214,12.156516220195995
Schnee,219,7.779302562257491,7.635379925591787,7.923225198923195,57.98035397417583,52.99733365407253,84.39114080128468,65.02524979894172,103.75703180362764,14.525953712770448,16.665119988005955,12.386787437534943
Schnee,221,7.827953315659981,7.661978886633564,7.993927744686397,51.48710434941594,47.849548625084545,81.01895930137265,63.037231165667976,99.00068743707732,13.676656764598595,15.388322347552936,11.964991181644255
Schnee,223,8.375799302528405,7.807942568653525,8.943656036403285,43.92833525111413,44.78136147391423,65.14835578161816,46.523092231499106,83.77361933173721,14.732841990034913,15.357702243758597,14.107981736311228
Schnee,225,8.240120696657373,7.640463017826767,8.83977837548798,48.4694667919086,48.76111447842023,67.43319951171698,44.86692371711607,89.99947530631789,14.780632883771847,15.53248826474929,14.028777502794405
Schnee,227,8.532460040465244,7.729976991417736,9.334943089512752,48.486354739295145,45.415789174858496,68.84024667505619,50.704524039143294,86.9759693109691,15.580432353738225,15.052780675315999,16.108084032160452
Schnee,229,8.857359389811583,8.133054657004697,9.581664122618468,56.36548365608558,55.65971005876265,82.1468322910125,60.17230670037878,104.12135788164622,16.815916534729016,16.569621425714104,17.06221164374393
Schnee,231,8.84102563022288,8.17084416627406,9.511207094171702,45.42861213315795,46.98258868535088,86.24510592298165,68.97507519624348,103.5151366497198,17.188677626471595,16.82104522813093,17.556310024812255
Schnee,233,8.108655474885037,7.34193019583973,8.875380753930344,52.478899439967215,51.72348899842888,94.3012538776872,79.450244552434,109.15226320294039,16.639789425860076,16.62114852075443,16.65843033096572
Schnee,235,9.53964599436219,9.37994068372996,9.699351304994417,48.98900946691749,49.54233789989158,90.20148113135542,74.71210230119473,105.69085996151613,23.387752145429108,25.70454651252104,21.070957778337174
Schnee,237,10.46015095780313,10.935935410077647,9.984366505528614,42.48100586162886,49.06893362678814,86.17647090492667,79.0987663286359,93.25417548121743,27.01328824464195,31.044885273867152,22.981691215416742
Schnee,239,13.708553814825034,13.867441360873599,13.54966626877647,41.83771325569601,51.60477897084176,93.3760227495539,115.31570707082709,71.4363384282807,33.672341666504934,37.69546272854525,29.649220604464613
Schnee,241,22.681607962451274,16.121741428366665,29.241474496535883,46.478049912797985,58.1016768842793,114.62074299938213,131.19827813996835,98.04320785879591,45.44848695518931,37.81519348522848,53.08178042515014
Schnee,243,30.496215580411175,14.143282120911639,46.849149039910714,41.60589144628595,57.58617524489357,116.71522948653667,115.39487129224348,118.03558768082986,53.390373343585935,34.030917157656326,72.74982952951555
Schreiben,121,8.423116059661261,8.835216493124383,8.01101562619814,54.323525877229024,49.89049135623869,56.74403074991688,62.79455328048923,50.69350821934453,13.14762591871728,13.431875556374285,12.863376281060274
Schreiben,123,8.548224127692224,9.190561223028856,7.905887032355593,61.52007396807869,55.38446477315311,55.90239607976644,53.57209835018774,58.23269380934514,14.959661719991729,17.184030224100596,12.735293215882864
Schreiben,125,8.508749945139703,9.032609763637751,7.984890126641655,53.95682735277984,49.16919224604071,55.784971088856615,51.04135613332869,60.52858604438454,15.311925049442948,16.772302386162416,13.85154771272348
Schreiben,127,8.761806382182122,9.069439689494347,8.4541730748699,60.5464214101414,56.229823286247495,55.24508350033061,44.45914394657389,66.03102305408733,15.341971923045,16.870715293435186,13.813228552654813
Schreiben,129,8.87429548362461,9.597061073499608,8.151529893749613,68.35294159110015,64.26072447608814,67.67547697505137,59.290717863431034,76.0602360866717,17.266506598204778,20.857290004986066,13.67572319142349
Schreiben,131,8.828194382784249,9.023492221292585,8.632896544275912,68.26503696360285,62.009266097542834,62.52602700735768,57.23499385982211,67.81706015489326,17.36301579059564,20.618031357857856,14.108000223333427
Schreiben,133,10.691272347797643,12.99217826864285,8.390366426952438,68.49587604045038,60.64642701241638,61.88836866616836,53.88905033546015,69.88768699687657,17.579761977034643,21.099750802598507,14.059773151470779
Schreiben,135,8.733572091900353,8.998648214894178,8.468495968906526,72.0345269546646,63.31795369124388,59.30109935421808,52.258710027926845,66.34348868050932,16.861254635668757,19.80154560436425,13.920963666973268
Schreiben,137,9.054930465267741,9.525999978029606,8.583860952505876,74.4396836019065,63.77830361811086,60.87345025676166,51.691683654621364,70.05521685890194,17.120652150253996,20.77640897195153,13.464895328556464
Schreiben,139,9.795305417900849,10.990054667175261,8.600556168626438,61.73479545348636,48.205044280427074,47.34766796125595,40.221031579240716,54.47430434327119,15.712622989081382,18.834062202593152,12.59118377556961
Schreiben,141,8.696502396872889,9.169975482463231,8.223029311282547,69.99472348604799,58.47187331697758,57.995138277734696,45.340610095488124,70.64966645998126,17.554034658636553,22.15812138402494,12.949947933248167
Schreiben,143,8.570483836430023,9.227051788610073,7.913915884249974,61.260541087132786,50.70184817018819,55.22704460343073,44.4727821109288,65.98130709593266,15.876046297695178,19.835778359860573,11.916314235529782
Schreiben,145,8.503399549768414,9.177370184361104,7.829428915175725,63.67457330823426,53.15440206660692,55.90715917360349,44.88824188129235,66.92607646591462,15.479693762510841,18.844278532558878,12.115108992462805
Schreiben,147,8.41146237196714,8.785863825679321,8.037060918254957,61.97684863487878,50.88654776199632,53.160104415217326,49.71740544478179,56.60280338565286,16.28083667506831,19.23285062243077,13.328822727705854
Schreiben,149,8.386143433070384,8.770457126180059,8.001829739960709,63.34062905113807,51.69931282149312,50.4259113811326,45.75044466726861,55.10137809499659,16.00201016947253,18.07098897813802,13.933031360807044
Schreiben,151,9.110248234537423,9.885252341636628,8.335244127438216,68.39474960899105,51.46469103325453,52.51298073330098,43.49111683300495,61.534844633597004,16.585176308032974,19.35401666132835,13.816335954737594
Schreiben,153,8.752970424025754,9.327870582437383,8.178070265614124,68.87703395462657,55.11974543106084,56.369890538917296,51.75618152233111,60.98359955550348,16.98964009776109,20.21802984366909,13.761250351853091
Schreiben,155,10.382956387690296,12.333464539488954,8.432448235891638,67.8406210938866,52.69191886944169,52.687330316291224,39.428453689763,65.94620694281944,17.47953409368,20.306667325630812,14.652400861729188
Schreiben,157,9.061019979930375,9.52667232600739,8.59536763385336,69.83423278648021,54.156766728848226,61.747006525497355,50.999017932527316,72.4949951184674,18.791992922650618,22.046559396778022,15.537426448523211
Schreiben,159,9.244712472119513,10.113619469324643,8.375805474914385,63.15631308309818,49.04161642091623,51.150400431641316,36.21410313669639,66.08669772658624,16.834682803440938,17.838596100813316,15.83076950606856
Schreiben,161,8.58154657228415,9.278330808082524,7.884762336485776,67.24291406042312,51.83592558911322,62.106305326468565,59.14303607481675,65.06957457812038,17.33474623077916,21.40497037915903,13.264522082399292
Schreiben,163,8.565605961987345,9.483396998520055,7.647814925454632,67.05979884709795,51.12771487460166,65.9267690056406,58.43436841735582,73.41916959392537,15.640351770166083,20.064932976514218,11.215770563817948
Schreiben,165,10.388023132250451,13.072899782762867,7.703146481738034,59.048676757038194,48.71437597435288,52.56162360677264,39.35300214274901,65.77024507079626,16.80163921359398,22.00708416844031,11.596194258747646
Schreiben,167,9.584299615322596,10.99664957106836,8.171949659576832,61.83722714369808,55.42752657668523,58.12138060437347,57.00783744164124,59.23492376710569,18.706162593217073,23.91391528272696,13.49840990370718
Schreiben,169,11.384445358327307,14.632760449444069,8.136130267210545,61.70115523883217,54.16064601873286,50.66993518666005,38.16829070617854,63.17157966714156,18.92063924530669,24.757440206742967,13.083838283870413
Schreiben,171,9.37565105922907,10.763586668971591,7.987715449486546,67.74776003550656,58.28113886625437,60.20462718955817,53.562127967998805,66.84712641111753,18.627544924497823,23.984541868262628,13.270547980733017
Schreiben,173,9.30788992323832,10.360931419044384,8.254848427432258,64.4040777095411,56.27947406688395,53.184990208558105,35.63173523532485,70.73824518179136,16.59885995136059,18.274567612036474,14.923152290684707
Schreiben,175,8.921129710637755,9.680251680057156,8.162007741218355,64.0597025817851,55.68282663940824,60.59054217568932,42.60478125298259,78.57630309839605,16.932012787649978,18.815453040938745,15.048572534361208
Schreiben,177,8.660790927767161,9.611474552402475,7.710107303131847,61.6724592898956,52.04912033410728,70.84421398521859,62.98261220772644,78.70581576271073,17.35775540190391,21.489379501091857,13.226131302715963
Schreiben,179,8.94254482794013,9.674879808579682,8.210209847300579,64.00547490367424,53.091586821498296,68.35522080588238,51.52037765679656,85.1900639549682,18.62904961119792,21.25155252079144,16.006546701604403
Schreiben,181,8.672081567057877,9.543930656432776,7.800232477682977,57.29208030766378,50.04895542704718,70.6734354805347,67.32801164279678,74.01885931827263,16.313373943212692,18.71796552118468,13.908782365240702
Schreiben,183,9.462386572970825,11.343110794218854,7.581662351722795,52.25543321858665,46.15998687634658,58.47802039206546,47.664772413244826,69.2912683708861,17.431204199376353,19.845310779198602,15.017097619554107
Schreiben,185,8.673122292153971,9.75985991140951,7.586384672898434,52.82155049347215,47.98551905979432,71.2238960281703,71.20443071244514,71.24336134389546,17.571198200475262,20.820864499222974,14.321531901727548
Schreiben,187,8.59971613633487,9.494626017831244,7.704806254838497,50.115302211655894,46.689030900293055,70.35139752084547,69.7214513467981,70.98134369489284,16.808744680748383,19.43818537142142,14.179303990075349
Schreiben,189,8.780202474553533,10.037108112706202,7.523296836400866,58.690189905265875,49.15515803759699,71.14162731471724,49.773986263187616,92.50926836624686,15.859877064296033,18.556898098778298,13.162856029813765
Schreiben,191,9.022515067526527,9.535553676611114,8.509476458441938,53.199675090425956,50.40359358957452,65.54298573742032,54.31585513593655,76.77011633890409,17.365680512506234,18.23927342076348,16.492087604248987
Schreiben,193,8.857184172278929,9.457912838452268,8.25645550610559,50.96190526123499,46.49895579528258,71.66765705547135,69.64461282353489,73.69070128740782,17.15501199197297,18.121799053987278,16.188224929958665
Schreiben,195,9.097883636634684,9.850006328273547,8.34576094499582,51.465314491294606,49.0741430586923,75.20870477108704,73.5929553110143,76.82445423115978,17.364224712640777,18.70600975390509,16.02243967137646
Schreiben,197,8.87042773898801,9.599674491485091,8.141180986490927,56.291898196714975,51.56385657606211,68.83293433052428,57.55007311779443,80.11579554325414,17.554641779280143,19.927375748845648,15.181907809714637
Schreiben,199,9.326728816185735,11.013117110044051,7.640340522327418,57.66597529561146,50.98970068270123,62.85144670692519,34.55206783397013,91.15082557988025,16.285912878772077,18.90857484758447,13.66325090995968
Schreiben,201,9.340723215076252,10.979393920373155,7.702052509779351,59.306155669195476,49.036107959083395,73.79529251452166,66.62665672852823,80.9639283005151,19.21964868623722,24.141083010946083,14.298214361528363
Schreiben,203,9.538971904805958,10.85824904005198,8.219694769559936,52.63572582464901,49.03148645803558,60.339044084677695,38.89973453469428,81.77835363466112,16.737386262279507,19.847971958472638,13.62680056608638
Schreiben,205,9.53395059519372,10.833448489777807,8.23445270060963,60.00165349017295,48.8536031475961,63.83852692996828,42.85547888091147,84.82157497902509,16.887474308478545,19.721693262216064,14.053255354741024
Schreiben,207,9.052360546522472,9.984743231995182,8.119977861049762,57.032314317790146,50.2961387278669,67.85159701779843,53.357937306373934,82.34525672922291,17.152967654031706,19.751972880244164,14.553962427819247
Schwach,138,7.035934484551611,6.752688749656156,7.319180219447067,50.8282050834753,48.028453032475284,74.05490543549196,72.94579728632704,75.16401358465689,14.277177515753039,13.071641615347689,15.482713416158386
Schwach,140,7.131902714962486,7.072815650109313,7.190989779815659,52.50394381112622,51.05031741625672,77.98894745489649,75.44762807552674,80.53026683426624,14.863294636467675,14.462262040714961,15.26432723222039
Schwach,142,6.72671779621742,6.651403326171836,6.802032266263002,47.955880944438896,42.57645891373227,64.01544542320832,59.82891051422136,68.20198033219528,14.606126573749645,14.220119803614507,14.992133343884781
Schwach,144,6.818017251785296,6.677785848605946,6.958248654964646,55.722803216052384,53.70905023281334,75.87519159051422,68.08311519514453,83.6672679858839,12.813249671259054,11.524763914707345,14.101735427810764
Schwach,146,7.063733429723105,6.584249153802382,7.543217705643828,66.84246271962863,66.14597804982203,82.86583292909248,73.31743729475583,92.41422856342912,13.708500799792613,11.724984827777691,15.692016771807534
Schwach,148,7.7494676311702015,7.133150326351335,8.365784935989067,52.09639854066081,42.37100920177946,61.19137378094426,62.471504100290645,59.91124346159787,14.581023241723475,12.855790318220265,16.306256165226685
Schwach,150,8.237492877791276,7.8531158324363535,8.621869923146198,58.41806770553489,44.60480596953608,71.39008523638103,80.06582526449318,62.71434520826888,19.217991483134252,19.708042723684287,18.727940242584218
Schwach,152,9.494719796170287,9.589073605388617,9.400365986951957,59.009005218683086,57.27259684278375,117.43978543655165,171.88249872866777,62.99707214443552,25.300327389179692,29.39297337164462,21.20768140671477
Schwach,154,12.425902871568802,9.867509846947616,14.984295896189986,72.44716939767828,66.55609708078984,140.06717765450233,135.2973095056047,144.83704580339997,31.909180526531323,31.91095979517685,31.907401257885798
Schwach,156,16.044798734472597,16.75586131551411,15.333736153431085,57.16176220895663,55.299328675162826,124.12224522653841,120.3421377130617,127.9023527400151,35.619878069955845,38.72484801139621,32.51490812851547
Schwach,158,16.140365838013718,18.73002345268201,13.55070822334543,65.45972573077059,57.86461350771137,131.00242729068637,145.63918962803834,116.36566495333442,39.10955322188156,48.6437719679959,29.575334475767217
Schwach,160,18.21379223324557,23.363663426408767,13.063921040082377,51.96113035492921,55.45237286874707,129.45217802827176,152.136437178304,106.7679188782395,44.17779671732226,66.23819037383788,22.117403060806634
Schwach,162,15.913175778835981,21.490965064164325,10.335386493507636,57.913698616379,53.455588551273514,119.52403524825057,139.27960076970393,99.7684697267972,37.847921602309505,56.9843902331762,18.711452971442807
Schwach,164,14.311116840469007,13.290450428611894,15.331783252326119,63.03211421145627,60.2439080562649,136.7903877827667,140.69243306659877,132.8883424989346,37.49072066376836,41.17946662456369,33.801974702973034
Schwach,166,12.915331807642815,12.199884354108132,13.630779261177498,68.04674245228749,62.705687927901685,136.23044577358465,129.48730043220473,142.97359111496456,34.75423339231287,38.17773600577144,31.330730778854303
Schwach,168,13.16286714876833,11.783495022760217,14.542239274776442,66.08401992334748,64.36029987642516,142.87430704784845,137.85663999220554,147.89197410349132,33.47602881811086,35.0981182121876,31.85393942403413
Schwach,170,11.819458633096374,11.257537839100872,12.381379427091879,70.7940028713478,63.83653320525003,142.7018304666554,144.9039642099809,140.49969672332986,30.11490011910439,33.80699796253031,26.42280227567847
Schwach,172,10.164136615698947,9.502052137363474,10.826221094034418,51.700744272957074,49.49460024319709,98.18468169085483,128.24116103707274,68.12820234463692,23.73174737878635,25.503872795677168,21.95962196189553
Schwach,174,10.185851314026927,9.754760104071401,10.616942523982452,49.617933191417514,45.22982195945067,86.50937744710144,121.07579770144783,51.94295719275507,21.371960841154845,21.40051421449446,21.343407467815226
Schwach,176,9.900907965642869,8.939855552175198,10.861960379110538,47.667358596603044,44.074068021101496,82.33809405732897,118.57043318675998,46.10575492789797,21.95017501617982,21.827205643429767,22.07314438892987
Schwach,178,10.161684162667758,9.482852078719368,10.840516246616145,52.973479647811246,48.02906379350436,93.0310380156429,139.3610996844816,46.70097634680424,21.038632938427774,20.065713776519907,22.011552100335642
Schwach,180,9.719233533219192,9.626231859259933,9.812235207178452,50.12254500138385,48.22284108550716,97.29151554221019,144.8718927949187,49.711138289501704,22.240789503391692,24.25250057464356,20.229078432139826
Schwach,182,10.246689530899992,9.868382433335247,10.624996628464736,51.323498267860735,52.38876200065318,103.87703402767013,158.9536076800335,48.80046037530675,25.960772713370645,29.263643846130208,22.657901580611078
Schwach,184,10.747846337002606,10.725563302126954,10.770129371878259,48.58365991681017,52.157880463640524,102.73540016987744,154.42165798739597,51.04914235235889,26.145457227250542,29.378812898851372,22.912101555649713
Schwach,186,10.73714567354045,10.568873252608656,10.905418094472243,57.13425691293939,53.2492875102318,110.86574751290699,171.71655756657432,50.014937459239654,27.227568845309776,31.27906224876035,23.1760754418592
Schwer,157,14.470829227653354,11.443878233917287,17.49778022138942,56.80219325675391,62.077167907487755,129.8530053748725,132.57803634293606,127.12797440680895,24.780969093374722,21.615781282362914,27.94615690438653
Schwer,159,17.590094913139318,16.482740186090748,18.69744964018789,54.92379783749791,61.70436936677717,120.46234903459992,131.57734870345365,109.34734936574618,27.149706781143557,25.891658690464872,28.407754871822245
Schwer,161,19.671610135500742,20.72316673528747,18.620053535714018,64.93618280642656,81.36559474649405,119.53402646789172,112.89846015633164,126.1695927794518,26.73672096260203,26.727541317012868,26.745900608191185
Schwer,163,16.099702305654766,12.267654179822653,19.931750431486876,59.68396878192104,65.91104151338708,113.88604891872087,115.58536564329467,112.18673219414708,23.953663084458373,19.799320784538928,28.10800538437782
Schwer,165,16.75553565915774,12.366810948582811,21.14426036973267,51.83458843772317,56.72492864148133,103.29152498251129,102.15085410143729,104.43219586358529,24.33103612721684,18.6600412184477,30.00203103598598
Schwer,167,16.96977495280439,13.342922159043761,20.596627746565016,56.08930742773597,60.696817111425936,113.50439643784742,113.47675770344625,113.5320351722486,26.134792485437824,22.31135175211002,29.958233218765628
Schwer,169,12.0425023428526,11.144703530008133,12.940301155697068,52.39515449675233,56.22219544719016,106.04545596719595,92.0876203205041,120.00329161388781,23.57288631815359,24.713470204480263,22.432302431826916
Schwer,171,11.571329080767509,11.041678864728652,12.100979296806367,64.94532740322694,66.72111690028754,143.83832972920806,144.69354076385753,142.98311869455856,20.822033600234693,20.423450161269578,21.22061703919981
Schwer,173,11.344774417297575,10.38153784426484,12.30801099033031,73.38445431762688,88.567989459505,149.1731464038545,148.65140317247298,149.69488963523602,18.820148488967845,18.49929606022969,19.141000917706002
Schwer,175,11.530849534236992,9.57377244263451,13.487926625839476,66.24275620580948,64.51318392368948,93.80400382596935,89.16747564792868,98.44053200401001,18.635781342366187,14.313720752031868,22.957841932700507
Schwer,177,11.75562230912177,10.603493889756885,12.907750728486656,64.29153666975316,62.630196462132204,79.94926791098663,72.12279266216903,87.77574315980422,15.34625412893295,12.937917761956502,17.754590495909397
Schwer,179,12.217366796456147,11.364796258218925,13.069937334693368,48.691765813353356,47.607339258361655,70.7585274212941,72.5391210125408,68.9779338300474,14.05855213110161,13.016031299413862,15.10107296278936
Schwer,181,12.648168421342993,11.884595720763755,13.41174112192223,64.49552865305104,63.84519064506156,79.04704530675728,76.59704761063934,81.49704300287523,14.115558766368892,13.010400688059855,15.22071684467793
Schwer,183,14.66218165975095,14.092790203523062,15.231573115978835,70.3845344876763,76.17923886241937,78.49566587758002,74.32940879627417,82.66192295888587,16.723869129227033,15.816703284440358,17.631034974013712
Schwer,185,15.15501691884493,14.125846895286063,16.184186942403798,60.257635887980115,59.06769125136428,51.070691341643766,52.31599130650055,49.82539137678699,16.836777465838694,15.018496732278287,18.6550581993991
Schwer,187,15.123539328427674,14.28692991849266,15.960148738362687,61.792658906773426,55.48358264120283,52.26570317999587,53.91636412757417,50.61504223241756,16.363658024095784,14.750656279513793,17.976659768677777
Schwer,189,15.186355722847711,14.153385359581398,16.219326086114027,65.23920698394386,54.532198638713155,51.14344016651481,52.23520478698292,50.0516755460467,16.67185939612351,14.572413697282947,18.771305094964074
Schwer,191,15.444385395217576,14.612330358318417,16.276440432116736,60.26733017810267,50.8502291314728,53.29058071388017,55.23445404346635,51.346707384293985,17.00005109590575,15.311411738426093,18.688690453385405
Schwer,193,14.831361090696378,13.613358679208122,16.049363502184633,57.71581465326946,47.88318431534107,50.63054723232033,49.17998118434968,52.081113280290985,16.06899696728371,13.608637254033987,18.529356680533432
Schwer,195,15.21698666089313,14.296645837277174,16.137327484509086,60.68534501066534,52.90947209690951,54.29902729725051,57.07794973006835,51.520104864432675,16.796784383560325,15.174266258769205,18.419302508351446
Schwer,197,14.908685883561592,13.832114008012908,15.985257759110274,61.113879920854,52.90861562478324,54.45985509533465,55.24411078557075,53.67559940509856,16.383644547660012,14.090353775832844,18.67693531948718
Sonne,148,11.489060350487817,,11.489060350487817,42.87721282080222,52.214354037823746,51.6806753875909,,51.6806753875909,16.793179027381164,,16.793179027381164
Sonne,150,11.280214571065933,,11.280214571065933,49.018286346620755,60.965628195715034,52.68407633385214,,52.68407633385214,19.517634836402838,,19.517634836402838
Sonne,152,11.425485641630251,,11.425485641630251,47.540746717687,59.35409389751293,53.438718731603814,,53.438718731603814,18.056707635672524,,18.056707635672524
Sonne,154,11.261273852704665,,11.261273852704665,43.50512214639184,51.977404463891304,36.748519302051115,,36.748519302051115,17.623792178676396,,17.623792178676396
Sonne,156,11.342036277762483,,11.342036277762483,42.44093896331609,45.98119487326856,48.37161340907969,,48.37161340907969,15.49746428027748,,15.49746428027748
Sonne,158,10.894976632163637,,10.894976632163637,46.77685038218835,60.83156107913577,48.168879858752206,,48.168879858752206,18.740272600764637,,18.740272600764637
Sonne,160,9.591657464649195,,9.591657464649195,45.47388684458234,59.704507671073465,54.03049916745533,,54.03049916745533,12.676460049459827,,12.676460049459827
Sonne,162,14.511458649655435,,14.511458649655435,51.07097070605175,52.7182071260167,46.22986185088932,,46.22986185088932,15.91023275692699,,15.91023275692699
Sonne,164,13.820844474603165,,13.820844474603165,46.11180632894358,50.40929581178422,36.3912971894144,,36.3912971894144,15.837543040307184,,15.837543040307184
Sonne,166,15.83260621476689,,15.83260621476689,49.04133850769477,52.45907963287955,30.52472486768992,,30.52472486768992,19.565664474613875,,19.565664474613875
Sonne,168,14.387716752498447,,14.387716752498447,40.12499386195828,46.180329014505276,47.7577696213926,,47.7577696213926,18.517091386110202,,18.517091386110202
Sonne,170,16.079807990665252,,16.079807990665252,41.924486187905984,52.52536375593673,36.75632649820503,,36.75632649820503,23.370293179331284,,23.370293179331284
Sonne,172,15.556964412439987,,15.556964412439987,38.87900914232722,45.910692918458956,34.82022733155364,,34.82022733155364,23.420073110636572,,23.420073110636572
Sonne,174,15.270616682037364,,15.270616682037364,42.72179481882593,54.15804858511814,39.102850198843335,,39.102850198843335,23.837491644186258,,23.837491644186258
Sonne,176,15.434797891359166,,15.434797891359166,42.35856208827973,53.954053906019304,39.135617189533306,,39.135617189533306,24.2545942065879,,24.2545942065879
Sonne,178,15.533051936473,,15.533051936473,42.399007513125845,54.643837913003814,37.271518931643584,,37.271518931643584,24.396641189429637,,24.396641189429637
Sonne,180,15.464809579425348,,15.464809579425348,44.71658533394774,58.43596393170714,45.65900655815641,,45.65900655815641,24.0951935984294,,24.0951935984294
Sonne,182,15.669408987399176,,15.669408987399176,41.03531098404773,46.634608757342,42.16112944669067,,42.16112944669067,25.2681997760562,,25.2681997760562
Sonne,184,15.299370002463629,,15.299370002463629,43.787820689724086,54.55986604423856,39.210743944140106,,39.210743944140106,24.215731476644937,,24.215731476644937
Sonne,186,15.804550410923543,,15.804550410923543,39.91198523555763,44.03128609617068,35.98134390020492,,35.98134390020492,23.624586032580254,,23.624586032580254
Sonne,188,16.75662951873211,,16.75662951873211,42.62351702735939,44.356537041682806,38.97766637357949,,38.97766637357949,26.06006164846606,,26.06006164846606
Sonne,190,16.302949951557835,,16.302949951557835,41.93182426175299,55.81759455358872,35.251359290458524,,35.251359290458524,24.037668156831103,,24.037668156831103
Sonne,192,16.542218304225422,,16.542218304225422,41.899090691822906,42.14490476099376,35.619672050622434,,35.619672050622434,24.53655286803822,,24.53655286803822
Sonne,194,15.92805441030973,,15.92805441030973,43.42690086643816,54.97745390952488,35.11480611583631,,35.11480611583631,23.463784757225273,,23.463784757225273
Sonne,196,15.994428178930136,,15.994428178930136,40.74149170606727,44.95733946662517,32.78805182425472,,32.78805182425472,23.560832105003655,,23.560832105003655
Sorry,144,16.964672932681776,,16.964672932681776,49.38549707967668,72.03733660978673,71.65006549666384,,71.65006549666384,27.611856467496672,,27.611856467496672
Sorry,146,18.69255668682429,,18.69255668682429,55.19106953188329,78.2258278085003,34.69304946236848,,34.69304946236848,27.967515942897233,,27.967515942897233
Sorry,148,18.91256148690445,,18.91256148690445,51.43971983710552,78.8434858999193,43.73878919252117,,43.73878919252117,25.641480803265402,,25.641480803265402
Sorry,150,21.316202132027875,,21.316202132027875,57.94996855498173,86.93412505304563,30.48965764084768,,30.48965764084768,28.34472607801056,,28.34472607801056
Sorry,152,20.067244472391355,,20.067244472391355,49.7132018753936,76.20191319831034,27.48036195694261,,27.48036195694261,24.223921960790776,,24.223921960790776
Sorry,154,17.595111561489475,,17.595111561489475,53.08748504232808,84.1835302112878,33.04664519605536,,33.04664519605536,26.74553701036043,,26.74553701036043
Sorry,156,16.858047628542923,,16.858047628542923,58.2894343153078,91.85289016046846,36.01950989227638,,36.01950989227638,28.922687227964307,,28.922687227964307
Sorry,158,14.766475480042413,,14.766475480042413,48.17257156873381,74.01735730780419,39.03894308543473,,39.03894308543473,23.286558232917745,,23.286558232917745
Sorry,160,14.539910961055611,,14.539910961055611,50.40507449320936,76.11017870255965,50.13726778954683,,50.13726778954683,23.46435816180864,,23.46435816180864
Sorry,162,14.262990633168762,,14.262990633168762,46.94230262668397,71.3705513108143,75.9663370168322,,75.9663370168322,23.559738087636674,,23.559738087636674
Sorry,164,15.775759487640657,,15.775759487640657,55.21037284871424,82.24797531184636,37.437775456295135,,37.437775456295135,25.824715221013854,,25.824715221013854
Sorry,166,16.960421543746552,,16.960421543746552,57.16328234229204,84.38348627781983,51.97436054875712,,51.97436054875712,28.620927240338812,,28.620927240338812
Sorry,168,15.472597561698056,,15.472597561698056,47.56404680817135,74.68528144163567,49.12539380049474,,49.12539380049474,22.924687716943442,,22.924687716943442
Sorry,170,15.333848445028444,,15.333848445028444,53.76996806220407,87.49607560034603,54.040836525624194,,54.040836525624194,28.2108552450519,,28.2108552450519
Sorry,172,13.726578069596519,,13.726578069596519,51.9154860288886,84.30591846310053,58.975230599265686,,58.975230599265686,22.678916987585254,,22.678916987585254
Sorry,174,16.878733475552245,,16.878733475552245,59.645946777552815,94.26955917858791,50.44519735612939,,50.44519735612939,29.571417666825436,,29.571417666825436
Sorry,176,17.04675750345927,,17.04675750345927,49.6654396240176,75.57583870053145,45.84231209943132,,45.84231209943132,24.42937822593305,,24.42937822593305
Sorry,178,16.765646663854934,,16.765646663854934,51.769582769013134,72.24406211876136,53.72976001586538,,53.72976001586538,23.872579795886278,,23.872579795886278
Sorry,180,15.285853385838756,,15.285853385838756,48.57062946621674,75.83403530140733,77.22462260031193,,77.22462260031193,23.22333831556378,,23.22333831556378
Sorry,182,15.704116001318603,,15.704116001318603,54.50567517791846,88.84111976901755,41.270486413359954,,41.270486413359954,27.072402274901716,,27.072402274901716
Sorry,184,16.13738767289345,,16.13738767289345,56.17317764732312,87.10267153884706,60.27254208765061,,60.27254208765061,28.401005642670796,,28.401005642670796
Sorry,186,13.286657939907219,,13.286657939907219,52.16449297630635,81.64062608281797,58.1678973399888,,58.1678973399888,22.301787592124494,,22.301787592124494
Sorry,188,14.162278452111876,,14.162278452111876,59.79429357929222,83.1605233062465,46.08388955091384,,46.08388955091384,29.600605708299636,,29.600605708299636
Sorry,190,14.192555197031979,,14.192555197031979,55.24393858321833,78.96533358129138,54.15998201976154,,54.15998201976154,28.38855266476145,,28.38855266476145
Sorry,192,14.676059033523972,,14.676059033523972,60.499211971496194,77.15382808177219,32.328853039686535,,32.328853039686535,26.7310533856758,,26.7310533856758
Sorry,194,18.868104516487143,,18.868104516487143,47.957811376348516,65.16301663016215,45.84853650816151,,45.84853650816151,23.160996427270234,,23.160996427270234
SparenSparsam,133,12.07253433981423,13.076513008099976,11.06855567152848,58.75268835940958,68.25835257370748,81.05048978497582,76.9590575709687,85.14192199898295,16.827109434338077,17.2496841826911,16.404534685985055
SparenSparsam,135,11.555491693187303,12.638739707306595,10.472243679068013,59.23718378040581,63.024390846152414,74.2280282457236,66.14374050377056,82.31231598767667,16.176538712129823,17.280704526494326,15.072372897765321
SparenSparsam,137,10.86849261195272,11.034754298016352,10.702230925889086,58.18113115336099,56.14590923509067,66.0728740510412,61.2956019967682,70.8501461053142,14.940513869312033,15.565505281325736,14.31552245729833
SparenSparsam,139,11.14938033624168,12.551874598473498,9.746886074009861,60.59880981779822,59.382547439020016,68.95205926665011,66.44231176707594,71.4618067662243,13.504688573936136,15.14015585069338,11.869221297178893
SparenSparsam,141,13.77009010510611,17.40093401068111,10.13924619953111,49.949711734831396,48.43564167004152,57.89555790276486,53.620121925768345,62.17099387976137,18.121027431946878,25.223926864713054,11.018127999180706
SparenSparsam,143,11.437650458926782,11.471583483848468,11.403717434005095,55.65075554375112,54.69848863233231,58.4256192744226,54.84084109076225,62.010397458082956,14.391312529870547,15.494501863200767,13.288123196540328
SparenSparsam,145,10.722874739445917,10.259454881655055,11.186294597236781,47.38133398746103,47.95839233686753,61.312189178157595,59.99878933519349,62.6255890211217,12.724029377217079,13.836110616804683,11.611948137629474
SparenSparsam,147,11.515159280288067,12.550241584067392,10.480076976508743,49.52756025954699,50.518564749562884,56.71197453193927,56.5980341887848,56.82591487509374,15.114016461566326,19.45862108735118,10.76941183578147
SparenSparsam,149,11.365781069180246,9.647879522213811,13.08368261614668,50.48905877185627,50.269880209100876,57.11560495156313,60.54003622975493,53.69117367337133,14.772030973281328,15.781339778379866,13.762722168182789
SparenSparsam,151,15.903729988730827,18.957698113495237,12.849761863966418,49.06988952103197,48.25326810273863,62.983594507422765,72.68778466215544,53.2794043526901,24.026234150986454,34.78760337453042,13.26486492744249
SparenSparsam,153,11.212634743578835,10.049514385473735,12.375755101683934,49.06542254984738,48.17897337585829,54.05437879196377,53.348030484388126,54.760727099539416,14.915201547814895,17.11157753263179,12.718825562998001
SparenSparsam,155,10.54017009296718,9.812987760096583,11.267352425837776,50.0409312803537,47.93247581088701,51.6996451610236,50.48517215389957,52.914118168147624,14.104526571990304,16.397990508570935,11.811062635409673
SparenSparsam,157,10.573287183048567,9.783931263684067,11.362643102413067,52.83170660112562,48.730401827948846,54.67914667367425,53.20343169825914,56.15486164908936,14.491169507158828,16.40554112339228,12.576797890925377
SparenSparsam,159,20.293266124570273,29.924010804407928,10.66252144473262,50.000952576049144,55.003160116913946,69.59087546310823,80.83482635379279,58.346924572423674,34.29616562335222,57.083898196788,11.508433049916453
SparenSparsam,161,11.334708136477293,11.104036575989392,11.565379696965193,47.16682166577386,56.718047773550374,67.38533282413636,73.43358974628786,61.33707590198485,15.085098796856585,16.766796031930653,13.403401561782518
SparenSparsam,163,17.2973209578051,23.149816831098576,11.444825084511624,44.579702439534415,51.265155846708154,59.27603972697295,62.26317605799,56.28890339595589,26.668801317992692,40.883291742907446,12.454310893077938
SparenSparsam,165,12.327769829344984,13.511589816722454,11.143949841967515,42.924334417942916,44.429715494199925,47.18625518738631,39.66644154637029,54.70606882840232,15.967117339682556,20.57613836870109,11.358096310664019
SparenSparsam,167,10.16642161875723,9.92940264420245,10.40344059331201,42.44536773920792,42.669551390064946,52.928607413237984,57.93941877891453,47.917796047561446,15.06269350942537,19.577794266029485,10.547592752821256
SparenSparsam,169,13.65851332081936,14.57142405428331,12.745602587355409,41.21304219886021,42.80182939073974,49.0360634992269,49.73944006210425,48.332686936349546,19.36060972780284,25.41028255076112,13.31093690484456
SparenSparsam,171,11.385086241586322,11.02415076974735,11.746021713425293,46.34484268561476,45.62012910108934,51.40178012295101,49.72191883287917,53.08164141302285,14.961064321897808,17.486355298192937,12.435773345602678
SparenSparsam,173,12.564441356966732,13.800620247931532,11.328262466001934,47.138963524592924,47.30697552888444,57.114571828849634,54.11969663797618,60.109447019723085,18.259541229943405,23.832808404164986,12.686274055721823
SparenSparsam,175,10.324946609217665,9.382171778273932,11.267721440161399,47.90728499160572,49.43120089400872,66.38830774201656,71.88486222279445,60.89175326123868,15.414417557600203,18.352411287300868,12.47642382789954
SparenSparsam,177,19.806631815793793,29.321898381591392,10.291365249996197,46.53144293040239,56.39475289794745,75.64652461891839,86.7152271463485,64.5778220914883,32.73346333211839,54.633694718975654,10.833231945261128
SparenSparsam,179,11.032241593611367,10.97370549552198,11.090777691700755,46.076457458527145,54.2481677507283,73.49090673650683,83.06454768701872,63.917265785994935,15.209145798662945,18.8357703473938,11.582521249932087
SparenSparsam,181,12.88504298611085,14.060037822434714,11.710048149786987,45.19196907231881,47.045475389605585,59.61712771908073,53.88495481279874,65.34930062536272,16.326169817128445,20.68407307449703,11.968266559759858
SparenSparsam,183,16.925539230145574,21.99407176182202,11.85700669846913,46.362194988918255,49.592360698139856,66.99483642341103,64.72871299815891,69.26095984866315,25.810893829894006,39.61509130914815,12.006696350639864
SparenSparsam,185,10.705181932868307,9.139518189362994,12.270845676373622,47.44592132731078,47.46866166539996,60.30166878896682,57.81625403273546,62.787083545198186,13.084767941539301,13.591564058989473,12.57797182408913
SparenSparsam,187,10.732098080375305,9.092548979729562,12.37164718102105,47.07106189460801,47.74462273475965,62.093962117387704,63.69986863984309,60.48805559493231,13.522658644018485,14.337276259058555,12.708041028978416
SparenSparsam,189,11.93184355504236,12.520478719701817,11.343208390382902,43.4493890673055,48.06692580676072,60.601426028644084,56.664173965357755,64.53867809193041,15.919371640588638,20.010997721943,11.827745559234277
Spezial,125,11.934435809741519,12.062043891449228,11.80682772803381,60.09664132621966,64.58011061481918,115.5759282892868,129.68458883659662,101.46726774197698,17.77417572961401,15.788931410944906,19.759420048283115
Spezial,127,11.638730356007901,11.991373901151679,11.286086810864122,60.780535227808485,68.16396378718618,122.51488942544434,147.94073652788097,97.0890423230077,20.121800030557587,21.412992723506257,18.830607337608914
Spezial,129,12.249643655292918,13.712214823522604,10.787072487063229,55.000352561459295,62.71257602633509,102.1005298872658,107.73399011221514,96.46706966231645,17.874194995718923,17.494124089210658,18.254265902227193
Spezial,131,11.6932138446764,12.182963525328251,11.203464164024549,57.922033978002524,65.15548576248968,104.70372940078595,123.28620543660963,86.12125336496226,19.19959454845032,19.71697699567256,18.682212101228085
Spezial,133,11.321262272952577,11.75211550973501,10.890409036170144,60.88785329232691,60.33220004123139,85.77057679054226,84.65924774504488,86.88190583603965,17.487876350503612,17.015035272340526,17.960717428666694
Spezial,135,10.389476720036066,10.51086761855801,10.268085821514124,59.74395899066656,57.03750427849827,89.26424653659907,95.61276555209649,82.91572752110166,16.501542756998944,16.145134086672236,16.85795142732565
Spezial,137,10.176779699703289,11.782820187043914,8.570739212362666,57.72609703699145,50.423927831228674,50.836179788008685,41.36209056889622,60.31026900712115,16.53017001249019,17.04186238683477,16.01847763814561
Spezial,139,10.075419600782404,11.544812032346682,8.606027169218123,53.614848108062546,45.50088904757736,51.08397253604213,52.52766053670297,49.6402845353813,18.705248830457077,21.0097154978453,16.400782163068854
Spezial,141,9.22621111482878,9.110078284364425,9.342343945293136,40.259885309173036,35.98564629661099,38.68767388410373,37.444113338629045,39.93123442957841,16.777727797954356,16.961361254153,16.594094341755714
Spezial,143,9.457296654615561,8.917695315756312,9.996897993474812,37.1429934997707,36.29250359465659,43.76684725285216,48.99993846370891,38.53375604199542,16.62759008210905,15.387637066081997,17.867543098136107
Spezial,145,10.180220058902492,9.684902875569607,10.675537242235377,34.5404841853813,34.95782628364704,39.91430465192452,38.921118515181185,40.90749078866785,18.8177989122307,18.284408941634695,19.3511888828267
Spezial,147,10.866727542499596,9.823780441953408,11.909674643045784,41.49379365043749,38.526802081665636,40.588244660935345,34.795923282535185,46.38056603933551,20.992421611957383,19.866709724384773,22.118133499529996
Spezial,149,10.405884073572059,9.834104525348145,10.977663621795973,44.32307019850457,39.110815819129996,44.538139613624324,41.644244446993845,47.432034780254796,20.258982128955864,19.422767141393805,21.095197116517927
Spezial,151,10.610498020993832,9.650815838480188,11.570180203507476,46.16341974096947,41.52629250661079,44.04853486224195,39.64049733132597,48.45657239315794,20.777238314158268,19.69227535712695,21.862201271189587
Spezial,153,10.567110707629215,9.437933717456815,11.696287697801614,48.708541173625825,40.56725292679151,46.52163966642097,46.15043934447396,46.89283998836798,20.16131071816479,18.509843391880327,21.81277804444925
Spezial,155,10.645769041974429,9.768927315497844,11.522610768451015,44.934198608946495,37.6574239055083,43.89983375659962,40.68154194586301,47.118125567336236,20.733556839725686,19.7596210061595,21.70749267329187
Spezial,157,10.548980839101926,9.437101947673579,11.660859730530275,45.14059347348833,37.69689809029885,44.158795547659935,41.554533508214824,46.76305758710504,20.67983808228849,19.273298561086172,22.086377603490806
Spezial,159,10.449782835760924,9.273698260290265,11.625867411231585,45.380574077255815,36.9119077124643,35.49146150447354,33.24063918515256,37.74228382379452,19.627272337275215,17.82877969410146,21.425764980448967
Spezial,161,11.568926821132852,9.593644590041416,13.544209052224288,43.25341864356959,36.852577357116964,45.577365260453746,47.26410536096417,43.89062515994332,22.41787132952686,19.931018397727996,24.904724261325725
Spezial,163,10.86384337424218,9.424470015866556,12.303216732617805,44.84340375594443,36.043422179434785,38.933020571053575,35.4397339147982,42.42630722730895,20.60813642187652,18.65017314446702,22.56609969928602
Tisch,143,8.789153751371794,9.689794258645785,7.888513244097802,61.7182015913125,47.45890649676127,66.26063655318312,58.29392893037264,74.2273441759936,19.199185001055515,21.390077146562838,17.00829285554819
Tisch,145,9.392294321484766,10.786053481288418,7.9985351616811124,65.90459565626271,50.13073144312303,69.189394256313,60.416494814240416,77.96229369838558,21.23361814896615,25.131449455145784,17.33578684278652
Tisch,147,9.52148577956697,10.800696485211287,8.242275073922652,69.30272288315064,50.09390982085356,76.17626411385477,66.38027470191825,85.97225352579129,20.94976388415212,25.398211964495758,16.501315803808478
Tisch,149,9.453497987571943,10.132825069887872,8.774170905256012,64.72019891857384,46.98378924559432,70.59929113110593,61.14091600425403,80.05766625795782,19.819503853662404,22.026517191469953,17.612490515854855
Tisch,151,11.691390676065186,14.519766374042478,8.863014978087893,60.57427321246385,48.01824031616065,78.55808995654664,73.46976408528789,83.64641582780538,26.405242032315112,33.90195055980746,18.908533504822763
Tisch,153,9.92894926692523,12.121809111453135,7.736089422397322,53.76938894004093,46.23935367205574,77.31235765271936,63.86723960681874,90.75747569861996,22.928789287007838,29.779258360739625,16.07832021327605
Tisch,155,8.457270047939508,10.643563270658221,6.270976825220795,52.05649006667876,47.72421840141138,86.77322899354826,79.66146998452659,93.88498800256993,18.45823887898022,23.91384181012472,13.002635947835724
Tisch,157,6.721154344397453,7.431091228065479,6.011217460729428,58.54624895518257,48.67554666263683,90.88277572618078,78.48900482958165,103.27654662277992,15.443498561576517,16.674242738603333,14.2127543845497
Tisch,159,9.11249793547601,9.476125146258548,8.748870724693473,60.13140016391708,50.01339957362124,97.54633582292746,80.12666448868849,114.96600715716644,18.072930243414753,19.477479467083192,16.66838101974631
Tisch,161,10.503037034160949,10.670155827220091,10.335918241101806,54.20501727215461,43.150142235497405,83.05816229105147,76.29360177133267,89.82272281077027,24.066809251109746,25.212682639535757,22.920935862683738
Tisch,163,11.157768182442897,10.443140182025402,11.87239618286039,52.78510613477645,46.70876437932761,95.77627212609138,89.58255430122237,101.96998995096041,26.851921341317325,24.018693663046687,29.685149019587964
Tisch,165,12.800861492924522,12.276700985740078,13.325022000108968,67.09912996086933,57.302666351752855,127.97894284178167,116.3440616044824,139.61382407908093,31.824901011193088,30.121213768627825,33.52858825375835
Tisch,167,13.382081822963361,12.196966242179137,14.567197403747583,51.26993770381828,45.96152725886211,97.15623336738113,96.28914402672612,98.02332270803615,32.94290972467705,29.651193508715238,36.234625940638864
Treffen,132,11.689567452747047,12.396706689549994,10.9824282159441,63.54343329224482,46.73316078984499,69.83134216122889,103.8678292037757,35.79485511868207,16.505263700804623,20.142765793513004,12.867761608096242
Treffen,134,11.794335313260296,13.208066282398478,10.380604344122114,64.07744843438122,45.55070494437025,65.58060507250497,93.44370361575294,37.717506529256994,16.014075805053082,20.170998949416333,11.857152660689835
Treffen,136,12.082606842921859,13.779186266139169,10.38602741970455,63.414611062958244,43.78470926239186,61.892878876250954,79.9595225848755,43.82623516762641,16.915619178557353,22.04644149601237,11.784796861102334
Treffen,138,11.405446428650801,13.817647706745829,8.993245150555772,58.92022003123376,42.00260370136107,62.31240366076736,77.73268318381362,46.8921241377211,16.249661959529206,21.043116540802167,11.456207378256247
Treffen,140,10.381721313263027,12.334529048068948,8.428913578457106,60.251821742047674,42.45378227109299,62.88960663905837,63.89131759346013,61.887895684656606,15.925020598605832,20.85304243822467,10.996998758986994
Treffen,142,10.968431888166888,13.361003460622783,8.575860315710994,69.34520929932785,46.93591642369342,72.59652050629768,69.657302884205,75.53573812839038,16.663402105681005,21.87094577993385,11.45585843142816
Treffen,144,10.958930426318204,13.448067078960339,8.46979377367607,60.391740268569365,44.225694641711115,72.79413646317838,71.4649194569565,74.12335346940024,17.06975418198188,23.00132040739757,11.138187956566194
Treffen,146,11.129537220818335,14.093173499938311,8.165900941698357,69.58525006405375,48.311031065488386,76.50108519465738,75.95264092051228,77.04952946880248,17.287177849416064,23.656779943271257,10.917575755560872
Treffen,148,11.142939138182562,13.986992373702249,8.298885902662875,66.15716088349471,45.20543623902303,75.210967431907,63.331375979782656,87.09055888403132,17.81065870257998,22.938709253016413,12.682608152143548
Treffen,150,12.285070883655692,15.422280988686818,9.147860778624567,74.23147172836052,53.25342016589926,79.22326887017195,73.12668188612645,85.31985585421744,18.06378202629612,24.04656072545792,12.081003327134322
Treffen,152,12.512705141122655,15.98411607026377,9.04129421198154,63.379100924013315,43.766906224316756,63.91935390492128,61.66775318495849,66.17095462488406,16.8267309414281,22.872009728524628,10.781452154331571
Treffen,154,13.582352999070004,15.799520525227116,11.365185472912893,67.90727846703014,46.41817109043721,66.97809791514499,57.536619230333194,76.41957659995677,16.810553136480646,20.23994371652411,13.381162556437184
Treffen,156,13.367476813537133,15.991813565281051,10.743140061793214,72.21308187720615,51.59594914382926,69.17103405465414,71.15846549522438,67.1836026140839,17.172765792190795,21.397975978802396,12.947555605579195
Treffen,158,13.098494992821255,15.988063242189186,10.208926743453324,72.89535664137115,50.07856034036524,70.86071316765123,60.353334770039766,81.36809156526269,16.128488077296005,19.93794531147778,12.319030843114229
Treffen,160,13.639753227362004,16.649664354671653,10.629842100052356,73.54683687391454,51.251189103873,67.93928711912223,57.404781021875095,78.47379321636936,17.037088820566414,20.733079110298572,13.341098530834257
Treffen,162,13.599166093305826,16.75394050119295,10.4443916854187,70.79092300332327,51.799128271166865,71.91518038918949,59.10888050452205,84.72148027385691,17.202948295714478,20.832242030303416,13.573654561125544
Treffen,164,13.263583911761156,16.6458459301004,9.881321893421914,71.53513414491047,55.92110456264296,75.60979072501253,62.64010201040438,88.57947943962068,17.08602534226259,20.794211545472173,13.377839139053009
Treffen,166,13.087583635379467,16.351371882196908,9.823795388562027,69.79850801549473,56.725748463321615,74.16567547160176,60.774214827650795,87.55713611555274,17.446312889658984,21.258353174208203,13.634272605109762
Treffen,168,12.755046312377916,15.863685056149139,9.646407568606692,70.32764496762333,56.11337434079603,71.98766813297807,59.57064686055751,84.40468940539864,16.77022997191629,20.359792728635504,13.180667215197074
Treffen,170,12.891150882577904,16.358578408110482,9.423723357045327,71.55936653136177,54.54814260371088,78.19284321060272,64.94502298075851,91.44066344044693,17.120242528200144,21.6092168529414,12.631268203458887
Treffen,172,13.060764480240087,16.329871809406306,9.791657151073867,67.93552716386871,54.355184958303965,71.7557841866797,58.518061879526876,84.99350649383253,17.042224897844875,20.95524715079799,13.12920264489176
Treffen,174,12.822119505628994,15.750608076948641,9.893630934309344,68.5345379902169,53.82811192358065,69.97725371932802,56.89568043407182,83.05882700458423,16.94519316189198,19.84604686018452,14.044339463599437
Treffen,176,12.878618406052315,16.05251219719234,9.704724614912289,68.79164149551512,52.21700155304852,69.38975450652299,57.74212275466122,81.03738625838477,17.16504291613822,20.89139798858647,13.438687843689971
Treffen,178,12.939786964340856,16.000487510077846,9.879086418603865,70.28069777754098,53.118214662115236,69.72567007823378,58.3183928887661,81.13294726770147,17.491803937748788,20.74560307857226,14.238004796925315
Treffen,180,12.730450849401333,15.796658730611808,9.664242968190857,68.47676474944471,52.285299629650055,70.3004099998332,59.107430062827696,81.49338993683871,16.810512002107085,20.055856254032538,13.565167750181631
Treffen,182,13.019177968598424,16.217217947455342,9.821137989741507,70.5777645726007,54.74934857598071,73.88547549935774,61.119384032853254,86.65156696586222,17.632322662155865,21.308256395927987,13.956388928383744
Treffen,184,12.841854007829347,15.821630864249668,9.862077151409027,70.31019800384702,55.92230611546645,74.55748331540939,61.03093302464732,88.08403360617146,17.81124898378077,22.082782927964317,13.53971503959723
Treffen,186,12.49058148614859,15.318291355436935,9.662871616860246,67.65294962062426,52.07962461053937,70.13079997482507,59.379092979621404,80.88250697002873,17.58815362995042,21.240040083616428,13.936267176284414
Vater,151,12.494295831011788,,12.494295831011788,41.24754976485894,50.598971399183775,111.91783537089775,,111.91783537089775,20.440483132313528,,20.440483132313528
Vater,153,13.227549407314227,,13.227549407314227,48.666195938801685,64.25434848581952,102.08747011865611,,102.08747011865611,22.528470268421273,,22.528470268421273
Vater,155,11.988516124530957,,11.988516124530957,44.501486011260724,60.55031159475356,97.5720808308347,,97.5720808308347,18.665795597660985,,18.665795597660985
Vater,157,10.376184570197438,,10.376184570197438,45.384186904303895,60.95550486911732,82.29220514057846,,82.29220514057846,13.916989171149186,,13.916989171149186
Vater,159,9.614396067244666,,9.614396067244666,44.74928993277994,58.26471690739729,79.75218491343854,,79.75218491343854,13.513644676048115,,13.513644676048115
Vater,161,8.231280870400019,,8.231280870400019,45.50039811568174,53.44182095312013,67.80880827018979,,67.80880827018979,12.242781253053533,,12.242781253053533
Vater,163,8.27082538588539,,8.27082538588539,48.11811327645442,54.28635213198451,39.01750351817118,,39.01750351817118,13.541678357456895,,13.541678357456895
Vater,165,7.6537967007638725,,7.6537967007638725,54.385302589781496,58.946587861841685,51.904201400919355,,51.904201400919355,13.17199399552556,,13.17199399552556
Vater,167,9.17221324470868,,9.17221324470868,54.25513807558458,59.85449415012855,33.41659513626626,,33.41659513626626,13.079177846008559,,13.079177846008559
Vater,169,9.07081192100198,,9.07081192100198,48.74433930636118,51.142834292689,36.69860325481853,,36.69860325481853,13.65024955723425,,13.65024955723425
Vater,171,9.572875088595444,,9.572875088595444,51.49262915408035,54.841318898289536,35.09484616429185,,35.09484616429185,14.183128761529616,,14.183128761529616
Vater,173,9.926668337525607,,9.926668337525607,50.801749128881795,59.86829794905851,35.15918809879663,,35.15918809879663,14.223850122383343,,14.223850122383343
Vater,175,9.349388930331362,,9.349388930331362,50.057942209947335,60.47391822146479,38.216526964852804,,38.216526964852804,13.493541820111185,,13.493541820111185
Vater,177,9.937085383777694,,9.937085383777694,52.53886248017279,60.979231299645555,32.17097609042142,,32.17097609042142,14.35564648008364,,14.35564648008364
Vater,179,9.890911652266766,,9.890911652266766,51.93497052633231,64.3681234106413,37.33480325392652,,37.33480325392652,13.978857400250137,,13.978857400250137
Vater,181,10.15420478957663,,10.15420478957663,56.258025493460416,64.97838466369811,36.46868824918402,,36.46868824918402,14.398335107781868,,14.398335107781868
Vater,183,10.788151513169012,,10.788151513169012,51.22890348831222,65.60477368263649,39.747202496291905,,39.747202496291905,15.013062002412365,,15.013062002412365
Vater,185,10.970505466298668,,10.970505466298668,52.48494892228366,68.78255309289929,84.29252982919327,,84.29252982919327,15.752322534027725,,15.752322534027725
Vater,187,11.566819525063877,,11.566819525063877,48.175898617891185,60.58303828160695,85.82106548472636,,85.82106548472636,17.09392670754087,,17.09392670754087
Vater,189,11.904894084788928,,11.904894084788928,47.943324776921024,69.75299350809189,115.87182193511818,,115.87182193511818,17.925901611070906,,17.925901611070906
Vater,191,12.187147272896446,,12.187147272896446,47.70146356435496,60.9392877892697,76.97156097718054,,76.97156097718054,17.493136711606148,,17.493136711606148
Vater,193,12.456123181093943,,12.456123181093943,51.85207555466913,62.51659749758215,78.93657316580317,,78.93657316580317,18.368157261180617,,18.368157261180617
Vater,195,12.914757157922685,,12.914757157922685,46.499678682130096,60.565904785928126,102.6939238993586,,102.6939238993586,19.72394222137124,,19.72394222137124
Vater,197,12.209264138012438,,12.209264138012438,55.88973677177129,71.23008945196226,84.64692542032681,,84.64692542032681,17.600506180436977,,17.600506180436977
Vater,199,12.739883295379107,,12.739883295379107,48.48171738476401,64.0534099497152,79.3908792953873,,79.3908792953873,18.77523824296127,,18.77523824296127
Vater,201,12.861588689288489,,12.861588689288489,48.747188517099005,63.86394303817713,92.67931205501131,,92.67931205501131,18.965542814028794,,18.965542814028794
Vater,203,12.512584571290937,,12.512584571290937,51.95398336871562,62.77848150965658,100.68871972682282,,100.68871972682282,18.044443141257187,,18.044443141257187
Verschieden,142,11.762933250295605,15.357703818673226,8.168162681917984,57.164441827223165,49.73094975917796,88.1078267159236,80.93848214667928,95.27717128516791,22.570047266221472,35.0342897557478,10.105804776695141
Verschieden,144,12.072398915966541,14.628663236029592,9.516134595903491,61.69553684041163,52.891062167644876,93.49197008987652,91.8047857111082,95.17915446864484,24.411901462835925,36.03113382003821,12.79266910563364
Verschieden,146,12.202553641582583,14.431037249453363,9.974070033711802,59.87939287135775,50.3183551203963,84.53682861341133,82.46774234069242,86.60591488613022,23.52890448089141,31.04889888424471,16.008910077538108
Verschieden,148,11.29738481949553,12.496730613811293,10.098039025179768,66.30721100592493,54.587083553467906,87.03078208687073,81.27817302061595,92.7833911531255,20.22990527027778,24.777180139708264,15.682630400847293
Verschieden,150,10.089538971979044,9.76981179729448,10.409266146663608,68.24515781475435,55.71758165661538,86.71870919909128,77.89246192565325,95.5449564725293,14.356457057871246,14.74559032759629,13.967323788146203
Verschieden,152,11.249072420696113,9.674654387852726,12.823490453539499,58.2030063497764,49.758643267030266,68.26507615152373,62.214571437686814,74.31558086536064,15.921413660249925,13.743483263888098,18.099344056611752
Verschieden,154,12.188394381238211,9.18638278166193,15.190405980814495,53.58481590796494,43.88780724254766,67.70606465675132,56.222540488961286,79.18958882454137,16.288864995809497,12.414210889159914,20.163519102459084
Verschieden,156,12.872867491135894,9.835153382803101,15.910581599468687,50.81707836742451,42.094103578786516,67.72788880062795,54.22111046027339,81.23466714098251,19.15870268476073,13.645629520112752,24.671775849408707
Verschieden,158,12.914275865589396,9.688879892513459,16.139671838665333,51.00311551609014,41.86819495569387,66.31328024962657,49.083981250237656,83.54257924901549,20.811161803259342,15.362818070307075,26.25950553621161
Verschieden,160,14.056345361577087,11.728258499705282,16.384432223448893,49.790808319255824,40.88444999094645,65.44767534680621,46.16727595832628,84.72807473528614,23.45498410683683,20.177940045768473,26.732028167905185
Verschieden,162,11.87606201740723,9.699725295234716,14.052398739579745,52.08602551316299,45.615515275730544,68.94557822625289,46.89297978716212,90.99817666534366,19.876917450809792,15.224429162892104,24.529405738727476
Verschieden,164,12.214835524515667,10.142048292955089,14.287622756076244,49.94734922576272,43.036185214885,60.00326205566048,41.947976904407696,78.05854720691326,21.06227135631073,15.297119210224208,26.827423502397252
Verschieden,166,12.11541214747028,11.104684268518117,13.126140026422444,56.08849204772549,46.58521471161909,66.2513270040755,45.842746118147495,86.65990789000352,20.57278769284445,19.5044532491454,21.6411221365435
Verschieden,168,11.45954737609189,11.96653828142017,10.95255647076361,55.230163637404004,47.6771173946641,72.03194477948634,54.36509098767724,89.69879857129543,20.13099322576437,25.241531678881458,15.020454772647286
Verschieden,170,12.467617074928143,14.266278516786654,10.668955633069633,56.22055571528362,47.39300531847212,71.44102531081623,56.04041483205764,86.84163578957481,21.595434907709674,30.926502151287444,12.264367664131907
Verschieden,172,12.961840259420402,14.82751621451551,11.096164304325294,54.675529019647534,46.7353335411411,70.74011361429075,63.30185166151593,78.17837556706556,23.420422630217022,32.51650762589806,14.324337634535986
Verschieden,174,12.453870341606827,13.1808300981344,11.726910585079255,56.3522023619017,46.804090688889644,73.8473988340944,70.98654458382967,76.70825308435916,23.047289201476744,31.019611089931242,15.074967313022249
Verschieden,176,12.656571472181241,13.551894021255306,11.761248923107178,58.353191447697824,48.311455933706114,74.02953320412308,76.55489998674823,71.50416642149794,21.271235809681045,27.47371319726186,15.068758422100231
Verschieden,178,12.141864942488612,11.543229443701978,12.740500441275245,55.82579828475569,49.4751840309888,72.13479842943258,72.7129383020298,71.55665855683534,18.7950523455358,20.90413198427923,16.68597270679237
Verschieden,180,12.034758476568456,10.557389821108234,13.512127132028677,53.58806911746917,45.58992800614472,72.64006631803264,71.52983033822979,73.75030229783549,18.441789407212546,16.13017154172463,20.753407272700464
Verschieden,182,14.132810926595813,12.246725550319582,16.018896302872044,54.169035251399464,44.92007135868755,71.29765665990494,67.03298501945123,75.56232830035866,20.260708775134823,19.12935416912652,21.392063381143128
Verschieden,184,13.537307319061872,11.626323643045925,15.44829099507782,49.35735933605584,40.91082903663657,61.54016924850276,55.57724304805288,67.50309544895264,20.719591044076935,19.137048428281478,22.302133659872396
Verschieden,186,14.135479725662677,12.730838540433895,15.540120910891456,47.204387530717916,40.15306386235108,61.010012278643224,49.667000203327476,72.35302435395897,22.82075652151081,20.950431480065767,24.69108156295585
Verschieden,188,13.439408732264873,12.170943703491135,14.707873761038613,55.169846439656745,44.332060607370025,67.64730792096502,47.649182778264894,87.64543306366514,22.50805815477538,20.513759709251424,24.502356600299336
Verschieden,190,12.530913888163719,10.952399671142194,14.109428105185243,57.10417296209838,44.090042912245444,63.0897451283725,44.02663234449532,82.15285791224969,20.263119167421003,15.462247916304639,25.06399041853737
Verschieden,192,12.234016623211314,10.756778278609268,13.711254967813359,53.29621420286493,42.0059313019171,58.464283898951926,37.040554411574206,79.88801338632965,20.844764014989607,16.8833226589533,24.806205371025918
Verschieden,194,12.790502279068527,14.058444904067068,11.522559654069985,53.09249565853782,40.758160846409424,57.53533903722749,40.198611232700294,74.87206684175469,20.228867412009812,25.886475553743747,14.571259270275881
Verschieden,196,11.9420242108325,13.091277744828925,10.792770676836076,54.43990169777617,43.92550812685015,64.11601590795348,46.944907474938134,81.28712434096882,21.922603836313343,30.324066048084486,13.521141624542201
Verschieden,198,12.34637443723016,14.240881758938011,10.451867115522312,56.21705544985079,42.71284354713946,63.61304142648798,53.22560061928218,74.00048223369379,24.511909271370524,34.39430576358226,14.629512779158787
Verschieden,200,12.200551234987081,13.91171283808543,10.489389631888734,60.13877686482416,46.32935464520706,76.68573839578454,67.51479136737822,85.85668542419086,23.91331876688085,34.136860949922884,13.689776583838817
Verschieden,202,15.523388860335992,19.5485407926821,11.498236927989884,59.405869667522154,45.96105829131191,71.6921836426014,67.22982708613348,76.15454019906932,23.049218180005006,30.319665138202826,15.778771221807188
Verschieden,204,11.949538415626185,12.211260759590441,11.687816071661928,63.32459043925387,45.02020776726093,69.68520100755615,73.0727595345036,66.2976424806087,19.77960589682084,24.378542814435544,15.180668979206136
Verschieden,206,11.981755308269287,11.224779659696997,12.738730956841577,54.58411534902908,42.816179001398005,61.818223180989676,61.41950312003135,62.21694324194801,19.690634459475476,20.228348127283038,19.15292079166791
Verschieden,208,12.282773726206454,11.22802359943394,13.33752385297897,59.38752236931678,47.03284445334393,81.00859485558951,71.2276451542285,90.78954455695053,19.98385593548084,18.954714620550785,21.01299725041089
Verschieden,210,12.651074372364556,10.654661518238527,14.647487226490586,54.395366616582244,45.1108190766503,73.95378411778754,63.82833872109782,84.07922951447723,19.203002528389206,16.145241937429986,22.26076311934843
Verschieden,212,13.896371507103103,10.846869043565825,16.94587397064038,55.31437038651112,45.69428899050758,72.79602883399532,65.13077088649828,80.46128678149236,21.630974759745172,16.75628720510396,26.505662314386385
Verschieden,214,13.369608916116253,10.836166575034252,15.903051257198253,47.36948712539342,49.779923018750765,70.45001867318608,63.94870412695301,76.95133321941914,20.839874660699166,16.60184597407958,25.07790334731875
Verschieden,216,13.297299148831389,10.367380467837314,16.227217829825463,46.54483705496556,43.47985674893989,65.39774335993098,52.734726919866205,78.06075979999576,21.12967662083088,16.43096127369193,25.828391967969832
Verschieden,218,13.269130577635934,11.734320916601513,14.803940238670354,49.86864905111601,40.992912020311955,65.65184992868478,51.926566568174586,79.37713328919497,22.00315987570381,18.162756905300412,25.843562846107208
Verschieden,220,13.346072016488097,11.305179325984339,15.386964706991858,47.45340842092644,40.341736716241854,64.82577568209462,52.20486503919701,77.44668632499221,22.34237354624711,19.210729403145542,25.474017689348674
Verschieden,222,13.204823264492966,11.475034978480423,14.934611550505506,52.23120731643441,42.50947345623622,69.40208132270547,55.41633636124144,83.3878262841695,22.12382762912234,19.537211399122246,24.710443859122435
VorsichtPassAuf,147,9.328202529230492,7.139720309017488,11.516684749443495,62.82626605601825,64.27768898933216,66.91332734207917,63.87798238330993,69.94867230084841,19.33316999407377,12.002242954553804,26.664097033593734
VorsichtPassAuf,149,11.045727602808022,12.198517056722098,9.892938148893947,67.2921442353343,60.08121380597287,77.02887600990809,87.57587679258073,66.48187522723543,23.273651805337817,23.63161480736129,22.915688803314342
VorsichtPassAuf,151,10.138048867700146,11.17361778451863,9.102479950881662,59.24129216752391,52.35088018827455,75.65349592070234,86.16932447115894,65.13766737024575,18.776979532138693,19.68954740191771,17.864411662359675
VorsichtPassAuf,153,7.826701223620612,6.983940905152409,8.669461542088815,56.68864759765871,46.723106395573645,41.24040090215632,38.35808323605618,44.12271856825645,12.842875807740935,10.092564074696329,15.593187540785541
VorsichtPassAuf,155,10.100322828317402,10.817789696010369,9.382855960624434,61.90625932864157,45.870776545340554,52.555399255329725,68.01307858480412,37.09771992585533,16.631843077079907,18.699592715498934,14.564093438660876
VorsichtPassAuf,157,8.526002663108477,7.95758544004794,9.094419886169012,49.317361780392964,33.47968262902186,43.55853315107869,44.1391195278275,42.97794677432988,14.154751961033087,16.52577785063291,11.783726071433264
VorsichtPassAuf,159,8.806333635981977,7.724079422689655,9.888587849274298,46.86074828431548,35.56475699214834,55.23805730476316,66.8054610023588,43.67065360716752,11.819555703622715,11.913156063948911,11.725955343296521
VorsichtPassAuf,161,9.9887172271725,9.473062086002356,10.504372368342645,43.148287626145745,30.995998631270567,41.119044707195904,42.87979434000336,39.35829507438845,16.411195755666988,19.75822849604552,13.064163015288454
VorsichtPassAuf,163,9.500168148404148,8.286788674557826,10.71354762225047,46.50153802283782,33.47470384069388,50.5539693267643,47.955366761823726,53.15257189170488,12.400122243294334,11.799200049843128,13.00104443674554
VorsichtPassAuf,165,10.266214054872696,8.917722004139211,11.614706105606182,40.22854989949332,33.067593356080025,49.115731580598165,49.42153621125824,48.80992694993808,13.91336121841923,12.382550239604988,15.44417219723347
VorsichtPassAuf,167,10.21881719427177,8.853379080870264,11.584255307673276,43.788830513293284,32.92163219764638,50.44686685989598,51.23037329240993,49.66336042738202,14.890355095657199,14.14457969983774,15.63613049147666
VorsichtPassAuf,169,10.264452275704208,8.136480710152034,12.392423841256385,46.90058493874458,30.42723689694459,37.56030976576761,28.291933153458107,46.828686378077116,13.829728409651471,11.495755258892501,16.16370156041044
Waschen,131,14.020136373534797,14.740860346977898,13.299412400091695,65.31512786552825,57.89143457568488,70.37451325803819,60.68789077695302,80.06113573912337,25.846520503418162,28.00056765386469,23.692473352971632
Waschen,133,14.772168370838475,15.705182594176241,13.839154147500711,67.55150744636288,59.82911399653623,78.76463925253904,58.252860727285295,99.27641777779277,26.918070728745498,29.0043628393461,24.83177861814489
Waschen,135,14.9254174621473,15.922169147641181,13.928665776653418,71.25006032664307,63.80605648112696,77.82763483749625,59.68204730069949,95.973222374293,26.11498198610163,27.88822280010186,24.341741172101397
Waschen,137,15.08110325064046,17.89226773713017,12.269938764150751,73.91360742984936,68.82657900701084,77.4515412027257,58.20806281989716,96.69501958555425,26.086969333591224,29.85135802952031,22.32258063766214
Waschen,139,13.678033489374567,15.559782928619939,11.796284050129197,77.04967031738676,72.33149013788663,87.80872332420707,61.25852302618128,114.35892362223285,24.7009434167989,28.450908471871056,20.950978361726744
Waschen,141,15.540746352836075,19.228633912767112,11.852858792905039,75.24581786363,71.21793773314049,83.90777580582576,64.27347796820172,103.5420736434498,25.51056062442255,28.715010023006517,22.30611122583858
Waschen,143,17.447931395881064,21.20799757108878,13.687865220673345,68.86143644678188,64.20310323371717,75.45118177064236,64.84887928289491,86.0534842583898,28.153391662550305,31.10574589386024,25.20103743124037
Waschen,145,17.58221323672985,20.37375425585624,14.79067221760346,69.78059482755648,63.544406344654384,71.64447039250106,60.86763217141422,82.42130861358791,27.561779593988245,28.509613056664747,26.613946131311742
Waschen,147,16.226553716831617,21.566252840674593,10.886854592988643,71.30965653340829,57.22242612892592,66.93438906841146,60.70914123300763,73.15963690381528,26.150259980085302,31.92362619205289,20.376893768117718
Waschen,149,16.7863417727418,20.817728674756097,12.754954870727506,67.16197058034162,57.82947463504409,68.44768602066459,57.521204958641526,79.37416708268766,24.88877387489692,29.467893957537644,20.309653792256196
Waschen,151,17.183353870829833,20.744891437769326,13.621816303890343,75.18076132460776,66.02154268490347,80.04152507195361,61.224531135571986,98.85851900833525,28.440703112550025,30.362832115373926,26.518574109726128
Waschen,153,17.325948177196665,20.78855729455116,13.86333905984217,72.30514094649864,65.99408610972766,87.55433491314318,59.72221330941606,115.38645651687031,27.48859960509528,30.095942388779648,24.881256821410915
Waschen,155,17.155279913253914,20.982185417780943,13.328374408726882,67.34548398999775,61.15150313777742,79.0313314391754,60.09484816042334,97.96781471792745,25.080147528203533,28.541476184044996,21.618818872362073
Waschen,157,17.448343347739424,20.952322246266128,13.944364449212717,65.90220521759733,62.31113409653384,75.76179219177601,60.01238400085653,91.51120038269548,27.541054051098904,31.182589792746928,23.899518309450883
Waschen,159,16.4447053497357,20.156097859072812,12.733312840398586,75.4316839242467,70.1407090822136,79.20998652721173,59.49698080843528,98.92299224598818,24.196520794856852,27.272307114373874,21.120734475339827
Waschen,161,17.37702486384454,20.64155909141345,14.112490636275627,70.45990110209354,63.105581919012884,70.55482821497455,58.516218399537195,82.59343803041192,25.609978302043913,27.74777343763405,23.472183166453778
Waschen,163,16.94740789155824,20.39115514840026,13.503660634716217,66.27963142427357,59.59989773356724,72.90363395422115,58.65826793375208,87.14899997469023,26.433237439643086,28.92447970751878,23.941995171767395
Waschen,165,16.785396187873246,20.322829161455875,13.247963214290618,69.83960313141496,62.493989104575775,79.99268002213826,61.07389678089937,98.91146326337714,25.73441883720176,29.34799798466621,22.120839689737302
Waschen,167,17.008839359801577,20.767990158785434,13.249688560817722,69.39345676413093,61.31773543368515,82.51817886082424,59.15113543530406,105.8852222863444,25.139328421080865,28.548479693812542,21.73017714834919
Waschen,169,16.598476154188305,20.670737662831925,12.526214645544686,69.46125438306888,59.43928959409566,79.04471767387155,59.17164758383686,98.91778776390623,24.198593297862878,28.324070158812344,20.073116436913416
Waschen,171,17.102094507634135,20.86246611047469,13.34172290479358,69.91502369564786,57.72754693720946,76.92721616224277,60.824691838035,93.02974048645054,26.894373400409954,30.30258842050023,23.486158380319683
Waschen,173,17.27694759117798,20.580133160865024,13.973762021490938,68.75328184852171,59.35852517804288,76.88832910139634,58.32791047683182,95.44874772596086,26.890031660311465,29.706529855764426,24.0735334648585
Waschen,175,17.03936222649713,20.337826825760676,13.740897627233583,70.90893008245658,59.87003684624354,77.00876486386517,57.6073530172091,96.41017671052124,27.012393330743173,30.021331644365272,24.00345501712107
Waschen,177,16.710577100415982,20.44864460878341,12.972509592048553,70.416161894247,59.66876733999678,72.08424573563033,58.531561214475715,85.63693025678496,26.614037647574563,29.651016598219034,23.577058696930095
Waschen,179,16.524664589530968,19.959812873427598,13.089516305634335,72.87957928961731,62.09795607916593,79.03872387368224,58.93973809174864,99.13770965561584,26.387152459332356,29.782243006685167,22.992061911979544
Waschen,181,16.642745021843787,20.739213034969474,12.546277008718096,70.61536761371063,61.1293125353541,77.85687235163181,57.8185785900917,97.89516611317192,26.697313633001436,30.50806191100219,22.88656535500068
Waschen,183,16.40351888828016,20.228265819173732,12.578771957386593,73.98872057422116,63.17768350777793,78.11355093029967,57.950607039466384,98.27649482113294,26.46862819212759,30.66006850741514,22.277187876840042
Waschen,185,16.54687121295862,20.682358477737385,12.411383948179859,68.59820817655506,60.396379000808224,72.22755993794196,59.04708675929428,85.40803311658964,26.26595496936232,29.35045657811746,23.18145336060718
Waschen,187,16.504999056321108,20.407664749649488,12.602333362992727,70.83574830776416,62.0413391495752,78.96531513727437,61.67391870386968,96.25671157067907,26.186298478257136,29.137286345461355,23.23531061105292
Widerspruch,134,13.061575503847203,13.757070038526177,12.36608096916823,64.07850187158147,57.42777498977299,62.508019687410425,62.95315386601154,62.06288550880931,24.454605132754942,28.1166607262929,20.79254953921699
Widerspruch,136,13.115425765532358,14.84425581441189,11.386595716652824,69.55990087774605,60.906605468166674,58.85202725790707,53.74094567324948,63.96310884256466,26.579896816754825,34.85734286607701,18.302450767432642
Widerspruch,138,12.190260746041456,14.103724971169857,10.276796520913058,64.98765158292721,58.90179502711151,64.17782682729498,56.2518964379632,72.10375721662675,20.678872859616668,30.1342026916684,11.223543027564935
Widerspruch,140,12.01030456041994,14.934451016108854,9.086158104731025,62.09415400634433,63.14335483083339,65.71703232115738,41.444748911295875,89.98931573101886,22.662576197231637,32.59397452749559,12.731177866967686
Widerspruch,142,13.011663022761994,16.95961257704234,9.063713468481648,60.36765832634035,78.96716891238732,73.97875888870325,49.998796085994385,97.95872169141211,24.770749958188937,39.36536089907204,10.176139017305838
Widerspruch,144,13.829364768855292,16.681959038167584,10.976770499543,53.234491618647155,54.65207357486882,66.54986197613043,48.17018531004441,84.92953864221646,26.09967962947818,39.997627764342774,12.201731494613586
Widerspruch,146,13.84546891082476,17.02266831642379,10.66826950522573,55.13571565383797,54.30125301638344,69.51897867127407,54.40096693300077,84.63699040954738,26.880058939862508,41.88799276632926,11.872125113395755
Widerspruch,148,12.886932261411037,16.228374752363216,9.545489770458857,48.030283348389744,52.47090621979677,60.34980564452252,40.61651551811641,80.08309577092862,26.706370310600022,41.085125057369254,12.327615563830793
Widerspruch,150,13.814653327184049,17.375287927986097,10.254018726382,46.28802994032965,54.60906295269717,67.39447733176746,43.903066213168216,90.8858884503667,27.232956546641624,41.174321182323666,13.291591910959582
Widerspruch,152,13.548299472259679,16.029352770375084,11.067246174144275,48.5760870722097,53.836199582019056,71.36357532289921,42.99762670281305,99.72952394298535,26.21577860756895,39.063662947989116,13.367894267148781
Widerspruch,154,13.609308554725041,15.915876888340723,11.30274022110936,51.98493815524194,58.20907336347407,74.64295105141427,38.48326006435884,110.80264203846971,27.48780168626147,40.80466455186275,14.17093882066019
Widerspruch,156,14.378182463678186,17.35461540413538,11.401749523220992,50.01973265419057,57.90370557651602,83.82074405480951,54.47865204063813,113.16283606898088,28.34200817524887,42.46420477961344,14.219811570884307
Widerspruch,158,13.080704628279628,15.995232266351827,10.166176990207429,46.55493094708685,50.51640492072602,68.89637908572999,38.65163583254366,99.1411223389163,27.111515912782377,40.70318909927428,13.519842726290468
Widerspruch,160,13.096892162177673,16.602022055203545,9.5917622691518,47.006144701899636,51.79981756341477,72.31724906188941,44.050706689406915,100.5837914343719,26.572982028486937,40.064350123537416,13.081613933436456
Ziel,126,14.758712655376968,13.691658701953465,15.825766608800473,57.39586557674802,59.254398589272206,119.75912660472979,122.3740446907394,117.14420851872018,23.16771759366047,18.430685321538185,27.904749865782755
Ziel,128,14.795107832213588,14.317805763360784,15.272409901066391,52.35705931177755,52.19576913381581,100.90833263259283,97.00335786723322,104.81330739795244,23.52158825290513,20.543968575390505,26.499207930419754
Ziel,130,14.466329113818173,14.621920964040664,14.31073726359568,52.564091948848805,54.799070042941544,107.05109919528363,99.67784110130859,114.42435728925865,21.70038155884435,18.427777303336555,24.972985814352143
Ziel,132,13.581033700647662,13.369962463317567,13.79210493797776,53.42709675361279,54.11213751821129,98.83601092032387,94.96909545560722,102.70292638504051,20.035549196823993,16.439409173948317,23.631689219699673
Ziel,134,13.727390695496748,13.560110463176565,13.894670927816932,56.924722507412405,53.31622135909808,95.83699754934935,91.00474604690451,100.66924905179417,20.616537533286454,15.396970853544744,25.83610421302816
Ziel,136,12.805072956865507,12.959604967026948,12.650540946704066,55.82805738926306,55.08092895618374,91.23542068593909,95.60404523235172,86.86679613952647,19.60231966301378,14.928958561688207,24.275680764339356
Ziel,138,12.705319873096492,12.891499984842284,12.519139761350699,56.02107997936312,54.32745003071664,83.47563552652005,93.17247573016041,73.7787953228797,18.914518257166815,15.425368566771178,22.403667947562454
Ziel,140,12.816927961714933,13.269893353177999,12.363962570251868,61.32045411303308,54.24604692664947,75.82077234610878,88.01362424756006,63.6279204446575,19.9806976228677,17.809702024424027,22.151693221311373
Ziel,142,12.996555175736002,13.804766678271728,12.18834367320028,53.369093836077795,49.40088929067446,68.55404487606316,78.64904871542498,58.45904103670135,18.82052964202576,15.770877738995944,21.87018154505558
Ziel,144,12.79560066457001,13.715657690638698,11.875543638501322,59.85365023969375,51.05569647029347,77.86957885345262,97.74916467893736,57.98999302796787,16.7139669919697,15.497493305822767,17.930440678116632
Ziel,146,12.629001536536151,13.174178686322275,12.083824386750026,59.5955115002687,53.317715598165385,78.98046758477949,99.08556248815164,58.875372681407335,18.135722605127008,16.75925856010916,19.51218665014485
Ziel,148,12.40328800342534,13.177708885004895,11.628867121845785,59.66042802407399,50.633480961055746,75.82797828371487,91.25460697563562,60.401349591794116,17.703108061075362,19.79435007927057,15.611866042880155
Ziel,150,12.692116083293877,13.117325053699123,12.266907112888632,56.24984962598403,48.403799974430676,80.01849830718649,95.70788199107885,64.32911462329412,17.14980146945565,17.098989047111726,17.200613891799573
Ziel,152,12.772622760893386,13.13633952668139,12.408905995105382,56.09530233173183,49.77712748706487,75.29949314711533,90.07058158416847,60.528404710062205,16.792891268448976,15.701636826707894,17.884145710190058
Ziel,154,13.142254717585239,13.315930371804782,12.968579063365697,54.20017404684203,51.620269942606626,77.35521163957137,88.51401506560481,66.19640821353791,15.889173172053189,15.076910560789809,16.70143578331657
Ziel,156,13.153209789987102,13.240069975365765,13.066349604608437,53.88890336014194,46.521646585579134,69.40539032155169,77.39340427648325,61.417376366620125,17.35733309578919,16.774673297666205,17.939992893912176
Ziel,158,13.420744371323849,13.828009338463074,13.013479404184622,44.24990488432698,45.214347139714036,73.03557057879797,78.37398950452395,67.69715165307198,15.199659451600684,14.331163828330238,16.06815507487113
Ziel,160,13.236514437613046,13.551079120438027,12.921949754788066,53.41061186892945,46.83192684490848,69.65442376506239,76.3246307474085,62.984216782716274,16.176489942701583,15.096637477221178,17.256342408181986
Ziel,162,13.174576430570484,13.532248523248835,12.816904337892133,55.56476691527532,49.12114699086461,72.39127987715247,78.01534047251678,66.76721928178816,16.68183698282383,15.675903124359573,17.687770841288092
Ziel,164,13.26549708243807,14.049797130521092,12.481197034355047,55.82261494452719,47.854846400648654,74.81813200238257,84.43111249427764,65.2051515104875,17.141055663541906,17.18436562121282,17.097745705870988
Ziel,166,13.206688256727574,14.189958833708125,12.223417679747024,59.06628868654371,49.399586003590315,73.68035827741826,82.81497174681913,64.5457448080174,16.030069151090935,15.448796720816322,16.611341581365544
Ziel,168,13.075638906808916,13.92355576332484,12.227722050292993,61.44879017003303,51.269537301513246,75.59587681772062,83.98287430955047,67.20887932589078,17.13329785719588,16.59757180377783,17.669023910613934
Ziel,170,13.011068420825179,13.931908804922264,12.090228036728094,61.708898628083,51.13005607165722,81.21541918779718,98.1451789398034,64.28565943579096,17.61070735809701,18.199260629615367,17.022154086578656
Ziel,172,13.03129020255815,14.040814971948441,12.021765433167857,63.93812568147221,51.992890537527195,78.92390447937123,91.81819213550364,66.02961682323881,17.179724019928813,16.64974178623911,17.70970625361851
Ziel,174,12.841234010671599,13.693873638295766,11.98859438304743,55.37255504390186,46.38678273437809,81.1098075967696,99.07906522619568,63.14054996734353,16.328932312500644,15.526560797989639,17.13130382701165
Ziel,176,12.909341382134564,13.841357449967864,11.977325314301263,56.937872425865685,46.27479259288404,70.48245660361196,78.6049778076046,62.359935399619324,16.530978833832965,15.607965747787448,17.45399191987848
Ziel,178,12.823288486048746,13.539876716664201,12.106700255433289,56.95273900292328,48.15135052708582,71.96814595715605,78.79647158180144,65.13982033251065,17.297375069781374,16.305874149537832,18.288875990024916
Ziel,180,12.768557441442304,13.685548441865036,11.851566441019575,56.37214373502148,47.8065061440334,77.86921143556987,92.5011288547862,63.237294016353516,15.376720572722718,15.01991319966051,15.733527945784926
Ziel,182,12.938952670579223,13.72800982581707,12.149895515341374,58.84282545473043,47.680166133387466,72.38803512066059,81.115658306794,63.66041193452719,16.80919738429023,15.938513617367429,17.679881151213028
Ziel,184,12.907892411007394,13.760484355867868,12.05530046614692,57.927825340717675,48.596592543393044,70.23392770305033,77.28362689774181,63.184228508358835,16.664918020244137,15.9605500607153,17.36928597977297
reparieren,119,11.814902122630318,14.14760704028392,9.482197204976718,66.29583178113081,53.10641187744802,61.58253853864476,49.08003149585495,74.08504558143457,18.602170547711868,25.602181214376245,11.602159881047493
reparieren,121,12.08359435042114,14.444909563130402,9.72227913771188,58.34805705011335,45.945996922915604,49.378304889502374,40.05614495510306,58.70046482390168,18.46060155030479,25.046405770707942,11.874797329901638
reparieren,123,11.622333101709561,14.13058441127697,9.114081792142153,61.694188182991795,49.428192044129915,51.09474917246274,37.36566354794781,64.82383479697768,17.083234679319386,23.053664975222276,11.112804383416496
reparieren,125,11.292223154342558,12.962413789731906,9.622032518953212,55.08319380857415,47.12913123012642,50.70743286590803,34.43901668097844,66.97584905083762,15.866816924872836,20.14852624790809,11.58510760183758
reparieren,127,11.891150792323877,13.431285544312432,10.351016040335322,54.06044129541359,47.01291138704282,60.499132930000926,34.804519454373626,86.19374640562822,16.909455904217953,21.82330240037518,11.995609408060725
reparieren,129,11.295210836877914,12.985043603114045,9.605378070641782,50.631418993178976,44.23040233291941,62.257557016699614,43.72549991138047,80.78961412201876,15.803553564133196,20.71711507710323,10.88999205116316
reparieren,131,11.9549069500963,13.541722629342313,10.368091270850286,61.79984608772366,59.723539288140636,75.49645029444959,51.67660051052389,99.31630007837528,18.01619724931116,24.03576765487354,11.99662684374878
reparieren,133,12.134737967501186,13.886635926458343,10.38284000854403,63.018344118352985,57.588803098912216,72.5917628865021,42.77681543914617,102.40671033385803,19.17485341179922,25.39668683283466,12.953019990763778
reparieren,135,12.068352239412551,14.209387263902427,9.927317214922677,70.35774605353556,64.18251053409378,71.8402913700977,46.4899090136807,97.1906737265147,18.893764276848287,24.838470895283493,12.949057658413082
reparieren,137,12.581069511213526,15.12288281493896,10.039256207488092,77.03712555331394,70.76740654511806,80.15377858043632,60.82588489071589,99.48167227015675,22.69857793243957,31.222314575492575,14.174841289386565
reparieren,139,11.553204995333832,14.354238749832861,8.752171240834805,66.16038505661842,60.32341553404931,59.75165785806472,39.343973437934245,80.1593422781952,17.892383433221003,23.63419013470888,12.150576731733127
reparieren,141,11.516870767938652,14.14568716387801,8.888054371999296,63.15822654633618,52.0169090617842,60.302831463056634,37.076702140061016,83.52896078605225,19.220143010099495,24.678646367318063,13.761639652880927
reparieren,143,12.774990304068908,14.553588324292148,10.996392283845665,56.49828516355923,49.410919537941,60.72935853964446,37.576167857229805,83.88254922205911,18.059142032415668,23.212999391748674,12.90528467308266
reparieren,145,11.90113743367462,13.635165542165263,10.167109325183977,56.705800480982994,48.58599714544666,56.25862785012404,34.506100656377136,78.01115504387096,17.170833938168798,22.463297325491094,11.8783705508465
reparieren,147,11.7726318205051,13.693376647478594,9.851886993531606,57.0535593695077,48.325610139438,56.61064379271795,33.459092008465596,79.76219557697031,16.901862850741036,22.399823770615875,11.4039019308662
reparieren,149,12.519472725564379,14.441631610516238,10.59731384061252,58.3306021103086,50.352398269733186,61.34540452754413,40.9673396113508,81.72346944373747,18.07929784138712,23.489415917319732,12.669179765454507
reparieren,151,12.298601689733214,14.175674242297413,10.421529137169017,66.35953803451864,58.25493559207303,72.63674748538077,45.84012559903583,99.4333693717257,19.169989851174282,25.532885278167228,12.807094424181338
reparieren,153,12.007827746926438,13.936357845973056,10.07929764787982,67.56070354928957,58.71680415369155,64.81714705813089,43.37478881194648,86.25950530431528,18.900548184193486,24.735676242764004,13.065420125622968
reparieren,155,12.085957749166251,14.083916000467667,10.087999497864837,64.80395428319565,53.68760970176102,59.13248102767744,41.630347832358616,76.63461422299626,18.69719243803749,24.340485867406503,13.05389900866848
reparieren,157,13.385166701153533,16.849118838808636,9.921214563498433,60.10739058034309,49.920390364661756,55.309275403249984,40.6471367837206,69.97141402277937,21.822675019516367,31.178720682449054,12.466629356583685
reparieren,159,12.143660368498171,14.533209116547,9.75411162044934,59.19986930033873,48.77168003032436,54.412448636749396,39.184167463838165,69.64072980966063,17.67455360089793,23.217406691386966,12.131700510408896
reparieren,161,12.822033904938225,14.09832107392162,11.54574673595483,62.77616250876454,52.18164818781167,56.75903109270638,32.58219748170817,80.93586470370458,18.541427622185232,23.092744073351454,13.990111171019011
