clip_id,frame_id,method,one_handed_class_0,tr_all_mm,tr_left_hand_mm,tr_right_hand_mm,tr_upper_body_minus_face_mm,tr_upper_body_minus_head_mm,tr_upper_body_mm,v2v_left_wrist_mm,v2v_right_wrist_mm
Ablehnen,149,SIGNAL4D_EXT_ARM_BA_V4,False,46.22765843322452,15.09917292303787,15.791802989721955,26.531293499839588,37.2977485992855,23.922747713945967,15.09917292303787,15.791802989721955
Ablehnen,151,SIGNAL4D_EXT_ARM_BA_V4,False,44.158945652706,16.781295160835285,19.2102510776003,26.72515275693869,38.8220212500073,23.943916653758713,16.78129516083528,19.2102510776003
Ablehnen,153,SIGNAL4D_EXT_ARM_BA_V4,False,45.77388417102505,15.704190070751627,12.85908335212528,28.593551950142988,40.52590324576377,25.644220987572606,15.70419007075163,12.859083352125278
Ablehnen,155,SIGNAL4D_EXT_ARM_BA_V4,False,45.63286428000152,15.65035887216535,14.25564643139689,30.94920472865132,46.96453273898947,26.93555949342908,15.65035887216535,14.255646431396892
Ablehnen,157,SIGNAL4D_EXT_ARM_BA_V4,False,44.54746010095104,14.465932011776953,11.478203450991359,31.524609371526875,51.79551415512161,26.52887944110009,14.46593201177695,11.478203450991359
Ablehnen,159,SIGNAL4D_EXT_ARM_BA_V4,False,44.85510703440004,15.844309690514848,9.254038130445863,31.51190314850654,53.604014633163644,26.28869417808972,15.844309690514848,9.254038130445865
Ablehnen,161,SIGNAL4D_EXT_ARM_BA_V4,False,50.30987646310976,15.561481816029948,7.695694071806119,30.36221847943579,51.33131106994724,25.45809163858821,15.561481816029948,7.695694071806121
Ablehnen,163,SIGNAL4D_EXT_ARM_BA_V4,False,44.59449609038139,14.775101069733433,7.987504555847872,30.48862806725195,51.38055797031762,25.508617671917364,14.775101069733433,7.987504555847874
Ablehnen,165,SIGNAL4D_EXT_ARM_BA_V4,False,45.50047160127159,13.709584440686353,8.125661995885725,29.615728205439453,48.912258595313,24.87346457422199,13.709584440686356,8.125661995885727
Ablehnen,167,SIGNAL4D_EXT_ARM_BA_V4,False,41.09791807542108,14.056316772232968,7.1924186867031485,29.49533385198168,47.58798254403573,24.895217396675715,14.056316772232968,7.192418686703147
Ablehnen,169,SIGNAL4D_EXT_ARM_BA_V4,False,41.63748296925397,15.320608428095642,6.586526812835519,26.09755717884075,42.62982814399372,22.004212931614454,15.320608428095644,6.586526812835522
Ablehnen,171,SIGNAL4D_EXT_ARM_BA_V4,False,42.44029894168449,14.806762887995284,7.324521539237317,27.609739163739043,44.78847164656364,23.29441811490542,14.806762887995285,7.324521539237317
Ablehnen,173,SIGNAL4D_EXT_ARM_BA_V4,False,40.8880330855873,14.48462659607292,7.051275582580423,27.66695463683826,44.24778961525029,23.441155625291305,14.48462659607292,7.051275582580424
Ablehnen,175,SIGNAL4D_EXT_ARM_BA_V4,False,39.93594127950446,14.285544460702095,8.40349704125445,29.165411700290196,47.3297907665563,24.650203725426092,14.2855444607021,8.403497041254452
Akzeptieren,124,SIGNAL4D_EXT_ARM_BA_V4,False,39.317831449692854,7.62319356283105,7.579265743724772,30.111444187923162,42.91312153329582,25.8500667129877,7.623193562831052,7.579265743724772
Akzeptieren,126,SIGNAL4D_EXT_ARM_BA_V4,False,36.75551148428663,7.668437237694672,6.922716204247332,29.513520831573793,39.85537037734533,25.661294256054493,7.668437237694675,6.922716204247333
Akzeptieren,128,SIGNAL4D_EXT_ARM_BA_V4,False,39.587694102683365,7.958314956706772,6.176692652772643,32.29266398638508,41.32871985646662,28.35150216831564,7.958314956706772,6.1766926527726405
Akzeptieren,130,SIGNAL4D_EXT_ARM_BA_V4,False,39.16884009593303,8.69937067999349,6.294470923599126,30.388349053157423,38.30885014496784,26.790474402976063,8.69937067999349,6.294470923599126
Akzeptieren,132,SIGNAL4D_EXT_ARM_BA_V4,False,41.996880483672,9.681880106727764,6.293486081579945,31.359287427028406,38.633080627204556,27.781924220029847,9.681880106727766,6.293486081579946
Akzeptieren,134,SIGNAL4D_EXT_ARM_BA_V4,False,40.91115341767783,10.936260205349042,5.7793631176819655,33.40963094313457,38.26867279360048,29.93257333642313,10.936260205349042,5.779363117681968
Akzeptieren,136,SIGNAL4D_EXT_ARM_BA_V4,False,43.252649723273564,10.180959089466134,5.719186027107991,35.645640882000556,39.95585721382706,31.97885727923104,10.180959089466134,5.719186027107995
Akzeptieren,138,SIGNAL4D_EXT_ARM_BA_V4,False,42.437198018141494,10.058361645618973,6.140720781470366,37.74467627137406,40.015602227802674,34.124190262779976,10.058361645618975,6.140720781470365
Akzeptieren,140,SIGNAL4D_EXT_ARM_BA_V4,False,40.99882369501642,10.484646521979494,6.262216050286929,33.005486069945036,38.858536595149054,29.48626836445967,10.484646521979494,6.262216050286926
Akzeptieren,142,SIGNAL4D_EXT_ARM_BA_V4,False,40.123673633880145,10.621824706777046,6.367208687118253,30.220027742633214,36.11063986717603,27.018189025882933,10.621824706777046,6.36720868711825
Akzeptieren,144,SIGNAL4D_EXT_ARM_BA_V4,False,43.191737765644106,10.12804926777535,7.900290220275955,33.69019916651299,38.32669463102333,30.476533380332942,10.12804926777535,7.900290220275955
Akzeptieren,146,SIGNAL4D_EXT_ARM_BA_V4,False,43.82158474527592,8.755631162544473,7.90693308803894,35.61770441250316,36.469908526621474,32.772893121960486,8.755631162544471,7.90693308803894
Akzeptieren,148,SIGNAL4D_EXT_ARM_BA_V4,False,43.905806471560936,8.526746228577291,7.935496403965609,27.03154850605327,35.165681755065506,24.11565102340171,8.526746228577293,7.935496403965611
Akzeptieren,150,SIGNAL4D_EXT_ARM_BA_V4,False,45.39991163557642,7.885456660024902,7.256726417039706,26.072193037894607,34.953273132607315,22.96223581754407,7.885456660024902,7.256726417039706
Akzeptieren,152,SIGNAL4D_EXT_ARM_BA_V4,False,44.63047841864232,8.709684955447262,7.5195748230499415,23.383214011371468,34.71711346617644,20.528233398941918,8.709684955447264,7.519574823049943
Akzeptieren,154,SIGNAL4D_EXT_ARM_BA_V4,False,39.64997812595875,7.980924187830781,7.754338024167801,23.74478517751085,32.287597959214054,21.003294262035023,7.9809241878307775,7.7543380241678
Akzeptieren,156,SIGNAL4D_EXT_ARM_BA_V4,False,40.31281701138784,8.557048974375485,6.878617845712681,21.5568505183121,30.986019194397354,19.33307526342247,8.557048974375485,6.878617845712682
Akzeptieren,158,SIGNAL4D_EXT_ARM_BA_V4,False,37.559134707076886,8.319129666294938,6.519207084394693,22.604662111595413,28.964171306421115,20.185185863681014,8.31912966629494,6.519207084394691
Akzeptieren,160,SIGNAL4D_EXT_ARM_BA_V4,False,38.933668389116136,7.857205995012528,6.908131827077942,22.227573501060775,30.11089496559001,19.95382957928508,7.85720599501253,6.908131827077942
Akzeptieren,162,SIGNAL4D_EXT_ARM_BA_V4,False,39.133290681101506,7.568958090175067,6.952220968486478,25.339044866761256,29.83270496205059,22.88730520049363,7.568958090175067,6.952220968486476
Akzeptieren,164,SIGNAL4D_EXT_ARM_BA_V4,False,41.252797358882965,7.152156260312255,6.666776921460373,25.623025503750778,30.640127940441637,23.16780571685807,7.152156260312255,6.666776921460375
Akzeptieren,166,SIGNAL4D_EXT_ARM_BA_V4,False,41.20396256738473,7.707710722489234,7.071563517062978,25.253750870619953,31.587998523998838,22.708186612884283,7.7077107224892325,7.071563517062979
Akzeptieren,168,SIGNAL4D_EXT_ARM_BA_V4,False,41.29263552528408,7.5151696696856405,6.9937146413808495,28.233123269229928,30.655080903169946,25.772760792220584,7.5151696696856405,6.993714641380847
Akzeptieren,170,SIGNAL4D_EXT_ARM_BA_V4,False,39.36263953503122,6.860174432290898,7.627019304299175,26.71592383517718,30.67520958673547,24.131462342427454,6.860174432290898,7.627019304299173
Akzeptieren,172,SIGNAL4D_EXT_ARM_BA_V4,False,41.46391251992206,7.951609359835519,6.950514144620896,24.233389020593968,31.533572974236055,21.596856376320318,7.951609359835521,6.950514144620897
Akzeptieren,174,SIGNAL4D_EXT_ARM_BA_V4,False,42.45089987145577,8.243411806193153,7.28689002047103,22.967803207369283,31.884334335489857,20.320949174933805,8.243411806193153,7.28689002047103
Akzeptieren,176,SIGNAL4D_EXT_ARM_BA_V4,False,40.72975293955966,7.267838834579809,7.189620954332194,26.549277363844556,31.358452833320325,23.82337611042145,7.267838834579809,7.189620954332193
Akzeptieren,178,SIGNAL4D_EXT_ARM_BA_V4,False,41.737985798724566,7.507849415719221,6.914176140110598,24.06742376389153,31.65759542892022,21.216581992382814,7.507849415719221,6.914176140110602
Akzeptieren,180,SIGNAL4D_EXT_ARM_BA_V4,False,42.418891507554044,7.493002105189619,7.400396190831339,24.79641203935429,32.60971269383508,22.018620998959644,7.493002105189619,7.4003961908313425
Akzeptieren,182,SIGNAL4D_EXT_ARM_BA_V4,False,41.97397787996653,7.4901508029288255,7.231203784756253,23.321542035545146,32.26242476909462,20.728416872331245,7.490150802928825,7.2312037847562545
Akzeptieren,184,SIGNAL4D_EXT_ARM_BA_V4,False,43.376065193804756,7.636406821644479,7.063797188394599,23.507829265185467,32.44180643914506,20.845642576960888,7.636406821644479,7.063797188394599
Arzt,166,SIGNAL4D_EXT_ARM_BA_V4,False,43.17595918054131,10.837219660930579,12.318046410831771,24.585203701050787,33.62147002561531,22.2183873790953,10.837219660930582,12.318046410831773
Arzt,168,SIGNAL4D_EXT_ARM_BA_V4,False,41.142811841096226,11.260838754450385,11.40407129448229,22.1947106762179,32.381019732904115,20.213235841095656,11.260838754450388,11.40407129448229
Arzt,170,SIGNAL4D_EXT_ARM_BA_V4,False,43.673821393895864,11.48969699265353,9.641110968585622,21.90601738738731,31.97474677371883,19.800687239936384,11.48969699265353,9.64111096858562
Arzt,172,SIGNAL4D_EXT_ARM_BA_V4,False,43.08853549316485,11.59651233313483,9.86911855217479,21.52072902255529,32.010935781397585,19.24531862528677,11.596512333134832,9.86911855217479
Arzt,174,SIGNAL4D_EXT_ARM_BA_V4,False,46.0045153444612,11.504822376123332,11.079521140887891,23.504170614651507,34.125158090828855,21.0819968149557,11.504822376123332,11.079521140887891
Arzt,176,SIGNAL4D_EXT_ARM_BA_V4,False,46.73210256540856,11.015483977111945,10.193250697768846,23.365887588246277,33.51939400276613,21.023902821624542,11.015483977111945,10.193250697768844
Arzt,178,SIGNAL4D_EXT_ARM_BA_V4,False,47.35528216051101,11.279519683944951,10.934707078356052,23.478041935922473,32.615913952824066,21.071144144497634,11.27951968394495,10.934707078356054
Arzt,180,SIGNAL4D_EXT_ARM_BA_V4,False,44.077286126098954,10.898958166353136,10.435224612858365,22.12266717052924,33.253515505566696,19.966300724357534,10.89895816635314,10.435224612858367
Arzt,182,SIGNAL4D_EXT_ARM_BA_V4,False,46.62435059202355,11.08405120642091,10.964579417941339,23.008217121616592,32.89920183817811,20.320962704674447,11.08405120642091,10.964579417941339
Arzt,184,SIGNAL4D_EXT_ARM_BA_V4,False,46.50233642453177,11.740480622535305,11.383408865156394,21.36632567095465,32.91800931702715,18.622899434266948,11.740480622535305,11.383408865156394
Arzt,186,SIGNAL4D_EXT_ARM_BA_V4,False,45.06526141902558,12.555241633595369,10.032017886052627,21.01997744179204,30.991918683744284,18.382181062759678,12.555241633595369,10.032017886052627
Arzt,188,SIGNAL4D_EXT_ARM_BA_V4,False,44.4065978278601,13.344134870862993,9.060253377538837,21.068646775263943,31.99870669750208,18.353045916014644,13.34413487086299,9.060253377538837
Arzt,190,SIGNAL4D_EXT_ARM_BA_V4,False,46.89194378584846,13.113280729079671,8.679626596416476,21.14395900172528,31.900064305900525,18.389883556490346,13.113280729079671,8.679626596416474
Arzt,192,SIGNAL4D_EXT_ARM_BA_V4,False,49.6837768952919,12.700954748013663,9.539837158028316,23.22753434067489,32.61960003914011,20.52832903295513,12.700954748013663,9.539837158028318
Arzt,194,SIGNAL4D_EXT_ARM_BA_V4,False,46.738444064905295,11.941402534553331,9.900926224801038,21.536200413057085,31.763906968799585,18.82016093129004,11.941402534553331,9.900926224801042
Arzt,196,SIGNAL4D_EXT_ARM_BA_V4,False,46.32568358583544,12.273619100186508,11.28744182055984,22.234918926201892,32.57872764422001,19.529633770518906,12.273619100186506,11.28744182055984
Arzt,198,SIGNAL4D_EXT_ARM_BA_V4,False,48.09274997822155,10.442021386405335,9.420993944694901,24.641600315737698,32.98417724408405,21.82521348993646,10.442021386405335,9.420993944694903
Arzt,200,SIGNAL4D_EXT_ARM_BA_V4,False,52.059259647900134,10.25616120157736,12.277962442397538,28.85959185651004,42.23595281018618,25.082729779977157,10.25616120157736,12.27796244239754
Arzt,202,SIGNAL4D_EXT_ARM_BA_V4,False,47.47048150081442,12.766283381910558,11.195011291928232,23.464162370863555,33.253302210654184,20.579877893963214,12.766283381910558,11.195011291928232
Arzt,204,SIGNAL4D_EXT_ARM_BA_V4,False,46.54292591303808,12.632076077099326,11.178685302626914,22.414241596310525,31.996013986059875,19.672577673859628,12.632076077099326,11.178685302626914
Arzt,206,SIGNAL4D_EXT_ARM_BA_V4,False,50.603955768365125,11.989215746675209,10.898012571880988,22.423151394838985,32.61477965585724,19.586790636932424,11.989215746675203,10.898012571880988
AufgebenResignieren,122,SIGNAL4D_EXT_ARM_BA_V4,False,46.201299005300015,13.689519718527121,10.152315840054019,39.83703532132507,53.05290995061121,35.146581177010596,13.689519718527121,10.152315840054019
AufgebenResignieren,124,SIGNAL4D_EXT_ARM_BA_V4,False,51.41800208905431,14.853916599063721,11.6571002736461,46.8925560644366,52.031420212669026,42.37947691944319,14.853916599063718,11.6571002736461
AufgebenResignieren,126,SIGNAL4D_EXT_ARM_BA_V4,False,53.02853861829321,14.640184170408336,12.652474525797855,47.2621821402964,50.865824605629044,43.137181558956804,14.640184170408336,12.652474525797855
AufgebenResignieren,128,SIGNAL4D_EXT_ARM_BA_V4,False,52.762207009086886,13.987857725495815,13.031028098353032,46.94405373019245,49.89692357426839,43.001103014556165,13.987857725495811,13.03102809835303
AufgebenResignieren,130,SIGNAL4D_EXT_ARM_BA_V4,False,51.146371478459635,12.975658198193077,12.504683617786176,45.84624659179859,49.21106596633442,41.94597653461109,12.975658198193075,12.504683617786172
AufgebenResignieren,132,SIGNAL4D_EXT_ARM_BA_V4,False,33.66157796296565,12.336354777166402,12.433339974793038,22.632606570690992,26.18333093202364,21.485947721768607,12.336354777166402,12.433339974793038
AufgebenResignieren,134,SIGNAL4D_EXT_ARM_BA_V4,False,34.87763312069257,10.915443838711626,13.040558614647615,22.58357787438032,29.43119485265932,21.465769480743354,10.915443838711626,13.040558614647614
AufgebenResignieren,136,SIGNAL4D_EXT_ARM_BA_V4,False,35.254361330269475,11.223087334805907,11.849946406437239,22.01646491574248,29.298621609749176,20.856867466174766,11.22308733480591,11.849946406437239
AufgebenResignieren,138,SIGNAL4D_EXT_ARM_BA_V4,False,36.33000945102381,10.06515756631357,10.625189042107042,22.40001060640864,29.626354058029474,21.148169820985718,10.06515756631357,10.625189042107042
AufgebenResignieren,140,SIGNAL4D_EXT_ARM_BA_V4,False,34.87222073985712,9.301111284240168,8.636167846962731,21.421974949385092,27.240664728660732,20.10005457534106,9.301111284240166,8.636167846962731
AufgebenResignieren,142,SIGNAL4D_EXT_ARM_BA_V4,False,37.606172716247826,10.153855698452888,6.889017716547725,25.910703348607672,29.31546668404115,24.19065777156119,10.153855698452888,6.8890177165477215
AufgebenResignieren,144,SIGNAL4D_EXT_ARM_BA_V4,False,39.752099114980865,8.61835944140891,6.927708149336475,31.13337461608645,32.651175750769454,28.787217911365158,8.61835944140891,6.927708149336473
AufgebenResignieren,146,SIGNAL4D_EXT_ARM_BA_V4,False,42.73494219059781,11.576190945201976,8.37950982274665,35.448539412153686,40.92015378094621,31.69103259725201,11.57619094520198,8.379509822746652
AufgebenResignieren,148,SIGNAL4D_EXT_ARM_BA_V4,False,45.33596924513688,11.699446616403337,10.788445673483645,37.70200873403451,44.83125401707211,33.3944564044337,11.699446616403337,10.788445673483649
AufgebenResignieren,150,SIGNAL4D_EXT_ARM_BA_V4,False,48.49988204413185,12.3038021989327,12.650631397623691,44.715652951976416,44.36718256873258,40.75514062780551,12.3038021989327,12.650631397623691
AufgebenResignieren,152,SIGNAL4D_EXT_ARM_BA_V4,False,43.563568076442444,9.71041032195843,10.319717769366534,35.113843596446976,42.05109094710682,31.160304779242654,9.710410321958427,10.319717769366534
AufgebenResignieren,154,SIGNAL4D_EXT_ARM_BA_V4,False,39.54723498773365,10.755206374098364,10.292191861186861,26.02531584518572,41.015716918301,22.13732768626988,10.755206374098362,10.292191861186863
AufgebenResignieren,156,SIGNAL4D_EXT_ARM_BA_V4,False,38.527211649173985,11.178049994039363,11.515949344765485,26.24774679559333,39.76073864965251,22.53004543010597,11.178049994039363,11.515949344765485
AufgebenResignieren,158,SIGNAL4D_EXT_ARM_BA_V4,False,39.18570064216791,11.80313641225802,11.865702891217186,25.639079026166723,38.68922578200938,22.030144147866007,11.80313641225802,11.865702891217188
AufgebenResignieren,160,SIGNAL4D_EXT_ARM_BA_V4,False,43.35123394446483,10.391417514672911,11.101251589422935,27.47780227021911,41.520510470002385,23.953347915012543,10.391417514672911,11.10125158942294
AufgebenResignieren,162,SIGNAL4D_EXT_ARM_BA_V4,False,39.42730010861609,11.031804573722326,11.848576013999919,26.354520024086632,39.33787698736242,22.809002525717844,11.031804573722326,11.848576013999919
AufgebenResignieren,164,SIGNAL4D_EXT_ARM_BA_V4,False,38.824307873584495,11.271810527792871,12.037676964224127,26.50386177180653,38.147386607991194,23.095536389201317,11.271810527792871,12.037676964224127
AufgebenResignieren,166,SIGNAL4D_EXT_ARM_BA_V4,False,38.79205873716442,9.865812750935344,10.932947282291511,27.361083198163715,38.89320947726599,23.860376052835505,9.865812750935344,10.932947282291511
AufgebenResignieren,168,SIGNAL4D_EXT_ARM_BA_V4,False,39.44313842071958,10.613812120405203,10.408232731677401,26.202738169540698,39.820286022372194,22.73680271767531,10.613812120405203,10.408232731677401
AufgebenResignieren,170,SIGNAL4D_EXT_ARM_BA_V4,False,41.76367392224149,10.179465241681172,10.413656779079835,27.81531413314175,41.54049231864591,24.040668901299746,10.17946524168117,10.413656779079831
AufgebenResignieren,172,SIGNAL4D_EXT_ARM_BA_V4,False,42.79252907412218,10.385909647744844,9.907207660805582,28.789165765484597,42.28148658709513,24.93970157735362,10.385909647744844,9.907207660805582
AufgebenResignieren,174,SIGNAL4D_EXT_ARM_BA_V4,False,42.76910522134255,11.170581953149968,9.827156134914894,28.045229210699656,46.27516311785797,23.752394962164722,11.170581953149968,9.827156134914894
AufgebenResignieren,176,SIGNAL4D_EXT_ARM_BA_V4,False,36.075400569377656,11.393437736856809,10.5700198714069,27.965515672134455,39.23383406806427,24.337783223546886,11.393437736856805,10.5700198714069
AufgebenResignieren,178,SIGNAL4D_EXT_ARM_BA_V4,False,41.66625907875586,10.594723923801062,10.134687559017229,27.537160637428496,40.904749431664385,23.88839251007434,10.594723923801064,10.134687559017229
AufgebenResignieren,180,SIGNAL4D_EXT_ARM_BA_V4,False,40.61593172975758,10.573439224577605,10.06603015394875,28.14504269751572,41.014271597333156,24.47641004402416,10.573439224577605,10.066030153948754
AufgebenResignieren,182,SIGNAL4D_EXT_ARM_BA_V4,False,37.400407391665965,10.488837776329023,9.899084802340534,26.06075683759504,39.83098430426987,22.30994542818041,10.488837776329017,9.899084802340536
AufgebenResignieren,184,SIGNAL4D_EXT_ARM_BA_V4,False,45.915917477617676,10.290592836294424,9.849854356349184,29.238955770018368,41.81343248599842,25.561930511042267,10.290592836294426,9.849854356349182
AufgebenResignieren,186,SIGNAL4D_EXT_ARM_BA_V4,False,37.60948290573849,11.028715648383125,10.722806164260898,26.072420275431185,39.70952637565478,22.345284088031285,11.028715648383125,10.722806164260898
AufgebenResignieren,188,SIGNAL4D_EXT_ARM_BA_V4,False,43.03862893577176,10.020866054743578,9.549916136985873,28.92887304294852,42.376598319110734,25.166188748429555,10.020866054743578,9.549916136985871
AusgebenGeldVerschwenden,120,SIGNAL4D_EXT_ARM_BA_V4,False,45.351883479729146,15.115749887728034,12.952167809408532,23.092945200584666,35.15741901842209,20.26959056676486,15.115749887728034,12.952167809408532
AusgebenGeldVerschwenden,122,SIGNAL4D_EXT_ARM_BA_V4,False,44.702775182218545,14.164392006056392,17.189971132221586,24.72824276738531,37.157456999252545,21.587907108443172,14.164392006056394,17.189971132221583
AusgebenGeldVerschwenden,124,SIGNAL4D_EXT_ARM_BA_V4,False,38.61397055763994,16.182399728642935,14.684814609440412,26.373553380122218,39.308961522962534,23.388258529302597,16.182399728642935,14.684814609440412
AusgebenGeldVerschwenden,126,SIGNAL4D_EXT_ARM_BA_V4,False,40.954624179041375,13.64091314439056,14.771120949334621,30.44571031740714,44.792403909582156,26.634600657259583,13.64091314439056,14.771120949334621
AusgebenGeldVerschwenden,128,SIGNAL4D_EXT_ARM_BA_V4,False,36.70956446238694,14.75312370047794,14.770270872283275,29.06634457109436,44.75869215849674,24.986993531709288,14.753123700477937,14.770270872283275
AusgebenGeldVerschwenden,130,SIGNAL4D_EXT_ARM_BA_V4,False,40.2555557190471,13.904298346189607,14.060676731900454,25.582908110988797,42.27490092043601,21.620755909093813,13.904298346189607,14.060676731900454
AusgebenGeldVerschwenden,132,SIGNAL4D_EXT_ARM_BA_V4,False,43.186985256179646,12.433189418660026,13.340337135935902,28.431364749085663,45.122085074946696,24.086185242719964,12.433189418660026,13.340337135935899
AusgebenGeldVerschwenden,134,SIGNAL4D_EXT_ARM_BA_V4,False,36.32922377929561,12.854399891426372,11.745275883894951,24.13890515283693,38.023292527462516,20.616482753925382,12.854399891426372,11.745275883894953
AusgebenGeldVerschwenden,136,SIGNAL4D_EXT_ARM_BA_V4,False,40.248148171342976,14.017953005146172,14.592227952401764,26.61231124747322,38.500103546902004,23.159661494759185,14.017953005146174,14.592227952401764
AusgebenGeldVerschwenden,138,SIGNAL4D_EXT_ARM_BA_V4,False,35.28866781360968,15.131622384873664,13.08939137787889,20.689226471566542,31.830182359340256,17.92113468507163,15.131622384873664,13.08939137787889
AusgebenGeldVerschwenden,140,SIGNAL4D_EXT_ARM_BA_V4,False,39.76408392477191,15.270311815383957,14.905368929838037,22.62798112799518,31.89522950389609,19.93429903145015,15.270311815383952,14.905368929838037
AusgebenGeldVerschwenden,142,SIGNAL4D_EXT_ARM_BA_V4,False,38.04184446570564,15.284927485563719,15.730898114430087,21.682344539324003,31.82840086039699,19.201424618027676,15.284927485563719,15.730898114430087
AusgebenGeldVerschwenden,144,SIGNAL4D_EXT_ARM_BA_V4,False,38.663455326819076,15.91441001471933,16.139033496744386,22.08801086559822,31.524196237437476,19.52312241783426,15.914410014719333,16.139033496744386
AusgebenGeldVerschwenden,146,SIGNAL4D_EXT_ARM_BA_V4,False,37.529208984676615,15.59646802802019,17.254357247014106,21.583161044873915,32.92417655478297,18.97952952255735,15.59646802802019,17.254357247014106
AusgebenGeldVerschwenden,148,SIGNAL4D_EXT_ARM_BA_V4,False,38.25501511528394,14.361288259494032,17.56980789609499,25.85423021735335,38.712551265884414,22.62724136667882,14.361288259494035,17.56980789609499
AusgebenGeldVerschwenden,150,SIGNAL4D_EXT_ARM_BA_V4,False,44.5270708199242,16.096368691263578,16.38656160659631,27.960518766756934,43.485668709354556,24.159811501257845,16.09636869126358,16.386561606596306
AusgebenGeldVerschwenden,152,SIGNAL4D_EXT_ARM_BA_V4,False,44.61146911128128,12.839494860060494,15.239292365664284,28.64033370577665,46.38059011119257,24.367451015668006,12.839494860060496,15.239292365664282
AusgebenGeldVerschwenden,154,SIGNAL4D_EXT_ARM_BA_V4,False,41.20530532520962,12.58619412290423,15.311279341479601,23.798099228529477,38.78407708555506,20.134295862608443,12.58619412290423,15.311279341479601
AusgebenGeldVerschwenden,156,SIGNAL4D_EXT_ARM_BA_V4,False,40.686721038474715,12.971911123445842,15.599617785196214,22.40575335215396,35.91547598127507,18.969422113357865,12.971911123445842,15.599617785196214
Auto,104,SIGNAL4D_EXT_ARM_BA_V4,False,39.60554702115559,11.537115614930691,14.181663933035104,26.694918668880874,39.73224851737562,23.460942874159702,11.537115614930691,14.181663933035104
Auto,106,SIGNAL4D_EXT_ARM_BA_V4,False,48.192160274847424,11.483149987190576,13.337505146024922,39.074886843916055,51.61481732875798,34.78967671758557,11.483149987190576,13.337505146024917
Auto,108,SIGNAL4D_EXT_ARM_BA_V4,False,43.820237400710326,11.59550453163168,12.875081936602365,31.954677631515576,47.03913317215627,28.36819363030083,11.595504531631676,12.875081936602362
Auto,110,SIGNAL4D_EXT_ARM_BA_V4,False,40.45552531478273,11.98371151080806,13.65653355598018,26.037142528417355,37.3032536727887,23.342987036425406,11.98371151080806,13.656533555980184
Auto,112,SIGNAL4D_EXT_ARM_BA_V4,False,34.109476349951564,12.750394934661335,13.69390707089701,23.981841672821652,33.86890347329525,21.65828752688708,12.750394934661335,13.69390707089701
Auto,114,SIGNAL4D_EXT_ARM_BA_V4,False,36.237117300570695,13.648369502529945,11.743687854238521,24.17516487754346,32.062602168171864,22.071523406542862,13.648369502529949,11.743687854238521
Auto,116,SIGNAL4D_EXT_ARM_BA_V4,False,37.86914472160529,14.57110301284373,11.975969402334199,24.800953316212905,33.68526532770699,22.437590449204624,14.57110301284373,11.975969402334199
Auto,118,SIGNAL4D_EXT_ARM_BA_V4,False,41.67052244123159,14.937766301568379,11.648292164438782,30.29100445297771,43.70475222440801,26.708036295293738,14.937766301568379,11.648292164438782
Auto,120,SIGNAL4D_EXT_ARM_BA_V4,False,42.293493769045284,15.49494432366756,11.606931663022268,36.082101305080265,53.72340819063598,31.632040998688492,15.494944323667566,11.606931663022268
Auto,122,SIGNAL4D_EXT_ARM_BA_V4,False,44.043088888163325,14.428723891678079,12.121179491745876,33.507314650593685,51.33323768056244,29.244964991270347,14.428723891678079,12.121179491745876
Auto,124,SIGNAL4D_EXT_ARM_BA_V4,False,40.68635348349411,13.097908167974767,11.92376979555063,31.353256771019904,48.126744357200984,27.113730290439054,13.097908167974765,11.923769795550626
Auto,126,SIGNAL4D_EXT_ARM_BA_V4,False,41.62833987236227,12.047081383279165,12.331276219560541,29.452675157978973,43.29707661910068,25.593882407652103,12.047081383279169,12.331276219560541
Auto,128,SIGNAL4D_EXT_ARM_BA_V4,False,41.39599446352447,10.739181292762149,12.472280727810578,26.227113996677357,40.2038353283762,23.35694453412221,10.739181292762153,12.472280727810576
Auto,130,SIGNAL4D_EXT_ARM_BA_V4,False,37.36995179469039,10.493256975683252,13.095116921301265,22.722234045466383,33.298856193524564,20.43727760253867,10.49325697568325,13.095116921301265
Auto,132,SIGNAL4D_EXT_ARM_BA_V4,False,36.637774019173264,10.629943955399876,13.210984047878807,21.231262393297435,31.747274940705047,18.95633094213318,10.629943955399877,13.210984047878807
Auto,134,SIGNAL4D_EXT_ARM_BA_V4,False,38.95584398798328,10.770439411262865,13.911223942112217,21.41743194504241,30.556041862986056,19.1724515278984,10.770439411262863,13.911223942112215
Auto,136,SIGNAL4D_EXT_ARM_BA_V4,False,38.86757781413424,11.35586760828946,14.052342074827704,24.033440482800074,34.30911335665753,21.15908130714461,11.35586760828946,14.0523420748277
Auto,138,SIGNAL4D_EXT_ARM_BA_V4,False,38.583340673506235,11.380832080260019,13.94239459246414,21.55594558049264,31.74527379914656,19.221624429932657,11.380832080260019,13.942394592464142
Auto,140,SIGNAL4D_EXT_ARM_BA_V4,False,38.29048745152727,11.058882209863137,13.850249439466696,21.361121973167556,32.400229749274,18.616110397387068,11.058882209863137,13.850249439466696
Auto,142,SIGNAL4D_EXT_ARM_BA_V4,False,38.56225438730491,11.171059614720622,13.664361531904303,21.884019915489777,32.483307570070274,19.57773244068461,11.171059614720622,13.6643615319043
Auto,144,SIGNAL4D_EXT_ARM_BA_V4,False,33.48784534996823,11.831772554139398,12.70230131753462,22.155311044174052,31.0112918543437,19.74172761981035,11.831772554139395,12.702301317534621
Auto,146,SIGNAL4D_EXT_ARM_BA_V4,False,41.97465189701854,12.14991338179623,12.774655949968361,24.895808839827705,36.44561429241789,22.447038309419263,12.149913381796232,12.774655949968363
Auto,148,SIGNAL4D_EXT_ARM_BA_V4,False,38.05513077543554,12.725338240668455,12.734769403517618,26.383985938086667,38.488678008337516,23.25822342140212,12.725338240668457,12.734769403517616
Auto,150,SIGNAL4D_EXT_ARM_BA_V4,False,34.50200928652445,12.540762328331056,12.786585855941212,24.098847000409663,34.05727207642243,21.066636350436305,12.540762328331057,12.786585855941212
Auto,152,SIGNAL4D_EXT_ARM_BA_V4,False,38.667886857917,12.291666934112614,12.640740023319546,27.30345103177702,39.84783207654436,24.18972597696601,12.291666934112614,12.640740023319543
Auto,154,SIGNAL4D_EXT_ARM_BA_V4,False,35.311669163962584,11.394152906938507,12.558643962810166,24.390308704365506,34.70624357299062,21.738520035819406,11.394152906938507,12.558643962810168
Auto,156,SIGNAL4D_EXT_ARM_BA_V4,False,36.39733022713924,11.345955565010705,13.647264791983314,24.92979029572021,36.698982547337955,21.981446584928634,11.345955565010705,13.647264791983314
Auto,158,SIGNAL4D_EXT_ARM_BA_V4,False,35.31268820008265,10.908161172945537,12.243211053611564,25.265261251214206,36.88452189802734,22.278303823288358,10.90816117294554,12.24321105361156
Auto,160,SIGNAL4D_EXT_ARM_BA_V4,False,32.74629042983027,10.833489178948168,13.364524995538492,22.393718477155286,33.56449739541313,19.617375814117757,10.833489178948167,13.364524995538492
Auto,162,SIGNAL4D_EXT_ARM_BA_V4,False,33.87544883089691,10.82699142981886,13.780606556798825,23.06179552816096,35.47350579959218,20.165896035889006,10.82699142981886,13.780606556798826
Auto,164,SIGNAL4D_EXT_ARM_BA_V4,False,39.02460198196257,11.519498974178878,13.350806486047363,23.36768204112118,34.80584220932864,21.064565410821327,11.519498974178878,13.350806486047361
Auto,166,SIGNAL4D_EXT_ARM_BA_V4,False,36.40946962239373,11.751304335303496,13.763540751927898,22.928162003105534,34.2587458794571,20.40614937297071,11.751304335303496,13.763540751927898
Auto,168,SIGNAL4D_EXT_ARM_BA_V4,False,35.813639923848015,11.652999534117557,13.585634554604267,22.438640263264414,33.673336114711866,19.777593620241657,11.652999534117562,13.585634554604267
Auto,170,SIGNAL4D_EXT_ARM_BA_V4,False,37.358009390175596,11.282258590716609,13.596537822092545,25.152869857122017,36.46749248445712,22.20480197910663,11.28225859071661,13.59653782209255
Auto,172,SIGNAL4D_EXT_ARM_BA_V4,False,35.78691937302121,11.963456873619796,13.490094619152915,22.17709082798818,33.03731606516897,19.776134813796173,11.963456873619796,13.490094619152915
BesuchenEinmischen,172,SIGNAL4D_EXT_ARM_BA_V4,False,40.77297001600861,19.147246492515723,8.084433290641131,24.971699766087333,37.45415500386328,22.094510315340045,19.147246492515723,8.084433290641128
BesuchenEinmischen,174,SIGNAL4D_EXT_ARM_BA_V4,False,40.038467583210874,18.14082105463554,8.742797008660075,22.634056939472224,34.66223647120718,20.403748312644314,18.140821054635538,8.742797008660075
BesuchenEinmischen,176,SIGNAL4D_EXT_ARM_BA_V4,False,42.50971401001958,19.641430301521794,8.360136051194415,24.203366764182796,37.542684290432874,21.51048855500885,19.641430301521794,8.360136051194416
BesuchenEinmischen,178,SIGNAL4D_EXT_ARM_BA_V4,False,41.55808833144415,20.451197744013676,8.282403872693543,25.940467162937583,41.0065021342616,22.698895940056364,20.451197744013676,8.282403872693543
BesuchenEinmischen,180,SIGNAL4D_EXT_ARM_BA_V4,False,41.587820812345576,15.793982445126844,8.077677430749898,24.177247183033437,37.18839919291427,21.547596246325323,15.793982445126844,8.077677430749898
BesuchenEinmischen,182,SIGNAL4D_EXT_ARM_BA_V4,False,40.46149249270834,15.547484123749076,10.199507864983747,22.466091454517628,33.57846463356232,20.169873679269305,15.547484123749074,10.19950786498375
BesuchenEinmischen,184,SIGNAL4D_EXT_ARM_BA_V4,False,38.033667493681094,12.594467048948037,9.587174347020682,22.932723384105593,32.95545819630976,20.656360103294126,12.594467048948035,9.587174347020678
BesuchenEinmischen,186,SIGNAL4D_EXT_ARM_BA_V4,False,37.24660667289203,14.695639783387701,10.140046281415295,22.30988290862179,31.61118885240359,19.979038967748465,14.695639783387705,10.140046281415295
BesuchenEinmischen,188,SIGNAL4D_EXT_ARM_BA_V4,False,38.17066225578289,14.526570875232025,10.414870054134685,22.85166222737189,31.918067885503657,20.771646979718106,14.526570875232025,10.414870054134683
BesuchenEinmischen,190,SIGNAL4D_EXT_ARM_BA_V4,False,36.116116914570505,15.741896520116105,12.555964144341436,23.87141215084772,30.750173119482824,21.753202047038155,15.741896520116105,12.555964144341434
BesuchenEinmischen,192,SIGNAL4D_EXT_ARM_BA_V4,False,34.311896630537,16.75419797002811,12.080509317075014,24.617837854476434,32.6532044065672,22.231797953016237,16.75419797002811,12.080509317075014
BesuchenEinmischen,194,SIGNAL4D_EXT_ARM_BA_V4,False,34.706535838924694,17.506550464948624,13.225347733547178,23.97667481126075,32.529372578960505,21.633432335190157,17.506550464948624,13.225347733547181
BesuchenEinmischen,196,SIGNAL4D_EXT_ARM_BA_V4,False,32.51932941967501,16.990237634362128,16.299929523605304,23.049714228169293,32.59108749577454,20.702438917762823,16.990237634362124,16.299929523605304
BesuchenEinmischen,198,SIGNAL4D_EXT_ARM_BA_V4,False,34.51753486883078,18.27852177055976,18.10212882753071,24.661885026348422,33.70009818195398,22.12509400488644,18.27852177055976,18.10212882753071
BesuchenEinmischen,200,SIGNAL4D_EXT_ARM_BA_V4,False,36.68555636023557,17.318724679887346,19.57637986867477,29.329195553095644,35.02124608433099,26.834062801280293,17.318724679887346,19.576379868674767
BesuchenEinmischen,202,SIGNAL4D_EXT_ARM_BA_V4,False,34.74981433686902,17.728942204433114,19.088401459758128,26.614363893636643,34.6877247621244,23.878390086995363,17.728942204433114,19.08840145975813
BesuchenEinmischen,204,SIGNAL4D_EXT_ARM_BA_V4,False,35.95730213802342,20.487137948895175,17.855706595146692,27.194905136924874,36.185031560597594,24.414461622496358,20.487137948895175,17.85570659514669
BesuchenEinmischen,206,SIGNAL4D_EXT_ARM_BA_V4,False,36.07617362554453,20.6378640178073,17.7449301056672,26.714827072390488,36.33305278074602,23.864121137112196,20.637864017807292,17.7449301056672
BesuchenEinmischen,208,SIGNAL4D_EXT_ARM_BA_V4,False,33.825954882717554,16.42616806795443,16.571072833448387,26.22932343412483,38.179050200237945,23.69291847413712,16.426168067954425,16.571072833448387
Blitz,131,SIGNAL4D_EXT_ARM_BA_V4,True,32.84878610719008,,13.435394035259895,28.02668599277628,41.58886018480486,23.799592850331354,,13.435394035259897
Blitz,133,SIGNAL4D_EXT_ARM_BA_V4,True,32.96760759155074,,13.95057322219613,28.416311174192476,44.35017354979695,24.11224279930668,,13.950573222196127
Blitz,135,SIGNAL4D_EXT_ARM_BA_V4,True,33.345374583005146,,14.009496349711878,28.448076948857956,45.59504833450214,24.014104151016358,,14.009496349711878
Blitz,137,SIGNAL4D_EXT_ARM_BA_V4,True,36.477585177882325,,12.72584694482398,28.717474685254498,47.06515723728307,24.253832588738373,,12.725846944823976
Blitz,139,SIGNAL4D_EXT_ARM_BA_V4,True,36.70263949054971,,12.876156316895154,27.205866404810088,44.10387268856182,23.2660067243793,,12.876156316895152
Blitz,141,SIGNAL4D_EXT_ARM_BA_V4,True,33.97633639493475,,12.744641254041863,25.308663157065812,40.33538706386976,21.796138958117364,,12.744641254041863
Blitz,143,SIGNAL4D_EXT_ARM_BA_V4,True,41.23348167227223,,11.996617082872268,29.426629531711942,44.01419267889849,25.380561994323855,,11.996617082872264
Blitz,145,SIGNAL4D_EXT_ARM_BA_V4,True,35.52289165664781,,13.21999918019784,26.019214593416827,39.37173676093111,22.71311863562125,,13.219999180197844
Blitz,147,SIGNAL4D_EXT_ARM_BA_V4,True,35.918031903674944,,11.761978975958716,26.74559639531179,40.12276972532258,23.303274859886898,,11.761978975958716
Blitz,149,SIGNAL4D_EXT_ARM_BA_V4,True,40.19700129009772,,11.173663271492881,27.506651326185892,42.350836382305964,24.10253720694637,,11.173663271492886
Blitz,151,SIGNAL4D_EXT_ARM_BA_V4,True,41.912169161069926,,10.443908803817564,27.94861598511227,44.12382435023119,24.1781534845087,,10.443908803817564
Blitz,153,SIGNAL4D_EXT_ARM_BA_V4,True,39.57001407384622,,10.2294064945354,30.351499937689056,47.25071418730063,25.992627717275937,,10.229406494535398
Blitz,155,SIGNAL4D_EXT_ARM_BA_V4,True,37.55963260507437,,10.614586425007479,27.117704085552152,42.855667113738704,23.50140191230285,,10.614586425007479
Blitz,157,SIGNAL4D_EXT_ARM_BA_V4,True,32.73795147873035,,12.136880230631041,22.82270578702153,34.90400296576779,19.704301635470607,,12.136880230631036
Blitz,159,SIGNAL4D_EXT_ARM_BA_V4,True,35.40707275699175,,11.70289445575083,23.59355801311933,34.73171429827966,20.53710550995717,,11.702894455750835
Blitz,161,SIGNAL4D_EXT_ARM_BA_V4,True,39.74787965417063,,12.846582107076193,30.047721217197104,42.115636534122245,26.307446178977873,,12.846582107076193
Blitz,163,SIGNAL4D_EXT_ARM_BA_V4,True,37.07362319856633,,14.222370429165474,28.353248380309495,37.86705947197951,24.830908734780223,,14.222370429165474
Blitz,165,SIGNAL4D_EXT_ARM_BA_V4,True,41.3338279316209,,14.97262479672758,33.524436143804685,45.429773882895525,29.115563527173105,,14.97262479672758
Blitz,167,SIGNAL4D_EXT_ARM_BA_V4,True,42.05497973433162,,15.553835007832774,33.8288979112633,45.29059872793558,29.650531355310928,,15.553835007832777
Blitz,169,SIGNAL4D_EXT_ARM_BA_V4,True,43.47448368231424,,15.379598862641005,35.953268464615604,48.96835338479481,31.305123022076927,,15.379598862641009
Blitz,171,SIGNAL4D_EXT_ARM_BA_V4,True,43.703074819367195,,16.59782423417599,35.197060580572625,48.13786436297545,30.79408027571867,,16.597824234175995
Blitz,173,SIGNAL4D_EXT_ARM_BA_V4,True,42.37538580011184,,16.51855977549954,39.04248511438558,50.917063873308514,34.1249759621894,,16.51855977549954
Blitz,175,SIGNAL4D_EXT_ARM_BA_V4,True,42.35648177840506,,16.611968096053744,38.05962533070669,50.55786926732035,32.96615176890529,,16.611968096053744
Blitz,177,SIGNAL4D_EXT_ARM_BA_V4,True,39.79707958815377,,16.641248965399416,35.77218057732835,46.368174247800134,31.026902310507197,,16.641248965399416
Blume,121,SIGNAL4D_EXT_ARM_BA_V4,False,44.472846558140745,18.559379681703298,9.77456929400928,27.88568471289202,37.92646051830121,25.047259145990633,18.559379681703298,9.77456929400928
Blume,123,SIGNAL4D_EXT_ARM_BA_V4,False,44.32240727094238,19.197138988912336,8.306049823639375,28.843018499164053,39.45459850854173,25.79354150870264,19.197138988912336,8.306049823639373
Blume,125,SIGNAL4D_EXT_ARM_BA_V4,False,47.95005062728756,16.43079175493405,9.831690384852962,34.40900430319101,45.10249463569814,30.980182970157454,16.43079175493405,9.831690384852962
Blume,127,SIGNAL4D_EXT_ARM_BA_V4,False,42.83348858876308,14.81602128732497,7.455560498375985,27.991179024292062,32.98258456595164,26.031270717717927,14.81602128732497,7.455560498375988
Blume,129,SIGNAL4D_EXT_ARM_BA_V4,False,45.908880957093494,16.786176711855703,8.609766494578542,27.30002937379002,35.67736415816306,25.140829620409466,16.7861767118557,8.609766494578542
Blume,131,SIGNAL4D_EXT_ARM_BA_V4,False,47.22138195590502,16.989198318713317,10.179528795376823,27.912242628522,36.17844949625445,25.70302079044128,16.989198318713314,10.179528795376823
Blume,133,SIGNAL4D_EXT_ARM_BA_V4,False,47.80341709311692,17.33658322372778,10.098415855580331,26.90076399330621,37.151767768323396,24.705615046646606,17.33658322372778,10.098415855580331
Blume,135,SIGNAL4D_EXT_ARM_BA_V4,False,51.700111471020136,16.14507105155046,10.554385882309509,27.209726193799955,37.60656961384449,25.01739204751703,16.145071051550463,10.554385882309509
Blume,137,SIGNAL4D_EXT_ARM_BA_V4,False,51.86677630442765,18.551502543948263,10.287418850217737,28.129715428261285,39.29116458220338,25.649076720799922,18.551502543948263,10.287418850217737
Blume,139,SIGNAL4D_EXT_ARM_BA_V4,False,51.83913128535656,19.209786503276042,9.730351447327948,27.74719279551828,38.27786860538955,25.325045144244054,19.20978650327605,9.73035144732795
Blume,141,SIGNAL4D_EXT_ARM_BA_V4,False,50.42245267405278,20.307199362872755,9.632339125400526,28.56947974918231,38.72720598753703,26.041763879668885,20.307199362872755,9.632339125400522
Blume,143,SIGNAL4D_EXT_ARM_BA_V4,False,48.019700716204284,21.180493077560666,9.460667062412583,28.175837485977574,38.98639059803592,25.724064426580487,21.180493077560666,9.460667062412586
Blume,145,SIGNAL4D_EXT_ARM_BA_V4,False,44.695705731885035,21.341397253826152,9.42430053532679,27.601477486215693,38.41825919370079,25.05323923301686,21.341397253826152,9.42430053532679
Blume,147,SIGNAL4D_EXT_ARM_BA_V4,False,45.92291548679491,21.87537272085974,8.908235788201512,27.34784828639716,38.26917895012009,25.001982053997573,21.87537272085974,8.908235788201512
Blume,149,SIGNAL4D_EXT_ARM_BA_V4,False,46.680113581362605,21.20244485917987,8.085700499146549,26.189976810947037,37.050315967470745,23.818731239941958,21.20244485917987,8.085700499146549
Blume,151,SIGNAL4D_EXT_ARM_BA_V4,False,43.562387989465954,21.692964672135798,8.826377270157652,25.568136513690305,35.1868822495025,23.15963307239757,21.692964672135798,8.826377270157653
Blume,153,SIGNAL4D_EXT_ARM_BA_V4,False,41.35947113332016,22.089309791570116,8.716939229549283,28.019634471319463,34.623078426569236,25.509483446103925,22.089309791570123,8.716939229549284
Blume,155,SIGNAL4D_EXT_ARM_BA_V4,False,40.98678634807949,21.29981171774133,8.580022974198256,27.565248141143712,35.479797581793314,25.163786644199035,21.29981171774133,8.580022974198256
Blume,157,SIGNAL4D_EXT_ARM_BA_V4,False,42.14925573153909,21.401589770197333,8.496451968860669,27.45967981074528,35.73368340073855,24.980111518343165,21.401589770197337,8.496451968860667
Blume,159,SIGNAL4D_EXT_ARM_BA_V4,False,42.656645856654414,21.961407137667134,8.349887319160437,28.711009249776993,36.25178144078904,26.24394793149021,21.961407137667134,8.34988731916044
Blume,161,SIGNAL4D_EXT_ARM_BA_V4,False,42.13515380937418,21.549966735810756,8.39225133343815,30.222579468780083,35.15776340755073,27.703402463534555,21.54996673581076,8.39225133343815
Boese,127,SIGNAL4D_EXT_ARM_BA_V4,True,45.151097917392285,,19.79510932035645,35.290611040296135,50.61594710544958,30.873777810416946,,19.79510932035645
Boese,129,SIGNAL4D_EXT_ARM_BA_V4,True,47.42633158094828,,24.342486151840337,39.0820570076448,54.57309663786702,34.535037579152586,,24.342486151840337
Boese,131,SIGNAL4D_EXT_ARM_BA_V4,True,42.91522318105818,,21.7840947272579,36.88662611230344,52.35273129911498,32.132270015881886,,21.7840947272579
Boese,133,SIGNAL4D_EXT_ARM_BA_V4,True,47.198553129820354,,20.086699101271314,34.18913709700221,49.536668441087734,30.090143511145733,,20.08669910127131
Boese,135,SIGNAL4D_EXT_ARM_BA_V4,True,51.179496506920486,,21.091199612164523,44.02969751771917,64.48696573735134,38.55891621923467,,21.091199612164523
Boese,137,SIGNAL4D_EXT_ARM_BA_V4,True,48.84464430222615,,20.620874781177402,40.70685292373956,64.01972882857564,35.131589752312536,,20.620874781177395
Boese,139,SIGNAL4D_EXT_ARM_BA_V4,True,48.23161725605092,,19.799284237801288,37.39217361046205,56.37710526021758,32.6884085704047,,19.799284237801285
Boese,141,SIGNAL4D_EXT_ARM_BA_V4,True,41.50855150444815,,23.132778840584905,34.07538513209752,51.28497283099205,30.140092425943802,,23.1327788405849
Boese,143,SIGNAL4D_EXT_ARM_BA_V4,True,44.05406813891203,,23.13884815374367,35.08662283714082,48.927454574283765,31.380894350720098,,23.13884815374367
Boese,145,SIGNAL4D_EXT_ARM_BA_V4,True,40.56784851829762,,19.330833720875795,33.55489354589166,48.045890663668914,29.923328678961212,,19.330833720875795
Boese,147,SIGNAL4D_EXT_ARM_BA_V4,True,47.06930702810803,,19.314287968979162,39.75906255764179,63.64596265645549,34.14740405340946,,19.314287968979162
Boese,149,SIGNAL4D_EXT_ARM_BA_V4,True,46.35105080863467,,20.601763195613692,41.44639931459549,64.6925384937533,35.416769064738084,,20.601763195613692
Boese,151,SIGNAL4D_EXT_ARM_BA_V4,True,42.72212269687716,,18.750572146362565,40.45853440281954,61.65175421678792,34.74166677790775,,18.75057214636257
Boese,153,SIGNAL4D_EXT_ARM_BA_V4,True,40.77358702038216,,20.588697972514133,33.18944080356687,48.48178390845721,28.85688230189469,,20.588697972514133
Boese,155,SIGNAL4D_EXT_ARM_BA_V4,True,42.40665842091594,,21.316825675439976,35.1043654384374,51.155856336719296,30.761598003606778,,21.316825675439976
Boese,157,SIGNAL4D_EXT_ARM_BA_V4,True,43.88722408119737,,19.05755055204444,33.952253316644,51.24895436279562,29.851156700383996,,19.05755055204444
Boese,159,SIGNAL4D_EXT_ARM_BA_V4,True,41.860662616469476,,18.681804390989424,36.521777054777736,56.52192429640582,31.257232086234758,,18.681804390989424
Boese,161,SIGNAL4D_EXT_ARM_BA_V4,True,41.44655793788833,,18.148789584830013,35.15656555008708,56.96077904379043,30.255533962239912,,18.148789584830016
Boese,163,SIGNAL4D_EXT_ARM_BA_V4,True,39.339301725989465,,18.11053484717814,33.1959778689464,52.6447842538555,28.475184024054407,,18.11053484717814
BroetchenAufschneiden,151,SIGNAL4D_EXT_ARM_BA_V4,False,31.19165368897655,11.360902509562147,8.946890223703267,22.90875774019511,32.46154509530994,20.113018878363476,11.360902509562145,8.946890223703269
BroetchenAufschneiden,153,SIGNAL4D_EXT_ARM_BA_V4,False,31.35920437474517,11.789336533769205,8.921299586773182,25.47016413901822,36.60666314391413,22.282617144695937,11.789336533769204,8.92129958677318
BroetchenAufschneiden,155,SIGNAL4D_EXT_ARM_BA_V4,False,33.31494431369369,11.633206214161174,9.201659876608797,20.45846878567979,29.129476611769945,17.88421435384921,11.633206214161177,9.201659876608797
BroetchenAufschneiden,157,SIGNAL4D_EXT_ARM_BA_V4,False,30.67657732174018,12.146303596058841,9.094404274077334,21.631515865473553,31.38339498292913,18.73919481082568,12.146303596058841,9.094404274077338
BroetchenAufschneiden,159,SIGNAL4D_EXT_ARM_BA_V4,False,30.8735775885012,12.407804897147976,9.765275139931697,21.210079163500097,29.821704342614076,18.569143885530504,12.40780489714798,9.765275139931695
BroetchenAufschneiden,161,SIGNAL4D_EXT_ARM_BA_V4,False,33.00341068505595,11.8736556086813,8.98154871211974,19.86239806580573,28.366008455021667,17.342003409902436,11.873655608681302,8.981548712119737
BroetchenAufschneiden,163,SIGNAL4D_EXT_ARM_BA_V4,False,31.160465652320823,11.7879510471228,9.16498746828077,22.280381417707023,28.95727060956314,19.661308877394337,11.787951047122794,9.16498746828077
BroetchenAufschneiden,165,SIGNAL4D_EXT_ARM_BA_V4,False,37.056434798751866,12.360964357752522,10.33515276667484,27.361433400387178,35.60329253051432,24.127822738114624,12.360964357752522,10.33515276667484
BroetchenAufschneiden,167,SIGNAL4D_EXT_ARM_BA_V4,False,43.784536019769405,13.024515764206978,11.050690605145647,35.370462021631695,45.22803094106026,31.41150669409605,13.02451576420698,11.050690605145647
BroetchenAufschneiden,169,SIGNAL4D_EXT_ARM_BA_V4,False,45.193152911559736,13.536208167631237,11.948665134683317,35.099784470549295,48.389330800243975,30.885073894119103,13.53620816763124,11.948665134683313
BroetchenAufschneiden,171,SIGNAL4D_EXT_ARM_BA_V4,False,50.13579080942261,13.314697731933428,11.696046168247452,42.139324771081796,51.89279274845788,37.66017623833435,13.314697731933427,11.696046168247456
BroetchenAufschneiden,173,SIGNAL4D_EXT_ARM_BA_V4,False,44.75871568938011,13.23802008162793,11.531607578362957,33.00024196497082,44.143451756074676,29.029981052609337,13.23802008162793,11.531607578362957
BroetchenAufschneiden,175,SIGNAL4D_EXT_ARM_BA_V4,False,39.76588332304117,12.843161927279215,11.600732649843719,27.375057438165733,38.67251369190161,23.845130607352452,12.843161927279215,11.600732649843717
BroetchenAufschneiden,177,SIGNAL4D_EXT_ARM_BA_V4,False,34.6180725323247,12.613296208289816,10.507271492660639,26.44402018829546,35.383972850717385,23.23241848387387,12.613296208289817,10.507271492660639
BroetchenAufschneiden,179,SIGNAL4D_EXT_ARM_BA_V4,False,41.405237071402325,12.91501415430329,10.380596339406246,31.4688554586315,40.456965538078755,27.871119914202886,12.915014154303284,10.380596339406246
BroetchenAufschneiden,181,SIGNAL4D_EXT_ARM_BA_V4,False,38.99476456127592,13.047898324451952,10.459123385593214,29.30524271107886,37.69680053525175,25.95586877798139,13.047898324451957,10.459123385593216
BroetchenAufschneiden,183,SIGNAL4D_EXT_ARM_BA_V4,False,40.522944318095604,13.916595423996114,10.52727185951127,30.76373439263635,39.05843545823725,27.38150096935485,13.916595423996114,10.527271859511274
BroetchenAufschneiden,185,SIGNAL4D_EXT_ARM_BA_V4,False,42.28411201017895,13.375723194446364,14.721132106419686,35.17652956791239,45.06905507535738,31.245390449711344,13.375723194446364,14.721132106419681
BroetchenAufschneiden,187,SIGNAL4D_EXT_ARM_BA_V4,False,47.28290683907095,12.928246884054074,15.580111712006762,36.914873801319125,50.55672081836314,32.29628661986505,12.928246884054072,15.580111712006762
BroetchenAufschneiden,189,SIGNAL4D_EXT_ARM_BA_V4,False,46.086204983694,13.263639005990925,14.933141626735539,33.10262559797699,46.19872601520047,28.959071610759516,13.263639005990925,14.933141626735537
BroetchenAufschneiden,191,SIGNAL4D_EXT_ARM_BA_V4,False,44.46673845615128,13.37295262210299,12.383267791478863,32.701956458800915,41.95331252522256,29.180050981118193,13.372952622102995,12.383267791478863
BroetchenAufschneiden,193,SIGNAL4D_EXT_ARM_BA_V4,False,42.035272140974016,13.494590083919707,10.357658989354988,31.377637164016836,37.072989159637295,28.152791485327814,13.494590083919705,10.357658989354983
BroetchenAufschneiden,195,SIGNAL4D_EXT_ARM_BA_V4,False,40.3442272129876,13.636135227584187,10.193277124550272,28.007900383759036,34.75369837008407,25.002409903577426,13.636135227584186,10.193277124550272
BroetchenAufschneiden,197,SIGNAL4D_EXT_ARM_BA_V4,False,42.53403601667969,14.079139661175963,10.211447869076958,30.016582505209254,35.5689897095383,26.99676235971415,14.07913966117596,10.211447869076961
BroetchenAufschneiden,199,SIGNAL4D_EXT_ARM_BA_V4,False,42.48208284807096,13.413715609956729,10.19914203680937,29.750272184027406,36.96985923593837,26.6329847780317,13.413715609956729,10.19914203680937
BroetchenAufschneiden,201,SIGNAL4D_EXT_ARM_BA_V4,False,42.34775230975727,13.118825063289279,11.262050227616733,31.368400095540892,40.525783600983154,27.76116855704985,13.11882506328928,11.262050227616733
BroetchenAufschneiden,203,SIGNAL4D_EXT_ARM_BA_V4,False,44.18001483840346,12.941415938177162,12.002465200139868,31.37255396955239,42.39557408736096,27.533854929661253,12.941415938177162,12.002465200139868
BroetchenAufschneiden,205,SIGNAL4D_EXT_ARM_BA_V4,False,45.04073573626529,12.973347852703442,11.83365451253591,34.987727683010036,46.13562671548008,30.83304195879569,12.973347852703442,11.83365451253591
BroetchenAufschneiden,207,SIGNAL4D_EXT_ARM_BA_V4,False,44.08856366600065,13.227038390143022,11.451488779734682,35.45936974436451,49.24708545520125,31.10982182409376,13.227038390143022,11.451488779734683
BroetchenAufschneiden,209,SIGNAL4D_EXT_ARM_BA_V4,False,39.878894715420444,12.574200125570755,13.57704054516451,29.497458332044854,41.25813391144602,25.67459735253896,12.574200125570755,13.57704054516451
BroetchenAufschneiden,211,SIGNAL4D_EXT_ARM_BA_V4,False,39.95469800774863,12.278863278710068,13.269133520516434,28.975259432580074,41.47031257781604,25.094690255228585,12.278863278710062,13.269133520516434
BroetchenAufschneiden,213,SIGNAL4D_EXT_ARM_BA_V4,False,38.81047733876654,11.754704067988964,13.363143309874255,25.565744677675198,33.3001279137887,22.533423811876034,11.75470406798896,13.363143309874253
BroetchenAufschneiden,215,SIGNAL4D_EXT_ARM_BA_V4,False,40.34928646643111,12.178348261465565,12.052241683156167,26.976737438930364,36.81188182645067,23.610415565682885,12.178348261465565,12.052241683156167
BroetchenAufschneiden,217,SIGNAL4D_EXT_ARM_BA_V4,False,44.173087295885956,12.610352571186507,11.550652083280054,34.14007874999544,48.283773488814774,29.696577040267872,12.610352571186505,11.550652083280049
BroetchenAufschneiden,219,SIGNAL4D_EXT_ARM_BA_V4,False,48.22311796270988,12.292274957809667,14.190013913702307,35.7701554813297,50.24515196804811,31.080070714458948,12.292274957809667,14.190013913702307
BroetchenAufschneiden,221,SIGNAL4D_EXT_ARM_BA_V4,False,50.11448960764033,12.523176468452489,15.525542195833834,35.916050171261965,50.364172759988165,31.237750086386622,12.52317646845249,15.525542195833834
BroetchenAufschneiden,223,SIGNAL4D_EXT_ARM_BA_V4,False,46.79372636767475,12.442929270370282,15.998251911538825,34.17935054757478,48.25346589188055,29.649646063345873,12.442929270370282,15.998251911538825
BroetchenAufschneiden,225,SIGNAL4D_EXT_ARM_BA_V4,False,47.40601072207247,12.421972249162115,15.876114787719352,34.76213281464426,47.20601203179725,30.48717136035924,12.421972249162115,15.876114787719356
BroetchenAufschneiden,227,SIGNAL4D_EXT_ARM_BA_V4,False,44.42463895707461,11.92894085289112,14.831229156645199,30.494007505027074,43.821568386519694,26.468527917234027,11.928940852891117,14.831229156645193
BroetchenAufschneiden,229,SIGNAL4D_EXT_ARM_BA_V4,False,45.74942521918041,12.771930024998364,16.077020781555987,31.71525580499837,47.31284531677727,27.276605595132256,12.771930024998358,16.077020781555987
BroetchenAufschneiden,231,SIGNAL4D_EXT_ARM_BA_V4,False,47.34628112811099,13.065222600167326,14.90954203753412,34.66941185163852,51.705396479212965,29.76723185450073,13.065222600167328,14.909542037534115
BroetchenAufschneiden,233,SIGNAL4D_EXT_ARM_BA_V4,False,49.22277347996127,13.912806607475302,17.625713899550156,37.081005616362155,52.917670137922116,32.10256553229155,13.912806607475304,17.625713899550153
BroetchenAufschneiden,235,SIGNAL4D_EXT_ARM_BA_V4,False,54.435755094335825,13.058514167024953,17.189865836934633,40.29878141866812,60.14616105815027,34.66159340307789,13.058514167024953,17.189865836934633
BroetchenAufschneiden,237,SIGNAL4D_EXT_ARM_BA_V4,False,52.37700348247577,12.93073150002214,15.724259985615596,39.91274045060853,60.207985391618195,34.129324822827726,12.930731500022139,15.7242599856156
BroetchenAufschneiden,239,SIGNAL4D_EXT_ARM_BA_V4,False,51.28123535067401,12.833604125657413,17.491551703883182,35.88487052081005,47.33369339871582,31.529851260956956,12.83360412565741,17.49155170388318
BroetchenAufschneiden,241,SIGNAL4D_EXT_ARM_BA_V4,False,49.99714105795371,13.200797991535481,16.769924375951504,30.480493029198662,46.13082209561457,26.155782614774,13.200797991535483,16.7699243759515
BroetchenAufschneiden,243,SIGNAL4D_EXT_ARM_BA_V4,False,49.6282930330502,14.596463309309813,17.46624773789906,32.2500102518593,46.52707593697423,27.901226469050357,14.596463309309813,17.46624773789906
BroetchenAufschneiden,245,SIGNAL4D_EXT_ARM_BA_V4,False,52.142544713524025,13.430963737353313,16.245746724146,34.42409461619578,49.18831516472936,29.84881130202957,13.430963737353318,16.245746724146
Dort,171,SIGNAL4D_EXT_ARM_BA_V4,True,38.03511588103839,,10.949240743525513,24.8186491679481,38.48685180199682,21.32536944727141,,10.949240743525515
Dort,173,SIGNAL4D_EXT_ARM_BA_V4,True,36.1429257471328,,11.167490474991773,24.822676081952082,37.99808808078234,21.591567921574136,,11.16749047499177
Dort,175,SIGNAL4D_EXT_ARM_BA_V4,True,39.77595434362515,,11.028141192869558,27.27712734700158,41.439345092454566,23.932207798145402,,11.028141192869564
Dort,177,SIGNAL4D_EXT_ARM_BA_V4,True,40.14262282084418,,13.331194905531348,30.548805220456074,45.76484491623289,26.401716560396974,,13.331194905531348
Dort,179,SIGNAL4D_EXT_ARM_BA_V4,True,34.458929963573844,,14.206157772616777,27.96761846643087,43.78257695956218,23.82211292119736,,14.206157772616777
Dort,181,SIGNAL4D_EXT_ARM_BA_V4,True,34.00080810318294,,14.211082211106971,28.37034553466226,43.74382971221053,24.327312342220285,,14.211082211106977
Dort,183,SIGNAL4D_EXT_ARM_BA_V4,True,34.24624193411887,,13.347949551866776,27.11092541217304,41.665443962709475,23.219072405524376,,13.347949551866774
Dort,185,SIGNAL4D_EXT_ARM_BA_V4,True,35.08363909985189,,13.342910168987148,28.43162967579107,43.99230190248124,24.5960018110931,,13.342910168987142
Dort,187,SIGNAL4D_EXT_ARM_BA_V4,True,36.40503161791108,,13.162256809043827,29.445409850388263,44.33288160068552,25.46718333408682,,13.162256809043827
Dort,189,SIGNAL4D_EXT_ARM_BA_V4,True,37.129164896240376,,13.399011479254565,28.724061416081604,44.31289136161284,24.58759280049976,,13.399011479254566
Dort,191,SIGNAL4D_EXT_ARM_BA_V4,True,37.52509070411505,,13.500421470722603,27.090989373141063,42.509637832662605,23.027781088211224,,13.500421470722602
Dort,193,SIGNAL4D_EXT_ARM_BA_V4,True,36.50747251592863,,13.377292658626603,27.806155865570023,43.5141796958545,23.58708642823396,,13.377292658626603
Dort,195,SIGNAL4D_EXT_ARM_BA_V4,True,37.23587828149179,,13.215474573357941,28.317222355801086,44.271807460518154,24.092568763562788,,13.21547457335794
Duenn,156,SIGNAL4D_EXT_ARM_BA_V4,True,37.391588818504495,,17.808573736789246,26.866449624320463,39.13671737903111,23.189744438150726,,17.808573736789246
Duenn,158,SIGNAL4D_EXT_ARM_BA_V4,True,36.90519937862957,,17.166307549396002,26.262925600382,38.10034622542285,22.855911079189273,,17.166307549396002
Duenn,160,SIGNAL4D_EXT_ARM_BA_V4,True,36.6964938283762,,16.59790386818849,25.10594044689186,38.01740899888365,22.09974952163867,,16.59790386818849
Duenn,162,SIGNAL4D_EXT_ARM_BA_V4,True,36.785485857082115,,16.363086810955554,27.20731323151906,37.60252447366453,24.03707495950643,,16.36308681095555
Duenn,164,SIGNAL4D_EXT_ARM_BA_V4,True,38.96307007045102,,17.285915086817816,26.271498849682533,39.18891986869972,23.228876663502565,,17.285915086817813
Duenn,166,SIGNAL4D_EXT_ARM_BA_V4,True,38.35549645118248,,16.790150118619934,26.184598606685743,37.06484639926882,23.153227625511413,,16.790150118619934
Duenn,168,SIGNAL4D_EXT_ARM_BA_V4,True,39.7098902176258,,16.778908255711798,25.864602912556407,38.5122468590473,23.257213895966874,,16.7789082557118
Duenn,170,SIGNAL4D_EXT_ARM_BA_V4,True,43.83416973000211,,16.509585754576964,28.217856344797973,40.960527070540245,25.609025361953627,,16.509585754576964
Duenn,172,SIGNAL4D_EXT_ARM_BA_V4,True,43.22888401840804,,16.87697439903932,26.624715125140373,39.67335567680762,23.832649897384602,,16.876974399039323
Duenn,174,SIGNAL4D_EXT_ARM_BA_V4,True,42.520914891259004,,16.15641911452973,26.79655705777864,39.39713499922924,23.96219376807859,,16.15641911452973
Duenn,176,SIGNAL4D_EXT_ARM_BA_V4,True,41.921267253125706,,16.34040735628498,26.714763084677603,38.75334914035568,23.905068060920996,,16.340407356284985
Duenn,178,SIGNAL4D_EXT_ARM_BA_V4,True,42.757106130279624,,15.978784131189878,27.892149868007422,39.7804979373064,25.036326566795623,,15.978784131189874
Duenn,180,SIGNAL4D_EXT_ARM_BA_V4,True,43.096422144451346,,15.90347185690685,28.252253459809825,41.27290088516183,25.272140942570864,,15.903471856906853
Duenn,182,SIGNAL4D_EXT_ARM_BA_V4,True,39.35404003021339,,15.454168748573272,29.06373983202411,39.82984901072736,25.79224971000572,,15.45416874857327
Duenn,184,SIGNAL4D_EXT_ARM_BA_V4,True,38.13071822680436,,15.483684163917793,30.244609003139352,39.62010456274792,26.8805738554638,,15.483684163917788
Duenn,186,SIGNAL4D_EXT_ARM_BA_V4,True,43.50901331718116,,15.809970234662716,29.139042060649373,42.987931617516836,25.965399391573285,,15.80997023466272
Duenn,188,SIGNAL4D_EXT_ARM_BA_V4,True,42.70832339411356,,15.613189157798985,28.51060952331825,42.45691148463464,24.939270457992805,,15.613189157798985
Duenn,190,SIGNAL4D_EXT_ARM_BA_V4,True,37.83629017101652,,15.923839654960803,28.52635739910096,39.12800409432508,25.258227316686728,,15.923839654960803
Duenn,192,SIGNAL4D_EXT_ARM_BA_V4,True,38.143640304547795,,16.198793298675646,31.25007796886331,40.14630898576649,27.756016275617405,,16.198793298675646
Duenn,194,SIGNAL4D_EXT_ARM_BA_V4,True,41.9392560882951,,16.446562645423707,29.031728237747174,41.58496137095356,25.521494817548266,,16.446562645423707
Duenn,196,SIGNAL4D_EXT_ARM_BA_V4,True,44.137901527462446,,16.195890968973053,27.691234627499615,41.925506853474154,24.43273434385408,,16.195890968973053
Duenn,198,SIGNAL4D_EXT_ARM_BA_V4,True,41.98778919751987,,16.294678334640224,28.64353099684926,41.69414531095663,25.068696650395005,,16.29467833464022
Duenn,200,SIGNAL4D_EXT_ARM_BA_V4,True,38.94899559312707,,15.978539602169949,28.130988628119646,39.52861604858898,24.54969293826561,,15.978539602169953
Einkaufen,142,SIGNAL4D_EXT_ARM_BA_V4,False,41.41767133269852,15.180551326357145,11.809853356427993,20.96878946439363,30.626710019004438,19.201382603086554,15.180551326357145,11.809853356427991
Einkaufen,144,SIGNAL4D_EXT_ARM_BA_V4,False,45.93244839903667,16.62774389096777,11.93116392072027,22.939619468339792,33.0770721351083,20.56629537214309,16.62774389096777,11.931163920720275
Einkaufen,146,SIGNAL4D_EXT_ARM_BA_V4,False,44.93594153348,16.309464593492788,13.507641763768884,24.14529405943926,35.36650000192661,21.66892248808387,16.309464593492788,13.507641763768884
Einkaufen,148,SIGNAL4D_EXT_ARM_BA_V4,False,39.731577748456054,16.71779759437926,14.937134251896271,24.50469271300586,33.4037631813996,22.423334335639286,16.71779759437926,14.937134251896268
Einkaufen,150,SIGNAL4D_EXT_ARM_BA_V4,False,41.16281870153873,13.624990075481739,15.451225108685287,23.029275702792507,32.15499968332156,20.7994852826728,13.624990075481739,15.451225108685287
Einkaufen,152,SIGNAL4D_EXT_ARM_BA_V4,False,37.91170240260798,15.482426675245206,18.023260970077313,24.43924296924674,33.853514754185774,22.04600561386576,15.482426675245206,18.02326097007731
Einkaufen,154,SIGNAL4D_EXT_ARM_BA_V4,False,35.46755919821022,14.918302118085483,18.130015646923994,22.305066656933917,32.49826604884263,19.905226276196498,14.918302118085483,18.130015646923994
Einkaufen,156,SIGNAL4D_EXT_ARM_BA_V4,False,37.031534481926634,14.560399304610172,18.093801051407844,23.32793022413284,33.937736138597664,20.584960066705673,14.560399304610172,18.093801051407844
Einkaufen,158,SIGNAL4D_EXT_ARM_BA_V4,False,42.49220763244776,14.968975399813164,17.29841766400401,22.09627733199457,32.60395092556477,19.83385950312025,14.968975399813164,17.29841766400401
Einkaufen,160,SIGNAL4D_EXT_ARM_BA_V4,False,45.01215357199333,14.78730736904065,15.791399914547373,22.321509634760968,32.62887434853264,19.987579114070332,14.787307369040649,15.791399914547373
Einkaufen,162,SIGNAL4D_EXT_ARM_BA_V4,False,39.293951336379294,14.839157297984043,13.444944377888273,21.91652481180819,31.488539579897473,19.43844310164327,14.839157297984045,13.444944377888273
Einkaufen,164,SIGNAL4D_EXT_ARM_BA_V4,False,41.073664215951275,13.569025316630897,14.343974158555225,23.64493577020488,32.4082887782438,21.198432356668036,13.569025316630897,14.343974158555227
Einkaufen,166,SIGNAL4D_EXT_ARM_BA_V4,False,41.657741488091006,14.256978173693653,14.121895600022592,27.157451333393084,33.037881411879866,24.64434901461628,14.256978173693653,14.121895600022588
Einkaufen,168,SIGNAL4D_EXT_ARM_BA_V4,False,42.84898108853799,14.557226245853107,12.364927107949374,27.25074506312135,34.286122945577766,24.59543365179833,14.557226245853107,12.364927107949372
Einkaufen,170,SIGNAL4D_EXT_ARM_BA_V4,False,40.904557880508726,14.831652128511914,13.246543101919565,24.670120020209147,33.998369771177885,21.902712591642196,14.831652128511914,13.24654310191956
Einkaufen,172,SIGNAL4D_EXT_ARM_BA_V4,False,37.8610690570057,14.834528308387913,14.032387126507224,22.34264556337946,32.8039017237223,19.931084233928182,14.834528308387918,14.032387126507224
Einkaufen,174,SIGNAL4D_EXT_ARM_BA_V4,False,37.32595940311199,13.704828979105907,18.04672962122789,23.55550805076308,33.53958371801889,21.132683284702104,13.704828979105905,18.04672962122789
Einkaufen,176,SIGNAL4D_EXT_ARM_BA_V4,False,33.14589222500496,15.266924572506237,17.888098725650092,22.86618503355611,33.0317531482661,20.50286718305926,15.266924572506241,17.88809872565009
Einkaufen,178,SIGNAL4D_EXT_ARM_BA_V4,False,36.58067959870523,14.514014273334125,18.317739688810942,23.013931335450522,33.6608429698729,20.589940459140166,14.514014273334126,18.31773968881094
Einkaufen,180,SIGNAL4D_EXT_ARM_BA_V4,False,37.40976129473941,13.630409000948397,16.85447259153703,22.400563365961492,32.61527121818173,20.01989858501445,13.630409000948397,16.85447259153703
Einkaufen,182,SIGNAL4D_EXT_ARM_BA_V4,False,36.480013119217475,13.021021906536651,16.01631520134894,24.57113543765919,36.493507101703095,21.52480472980191,13.021021906536651,16.01631520134894
Einnehmen,161,SIGNAL4D_EXT_ARM_BA_V4,False,37.89616440166457,16.008774508257837,10.057334361078258,26.797911397883432,34.85231069366483,24.1569414105539,16.008774508257837,10.05733436107825
Einnehmen,163,SIGNAL4D_EXT_ARM_BA_V4,False,40.48286896118814,15.817184459819448,7.2124117181412055,33.44472874374351,37.497661645270476,30.662121222316845,15.817184459819448,7.212411718141206
Einnehmen,165,SIGNAL4D_EXT_ARM_BA_V4,False,41.553097675259785,14.598325817453567,8.931971511549865,35.570454600392715,43.1952117885954,32.17829469091099,14.598325817453567,8.931971511549865
Einnehmen,167,SIGNAL4D_EXT_ARM_BA_V4,False,43.14573096328646,14.683809965327539,8.196514869384032,37.21654511455831,42.09084333456543,34.06436642495499,14.683809965327534,8.196514869384034
Einnehmen,169,SIGNAL4D_EXT_ARM_BA_V4,False,45.45055693698771,14.89923642362918,9.820013700867449,39.42504041847712,45.56027871260231,36.040284222179075,14.899236423629183,9.82001370086745
Einnehmen,171,SIGNAL4D_EXT_ARM_BA_V4,False,49.05252825478994,14.185697930057838,12.498870214643999,42.21333836610165,43.435917364243195,39.222980854516365,14.185697930057836,12.498870214643997
Einnehmen,173,SIGNAL4D_EXT_ARM_BA_V4,False,46.216374535755925,13.463495504991563,11.558123143542215,41.59080432319899,42.13066376982694,38.667227146169886,13.463495504991563,11.558123143542213
Einnehmen,175,SIGNAL4D_EXT_ARM_BA_V4,False,46.934912159434305,12.953077264344966,9.728210194547588,41.726328525712894,38.568695725341804,39.09693047981093,12.953077264344964,9.728210194547586
Einnehmen,177,SIGNAL4D_EXT_ARM_BA_V4,False,43.87444437253768,13.900908525377911,9.39851747706029,36.744963754877105,35.37827892089951,34.242170838527066,13.900908525377915,9.39851747706029
Einnehmen,179,SIGNAL4D_EXT_ARM_BA_V4,False,47.61976904170876,14.505586371405789,9.062657769918914,41.814259885924116,37.02601021219026,39.190459424822926,14.505586371405789,9.062657769918914
Einnehmen,181,SIGNAL4D_EXT_ARM_BA_V4,False,44.06389956813257,16.45530922174914,8.249877639265325,37.54584744445426,35.87035047713649,34.874444148934224,16.45530922174914,8.249877639265327
Einnehmen,183,SIGNAL4D_EXT_ARM_BA_V4,False,45.32362166886565,17.12301069909666,9.175592560435538,38.72390585761719,36.7211455274612,35.95944853598343,17.123010699096657,9.17559256043554
Einnehmen,185,SIGNAL4D_EXT_ARM_BA_V4,False,41.964181747176454,16.488907042284243,10.230057216323907,35.03942960570748,36.372965217852375,32.17345815560067,16.488907042284243,10.230057216323907
Einnehmen,187,SIGNAL4D_EXT_ARM_BA_V4,False,38.46899307360974,15.602598769770603,11.4579274089218,30.44816418026154,35.67452288703425,27.447039168252413,15.602598769770601,11.4579274089218
Einnehmen,189,SIGNAL4D_EXT_ARM_BA_V4,False,40.355753840231955,14.445064596431978,12.520367775819517,25.85499477103778,35.41504011196693,22.785689244607582,14.445064596431981,12.520367775819519
Einnehmen,191,SIGNAL4D_EXT_ARM_BA_V4,False,37.906705717252635,13.821197814174038,12.985425653324748,24.86961398541,35.01028703963673,21.873838677083356,13.821197814174038,12.98542565332475
Einnehmen,193,SIGNAL4D_EXT_ARM_BA_V4,False,36.246408256067845,14.65443312185071,13.550836417522321,26.635101191011486,36.10196282043847,23.459922571915865,14.65443312185071,13.550836417522325
Einnehmen,195,SIGNAL4D_EXT_ARM_BA_V4,False,39.01328449053969,14.9181084679453,13.819005301340244,26.8035771451306,35.184226716799806,23.83844253804286,14.9181084679453,13.819005301340244
Einnehmen,197,SIGNAL4D_EXT_ARM_BA_V4,False,36.345159793016926,14.818170755189616,15.302657739245838,26.331935228590535,34.32938376051783,23.454578063892583,14.818170755189614,15.302657739245836
Einnehmen,199,SIGNAL4D_EXT_ARM_BA_V4,False,40.90908894983694,14.932421263874419,14.996143084236705,30.633733893908577,33.91720132685183,27.934755559590833,14.932421263874419,14.996143084236705
Einnehmen,201,SIGNAL4D_EXT_ARM_BA_V4,False,41.68984626077512,14.908041712667096,14.83505669190578,32.76219680336076,34.23981782101994,30.134857658743503,14.908041712667096,14.835056691905782
Einnehmen,203,SIGNAL4D_EXT_ARM_BA_V4,False,43.73403797293069,14.565132800276105,14.576031238936983,35.443642236052774,34.67954143053767,32.823844852909744,14.565132800276107,14.57603123893698
Einnehmen,205,SIGNAL4D_EXT_ARM_BA_V4,False,42.46758870600271,15.441162910683824,14.560780498468654,33.78270361525128,34.69621523785506,31.07816199072022,15.44116291068382,14.560780498468656
Einnehmen,207,SIGNAL4D_EXT_ARM_BA_V4,False,39.599149473798704,15.312740242860968,15.121899083864617,27.5027109136714,34.125864931834954,24.738856384203224,15.312740242860968,15.121899083864617
Einnehmen,209,SIGNAL4D_EXT_ARM_BA_V4,False,40.63188598309515,14.881569729124394,14.993105950415668,30.847268162607907,35.324433603328,27.875873603989515,14.881569729124394,14.993105950415671
Einnehmen,211,SIGNAL4D_EXT_ARM_BA_V4,False,39.418839580259785,14.734387997125525,15.430050985000735,29.206142702250855,35.04262706581352,26.301395278250787,14.734387997125525,15.430050985000731
Einnehmen,213,SIGNAL4D_EXT_ARM_BA_V4,False,39.711020683144504,14.954306337932902,15.599710059118182,29.38325491374845,35.02894868328927,26.46183443710684,14.954306337932906,15.59971005911818
Einnehmen,215,SIGNAL4D_EXT_ARM_BA_V4,False,40.364472507213456,14.609158944547925,15.97997176002509,30.194113796880504,35.77908389880755,27.2026830853463,14.609158944547929,15.97997176002509
Einnehmen,217,SIGNAL4D_EXT_ARM_BA_V4,False,38.64193716822262,15.07824215369202,16.019572672435743,26.427606488058835,34.22429053191349,23.633126661630627,15.07824215369202,16.019572672435743
Einnehmen,219,SIGNAL4D_EXT_ARM_BA_V4,False,38.889225434484416,15.209302408821411,15.972170754725079,27.324059348618924,35.14309312676115,24.390790443679155,15.209302408821411,15.972170754725079
Einnehmen,221,SIGNAL4D_EXT_ARM_BA_V4,False,34.946894232148615,14.982457286319107,15.80530596939159,25.109339035302522,36.379831196906224,22.06347964466661,14.982457286319105,15.80530596939159
EinstellenJob,140,SIGNAL4D_EXT_ARM_BA_V4,False,50.822419392409,16.089896151366265,12.00298888468215,31.277605623877157,51.18901596836257,26.535374858618354,16.08989615136627,12.00298888468215
EinstellenJob,142,SIGNAL4D_EXT_ARM_BA_V4,False,50.06257479273391,14.875637636776066,12.076116904241584,37.60412060876146,57.19036433693471,32.311903786439494,14.875637636776068,12.076116904241584
EinstellenJob,144,SIGNAL4D_EXT_ARM_BA_V4,False,52.08434636559394,14.483681919268886,12.125297155517346,36.293367697408435,57.07812151201779,31.006193715214348,14.483681919268886,12.125297155517345
EinstellenJob,146,SIGNAL4D_EXT_ARM_BA_V4,False,49.983087104333066,14.43225494277914,12.160897483042957,34.16130928930076,54.44014906769479,29.272398910531148,14.43225494277914,12.160897483042957
EinstellenJob,148,SIGNAL4D_EXT_ARM_BA_V4,False,48.60760638144889,14.423321058723989,12.389643805202043,35.0051250060271,54.47719076151876,30.017584594126088,14.423321058723989,12.389643805202045
EinstellenJob,150,SIGNAL4D_EXT_ARM_BA_V4,False,39.67858460685464,14.504130154795002,10.435835753401008,31.278787354480883,46.491313342133665,27.063661587709433,14.504130154794998,10.435835753401008
EinstellenJob,152,SIGNAL4D_EXT_ARM_BA_V4,False,41.270313402297056,13.821592471176869,8.550040333640618,31.761369182171226,42.82379727834652,28.005756543098727,13.821592471176867,8.550040333640617
EinstellenJob,154,SIGNAL4D_EXT_ARM_BA_V4,False,37.67832060600546,12.155450519686617,5.850519630718446,26.399976479809066,37.95836041180397,23.133775815971934,12.155450519686616,5.850519630718446
EinstellenJob,156,SIGNAL4D_EXT_ARM_BA_V4,False,39.647542223810696,12.190979567447789,4.582499791103297,26.498034120714248,34.58878169739405,23.55536496508249,12.190979567447785,4.582499791103297
EinstellenJob,158,SIGNAL4D_EXT_ARM_BA_V4,False,35.48179526884892,13.48029932672027,5.591110684338824,21.26273269133797,30.887153065364593,18.381767193765718,13.48029932672027,5.591110684338827
EinstellenJob,160,SIGNAL4D_EXT_ARM_BA_V4,False,38.24149457068825,13.22962914931404,7.02025286747181,27.37807229409262,34.96304715246461,24.213036211312758,13.22962914931404,7.02025286747181
EinstellenJob,162,SIGNAL4D_EXT_ARM_BA_V4,False,36.91844793388112,14.005349716990244,7.785160776041251,25.605623337786565,35.177808868620026,22.480790582069517,14.005349716990242,7.7851607760412485
EinstellenJob,164,SIGNAL4D_EXT_ARM_BA_V4,False,36.78360124644822,14.430468510388401,8.646841828034509,24.75895686774456,35.488632976040016,21.743012696837425,14.430468510388403,8.646841828034505
EinstellenJob,166,SIGNAL4D_EXT_ARM_BA_V4,False,37.752186220199924,14.281497074677716,8.959442389742344,23.236991593551785,34.39758445437709,20.335411813445273,14.281497074677722,8.959442389742346
EinstellenJob,168,SIGNAL4D_EXT_ARM_BA_V4,False,37.825845849922686,13.827928663487885,9.11518962991291,23.57367528044966,34.56400955850569,20.657512122056346,13.827928663487885,9.11518962991291
EinstellenJob,170,SIGNAL4D_EXT_ARM_BA_V4,False,38.81816472058771,13.909440856263915,8.384274893950785,22.65285169661668,34.36996568850543,19.925061455241792,13.909440856263915,8.384274893950785
EinstellenJob,172,SIGNAL4D_EXT_ARM_BA_V4,False,38.21616286896401,13.745069080922493,8.264153794770504,23.309246710932523,34.01515773103289,20.55391499715528,13.745069080922493,8.264153794770504
EinstellenJob,174,SIGNAL4D_EXT_ARM_BA_V4,False,37.948614756457694,13.941063277978273,8.891665617318552,22.58902769944666,33.33539230198294,19.99220026842707,13.941063277978271,8.891665617318552
EinstellenJob,176,SIGNAL4D_EXT_ARM_BA_V4,False,34.900393163431225,13.897673481149893,8.625247151622869,22.893342916727867,32.24369508226419,20.045408339065187,13.89767348114989,8.625247151622869
EinstellenJob,178,SIGNAL4D_EXT_ARM_BA_V4,False,39.3213883827734,13.35961126871266,8.825127671435064,22.86133061476441,34.01003971090032,20.200729893792754,13.35961126871266,8.825127671435064
EinstellenJob,180,SIGNAL4D_EXT_ARM_BA_V4,False,37.721552244759124,14.128709321573872,8.64796541758098,23.735452576564406,34.078452744309125,20.89014261370198,14.128709321573874,8.64796541758098
EinstellenJob,182,SIGNAL4D_EXT_ARM_BA_V4,False,38.49739427741437,12.781016185535389,9.145929265714113,23.379336100802494,33.78794276651434,20.641920358393357,12.781016185535385,9.145929265714114
EinstellenJob,184,SIGNAL4D_EXT_ARM_BA_V4,False,37.72756185157733,13.404733029542832,8.705679847833359,23.019548089356103,33.33887730691738,20.170964727272064,13.404733029542832,8.705679847833359
EinstellenJob,186,SIGNAL4D_EXT_ARM_BA_V4,False,37.549548845447504,13.902619311894455,8.38764774540883,24.06838388850944,33.620280283776076,21.069645421590607,13.902619311894453,8.38764774540883
EinstellenJob,188,SIGNAL4D_EXT_ARM_BA_V4,False,38.026094276337915,13.247254296674345,8.419433597593349,24.053681746651936,33.9859561500842,21.113058136855663,13.247254296674345,8.419433597593349
EinstellenJob,190,SIGNAL4D_EXT_ARM_BA_V4,False,37.09768459301157,13.21120857221764,8.49963451427253,27.22252752330065,33.72017053470102,24.12667089683239,13.21120857221764,8.499634514272529
EinstellenJob,192,SIGNAL4D_EXT_ARM_BA_V4,False,37.539689615672685,13.39717152925751,8.958002843907634,26.888369178929683,33.93992396713821,23.771805260911062,13.39717152925751,8.95800284390763
EinstellenJob,194,SIGNAL4D_EXT_ARM_BA_V4,False,37.34912492740308,13.125610657372984,9.59043725888247,28.248172750469156,33.28310322340296,25.180298846176626,13.125610657372984,9.590437258882474
EinstellenJob,196,SIGNAL4D_EXT_ARM_BA_V4,False,37.08352199060547,13.795930893596616,9.54641534940178,25.954770847644006,33.183941298528985,22.919974504831966,13.795930893596616,9.546415349401782
EinstellenJob,198,SIGNAL4D_EXT_ARM_BA_V4,False,36.162244006748466,12.971934854089648,9.410094135421199,27.00741946461482,33.03326439501915,23.95497398925205,12.971934854089646,9.410094135421206
EinstellenJob,200,SIGNAL4D_EXT_ARM_BA_V4,False,36.91897679974201,13.778608521921129,8.745388413786179,25.26718428569555,33.07089279702036,22.25150652826979,13.778608521921129,8.745388413786177
EinstellenJob,202,SIGNAL4D_EXT_ARM_BA_V4,False,37.331161011508456,13.985341665611761,9.247941120316181,27.015655354421593,34.59368219494401,23.808849745421213,13.985341665611758,9.247941120316183
EinstellenJob,204,SIGNAL4D_EXT_ARM_BA_V4,False,38.82408414686941,13.430069835693178,9.305039627623348,24.581895376412,34.8039254015418,21.437710606777163,13.430069835693182,9.305039627623344
EinstellenJob,206,SIGNAL4D_EXT_ARM_BA_V4,False,39.13871067265311,12.763365732348756,8.984477312211947,25.642062594313554,35.99193381063972,22.3950954765797,12.763365732348754,8.98447731221195
EisGefroren,182,SIGNAL4D_EXT_ARM_BA_V4,False,41.16788702462105,15.125187177379882,16.79314574865351,34.89970893491587,50.28908031002157,29.99233122707183,15.125187177379884,16.79314574865351
EisGefroren,184,SIGNAL4D_EXT_ARM_BA_V4,False,37.648030124865045,13.697279427465661,11.441378470251093,32.69309016599103,44.02642206895684,28.431621370546893,13.69727942746566,11.441378470251095
EisGefroren,186,SIGNAL4D_EXT_ARM_BA_V4,False,37.79563720639792,13.563947515614691,12.254365047168498,29.31116717337979,43.68845418213192,25.04200366296369,13.563947515614691,12.254365047168497
EisGefroren,188,SIGNAL4D_EXT_ARM_BA_V4,False,33.902322094458754,10.628670011839004,11.464200365048908,23.738790062293745,38.69223295434843,20.039578163848574,10.628670011839,11.464200365048907
EisGefroren,190,SIGNAL4D_EXT_ARM_BA_V4,False,35.431029622888374,10.430819690327585,8.548810004778325,27.71427138789024,42.53206312266723,23.596831011565833,10.430819690327585,8.548810004778325
EisGefroren,192,SIGNAL4D_EXT_ARM_BA_V4,False,34.59487681375802,11.797773061231114,6.744348453939773,23.075884163090098,36.173000938634104,19.60854264124277,11.797773061231114,6.744348453939775
EisGefroren,194,SIGNAL4D_EXT_ARM_BA_V4,False,32.375232831763306,12.688815897004224,7.592845888073934,22.506392352893954,34.487633849974124,19.316240672185323,12.688815897004222,7.592845888073933
EisGefroren,196,SIGNAL4D_EXT_ARM_BA_V4,False,30.4558617025106,13.87507209354079,9.213755350901343,24.018663166351466,36.01642790051851,20.787287596613815,13.87507209354079,9.213755350901344
EisGefroren,198,SIGNAL4D_EXT_ARM_BA_V4,False,34.73523233397278,13.863611370064588,6.1336990671325795,24.828960729063375,38.273174216287636,21.211134415923567,13.86361137006459,6.133699067132581
EisGefroren,200,SIGNAL4D_EXT_ARM_BA_V4,False,39.04340137328473,14.480807348396706,6.079284545701364,25.634985725227867,36.27407674122108,22.36790859544955,14.480807348396706,6.079284545701364
EisGefroren,202,SIGNAL4D_EXT_ARM_BA_V4,False,41.42499258733664,13.256772361228261,6.609952376720942,26.5462157909986,38.664651502730784,23.075202391958868,13.256772361228261,6.609952376720942
EisGefroren,204,SIGNAL4D_EXT_ARM_BA_V4,False,41.18672118940179,13.616048552477501,8.647735580710766,25.539358901912564,37.879850056705095,22.190486483219683,13.616048552477501,8.647735580710766
EisGefroren,206,SIGNAL4D_EXT_ARM_BA_V4,False,42.746529229989555,12.64091084746338,6.286822970918687,28.67719092312138,39.15396453111887,25.212621649988872,12.640910847463376,6.286822970918688
EisGefroren,208,SIGNAL4D_EXT_ARM_BA_V4,False,41.647177506655744,14.139236872366922,6.078742558497299,26.472949424414164,36.36525430190999,23.309889994672613,14.139236872366922,6.078742558497301
EisGefroren,210,SIGNAL4D_EXT_ARM_BA_V4,False,40.95938108653805,13.298797490545562,6.377029118054532,28.828590078457655,38.53852803249103,25.440855364595947,13.298797490545562,6.37702911805453
EisGefroren,212,SIGNAL4D_EXT_ARM_BA_V4,False,41.829785755039794,13.32587037076934,6.309626429688951,29.65216177267385,40.144424256385854,26.136171885389526,13.32587037076934,6.309626429688951
EisGefroren,214,SIGNAL4D_EXT_ARM_BA_V4,False,42.40304322373504,13.096074068029424,6.857599542934274,29.594311540683346,41.43578976333395,25.93943460685685,13.096074068029429,6.857599542934271
EisGefroren,216,SIGNAL4D_EXT_ARM_BA_V4,False,42.12961515315324,12.357295674005002,9.710865476738523,29.940488872970615,41.06496848807618,26.29276067263403,12.357295674005002,9.71086547673852
EisGefroren,218,SIGNAL4D_EXT_ARM_BA_V4,False,43.49887930318843,13.460486926052752,14.686706174050412,30.017008047857985,42.19379462363685,26.176300781522457,13.460486926052752,14.686706174050412
EisGefroren,220,SIGNAL4D_EXT_ARM_BA_V4,False,42.81597155125327,13.563404112260363,16.425083750932473,28.93749908055922,42.981139316567585,24.99691781427376,13.563404112260363,16.425083750932476
EisGefroren,222,SIGNAL4D_EXT_ARM_BA_V4,False,42.445428775772875,13.645722713057976,15.323662559076574,29.81157204349196,41.46489265226838,26.128792128572865,13.64572271305798,15.323662559076578
EisGefroren,224,SIGNAL4D_EXT_ARM_BA_V4,False,42.90832230206297,13.040137934419432,15.776457158156054,29.922388888717187,42.05053866024306,26.202604226521245,13.040137934419436,15.776457158156054
EisGefroren,226,SIGNAL4D_EXT_ARM_BA_V4,False,41.364615266827506,13.302327881569665,15.434996637911796,28.647951747450595,40.34520253934289,25.07385149629828,13.302327881569665,15.434996637911796
EisGefroren,228,SIGNAL4D_EXT_ARM_BA_V4,False,41.946770948655534,13.389587423889974,15.0585704348723,29.420135738144214,40.597334140588856,25.819743283814287,13.389587423889974,15.0585704348723
EisGefroren,230,SIGNAL4D_EXT_ARM_BA_V4,False,41.86410775070617,14.310357460370495,14.860130736523269,28.065094372289774,41.916507304466585,24.25992547201492,14.310357460370495,14.86013073652327
EisGefroren,232,SIGNAL4D_EXT_ARM_BA_V4,False,40.79168693571505,14.580955443236917,14.524748041893469,29.58823432654306,41.53854005820547,25.894586149552005,14.58095544323692,14.524748041893469
EisGefroren,234,SIGNAL4D_EXT_ARM_BA_V4,False,42.60909476729129,14.197641034464437,13.813538374889418,28.9700682849099,42.066879680307096,25.197956151203964,14.197641034464437,13.81353837488942
EisGefroren,236,SIGNAL4D_EXT_ARM_BA_V4,False,42.084755585893696,14.379625761000376,14.511556776371554,30.26963192017099,41.88696915443775,26.515603081060085,14.379625761000376,14.51155677637156
EisGefroren,238,SIGNAL4D_EXT_ARM_BA_V4,False,40.25667573104776,13.981397646799469,15.507142024395597,28.395880722232743,41.98571772952436,24.596786628119236,13.981397646799469,15.507142024395591
EisGefroren,240,SIGNAL4D_EXT_ARM_BA_V4,False,40.28569537045623,14.097728603930207,15.716656586680418,28.207039309848167,42.01610089049062,24.40963924540543,14.097728603930207,15.716656586680418
Empathie,136,SIGNAL4D_EXT_ARM_BA_V4,False,43.764897365718106,12.051031802185163,16.22094625445329,31.443185585213627,45.23821527192387,28.45624289568912,12.051031802185163,16.220946254453292
Empathie,138,SIGNAL4D_EXT_ARM_BA_V4,False,41.17409362030847,12.60824500734297,17.40169405718604,29.85132180219622,41.568783033448796,27.077885904783724,12.608245007342967,17.401694057186038
Empathie,140,SIGNAL4D_EXT_ARM_BA_V4,False,45.7955362061877,13.130870553323506,14.336346239684609,39.4668362783637,59.74790982054238,34.89505056610512,13.130870553323506,14.336346239684607
Empathie,142,SIGNAL4D_EXT_ARM_BA_V4,False,46.82486729833872,13.132184972877473,17.095167680771908,38.382718644948085,59.08070097418235,33.780558275159486,13.132184972877473,17.095167680771905
Empathie,144,SIGNAL4D_EXT_ARM_BA_V4,False,38.33241062715652,12.87969039469108,19.597504864441756,29.243089870655254,40.747093020909034,26.265679562983657,12.87969039469108,19.59750486444176
Empathie,146,SIGNAL4D_EXT_ARM_BA_V4,False,35.8082272018218,12.938931046133725,15.002957860408673,22.0483157563276,32.5789553034227,19.747753717156183,12.938931046133721,15.002957860408673
Empathie,148,SIGNAL4D_EXT_ARM_BA_V4,False,39.108082856210984,12.015006049985525,12.519558153203239,24.938751444204495,37.557249373236814,22.17069521256977,12.015006049985521,12.519558153203239
Empathie,150,SIGNAL4D_EXT_ARM_BA_V4,False,36.48695508568245,13.007381894084569,10.939510100507652,26.119987951166564,40.19670366312056,22.90431531424702,13.007381894084565,10.939510100507649
Empathie,152,SIGNAL4D_EXT_ARM_BA_V4,False,40.5925882112001,13.099799856863891,9.66744123493068,25.862884455478035,38.51208888440044,22.45708286886669,13.099799856863891,9.667441234930678
Empathie,154,SIGNAL4D_EXT_ARM_BA_V4,False,42.90739104473706,12.615327354377223,8.843025947321816,25.692758800531955,40.32836660642582,22.1761884195702,12.615327354377229,8.843025947321816
Empathie,156,SIGNAL4D_EXT_ARM_BA_V4,False,45.21972767381285,12.570000191152774,8.805126104367291,27.403277859146716,44.21288750588645,23.31666375374578,12.570000191152774,8.805126104367291
Empathie,158,SIGNAL4D_EXT_ARM_BA_V4,False,42.15984667013416,11.98133165525541,8.838147922463499,26.217651436546575,40.87525467115966,23.087837307717514,11.98133165525541,8.838147922463499
Empathie,160,SIGNAL4D_EXT_ARM_BA_V4,False,48.29521082385487,12.938614432168025,8.430551939752718,34.19237222805879,54.57137108454296,29.191887975620773,12.938614432168027,8.430551939752718
Empathie,162,SIGNAL4D_EXT_ARM_BA_V4,False,45.92560053650066,12.466197989894654,8.390677786073102,37.485767955415895,57.20340041604438,32.23307149646411,12.466197989894654,8.390677786073104
Empathie,164,SIGNAL4D_EXT_ARM_BA_V4,False,47.186883719576244,12.500060581593463,8.495285447517936,37.1767028333978,54.97930930971505,32.37923266379324,12.500060581593461,8.495285447517938
Empathie,166,SIGNAL4D_EXT_ARM_BA_V4,False,47.59240026663232,13.70258108577577,8.957863431682943,37.16489507931856,51.23552800307241,32.96453422087804,13.702581085775774,8.957863431682943
Empathie,168,SIGNAL4D_EXT_ARM_BA_V4,False,49.5719947485893,17.155303079629036,9.130223399077185,38.0183750170394,49.59941235033,34.051148796877975,17.155303079629036,9.130223399077181
Empathie,170,SIGNAL4D_EXT_ARM_BA_V4,False,48.429858401983054,17.11943091090854,9.603031406720245,32.935661808815965,43.9463852132607,29.3280936108716,17.119430910908545,9.603031406720245
Empathie,172,SIGNAL4D_EXT_ARM_BA_V4,False,47.88187528747982,17.360453739970964,9.533536114558215,33.401534681654525,46.82058141623386,29.43669673098042,17.36045373997096,9.533536114558213
Empathie,174,SIGNAL4D_EXT_ARM_BA_V4,False,52.82029299429614,18.292490727905324,9.945165287040894,32.719269241213524,50.59258290262493,28.2215605471772,18.292490727905324,9.945165287040894
Empathie,176,SIGNAL4D_EXT_ARM_BA_V4,False,48.791607215109636,17.277071427932874,9.128850087654204,31.161560811660184,48.54700323047562,26.682993450972543,17.277071427932878,9.128850087654204
Empathie,178,SIGNAL4D_EXT_ARM_BA_V4,False,47.52777555166473,16.26827276040066,9.592575243806143,30.265155918312665,48.03755910057817,25.86827174795597,16.268272760400656,9.592575243806142
Empathie,180,SIGNAL4D_EXT_ARM_BA_V4,False,47.96431862897436,16.665036891124057,9.430393685630246,31.62610575928116,48.962950789260184,27.141299769393225,16.665036891124057,9.430393685630245
Entschuldigung,129,SIGNAL4D_EXT_ARM_BA_V4,False,39.83261100669729,16.169916719873157,17.331523351196886,24.35542669644319,35.944170641908926,21.8019743974768,16.169916719873154,17.331523351196893
Entschuldigung,131,SIGNAL4D_EXT_ARM_BA_V4,False,42.68289367701578,16.389768152951536,18.89694663164791,24.581793915680546,38.249588203571854,21.929094017624077,16.389768152951536,18.896946631647914
Entschuldigung,133,SIGNAL4D_EXT_ARM_BA_V4,False,40.91917705001218,18.331084198997786,15.482608945214745,24.25717341244388,36.7218178262856,21.88161049184202,18.331084198997786,15.482608945214743
Entschuldigung,135,SIGNAL4D_EXT_ARM_BA_V4,False,41.61956559453608,18.237231792539472,15.172873443656144,23.143819380223576,35.550103477786216,20.622701504739712,18.237231792539472,15.172873443656144
Entschuldigung,137,SIGNAL4D_EXT_ARM_BA_V4,False,43.806831013795474,19.86872924272696,17.51831948794946,27.304357150012148,38.58069071640914,24.785479839244687,19.86872924272696,17.518319487949462
Entschuldigung,139,SIGNAL4D_EXT_ARM_BA_V4,False,38.63100476724265,19.475312465824224,15.797331162475617,21.79174624939276,33.43228513288621,19.459880333580877,19.475312465824224,15.797331162475617
Entschuldigung,141,SIGNAL4D_EXT_ARM_BA_V4,False,37.18415202767431,19.355424301419294,16.165662260965927,23.942162489293203,37.52304688540573,21.091251619481806,19.35542430141929,16.165662260965927
Entschuldigung,143,SIGNAL4D_EXT_ARM_BA_V4,False,40.48221655253422,21.90169113663096,19.417363706598064,24.50373312544728,37.57413348815935,22.0038442686263,21.90169113663096,19.417363706598064
Entschuldigung,145,SIGNAL4D_EXT_ARM_BA_V4,False,36.7879348318977,20.99662241567475,16.364964876967495,25.22723659865198,37.380382163701434,22.089987641812623,20.996622415674754,16.3649648769675
Entschuldigung,147,SIGNAL4D_EXT_ARM_BA_V4,False,36.01463129129018,20.914492738923997,15.90899171905557,25.5190508598049,35.99032176264509,22.24907082161523,20.914492738924,15.908991719055573
Entschuldigung,149,SIGNAL4D_EXT_ARM_BA_V4,False,37.3885176495085,15.32798075292777,18.159623733941526,24.479981801654766,35.70151225779848,21.711228437226726,15.32798075292777,18.159623733941526
Entschuldigung,151,SIGNAL4D_EXT_ARM_BA_V4,False,34.99304387354529,14.171050861315523,18.59771182415824,23.05082407560463,32.70686966575283,20.295933894105392,14.171050861315523,18.59771182415824
Entschuldigung,153,SIGNAL4D_EXT_ARM_BA_V4,False,36.60283855667997,11.78672122794407,15.92725192295628,21.050471422790668,30.038175578109602,19.365638645959073,11.786721227944078,15.92725192295628
Entschuldigung,155,SIGNAL4D_EXT_ARM_BA_V4,False,37.9559264342732,12.898806644261477,16.318170156055302,21.82395336755414,30.98107237594043,20.0169985499018,12.898806644261475,16.318170156055302
Entschuldigung,157,SIGNAL4D_EXT_ARM_BA_V4,False,35.103795469137495,17.88461766469247,16.269358222010098,22.563064163405574,33.24410354454706,20.481683730194913,17.88461766469247,16.269358222010098
Entschuldigung,159,SIGNAL4D_EXT_ARM_BA_V4,False,34.96972646950503,17.53036138396221,16.65503798695111,22.051078391221704,32.81639689843832,20.10141468466277,17.53036138396221,16.655037986951108
Entschuldigung,161,SIGNAL4D_EXT_ARM_BA_V4,False,38.91342658185304,13.876231588516395,20.374679099280232,24.05326484376095,36.886764566843944,21.586031474555945,13.876231588516395,20.374679099280232
Entschuldigung,163,SIGNAL4D_EXT_ARM_BA_V4,False,33.608905757530366,13.959120318872422,19.31971892527587,22.279992107741357,32.21313768800689,19.804223051052322,13.959120318872424,19.31971892527587
Entschuldigung,165,SIGNAL4D_EXT_ARM_BA_V4,False,33.015562831101185,15.427575048872603,16.67605641060192,22.186626613228874,31.644903763041867,19.741387174196635,15.427575048872603,16.67605641060192
Entschuldigung,167,SIGNAL4D_EXT_ARM_BA_V4,False,37.52756122193266,18.9121828402891,17.843313857812777,23.859879867055874,34.56184939456974,21.386238838635144,18.912182840289095,17.843313857812777
Entschuldigung,169,SIGNAL4D_EXT_ARM_BA_V4,False,37.538196970793386,14.478649813696121,19.11921843939962,21.81327185298131,32.68192403703119,19.399102827975362,14.478649813696117,19.11921843939962
Entschuldigung,171,SIGNAL4D_EXT_ARM_BA_V4,False,34.971425180659715,12.747628740789477,18.349913500546943,20.72262827313825,31.366621694888902,18.42443581994304,12.747628740789475,18.349913500546947
Entschuldigung,173,SIGNAL4D_EXT_ARM_BA_V4,False,32.70773603735991,11.80027507560196,18.420402820791644,20.205252448231743,30.25221405933453,17.990924749368236,11.800275075601956,18.420402820791644
Entschuldigung,175,SIGNAL4D_EXT_ARM_BA_V4,False,33.788673539391915,11.904949497076315,17.813116278813094,19.908478639538348,29.53354803344102,17.870464502220994,11.904949497076316,17.81311627881309
Entschuldigung,177,SIGNAL4D_EXT_ARM_BA_V4,False,37.11821239780756,12.140771712066154,17.961110745342747,21.38112580384818,31.941898233076937,19.443676820102258,12.140771712066154,17.961110745342744
Entschuldigung,179,SIGNAL4D_EXT_ARM_BA_V4,False,31.876713116388157,12.529943438526926,16.314526243773035,22.42367775325042,32.228544915622464,19.826499643548182,12.529943438526926,16.314526243773035
Entschuldigung,181,SIGNAL4D_EXT_ARM_BA_V4,False,35.5234423961002,12.97280097616408,17.55873544506315,21.96140504092947,32.893526699732696,19.23721824129611,12.97280097616408,17.558735445063146
Entschuldigung,183,SIGNAL4D_EXT_ARM_BA_V4,False,36.74225345074358,13.638978451404553,19.165796368207587,22.35233758466601,33.27674948096295,20.014726921999706,13.638978451404553,19.165796368207584
Entschuldigung,185,SIGNAL4D_EXT_ARM_BA_V4,False,37.87400747155824,12.876379771861755,17.03547604138152,23.27205020021504,34.97668111857515,20.939948053192953,12.876379771861755,17.03547604138152
Entschuldigung,187,SIGNAL4D_EXT_ARM_BA_V4,False,36.47450173427286,12.347993791814183,15.618519668859715,25.039123279998297,35.67348898404903,22.356268987553545,12.347993791814186,15.618519668859712
Entschuldigung,189,SIGNAL4D_EXT_ARM_BA_V4,False,38.047869263092025,11.49064064375813,13.532777751059303,24.05293209697527,35.14821496325879,21.44211842340276,11.490640643758132,13.532777751059308
FestellenDiagnose,141,SIGNAL4D_EXT_ARM_BA_V4,False,44.82686049113434,9.156620229502666,14.608561583563224,29.92616795415989,37.26240945565514,26.67026835852627,9.156620229502666,14.608561583563224
FestellenDiagnose,143,SIGNAL4D_EXT_ARM_BA_V4,False,49.25374265633872,9.36436054707201,15.015651851973463,26.49650886245214,34.99601801344237,23.289529829011922,9.36436054707201,15.015651851973464
FestellenDiagnose,145,SIGNAL4D_EXT_ARM_BA_V4,False,46.22818813599007,9.631520678082891,12.373637511235389,27.473603805748837,35.534327542840366,24.17951838874951,9.631520678082891,12.373637511235389
FestellenDiagnose,147,SIGNAL4D_EXT_ARM_BA_V4,False,46.260074833667765,10.872472623361785,11.608424388975086,25.037024531361055,34.79390637681611,21.749515837484104,10.872472623361785,11.60842438897509
FestellenDiagnose,149,SIGNAL4D_EXT_ARM_BA_V4,False,46.42765748156453,14.34997220214739,12.449906277241462,23.349001492136644,34.78834413520486,20.03088495716131,14.34997220214739,12.449906277241462
FestellenDiagnose,151,SIGNAL4D_EXT_ARM_BA_V4,False,50.56860068774596,12.750270510469017,10.643127834164284,23.744842864681754,36.87923775770817,20.46600222234929,12.750270510469019,10.643127834164284
FestellenDiagnose,153,SIGNAL4D_EXT_ARM_BA_V4,False,44.37181929872044,12.519735542993642,9.044630509179099,24.616053036029744,34.23177108154406,21.610132539265283,12.519735542993642,9.044630509179102
FestellenDiagnose,155,SIGNAL4D_EXT_ARM_BA_V4,False,45.83974286158942,17.84883791167707,10.70918923054698,26.07537996251454,41.22055499117816,22.398777848724446,17.848837911677066,10.709189230546972
FestellenDiagnose,157,SIGNAL4D_EXT_ARM_BA_V4,False,51.55700141364203,42.71247338810251,14.005385124496588,28.044655206564048,42.363479577755655,24.23534848321791,42.71247338810251,14.00538512449659
FestellenDiagnose,159,SIGNAL4D_EXT_ARM_BA_V4,False,53.189635284977584,34.60722265949036,11.180252523518526,28.12435368730723,43.0972193850853,24.365183915650906,34.60722265949036,11.180252523518531
FestellenDiagnose,161,SIGNAL4D_EXT_ARM_BA_V4,False,52.95183367966807,11.31716279909333,16.688081033584364,27.64632790470507,46.1436704431527,23.587615731528825,11.31716279909333,16.688081033584364
FestellenDiagnose,163,SIGNAL4D_EXT_ARM_BA_V4,False,50.02223071593061,10.874295033836061,16.441937454288894,27.199020795299173,45.42594407574912,23.052745647209882,10.874295033836061,16.441937454288894
FestellenDiagnose,165,SIGNAL4D_EXT_ARM_BA_V4,False,52.35284581664485,10.45627768855542,15.498594731838994,28.418529156550004,47.759437301835,24.021292116188107,10.45627768855542,15.498594731838994
FestellenDiagnose,167,SIGNAL4D_EXT_ARM_BA_V4,False,51.8797888184677,9.271780072745416,15.010682981815668,28.84525320636981,47.153900814855454,24.583997618322588,9.271780072745418,15.010682981815666
FestellenDiagnose,169,SIGNAL4D_EXT_ARM_BA_V4,False,57.49990652898243,8.524396872238682,16.228436822979145,29.644633842861086,47.091523763439724,25.41928930573303,8.52439687223868,16.22843682297915
FestellenDiagnose,171,SIGNAL4D_EXT_ARM_BA_V4,False,53.02659550270018,9.704140518354226,15.149343326342988,28.08242793138487,46.38881139776999,23.90626231259133,9.704140518354224,15.149343326342988
FestellenDiagnose,173,SIGNAL4D_EXT_ARM_BA_V4,False,55.781453438888946,9.492690868502889,15.368401099338419,28.495379466789778,46.93677067226396,24.413858674871594,9.492690868502889,15.368401099338419
FestellenDiagnose,175,SIGNAL4D_EXT_ARM_BA_V4,False,50.647216719635146,9.544151548081079,15.578028180226914,26.80479923984348,44.91138928493583,22.70443637080253,9.54415154808108,15.578028180226914
FestellenDiagnose,177,SIGNAL4D_EXT_ARM_BA_V4,False,53.17364092291601,9.45403243226294,15.13698183364557,28.14611310462602,46.310092797012295,24.012274973762423,9.454032432262936,15.13698183364557
FestellenDiagnose,179,SIGNAL4D_EXT_ARM_BA_V4,False,49.57383188803122,9.816375460920773,13.72971745136319,28.421292877226797,44.45919482914751,24.398793611269568,9.81637546092077,13.72971745136319
FestellenDiagnose,181,SIGNAL4D_EXT_ARM_BA_V4,False,50.90695387022141,9.862537943984357,14.364612348671958,28.895409494163175,44.620669466469394,24.912472234193885,9.862537943984357,14.364612348671958
FestellenDiagnose,183,SIGNAL4D_EXT_ARM_BA_V4,False,48.877384059714835,10.770928329648527,13.904716783227402,28.9610455150624,44.532458496091145,24.986149961260626,10.770928329648527,13.904716783227402
FestellenDiagnose,185,SIGNAL4D_EXT_ARM_BA_V4,False,50.27278971033681,11.73609250805826,13.67221633438898,27.65118176366057,43.70369648819964,23.736918466105504,11.73609250805826,13.67221633438898
FestellenDiagnose,187,SIGNAL4D_EXT_ARM_BA_V4,False,49.166120183091294,11.380100722668672,13.810147478052972,27.54129927524524,43.19837494605244,23.692768334634493,11.380100722668676,13.81014747805297
FestellenDiagnose,189,SIGNAL4D_EXT_ARM_BA_V4,False,50.21342924798652,11.711918121182467,13.36676124205416,26.718546407119756,43.23334872035464,22.865640579068085,11.71191812118247,13.36676124205416
FestellenDiagnose,191,SIGNAL4D_EXT_ARM_BA_V4,False,51.47760088591977,11.72803317935815,13.286929535956487,27.339555381669783,44.19398117767734,23.387135298705697,11.728033179358151,13.286929535956487
FestellenDiagnose,193,SIGNAL4D_EXT_ARM_BA_V4,False,48.771969785566164,11.515555810630655,13.236089922099062,24.918029243183017,41.00468274854516,21.234894089370563,11.515555810630655,13.236089922099062
FestellenDiagnose,195,SIGNAL4D_EXT_ARM_BA_V4,False,50.86216888821636,10.892111458223063,13.408545046934927,26.33206752642898,43.33964927788598,22.33678737234197,10.892111458223063,13.408545046934927
Frech,153,SIGNAL4D_EXT_ARM_BA_V4,True,45.171089648527136,,11.76267539107514,36.91426826060743,50.26253380688154,32.48928410331894,,11.76267539107514
Frech,155,SIGNAL4D_EXT_ARM_BA_V4,True,45.788076140378706,,13.573656643264588,44.48633829691847,60.227891294117896,38.680354038845486,,13.573656643264588
Frech,157,SIGNAL4D_EXT_ARM_BA_V4,True,56.79487808497621,,13.619285362140806,51.94902948773668,61.274377834463714,46.11627702053112,,13.619285362140806
Frech,159,SIGNAL4D_EXT_ARM_BA_V4,True,52.1381765474855,,13.975327766462136,50.83124435820481,64.1500679282247,44.816718320804966,,13.975327766462136
Frech,161,SIGNAL4D_EXT_ARM_BA_V4,True,55.033368216123336,,13.319688416516508,52.79478726815588,67.86091655408303,46.428536143283175,,13.319688416516508
Frech,163,SIGNAL4D_EXT_ARM_BA_V4,True,60.2339828637456,,13.683954418960951,57.88986609213833,73.74237415887407,50.94339911949382,,13.683954418960951
Frech,165,SIGNAL4D_EXT_ARM_BA_V4,True,54.70846851275113,,13.077854635142456,53.031555977706084,70.57234815353395,46.34014437737961,,13.077854635142454
Frech,167,SIGNAL4D_EXT_ARM_BA_V4,True,60.00856394577015,,11.942644195967352,56.428812982206445,71.04431962408003,49.79884977783221,,11.942644195967352
Frech,169,SIGNAL4D_EXT_ARM_BA_V4,True,63.76763528600163,,11.70866745014342,59.357997217928876,68.63361148555592,53.09326193931037,,11.708667450143418
Frech,171,SIGNAL4D_EXT_ARM_BA_V4,True,64.57938388136469,,12.347279833366343,60.59602190747181,65.99936345712037,54.56271718026669,,12.347279833366349
Frech,173,SIGNAL4D_EXT_ARM_BA_V4,True,49.63126474333683,,13.566973822169343,45.47656933866324,55.95037360193202,40.15482252234971,,13.566973822169343
Frech,175,SIGNAL4D_EXT_ARM_BA_V4,True,47.494949759542756,,12.776886236118013,40.0359378955577,47.664937880421476,35.64424182908519,,12.776886236118013
Frech,177,SIGNAL4D_EXT_ARM_BA_V4,True,40.07501239280156,,14.579320517780545,29.523633219311574,39.90209358987611,26.621426985442866,,14.579320517780545
Frech,179,SIGNAL4D_EXT_ARM_BA_V4,True,44.41484115712901,,13.550733038405808,30.62444547698675,40.308492314415695,27.979412034911,,13.550733038405808
Frech,181,SIGNAL4D_EXT_ARM_BA_V4,True,42.70583895488273,,14.242624561706734,30.21106881577535,40.619365834059856,27.57650201362343,,14.242624561706736
Frech,183,SIGNAL4D_EXT_ARM_BA_V4,True,41.84975953140596,,13.773891639225297,29.98438155831515,40.40927987754593,27.336731026923566,,13.773891639225297
Frech,185,SIGNAL4D_EXT_ARM_BA_V4,True,40.8108338889247,,14.020473989282234,30.896756669431245,42.009085635990495,28.166482685911372,,14.020473989282234
Frech,187,SIGNAL4D_EXT_ARM_BA_V4,True,41.49586185185245,,14.36750247753824,31.322396967255703,41.071285128482685,28.539308145728846,,14.367502477538244
Frech,189,SIGNAL4D_EXT_ARM_BA_V4,True,39.04584150705463,,13.662448845598174,30.158157240778387,40.97280183713993,27.16997081408008,,13.662448845598174
Frech,191,SIGNAL4D_EXT_ARM_BA_V4,True,39.97181632583297,,13.95713458463687,29.14795982630525,39.123273978934535,26.502695674265475,,13.957134584636872
Frech,193,SIGNAL4D_EXT_ARM_BA_V4,True,41.2664953980746,,13.884727674292632,29.002595417816565,39.782730153189846,26.245864564383268,,13.88472767429263
Frech,195,SIGNAL4D_EXT_ARM_BA_V4,True,40.31468404887392,,14.194221542973661,29.811574520726275,41.520268082118946,27.037666546665285,,14.194221542973665
Frech,197,SIGNAL4D_EXT_ARM_BA_V4,True,37.956563070580714,,13.362388581477202,28.681970892457713,39.95423598291783,25.642623386196885,,13.362388581477205
Frech,199,SIGNAL4D_EXT_ARM_BA_V4,True,40.03760548021065,,14.087625798610928,28.797242178604783,40.246726497989116,25.817586587705065,,14.087625798610926
Frech,201,SIGNAL4D_EXT_ARM_BA_V4,True,40.76489792723032,,13.981708529844024,29.22781874840503,40.09365991602531,26.566049157814287,,13.981708529844024
Frieren,152,SIGNAL4D_EXT_ARM_BA_V4,False,36.310451657373434,11.071234475869996,14.292437928775525,21.731474654180992,31.701726506997478,19.28513699798507,11.071234475869996,14.292437928775527
Frieren,154,SIGNAL4D_EXT_ARM_BA_V4,False,33.5482694487299,11.772693519580477,14.651310985290689,25.355989727194714,35.28792057493089,22.425643261428668,11.772693519580477,14.651310985290689
Frieren,156,SIGNAL4D_EXT_ARM_BA_V4,False,41.453555809636065,12.196027182686347,14.465138556405115,24.405546706202063,35.973724015323214,21.679468888004248,12.196027182686347,14.465138556405117
Frieren,158,SIGNAL4D_EXT_ARM_BA_V4,False,41.875724811406734,11.614007120868731,13.987859026550439,24.935142047124955,36.88770455249394,22.326418740145844,11.614007120868733,13.987859026550437
Frieren,160,SIGNAL4D_EXT_ARM_BA_V4,False,36.04985183337978,12.6294487639847,14.256351367655512,26.3446072947671,37.960933886613596,23.259603640781172,12.6294487639847,14.256351367655514
Frieren,162,SIGNAL4D_EXT_ARM_BA_V4,False,36.45746506828919,11.732426300795556,14.944808753542707,25.464222401745733,35.65657474832062,22.753917709900644,11.732426300795554,14.944808753542707
Frieren,164,SIGNAL4D_EXT_ARM_BA_V4,False,39.313808229985234,12.399364195024306,15.054418788011889,25.950287694036064,35.50235120994904,23.164746406256896,12.399364195024306,15.054418788011887
Frieren,166,SIGNAL4D_EXT_ARM_BA_V4,False,40.65481583660643,11.721706920219681,14.684225917016818,25.833306744867542,35.78934910689278,23.05005895056975,11.721706920219681,14.684225917016821
Frieren,168,SIGNAL4D_EXT_ARM_BA_V4,False,39.35655072701214,10.972851557618947,14.85767834507753,26.450799895733322,36.334411672248685,23.615910255832556,10.972851557618947,14.85767834507753
Frieren,170,SIGNAL4D_EXT_ARM_BA_V4,False,39.43998780960749,10.829198880031589,15.723694877500746,26.350267248208073,37.13656550687774,23.48781940784238,10.829198880031592,15.72369487750075
Frieren,172,SIGNAL4D_EXT_ARM_BA_V4,False,40.29161481160303,11.157344559496135,14.804075364454208,28.371864728425503,38.34469005637846,25.37845499066418,11.157344559496135,14.804075364454206
Frieren,174,SIGNAL4D_EXT_ARM_BA_V4,False,40.14829813212744,10.21308133160067,14.063996009331158,28.456559819181095,39.29982493416408,25.45225787529275,10.213081331600673,14.063996009331156
Frieren,176,SIGNAL4D_EXT_ARM_BA_V4,False,38.81531293547906,10.398058690104204,14.70248489105853,28.82731763162013,38.271284980928876,25.79624651586133,10.398058690104204,14.70248489105853
Frieren,178,SIGNAL4D_EXT_ARM_BA_V4,False,38.99836242321753,11.30751256091095,14.608499313402744,28.596235729254285,37.115245569284454,25.666020004565176,11.30751256091095,14.608499313402742
Frieren,180,SIGNAL4D_EXT_ARM_BA_V4,False,39.02978645290005,11.23475117526046,14.214299910938431,29.54712293359356,37.751572472051926,26.525790669197114,11.23475117526046,14.214299910938427
Frieren,182,SIGNAL4D_EXT_ARM_BA_V4,False,38.292301000243086,11.416925905020685,14.223202931469142,27.978247909096417,36.86574254578434,25.047984708729153,11.416925905020683,14.223202931469142
Frieren,184,SIGNAL4D_EXT_ARM_BA_V4,False,38.154680582874064,11.115727171955307,13.890313796751224,27.211412784941402,35.19139315989266,24.44198838470277,11.115727171955307,13.890313796751224
Frieren,186,SIGNAL4D_EXT_ARM_BA_V4,False,38.85263592011823,11.093442579482216,13.80411577463188,26.737711644709794,35.490635778364414,23.959735643099716,11.093442579482215,13.80411577463188
Frieren,188,SIGNAL4D_EXT_ARM_BA_V4,False,40.29812698575166,11.20710105446041,14.200024621155645,24.38117767151873,33.848750908883545,21.898289193541377,11.20710105446041,14.200024621155649
Frisch,137,SIGNAL4D_EXT_ARM_BA_V4,False,53.69961663870811,19.108066957999537,21.973266826010533,42.35200128546053,57.70491691719566,36.982948640201414,19.10806695799954,21.973266826010533
Frisch,139,SIGNAL4D_EXT_ARM_BA_V4,False,54.08603289913048,23.2566124691484,24.81058830231423,42.011994110923325,59.78092683333142,36.25759168358384,23.2566124691484,24.81058830231423
Frisch,141,SIGNAL4D_EXT_ARM_BA_V4,False,53.94654520692138,19.22019055936272,23.046736056884626,42.22406972194821,62.969343927200576,36.15472319251161,19.22019055936272,23.046736056884626
Frisch,143,SIGNAL4D_EXT_ARM_BA_V4,False,54.84485337689172,19.36296080120147,13.885712964771955,38.07359345470118,59.626152468639326,32.59130019356117,19.36296080120147,13.88571296477195
Frisch,145,SIGNAL4D_EXT_ARM_BA_V4,False,54.29859927018825,15.118649677230126,15.396217058593725,43.2834931005139,64.61744927564408,37.00098083579279,15.118649677230126,15.396217058593722
Frisch,147,SIGNAL4D_EXT_ARM_BA_V4,False,52.9067989851054,13.313956755695736,12.425234966653539,35.05113034944014,57.562237094324345,29.783329651953267,13.313956755695736,12.425234966653539
Frisch,149,SIGNAL4D_EXT_ARM_BA_V4,False,41.738659342158556,9.692957806964488,8.646713373084996,24.69882212898141,40.09156904384407,21.14249964168346,9.692957806964486,8.646713373084998
Frisch,151,SIGNAL4D_EXT_ARM_BA_V4,False,43.85702331194993,10.00043309613489,10.96006522335339,27.033322037106267,36.11411397761688,24.263238850301313,10.000433096134891,10.96006522335339
Frisch,153,SIGNAL4D_EXT_ARM_BA_V4,False,41.13928010655999,12.201567350026455,11.230375536863024,26.480733842879214,36.172065274841835,24.202829886515772,12.201567350026455,11.230375536863026
Frisch,155,SIGNAL4D_EXT_ARM_BA_V4,False,41.096511896496736,13.48429272775193,10.902228237005296,28.266386428645127,35.46631826588196,25.825419491005434,13.48429272775193,10.902228237005295
Frisch,157,SIGNAL4D_EXT_ARM_BA_V4,False,52.70197120424027,13.79447287301565,11.547328576284771,44.08301544082654,38.60293546938391,41.7252205238767,13.79447287301565,11.547328576284773
Frisch,159,SIGNAL4D_EXT_ARM_BA_V4,False,53.20072709180108,13.720130683580642,10.457360845230937,45.405656634175934,39.30621020459418,42.877750962535956,13.72013068358064,10.457360845230937
Frisch,161,SIGNAL4D_EXT_ARM_BA_V4,False,50.94091295967921,14.30990971664728,10.360013487850383,43.60413484589644,38.83769010736099,41.09760959654793,14.30990971664728,10.360013487850383
Frisch,163,SIGNAL4D_EXT_ARM_BA_V4,False,50.57246618195894,13.441294902185348,11.281787508245998,45.35113503643158,40.1343325302503,42.62429911121374,13.441294902185348,11.281787508245998
Frisch,165,SIGNAL4D_EXT_ARM_BA_V4,False,50.455135529489965,13.554764113929407,10.779690464800739,42.496500283037435,36.2507262202857,40.310358453870755,13.554764113929407,10.779690464800739
Frisch,167,SIGNAL4D_EXT_ARM_BA_V4,False,55.33942086964831,12.362120578597443,11.120861827875446,46.16358382966564,35.544580685859835,44.205694519891274,12.362120578597443,11.120861827875446
Frisch,169,SIGNAL4D_EXT_ARM_BA_V4,False,57.13720796606438,12.167159521997986,11.182370402444159,47.69806194790033,36.13611998800244,45.712179641246514,12.167159521997984,11.18237040244416
Frisch,171,SIGNAL4D_EXT_ARM_BA_V4,False,55.28011135321504,11.852698465278763,10.99878617953123,47.33309993928863,37.8815953695218,45.05416472762237,11.852698465278763,10.99878617953123
Frisch,173,SIGNAL4D_EXT_ARM_BA_V4,False,61.05805043692903,11.817335492082085,10.914746590080695,51.29662303548946,37.74756633818378,49.36265964573623,11.817335492082083,10.914746590080695
Frisch,175,SIGNAL4D_EXT_ARM_BA_V4,False,58.930314069186835,11.818712871367586,10.73926275653599,50.12243503402154,38.44436802838126,47.81445402965176,11.818712871367586,10.73926275653599
Frisch,177,SIGNAL4D_EXT_ARM_BA_V4,False,50.02828404230863,11.443789722165283,10.80527739179397,44.240109929028975,39.37012779804449,41.622808413156115,11.443789722165281,10.80527739179397
Frisch,179,SIGNAL4D_EXT_ARM_BA_V4,False,61.056514274973324,11.554207667465178,10.826789847396078,51.292280290897345,38.920936513961706,49.139218549400766,11.554207667465176,10.826789847396082
Frisch,181,SIGNAL4D_EXT_ARM_BA_V4,False,54.97195162203016,11.957684309417196,11.291139741646257,47.56840372047026,40.04686594208689,45.03412190609028,11.957684309417196,11.291139741646253
Frisch,183,SIGNAL4D_EXT_ARM_BA_V4,False,57.90517275009995,11.937503174597415,10.703095183923232,50.104044586484186,39.15898660975125,47.85539977378472,11.937503174597413,10.703095183923232
Frisch,185,SIGNAL4D_EXT_ARM_BA_V4,False,61.936925635593404,11.804913361457368,10.87058035502444,52.64976245556465,38.849755222484596,50.53463977646981,11.80491336145737,10.87058035502444
Frisch,187,SIGNAL4D_EXT_ARM_BA_V4,False,57.66216928742007,11.540927552993097,10.756534452919196,48.738406400875235,37.3572544992945,46.64054287942293,11.540927552993095,10.756534452919196
Froh,126,SIGNAL4D_EXT_ARM_BA_V4,False,47.38071214103491,11.415586766517672,11.098120868679473,33.39275575082971,38.78759871324542,30.34828045610399,11.41558676651767,11.098120868679473
Froh,128,SIGNAL4D_EXT_ARM_BA_V4,False,54.81572420226068,11.374985532946646,12.290528521262466,39.09089257287796,43.9051846040601,35.59911852464408,11.374985532946646,12.290528521262468
Froh,130,SIGNAL4D_EXT_ARM_BA_V4,False,51.6834526139106,10.69301509810787,12.371497420556327,33.171717452388314,37.9456605772874,30.255768625003018,10.69301509810787,12.371497420556327
Froh,132,SIGNAL4D_EXT_ARM_BA_V4,False,52.110763238354515,10.813092512550494,13.30972590393242,42.606618132575285,47.47236115671236,38.42167912182141,10.813092512550494,13.30972590393242
Froh,134,SIGNAL4D_EXT_ARM_BA_V4,False,55.60591151232538,10.446904749718481,12.279355608534752,46.96557257908563,51.67221421302266,42.32392881053087,10.446904749718476,12.279355608534752
Froh,136,SIGNAL4D_EXT_ARM_BA_V4,False,63.35088740414453,10.487483293595556,8.624290150970689,60.012603197684115,63.76693919636012,54.22751377727855,10.487483293595558,8.62429015097069
Froh,138,SIGNAL4D_EXT_ARM_BA_V4,False,49.08340293426585,13.624045521694523,7.218057681545964,42.1029760653487,50.11202761404711,37.59275299237344,13.624045521694526,7.218057681545962
Froh,140,SIGNAL4D_EXT_ARM_BA_V4,False,52.15036337432144,12.380835964137013,9.20341345063063,43.688291514308794,52.3488162583256,39.30005707497094,12.38083596413701,9.203413450630629
Froh,142,SIGNAL4D_EXT_ARM_BA_V4,False,44.64914004601952,12.584827409617402,10.049978231177132,33.68228395303412,42.130101416285875,30.39711213670692,12.584827409617402,10.049978231177132
Froh,144,SIGNAL4D_EXT_ARM_BA_V4,False,48.51146812422255,11.153049218215664,9.72668072394056,38.511017043092025,45.053623570746154,35.053267755002686,11.153049218215664,9.72668072394056
Froh,146,SIGNAL4D_EXT_ARM_BA_V4,False,43.16898129025327,12.095779969533924,7.70034244150826,28.58722924559707,37.75330091363171,26.054896125829895,12.095779969533925,7.700342441508258
Froh,148,SIGNAL4D_EXT_ARM_BA_V4,False,43.16377571568133,10.872508262306292,9.536625779846215,28.90687689856448,37.69646854711408,26.435414168554363,10.872508262306287,9.536625779846215
Froh,150,SIGNAL4D_EXT_ARM_BA_V4,False,48.06667559643745,11.135900387136923,13.25803679156157,35.01695038356746,41.346180138971874,31.80426777056189,11.135900387136923,13.258036791561576
Froh,152,SIGNAL4D_EXT_ARM_BA_V4,False,52.223720150935364,8.490689892402013,12.969174217023276,38.5256374772632,45.07332554348334,34.776916087982435,8.490689892402012,12.969174217023282
Froh,154,SIGNAL4D_EXT_ARM_BA_V4,False,54.63662057722354,10.309104941489174,12.912970000806945,42.103557309034684,48.79058204977107,38.18228488520382,10.309104941489172,12.912970000806945
Froh,156,SIGNAL4D_EXT_ARM_BA_V4,False,53.23070758423821,9.20202658699719,13.281149496670208,43.85821794240576,54.139965977870304,39.85882930712728,9.20202658699719,13.281149496670208
Froh,158,SIGNAL4D_EXT_ARM_BA_V4,False,54.8953519094955,10.664467070954235,11.17370780235441,47.14341452427469,60.95728745630071,42.05706830843593,10.664467070954235,11.173707802354409
Froh,160,SIGNAL4D_EXT_ARM_BA_V4,False,67.19279949734383,12.72498066655782,7.7941127407377815,66.79127871688111,67.84747620886282,60.56719633238949,12.72498066655782,7.794112740737781
Froh,162,SIGNAL4D_EXT_ARM_BA_V4,False,63.902191181666055,12.8640314782107,7.51550790148226,65.05845754572678,66.2649885004268,58.8067671229787,12.864031478210697,7.515507901482261
Froh,164,SIGNAL4D_EXT_ARM_BA_V4,False,52.27430571694405,12.017284750005983,8.939491684456392,48.344521265005746,53.335850026633636,43.55157556604906,12.017284750005977,8.939491684456389
Froh,166,SIGNAL4D_EXT_ARM_BA_V4,False,58.94016931057692,10.336783133173112,8.90566913418993,55.12776831644809,58.60534544060579,50.10973522679213,10.336783133173109,8.905669134189928
Froh,168,SIGNAL4D_EXT_ARM_BA_V4,False,39.7249508133302,11.883754458457654,8.744924202193493,28.571881574654682,35.593884087531215,26.500250265291726,11.883754458457654,8.744924202193491
Froh,170,SIGNAL4D_EXT_ARM_BA_V4,False,47.17109587032018,11.644797588330825,10.332585065021277,35.94381299118171,41.39836084335219,32.826449038132665,11.644797588330825,10.332585065021275
Froh,172,SIGNAL4D_EXT_ARM_BA_V4,False,52.781911828048926,9.214296923128117,14.320583963292714,39.3904228149974,44.798252985545375,36.340849051952205,9.214296923128117,14.320583963292714
Froh,174,SIGNAL4D_EXT_ARM_BA_V4,False,59.03004974499187,8.567629294479895,13.852208904781444,46.29777685149255,49.540753725444944,42.20216098542313,8.567629294479895,13.852208904781444
Froh,176,SIGNAL4D_EXT_ARM_BA_V4,False,58.34756073113729,10.513134565176086,14.165567506539432,44.7227595937666,47.296261666148624,40.930093971817215,10.513134565176086,14.165567506539428
Froh,178,SIGNAL4D_EXT_ARM_BA_V4,False,54.365108842094145,12.616542818314837,19.939221765051496,43.06067985152347,51.284157827888244,39.25306981932067,12.616542818314837,19.9392217650515
Froh,180,SIGNAL4D_EXT_ARM_BA_V4,False,50.88095022784922,13.68279329400068,17.2356437209203,41.57573365002694,52.505500570475625,37.56561377901182,13.682793294000684,17.2356437209203
Froh,182,SIGNAL4D_EXT_ARM_BA_V4,False,51.54141782178693,14.535320408299645,16.812145197654264,43.911985037224284,56.22202655544896,39.23881127354206,14.535320408299645,16.812145197654264
Froh,184,SIGNAL4D_EXT_ARM_BA_V4,False,50.108451073964986,12.371046522897712,9.124047979497329,40.05212944721975,57.632691019870926,34.88660601009815,12.371046522897712,9.124047979497327
Glas,104,SIGNAL4D_EXT_ARM_BA_V4,False,36.438366313668205,12.293125777813632,9.981979151262534,20.376421362718496,27.56721585038245,18.399701716896594,12.293125777813632,9.981979151262534
Glas,106,SIGNAL4D_EXT_ARM_BA_V4,False,36.98333948683432,14.658088238419804,11.749812511762569,19.209344585722253,28.20073394073403,17.165771836232576,14.658088238419802,11.749812511762565
Glas,108,SIGNAL4D_EXT_ARM_BA_V4,False,37.58901618387208,14.792287197599414,11.111889659293071,23.809423055444892,30.964094479117232,21.536002223372307,14.792287197599414,11.11188965929307
Glas,110,SIGNAL4D_EXT_ARM_BA_V4,False,35.931522102830854,14.658585246921096,12.267721673309783,25.11952744989461,31.678955696883033,22.730937918158865,14.658585246921094,12.267721673309783
Glas,112,SIGNAL4D_EXT_ARM_BA_V4,False,37.35642386217628,11.024772771880436,11.75344137839645,22.991012494456857,32.18781539262763,20.72570750477163,11.024772771880434,11.75344137839645
Glas,114,SIGNAL4D_EXT_ARM_BA_V4,False,34.81251828358032,12.66635873739865,12.881895070590925,21.51699371274797,30.44046145491884,19.249853235127045,12.666358737398651,12.881895070590922
Glas,116,SIGNAL4D_EXT_ARM_BA_V4,False,36.430994838420226,12.864851149056475,13.537603632327531,23.76003101982587,33.28074431478195,21.553226131319533,12.864851149056475,13.537603632327533
Glas,118,SIGNAL4D_EXT_ARM_BA_V4,False,36.29336249892853,12.045738347016782,12.559767499450421,25.73866891160022,35.54191714475972,23.306896030613377,12.045738347016782,12.559767499450421
Glas,120,SIGNAL4D_EXT_ARM_BA_V4,False,36.31652617780951,15.13551891995633,13.510590665847841,23.895451102264587,33.57086048714504,21.27127027901778,15.135518919956327,13.510590665847836
Glas,122,SIGNAL4D_EXT_ARM_BA_V4,False,35.16493676720307,17.662923122385116,13.605098173661979,25.39619893746113,35.79939540954348,22.68472501727126,17.662923122385116,13.605098173661982
Glas,124,SIGNAL4D_EXT_ARM_BA_V4,False,36.14469380465672,15.878142933874264,13.311272528975,26.864550830652842,36.889477351106805,23.965879899222728,15.878142933874267,13.311272528975001
Glas,126,SIGNAL4D_EXT_ARM_BA_V4,False,36.434075594554955,14.977522392072128,13.857093753728945,27.031404165799962,37.153586358656284,24.15647101924605,14.977522392072128,13.857093753728947
Glas,128,SIGNAL4D_EXT_ARM_BA_V4,False,36.71649834138376,14.413557939220839,13.52469461634099,26.64921934364896,35.68057302418194,23.935499896940176,14.413557939220837,13.52469461634099
Glas,130,SIGNAL4D_EXT_ARM_BA_V4,False,34.93992703273665,14.05432831925715,13.59415187437537,26.400334464575884,36.39977457630152,23.94239306518624,14.05432831925715,13.594151874375367
Glas,132,SIGNAL4D_EXT_ARM_BA_V4,False,34.95703133959718,14.875280563969767,13.473713563371522,25.70883420566747,35.90473563749525,23.143611297467615,14.875280563969767,13.473713563371524
Glas,134,SIGNAL4D_EXT_ARM_BA_V4,False,37.29295761313254,14.218367668249266,14.134675497198595,25.25643707008037,36.79500119524861,22.362368878504675,14.218367668249266,14.134675497198595
Glas,136,SIGNAL4D_EXT_ARM_BA_V4,False,38.129387511153226,14.713972988210074,14.907534494723695,23.72204528977768,34.593432594538946,20.894620066583,14.713972988210074,14.907534494723695
Glas,138,SIGNAL4D_EXT_ARM_BA_V4,False,35.76834440543296,15.225928937831588,13.95447482568526,23.328253329897738,34.7291995079989,20.514575042388987,15.225928937831592,13.954474825685264
IdiomPffIgnorieren,122,SIGNAL4D_EXT_ARM_BA_V4,False,44.36320896198186,17.021079704748146,15.306589397270264,24.891165647729718,39.1988917229823,21.370332029201858,17.021079704748146,15.306589397270264
IdiomPffIgnorieren,124,SIGNAL4D_EXT_ARM_BA_V4,False,44.288733133925476,12.61081581838548,13.501131539927806,24.116667713051203,37.94805975172338,20.642488565465563,12.610815818385477,13.501131539927806
IdiomPffIgnorieren,126,SIGNAL4D_EXT_ARM_BA_V4,False,46.620799437984346,10.756406100694804,13.543046197515812,19.83915888274421,31.141912558212322,17.15885791843052,10.756406100694804,13.543046197515817
IdiomPffIgnorieren,128,SIGNAL4D_EXT_ARM_BA_V4,False,48.94890901442472,10.854163958422308,13.375139921542381,21.311939969037127,34.213588065235555,18.12639892620769,10.854163958422303,13.375139921542381
IdiomPffIgnorieren,130,SIGNAL4D_EXT_ARM_BA_V4,False,47.646249381199176,12.18846097122005,13.560733914651669,23.356586406508317,36.928810868066456,19.94740259301349,12.18846097122005,13.560733914651667
IdiomPffIgnorieren,132,SIGNAL4D_EXT_ARM_BA_V4,False,51.61887886039217,14.445667372682063,13.685816727245081,21.946290115151676,35.31471733112504,18.84296599740349,14.445667372682063,13.685816727245081
IdiomPffIgnorieren,134,SIGNAL4D_EXT_ARM_BA_V4,False,52.8887004828062,13.883680586555126,11.860774593960844,20.020254039381665,31.735084392291327,17.13319469696338,13.883680586555124,11.860774593960848
IdiomPffIgnorieren,136,SIGNAL4D_EXT_ARM_BA_V4,False,54.524431492862554,13.928662355384708,12.26150442282476,22.015629244397953,33.23691000071475,19.129681137302423,13.928662355384708,12.261504422824759
IdiomPffIgnorieren,138,SIGNAL4D_EXT_ARM_BA_V4,False,51.25753632326687,13.667419201470583,12.87537752464958,21.504473896928236,32.230389818923356,18.725019769215706,13.667419201470581,12.875377524649581
IdiomPffIgnorieren,140,SIGNAL4D_EXT_ARM_BA_V4,False,45.668520459404654,14.115907867419715,13.03713236176451,22.036368543413666,34.73077130092135,19.028035484093536,14.115907867419718,13.03713236176451
IdiomPffIgnorieren,142,SIGNAL4D_EXT_ARM_BA_V4,False,44.70004911865743,14.615505453380356,14.382352749506056,21.682769467026546,33.800510256875285,18.668446821490644,14.615505453380356,14.382352749506056
IdiomPffIgnorieren,144,SIGNAL4D_EXT_ARM_BA_V4,False,45.980396933690045,14.463500560919805,15.089703409681318,20.392832812235657,32.76948149776158,17.496345453757982,14.463500560919803,15.089703409681315
IdiomPffIgnorieren,146,SIGNAL4D_EXT_ARM_BA_V4,False,49.081761481626344,13.614807221319342,14.967210182328515,22.021502333732325,35.212944553792056,18.876087809029066,13.614807221319342,14.967210182328515
IdiomPffIgnorieren,148,SIGNAL4D_EXT_ARM_BA_V4,False,48.506274567558656,14.005826997461103,13.124074052849112,19.979728228789078,32.42784652679842,17.11234220447948,14.005826997461103,13.124074052849112
IdiomPffIgnorieren,150,SIGNAL4D_EXT_ARM_BA_V4,False,46.75996056654201,13.904749231825763,13.174467655803355,20.604871223116728,33.103563363877086,17.757960140979595,13.904749231825763,13.174467655803355
IdiomPffIgnorieren,152,SIGNAL4D_EXT_ARM_BA_V4,False,46.076123018204996,12.687804516279725,13.068506032387958,19.833459255151958,31.89082169480721,17.013356971719706,12.687804516279725,13.068506032387962
Jahr,162,SIGNAL4D_EXT_ARM_BA_V4,True,35.56246798215686,,16.774145417469416,26.75536302881774,37.50921021460153,23.301581328921866,,16.774145417469416
Jahr,164,SIGNAL4D_EXT_ARM_BA_V4,True,36.884842114674726,,18.920469094839092,29.938492897329713,37.16802575072726,26.557035127841022,,18.920469094839092
Jahr,166,SIGNAL4D_EXT_ARM_BA_V4,True,40.04535231946657,,17.862864430754946,32.741661567190214,39.513716186425825,29.06997548461369,,17.862864430754946
Jahr,168,SIGNAL4D_EXT_ARM_BA_V4,True,41.498936786663435,,16.181579496161653,35.55683053866021,50.116944516398306,31.008233546573432,,16.181579496161653
Jahr,170,SIGNAL4D_EXT_ARM_BA_V4,True,53.77137238329886,,22.365898890307232,59.64575188302626,76.05369369899205,52.32942025845091,,22.365898890307232
Jahr,172,SIGNAL4D_EXT_ARM_BA_V4,True,53.094731827601684,,21.829416151487692,56.6814582461115,75.54960037254011,49.538275665634806,,21.829416151487692
Jahr,174,SIGNAL4D_EXT_ARM_BA_V4,True,47.89465877701763,,20.28859715364319,50.744747619835444,67.65971998307502,44.210176197904346,,20.28859715364319
Jahr,176,SIGNAL4D_EXT_ARM_BA_V4,True,40.04410096680539,,22.93399409825629,40.524309153140365,51.72894770035367,35.55774197365241,,22.93399409825628
Jahr,178,SIGNAL4D_EXT_ARM_BA_V4,True,37.567266332598685,,23.52894686356999,30.752368874499712,40.73861260399649,27.1590598039683,,23.52894686356999
Jahr,180,SIGNAL4D_EXT_ARM_BA_V4,True,35.540012375319826,,12.909955357952853,30.723277476498968,48.241326447917714,26.40697303025517,,12.909955357952853
Jahr,182,SIGNAL4D_EXT_ARM_BA_V4,True,35.25920691793425,,13.198430338378468,27.241451553591407,42.813305171711455,23.31218428516813,,13.19843033837847
Jahr,184,SIGNAL4D_EXT_ARM_BA_V4,True,37.3615807530047,,13.930492152740246,27.03757067737467,42.822447712949234,23.00548084841289,,13.930492152740243
Jahr,186,SIGNAL4D_EXT_ARM_BA_V4,True,36.58811096148544,,14.029772076112526,28.831291228770628,46.08622021666407,24.714713829013135,,14.029772076112526
Jahr,188,SIGNAL4D_EXT_ARM_BA_V4,True,34.91286379920653,,13.43291799044437,27.521277278365034,44.09762640934705,23.6179197213359,,13.432917990444366
Jahr,190,SIGNAL4D_EXT_ARM_BA_V4,True,35.22656056133287,,13.534129484625673,26.570765294287355,42.17267682926948,22.892858855010005,,13.534129484625673
Jahr,192,SIGNAL4D_EXT_ARM_BA_V4,True,32.43787090505073,,13.318754185786002,25.63777866093893,40.90658495405886,22.111938727569402,,13.318754185786004
Jahr,194,SIGNAL4D_EXT_ARM_BA_V4,True,30.6007517103038,,15.08438532956269,24.09229129664037,37.7852006742237,20.63723428428128,,15.08438532956269
Jahr,196,SIGNAL4D_EXT_ARM_BA_V4,True,41.89573918564825,,16.08146138246635,38.308441060990326,47.04812230597053,34.14344672867951,,16.08146138246635
Jahr,198,SIGNAL4D_EXT_ARM_BA_V4,True,76.2911165162435,,14.719082262036874,70.31711659654223,46.686112873444976,69.69844131450189,,14.719082262036872
Jahr,200,SIGNAL4D_EXT_ARM_BA_V4,True,30.462789874216185,,14.067824246425264,26.08564558634702,38.90606189786209,22.83914012889916,,14.06782424642527
Jahr,202,SIGNAL4D_EXT_ARM_BA_V4,True,30.167995429173406,,14.475885954296638,24.972174708797727,38.82659861803288,21.267719628892827,,14.475885954296638
Jahr,204,SIGNAL4D_EXT_ARM_BA_V4,True,29.10709775256501,,14.562409368724655,24.31310019895278,37.32469424835975,20.81074374368184,,14.562409368724655
Jahr,206,SIGNAL4D_EXT_ARM_BA_V4,True,30.706211469731688,,13.010121985083366,24.67030870775383,37.65194680580756,20.9310115820968,,13.010121985083366
Jahr,208,SIGNAL4D_EXT_ARM_BA_V4,True,32.09564236750755,,12.651042792470632,24.976708237057924,37.9591195548558,21.34451833910271,,12.651042792470632
Jahr,210,SIGNAL4D_EXT_ARM_BA_V4,True,34.0183516798673,,12.399273204232426,30.30515859604332,47.1043369212233,25.689732807126923,,12.399273204232426
Jahr,212,SIGNAL4D_EXT_ARM_BA_V4,True,33.41136822045018,,12.511818615625907,25.955777613925537,38.56610377169953,22.188089881073996,,12.511818615625907
Jahr,214,SIGNAL4D_EXT_ARM_BA_V4,True,36.714101276184216,,12.347623809095246,28.96660109278776,43.289910359510266,24.911709581717787,,12.347623809095246
Jahr,216,SIGNAL4D_EXT_ARM_BA_V4,True,34.833307681804335,,13.60720742883326,28.940355940151584,41.306884936629544,24.937083730511237,,13.60720742883326
Jahr,218,SIGNAL4D_EXT_ARM_BA_V4,True,36.862425800416254,,12.957216742473381,28.316332901441022,39.646360396927584,24.59990880869603,,12.957216742473385
Jahr,220,SIGNAL4D_EXT_ARM_BA_V4,True,34.94894291229026,,14.09093248314678,26.577204236279577,36.63045688788052,23.33436736635426,,14.090932483146782
Jahr,222,SIGNAL4D_EXT_ARM_BA_V4,True,35.34340527691975,,13.535825737410988,27.561067479168265,35.99628792131107,24.154487518926622,,13.535825737410988
Jahr,224,SIGNAL4D_EXT_ARM_BA_V4,True,36.09427565862595,,15.700074114722177,25.959625249474026,35.01479517293795,22.814376077019382,,15.700074114722177
Jahr,226,SIGNAL4D_EXT_ARM_BA_V4,True,37.072524155529415,,13.777599543332196,26.091631175064453,35.8564529379542,22.68785471285547,,13.777599543332197
Jahr,228,SIGNAL4D_EXT_ARM_BA_V4,True,35.42665515866364,,14.639254624894335,26.66612892381542,37.56775584635463,23.088383931042223,,14.639254624894335
Jahr,230,SIGNAL4D_EXT_ARM_BA_V4,True,33.89337256673267,,15.379336615938907,27.564193819737092,39.287989825694616,23.587977150710874,,15.379336615938907
Jahr,232,SIGNAL4D_EXT_ARM_BA_V4,True,36.737895824139606,,13.788970204159849,28.820281570487705,41.224953562093994,24.94923122629306,,13.788970204159849
Jahr,234,SIGNAL4D_EXT_ARM_BA_V4,True,38.89215215069646,,14.11830415208111,30.37817603533195,42.227482958079385,26.515263013082613,,14.118304152081114
Jahr,236,SIGNAL4D_EXT_ARM_BA_V4,True,42.13096778555071,,14.54179291815929,33.566245659307825,45.935658168603545,29.328037638273454,,14.54179291815929
Jahr,238,SIGNAL4D_EXT_ARM_BA_V4,True,37.10710387829976,,14.515297274803187,29.73330833089767,41.83427069797021,25.982718029037752,,14.515297274803185
Jahr,240,SIGNAL4D_EXT_ARM_BA_V4,True,34.127251326391935,,15.408180299193415,29.298990725791132,42.0545224519674,25.276008683682278,,15.408180299193418
Klar,122,SIGNAL4D_EXT_ARM_BA_V4,True,41.70228508162067,,13.671241372331226,31.123521335373947,45.76779972865891,27.147723737899977,,13.671241372331222
Klar,124,SIGNAL4D_EXT_ARM_BA_V4,True,44.954362021461044,,14.140462335980255,34.63328509755174,45.7843323437397,30.675229787835246,,14.140462335980256
Klar,126,SIGNAL4D_EXT_ARM_BA_V4,True,42.09235045743544,,17.698588701516552,34.45237987142755,44.088257488726434,30.45494833999245,,17.69858870151655
Klar,128,SIGNAL4D_EXT_ARM_BA_V4,True,43.95143382817872,,14.887998600215957,37.92925129338017,46.225644832597574,33.53539587296344,,14.88799860021596
Klar,130,SIGNAL4D_EXT_ARM_BA_V4,True,44.60028949102625,,11.216913400376727,36.58271533040912,44.292479012451174,32.303322327293024,,11.216913400376727
Klar,132,SIGNAL4D_EXT_ARM_BA_V4,True,41.66407077229798,,13.950158730415453,38.225039900865426,50.47899938334251,33.440279634945604,,13.950158730415453
Klar,134,SIGNAL4D_EXT_ARM_BA_V4,True,43.958051744203615,,15.384509429499872,37.24986254726468,49.85431872543404,32.63689728872127,,15.384509429499872
Klar,136,SIGNAL4D_EXT_ARM_BA_V4,True,44.90765103634417,,18.30544933442389,39.24613721137988,53.50833428242347,34.21141644106583,,18.30544933442389
Klar,138,SIGNAL4D_EXT_ARM_BA_V4,True,42.17764934571633,,11.978469929377948,36.523766008888764,51.12181678910834,31.66898427029962,,11.978469929377948
Klar,140,SIGNAL4D_EXT_ARM_BA_V4,True,41.86678407279184,,10.144976099704502,35.56611581341685,48.66952790304113,30.861782055648128,,10.144976099704499
Klar,142,SIGNAL4D_EXT_ARM_BA_V4,True,42.15154502295608,,9.176156585703625,35.930103427102864,48.92910387361438,31.204962490863238,,9.176156585703625
Klar,144,SIGNAL4D_EXT_ARM_BA_V4,True,42.58003315013537,,8.914124473583977,35.30491814761608,49.85625190153028,30.781368495442,,8.914124473583975
Klar,146,SIGNAL4D_EXT_ARM_BA_V4,True,43.28931665343128,,8.716148888679756,37.71861112539996,52.693160713690894,33.12069694262421,,8.716148888679756
Klar,148,SIGNAL4D_EXT_ARM_BA_V4,True,41.732976050944444,,8.463473480824804,33.36104421291175,46.71250361226127,29.14399619300767,,8.463473480824804
Klar,150,SIGNAL4D_EXT_ARM_BA_V4,True,38.16198662670232,,8.753473040489114,31.56718729404962,43.897395832362506,27.74593367052396,,8.753473040489112
Klar,152,SIGNAL4D_EXT_ARM_BA_V4,True,39.533238440593585,,8.69143970349162,30.355647410891322,44.07055270549272,26.58066801068763,,8.69143970349162
Kochen,135,SIGNAL4D_EXT_ARM_BA_V4,False,38.07894155609318,10.595252830413589,14.086562964373043,23.76512496032828,30.917501199084914,21.314808084330046,10.595252830413589,14.086562964373043
Kochen,137,SIGNAL4D_EXT_ARM_BA_V4,False,34.301257040915694,15.40245816422309,14.621716913022356,20.64957140125026,28.820217863995587,18.44249572257897,15.40245816422309,14.621716913022356
Kochen,139,SIGNAL4D_EXT_ARM_BA_V4,False,36.06961666872882,8.341353683469805,16.220615747324064,24.205555611651075,31.153365038321176,21.689065143655217,8.341353683469805,16.220615747324064
Kochen,141,SIGNAL4D_EXT_ARM_BA_V4,False,33.72896128672031,8.465368290441576,16.831238357689156,21.34765100054433,32.08857474955915,19.094850908237333,8.465368290441575,16.83123835768916
Kochen,143,SIGNAL4D_EXT_ARM_BA_V4,False,34.3727011964899,9.27763645580057,17.1522133753909,23.788633731690958,36.00508983894235,20.997643613485568,9.277636455800574,17.152213375390893
Kochen,145,SIGNAL4D_EXT_ARM_BA_V4,False,36.35412479932121,9.068475580756708,17.096741226823575,25.46529377203181,38.105575929090925,22.408997799511546,9.068475580756708,17.096741226823575
Kochen,147,SIGNAL4D_EXT_ARM_BA_V4,False,39.723364379384,8.802350639223148,16.697965253741632,24.55053945484924,37.91548537045425,21.6994148065949,8.802350639223148,16.697965253741636
Kochen,149,SIGNAL4D_EXT_ARM_BA_V4,False,41.312355661258415,9.324212249754144,15.997854218692071,23.823791737163436,36.91307805752075,21.19258479296695,9.324212249754144,15.997854218692071
Kochen,151,SIGNAL4D_EXT_ARM_BA_V4,False,41.89940082251309,8.750269925476852,14.692285622634541,24.815242895586195,36.52245842794598,22.00836146544378,8.750269925476852,14.692285622634541
Kochen,153,SIGNAL4D_EXT_ARM_BA_V4,False,39.196011335651285,9.474795596748633,14.590486260318558,24.089792708349812,33.581029203623885,21.39721648446253,9.474795596748635,14.59048626031856
Kochen,155,SIGNAL4D_EXT_ARM_BA_V4,False,38.88443604663453,9.025991656358604,14.861465775153109,23.60617326360935,31.924075896822565,21.074968786545455,9.0259916563586,14.86146577515311
Kochen,157,SIGNAL4D_EXT_ARM_BA_V4,False,37.24429872579645,8.65638585991721,14.827521875283976,21.420350919800217,30.706654160913338,19.16696528427812,8.656385859917208,14.827521875283976
Kochen,159,SIGNAL4D_EXT_ARM_BA_V4,False,37.127782921063435,8.437256779881807,14.331226083786659,20.326106446773235,30.363507612321886,18.10340813449762,8.437256779881807,14.331226083786655
Kochen,161,SIGNAL4D_EXT_ARM_BA_V4,False,33.08611244981842,13.04614778058822,13.070033274993802,18.198446550438284,26.752696634730743,16.36247708420329,13.04614778058822,13.070033274993802
Kochen,163,SIGNAL4D_EXT_ARM_BA_V4,False,36.13443759733208,16.04485424406791,13.85848886830891,17.9248136711592,26.681610704992487,15.95888090206265,16.044854244067906,13.85848886830891
Kochen,165,SIGNAL4D_EXT_ARM_BA_V4,False,37.61365983158385,14.43542574146489,14.150657076861451,18.046096694648664,26.990088252081797,16.01914921395008,14.435425741464895,14.150657076861451
Kochen,167,SIGNAL4D_EXT_ARM_BA_V4,False,39.71436496704242,8.594419859398906,14.965659981458083,20.063589635000977,28.13599574203837,17.941883187020597,8.594419859398906,14.965659981458083
Kochen,169,SIGNAL4D_EXT_ARM_BA_V4,False,34.216341254646736,8.525331632391515,15.238229018564754,18.841926001914956,26.773035549780396,17.036559170266955,8.525331632391516,15.238229018564752
Kochen,171,SIGNAL4D_EXT_ARM_BA_V4,False,33.632069390134525,8.98169289598765,15.58745020344873,19.75914869783234,27.93105909632696,17.7302305412768,8.981692895987647,15.58745020344873
Kochen,173,SIGNAL4D_EXT_ARM_BA_V4,False,32.19257763808913,8.122168546716589,16.55516515346693,20.977579464909937,30.172978853149736,18.77766834958243,8.122168546716589,16.55516515346693
Kochen,175,SIGNAL4D_EXT_ARM_BA_V4,False,36.60378232305788,9.305553714967994,16.272297585623363,21.12117716680333,30.95072763916978,18.680645352559054,9.30555371496799,16.272297585623363
Kochen,177,SIGNAL4D_EXT_ARM_BA_V4,False,35.400308723283196,10.045687082398773,15.448683402760059,21.46514349943406,32.135351814307825,18.8997074089988,10.045687082398773,15.448683402760059
Kochen,179,SIGNAL4D_EXT_ARM_BA_V4,False,34.7117073600525,9.518283084915007,15.727521841059952,23.83939715521673,35.81198731041075,21.003882628673285,9.518283084915005,15.727521841059952
Kochen,181,SIGNAL4D_EXT_ARM_BA_V4,False,40.442468450342055,8.953458073672108,16.323651850101854,22.643706694252888,33.455598420104906,19.83394718447695,8.953458073672106,16.32365185010185
Kochen,183,SIGNAL4D_EXT_ARM_BA_V4,False,41.7769312814371,9.092083546193615,15.418484527291978,24.424831936028315,34.75254334625281,21.477349534124873,9.092083546193612,15.41848452729198
Kochen,185,SIGNAL4D_EXT_ARM_BA_V4,False,38.75495357730787,14.483488609823038,14.397710223004376,21.81582431567943,31.129513271179963,19.22753817977445,14.483488609823034,14.397710223004376
Kochen,187,SIGNAL4D_EXT_ARM_BA_V4,False,41.815809402362184,10.04906920539082,13.815063533080885,24.91282507351275,36.35838168250808,21.909169731365353,10.049069205390822,13.815063533080885
Kochen,189,SIGNAL4D_EXT_ARM_BA_V4,False,37.83258695530837,9.645753479149494,13.407082171175414,19.57458877596095,28.61368337205326,17.18178099290701,9.645753479149493,13.407082171175414
Kochen,191,SIGNAL4D_EXT_ARM_BA_V4,False,38.07151484945377,9.811134137239431,13.648592965162274,19.307657791011312,29.395248188334218,16.71321943031146,9.811134137239431,13.648592965162276
Kochen,193,SIGNAL4D_EXT_ARM_BA_V4,False,34.649586057130406,9.4496448072956,13.700386454819323,18.09053391089085,26.883946094382654,15.876936376322304,9.4496448072956,13.700386454819322
Kochen,195,SIGNAL4D_EXT_ARM_BA_V4,False,38.565566581106424,9.252520026942944,13.629355652209858,19.014931182039224,28.699769153400336,16.454865481638205,9.252520026942944,13.62935565220986
Kochen,197,SIGNAL4D_EXT_ARM_BA_V4,False,36.816738330631374,13.109931070756357,13.694616543223535,18.001120860868344,27.112175401320254,15.749996186939976,13.109931070756362,13.694616543223535
Kochen,199,SIGNAL4D_EXT_ARM_BA_V4,False,33.33967424923755,10.07324093410134,13.540007417130035,17.86368935329593,26.853834369987652,15.660512587273876,10.07324093410134,13.540007417130035
Kochen,201,SIGNAL4D_EXT_ARM_BA_V4,False,36.047966063959485,9.632521903036187,14.713548811934803,19.653957512122048,28.853828033159687,17.25794832071015,9.63252190303619,14.713548811934805
Kochen,203,SIGNAL4D_EXT_ARM_BA_V4,False,32.44744492477571,10.120668710342525,14.30491754223371,19.50765219807552,28.893601489657403,17.13728024896745,10.120668710342523,14.304917542233714
Kochen,205,SIGNAL4D_EXT_ARM_BA_V4,False,35.16119656043078,10.058202332084464,14.68624070270497,20.03147862092172,30.306116495070256,17.57373494405633,10.058202332084464,14.68624070270497
Kochen,207,SIGNAL4D_EXT_ARM_BA_V4,False,35.67862025789386,10.919228640227198,15.12705802140337,19.898941474825858,29.099831473280858,17.65897403918907,10.9192286402272,15.127058021403371
Kochen,209,SIGNAL4D_EXT_ARM_BA_V4,False,35.76078810877623,15.265461719090855,16.13781661592814,20.6767488175202,31.349986674349378,18.291503471905425,15.265461719090855,16.13781661592814
Kochen,211,SIGNAL4D_EXT_ARM_BA_V4,False,32.901652203154214,12.058021367546775,14.514045148592416,20.41237128320226,30.735684630245398,18.172094555256333,12.058021367546775,14.514045148592416
Kochen,213,SIGNAL4D_EXT_ARM_BA_V4,False,39.19283123790696,11.28046871471002,15.288374682195126,21.98525452226858,31.960957870499463,19.451321050164005,11.28046871471002,15.288374682195126
Kochen,215,SIGNAL4D_EXT_ARM_BA_V4,False,48.5309024511138,11.119779152235333,14.710259819549602,37.287668896839136,62.28727218610176,31.82264746479712,11.119779152235333,14.710259819549602
Kochen,217,SIGNAL4D_EXT_ARM_BA_V4,False,38.2560236757944,12.138081501042828,14.496343535565954,21.50516341966545,32.57190429489934,19.33539242293989,12.138081501042828,14.496343535565954
Kochen,219,SIGNAL4D_EXT_ARM_BA_V4,False,38.36526130476595,11.878796093136954,15.14101019886244,20.634217163177297,29.500237406956934,18.536480037229868,11.878796093136955,15.141010198862444
Kochen,221,SIGNAL4D_EXT_ARM_BA_V4,False,47.730657296075165,10.533365796863738,15.326850420491988,37.12146204285027,61.52753913724283,31.837142943375092,10.533365796863741,15.326850420491988
Kochen,223,SIGNAL4D_EXT_ARM_BA_V4,False,49.03317076330571,9.853755981274299,14.505239345759463,38.40654353856121,63.22181203527996,33.02357883632441,9.853755981274297,14.505239345759463
Kochen,225,SIGNAL4D_EXT_ARM_BA_V4,False,38.30977969723393,12.46754364505586,14.549738355102932,21.6006861753772,32.59989852064236,19.220349540848783,12.46754364505586,14.549738355102932
Lesen,153,SIGNAL4D_EXT_ARM_BA_V4,False,41.872899301314774,10.147123169130229,9.568377419555969,29.355412317178573,48.993415354540076,24.77564617042855,10.147123169130229,9.568377419555965
Lesen,155,SIGNAL4D_EXT_ARM_BA_V4,False,38.72421366325848,10.494577807869721,9.705218792387546,28.069013100982097,45.198851209782134,23.81541827468944,10.49457780786972,9.705218792387544
Lesen,157,SIGNAL4D_EXT_ARM_BA_V4,False,46.645939197070504,11.3588591938624,10.185246286265969,29.472725261103644,49.085750645123284,24.93597788755841,11.3588591938624,10.18524628626597
Lesen,159,SIGNAL4D_EXT_ARM_BA_V4,False,40.525984233066275,10.42022837835643,9.616346219260056,30.373882871881978,46.08750121631984,26.03741640461872,10.420228378356432,9.616346219260057
Lesen,161,SIGNAL4D_EXT_ARM_BA_V4,False,41.14780661100099,10.861061116291246,9.280162676909011,26.87765160613341,43.38084711913064,22.718548025458077,10.861061116291246,9.280162676909013
Lesen,163,SIGNAL4D_EXT_ARM_BA_V4,False,42.11190726379877,10.234559838926085,10.02498096397775,31.613757511823597,45.89621568745574,27.442696729515806,10.234559838926085,10.024980963977749
Lesen,165,SIGNAL4D_EXT_ARM_BA_V4,False,40.412414568701216,10.457222648906304,9.816582667777718,29.872805870648744,41.644289384302006,26.17009469873479,10.457222648906304,9.81658266777772
Lesen,167,SIGNAL4D_EXT_ARM_BA_V4,False,39.48551378445771,10.700786331761709,10.33103476271013,31.430758494495315,46.26515446829657,27.1744972882219,10.700786331761709,10.331034762710129
Lesen,169,SIGNAL4D_EXT_ARM_BA_V4,False,41.1781171086815,9.976517942907423,10.024718676497354,31.738429453140796,43.37650079525723,27.852656388153765,9.976517942907423,10.024718676497354
Lesen,171,SIGNAL4D_EXT_ARM_BA_V4,False,41.04638358251309,9.831500911160525,9.811808065210075,26.7978327574267,42.403672818318455,22.99646270079156,9.831500911160525,9.811808065210075
Lesen,173,SIGNAL4D_EXT_ARM_BA_V4,False,42.23080092951708,9.939383386324531,8.988681566833346,28.36746384406995,41.63351989822438,24.486681673909104,9.93938338632453,8.988681566833343
Lesen,175,SIGNAL4D_EXT_ARM_BA_V4,False,43.18281349662098,9.313542514760982,9.766961305934108,28.99398634109441,45.988956806085596,24.700779486913248,9.313542514760982,9.766961305934112
Lesen,177,SIGNAL4D_EXT_ARM_BA_V4,False,42.38098166536747,10.099778316432428,10.080025763522253,27.499965879665936,43.39550411085739,23.731432353535013,10.099778316432428,10.080025763522253
Lesen,179,SIGNAL4D_EXT_ARM_BA_V4,False,42.04965997687443,10.436996994676441,10.290306084033967,28.330235443655177,42.08513104720362,24.624627802538086,10.436996994676441,10.29030608403397
Lesen,181,SIGNAL4D_EXT_ARM_BA_V4,False,40.75064862787626,10.298806327643529,9.87439394980099,32.92274628402627,45.153884108429764,28.8815288738125,10.298806327643529,9.874393949800988
Lesen,183,SIGNAL4D_EXT_ARM_BA_V4,False,44.36155280031896,10.76208758196471,12.388065744349122,29.95149186776383,48.69797938012424,25.664202327690337,10.76208758196471,12.38806574434912
Lesen,185,SIGNAL4D_EXT_ARM_BA_V4,False,44.52486616356618,9.415859653362668,10.583967192372606,32.237430841906615,52.20459571419741,27.6878051209699,9.415859653362668,10.583967192372603
Lesen,187,SIGNAL4D_EXT_ARM_BA_V4,False,41.80035810369513,9.330151277547746,10.044241381126874,29.991329435930517,41.86098466205474,26.23609697587963,9.330151277547744,10.044241381126874
Lesen,189,SIGNAL4D_EXT_ARM_BA_V4,False,44.13865027104076,9.429201764045194,11.1216608074682,29.480305166623253,46.672083816419615,25.407877012481123,9.429201764045196,11.1216608074682
Lesen,191,SIGNAL4D_EXT_ARM_BA_V4,False,47.23706119887,9.632484404826869,10.128332754660576,30.6892568618785,49.506223149292275,26.54599456800982,9.632484404826865,10.128332754660578
Lesen,193,SIGNAL4D_EXT_ARM_BA_V4,False,44.455064724173894,11.20209939673265,10.427406921055946,29.662433921329875,48.68813425771582,25.16530869600519,11.202099396732649,10.427406921055947
Lesen,195,SIGNAL4D_EXT_ARM_BA_V4,False,49.109322345763566,12.03308231721688,11.22003317694547,32.75664240550654,53.902584911129985,28.155006421222613,12.03308231721688,11.22003317694547
Lesen,197,SIGNAL4D_EXT_ARM_BA_V4,False,49.28574923028229,10.170374824594193,11.366198089440545,33.35827028516212,54.99547137414912,28.61756512466654,10.17037482459419,11.366198089440543
Lesen,199,SIGNAL4D_EXT_ARM_BA_V4,False,46.12095714914544,9.885227871780318,12.183284711876873,29.32832383445101,48.422362370421155,25.080779352979,9.885227871780316,12.183284711876873
Lesen,201,SIGNAL4D_EXT_ARM_BA_V4,False,46.632161160486056,8.759342602629058,13.664165878317007,30.633938291313317,50.78255625746859,26.24739731664164,8.759342602629058,13.66416587831701
Lesen,203,SIGNAL4D_EXT_ARM_BA_V4,False,45.527114914572984,10.075320709857833,12.35696978205781,29.700233283971734,49.05636553785725,25.383529896212117,10.075320709857829,12.356969782057812
Lesen,205,SIGNAL4D_EXT_ARM_BA_V4,False,44.993920787130975,9.920761721920261,11.709540744618607,30.945901806761277,51.936139147510914,26.37721458784697,9.920761721920263,11.709540744618602
Lesen,207,SIGNAL4D_EXT_ARM_BA_V4,False,44.695381076004445,9.503714738853896,11.45976856694085,30.47519103993378,49.68834276581892,26.012866221984602,9.503714738853898,11.45976856694085
Lesen,209,SIGNAL4D_EXT_ARM_BA_V4,False,43.803306934907255,8.020568087265632,12.918794834840826,30.84677594992937,50.85768781578247,26.45723109164634,8.020568087265632,12.91879483484082
Lesen,211,SIGNAL4D_EXT_ARM_BA_V4,False,45.46073924722742,9.213033352415128,13.112323565795393,31.908103190918663,52.76752371250369,27.42120951394527,9.213033352415128,13.112323565795393
Lesen,213,SIGNAL4D_EXT_ARM_BA_V4,False,41.780014877408156,9.638419494155562,11.891549667232404,27.71948835804052,44.984186748904065,23.98701268417764,9.638419494155563,11.891549667232402
LiebBitte,142,SIGNAL4D_EXT_ARM_BA_V4,True,55.22235592567993,,13.81949276684819,55.292259522956904,72.91854317449973,48.439133632329415,,13.819492766848187
LiebBitte,144,SIGNAL4D_EXT_ARM_BA_V4,True,55.223114765690326,,13.916163948958715,54.895138879761575,72.5438228909951,48.029824531755125,,13.916163948958713
LiebBitte,146,SIGNAL4D_EXT_ARM_BA_V4,True,59.131178626173195,,13.831132179314789,58.41271759150571,76.30635911434197,51.32008686141916,,13.831132179314789
LiebBitte,148,SIGNAL4D_EXT_ARM_BA_V4,True,58.15491457766418,,14.280586217297198,55.399645048666756,70.31604250883038,48.87821766286987,,14.280586217297198
LiebBitte,150,SIGNAL4D_EXT_ARM_BA_V4,True,49.93059280340531,,17.31999698216079,49.40164762096881,64.92296038976876,43.159476252459214,,17.31999698216079
LiebBitte,152,SIGNAL4D_EXT_ARM_BA_V4,True,55.70066153035976,,13.977197790424407,50.42374898926106,62.45760183282851,44.49773891888472,,13.977197790424402
LiebBitte,154,SIGNAL4D_EXT_ARM_BA_V4,True,54.76657363552187,,12.902944680878303,47.36809911744985,59.55698783092845,42.07002491565069,,12.902944680878303
LiebBitte,156,SIGNAL4D_EXT_ARM_BA_V4,True,54.738335256044614,,13.766400804822146,45.98375194239137,57.68386636671968,40.705976092471204,,13.766400804822142
LiebBitte,158,SIGNAL4D_EXT_ARM_BA_V4,True,57.559482370312246,,14.080211786102273,49.57552755458376,61.30924181820039,43.836343153316506,,14.080211786102279
LiebBitte,160,SIGNAL4D_EXT_ARM_BA_V4,True,52.67507427403197,,14.759760009728984,46.038635993704446,58.02523917515351,40.48445236121335,,14.759760009728982
LiebBitte,162,SIGNAL4D_EXT_ARM_BA_V4,True,49.932978179492935,,15.040615749893922,44.45580055285431,57.62945089346362,38.91199597808067,,15.040615749893922
LiebBitte,164,SIGNAL4D_EXT_ARM_BA_V4,True,57.2730759039353,,14.626695411019824,50.24324538961254,61.41734179869793,44.28631535899048,,14.626695411019826
LiebBitte,166,SIGNAL4D_EXT_ARM_BA_V4,True,55.86986382490146,,14.895088643490048,48.22393229582207,62.54455395845246,42.21964508926902,,14.895088643490048
LiebBitte,168,SIGNAL4D_EXT_ARM_BA_V4,True,50.980951619193604,,14.633984831652729,45.984590523186654,59.0739309456498,40.33510857063827,,14.633984831652729
Luegen,115,SIGNAL4D_EXT_ARM_BA_V4,True,39.75537805616964,,15.233918763797591,29.62854341016249,43.9497143996408,25.829230877576148,,15.233918763797591
Luegen,117,SIGNAL4D_EXT_ARM_BA_V4,True,44.95029522406276,,16.325566451635176,35.62537620381882,50.627989579176806,31.534136046237165,,16.325566451635172
Luegen,119,SIGNAL4D_EXT_ARM_BA_V4,True,43.35104230473726,,14.778189249745337,37.18320563631583,49.411032433046834,32.64952377004245,,14.778189249745337
Luegen,121,SIGNAL4D_EXT_ARM_BA_V4,True,51.93930281761819,,15.891885871621765,43.859634864315666,55.11138880550779,38.90254295442999,,15.891885871621765
Luegen,123,SIGNAL4D_EXT_ARM_BA_V4,True,52.78763628950688,,14.084986045497363,42.65148406385713,55.74983266211671,37.528028609334086,,14.08498604549736
Luegen,125,SIGNAL4D_EXT_ARM_BA_V4,True,45.74593527896571,,12.911015801273145,35.957126427526084,52.51378372773648,31.747393023778283,,12.911015801273145
Luegen,127,SIGNAL4D_EXT_ARM_BA_V4,True,43.673064975020544,,11.560830131361893,34.484411815732855,51.05096310169478,30.57931397197599,,11.560830131361893
Luegen,129,SIGNAL4D_EXT_ARM_BA_V4,True,40.540350015746114,,11.57368583813911,31.01165594257937,44.9362915517702,27.504104064871278,,11.57368583813911
Luegen,131,SIGNAL4D_EXT_ARM_BA_V4,True,43.8408006896664,,11.804607264268261,32.61676046162776,46.29026354091413,28.709909139727113,,11.804607264268261
Luegen,133,SIGNAL4D_EXT_ARM_BA_V4,True,50.07588242337952,,12.639498288042061,39.096513852764325,48.52712474083071,34.724133173909365,,12.639498288042061
Luegen,135,SIGNAL4D_EXT_ARM_BA_V4,True,50.83484204933767,,14.390576758387311,41.215158792903324,51.39670437325509,36.71858134078087,,14.39057675838731
Luegen,137,SIGNAL4D_EXT_ARM_BA_V4,True,52.27364013179616,,15.00881899020935,44.75331489966481,57.897124471525444,39.556634557818825,,15.008818990209349
Luegen,139,SIGNAL4D_EXT_ARM_BA_V4,True,49.856012477509545,,15.849658159918512,41.0327291583407,53.540335853525036,36.34495242585072,,15.849658159918508
Luegen,141,SIGNAL4D_EXT_ARM_BA_V4,True,63.237495285316136,,15.665701686358162,53.63870265914036,64.14088067400087,47.58957117093562,,15.665701686358162
Luegen,143,SIGNAL4D_EXT_ARM_BA_V4,True,49.38469724801482,,13.253446354911064,38.95545001362512,55.31761348085633,34.25447917319649,,13.253446354911066
Luegen,145,SIGNAL4D_EXT_ARM_BA_V4,True,36.4870251671833,,11.511158426542023,30.01758603866553,43.34233052490096,26.65275046801444,,11.511158426542023
Luegen,147,SIGNAL4D_EXT_ARM_BA_V4,True,33.98582846010976,,10.65726956577255,27.044402922292402,38.27668167842705,23.82820411191541,,10.65726956577255
Muell,116,SIGNAL4D_EXT_ARM_BA_V4,True,40.024377300588455,,12.02845834001372,24.151930536442634,37.54517660141632,21.223022078238714,,12.028458340013719
Muell,118,SIGNAL4D_EXT_ARM_BA_V4,True,44.98304989086196,,12.005313100604287,27.31821200291715,40.7053878334015,24.13232204808936,,12.005313100604287
Muell,120,SIGNAL4D_EXT_ARM_BA_V4,True,45.930774029485335,,11.58610028320201,26.951615613034697,38.52589068768995,23.835317136993382,,11.586100283202013
Muell,122,SIGNAL4D_EXT_ARM_BA_V4,True,45.66159134279413,,12.714304703218971,27.574728444195976,38.85498578493219,24.35144112663197,,12.714304703218971
Muell,124,SIGNAL4D_EXT_ARM_BA_V4,True,48.19924414784335,,12.606261742100006,30.228085484897683,39.461730524476046,26.856976863087038,,12.606261742100006
Muell,126,SIGNAL4D_EXT_ARM_BA_V4,True,53.17153001280619,,12.633826321886248,33.77192842995364,51.58007036274161,29.56627391455048,,12.633826321886248
Muell,128,SIGNAL4D_EXT_ARM_BA_V4,True,54.37034052685805,,11.17171230278406,35.4458679774902,56.95626347094738,30.86736680186707,,11.17171230278406
Muell,130,SIGNAL4D_EXT_ARM_BA_V4,True,49.00039759118803,,15.695448027585366,34.06768565420921,54.63473640212209,29.508998913260815,,15.695448027585366
Muell,132,SIGNAL4D_EXT_ARM_BA_V4,True,45.921248410716224,,15.850334853645471,31.034976141534194,46.27223160356398,27.571617507258658,,15.850334853645471
Muell,134,SIGNAL4D_EXT_ARM_BA_V4,True,44.25356154359013,,15.661070390333279,29.349658275137802,44.294140138903074,26.30820527467959,,15.661070390333279
Muell,136,SIGNAL4D_EXT_ARM_BA_V4,True,37.82658326252797,,14.9978838148045,28.899157718038364,39.97462268092497,26.28388875596841,,14.997883814804496
Muell,138,SIGNAL4D_EXT_ARM_BA_V4,True,45.68786657193919,,15.04469082396369,31.41936626667395,43.14154313666629,28.37802770469269,,15.044690823963695
Muell,140,SIGNAL4D_EXT_ARM_BA_V4,True,41.15163263037011,,23.73215330405415,29.71360359669563,39.74789695909984,26.644622533991807,,23.732153304054155
Muell,142,SIGNAL4D_EXT_ARM_BA_V4,True,41.12270013636331,,23.907880311400817,30.755122966454234,41.43171520022455,28.064349230958538,,23.907880311400817
Muell,144,SIGNAL4D_EXT_ARM_BA_V4,True,39.53973446423725,,23.256071944080944,30.128424603962376,39.885192437741004,27.540114000082774,,23.256071944080947
Mutter,138,SIGNAL4D_EXT_ARM_BA_V4,True,47.793516310711,,10.769453011104078,34.82680275594944,48.67003630928833,30.45661469967288,,10.769453011104078
Mutter,140,SIGNAL4D_EXT_ARM_BA_V4,True,48.730160532880646,,11.076216031006938,36.13123042047907,49.39441966962555,31.80263338287777,,11.076216031006938
Mutter,142,SIGNAL4D_EXT_ARM_BA_V4,True,44.02165160898672,,11.075165097171553,33.73766966120667,47.22717103098651,29.47059677334595,,11.075165097171556
Mutter,144,SIGNAL4D_EXT_ARM_BA_V4,True,47.203676564825734,,11.288171173941913,34.35167847534371,47.47192630293972,30.264664934076816,,11.288171173941915
Mutter,146,SIGNAL4D_EXT_ARM_BA_V4,True,49.61906497973025,,8.83858768288876,35.10943084102551,47.14640566044941,31.004436355356063,,8.83858768288876
Mutter,148,SIGNAL4D_EXT_ARM_BA_V4,True,49.35845147230156,,8.297749735150274,34.41125530925437,46.89706727736368,30.465025774820013,,8.297749735150273
Mutter,150,SIGNAL4D_EXT_ARM_BA_V4,True,51.41465923589177,,9.811624154574725,40.32743053065854,50.79850980932712,36.25305227925641,,9.811624154574725
Mutter,152,SIGNAL4D_EXT_ARM_BA_V4,True,47.26930425136085,,11.228993107909428,39.36357808675054,52.28944505917961,34.73625628868028,,11.22899310790943
Mutter,154,SIGNAL4D_EXT_ARM_BA_V4,True,48.967665082921066,,11.267347410436548,38.46939766305196,51.98450153939412,33.83611741975621,,11.267347410436548
Mutter,156,SIGNAL4D_EXT_ARM_BA_V4,True,48.829794073658825,,11.216438970667754,36.94810355868357,51.532708714975186,32.43546744960224,,11.216438970667754
Mutter,158,SIGNAL4D_EXT_ARM_BA_V4,True,46.21368362938815,,11.081569689908205,37.462812800789514,54.43472148047638,32.42093085263179,,11.081569689908205
Mutter,160,SIGNAL4D_EXT_ARM_BA_V4,True,45.91400492512465,,12.510853977817598,37.77118137837626,56.236104985216166,32.54668195954903,,12.510853977817602
Mutter,162,SIGNAL4D_EXT_ARM_BA_V4,True,46.23009769708725,,14.610499576443488,40.572489852493355,58.5013811547037,35.06313092819233,,14.610499576443488
Mutter,164,SIGNAL4D_EXT_ARM_BA_V4,True,50.656937075413616,,14.647070231996723,43.6275789343836,62.78963816189634,37.70358668628954,,14.647070231996723
Mutter,166,SIGNAL4D_EXT_ARM_BA_V4,True,48.9082995922056,,14.23047943642161,43.659275612779794,62.90128197624134,37.71084857236873,,14.230479436421609
Mutter,168,SIGNAL4D_EXT_ARM_BA_V4,True,51.05388623740782,,13.361269040495642,44.84368649141202,64.79811092246537,38.75265264592339,,13.361269040495646
Mutter,170,SIGNAL4D_EXT_ARM_BA_V4,True,52.17062697067948,,13.704207000012822,42.693001327338145,61.10411596396911,37.18632537692795,,13.704207000012822
Mutter,172,SIGNAL4D_EXT_ARM_BA_V4,True,49.885686747274136,,14.073616564492523,43.057004859701784,64.20917329453773,37.25928439553727,,14.073616564492523
Mutter,174,SIGNAL4D_EXT_ARM_BA_V4,True,48.32200444319383,,13.94927214038084,42.86661531160632,63.94029465625371,37.04922025149645,,13.94927214038084
Mutter,176,SIGNAL4D_EXT_ARM_BA_V4,True,51.31076115057808,,14.554296801997642,42.61809604576894,62.39179587341476,37.07317012306764,,14.554296801997642
Mutter,178,SIGNAL4D_EXT_ARM_BA_V4,True,50.49758931986617,,14.304029505933046,45.58542984281649,66.31259674219831,39.43361056963249,,14.304029505933045
Mutter,180,SIGNAL4D_EXT_ARM_BA_V4,True,51.99296496257928,,14.323876677961518,43.78434544663651,63.96445641526363,38.057830693585565,,14.323876677961522
Mutter,182,SIGNAL4D_EXT_ARM_BA_V4,True,49.30172046231281,,14.665461089184381,42.911413188582024,63.75114949530422,37.159332209408284,,14.665461089184381
Mutter,184,SIGNAL4D_EXT_ARM_BA_V4,True,50.23699111400687,,14.57936080803142,45.09166784839987,63.231414689489505,38.9379283429463,,14.579360808031424
Naehen,113,SIGNAL4D_EXT_ARM_BA_V4,False,36.12469951809732,14.577750119168078,12.409944360302333,21.928160830271047,30.044401703356108,19.681690318982803,14.57775011916808,12.409944360302333
Naehen,115,SIGNAL4D_EXT_ARM_BA_V4,False,39.446711600046264,15.390092349648905,11.710278003093048,26.1551869671063,32.96438187328486,23.619307560821145,15.390092349648906,11.71027800309305
Naehen,117,SIGNAL4D_EXT_ARM_BA_V4,False,41.58875829753502,15.465016159052066,12.160057127038547,23.45719260784451,33.15372325276747,20.98838028339567,15.465016159052068,12.160057127038547
Naehen,119,SIGNAL4D_EXT_ARM_BA_V4,False,37.5130739137507,15.508946140919592,12.650742635444097,22.9975704166713,33.99675786316243,20.400166085276503,15.508946140919592,12.650742635444097
Naehen,121,SIGNAL4D_EXT_ARM_BA_V4,False,41.11955916847841,15.760177412359951,12.315163862886697,22.187847162009014,34.25974693244337,19.54693781285056,15.760177412359951,12.315163862886699
Naehen,123,SIGNAL4D_EXT_ARM_BA_V4,False,40.63078978901067,15.737872134954404,11.632278103525016,22.18631940747622,34.683633425421206,19.561997169541314,15.737872134954404,11.63227810352502
Naehen,125,SIGNAL4D_EXT_ARM_BA_V4,False,43.670925922348076,14.500536269997726,11.814709452249746,23.329184106593548,35.49969046042796,20.65474945143649,14.500536269997726,11.814709452249746
Naehen,127,SIGNAL4D_EXT_ARM_BA_V4,False,38.91164729833307,14.737403908113292,13.145349925386911,23.278138757880132,33.79302915463845,20.70994237427394,14.737403908113292,13.145349925386911
Naehen,129,SIGNAL4D_EXT_ARM_BA_V4,False,38.115530992995765,13.737324532292401,12.869429245133658,21.30761475435842,31.07814154825737,18.97808541384085,13.737324532292403,12.869429245133658
Naehen,131,SIGNAL4D_EXT_ARM_BA_V4,False,37.233305787801555,13.669718882507143,10.215763463641073,20.90524409688967,29.806593560704233,18.711354636825728,13.669718882507144,10.215763463641073
Naehen,133,SIGNAL4D_EXT_ARM_BA_V4,False,37.564436318842915,14.13858443291791,9.087153120823222,21.801286713111082,30.43461190162188,19.538636431250445,14.13858443291791,9.087153120823224
Naehen,135,SIGNAL4D_EXT_ARM_BA_V4,False,37.16437468339828,14.341147934341706,10.938092745113074,23.308971734095262,31.11646448372304,20.928689685531555,14.341147934341706,10.938092745113074
Naehen,137,SIGNAL4D_EXT_ARM_BA_V4,False,38.23935096102362,15.00051347850611,9.100099191588566,29.51569321761475,34.89945114510169,26.845709046543604,15.000513478506107,9.100099191588566
Naehen,139,SIGNAL4D_EXT_ARM_BA_V4,False,38.361692084444385,14.598860867367643,9.342532535230005,23.674711670753805,30.67491577869131,21.356325438796205,14.598860867367641,9.342532535230003
Naehen,141,SIGNAL4D_EXT_ARM_BA_V4,False,38.90481394171565,15.687737402595097,10.620519088826695,27.69538836392963,31.481605295567878,25.292608799948972,15.6877374025951,10.620519088826697
Naehen,143,SIGNAL4D_EXT_ARM_BA_V4,False,41.38615788220528,15.670197606417528,11.380194146595406,22.821431140740184,29.92512980981003,20.476335147524093,15.670197606417528,11.380194146595406
Naehen,145,SIGNAL4D_EXT_ARM_BA_V4,False,38.439173649681436,15.976954981420606,11.860442238904213,23.830337688269775,31.88280178566568,21.27152110486145,15.976954981420606,11.860442238904213
Naehen,147,SIGNAL4D_EXT_ARM_BA_V4,False,38.74773703672074,15.734471617425472,11.691716319806394,24.51432944853781,31.997952387208763,22.021542549303458,15.734471617425472,11.691716319806394
Naehen,149,SIGNAL4D_EXT_ARM_BA_V4,False,40.16684971451538,15.51099449882685,12.102506947264681,22.14994705046366,32.14973176488749,19.668407455519727,15.510994498826848,12.10250694726468
Naehen,151,SIGNAL4D_EXT_ARM_BA_V4,False,41.05334519209358,15.234506582621734,11.833821958463595,23.763269487966546,34.655616237774844,21.195555582548057,15.234506582621734,11.833821958463593
Naehen,153,SIGNAL4D_EXT_ARM_BA_V4,False,40.1249362918484,14.468666602269664,11.245081166438816,22.26941544154543,32.74981243289295,19.735864103202704,14.468666602269664,11.245081166438816
Naehen,155,SIGNAL4D_EXT_ARM_BA_V4,False,39.359550366036466,14.764753281456416,11.254464906163353,23.514334909213044,34.47325455074822,20.910170111430283,14.764753281456414,11.254464906163353
Naehen,157,SIGNAL4D_EXT_ARM_BA_V4,False,38.11062015474565,14.324405605487058,11.522780860170265,22.513633119126407,32.34876395999733,20.04583731435971,14.324405605487057,11.522780860170265
Naehen,159,SIGNAL4D_EXT_ARM_BA_V4,False,38.438425024742976,15.533237082419516,11.327098107757232,22.175905273711233,32.29109725737238,19.62228129079576,15.533237082419516,11.327098107757232
Naehen,161,SIGNAL4D_EXT_ARM_BA_V4,False,38.158076977609014,15.081300228839028,10.654928893837427,21.399311244484647,30.862948682820914,18.963829305100447,15.081300228839027,10.654928893837425
Naehen,163,SIGNAL4D_EXT_ARM_BA_V4,False,36.07016305855111,15.579734447275444,11.363556545765512,24.721649266737735,33.080799714609284,22.131974339920127,15.579734447275444,11.363556545765512
Naehen,165,SIGNAL4D_EXT_ARM_BA_V4,False,35.72639102155988,15.059263866654488,9.09184610818551,23.929617707801132,33.12940569808104,21.43690671261825,15.059263866654486,9.09184610818551
Naehen,167,SIGNAL4D_EXT_ARM_BA_V4,False,34.40607784818909,15.989800487391944,10.43496679406364,22.587798374521807,30.320493149444818,20.20811494216567,15.989800487391944,10.43496679406364
Naehen,169,SIGNAL4D_EXT_ARM_BA_V4,False,37.692558123678104,15.814172159612776,10.316584298044488,23.884314028646354,31.587244648541944,21.323876651499972,15.814172159612779,10.316584298044486
Naehen,171,SIGNAL4D_EXT_ARM_BA_V4,False,37.49397216004348,14.79958730012366,12.181889350382656,24.434276734282374,32.11281198674681,21.991153336365297,14.79958730012366,12.181889350382654
Naehen,173,SIGNAL4D_EXT_ARM_BA_V4,False,40.47731915046985,14.481206439975548,12.078151750230962,23.463934707737515,32.64449707828053,21.00406601937416,14.481206439975548,12.078151750230965
Naehen,175,SIGNAL4D_EXT_ARM_BA_V4,False,36.27445145349059,16.234561013250044,12.633098116813263,22.27356596909292,31.489678127333594,19.81419501567546,16.23456101325004,12.633098116813262
Naehen,177,SIGNAL4D_EXT_ARM_BA_V4,False,36.945043134731314,16.675545509125783,12.097422102535614,21.893966032264217,33.170950426750906,19.38298926506074,16.675545509125783,12.097422102535614
Naehen,179,SIGNAL4D_EXT_ARM_BA_V4,False,39.19801706137508,16.450563296398776,11.820703094263711,21.257433147963827,32.35046504661206,18.51318711971782,16.450563296398776,11.820703094263706
Naehen,181,SIGNAL4D_EXT_ARM_BA_V4,False,39.88212132241805,17.838279553966217,12.03853902521489,21.285133363411198,32.89193510645208,18.509986816741918,17.838279553966217,12.03853902521489
Naehen,183,SIGNAL4D_EXT_ARM_BA_V4,False,43.04394675866385,17.953694828554138,8.188222200371536,21.25782252047205,33.01635962652787,18.584756671864923,17.953694828554145,8.188222200371534
Naehen,185,SIGNAL4D_EXT_ARM_BA_V4,False,40.25988982085898,17.32585707138268,8.464641919547303,23.99001960377292,33.83710647548303,21.242786735768938,17.325857071382682,8.464641919547303
Naehen,187,SIGNAL4D_EXT_ARM_BA_V4,False,40.399005327763774,17.189246479842776,8.903679526076454,23.11282738994361,32.591579799927814,20.506851680711993,17.189246479842776,8.903679526076454
Naehen,189,SIGNAL4D_EXT_ARM_BA_V4,False,39.29774488845763,17.516912282974555,8.757850008414472,23.46363992138184,31.680081051321224,20.980627049411357,17.516912282974555,8.757850008414472
Naehen,191,SIGNAL4D_EXT_ARM_BA_V4,False,39.64771886072946,15.498489882383472,9.407269650837247,22.944485702527064,31.31263838843732,20.546964087358706,15.498489882383472,9.407269650837245
Naehen,193,SIGNAL4D_EXT_ARM_BA_V4,False,40.74932484791109,15.218864463309412,9.914543396505087,21.71413954625913,31.676318482509167,19.326498473003348,15.21886446330941,9.914543396505087
Naehen,195,SIGNAL4D_EXT_ARM_BA_V4,False,40.06750853961053,15.641592761623448,9.697612679544097,21.855041236454824,30.52804389274332,19.575867627652812,15.641592761623448,9.697612679544095
Naehen,197,SIGNAL4D_EXT_ARM_BA_V4,False,37.44846577788898,15.709627297747224,9.618050275933603,21.658230994700922,30.480956838218155,19.277936948056063,15.709627297747224,9.618050275933603
Naehen,199,SIGNAL4D_EXT_ARM_BA_V4,False,38.30370383139109,16.11087364199012,10.685824459440195,21.91500046418351,30.995256292934204,19.462737902911652,16.110873641990125,10.685824459440196
Nebel,118,SIGNAL4D_EXT_ARM_BA_V4,False,35.61475919949427,13.548552775212858,8.497135076673704,29.75097523851758,30.72852163553749,27.50507916517761,13.548552775212857,8.497135076673704
Nebel,120,SIGNAL4D_EXT_ARM_BA_V4,False,33.92773242793649,11.706006419709361,8.5828397074535,28.54450714064565,30.026188814486616,26.134979212488084,11.706006419709361,8.5828397074535
Nebel,122,SIGNAL4D_EXT_ARM_BA_V4,False,37.52415277065518,11.51072247806697,9.454512414877449,31.679816929135836,37.3074371547448,28.653144159338808,11.510722478066972,9.45451241487745
Nebel,124,SIGNAL4D_EXT_ARM_BA_V4,False,35.878720034589406,13.644559141824201,9.799287698480127,26.56703763818952,34.26600736744822,23.692522834482233,13.644559141824201,9.799287698480125
Nebel,126,SIGNAL4D_EXT_ARM_BA_V4,False,39.452051253058315,14.670409705158104,8.414682463873278,27.692868535344235,32.84879243036902,24.90879648226239,14.6704097051581,8.414682463873278
Nebel,128,SIGNAL4D_EXT_ARM_BA_V4,False,43.3319074149876,9.39144518719353,9.80422016354525,29.810646630018717,35.91550271497003,26.861523594352263,9.391445187193531,9.80422016354525
Nebel,130,SIGNAL4D_EXT_ARM_BA_V4,False,37.56215237452201,8.855963270945512,9.302013925310375,23.250423985682765,36.80262781443788,20.211547322378426,8.85596327094551,9.302013925310378
Nebel,132,SIGNAL4D_EXT_ARM_BA_V4,False,37.56284104236429,9.109075248979378,9.052042995557745,21.998995814233922,34.50504490839854,19.116133831152915,9.109075248979384,9.052042995557745
Nebel,134,SIGNAL4D_EXT_ARM_BA_V4,False,40.205160523789445,9.612281430785119,8.652895570067765,22.833056723610298,34.89370091724535,20.051403222862902,9.612281430785119,8.652895570067761
Nebel,136,SIGNAL4D_EXT_ARM_BA_V4,False,37.01652673495497,9.558847598097136,8.43320843498915,20.46532410040047,30.842111576821313,17.884783127863997,9.558847598097136,8.43320843498915
Nebel,138,SIGNAL4D_EXT_ARM_BA_V4,False,37.84978124198181,10.380106666719197,9.195752654556683,22.857990019513174,34.11243163593802,19.98793498120422,10.3801066667192,9.195752654556683
Nebel,140,SIGNAL4D_EXT_ARM_BA_V4,False,35.38063322865364,10.532344924809022,7.944567609853056,21.759927573609065,31.258665764637026,19.146960289249492,10.532344924809024,7.944567609853056
Nebel,142,SIGNAL4D_EXT_ARM_BA_V4,False,41.61123503159746,9.651261629308902,8.802656924593125,28.00990101009988,36.60333239622486,24.739690517611752,9.651261629308904,8.802656924593128
Nebel,144,SIGNAL4D_EXT_ARM_BA_V4,False,36.97666274259034,9.696112134555651,7.974321656416362,27.061652404841485,34.993755947555684,23.984368005574684,9.696112134555651,7.974321656416362
Nebel,146,SIGNAL4D_EXT_ARM_BA_V4,False,44.24764584353162,9.867473472050605,8.032042818536128,34.41731813442727,36.027729737335015,31.63092937640332,9.867473472050603,8.032042818536127
Nebel,148,SIGNAL4D_EXT_ARM_BA_V4,False,37.484247165589444,9.47448357213951,7.0830292537643444,30.40467537334716,37.11503750390886,27.241856028722033,9.47448357213951,7.083029253764343
Nebel,150,SIGNAL4D_EXT_ARM_BA_V4,False,40.17585964426948,10.506036226423028,7.844030394938852,27.174840894317533,36.979448176377005,23.914954909355654,10.506036226423024,7.844030394938852
Nebel,152,SIGNAL4D_EXT_ARM_BA_V4,False,37.69468177943788,11.478811117723641,7.848063718225584,26.442689999337016,35.45825553725944,23.270533991411153,11.478811117723641,7.8480637182255855
Nebel,154,SIGNAL4D_EXT_ARM_BA_V4,False,44.35065982077735,10.587554301327895,7.662155084748835,30.03513976316917,35.5832319158813,27.062902319297052,10.587554301327897,7.662155084748832
Nebel,156,SIGNAL4D_EXT_ARM_BA_V4,False,42.59712515015685,9.830531218646025,8.620150209930454,27.374098531340216,35.1835890565521,24.444740435499973,9.830531218646025,8.620150209930454
Nebel,158,SIGNAL4D_EXT_ARM_BA_V4,False,41.26255101723889,8.837324519537688,8.298887579709008,25.157046551924868,35.86970363066893,22.303303689505817,8.83732451953769,8.298887579709008
Nebel,160,SIGNAL4D_EXT_ARM_BA_V4,False,44.487749066663234,9.27107605972646,8.584856665737833,26.20286954843973,37.820981185664756,23.03490666576243,9.271076059726457,8.584856665737833
Nebel,162,SIGNAL4D_EXT_ARM_BA_V4,False,37.3282326588166,9.561212244506587,8.273482858254344,27.99157244154868,35.88833884385573,24.62913906773902,9.561212244506587,8.273482858254342
Nebel,164,SIGNAL4D_EXT_ARM_BA_V4,False,35.76405229479418,9.133350623763699,8.086349520837564,25.142168589432544,35.41800136206745,21.73179122075766,9.1333506237637,8.086349520837564
Nebel,166,SIGNAL4D_EXT_ARM_BA_V4,False,44.5896161803395,9.382924058430941,8.452244852308588,26.736189241985635,37.84673989552954,23.43398961949021,9.382924058430943,8.452244852308588
Nebel,168,SIGNAL4D_EXT_ARM_BA_V4,False,46.98825332964174,9.689106667112029,8.06733769080207,28.16884859187462,39.60990223001284,24.78288760503792,9.689106667112027,8.06733769080207
Nebel,170,SIGNAL4D_EXT_ARM_BA_V4,False,40.09206922985026,9.60840182202592,7.827682433393426,25.979295213513403,37.50739931966712,22.930163672396557,9.60840182202592,7.827682433393426
Nebel,172,SIGNAL4D_EXT_ARM_BA_V4,False,40.64738062836261,10.060253875138358,8.147610917091555,25.31512028724901,34.92889834683182,22.479178366197903,10.06025387513836,8.147610917091553
Nebel,174,SIGNAL4D_EXT_ARM_BA_V4,False,42.306029296461,10.003296016923816,7.877375178868185,26.578283614785548,39.78894862683895,23.404737837759377,10.00329601692382,7.877375178868183
Nebel,176,SIGNAL4D_EXT_ARM_BA_V4,False,38.512569344394414,10.562497896531823,8.398406315580612,26.019349144900172,36.288638038719256,23.08114720081048,10.562497896531825,8.39840631558061
Nebel,178,SIGNAL4D_EXT_ARM_BA_V4,False,38.463913292650105,10.406619665584248,7.645569003483977,25.849033623787754,33.659689473928964,23.116638859806258,10.406619665584245,7.645569003483976
Nebel,180,SIGNAL4D_EXT_ARM_BA_V4,False,33.61211123577631,9.531773673357653,7.985627310675829,21.84052465454117,33.57382908871299,19.02731929533593,9.53177367335765,7.985627310675829
Nebel,182,SIGNAL4D_EXT_ARM_BA_V4,False,34.80195445704475,9.403533089824911,9.028970192569657,21.74587180134821,33.77995738097041,18.946562409537414,9.403533089824915,9.028970192569657
Nebel,184,SIGNAL4D_EXT_ARM_BA_V4,False,34.14032428206259,8.81815366452542,8.178353609460437,22.511265342130468,34.64043538232486,19.367475886179548,8.818153664525422,8.178353609460435
Nebel,186,SIGNAL4D_EXT_ARM_BA_V4,False,36.92605216277588,9.472959399945369,8.170911051271466,28.834780480397338,37.95538084904914,25.32115205557857,9.472959399945369,8.170911051271467
Nebel,188,SIGNAL4D_EXT_ARM_BA_V4,False,34.836199137924886,8.91249379385135,8.499513941533568,24.690695520557806,38.35248416262097,21.203527301106586,8.91249379385135,8.499513941533568
Nebel,190,SIGNAL4D_EXT_ARM_BA_V4,False,39.99158760848634,9.532507899209387,9.10798276723917,22.605561257800886,34.03697647506761,19.615490033556895,9.532507899209389,9.107982767239173
Nebel,192,SIGNAL4D_EXT_ARM_BA_V4,False,43.228722013336395,9.171440091708899,9.950290278418462,23.36304270738776,36.16088761433376,20.042967991256905,9.171440091708899,9.950290278418462
Nebel,194,SIGNAL4D_EXT_ARM_BA_V4,False,36.391300771912825,8.100429730860256,9.608889882120051,30.417385954305725,41.70077338848863,26.543860547102703,8.100429730860258,9.608889882120053
Neu,108,SIGNAL4D_EXT_ARM_BA_V4,False,40.17194514976046,14.077070256402203,7.81036960824678,30.999325843447174,35.652259075587175,28.156679241277804,14.077070256402203,7.81036960824678
Neu,110,SIGNAL4D_EXT_ARM_BA_V4,False,37.50654135415284,14.020411026117218,8.811191554131023,23.363772475431023,31.9344500825429,20.659298058698297,14.020411026117218,8.811191554131025
Neu,112,SIGNAL4D_EXT_ARM_BA_V4,False,41.85620826220575,13.423768136360247,10.266608399797956,28.555111936140815,38.684822032541426,25.4619129357769,13.423768136360245,10.266608399797954
Neu,114,SIGNAL4D_EXT_ARM_BA_V4,False,45.35509157048542,14.38907943141841,10.598754257943597,30.38565867683871,37.61644957079784,27.66302645455597,14.38907943141841,10.598754257943597
Neu,116,SIGNAL4D_EXT_ARM_BA_V4,False,40.56217324103968,16.547620406181732,9.239479043926575,26.5901109002516,38.02922157554204,24.15126358630814,16.547620406181732,9.239479043926577
Neu,118,SIGNAL4D_EXT_ARM_BA_V4,False,43.54668912359235,17.604521760980443,9.147679477704061,26.515371478273295,38.865741504322145,23.939012278791896,17.604521760980443,9.147679477704063
Neu,120,SIGNAL4D_EXT_ARM_BA_V4,False,43.699884345075745,17.80212556596871,8.568619062061426,26.360439505745415,38.99998463632633,23.709493424276882,17.80212556596871,8.568619062061428
Neu,122,SIGNAL4D_EXT_ARM_BA_V4,False,39.944285109662246,16.20803686656443,8.518187063863621,26.174192509676082,37.25264244837522,23.52452500531138,16.208036866564427,8.518187063863621
Neu,124,SIGNAL4D_EXT_ARM_BA_V4,False,37.34250393325217,16.14637487849887,8.768602406393455,26.661199340830734,37.598468456752315,23.9377770924931,16.14637487849887,8.768602406393455
Neu,126,SIGNAL4D_EXT_ARM_BA_V4,False,37.9746854227428,15.832659912671417,8.582858511101957,26.44996860399464,38.84385417062166,23.711056437923585,15.832659912671417,8.582858511101957
Neu,128,SIGNAL4D_EXT_ARM_BA_V4,False,40.371394340103976,15.683071370326076,8.245451614895732,26.490466399065394,38.90926426006378,23.57741055494395,15.683071370326068,8.245451614895732
Neu,130,SIGNAL4D_EXT_ARM_BA_V4,False,41.70311650036814,15.55272044457942,8.072655351213138,26.859467367223147,39.59902649736752,24.094563286840256,15.55272044457942,8.072655351213141
Neu,132,SIGNAL4D_EXT_ARM_BA_V4,False,41.72501080149678,15.67830634477774,8.106839142476012,27.085558892551727,39.84134054623112,24.255794161180166,15.67830634477774,8.106839142476016
Operieren,199,SIGNAL4D_EXT_ARM_BA_V4,False,39.31073564101316,13.688069803576441,11.7825708888342,25.728011022672874,36.82051913928136,23.173172338117134,13.688069803576441,11.7825708888342
Operieren,201,SIGNAL4D_EXT_ARM_BA_V4,False,46.769536995696235,13.681645142578684,12.305925361058137,26.478517955276068,35.742410211635665,23.771229846744358,13.681645142578686,12.305925361058138
Operieren,203,SIGNAL4D_EXT_ARM_BA_V4,False,41.03867074395283,13.745758182826227,12.374716783726665,25.947724800841442,37.42244777298849,23.303542583445235,13.745758182826227,12.374716783726665
Operieren,205,SIGNAL4D_EXT_ARM_BA_V4,False,39.001991956318264,13.788582665387844,12.351485167543194,25.433353144778174,36.46915491369247,22.85947895620494,13.788582665387842,12.351485167543196
Operieren,207,SIGNAL4D_EXT_ARM_BA_V4,False,41.02030577804053,14.076468157756441,12.058272054687004,26.0137354727195,36.095651390680565,23.387715068533783,14.076468157756446,12.058272054687004
Operieren,209,SIGNAL4D_EXT_ARM_BA_V4,False,40.46573508521391,14.178352811448137,10.940827919257671,26.526077598842008,38.66599694478016,23.734652082212186,14.17835281144814,10.940827919257671
Operieren,211,SIGNAL4D_EXT_ARM_BA_V4,False,38.70299019365065,12.742177011010286,10.407220384014943,25.53711902772996,36.92654106711023,22.885031150954184,12.742177011010288,10.407220384014941
Operieren,213,SIGNAL4D_EXT_ARM_BA_V4,False,34.61732991760695,13.941358077405855,11.835576544406639,23.341181818683346,34.68897389515528,20.606383718000792,13.941358077405852,11.835576544406639
Operieren,215,SIGNAL4D_EXT_ARM_BA_V4,False,34.196161229043234,13.953620464422452,12.709413591655139,21.348924874020742,33.198155455352634,18.59980556591261,13.953620464422455,12.709413591655139
Operieren,217,SIGNAL4D_EXT_ARM_BA_V4,False,40.734420048715,14.523622258996081,12.277157695227977,21.539641516822904,34.72206897405346,18.621838463788823,14.523622258996085,12.277157695227977
Operieren,219,SIGNAL4D_EXT_ARM_BA_V4,False,38.449912132216454,14.39168426293708,12.02122953532331,22.474430539267388,36.34964127067085,19.40616551038191,14.391684262937085,12.02122953532331
Operieren,221,SIGNAL4D_EXT_ARM_BA_V4,False,35.031034782631664,14.134499752460526,11.481050554810407,23.51530680028148,37.12143093720816,20.469568529643208,14.134499752460526,11.481050554810407
Operieren,223,SIGNAL4D_EXT_ARM_BA_V4,False,35.60714400825817,13.992940509640372,12.277308019218705,25.140782791279662,36.943361943279314,22.106701675485095,13.992940509640377,12.277308019218703
Operieren,225,SIGNAL4D_EXT_ARM_BA_V4,False,36.78384600200396,14.173878409981157,12.156230176495502,23.646124343302436,37.470625739979106,20.630851158770643,14.17387840998116,12.156230176495502
Operieren,227,SIGNAL4D_EXT_ARM_BA_V4,False,36.19359579464716,14.051457328841368,12.311757183998255,22.52410811411724,35.56695332819797,19.72122077296594,14.051457328841362,12.31175718399825
Operieren,229,SIGNAL4D_EXT_ARM_BA_V4,False,33.38109932426777,14.698336180242258,11.634103816498495,22.6876584184094,34.93148302587817,19.901014399683255,14.698336180242254,11.634103816498495
Operieren,231,SIGNAL4D_EXT_ARM_BA_V4,False,36.20774916428451,14.581205829090987,11.893284300567325,24.23649674429727,36.72920557349158,21.13564451472537,14.581205829090987,11.893284300567323
Operieren,233,SIGNAL4D_EXT_ARM_BA_V4,False,35.821894530931914,14.783004706772715,11.689218275525947,23.937407590001804,36.18159872519356,20.898594821097003,14.783004706772713,11.689218275525949
Operieren,235,SIGNAL4D_EXT_ARM_BA_V4,False,37.064075299473366,14.832290519852533,12.18733939531696,25.27966644205518,37.07496683387527,22.04490288259804,14.832290519852533,12.187339395316956
Operieren,237,SIGNAL4D_EXT_ARM_BA_V4,False,38.13172231974459,14.933999272743904,12.599545654195834,24.87663299843433,37.43426854451842,21.58037358576109,14.933999272743904,12.599545654195836
Operieren,239,SIGNAL4D_EXT_ARM_BA_V4,False,37.29945300001617,15.009359068896165,12.022849191042877,25.83352233567264,38.50614050268213,22.59834325903113,15.009359068896165,12.022849191042875
Operieren,241,SIGNAL4D_EXT_ARM_BA_V4,False,36.99880803373411,14.925229393588,12.441139806464376,25.016709061553595,37.6015028099423,21.785550462179707,14.925229393588,12.441139806464376
Operieren,243,SIGNAL4D_EXT_ARM_BA_V4,False,37.56404745884158,14.929337460442385,12.199749452968446,24.640047703416947,37.47340171933507,21.397856968450554,14.929337460442383,12.199749452968447
Operieren,245,SIGNAL4D_EXT_ARM_BA_V4,False,39.15006728091565,15.782559944859997,11.898986693564261,24.89531785284386,38.658291053290085,21.475094670385115,15.782559944860001,11.898986693564261
Operieren,247,SIGNAL4D_EXT_ARM_BA_V4,False,38.06332837141965,15.021953147707329,12.273551442814298,24.197484013812577,37.76165480659684,20.88207467518963,15.021953147707334,12.273551442814297
Operieren,249,SIGNAL4D_EXT_ARM_BA_V4,False,37.94809590305539,14.523108089187906,12.224957849234684,24.469540933701325,37.389882121515804,21.215868977127624,14.523108089187906,12.224957849234682
Operieren,251,SIGNAL4D_EXT_ARM_BA_V4,False,40.095752550237,14.900930329437342,11.72109393195315,24.74569586180054,38.08653120075123,21.428602035309265,14.900930329437339,11.721093931953146
Operieren,253,SIGNAL4D_EXT_ARM_BA_V4,False,38.14871899014864,15.187546763876064,11.823354625662853,30.042818532603746,48.1016294457181,25.83679110847522,15.187546763876064,11.823354625662855
Operieren,255,SIGNAL4D_EXT_ARM_BA_V4,False,42.011151756187246,14.184836930101786,14.083156701315042,36.5427251961442,57.79087637091536,31.217878738574104,14.184836930101786,14.083156701315044
Operieren,257,SIGNAL4D_EXT_ARM_BA_V4,False,41.9023363412816,14.069804925607855,14.128136795030377,36.31865893129428,56.9900754761725,31.106743653380594,14.069804925607853,14.128136795030377
Operieren,259,SIGNAL4D_EXT_ARM_BA_V4,False,40.72352140500033,15.047645675214453,14.036735773716787,35.85023886005631,56.66318448754802,30.626670293855287,15.047645675214453,14.036735773716789
Regen,112,SIGNAL4D_EXT_ARM_BA_V4,False,37.84789007031864,8.79106197436373,8.532875990575747,38.19881138617924,41.35152510163915,34.72774573699367,8.791061974363728,8.532875990575745
Regen,114,SIGNAL4D_EXT_ARM_BA_V4,False,39.7054326937891,7.808059864476209,8.130579696734003,40.30766269849928,43.14580458902659,36.662581958726875,7.80805986447621,8.130579696734003
Regen,116,SIGNAL4D_EXT_ARM_BA_V4,False,41.952790592571766,8.940184605988483,7.381383212207437,42.63830893143965,42.53649823058343,39.03956029789973,8.940184605988485,7.381383212207437
Regen,118,SIGNAL4D_EXT_ARM_BA_V4,False,36.13537024457007,7.044391346817116,8.737772565765964,33.43103676697331,35.940992365277005,30.614016356937988,7.044391346817114,8.737772565765964
Regen,120,SIGNAL4D_EXT_ARM_BA_V4,False,41.11277593162548,8.670699152749787,10.161268098059967,39.3594629372388,38.92516839287553,36.265355697408964,8.670699152749789,10.16126809805997
Regen,122,SIGNAL4D_EXT_ARM_BA_V4,False,45.67330349537218,7.800799913274945,8.062900035819961,36.70939357006667,39.0461263947722,33.594502166098934,7.800799913274948,8.062900035819958
Regen,124,SIGNAL4D_EXT_ARM_BA_V4,False,49.12651245583854,15.06934152656365,13.165931681173388,35.42840337101779,53.8471027960837,30.765922303608914,15.06934152656365,13.165931681173388
Regen,126,SIGNAL4D_EXT_ARM_BA_V4,False,44.710697534029975,15.449357142663297,14.858757973717603,35.720615541331156,55.944118657360654,31.35787696878598,15.449357142663297,14.858757973717605
Regen,128,SIGNAL4D_EXT_ARM_BA_V4,False,49.45427684903909,18.09831960202387,14.77160209758573,34.024978954874584,56.68051043661279,29.323254194350177,18.09831960202387,14.77160209758573
Regen,130,SIGNAL4D_EXT_ARM_BA_V4,False,63.7953053035584,17.727383291682067,14.355191623484375,54.27967239025854,85.6956937035897,46.56799706296672,17.727383291682074,14.355191623484375
Regen,132,SIGNAL4D_EXT_ARM_BA_V4,False,48.68561608241138,9.231921245764687,10.411428205162476,38.560731025735286,44.55312607782267,34.85490821523831,9.231921245764687,10.411428205162476
Regen,134,SIGNAL4D_EXT_ARM_BA_V4,False,46.35513813690929,8.131622372747225,10.445463257481622,39.78451811688419,45.01639375498951,35.98537188495999,8.131622372747225,10.445463257481622
Regen,136,SIGNAL4D_EXT_ARM_BA_V4,False,40.965279221344176,7.873276000643546,9.414011184187505,42.47297779204535,46.744495967386676,38.38037743261435,7.873276000643543,9.414011184187505
Regen,138,SIGNAL4D_EXT_ARM_BA_V4,False,38.9570978339678,7.613796697114871,7.693744808493644,37.32953529471217,41.22802074534145,33.71687426314149,7.613796697114873,7.693744808493643
Regen,140,SIGNAL4D_EXT_ARM_BA_V4,False,39.426799602478084,8.588085528214735,7.357040076444145,38.4392796932886,41.11060896161786,34.83587004731939,8.588085528214735,7.357040076444145
Regen,142,SIGNAL4D_EXT_ARM_BA_V4,False,38.9531506463241,8.540624998375806,8.633726800487796,36.827024681324986,39.638043935229774,33.37915437629298,8.540624998375806,8.633726800487793
Regen,144,SIGNAL4D_EXT_ARM_BA_V4,False,37.675932989139156,7.100972632218786,8.28552846391866,34.508142333117206,33.28761069549202,31.894250793719493,7.100972632218789,8.285528463918657
Regen,146,SIGNAL4D_EXT_ARM_BA_V4,False,42.535699510219104,6.828810652743808,8.021443493463577,38.33846282811772,37.59128979025578,35.21796036928873,6.828810652743808,8.021443493463577
Regen,148,SIGNAL4D_EXT_ARM_BA_V4,False,45.15957640566516,7.03260954772429,8.451115936826376,32.43605146568617,31.309513383717977,29.684994899209013,7.032609547724293,8.451115936826373
Regen,150,SIGNAL4D_EXT_ARM_BA_V4,False,46.70769646577269,16.479153296690388,13.494158871917254,32.50645768137622,50.9713053881835,27.90402934588956,16.479153296690388,13.494158871917255
Regen,152,SIGNAL4D_EXT_ARM_BA_V4,False,37.72927527164734,13.885978208671157,10.419638730415082,23.488557189964414,32.7926764105226,20.718498063024892,13.885978208671157,10.419638730415087
Regen,154,SIGNAL4D_EXT_ARM_BA_V4,False,35.34489596051001,12.849891792997399,12.011237010893192,20.79128992296527,30.78294566197892,18.142365309053528,12.849891792997402,12.011237010893195
Regen,156,SIGNAL4D_EXT_ARM_BA_V4,False,36.85170863826377,12.436169436262853,11.60466103214705,22.12055434942461,33.91110720842466,19.37242849854198,12.436169436262853,11.604661032147044
Regen,158,SIGNAL4D_EXT_ARM_BA_V4,False,48.721113871199016,22.346697514925165,15.544138954849057,34.043852471357205,56.99721085571264,28.958267673312704,22.34669751492517,15.544138954849059
Regen,160,SIGNAL4D_EXT_ARM_BA_V4,False,45.33717207697856,18.610730248612853,13.672414753308251,34.776937782863136,60.138760011865834,29.361310796193344,18.610730248612853,13.672414753308251
Regen,162,SIGNAL4D_EXT_ARM_BA_V4,False,46.01510999174415,9.150365274173646,9.671824931365315,34.23074757789638,37.013511992115625,31.274988393889895,9.150365274173646,9.671824931365313
Regen,164,SIGNAL4D_EXT_ARM_BA_V4,False,47.29141768574252,8.244102589330423,10.188393684148402,38.801580727817594,38.003404806875324,35.90950648755401,8.244102589330424,10.188393684148403
Regen,166,SIGNAL4D_EXT_ARM_BA_V4,False,43.490701126907496,7.8797911602260795,7.468908349541624,40.603698391936625,40.47093202487284,37.24672804372231,7.8797911602260795,7.468908349541621
Regen,168,SIGNAL4D_EXT_ARM_BA_V4,False,41.493841028588534,7.898954295003058,8.759756314153815,39.10007506505457,37.83239167129298,35.9935904147591,7.898954295003058,8.759756314153812
Regen,170,SIGNAL4D_EXT_ARM_BA_V4,False,39.13217448239397,7.910497249379342,7.000334086765874,34.206548394294444,34.89076658262136,31.319604634616006,7.910497249379342,7.000334086765873
Regen,172,SIGNAL4D_EXT_ARM_BA_V4,False,39.75298026207711,7.687294394583039,7.40568490484785,32.28700087761299,32.605229414112806,29.666614500159145,7.687294394583037,7.40568490484785
Regen,174,SIGNAL4D_EXT_ARM_BA_V4,False,40.94388648610127,6.9306047625214395,7.998201657441273,30.528130217989343,30.854133119353897,28.13801895076062,6.930604762521439,7.998201657441273
Regen,176,SIGNAL4D_EXT_ARM_BA_V4,False,35.42773358935099,7.126295724813507,7.571948988813697,20.134972836323733,24.719064501087104,18.294721842849725,7.126295724813507,7.571948988813697
Regen,178,SIGNAL4D_EXT_ARM_BA_V4,False,30.59903489615672,8.272502084904055,7.389969980700654,19.579499903777045,28.948063592511854,17.248315861996986,8.272502084904058,7.389969980700655
Regen,180,SIGNAL4D_EXT_ARM_BA_V4,False,37.21809366172911,11.858063852004587,10.519437435381162,21.49763767366521,28.610898673790217,19.374403694770375,11.85806385200459,10.519437435381164
Regen,182,SIGNAL4D_EXT_ARM_BA_V4,False,38.39413636213858,13.104930019247822,13.069011325194953,24.57526686888882,33.09207056319944,22.04690311193003,13.104930019247822,13.069011325194959
Regen,184,SIGNAL4D_EXT_ARM_BA_V4,False,39.28604718351891,13.316869712001466,13.02631776647869,29.30496007699065,37.942248198363465,26.47332491994135,13.316869712001465,13.02631776647869
Regen,186,SIGNAL4D_EXT_ARM_BA_V4,False,45.15090494678597,13.130722576793953,12.861421984433559,37.9675047323399,47.2275510999501,34.12420676381897,13.130722576793957,12.861421984433559
Regen,188,SIGNAL4D_EXT_ARM_BA_V4,False,47.19265625168107,23.256661376369212,21.38312484704113,43.26140639527256,55.604038743677286,38.25714008971301,23.256661376369216,21.383124847041127
SauerWuetend,147,SIGNAL4D_EXT_ARM_BA_V4,True,43.73747796719058,,13.801811774153888,32.476897855563465,47.844392408532784,28.059526243770918,,13.801811774153888
SauerWuetend,149,SIGNAL4D_EXT_ARM_BA_V4,True,44.92965141139018,,16.923148419335906,35.30372091766106,52.3759425522281,30.678678128904256,,16.923148419335902
SauerWuetend,151,SIGNAL4D_EXT_ARM_BA_V4,True,47.01200343321756,,16.170148328551065,35.05472588500002,49.26848558566382,30.62796131172763,,16.170148328551065
SauerWuetend,153,SIGNAL4D_EXT_ARM_BA_V4,True,48.2572276920867,,15.511071407842474,37.43472407110787,49.96082686561827,32.84483971539616,,15.511071407842474
SauerWuetend,155,SIGNAL4D_EXT_ARM_BA_V4,True,41.578680860188285,,9.849544016152908,32.92633906700313,48.18409552473981,28.716940216025773,,9.849544016152906
SauerWuetend,157,SIGNAL4D_EXT_ARM_BA_V4,True,50.03748942504831,,7.979113466868755,38.34863010368122,42.84973929824823,34.2531907143482,,7.979113466868755
SauerWuetend,159,SIGNAL4D_EXT_ARM_BA_V4,True,52.15008204707168,,8.294187017246623,38.454827129381925,46.8707091294543,34.447745643052606,,8.294187017246625
SauerWuetend,161,SIGNAL4D_EXT_ARM_BA_V4,True,51.50712309559893,,9.026724202434627,38.66221535681777,49.85245100647251,34.4251366436309,,9.026724202434627
SauerWuetend,163,SIGNAL4D_EXT_ARM_BA_V4,True,50.638738272401326,,9.360234228332509,38.41711516649723,49.85385033875919,33.82054269923244,,9.360234228332509
SauerWuetend,165,SIGNAL4D_EXT_ARM_BA_V4,True,56.01743644355978,,9.291696320414614,43.063767623269044,53.4849020404262,38.258734021062125,,9.291696320414617
SauerWuetend,167,SIGNAL4D_EXT_ARM_BA_V4,True,49.18970343056891,,8.821801354091537,39.745309934717206,47.93895556213043,35.41950779985372,,8.821801354091535
SauerWuetend,169,SIGNAL4D_EXT_ARM_BA_V4,True,50.30678536862133,,9.359626051145325,43.66197342460465,48.995040395903466,39.013558982372274,,9.359626051145323
SauerWuetend,171,SIGNAL4D_EXT_ARM_BA_V4,True,55.09153483298314,,9.565418511227662,44.11734749543409,53.478913373810144,39.30521542601093,,9.565418511227662
SauerWuetend,173,SIGNAL4D_EXT_ARM_BA_V4,True,57.72646606038737,,9.998415197894255,46.80644378724444,58.065239402124625,41.41565237360939,,9.998415197894257
SauerWuetend,175,SIGNAL4D_EXT_ARM_BA_V4,True,55.37497563325861,,11.773852047796698,44.54327618644886,56.87065047233956,39.453457517565305,,11.773852047796698
SauerWuetend,177,SIGNAL4D_EXT_ARM_BA_V4,True,60.11465812846359,,11.553474715931722,50.53618837288386,61.89457438272284,44.58877781113094,,11.553474715931722
SauerWuetend,179,SIGNAL4D_EXT_ARM_BA_V4,True,57.85911453796552,,11.59139558677762,45.802619386937806,57.65454601397544,40.375996330868965,,11.59139558677762
SauerWuetend,181,SIGNAL4D_EXT_ARM_BA_V4,True,45.91659127892535,,11.50027396820643,38.2188047780498,52.98055182883487,33.60303337611959,,11.50027396820643
SauerWuetend,183,SIGNAL4D_EXT_ARM_BA_V4,True,51.59327630863968,,11.193885689022173,41.6714277840151,51.98198314696351,36.49025576467933,,11.193885689022173
SauerWuetend,185,SIGNAL4D_EXT_ARM_BA_V4,True,48.942510525954226,,12.613754439430062,40.248328919518904,48.58735605077057,35.45951092512417,,12.613754439430062
SauerWuetend,187,SIGNAL4D_EXT_ARM_BA_V4,True,48.9219851476924,,13.22000398664593,40.930435205973126,51.69780734764351,36.06935606565174,,13.22000398664593
SauerWuetend,189,SIGNAL4D_EXT_ARM_BA_V4,True,51.519073338205345,,13.5966015487433,41.59766792175644,50.03678484196595,37.48076015793594,,13.596601548743301
Schnee,159,SIGNAL4D_EXT_ARM_BA_V4,False,38.54219276077188,10.38350937549797,8.694913505132861,34.66280302064113,39.75352959511893,31.261429747746476,10.383509375497974,8.694913505132861
Schnee,161,SIGNAL4D_EXT_ARM_BA_V4,False,39.75561857497009,10.0501651868047,10.404025934658208,37.986261621711996,43.52143629620938,34.25360770914186,10.050165186804701,10.404025934658211
Schnee,163,SIGNAL4D_EXT_ARM_BA_V4,False,40.42826547513331,7.857452241428231,10.884643706001093,36.8620333075662,43.465777525767486,33.21180351973853,7.857452241428227,10.884643706001093
Schnee,165,SIGNAL4D_EXT_ARM_BA_V4,False,34.24333504112398,9.560994419433241,10.176339761722994,30.84428690955955,36.655402638940664,27.788623649739797,9.560994419433241,10.176339761722994
Schnee,167,SIGNAL4D_EXT_ARM_BA_V4,False,31.372257488755565,11.840319956294426,9.17839909001177,24.272053116081498,30.38707983028686,21.699614421386034,11.840319956294428,9.178399090011771
Schnee,169,SIGNAL4D_EXT_ARM_BA_V4,False,29.367361279243028,10.655387187099814,9.139192742737317,22.714214935158715,30.845576780485157,20.08921011957463,10.655387187099814,9.139192742737317
Schnee,171,SIGNAL4D_EXT_ARM_BA_V4,False,31.408848060988966,8.017627467255748,8.180124133967286,26.04424468380664,35.09377688402608,22.995622483230168,8.017627467255743,8.180124133967286
Schnee,173,SIGNAL4D_EXT_ARM_BA_V4,False,44.524194933304166,5.808208757433905,7.354346529253958,35.44229528555832,34.71927595081996,32.961392960338166,5.808208757433905,7.354346529253955
Schnee,175,SIGNAL4D_EXT_ARM_BA_V4,False,36.51573766628629,6.22228104812198,7.753309929029465,30.641782683698658,39.112464797056724,27.21963384904648,6.222281048121979,7.753309929029464
Schnee,177,SIGNAL4D_EXT_ARM_BA_V4,False,30.382685347018924,6.187136762099123,7.0225671958367855,19.178043442584144,30.98450001439922,16.455606344900854,6.187136762099125,7.0225671958367855
Schnee,179,SIGNAL4D_EXT_ARM_BA_V4,False,30.334379849298518,6.901160851796235,7.821900731397637,21.54598276753413,33.90399051891724,18.803744122302742,6.901160851796237,7.821900731397639
Schnee,181,SIGNAL4D_EXT_ARM_BA_V4,False,29.72010677433425,7.23230060404189,7.571490652557181,20.926853276033203,34.146666414911174,17.952303404531264,7.232300604041888,7.571490652557181
Schnee,183,SIGNAL4D_EXT_ARM_BA_V4,False,34.823140112042054,7.646891696451376,7.321161371794078,26.440942327395373,37.03465148790844,23.15888575175464,7.646891696451372,7.321161371794077
Schnee,185,SIGNAL4D_EXT_ARM_BA_V4,False,33.91946933239036,7.809821242546306,7.112054342873069,26.164840419990814,35.54661687827409,23.045986437421153,7.809821242546304,7.112054342873069
Schnee,187,SIGNAL4D_EXT_ARM_BA_V4,False,33.17460514032807,7.445693667599237,6.742944962701044,25.866436753359494,36.3483276416267,22.617947704240844,7.445693667599235,6.7429449627010465
Schnee,189,SIGNAL4D_EXT_ARM_BA_V4,False,32.87786594602347,7.662936212869998,6.675207904093385,25.996970732085547,37.4119759200168,22.71405288213592,7.662936212869995,6.675207904093384
Schnee,191,SIGNAL4D_EXT_ARM_BA_V4,False,32.989236242593364,7.34251091649346,7.678881492940761,25.36502945574695,38.96814679047873,21.89806213130966,7.342510916493458,7.678881492940762
Schnee,193,SIGNAL4D_EXT_ARM_BA_V4,False,32.93962914821093,7.693542653597773,8.296022544177037,27.71015692652983,40.554485577203714,23.98865726614625,7.693542653597772,8.296022544177038
Schnee,195,SIGNAL4D_EXT_ARM_BA_V4,False,31.654116693655595,9.15711714327114,8.076595067245616,22.77158228803279,33.09632825253093,19.898614622180094,9.157117143271137,8.076595067245618
Schnee,197,SIGNAL4D_EXT_ARM_BA_V4,False,39.404047000251275,7.1279791886313895,8.524526543004876,30.347835728927453,37.5122879353843,27.07339275971879,7.1279791886313895,8.524526543004878
Schnee,199,SIGNAL4D_EXT_ARM_BA_V4,False,36.11768227021104,6.613747957792722,7.956043246891055,27.996885520795217,37.31882823129754,24.78906200452971,6.613747957792721,7.956043246891054
Schnee,201,SIGNAL4D_EXT_ARM_BA_V4,False,32.70751317436966,6.098271090335116,6.841341224818825,23.479846830013507,36.34862682415892,20.533295998542044,6.098271090335115,6.841341224818825
Schnee,203,SIGNAL4D_EXT_ARM_BA_V4,False,31.965021126635005,6.13449851343194,7.931601039340299,21.6563434759722,30.653787665039264,19.082226847763767,6.1344985134319385,7.931601039340295
Schnee,205,SIGNAL4D_EXT_ARM_BA_V4,False,34.44906541926076,6.6616659139909,7.542394173148011,23.856046164589884,31.83395521404316,21.246723469476997,6.661665913990896,7.542394173148011
Schnee,207,SIGNAL4D_EXT_ARM_BA_V4,False,34.73696172995133,9.163763776333079,6.968174324072819,19.888402798144586,30.588499810932856,17.280321742575666,9.16376377633308,6.96817432407282
Schnee,209,SIGNAL4D_EXT_ARM_BA_V4,False,36.21823964605229,9.88839784127276,7.260744473691596,24.140862092118816,34.99700544149865,21.115585228071772,9.888397841272758,7.260744473691599
Schnee,211,SIGNAL4D_EXT_ARM_BA_V4,False,37.854040589954565,7.211074989360597,7.170550414846987,23.673324492974505,33.94840141694189,20.733735813054242,7.211074989360597,7.170550414846986
Schnee,213,SIGNAL4D_EXT_ARM_BA_V4,False,39.62991902650958,7.994375771212857,8.331881422572279,22.100080745764842,33.2389587300717,19.14509914271379,7.994375771212859,8.33188142257228
Schnee,215,SIGNAL4D_EXT_ARM_BA_V4,False,35.96799300675203,8.423002632389398,8.236691305922617,24.962329567625783,35.63975359823968,21.744540048449913,8.4230026323894,8.236691305922616
Schnee,217,SIGNAL4D_EXT_ARM_BA_V4,False,36.65771995523015,8.352484521003419,7.193922116046942,27.13885673734287,36.665520716934985,23.914929888240348,8.352484521003419,7.193922116046944
Schnee,219,SIGNAL4D_EXT_ARM_BA_V4,False,39.52708645048994,7.831442973523296,7.9120827597620895,29.295079067777117,39.89790327242006,25.824433955443684,7.831442973523296,7.912082759762091
Schnee,221,SIGNAL4D_EXT_ARM_BA_V4,False,39.44022863140239,7.897403859441805,6.773854317534131,32.60677865072248,41.86980431259407,29.017904959264456,7.897403859441805,6.773854317534134
Schnee,223,SIGNAL4D_EXT_ARM_BA_V4,False,33.25612905103377,8.002554894696122,7.643276024572249,25.03472879257006,38.4075160037715,21.702501618251794,8.002554894696123,7.643276024572247
Schnee,225,SIGNAL4D_EXT_ARM_BA_V4,False,37.321855904433896,7.759707996423839,7.715055602286075,27.114321121678852,41.5768153972061,23.476508306469018,7.759707996423839,7.715055602286077
Schnee,227,SIGNAL4D_EXT_ARM_BA_V4,False,34.81103775873024,8.087435601301125,8.579475633308281,26.049489290513836,38.27363591335996,22.600591942001227,8.087435601301124,8.579475633308281
Schnee,229,SIGNAL4D_EXT_ARM_BA_V4,False,34.18679133841658,9.266405135801287,8.762516551251515,24.579867861677993,35.593368132815655,21.31091153296982,9.26640513580129,8.762516551251515
Schnee,231,SIGNAL4D_EXT_ARM_BA_V4,False,37.65839001921666,8.523254385789311,8.68896514695082,33.576250186600426,39.78110264867052,30.200372479099336,8.523254385789311,8.688965146950817
Schnee,233,SIGNAL4D_EXT_ARM_BA_V4,False,39.13278873038264,7.299511697209216,9.286492649208355,32.2619006607242,41.917116154443306,28.440101968095867,7.2995116972092156,9.286492649208355
Schnee,235,SIGNAL4D_EXT_ARM_BA_V4,False,43.61566972602683,12.107068244070016,14.212251601613264,37.55611514907419,49.05212702724912,33.322666550716114,12.107068244070016,14.212251601613264
Schnee,237,SIGNAL4D_EXT_ARM_BA_V4,False,45.67935055345756,14.353062295181536,13.716811587606852,43.4720443411072,48.91352234523792,39.29929758321047,14.353062295181536,13.716811587606852
Schnee,239,SIGNAL4D_EXT_ARM_BA_V4,False,44.102252971365814,18.139789918486017,14.579227091503553,42.62839623083225,50.17225816728697,38.45646457911003,18.139789918486017,14.579227091503556
Schnee,241,SIGNAL4D_EXT_ARM_BA_V4,False,48.170298079753884,21.01988886272152,27.452267132281612,47.30702716283602,60.20395522140014,42.00328394754344,21.019888862721523,27.452267132281612
Schnee,243,SIGNAL4D_EXT_ARM_BA_V4,False,50.42545594341001,19.55650573431793,38.83268550194216,51.87460360914766,61.47217679378106,46.567311521433126,19.55650573431793,38.83268550194216
Schreiben,121,SIGNAL4D_EXT_ARM_BA_V4,False,42.395815311223416,14.641931304344729,8.803199254268497,23.637505970726096,35.26599691018589,20.72768283152785,14.641931304344729,8.803199254268497
Schreiben,123,SIGNAL4D_EXT_ARM_BA_V4,False,46.08203305858701,14.150157524959052,8.468488341952158,25.181839728861352,36.87434016959086,22.036672042925517,14.150157524959052,8.468488341952158
Schreiben,125,SIGNAL4D_EXT_ARM_BA_V4,False,39.34109738833316,12.141536677884558,9.992681274355867,22.595065229708144,35.60795206692805,19.7419621336784,12.14153667788456,9.992681274355865
Schreiben,127,SIGNAL4D_EXT_ARM_BA_V4,False,43.43762888525095,11.861839651102656,10.098151687241133,22.044106934945273,33.84830482164696,19.251013938893262,11.861839651102656,10.098151687241133
Schreiben,129,SIGNAL4D_EXT_ARM_BA_V4,False,47.47869541212913,12.580386805765208,10.64995153315479,23.314714964802988,33.64680560214963,20.460268163572024,12.580386805765205,10.649951533154786
Schreiben,131,SIGNAL4D_EXT_ARM_BA_V4,False,48.14240271649753,12.76228493627961,9.978947453719035,24.52910475533354,37.07014746361941,21.313889827042004,12.762284936279615,9.978947453719035
Schreiben,133,SIGNAL4D_EXT_ARM_BA_V4,False,46.846268119198015,13.586924458264942,10.587436425560629,22.70736753484015,35.907016371337164,19.66250526762788,13.586924458264942,10.587436425560629
Schreiben,135,SIGNAL4D_EXT_ARM_BA_V4,False,49.704914299435636,12.607271748594576,10.302890741657029,23.638549294180628,34.7614988984003,20.631269369279153,12.607271748594576,10.302890741657029
Schreiben,137,SIGNAL4D_EXT_ARM_BA_V4,False,50.223825570082894,13.978778880325809,10.020311046123316,23.193494609044723,34.13691753719036,20.218584750740987,13.978778880325809,10.020311046123314
Schreiben,139,SIGNAL4D_EXT_ARM_BA_V4,False,44.31287392621018,14.26688425814157,9.590612263594675,22.888992047820857,34.12305389536209,20.2123741168202,14.26688425814157,9.590612263594675
Schreiben,141,SIGNAL4D_EXT_ARM_BA_V4,False,46.837558259020746,14.325795001075628,9.236026571704265,23.890449798887882,35.50519072667111,20.793900818670846,14.325795001075628,9.236026571704263
Schreiben,143,SIGNAL4D_EXT_ARM_BA_V4,False,41.65994101485774,14.742269561883639,10.70147984513695,24.673668703912902,35.32910694508433,21.813705130013368,14.742269561883639,10.701479845136951
Schreiben,145,SIGNAL4D_EXT_ARM_BA_V4,False,43.902503386573265,15.530954979245548,8.997242219223269,23.633481118708804,34.86583451311424,20.785736199987053,15.530954979245548,8.997242219223269
Schreiben,147,SIGNAL4D_EXT_ARM_BA_V4,False,42.346149310940696,15.032126767523373,8.895637172428986,24.05837601606077,35.23839143527127,21.088815201277676,15.032126767523373,8.895637172428986
Schreiben,149,SIGNAL4D_EXT_ARM_BA_V4,False,43.83812151423724,14.086201334998849,9.224100310337446,24.800466377951626,36.5647676525829,21.63892674896014,14.086201334998849,9.224100310337446
Schreiben,151,SIGNAL4D_EXT_ARM_BA_V4,False,44.64121299081072,14.200394772072546,9.19875802328397,24.071509846715003,36.391767005755504,20.934533192175078,14.200394772072542,9.198758023283968
Schreiben,153,SIGNAL4D_EXT_ARM_BA_V4,False,45.471934589388304,14.760799213254183,10.355452949222279,22.308749439455983,33.77041393265535,19.205705572480692,14.760799213254183,10.35545294922228
Schreiben,155,SIGNAL4D_EXT_ARM_BA_V4,False,45.74124122199046,14.642394922485309,10.582453959364878,23.77096975057765,35.571449953804944,20.670609219433395,14.64239492248531,10.582453959364875
Schreiben,157,SIGNAL4D_EXT_ARM_BA_V4,False,45.767630169340805,14.112184855527223,9.228278900576122,24.13481103652298,36.05175317441709,20.968664514624358,14.11218485552722,9.228278900576118
Schreiben,159,SIGNAL4D_EXT_ARM_BA_V4,False,45.59434772405287,13.508190331624071,10.212559068193471,27.850685474457315,38.94934171685276,24.465162058546564,13.508190331624073,10.212559068193471
Schreiben,161,SIGNAL4D_EXT_ARM_BA_V4,False,45.74702038758841,13.250466117270609,8.507511587517966,27.24832597584286,39.03116765964487,23.965920540310595,13.250466117270603,8.507511587517966
Schreiben,163,SIGNAL4D_EXT_ARM_BA_V4,False,45.33265982359184,14.282180235863658,8.034793010031775,32.991180557100904,36.12304022577977,29.97821009220913,14.282180235863658,8.034793010031779
Schreiben,165,SIGNAL4D_EXT_ARM_BA_V4,False,40.72403285511081,14.849806788015265,9.566690499310857,23.567493270167954,35.250576307293066,20.617338509771518,14.849806788015265,9.566690499310855
Schreiben,167,SIGNAL4D_EXT_ARM_BA_V4,False,43.96629492324961,14.709958134003216,8.649736914146802,23.825686409399356,34.35229614509531,20.744495753194183,14.709958134003216,8.6497369141468
Schreiben,169,SIGNAL4D_EXT_ARM_BA_V4,False,43.49678900358199,14.853409248019467,8.735167290627027,24.07551892890642,35.16280666915468,20.87849306271529,14.853409248019469,8.735167290627023
Schreiben,171,SIGNAL4D_EXT_ARM_BA_V4,False,46.90726626261781,14.765121775428705,8.617184597270862,23.65263171640552,34.385060356996185,20.520494113874904,14.765121775428705,8.617184597270862
Schreiben,173,SIGNAL4D_EXT_ARM_BA_V4,False,44.537880836976946,14.066780046624503,8.784300894041113,23.910500172144555,36.1593573318931,20.597435310985723,14.066780046624503,8.784300894041113
Schreiben,175,SIGNAL4D_EXT_ARM_BA_V4,False,45.42429268200948,14.441047724627733,8.399188539349902,24.728185220617878,38.136276696978726,21.169250483560347,14.441047724627733,8.399188539349902
Schreiben,177,SIGNAL4D_EXT_ARM_BA_V4,False,41.7567934303513,14.406910389834653,10.015532386204583,25.53650394436897,39.60783608882164,22.1197386233455,14.40691038983465,10.015532386204585
Schreiben,179,SIGNAL4D_EXT_ARM_BA_V4,False,44.00654487860798,14.134954683906079,8.427247001843773,27.31415564410561,42.40958519724924,23.361161769860054,14.134954683906075,8.427247001843773
Schreiben,181,SIGNAL4D_EXT_ARM_BA_V4,False,43.039607708680265,13.325531651843173,8.082730518451939,27.809021564593202,41.45917537733834,24.139776272556215,13.325531651843175,8.082730518451937
Schreiben,183,SIGNAL4D_EXT_ARM_BA_V4,False,39.53121966199144,12.88256332822082,7.8098036798128705,28.873350554783737,41.32346031658996,25.201815151675873,12.88256332822082,7.80980367981287
Schreiben,185,SIGNAL4D_EXT_ARM_BA_V4,False,38.5801233753284,13.799592430740987,8.129973639496027,29.616757474641684,42.39398648768572,25.7900644379357,13.799592430740987,8.129973639496027
Schreiben,187,SIGNAL4D_EXT_ARM_BA_V4,False,38.34376865051271,13.792226543547802,8.39493672950568,29.122488833582167,44.159466117565,25.103290291464578,13.792226543547804,8.394936729505678
Schreiben,189,SIGNAL4D_EXT_ARM_BA_V4,False,40.5467667006333,14.239164281494185,7.695561386719741,27.946415686877064,41.83177709066448,24.07892524695161,14.23916428149418,7.695561386719742
Schreiben,191,SIGNAL4D_EXT_ARM_BA_V4,False,42.34355026313329,14.12699221207354,8.063073918918027,28.091950743491726,44.256746250388545,23.813073884499644,14.126992212073542,8.063073918918029
Schreiben,193,SIGNAL4D_EXT_ARM_BA_V4,False,37.55716938461464,14.154907526208186,8.2618306259826,27.784513594077758,41.993985615013635,23.996977981213536,14.154907526208186,8.261830625982597
Schreiben,195,SIGNAL4D_EXT_ARM_BA_V4,False,39.46324330518914,14.569215030554268,8.088496087539706,31.541618265609415,44.773266619600626,27.434240005926195,14.569215030554268,8.088496087539705
Schreiben,197,SIGNAL4D_EXT_ARM_BA_V4,False,41.96691684561011,14.516510587653292,8.239813886313803,27.910289842763543,44.252679208296186,23.663246368305042,14.516510587653292,8.239813886313803
Schreiben,199,SIGNAL4D_EXT_ARM_BA_V4,False,43.41275857854327,13.840593211681082,7.9974820964409945,29.306926692167956,46.3212600390488,24.827409631325708,13.84059321168108,7.9974820964409945
Schreiben,201,SIGNAL4D_EXT_ARM_BA_V4,False,42.33258092933559,13.782701756485988,8.535362927220092,27.64750730932484,43.34700380148981,23.656991838523222,13.78270175648599,8.535362927220092
Schreiben,203,SIGNAL4D_EXT_ARM_BA_V4,False,42.70382070195782,13.646547400810446,11.128027957621969,26.928466729951275,42.06343737114616,22.897475991661363,13.64654740081045,11.128027957621969
Schreiben,205,SIGNAL4D_EXT_ARM_BA_V4,False,42.36137587161089,13.656918282235637,8.669995495683088,28.206800604155617,44.35784879840437,23.983261370061765,13.656918282235637,8.66999549568309
Schreiben,207,SIGNAL4D_EXT_ARM_BA_V4,False,41.09382656620936,13.42776817770926,8.702097445175639,27.122456924422625,42.48279309239189,23.139198965628957,13.427768177709257,8.70209744517564
Schwach,138,SIGNAL4D_EXT_ARM_BA_V4,False,37.01156483673106,6.146328863289232,6.377665730369027,25.35774758913998,32.74485899617008,22.821280818498572,6.1463288632892334,6.377665730369026
Schwach,140,SIGNAL4D_EXT_ARM_BA_V4,False,37.50181998132133,6.038309807133837,6.057949328686824,25.597893310206125,33.869177161318504,22.991717214033432,6.038309807133838,6.0579493286868225
Schwach,142,SIGNAL4D_EXT_ARM_BA_V4,False,37.71578421911842,5.887770885752924,5.960124874599534,24.387182028815523,34.567486854765484,21.550869070154803,5.887770885752925,5.960124874599531
Schwach,144,SIGNAL4D_EXT_ARM_BA_V4,False,36.63779951259492,6.594142012073159,6.377783920034146,22.856182806129844,30.836561000738474,20.275547800251363,6.594142012073159,6.377783920034148
Schwach,146,SIGNAL4D_EXT_ARM_BA_V4,False,36.894604254623175,6.812674147283583,6.579817574954099,23.042554791800246,28.16664296313756,20.70427769103032,6.812674147283581,6.579817574954099
Schwach,148,SIGNAL4D_EXT_ARM_BA_V4,False,40.04668631614563,6.5170583776945685,6.021473214203335,20.265767570353386,29.952017684412528,17.808260819775068,6.5170583776945685,6.021473214203335
Schwach,150,SIGNAL4D_EXT_ARM_BA_V4,False,42.4873150833465,7.697492502412998,5.9662501731387145,25.708451981417237,35.03886342128753,22.23176848323901,7.697492502412997,5.9662501731387145
Schwach,152,SIGNAL4D_EXT_ARM_BA_V4,False,50.73310380981766,12.458353352742158,8.179846359972766,49.2630601079929,64.53516474301614,43.558992508469366,12.458353352742158,8.179846359972766
Schwach,154,SIGNAL4D_EXT_ARM_BA_V4,False,59.2088409844879,12.941072909902275,14.087128477156615,55.45225120659566,60.30311714421979,50.12268803725444,12.941072909902275,14.087128477156615
Schwach,156,SIGNAL4D_EXT_ARM_BA_V4,False,53.08570688329965,16.235438378619868,13.843924121225717,52.62403708332773,54.287329878999316,47.8687534030681,16.235438378619875,13.843924121225715
Schwach,158,SIGNAL4D_EXT_ARM_BA_V4,False,56.567502580284724,22.118067921988924,12.158336018280925,52.96153971473665,57.16653789688305,47.96642033000055,22.118067921988924,12.15833601828093
Schwach,160,SIGNAL4D_EXT_ARM_BA_V4,False,52.75765658460368,24.50852688493605,9.241661305455862,53.49534292434137,55.03611181348168,48.9497950592325,24.508526884936053,9.24166130545586
Schwach,162,SIGNAL4D_EXT_ARM_BA_V4,False,55.952701586998685,23.582867682876255,7.838347065330323,54.963687335183586,55.10075404595198,50.446745800826136,23.58286768287625,7.838347065330323
Schwach,164,SIGNAL4D_EXT_ARM_BA_V4,False,58.23836734785757,12.569939688507713,13.968979809666086,57.7423656214594,58.201447508947936,52.84499966173059,12.569939688507711,13.968979809666086
Schwach,166,SIGNAL4D_EXT_ARM_BA_V4,False,61.17022094563251,14.760286764111118,14.189470464550851,60.31139590360537,60.272167181045894,55.44719855323835,14.760286764111118,14.189470464550848
Schwach,168,SIGNAL4D_EXT_ARM_BA_V4,False,64.27099099041601,14.769781320090775,14.177637186641025,64.62655919912403,65.58655767947201,59.19032563038546,14.769781320090775,14.177637186641023
Schwach,170,SIGNAL4D_EXT_ARM_BA_V4,False,63.718877640638745,13.220494326463882,10.614055679098932,61.60320822479674,65.35392462788812,55.97601251430391,13.22049432646388,10.614055679098932
Schwach,172,SIGNAL4D_EXT_ARM_BA_V4,False,49.29946868979473,10.561010359854016,9.580880969159866,48.44903861860175,54.53541516560802,44.0243998278802,10.561010359854013,9.580880969159868
Schwach,174,SIGNAL4D_EXT_ARM_BA_V4,False,46.383091804120504,8.318135220100332,8.658982339607592,46.46718461541512,61.079367977667424,40.96235183721658,8.318135220100332,8.658982339607592
Schwach,176,SIGNAL4D_EXT_ARM_BA_V4,False,45.7970445283162,8.313702129767153,8.858390602566569,46.68680076471215,61.24960428852384,41.11359137231667,8.313702129767151,8.858390602566569
Schwach,178,SIGNAL4D_EXT_ARM_BA_V4,False,47.94249251747887,9.70585766366563,8.616296382104526,47.794806675607795,55.21799510016179,43.32625850581908,9.70585766366563,8.616296382104526
Schwach,180,SIGNAL4D_EXT_ARM_BA_V4,False,48.091320355597624,10.072065516686092,8.503359803781542,50.28325370988685,65.38163038111385,44.356924310178044,10.07206551668609,8.503359803781542
Schwach,182,SIGNAL4D_EXT_ARM_BA_V4,False,51.69737274694535,11.355052839350988,8.715212385339727,54.59709269277696,66.67237238290117,48.94644387949831,11.355052839350993,8.715212385339727
Schwach,184,SIGNAL4D_EXT_ARM_BA_V4,False,50.84534879246252,12.566379680280113,8.810761027531349,53.0686664745639,65.06694973079148,47.54152525048904,12.566379680280113,8.810761027531349
Schwach,186,SIGNAL4D_EXT_ARM_BA_V4,False,51.01185982644761,12.941271385899755,9.437281006658468,53.34665763296458,63.750888078107224,48.07109026550414,12.94127138589975,9.437281006658466
Schwer,157,SIGNAL4D_EXT_ARM_BA_V4,False,55.08045879042775,13.071072311451816,15.670412779055857,55.56695006292725,58.25367436755698,50.5820360006861,13.071072311451818,15.670412779055857
Schwer,159,SIGNAL4D_EXT_ARM_BA_V4,False,51.308170822851835,16.515538373513838,16.327608793636198,50.20408113722035,54.21747047243157,45.62131840744311,16.515538373513838,16.327608793636195
Schwer,161,SIGNAL4D_EXT_ARM_BA_V4,False,51.34057919965729,33.256800891556956,16.415081522007153,38.09863934674952,55.303059979047305,33.26562467965342,33.256800891556956,16.415081522007153
Schwer,163,SIGNAL4D_EXT_ARM_BA_V4,False,49.00832856260394,14.135366717800695,17.257549296906987,42.412342722908015,53.28897804936115,37.69674835171572,14.135366717800695,17.25754929690699
Schwer,165,SIGNAL4D_EXT_ARM_BA_V4,False,47.036083046890575,13.47580397928815,18.46426765034582,44.185687881682775,52.87572837388814,39.4726057483647,13.475803979288145,18.46426765034582
Schwer,167,SIGNAL4D_EXT_ARM_BA_V4,False,47.42020626136697,13.602912898450285,19.348553289091136,43.42588421730163,53.550703803282424,38.598711305680105,13.602912898450285,19.348553289091136
Schwer,169,SIGNAL4D_EXT_ARM_BA_V4,False,44.18361074422396,13.31983974689561,12.9276167093247,39.92677895091427,49.878228651188145,35.34210265254013,13.319839746895608,12.9276167093247
Schwer,171,SIGNAL4D_EXT_ARM_BA_V4,False,56.970019233638276,12.498633501564731,13.784440616217474,58.050165028707376,66.48873195891179,51.90041524955044,12.498633501564733,13.784440616217479
Schwer,173,SIGNAL4D_EXT_ARM_BA_V4,False,50.39396487746155,12.659192853359277,13.454006413195932,47.04272610081468,57.16204264770138,41.73186701192131,12.659192853359277,13.454006413195934
Schwer,175,SIGNAL4D_EXT_ARM_BA_V4,False,44.57185096056267,9.258555956839967,13.748931882261347,27.736458335012514,41.84581305181141,23.74728516919531,9.258555956839968,13.748931882261349
Schwer,177,SIGNAL4D_EXT_ARM_BA_V4,False,45.265223225400824,10.103654176031249,12.907470480366174,23.52974008399735,38.47615164846873,20.33190540000513,10.10365417603125,12.90747048036617
Schwer,179,SIGNAL4D_EXT_ARM_BA_V4,False,46.34837481084263,10.727421236908041,13.04903416010265,26.2575637345125,38.38359012974312,23.63273649341819,10.727421236908041,13.049034160102652
Schwer,181,SIGNAL4D_EXT_ARM_BA_V4,False,46.74597728260328,11.617629188437052,13.517786552250755,25.644018073636513,38.79352168644306,23.27298209389686,11.617629188437055,13.517786552250758
Schwer,183,SIGNAL4D_EXT_ARM_BA_V4,False,38.68693687629414,12.995795365216383,14.685269520786212,26.14464239012286,35.69008670862954,23.460123425052856,12.995795365216383,14.685269520786216
Schwer,185,SIGNAL4D_EXT_ARM_BA_V4,False,43.654970019347566,12.867452524776184,15.9105344186562,25.811746224822475,35.487662229036964,23.053860760472823,12.867452524776184,15.910534418656198
Schwer,187,SIGNAL4D_EXT_ARM_BA_V4,False,36.51812510561528,13.268011428951096,15.815052971344222,25.8942975740837,35.6708073624133,23.101260744617893,13.268011428951096,15.815052971344226
Schwer,189,SIGNAL4D_EXT_ARM_BA_V4,False,39.76989466659561,12.93546062365998,16.052509271757316,23.681355950876792,33.95328095298493,21.639580788147423,12.935460623659976,16.052509271757312
Schwer,191,SIGNAL4D_EXT_ARM_BA_V4,False,37.35002835184475,13.123577506350045,15.928372301768045,25.684458931229255,35.01490276901405,22.99927750627703,13.123577506350047,15.928372301768045
Schwer,193,SIGNAL4D_EXT_ARM_BA_V4,False,39.91922184363046,13.647656093434875,15.815914160953563,24.98066474383405,34.311464248811795,22.797227233194402,13.647656093434877,15.815914160953563
Schwer,195,SIGNAL4D_EXT_ARM_BA_V4,False,36.77397884642155,12.796777064232208,15.92420893497288,25.12236030065174,34.99299764214345,22.49691766091833,12.79677706423221,15.924208934972876
Schwer,197,SIGNAL4D_EXT_ARM_BA_V4,False,40.085755886436196,13.114854683859463,16.00205683324251,25.617188819306296,34.84302515186358,23.495634943661198,13.11485468385946,16.002056833242506
Sonne,148,SIGNAL4D_EXT_ARM_BA_V4,True,36.699160531009404,,10.65562111876469,25.927984619149036,39.57721082300178,22.131447117472838,,10.655621118764689
Sonne,150,SIGNAL4D_EXT_ARM_BA_V4,True,37.611975019546456,,11.843934669913224,27.21410556930853,41.97202908951183,23.594323414592385,,11.843934669913224
Sonne,152,SIGNAL4D_EXT_ARM_BA_V4,True,42.52862341688533,,12.54955190193921,32.85772159768934,49.007162568595106,28.456583162340696,,12.549551901939212
Sonne,154,SIGNAL4D_EXT_ARM_BA_V4,True,35.06437633342603,,12.300548239649268,25.928515470541072,38.17361987653298,22.19191342477675,,12.300548239649268
Sonne,156,SIGNAL4D_EXT_ARM_BA_V4,True,32.537885581043774,,12.343719667126674,25.219622762337124,37.2500908894995,21.59010064163028,,12.343719667126674
Sonne,158,SIGNAL4D_EXT_ARM_BA_V4,True,36.47789815449723,,10.732313565667301,27.15247383377551,41.034737410362524,23.78453496666214,,10.7323135656673
Sonne,160,SIGNAL4D_EXT_ARM_BA_V4,True,36.540868858859206,,8.99137027901872,25.825561780640648,37.45605489622379,22.56679960338302,,8.99137027901872
Sonne,162,SIGNAL4D_EXT_ARM_BA_V4,True,38.4138658417986,,14.867513797529126,24.553310679714528,38.35291849516741,21.33220754516644,,14.867513797529128
Sonne,164,SIGNAL4D_EXT_ARM_BA_V4,True,33.76712716027462,,12.683133561623926,23.772181896512347,34.89553748346305,20.33906541056117,,12.683133561623926
Sonne,166,SIGNAL4D_EXT_ARM_BA_V4,True,33.03076246710968,,14.189192986182805,25.08577389598109,36.78756178619866,21.637069462336445,,14.189192986182805
Sonne,168,SIGNAL4D_EXT_ARM_BA_V4,True,32.86179790123088,,13.787229456180153,27.07696814339751,40.993191697811184,23.39598521984938,,13.787229456180153
Sonne,170,SIGNAL4D_EXT_ARM_BA_V4,True,33.52779769782435,,15.93185346433133,26.318129244610258,39.461745491179045,22.809991665840204,,15.93185346433133
Sonne,172,SIGNAL4D_EXT_ARM_BA_V4,True,31.232804954226193,,16.240076865770053,24.57978161760757,37.529635613407265,21.235688449552693,,16.240076865770057
Sonne,174,SIGNAL4D_EXT_ARM_BA_V4,True,31.087524848681408,,14.973994344996573,23.01421386150524,34.53951953114344,19.792208116086467,,14.973994344996573
Sonne,176,SIGNAL4D_EXT_ARM_BA_V4,True,31.54211429911146,,15.798153195443549,22.407896369596774,33.98453861629162,19.182074885272794,,15.798153195443549
Sonne,178,SIGNAL4D_EXT_ARM_BA_V4,True,31.591871175412,,15.190967163205888,22.24400181931951,33.64318711581286,19.04710300774423,,15.19096716320589
Sonne,180,SIGNAL4D_EXT_ARM_BA_V4,True,31.255669937997595,,15.11751388372613,22.263133541039622,33.91726767334907,19.051991273426214,,15.117513883726131
Sonne,182,SIGNAL4D_EXT_ARM_BA_V4,True,32.46716504159555,,15.235331940197243,22.329705754076777,33.92398084041191,19.088318216920136,,15.235331940197243
Sonne,184,SIGNAL4D_EXT_ARM_BA_V4,True,30.954805546981806,,16.064124599778847,22.28932049927456,34.211002538958155,18.924241486690978,,16.06412459977884
Sonne,186,SIGNAL4D_EXT_ARM_BA_V4,True,30.15433560953133,,16.570153563133744,22.26122640220765,34.09792143380141,18.975395460297218,,16.57015356313374
Sonne,188,SIGNAL4D_EXT_ARM_BA_V4,True,31.773124796167654,,15.650307833047613,23.353978835811954,35.819022974494956,20.08608265435309,,15.650307833047606
Sonne,190,SIGNAL4D_EXT_ARM_BA_V4,True,31.079409583126868,,15.653831703097046,23.219208534191015,35.576750678289436,19.793300568830087,,15.653831703097042
Sonne,192,SIGNAL4D_EXT_ARM_BA_V4,True,32.168406018057475,,17.051382240408646,24.802572138944896,38.384179309596696,21.17910416369187,,17.05138224040865
Sonne,194,SIGNAL4D_EXT_ARM_BA_V4,True,32.91391852403753,,16.01440626604762,23.253268081144274,35.39038438077702,19.84266096057231,,16.014406266047615
Sonne,196,SIGNAL4D_EXT_ARM_BA_V4,True,30.901133819200748,,16.543674355342354,23.29559582870695,35.66155166987476,19.690775348197946,,16.54367435534235
Sorry,144,SIGNAL4D_EXT_ARM_BA_V4,True,51.44929191413041,,17.646723644587976,38.675579914490335,47.73295978780657,34.55481728351784,,17.646723644587976
Sorry,146,SIGNAL4D_EXT_ARM_BA_V4,True,46.003252012486605,,17.997351945146697,36.54978228538141,46.7665788843305,32.46229015958044,,17.997351945146697
Sorry,148,SIGNAL4D_EXT_ARM_BA_V4,True,45.310838494369236,,18.49776649177731,36.17559618706473,47.114590856485336,31.990384576977615,,18.49776649177731
Sorry,150,SIGNAL4D_EXT_ARM_BA_V4,True,50.20544060753032,,19.938464631565257,38.24525808641018,47.37471647922415,33.84239307600992,,19.938464631565253
Sorry,152,SIGNAL4D_EXT_ARM_BA_V4,True,48.9206098316102,,19.694760019520967,38.7301674776854,47.80059287096764,34.17924721395385,,19.694760019520967
Sorry,154,SIGNAL4D_EXT_ARM_BA_V4,True,53.843150463610776,,15.753054835228458,40.24070389815014,47.22042860215362,36.14060498692163,,15.753054835228458
Sorry,156,SIGNAL4D_EXT_ARM_BA_V4,True,45.4295512473216,,13.547102503539152,34.87748098392933,45.54051438024913,30.717758112386303,,13.547102503539152
Sorry,158,SIGNAL4D_EXT_ARM_BA_V4,True,48.90992791326606,,14.06970088827077,36.962529418023834,45.06047375802617,33.190410690284985,,14.06970088827077
Sorry,160,SIGNAL4D_EXT_ARM_BA_V4,True,50.20054559439978,,13.788407700705974,38.146334832334304,44.70186527558778,34.59963560277306,,13.788407700705976
Sorry,162,SIGNAL4D_EXT_ARM_BA_V4,True,43.452501659250444,,13.35635378228715,33.72529706329693,42.896841210015104,30.034913193562748,,13.35635378228715
Sorry,164,SIGNAL4D_EXT_ARM_BA_V4,True,49.968063232288976,,16.210193162864382,35.93991638721851,44.898185004812184,32.12872540667898,,16.210193162864382
Sorry,166,SIGNAL4D_EXT_ARM_BA_V4,True,48.36665396264469,,15.350291258128804,39.40149571362252,48.251011068487095,35.09277662048174,,15.350291258128804
Sorry,168,SIGNAL4D_EXT_ARM_BA_V4,True,54.095220712590745,,15.938804504286548,43.927428188408435,53.1722997924328,39.63003081627407,,15.938804504286548
Sorry,170,SIGNAL4D_EXT_ARM_BA_V4,True,46.67729091126185,,13.131571208510014,40.008984891468806,49.967555143757394,35.61534108766736,,13.131571208510014
Sorry,172,SIGNAL4D_EXT_ARM_BA_V4,True,49.64201713266069,,12.192257486531924,40.1617600213441,48.71541882050314,36.02873968537414,,12.192257486531924
Sorry,174,SIGNAL4D_EXT_ARM_BA_V4,True,52.71462347639442,,14.671721652703184,42.77822033989072,51.59461112040664,38.58147350648334,,14.671721652703184
Sorry,176,SIGNAL4D_EXT_ARM_BA_V4,True,44.379734108308114,,14.942106326903481,36.50421313275379,47.14610070006975,32.23231174173746,,14.942106326903481
Sorry,178,SIGNAL4D_EXT_ARM_BA_V4,True,44.7279912586716,,14.670134116304423,35.601834890810856,44.85140723535208,31.47853433220168,,14.670134116304423
Sorry,180,SIGNAL4D_EXT_ARM_BA_V4,True,46.05108147954257,,13.355706181657027,38.26616674366273,47.23985258322095,34.00538091572967,,13.355706181657029
Sorry,182,SIGNAL4D_EXT_ARM_BA_V4,True,51.107252428682266,,14.397763498870768,40.212007731412434,49.80446764789001,35.99658039597324,,14.397763498870768
Sorry,184,SIGNAL4D_EXT_ARM_BA_V4,True,44.89492022067955,,13.631955294561756,35.63681460569657,45.445760831866124,31.570009445651117,,13.631955294561756
Sorry,186,SIGNAL4D_EXT_ARM_BA_V4,True,56.110337615970415,,14.260346631692624,44.20614878994411,56.25446333572237,39.290410876496026,,14.260346631692624
Sorry,188,SIGNAL4D_EXT_ARM_BA_V4,True,56.596712063935435,,14.048877442224393,44.69034982432812,56.8570496075161,39.76466370175399,,14.048877442224391
Sorry,190,SIGNAL4D_EXT_ARM_BA_V4,True,53.09917975434021,,13.605086863743722,38.756359359785435,52.66959950892114,34.206012057535055,,13.605086863743727
Sorry,192,SIGNAL4D_EXT_ARM_BA_V4,True,54.22166020308663,,13.972531388425935,38.71487496793508,53.454972413280906,34.09754494992189,,13.972531388425931
Sorry,194,SIGNAL4D_EXT_ARM_BA_V4,True,41.81355406784707,,19.99233526772956,33.92056508867464,49.5281713128378,29.383400336442694,,19.992335267729562
SparenSparsam,133,SIGNAL4D_EXT_ARM_BA_V4,False,44.9316063068361,17.16467805994646,11.52413753763463,25.101346671292767,38.25136145368622,22.721574600374417,17.16467805994646,11.52413753763463
SparenSparsam,135,SIGNAL4D_EXT_ARM_BA_V4,False,51.45540384772397,19.31437725209699,11.133396989289073,26.766406002573472,40.26136977576707,24.046187181196565,19.314377252096985,11.133396989289073
SparenSparsam,137,SIGNAL4D_EXT_ARM_BA_V4,False,44.14976748393806,17.85541828534143,10.907575097494018,23.699088855282408,36.34136287070753,21.35337122044443,17.85541828534143,10.907575097494018
SparenSparsam,139,SIGNAL4D_EXT_ARM_BA_V4,False,41.716351220705334,16.674342440201933,10.081985283369013,23.132002101899964,35.201385238960114,20.927517456064095,16.674342440201933,10.081985283369013
SparenSparsam,141,SIGNAL4D_EXT_ARM_BA_V4,False,38.092986414601874,15.65478761046291,10.095924375659575,25.09441792726076,34.08570770007104,22.58409695009843,15.65478761046291,10.095924375659575
SparenSparsam,143,SIGNAL4D_EXT_ARM_BA_V4,False,38.303204044427325,15.754561684440745,11.661106839051987,24.085151255333145,34.06996051726717,21.554907941344535,15.754561684440745,11.661106839051987
SparenSparsam,145,SIGNAL4D_EXT_ARM_BA_V4,False,37.890398128818,17.408004402214004,11.828232671225152,27.70450196351726,35.634174326458485,24.69104914144071,17.408004402214004,11.828232671225152
SparenSparsam,147,SIGNAL4D_EXT_ARM_BA_V4,False,36.410008275639754,17.966105673149933,12.031983965651904,24.857432924163263,36.29525068969785,21.998946096335214,17.966105673149933,12.031983965651902
SparenSparsam,149,SIGNAL4D_EXT_ARM_BA_V4,False,38.32879600207902,16.086900783301143,12.462721647576911,25.407632528367774,36.04136069751039,22.56946275664267,16.08690078330114,12.462721647576911
SparenSparsam,151,SIGNAL4D_EXT_ARM_BA_V4,False,38.515186388756014,16.251588794054495,11.912392773850845,24.76743776259327,35.76478764991128,22.044710771732746,16.25158879405449,11.91239277385084
SparenSparsam,153,SIGNAL4D_EXT_ARM_BA_V4,False,38.35739323691491,17.062330985658374,11.406686694031103,27.263812997528206,35.8975801488373,24.396596442493948,17.062330985658374,11.406686694031103
SparenSparsam,155,SIGNAL4D_EXT_ARM_BA_V4,False,36.8931533644893,16.971448941986377,11.040120172237973,27.305900682380603,35.61772972209436,24.425570185358616,16.971448941986377,11.040120172237973
SparenSparsam,157,SIGNAL4D_EXT_ARM_BA_V4,False,38.831230592760384,15.987606262339186,11.45293168642695,26.257421488825358,33.933372228243925,23.51646335119658,15.987606262339186,11.45293168642695
SparenSparsam,159,SIGNAL4D_EXT_ARM_BA_V4,False,40.82882324741043,15.060887459860593,11.152277325352987,31.13349598366548,33.826863310819455,28.47675645695755,15.060887459860595,11.152277325352987
SparenSparsam,161,SIGNAL4D_EXT_ARM_BA_V4,False,41.65600646267051,17.00845385845749,11.144304099413127,32.800158470582375,33.53807680443564,30.237923851903826,17.008453858457493,11.144304099413128
SparenSparsam,163,SIGNAL4D_EXT_ARM_BA_V4,False,38.6754922041536,16.07410668715976,10.847026035411075,29.745774084852364,33.34492027525017,26.993982095652584,16.07410668715976,10.847026035411075
SparenSparsam,165,SIGNAL4D_EXT_ARM_BA_V4,False,37.6750637980468,16.803671196862332,10.986141433735549,28.79358575268943,32.592901184558514,26.111697546834552,16.80367119686233,10.986141433735549
SparenSparsam,167,SIGNAL4D_EXT_ARM_BA_V4,False,34.74074154160186,17.00073119258163,11.724508334115342,25.889694471332117,34.501384811833475,22.90157285850711,17.00073119258163,11.724508334115342
SparenSparsam,169,SIGNAL4D_EXT_ARM_BA_V4,False,34.68214062593109,16.2589430216311,12.336620023072005,25.205259505118214,32.86458234226026,22.389544377464173,16.258943021631097,12.336620023072001
SparenSparsam,171,SIGNAL4D_EXT_ARM_BA_V4,False,37.300219417662184,16.348626140232113,11.700258293937068,28.590027545678616,33.845143794561814,25.70678847555277,16.348626140232117,11.700258293937068
SparenSparsam,173,SIGNAL4D_EXT_ARM_BA_V4,False,38.279101681160675,16.29787740896114,12.11511788039245,29.745452310510924,34.884373258391975,26.816496833294686,16.297877408961135,12.11511788039245
SparenSparsam,175,SIGNAL4D_EXT_ARM_BA_V4,False,40.17763577352218,17.391804231020487,11.446645180845751,30.99681914670303,34.99444463602696,28.012558937679863,17.39180423102049,11.446645180845747
SparenSparsam,177,SIGNAL4D_EXT_ARM_BA_V4,False,41.39367379379423,15.472739670626849,9.819678849709813,33.31997701391085,34.42946387637596,30.41107950590364,15.472739670626849,9.819678849709812
SparenSparsam,179,SIGNAL4D_EXT_ARM_BA_V4,False,39.226963226633146,17.06077144035554,10.604385528416975,30.949093885832706,33.19896902034931,28.14091452754592,17.060771440355538,10.604385528416971
SparenSparsam,181,SIGNAL4D_EXT_ARM_BA_V4,False,36.081611111949975,15.340306445128007,10.582983409955444,26.89512987142847,32.21139310864459,24.072190519056438,15.340306445128006,10.582983409955444
SparenSparsam,183,SIGNAL4D_EXT_ARM_BA_V4,False,37.15401821979508,15.013520238006945,10.77074527894827,27.683216015181504,33.24351025730232,24.84423736008619,15.013520238006945,10.77074527894827
SparenSparsam,185,SIGNAL4D_EXT_ARM_BA_V4,False,34.904427311783984,15.788480562377215,10.938327748485056,25.450950029590217,32.663145513665995,22.51118935229989,15.788480562377215,10.938327748485056
SparenSparsam,187,SIGNAL4D_EXT_ARM_BA_V4,False,37.77215253921243,15.919076102249717,11.592295848616402,27.955204269224517,36.439457287883215,24.71039320428079,15.919076102249717,11.592295848616402
SparenSparsam,189,SIGNAL4D_EXT_ARM_BA_V4,False,38.265590525407084,16.740552805853284,11.324144972196486,30.54911985728568,35.593139076094644,27.47057127883144,16.740552805853284,11.324144972196486
Spezial,125,SIGNAL4D_EXT_ARM_BA_V4,False,63.68505196543309,12.986984705919125,12.175452685467869,57.61002291338195,58.82068641921622,52.96791218586613,12.986984705919125,12.175452685467869
Spezial,127,SIGNAL4D_EXT_ARM_BA_V4,False,63.064730778979964,15.32094371088618,12.405587510200096,55.56978405688418,54.225041331895554,51.378387908760736,15.320943710886175,12.405587510200096
Spezial,129,SIGNAL4D_EXT_ARM_BA_V4,False,63.722095469357335,14.170774661058761,11.722943726171652,56.268263160392024,54.977039926753285,51.99089725922545,14.170774661058761,11.722943726171652
Spezial,131,SIGNAL4D_EXT_ARM_BA_V4,False,63.619215017923935,15.963018010351888,12.521339439259776,57.56775578809644,54.08493147168454,53.533320907901405,15.963018010351888,12.521339439259776
Spezial,133,SIGNAL4D_EXT_ARM_BA_V4,False,60.77017069082763,16.32541435014489,12.031677332209957,51.41286993993939,50.81229374565306,47.34408222977586,16.32541435014489,12.031677332209957
Spezial,135,SIGNAL4D_EXT_ARM_BA_V4,False,56.40833339224202,15.753845573102128,11.420112114559068,46.88043605404292,50.74160289921846,42.726125249907064,15.753845573102124,11.420112114559068
Spezial,137,SIGNAL4D_EXT_ARM_BA_V4,False,50.61136890131944,15.47332759387529,9.388575213842676,36.190817240388476,37.326412228936476,33.14631597495693,15.473327593875286,9.388575213842676
Spezial,139,SIGNAL4D_EXT_ARM_BA_V4,False,43.51083615345272,14.425166386094448,7.979896320507779,29.865412327131196,34.340658104619344,27.125263713694995,14.425166386094448,7.979896320507779
Spezial,141,SIGNAL4D_EXT_ARM_BA_V4,False,39.13494662846526,9.843038553865862,9.661042022460315,27.394083747096794,31.96891389654357,24.8681937229805,9.843038553865858,9.661042022460315
Spezial,143,SIGNAL4D_EXT_ARM_BA_V4,False,31.502418697662314,9.110992323845199,11.610478779097708,23.372302966325975,30.357552495943114,21.159478740160804,9.110992323845197,11.610478779097708
Spezial,145,SIGNAL4D_EXT_ARM_BA_V4,False,36.992572891968884,9.7450435659939,12.52455618615133,25.83745275278612,31.78143621407442,23.564047773073135,9.7450435659939,12.52455618615133
Spezial,147,SIGNAL4D_EXT_ARM_BA_V4,False,31.861807983454135,10.701669744696364,13.342750393444897,23.81525241480746,32.42987424398098,21.232839172617247,10.701669744696364,13.342750393444897
Spezial,149,SIGNAL4D_EXT_ARM_BA_V4,False,37.84181354074745,11.002905844014236,13.348578548205243,25.678213141110675,33.35811156831539,23.24688619081023,11.00290584401424,13.348578548205237
Spezial,151,SIGNAL4D_EXT_ARM_BA_V4,False,35.40511562334092,9.440110676404057,12.635730544395598,22.939925003463284,31.805381216888673,20.405828377257077,9.440110676404057,12.635730544395598
Spezial,153,SIGNAL4D_EXT_ARM_BA_V4,False,38.59794861408624,10.441688125527126,13.463792636144113,26.103326429561502,34.55139534065534,23.501969514029497,10.441688125527122,13.463792636144111
Spezial,155,SIGNAL4D_EXT_ARM_BA_V4,False,37.458750681985116,10.525908458559313,13.116623723590878,25.034859061085314,33.61164375342957,22.611683298345266,10.525908458559313,13.116623723590877
Spezial,157,SIGNAL4D_EXT_ARM_BA_V4,False,34.55576432545942,10.791747236186442,13.056047987246208,25.252316143026057,35.108015771575765,22.3699071490755,10.791747236186442,13.056047987246208
Spezial,159,SIGNAL4D_EXT_ARM_BA_V4,False,36.09451685798375,10.258464867310769,13.453060872385853,24.59619816177299,31.797577388209888,22.10555930767996,10.25846486731077,13.453060872385855
Spezial,161,SIGNAL4D_EXT_ARM_BA_V4,False,34.53048393333379,11.448354237227237,14.195711894580903,23.7343792302843,31.989981179098923,21.069408647679182,11.448354237227237,14.195711894580903
Spezial,163,SIGNAL4D_EXT_ARM_BA_V4,False,36.015686504604105,11.292128013381845,14.259376992111884,24.187801474814435,32.1830285167989,21.76937989054244,11.29212801338185,14.259376992111886
Tisch,143,SIGNAL4D_EXT_ARM_BA_V4,False,44.34153127955724,12.58265642982197,9.754673713813732,24.621937490489444,39.06836472087746,21.045125329196,12.582656429821972,9.754673713813734
Tisch,145,SIGNAL4D_EXT_ARM_BA_V4,False,47.682952612591784,15.711071274082427,10.08946701921243,26.85081829991891,41.795211988488035,22.944693744951067,15.711071274082427,10.08946701921243
Tisch,147,SIGNAL4D_EXT_ARM_BA_V4,False,47.18839037588459,15.072271513010689,13.154086974191246,29.398216721502497,47.46094773956728,24.838135670069533,15.072271513010689,13.15408697419125
Tisch,149,SIGNAL4D_EXT_ARM_BA_V4,False,41.486694179973284,13.667891513386518,8.777074286932924,22.857642770948527,36.713161283134355,19.541011568911923,13.667891513386518,8.777074286932924
Tisch,151,SIGNAL4D_EXT_ARM_BA_V4,False,40.74259853897626,16.075312841195203,8.747681964012926,24.690341111046763,38.86119498267359,20.953297855102356,16.075312841195206,8.747681964012926
Tisch,153,SIGNAL4D_EXT_ARM_BA_V4,False,38.80066815665169,17.36437836581425,8.605700401773674,26.733888655249533,40.39883439839347,22.704154855574654,17.364378365814254,8.605700401773673
Tisch,155,SIGNAL4D_EXT_ARM_BA_V4,False,37.778311612562874,13.398976950277737,7.527403096484642,30.018530025160075,42.46957184617643,25.898872345648474,13.398976950277738,7.527403096484647
Tisch,157,SIGNAL4D_EXT_ARM_BA_V4,False,39.499723451476655,8.905067894950031,8.143478914229156,29.92454136532452,42.61039227871115,25.72264293259316,8.905067894950038,8.143478914229156
Tisch,159,SIGNAL4D_EXT_ARM_BA_V4,False,42.2145398530494,13.196605052999148,8.842685435682759,33.05521418072132,42.992788380037005,28.903350050037453,13.196605052999143,8.842685435682759
Tisch,161,SIGNAL4D_EXT_ARM_BA_V4,False,41.74382280698803,12.278921804781294,11.323866847386869,33.214413938459344,43.9100317303598,28.964433415249147,12.278921804781294,11.323866847386867
Tisch,163,SIGNAL4D_EXT_ARM_BA_V4,False,42.49172561611713,12.37554273170286,12.482361930195825,36.49595292752803,42.66013974010716,32.38132605148666,12.37554273170286,12.482361930195827
Tisch,165,SIGNAL4D_EXT_ARM_BA_V4,False,43.624884892715066,12.35548650716108,11.258918989041383,36.9289228475568,45.29226482984668,32.450196280146336,12.35548650716108,11.258918989041383
Tisch,167,SIGNAL4D_EXT_ARM_BA_V4,False,37.652492851595724,13.374501482357132,12.098860655897655,32.39808626469891,42.71891749006764,28.135426264028027,13.374501482357132,12.098860655897655
Treffen,132,SIGNAL4D_EXT_ARM_BA_V4,False,44.31198626203896,12.591754969406036,13.670248266300755,31.431977980987785,48.996669054112274,26.689898245086198,12.591754969406033,13.670248266300755
Treffen,134,SIGNAL4D_EXT_ARM_BA_V4,False,42.938338193252136,13.212391907339752,13.741254637225707,31.884548229445365,45.063410227680926,27.654548364718604,13.212391907339752,13.741254637225707
Treffen,136,SIGNAL4D_EXT_ARM_BA_V4,False,42.06232794111021,13.154725328511605,14.133853296861988,29.753082098789356,41.716897479682416,25.743044393868757,13.154725328511605,14.133853296861988
Treffen,138,SIGNAL4D_EXT_ARM_BA_V4,False,40.25651274582162,13.300814030206888,11.839231816775731,28.31098352778414,36.66071960404879,24.90164996509008,13.300814030206888,11.839231816775731
Treffen,140,SIGNAL4D_EXT_ARM_BA_V4,False,39.81350971596809,12.080129922590112,10.885836499727144,25.904081549810243,32.54031618699588,22.90260155301216,12.080129922590116,10.885836499727144
Treffen,142,SIGNAL4D_EXT_ARM_BA_V4,False,42.561424615222336,12.45167371225288,10.34455381323055,26.779892955090105,31.913708890987458,23.917418721460077,12.451673712252878,10.34455381323055
Treffen,144,SIGNAL4D_EXT_ARM_BA_V4,False,38.87046008691225,12.666080225478956,10.487566291601258,25.292269283159367,30.357289764318928,22.46649694913147,12.666080225478956,10.487566291601256
Treffen,146,SIGNAL4D_EXT_ARM_BA_V4,False,43.416474250514355,13.340429676967789,9.959866510659948,24.678879989234783,30.70178160443906,21.814279745456204,13.34042967696779,9.95986651065995
Treffen,148,SIGNAL4D_EXT_ARM_BA_V4,False,42.310505086706705,12.682897925329314,9.23251390310768,27.2738710761909,33.2390209708307,24.26190338189265,12.682897925329312,9.23251390310768
Treffen,150,SIGNAL4D_EXT_ARM_BA_V4,False,46.509098229827835,14.558177032862268,10.491566337024743,23.747032402076826,31.60065676690856,20.71758083716565,14.558177032862268,10.491566337024743
Treffen,152,SIGNAL4D_EXT_ARM_BA_V4,False,40.968772434780895,14.831888529814274,10.76869771086555,23.867673126406462,30.44997370385995,21.117183975584258,14.831888529814274,10.76869771086555
Treffen,154,SIGNAL4D_EXT_ARM_BA_V4,False,41.97125485910601,14.56761757748017,11.09890750194988,24.234447316364932,31.982673220954556,21.405966514238113,14.567617577480167,11.098907501949883
Treffen,156,SIGNAL4D_EXT_ARM_BA_V4,False,46.29893252702128,14.399385599403088,11.329306482360426,22.534580628904358,32.31185255477411,19.678504955215388,14.399385599403088,11.329306482360424
Treffen,158,SIGNAL4D_EXT_ARM_BA_V4,False,46.06796242549474,14.726549124731235,10.888645372138203,23.905133533897235,31.87464686687764,21.189395518759625,14.726549124731235,10.888645372138198
Treffen,160,SIGNAL4D_EXT_ARM_BA_V4,False,44.233388525062736,15.28910016950892,11.078173372893966,22.226706345646207,31.110566876117755,19.430249557934175,15.289100169508922,11.078173372893966
Treffen,162,SIGNAL4D_EXT_ARM_BA_V4,False,42.58151527904762,15.562770801066828,11.308979542233613,21.147644200649953,30.61271198444294,18.31350911262047,15.562770801066824,11.308979542233613
Treffen,164,SIGNAL4D_EXT_ARM_BA_V4,False,45.37604857611167,15.802973201225534,10.704150943929093,20.853867963944857,31.586247462755416,17.886799281385798,15.802973201225534,10.704150943929093
Treffen,166,SIGNAL4D_EXT_ARM_BA_V4,False,45.07149202152406,15.298936231640845,9.93232922583697,20.68968448113182,32.11546227850996,17.631865807292318,15.298936231640845,9.932329225836968
Treffen,168,SIGNAL4D_EXT_ARM_BA_V4,False,45.554490279053326,14.9760554639979,10.001273632699556,20.521165278194665,32.12786533701648,17.432935182535434,14.976055463997902,10.001273632699558
Treffen,170,SIGNAL4D_EXT_ARM_BA_V4,False,44.308968688184336,15.365630973433024,10.079740275241928,20.0555718668134,31.65909102224518,17.03806420405545,15.365630973433024,10.079740275241926
Treffen,172,SIGNAL4D_EXT_ARM_BA_V4,False,43.58543051725161,15.035952079057612,10.286747864164658,20.381127462105372,31.820921322199567,17.33592809267742,15.03595207905761,10.28674786416466
Treffen,174,SIGNAL4D_EXT_ARM_BA_V4,False,42.98303612841523,15.11154410215799,10.319072296660766,20.088689142883677,31.421035517882014,17.100408824116823,15.111544102157989,10.319072296660764
Treffen,176,SIGNAL4D_EXT_ARM_BA_V4,False,43.15111211599169,15.126594012509038,10.186766083299405,21.743699639754897,31.93049669407122,18.686356468048828,15.126594012509033,10.186766083299409
Treffen,178,SIGNAL4D_EXT_ARM_BA_V4,False,43.17796423790726,14.896903692862407,10.467667041563477,20.431045240437836,31.61140417296713,17.45412965866461,14.896903692862406,10.467667041563473
Treffen,180,SIGNAL4D_EXT_ARM_BA_V4,False,43.905416413944536,15.156078792132162,10.184254954850054,22.522659914991284,32.69089142399046,19.40885958848116,15.156078792132162,10.184254954850054
Treffen,182,SIGNAL4D_EXT_ARM_BA_V4,False,43.634329613409705,14.96662778366535,10.648402557426465,21.139108386473037,32.14927024646526,18.069178641060905,14.966627783665347,10.648402557426465
Treffen,184,SIGNAL4D_EXT_ARM_BA_V4,False,44.52217547844881,14.654356973239274,10.404003188237724,20.469125036511574,29.848925355526394,17.6028375213855,14.65435697323927,10.404003188237718
Treffen,186,SIGNAL4D_EXT_ARM_BA_V4,False,43.35908234267579,14.731590998360703,9.762964863721736,21.553071498517433,30.69749245469224,18.603360353252913,14.7315909983607,9.76296486372173
Vater,151,SIGNAL4D_EXT_ARM_BA_V4,True,47.018497622766304,,11.43975051740397,46.74599593134593,66.35225305627375,40.2280495684046,,11.43975051740397
Vater,153,SIGNAL4D_EXT_ARM_BA_V4,True,47.04421206799308,,11.299043448319555,44.196183355961004,63.87923038099241,37.81148148957921,,11.299043448319555
Vater,155,SIGNAL4D_EXT_ARM_BA_V4,True,47.07222532435559,,10.378381426004637,45.74201521407905,69.31466875759114,38.9657504829691,,10.378381426004637
Vater,157,SIGNAL4D_EXT_ARM_BA_V4,True,44.58223503843122,,9.784588241656133,43.42405803022244,62.70929739347686,37.15008776112339,,9.784588241656134
Vater,159,SIGNAL4D_EXT_ARM_BA_V4,True,43.52453532543892,,8.739614951209111,40.13165991684037,59.22563646562035,34.18977091445321,,8.739614951209111
Vater,161,SIGNAL4D_EXT_ARM_BA_V4,True,43.34451099683402,,8.412666795545217,38.26165661965354,60.420577605393255,32.617971957443736,,8.412666795545217
Vater,163,SIGNAL4D_EXT_ARM_BA_V4,True,39.389805593100675,,8.887877624127647,32.64422233698478,53.515240545784074,27.60278828533025,,8.887877624127647
Vater,165,SIGNAL4D_EXT_ARM_BA_V4,True,40.57107338708614,,9.03364499389356,33.01292246504454,50.94293610879134,28.349806345990253,,9.03364499389356
Vater,167,SIGNAL4D_EXT_ARM_BA_V4,True,40.37259321409324,,10.48558079344756,31.41075928783806,46.09095411095137,26.796731462191733,,10.48558079344756
Vater,169,SIGNAL4D_EXT_ARM_BA_V4,True,38.27889611331499,,9.906308902020243,30.609912179689772,48.61685710049729,26.073238924277227,,9.906308902020243
Vater,171,SIGNAL4D_EXT_ARM_BA_V4,True,37.68971572600726,,10.918887914784019,26.101927354930112,39.78517862577771,22.96752295215019,,10.918887914784019
Vater,173,SIGNAL4D_EXT_ARM_BA_V4,True,36.8902615038119,,10.689361329508332,26.56850039931966,39.80257665320773,23.278549161321855,,10.689361329508328
Vater,175,SIGNAL4D_EXT_ARM_BA_V4,True,38.342285576583656,,9.539238586103163,26.793341947663997,39.82364822423556,23.73368716592,,9.539238586103163
Vater,177,SIGNAL4D_EXT_ARM_BA_V4,True,41.83954149913004,,10.427183555013228,30.733501000547264,45.556162628810554,26.476375836608447,,10.427183555013226
Vater,179,SIGNAL4D_EXT_ARM_BA_V4,True,42.33822241898936,,10.094525310620918,29.998350973028973,44.88946464010892,26.016217564483185,,10.09452531062092
Vater,181,SIGNAL4D_EXT_ARM_BA_V4,True,40.288437262911714,,9.798943749011402,33.73333967280828,50.54083454211013,28.869433468317716,,9.7989437490114
Vater,183,SIGNAL4D_EXT_ARM_BA_V4,True,43.59442422699915,,9.859533053491846,36.654014848860484,53.77751499438982,31.51801033798747,,9.859533053491845
Vater,185,SIGNAL4D_EXT_ARM_BA_V4,True,48.0089458943027,,9.267412782760744,41.00026409637717,60.03203999382644,35.21474419098978,,9.267412782760742
Vater,187,SIGNAL4D_EXT_ARM_BA_V4,True,44.87124393653123,,9.4836624487703,37.85985431257659,57.521851673905715,32.624921747728386,,9.4836624487703
Vater,189,SIGNAL4D_EXT_ARM_BA_V4,True,44.810622623333444,,10.126746309067473,39.94414231687588,60.627837989159524,34.00331099478162,,10.126746309067473
Vater,191,SIGNAL4D_EXT_ARM_BA_V4,True,43.89328853416303,,10.239961650662748,40.0522631398134,59.761765058451346,34.35089477537471,,10.239961650662748
Vater,193,SIGNAL4D_EXT_ARM_BA_V4,True,43.59073662585739,,10.25252007793255,38.71291569798301,57.64498112768751,33.20747038185685,,10.252520077932552
Vater,195,SIGNAL4D_EXT_ARM_BA_V4,True,44.20198749786001,,9.509732855148897,38.10106474363929,58.0654522969865,32.690177581752266,,9.509732855148897
Vater,197,SIGNAL4D_EXT_ARM_BA_V4,True,49.44985473030361,,10.193838307203313,46.36773254485551,69.37431465838782,39.55733005732128,,10.193838307203313
Vater,199,SIGNAL4D_EXT_ARM_BA_V4,True,47.05363848804491,,9.981263067284885,43.16947881377715,65.49602530657451,37.028542446400145,,9.981263067284885
Vater,201,SIGNAL4D_EXT_ARM_BA_V4,True,44.62963108668446,,9.966222545459352,39.12718661430824,58.55333081182744,33.683041358818116,,9.966222545459352
Vater,203,SIGNAL4D_EXT_ARM_BA_V4,True,47.23683558038205,,10.088260663583991,40.71999578061609,59.86599769923492,34.85195806959302,,10.088260663583991
Verschieden,142,SIGNAL4D_EXT_ARM_BA_V4,False,40.88579749937477,17.499097174161665,8.958848027199068,30.84448946075966,40.91235391472886,27.199339907130536,17.499097174161665,8.958848027199064
Verschieden,144,SIGNAL4D_EXT_ARM_BA_V4,False,42.71921347558151,16.23595859924806,9.549966384114597,30.866111529520225,40.21810579333816,27.15520577071829,16.235958599248065,9.5499663841146
Verschieden,146,SIGNAL4D_EXT_ARM_BA_V4,False,42.65100550581243,15.921375312080519,10.03003675446651,31.193022697844814,42.13940372345838,27.154079704020592,15.921375312080519,10.030036754466506
Verschieden,148,SIGNAL4D_EXT_ARM_BA_V4,False,44.66704176418061,13.285150315551158,11.347929753276071,27.906524096884816,41.46563580802939,23.745488068676273,13.285150315551158,11.347929753276071
Verschieden,150,SIGNAL4D_EXT_ARM_BA_V4,False,43.27842409898686,10.759775665172477,13.3919521047304,29.535341399611923,44.13222055909518,25.180418814663046,10.759775665172477,13.391952104730398
Verschieden,152,SIGNAL4D_EXT_ARM_BA_V4,False,42.686206250476054,9.569555833079395,15.469215580026873,29.778947307436916,44.8456285840931,25.32886184975813,9.569555833079397,15.469215580026873
Verschieden,154,SIGNAL4D_EXT_ARM_BA_V4,False,40.15573340410751,9.8548119839175,17.67503283843306,31.04351403662066,46.918327892687934,26.266169420457718,9.8548119839175,17.675032838433065
Verschieden,156,SIGNAL4D_EXT_ARM_BA_V4,False,39.04652713121331,10.308753794804295,17.984820592585308,31.19375448818831,46.36364311758969,26.496676634448573,10.308753794804295,17.984820592585308
Verschieden,158,SIGNAL4D_EXT_ARM_BA_V4,False,39.455485361017345,9.381856128205138,18.367040196654354,32.660402893072586,48.990718414794046,27.828169041447666,9.381856128205142,18.367040196654354
Verschieden,160,SIGNAL4D_EXT_ARM_BA_V4,False,34.53804470682548,11.262880330254303,18.546853350832585,28.70945195044604,40.77727109289534,24.688197356448395,11.262880330254303,18.54685335083259
Verschieden,162,SIGNAL4D_EXT_ARM_BA_V4,False,40.86000072090336,9.364525956496312,17.08748779895449,33.912180197505364,45.5504122260141,29.816715241756246,9.364525956496312,17.08748779895449
Verschieden,164,SIGNAL4D_EXT_ARM_BA_V4,False,40.01285114984937,10.51175538091733,16.709537845002405,30.04588006409189,41.689941724255064,26.472876932574184,10.511755380917327,16.7095378450024
Verschieden,166,SIGNAL4D_EXT_ARM_BA_V4,False,40.04517790400067,12.299270346223254,14.735877752459103,28.76098687741843,41.47514834738111,25.076978105951344,12.299270346223253,14.735877752459109
Verschieden,168,SIGNAL4D_EXT_ARM_BA_V4,False,39.431488014655926,13.563851411648239,13.056718395938624,30.18608810376766,40.371668613036015,26.594292022100717,13.563851411648237,13.056718395938624
Verschieden,170,SIGNAL4D_EXT_ARM_BA_V4,False,39.62960282325977,15.522141939498525,12.134158838592088,30.371539685989916,42.17588839569619,26.53943677225174,15.522141939498525,12.134158838592086
Verschieden,172,SIGNAL4D_EXT_ARM_BA_V4,False,38.479406532811375,15.949111432554085,11.919016284854397,26.06406401847369,37.38281052440792,22.54565756736694,15.949111432554085,11.919016284854399
Verschieden,174,SIGNAL4D_EXT_ARM_BA_V4,False,39.907765007851296,14.379381241471735,13.502270835343843,29.88119117704974,41.672321279372795,25.968003378618544,14.37938124147174,13.502270835343843
Verschieden,176,SIGNAL4D_EXT_ARM_BA_V4,False,42.892406855936585,14.753334764502828,13.329684103984011,29.00555637584016,42.976174138171416,24.903769991928293,14.753334764502828,13.329684103984011
Verschieden,178,SIGNAL4D_EXT_ARM_BA_V4,False,41.61249208722299,12.87672063406627,14.843228365044471,29.15038824183396,43.345737948025715,24.971796007698007,12.876720634066274,14.843228365044471
Verschieden,180,SIGNAL4D_EXT_ARM_BA_V4,False,39.52421656914251,10.372319792538478,15.46874306833287,28.004572216747718,42.26639166099113,23.88511282286809,10.372319792538478,15.46874306833287
Verschieden,182,SIGNAL4D_EXT_ARM_BA_V4,False,38.75372219768257,12.484604185928088,18.178563808012207,27.945894724630133,40.88727949294292,23.9649013335176,12.48460418592809,18.178563808012207
Verschieden,184,SIGNAL4D_EXT_ARM_BA_V4,False,37.04385523734221,11.514158895243934,17.42524816764841,27.0815448557995,39.82083881490225,23.158647561961523,11.514158895243934,17.425248167648405
Verschieden,186,SIGNAL4D_EXT_ARM_BA_V4,False,35.16153790349927,12.056266909980838,17.592385065834137,27.671285206564438,40.47860041160872,23.65914400011527,12.056266909980838,17.592385065834137
Verschieden,188,SIGNAL4D_EXT_ARM_BA_V4,False,39.433212725797745,12.449554005417651,17.28997066802827,29.545257923307762,42.354947103344486,25.452732693607114,12.449554005417648,17.28997066802827
Verschieden,190,SIGNAL4D_EXT_ARM_BA_V4,False,40.68490765111025,10.312879050743017,16.72696680217745,29.72865124900767,43.58075740532045,25.66943760454709,10.312879050743016,16.72696680217745
Verschieden,192,SIGNAL4D_EXT_ARM_BA_V4,False,36.62091302361435,14.775519631993097,15.453738919488693,25.716887157153515,38.23101956908289,22.01485208968228,14.775519631993097,15.453738919488693
Verschieden,194,SIGNAL4D_EXT_ARM_BA_V4,False,39.73938202965398,13.47182218922163,13.979800707276722,27.727995005529916,40.32625018177213,23.934088063808897,13.47182218922163,13.979800707276722
Verschieden,196,SIGNAL4D_EXT_ARM_BA_V4,False,40.09149010748641,15.033313619091164,13.30669366738175,30.29135511104027,41.67589733901211,26.419643117480657,15.033313619091166,13.306693667381756
Verschieden,198,SIGNAL4D_EXT_ARM_BA_V4,False,41.3064724396338,16.089013559987954,12.06774055641635,30.69130349943615,43.41335128526156,26.601001608436302,16.089013559987954,12.067740556416354
Verschieden,200,SIGNAL4D_EXT_ARM_BA_V4,False,40.071253450413536,15.530135997895549,12.31927993877011,29.835867648823807,39.57032043300437,26.123091450183527,15.530135997895549,12.319279938770109
Verschieden,202,SIGNAL4D_EXT_ARM_BA_V4,False,41.88333236166045,21.275493562835194,13.211585644572429,29.278324871627795,41.77536967805877,25.16696232503379,21.27549356283519,13.211585644572429
Verschieden,204,SIGNAL4D_EXT_ARM_BA_V4,False,42.54391803024556,14.657552733217514,13.107370143795617,27.582952818870957,38.93666058940231,23.787199598291707,14.657552733217514,13.107370143795617
Verschieden,206,SIGNAL4D_EXT_ARM_BA_V4,False,39.756777802949934,12.52760853525515,14.438759769481187,26.491788837201803,38.52313487155919,22.647367329892422,12.52760853525515,14.438759769481187
Verschieden,208,SIGNAL4D_EXT_ARM_BA_V4,False,39.67773315092386,11.583409935595725,15.312862396922347,31.948598179133896,43.067059673577475,27.862423413241352,11.583409935595725,15.312862396922348
Verschieden,210,SIGNAL4D_EXT_ARM_BA_V4,False,41.40255916550663,10.352520660750015,17.183366568795876,33.3532014915148,44.72631611814871,29.239551697759605,10.352520660750015,17.183366568795876
Verschieden,212,SIGNAL4D_EXT_ARM_BA_V4,False,39.06879244973719,10.958049622743063,18.58476059936954,32.240633946203026,39.06109102698599,28.744443368779695,10.958049622743063,18.58476059936954
Verschieden,214,SIGNAL4D_EXT_ARM_BA_V4,False,39.777114693831265,10.683281610309457,18.38138835710786,36.741947653976,46.24398786754949,32.52070953447609,10.683281610309457,18.38138835710786
Verschieden,216,SIGNAL4D_EXT_ARM_BA_V4,False,36.705902036601344,12.439010774053592,17.1181197502309,33.5788859691428,44.65659895323245,29.332006742920825,12.439010774053592,17.1181197502309
Verschieden,218,SIGNAL4D_EXT_ARM_BA_V4,False,37.245149059261614,12.711199840429604,17.58551604708555,28.945340108891408,41.29563006542597,24.915943508584423,12.711199840429607,17.585516047085555
Verschieden,220,SIGNAL4D_EXT_ARM_BA_V4,False,37.23663520740695,12.352453025979978,17.54525697621232,31.67311153243074,43.993048369867175,27.45798275162511,12.352453025979978,17.54525697621232
Verschieden,222,SIGNAL4D_EXT_ARM_BA_V4,False,37.53721301266939,13.300488757154692,17.326704820873672,31.48203695467372,42.96924107819845,27.397122799795653,13.300488757154692,17.326704820873672
VorsichtPassAuf,147,SIGNAL4D_EXT_ARM_BA_V4,False,66.1217821948196,13.207898647104763,11.749702407647854,54.365830376170415,49.63391601527306,50.8826716688719,13.207898647104763,11.74970240764785
VorsichtPassAuf,149,SIGNAL4D_EXT_ARM_BA_V4,False,67.28375723606399,13.256777613752654,11.081345783534935,51.347762486981686,45.51177604379569,48.08799933854642,13.256777613752654,11.081345783534935
VorsichtPassAuf,151,SIGNAL4D_EXT_ARM_BA_V4,False,55.803852443715215,10.952096623349354,10.607737161353038,42.75606137279308,40.643019550973946,39.71362857009046,10.952096623349354,10.607737161353038
VorsichtPassAuf,153,SIGNAL4D_EXT_ARM_BA_V4,False,54.66164696990533,10.305648043710427,10.903228856892698,41.625281401259414,36.13465093591191,38.977633687432785,10.305648043710429,10.903228856892694
VorsichtPassAuf,155,SIGNAL4D_EXT_ARM_BA_V4,False,50.7792591637904,8.429443548679412,11.181805367335535,33.92612434643304,33.347599671050276,31.46479456500169,8.429443548679412,11.181805367335537
VorsichtPassAuf,157,SIGNAL4D_EXT_ARM_BA_V4,False,39.68995121269523,6.786111768553251,9.801771008088952,27.068907022027716,34.116283067050816,24.436218961424217,6.786111768553249,9.801771008088952
VorsichtPassAuf,159,SIGNAL4D_EXT_ARM_BA_V4,False,37.34425399963543,6.179002382393282,9.781991770520703,27.018286731117552,33.09200820163955,24.531206496851645,6.179002382393284,9.781991770520706
VorsichtPassAuf,161,SIGNAL4D_EXT_ARM_BA_V4,False,33.48583102477055,6.918999874843802,10.801161524226032,21.124291996160242,31.152901312979914,18.29415474733566,6.918999874843802,10.801161524226028
VorsichtPassAuf,163,SIGNAL4D_EXT_ARM_BA_V4,False,32.68024185450722,7.088064262799528,11.609991544852754,20.996811000757663,32.0626875562758,18.09755785997492,7.088064262799527,11.609991544852752
VorsichtPassAuf,165,SIGNAL4D_EXT_ARM_BA_V4,False,29.777444102752614,7.0939728242682945,12.076641737065987,19.984821717289346,29.58730721004236,17.404866175320183,7.093972824268296,12.076641737065987
VorsichtPassAuf,167,SIGNAL4D_EXT_ARM_BA_V4,False,31.654905054291117,7.203134492976953,11.833711792873995,21.17246634130859,32.53232575454317,17.98521896914511,7.203134492976953,11.833711792873991
VorsichtPassAuf,169,SIGNAL4D_EXT_ARM_BA_V4,False,34.46303349601448,7.925471227960095,12.911197358502935,20.697269404447212,29.48242396405656,17.941823291215638,7.925471227960092,12.911197358502935
Waschen,131,SIGNAL4D_EXT_ARM_BA_V4,False,45.095546181895266,15.655760839770231,15.308015311257314,23.68184422416595,37.716241699441575,20.740358285581173,15.655760839770235,15.308015311257314
Waschen,133,SIGNAL4D_EXT_ARM_BA_V4,False,45.53341052556501,16.250857351618297,15.594605570023807,25.665306438082958,40.5789081845267,22.45709222985162,16.250857351618293,15.594605570023804
Waschen,135,SIGNAL4D_EXT_ARM_BA_V4,False,47.566497818412195,16.419490387506666,14.823274189276244,25.114229868292576,40.914995513987044,21.795959399394718,16.419490387506666,14.823274189276244
Waschen,137,SIGNAL4D_EXT_ARM_BA_V4,False,51.48572675127189,18.525657008978158,13.659116732661671,28.371194507807164,46.44022529926221,24.231077573553353,18.525657008978158,13.65911673266167
Waschen,139,SIGNAL4D_EXT_ARM_BA_V4,False,49.80249484550715,15.85304866115523,13.492038438341302,27.490428132269276,45.55435452643031,23.78743348156912,15.85304866115523,13.492038438341302
Waschen,141,SIGNAL4D_EXT_ARM_BA_V4,False,48.289607809179955,20.3679656770389,14.023716205677013,26.537359247955806,43.10850824271362,22.893653069539457,20.3679656770389,14.023716205677015
Waschen,143,SIGNAL4D_EXT_ARM_BA_V4,False,48.430155266259774,21.683570476601055,15.637131909170824,24.717186339686467,39.961455018195906,21.51109055986905,21.68357047660106,15.637131909170828
Waschen,145,SIGNAL4D_EXT_ARM_BA_V4,False,45.64152059187531,20.90827839877362,17.06221591609346,22.918232794340657,36.663059758358884,20.179585895832172,20.90827839877362,17.062215916093457
Waschen,147,SIGNAL4D_EXT_ARM_BA_V4,False,46.9956953200611,22.366809740567533,13.144233746326698,21.88421555600752,33.606134343065186,19.583951840842246,22.366809740567533,13.144233746326702
Waschen,149,SIGNAL4D_EXT_ARM_BA_V4,False,45.80221340626945,21.524823734431674,14.137800419715639,23.258637799715157,35.818625031092616,20.73661287884163,21.524823734431674,14.137800419715637
Waschen,151,SIGNAL4D_EXT_ARM_BA_V4,False,49.407858789860796,21.18734844630775,14.912285122122386,26.887090124919656,42.875424720155,23.76749408181453,21.187348446307748,14.912285122122386
Waschen,153,SIGNAL4D_EXT_ARM_BA_V4,False,46.285183995666536,21.232881916444825,15.595836793581036,25.57759124600254,41.85072453742935,22.23331813239323,21.23288191644482,15.595836793581036
Waschen,155,SIGNAL4D_EXT_ARM_BA_V4,False,45.92691605238038,21.888950362611773,14.665635250734008,24.720502021354946,39.172037655845045,21.66037894697277,21.888950362611773,14.665635250734008
Waschen,157,SIGNAL4D_EXT_ARM_BA_V4,False,45.35013425113193,21.470213470098717,15.731332344837226,24.014732132993135,38.480923614459954,20.96312838858963,21.470213470098717,15.731332344837226
Waschen,159,SIGNAL4D_EXT_ARM_BA_V4,False,48.753908831962605,20.73870238928698,14.716956292563316,24.561677572020976,35.90322195249738,21.637016316705708,20.73870238928698,14.716956292563316
Waschen,161,SIGNAL4D_EXT_ARM_BA_V4,False,46.35927253848713,21.737206292370832,16.320407499710694,24.275645398001334,38.618506882377766,21.23647981933961,21.737206292370832,16.320407499710694
Waschen,163,SIGNAL4D_EXT_ARM_BA_V4,False,44.45121951459792,21.087799579218768,15.81854076952247,26.03255429058584,41.26666465008501,22.78097332129272,21.08779957921876,15.818540769522473
Waschen,165,SIGNAL4D_EXT_ARM_BA_V4,False,46.4287398994242,20.930548977878075,15.207285197013391,24.827005611993147,40.139685839591614,21.71390717783435,20.930548977878075,15.207285197013391
Waschen,167,SIGNAL4D_EXT_ARM_BA_V4,False,44.07669323440248,21.554790665143297,15.478361970379803,25.87672095390937,40.67096230752492,22.50763532390051,21.554790665143297,15.478361970379803
Waschen,169,SIGNAL4D_EXT_ARM_BA_V4,False,45.552641395253005,21.224157253551716,14.726818062416976,24.44157251874294,39.104900184558105,21.39178489360308,21.224157253551716,14.72681806241698
Waschen,171,SIGNAL4D_EXT_ARM_BA_V4,False,46.06424077811352,21.89203872749573,15.819117829248867,26.482334031997112,42.53247116690749,22.985818251479124,21.89203872749573,15.819117829248867
Waschen,173,SIGNAL4D_EXT_ARM_BA_V4,False,46.59377305413826,21.57174581296748,16.366024909723123,27.096020804026573,43.91110836645796,23.39124855911985,21.57174581296748,16.366024909723123
Waschen,175,SIGNAL4D_EXT_ARM_BA_V4,False,48.157973741764835,21.57785557063669,16.054971074915127,27.63869320795936,44.91848770310872,23.927011435658077,21.57785557063669,16.054971074915127
Waschen,177,SIGNAL4D_EXT_ARM_BA_V4,False,45.631032804499064,21.56298091339622,15.787636103223456,27.837373270536407,44.60556691334145,24.05280535626364,21.56298091339622,15.787636103223456
Waschen,179,SIGNAL4D_EXT_ARM_BA_V4,False,46.642967501802374,20.630605457835358,14.908085867391708,23.729720458845954,38.176859053830064,20.67001121974885,20.630605457835358,14.908085867391708
Waschen,181,SIGNAL4D_EXT_ARM_BA_V4,False,47.50014980158405,21.517275946027517,14.231206664169697,24.450207309653905,39.06962103382617,21.211111967408343,21.517275946027517,14.231206664169697
Waschen,183,SIGNAL4D_EXT_ARM_BA_V4,False,44.24348865565088,20.636543192264508,14.428672450149193,22.873275629090013,36.71423429608971,19.936229262433045,20.636543192264515,14.428672450149195
Waschen,185,SIGNAL4D_EXT_ARM_BA_V4,False,47.05781905302086,21.750237296883647,14.910070704926223,25.334547120632926,40.490884624693386,22.041302617864186,21.750237296883647,14.910070704926223
Waschen,187,SIGNAL4D_EXT_ARM_BA_V4,False,45.44784485430157,21.557203468466426,14.590767246544214,24.956752799240807,40.19627464317715,21.675553584303007,21.557203468466426,14.590767246544214
Widerspruch,134,SIGNAL4D_EXT_ARM_BA_V4,False,41.56375315605706,15.679485992781146,15.15815815991627,21.25606537119396,28.894491150988156,18.92396141214999,15.679485992781146,15.15815815991627
Widerspruch,136,SIGNAL4D_EXT_ARM_BA_V4,False,49.618304754982,15.820465254232749,13.392617124730194,27.722647143099195,33.543523727321094,24.973835227158464,15.820465254232749,13.392617124730194
Widerspruch,138,SIGNAL4D_EXT_ARM_BA_V4,False,47.88963128112398,14.606409750486188,13.268707506770422,26.073871183288123,36.2362197538218,23.369803340894734,14.60640975048619,13.268707506770422
Widerspruch,140,SIGNAL4D_EXT_ARM_BA_V4,False,48.41198730153936,17.04021511152194,10.862816974374688,29.55579322918624,42.07422316322218,25.8142036577989,17.04021511152194,10.862816974374688
Widerspruch,142,SIGNAL4D_EXT_ARM_BA_V4,False,49.501816795713026,17.693655377560606,10.295211392562061,34.13237662320851,40.97757610029043,30.785398223601458,17.69365537756061,10.295211392562061
Widerspruch,144,SIGNAL4D_EXT_ARM_BA_V4,False,40.47262841585116,17.571988894545175,11.313500741298542,26.70604353558698,39.295341425662784,23.805283395658495,17.571988894545175,11.31350074129854
Widerspruch,146,SIGNAL4D_EXT_ARM_BA_V4,False,43.69663920419797,17.194572399404194,11.232046282657782,27.97642300261539,42.42144448184382,24.437938127805005,17.194572399404198,11.232046282657777
Widerspruch,148,SIGNAL4D_EXT_ARM_BA_V4,False,39.42197047127776,17.18633262288895,9.575911998112007,29.130711127758758,42.519358365346044,25.670413004187694,17.18633262288895,9.575911998112005
Widerspruch,150,SIGNAL4D_EXT_ARM_BA_V4,False,39.302686241150774,16.88237240824351,10.296157623565325,28.168797470241703,41.56660953404451,24.88917588023562,16.882372408243512,10.296157623565323
Widerspruch,152,SIGNAL4D_EXT_ARM_BA_V4,False,40.14889104759366,15.878862502612177,11.727200677077956,29.522808267876655,47.87823113852575,25.5038875540265,15.878862502612181,11.727200677077958
Widerspruch,154,SIGNAL4D_EXT_ARM_BA_V4,False,43.395401446677646,17.260483304492656,11.688853494610136,31.67194687792752,48.77831846276963,27.59624773449471,17.260483304492656,11.688853494610136
Widerspruch,156,SIGNAL4D_EXT_ARM_BA_V4,False,41.1070167704723,16.26979210424333,11.402595613462916,30.659833909409006,49.2435306493205,26.49782792188482,16.26979210424333,11.402595613462916
Widerspruch,158,SIGNAL4D_EXT_ARM_BA_V4,False,40.0127021927848,17.460813200410367,10.765537817614293,30.14061136111653,48.18776258842314,26.14912854661755,17.46081320041037,10.765537817614291
Widerspruch,160,SIGNAL4D_EXT_ARM_BA_V4,False,41.9408071598822,16.477055650828486,9.999764405143578,33.11693093105275,52.582378585898184,28.722526186925666,16.47705565082849,9.999764405143575
Ziel,126,SIGNAL4D_EXT_ARM_BA_V4,False,51.59932634837232,12.639701739130754,14.483748182669835,45.67363531967693,77.66158324739777,38.61945946205837,12.63970173913075,14.483748182669835
Ziel,128,SIGNAL4D_EXT_ARM_BA_V4,False,51.47671869331492,13.317697919725102,14.822621739568081,46.76032176402674,78.67310498401068,39.52574263119752,13.3176979197251,14.822621739568078
Ziel,130,SIGNAL4D_EXT_ARM_BA_V4,False,49.2956201082327,14.102452703749577,13.870299146308655,43.169504702778305,71.29801842418621,36.81356093944945,14.102452703749577,13.870299146308655
Ziel,132,SIGNAL4D_EXT_ARM_BA_V4,False,49.61007354256112,13.885781049378185,13.455258059839919,44.902007112423895,77.35670150327793,37.809536427056244,13.885781049378185,13.455258059839919
Ziel,134,SIGNAL4D_EXT_ARM_BA_V4,False,50.02463207942915,13.768144722462175,13.471740561206964,40.657218924030765,66.61722954680076,34.50979725842151,13.768144722462173,13.471740561206964
Ziel,136,SIGNAL4D_EXT_ARM_BA_V4,False,48.62243646804076,12.694076867014195,13.617639845052352,37.18007974996556,60.66397484563913,31.694481978274244,12.694076867014196,13.617639845052356
Ziel,138,SIGNAL4D_EXT_ARM_BA_V4,False,44.90727504380505,12.801331908580226,14.01890522932393,32.02386925105039,52.45831238543503,27.293634706861567,12.801331908580224,14.01890522932393
Ziel,140,SIGNAL4D_EXT_ARM_BA_V4,False,43.720046482644925,13.145955790849074,14.529050744786618,28.96021425008826,46.44343035723051,24.926590722355197,13.145955790849074,14.529050744786622
Ziel,142,SIGNAL4D_EXT_ARM_BA_V4,False,40.85352078248208,13.227192972953379,14.35343357260049,28.53836544586348,45.74702839242002,24.577205078792424,13.227192972953379,14.35343357260049
Ziel,144,SIGNAL4D_EXT_ARM_BA_V4,False,39.778994190953206,12.888996258327673,14.23540340884272,27.29778161479382,41.69152046045852,23.4038222610411,12.888996258327673,14.23540340884272
Ziel,146,SIGNAL4D_EXT_ARM_BA_V4,False,41.672847670024844,12.599577521178439,13.835522297937528,26.77352801105148,40.87565855947472,23.096791189846535,12.599577521178439,13.83552229793753
Ziel,148,SIGNAL4D_EXT_ARM_BA_V4,False,42.06268811135363,12.505298297385234,14.040512254554772,28.782531478266854,44.45309013796593,24.770450184606847,12.505298297385234,14.040512254554772
Ziel,150,SIGNAL4D_EXT_ARM_BA_V4,False,39.38535586131779,12.318991036529454,13.533875138241589,28.796737283193913,40.46073901586828,25.25780146377857,12.318991036529454,13.53387513824159
Ziel,152,SIGNAL4D_EXT_ARM_BA_V4,False,39.044731401733145,12.363065185539442,13.951460244548667,24.824191056384237,36.45500139265274,21.53554064343338,12.363065185539444,13.951460244548663
Ziel,154,SIGNAL4D_EXT_ARM_BA_V4,False,38.66702927465706,12.938729317222405,14.254282356381346,25.155346684479895,37.33301186292776,22.072638523544967,12.938729317222407,14.254282356381346
Ziel,156,SIGNAL4D_EXT_ARM_BA_V4,False,35.47566131018537,13.215542352422363,15.265811943980491,24.28924913917064,34.9072988115552,21.062978927926324,13.21554235242236,15.265811943980491
Ziel,158,SIGNAL4D_EXT_ARM_BA_V4,False,34.77564404920319,13.20480560632819,15.17370037901469,24.748437903340115,34.87041946213349,21.919729437940266,13.204805606328184,15.17370037901469
Ziel,160,SIGNAL4D_EXT_ARM_BA_V4,False,37.76739110327336,12.928977845541333,15.304921350433327,24.362947981702984,34.345738243954116,21.355945976448954,12.928977845541333,15.304921350433327
Ziel,162,SIGNAL4D_EXT_ARM_BA_V4,False,37.827698555943016,13.293730339952127,14.176782706614558,24.82154928325696,34.36836304694731,22.170822881013812,13.293730339952127,14.176782706614558
Ziel,164,SIGNAL4D_EXT_ARM_BA_V4,False,38.52877926388945,13.50089623415566,14.229236322594845,25.134582082892255,35.83556146772341,22.02339715022374,13.50089623415566,14.229236322594847
Ziel,166,SIGNAL4D_EXT_ARM_BA_V4,False,39.178095748393226,13.441195567279125,14.15710203965365,24.44365110639113,34.84513763784227,21.38426209502705,13.441195567279129,14.15710203965365
Ziel,168,SIGNAL4D_EXT_ARM_BA_V4,False,41.30422227481221,14.408745834991484,13.890161900610128,27.258243654213384,41.1639585216926,23.538796652105642,14.40874583499148,13.890161900610124
Ziel,170,SIGNAL4D_EXT_ARM_BA_V4,False,42.61578468022666,13.421610330269127,13.849566791813265,27.089075284565443,41.19678603967037,23.41542964449557,13.421610330269123,13.849566791813265
Ziel,172,SIGNAL4D_EXT_ARM_BA_V4,False,41.67404751298833,13.4064438489524,13.697491367141021,25.31668775867419,37.7243274924946,21.938447408755103,13.4064438489524,13.697491367141021
Ziel,174,SIGNAL4D_EXT_ARM_BA_V4,False,39.574102870138944,12.96415810205017,13.629341349274318,24.36349633206003,34.83288365281862,21.16523496805815,12.96415810205017,13.629341349274318
Ziel,176,SIGNAL4D_EXT_ARM_BA_V4,False,39.85378774366589,12.954834990324429,13.975766879845889,24.056028240808597,33.89386496310919,20.918255209487253,12.954834990324429,13.975766879845892
Ziel,178,SIGNAL4D_EXT_ARM_BA_V4,False,38.33550510870575,13.300578718055428,14.482583984893049,24.057682642859863,32.72673448627713,20.999916616678938,13.300578718055428,14.482583984893049
Ziel,180,SIGNAL4D_EXT_ARM_BA_V4,False,39.636088186104665,13.41515833622994,13.873492934653104,23.318681715446974,34.11226622852639,20.176187132307504,13.415158336229943,13.873492934653106
Ziel,182,SIGNAL4D_EXT_ARM_BA_V4,False,40.45576815988135,12.932433741741308,13.951542854091985,23.860592391191087,34.37406760507859,20.662188057588068,12.932433741741308,13.951542854091985
Ziel,184,SIGNAL4D_EXT_ARM_BA_V4,False,41.21539341328456,13.330061516960676,13.4791155070212,24.353810895587362,34.78842339591264,21.17572249020324,13.330061516960674,13.4791155070212
reparieren,119,SIGNAL4D_EXT_ARM_BA_V4,False,43.92317220946158,16.392581744074395,9.86783339901806,21.179864246933462,30.336555743760066,18.927027107094386,16.3925817440744,9.867833399018059
reparieren,121,SIGNAL4D_EXT_ARM_BA_V4,False,41.15238925734682,16.252661483391364,10.295867751953608,20.669639665706175,29.802927941382226,18.704403704173696,16.252661483391364,10.295867751953613
reparieren,123,SIGNAL4D_EXT_ARM_BA_V4,False,43.26955912727468,15.598575477766728,9.788953142854938,22.621222994485382,32.96837469939055,20.525399073779546,15.598575477766726,9.78895314285494
reparieren,125,SIGNAL4D_EXT_ARM_BA_V4,False,39.84106945816169,14.556167170421386,10.564508921664132,23.88257238429545,35.19244944603226,21.178342358953405,14.556167170421391,10.564508921664132
reparieren,127,SIGNAL4D_EXT_ARM_BA_V4,False,39.885101891605096,15.129930641481309,10.55933336734375,27.098052511605722,41.512090243430976,23.600011839877787,15.12993064148131,10.55933336734375
reparieren,129,SIGNAL4D_EXT_ARM_BA_V4,False,40.0741062635723,15.322837957658491,9.540274571296433,26.131786190361687,40.44516861069716,23.25075402516739,15.322837957658491,9.540274571296433
reparieren,131,SIGNAL4D_EXT_ARM_BA_V4,False,40.570669840042676,15.931344794579472,8.835179942885713,27.940482358018198,40.937018786788904,24.69270575900287,15.931344794579472,8.835179942885715
reparieren,133,SIGNAL4D_EXT_ARM_BA_V4,False,43.54552197213879,15.95664044666303,8.68497607451077,26.120860986180027,41.443644896491506,22.694298058739815,15.956640446663034,8.68497607451077
reparieren,135,SIGNAL4D_EXT_ARM_BA_V4,False,48.00250025232939,16.372197794664075,8.660336154452656,24.164291238873144,38.41134964932281,21.074857995440382,16.37219779466408,8.660336154452652
reparieren,137,SIGNAL4D_EXT_ARM_BA_V4,False,49.72857592156421,16.124000124077064,8.683327730278068,23.42846217376633,36.1581994976637,20.614103135767746,16.124000124077064,8.683327730278068
reparieren,139,SIGNAL4D_EXT_ARM_BA_V4,False,47.34779708804874,16.62453351792108,7.610972256608456,22.860379909189334,33.70737108448768,20.386417006199146,16.62453351792108,7.610972256608453
reparieren,141,SIGNAL4D_EXT_ARM_BA_V4,False,43.4007483113166,16.07930523680184,8.548365752871572,23.22673536288297,35.3450653117486,20.61338738390097,16.07930523680184,8.548365752871568
reparieren,143,SIGNAL4D_EXT_ARM_BA_V4,False,45.14131973332856,16.384504578409086,10.007973819753392,27.512587592081495,41.865797679650754,24.26507216453685,16.38450457840909,10.00797381975339
reparieren,145,SIGNAL4D_EXT_ARM_BA_V4,False,41.41584894903667,16.144756119175348,10.061038571554738,25.555701455329455,38.54268613759453,22.667899741394468,16.14475611917535,10.061038571554738
reparieren,147,SIGNAL4D_EXT_ARM_BA_V4,False,41.79775008064606,16.14669512461973,10.062293909893334,26.60268302543837,39.671695533456194,23.50670542228976,16.14669512461973,10.062293909893333
reparieren,149,SIGNAL4D_EXT_ARM_BA_V4,False,44.82745298993423,16.797642600769112,9.592820570520677,27.447582683537124,41.428509089124454,24.22912898393038,16.797642600769112,9.592820570520674
reparieren,151,SIGNAL4D_EXT_ARM_BA_V4,False,44.33511637442765,16.760499030901393,8.454785894513828,26.702996839913528,39.09504244100041,23.67404228229685,16.760499030901393,8.454785894513824
reparieren,153,SIGNAL4D_EXT_ARM_BA_V4,False,45.06572301050846,16.1003426667244,9.227105025091188,24.591135328801666,37.20523865383883,21.80881125044615,16.1003426667244,9.227105025091188
reparieren,155,SIGNAL4D_EXT_ARM_BA_V4,False,43.36887292810711,16.459834407677473,9.671633102080214,21.97436640949935,33.2196441845927,19.528155394552584,16.459834407677473,9.671633102080214
reparieren,157,SIGNAL4D_EXT_ARM_BA_V4,False,42.834633743048556,16.95658716954889,9.622946643351503,22.605007314445416,33.193796569960384,20.25586962209482,16.95658716954889,9.622946643351503
reparieren,159,SIGNAL4D_EXT_ARM_BA_V4,False,41.9921440820932,16.64010067650804,10.52487634116701,23.171614944842155,34.05640323972908,20.601598890390473,16.64010067650804,10.52487634116701
reparieren,161,SIGNAL4D_EXT_ARM_BA_V4,False,45.372220910228,15.637992240800425,11.097293610529103,25.324662508674464,38.09470112893841,22.352455703517784,15.637992240800425,11.097293610529105
