clip_id,frame_id,method,one_handed_class_0,tr_all_mm,tr_left_hand_mm,tr_right_hand_mm,tr_upper_body_minus_face_mm,tr_upper_body_minus_head_mm,tr_upper_body_mm,v2v_left_wrist_mm,v2v_right_wrist_mm
Ablehnen,177,M1_alpha1,False,42.40228131995105,9.543394612333019,8.006334952243106,30.148292242658513,50.279420040946874,25.37987169015918,9.543394612333019,8.006334952243106
Ablehnen,179,M1_alpha1,False,39.62193529616154,11.873232205705243,8.052811688099055,32.57720458811948,51.47572286379417,27.693505074310913,11.873232205705243,8.052811688099055
Ablehnen,181,M1_alpha1,False,43.86668892490632,10.49734548030246,8.430075298187951,36.073269066882425,60.57232603866034,30.122985198917434,10.49734548030246,8.430075298187951
Ablehnen,183,M1_alpha1,False,41.932602443093,12.01463357441709,8.076930286968052,33.19761084675626,52.680362669681536,28.093072441371945,12.014633574417088,8.076930286968052
Ablehnen,185,M1_alpha1,False,44.01707125117898,10.529458451306615,8.390033795513329,36.385816422303904,59.836132660797645,30.51501048193622,10.529458451306615,8.390033795513329
Ablehnen,187,M1_alpha1,False,41.83640467734096,11.219942508796374,8.804831958609329,37.673282089684655,59.38512246723757,31.878528018654684,11.219942508796374,8.804831958609329
Ablehnen,189,M1_alpha1,False,43.26679944158103,10.4354582941086,8.624127571460367,35.88455568039833,59.413165285191596,30.107476592501158,10.435458294108598,8.624127571460367
Ablehnen,191,M1_alpha1,False,43.865977729692425,9.833282014088805,11.607188760814003,39.22970838663569,63.54869014322909,33.14352687406617,9.833282014088805,11.607188760814003
Ablehnen,193,M1_alpha1,False,47.00862064455182,9.59740717361243,11.93453617315665,39.816664190397795,63.55923155125283,33.86953343176,9.59740717361243,11.93453617315665
Ablehnen,195,M1_alpha1,False,42.746735155324885,10.953709051719835,12.362394002929918,35.54436593542766,56.91599005807172,30.116560421917715,10.953709051719835,12.362394002929918
Ablehnen,197,M1_alpha1,False,48.65351763503386,11.155054886397643,13.433032262699886,39.70711537467538,64.95931394996639,33.54790403125553,11.155054886397643,13.433032262699886
Ablehnen,199,M1_alpha1,False,42.37660927640808,11.323769650926483,12.510906187713278,37.61245233186423,59.967675291708495,31.817755574848338,11.323769650926483,12.510906187713278
Ablehnen,201,M1_alpha1,False,42.18990938427139,11.75953576423918,12.288310055895618,35.78450990775886,54.231455641626134,30.544409555726187,11.75953576423918,12.288310055895616
Ablehnen,203,M1_alpha1,False,39.587609469597766,13.255831414530252,12.579649593840303,34.94350347313569,49.2437918716975,30.32800959500093,13.255831414530252,12.579649593840303
Ablehnen,205,M1_alpha1,False,40.18394478708978,15.28268096828607,16.56279302215497,38.409340074714585,50.566635664735514,33.71392711356107,15.28268096828607,16.56279302215497
Ablehnen,207,M1_alpha1,False,48.32445797915531,18.06395354237887,24.344799287431005,48.90018777876171,60.914069252246236,43.45601270128528,18.06395354237887,24.344799287431005
Akzeptieren,186,M1_alpha1,False,37.9530382738915,7.803945153368412,6.714092995102621,20.716796731591707,30.2316542125491,17.812763872426572,7.803945153368414,6.714092995102621
Akzeptieren,188,M1_alpha1,False,36.9575087018138,7.829472807667916,7.43193970422133,24.12348409057851,34.746395812700996,21.149567070065963,7.829472807667916,7.431939704221329
Akzeptieren,190,M1_alpha1,False,41.48155183777585,9.661424554389571,7.151384299375824,25.632522363058825,38.72923765740246,22.077710246971737,9.661424554389571,7.151384299375822
Akzeptieren,192,M1_alpha1,False,40.62189981011438,7.106575185593572,6.320783352843515,30.65564217105854,43.24471668421878,26.735470070064974,7.106575185593572,6.320783352843515
Akzeptieren,194,M1_alpha1,False,38.79194754749483,6.548586825812387,8.477941293176515,30.560221306854938,42.79221508109349,26.756268358152592,6.548586825812387,8.477941293176517
Akzeptieren,196,M1_alpha1,False,38.296932906902306,7.673954552992611,10.11506353913403,32.686187315033656,46.72644805376039,28.323081507920694,7.673954552992611,10.11506353913403
Akzeptieren,198,M1_alpha1,False,50.20387135547682,9.62748240155073,12.360836528921133,49.1269052426575,55.11969610550237,44.3287408736149,9.627482401550727,12.360836528921133
Akzeptieren,200,M1_alpha1,False,57.18979212639986,10.704885528618291,13.170401912810094,58.36485659837184,61.93766637734995,52.829614512226286,10.70488552861829,13.170401912810094
Arzt,208,M1_alpha1,False,50.39513240002953,11.2440326126602,6.924892267690941,23.82033625472116,33.16508882178384,20.98126638834298,11.2440326126602,6.924892267690941
Arzt,210,M1_alpha1,False,47.18731390915374,13.366504231578292,7.970877745082213,22.45156051993228,31.99670147602983,19.857731401961445,13.366504231578292,7.970877745082214
Arzt,212,M1_alpha1,False,50.81644618643745,10.611612556033164,7.9517851160575885,27.04998062535114,34.90380274759428,24.100077838415043,10.61161255603316,7.9517851160575885
Arzt,214,M1_alpha1,False,43.36104185092533,13.185834896762726,7.628766033908553,21.929981387314275,32.25247091983504,19.26545940115393,13.185834896762726,7.628766033908552
Arzt,216,M1_alpha1,False,45.59797110519777,10.368975398189002,6.797926567849037,25.46712782740173,36.71382483500773,22.395825100239662,10.368975398189006,6.797926567849035
Arzt,218,M1_alpha1,False,43.13928453828211,12.296430985949199,7.0437466093216345,23.787938283994226,33.72115148167123,21.132469037127322,12.296430985949199,7.0437466093216345
Arzt,220,M1_alpha1,False,46.2501719219826,12.752390128159815,7.003247394554038,23.95482406301199,34.24405432519301,21.358560910353727,12.752390128159815,7.003247394554038
Arzt,222,M1_alpha1,False,45.12839759630282,12.506162232051489,7.375908545357689,23.604765930192844,33.930462352811375,20.981461654138187,12.506162232051489,7.3759085453576905
Arzt,224,M1_alpha1,False,48.40178187418518,9.922870614745127,6.737000731790544,26.20671507480148,36.83068500987055,23.181922231172983,9.922870614745126,6.737000731790544
Arzt,226,M1_alpha1,False,43.81620785637578,10.852545441777679,7.6677661379914435,24.20092699960504,33.87108364534306,21.384409585645827,10.852545441777679,7.667766137991442
Arzt,228,M1_alpha1,False,41.77877137322847,13.450570908030171,6.745319637786499,21.343159218802743,32.72152890303253,18.651660190349883,13.450570908030173,6.745319637786499
Arzt,230,M1_alpha1,False,40.67686303964702,12.616791643456445,5.958532735803471,22.07211523473242,33.73508140494527,19.471210688166007,12.616791643456448,5.958532735803471
Arzt,232,M1_alpha1,False,38.036319095353946,12.868902352890137,6.919452364463763,25.27439807226449,36.60539865784954,22.314650610384763,12.868902352890139,6.919452364463762
Arzt,234,M1_alpha1,False,39.21384088443668,11.700810404618931,8.584592874618975,24.50440731365521,37.15307850756495,21.98565158108608,11.700810404618931,8.584592874618975
Arzt,236,M1_alpha1,False,40.73906246413412,13.027561969844138,10.632962098078915,26.55192392529344,36.89773221338134,23.84778787881657,13.027561969844138,10.632962098078915
Arzt,238,M1_alpha1,False,37.8891563477037,16.814863454388792,12.13481559244283,32.844223223171184,41.24678466888159,29.339806729803694,16.814863454388792,12.13481559244283
Arzt,240,M1_alpha1,False,41.319219130633186,25.787673404753196,12.641814278435914,39.46885942579979,55.545714808833246,34.451455871280366,25.78767340475319,12.641814278435914
Arzt,242,M1_alpha1,False,43.37084270959506,28.821137259727283,13.425242648643875,44.295128201227875,61.14080939380296,38.77636589804537,28.82113725972728,13.425242648643875
Arzt,244,M1_alpha1,False,43.671500682655775,21.718949659181394,13.649459560218427,44.4182183397105,57.0895089380085,39.576863720000084,21.718949659181394,13.649459560218427
Arzt,246,M1_alpha1,False,49.97077360553545,14.014940223531289,25.081302421353556,47.34376442058012,36.91496911808363,44.83360190543704,14.014940223531289,25.081302421353556
Arzt,248,M1_alpha1,False,47.13177773951607,14.322066426832228,10.797949445516595,44.6345460293335,37.89012755152985,42.23399441936701,14.322066426832228,10.797949445516595
AufgebenResignieren,190,M1_alpha1,False,41.37498814445325,8.742714688763233,10.787218008629328,25.622075276024308,36.4952388134701,22.172470604996487,8.742714688763233,10.78721800862933
AufgebenResignieren,192,M1_alpha1,False,43.59617353347524,7.1405731465208895,9.22530607395782,29.881423768827148,41.99160738075858,25.962068893563824,7.1405731465208895,9.225306073957821
AufgebenResignieren,194,M1_alpha1,False,42.3951946570476,7.557529255500912,8.327228220243608,29.06362187547635,41.31605317264812,25.198263968755253,7.557529255500912,8.32722822024361
AufgebenResignieren,196,M1_alpha1,False,41.762486126447676,6.930149056339522,8.17362875915285,26.870856913960015,39.92308482841074,23.096885444962183,6.930149056339522,8.17362875915285
AufgebenResignieren,198,M1_alpha1,False,42.34344043456264,8.186362905325112,7.28013011075655,26.111900049014153,37.915931456652764,22.514294040783824,8.186362905325112,7.28013011075655
AufgebenResignieren,200,M1_alpha1,False,40.97182013038294,8.775036529944122,7.039761323509513,30.91019998547792,40.36862034541451,27.087003644986297,8.775036529944122,7.039761323509513
AufgebenResignieren,202,M1_alpha1,False,39.30430770197743,9.783616725196259,7.411048452638946,32.46475085872206,39.921377293583106,28.820542607493227,9.783616725196259,7.411048452638946
AufgebenResignieren,204,M1_alpha1,False,40.213194699987945,7.361337029175377,6.314940098354231,29.24540902336077,43.76608061275961,25.118150462116787,7.361337029175377,6.314940098354231
AufgebenResignieren,206,M1_alpha1,False,41.25843586067631,8.519743897090974,6.7894989071350755,27.3798085360509,45.412625311104286,23.039233172544463,8.519743897090972,6.7894989071350755
AufgebenResignieren,208,M1_alpha1,False,39.87959509802393,9.659045537086893,7.350261154071902,30.95783468029486,48.50770554789527,26.31874119430372,9.659045537086893,7.350261154071902
AufgebenResignieren,210,M1_alpha1,False,44.06344885978816,9.936863466375057,8.913034576919154,41.98725616560378,59.96913073471938,36.38920619166598,9.936863466375057,8.913034576919154
AufgebenResignieren,212,M1_alpha1,False,54.73697883937756,14.31658974631263,13.33174100489379,56.06428262540397,59.43647011054047,50.73835435144977,14.31658974631263,13.33174100489379
AusgebenGeldVerschwenden,158,M1_alpha1,False,42.42126454359652,8.999104365301722,11.818574075760235,28.512852632663012,45.558781926658675,24.29980479338749,8.999104365301722,11.818574075760235
AusgebenGeldVerschwenden,160,M1_alpha1,False,39.79922015908729,10.16829286105118,12.315492891286734,25.879913104135458,40.83188344399741,22.088789286283895,10.16829286105118,12.315492891286734
AusgebenGeldVerschwenden,162,M1_alpha1,False,36.99747808373019,9.866827270594996,12.3525907677714,24.28848483914791,36.99771739719106,20.94764256662457,9.866827270594992,12.352590767771401
AusgebenGeldVerschwenden,164,M1_alpha1,False,40.390180491165175,9.185193566773808,13.083103963896287,27.664968045993707,44.159964330949975,23.47526314958172,9.185193566773808,13.083103963896287
AusgebenGeldVerschwenden,166,M1_alpha1,False,37.372950036688096,9.862837171928886,13.41691860159884,29.07374574719789,43.420135213276716,24.81773195898553,9.862837171928886,13.41691860159884
AusgebenGeldVerschwenden,168,M1_alpha1,False,40.697196119951634,9.63566956774853,14.10596664452863,27.726877596175427,41.62624979205452,24.039433238202307,9.635669567748527,14.10596664452863
AusgebenGeldVerschwenden,170,M1_alpha1,False,41.25756638249176,10.474597685350329,14.43829087675664,28.734802822151785,42.446091507717924,24.838604180136016,10.474597685350329,14.438290876756637
Auto,174,M1_alpha1,False,39.39563286723159,13.07950649601831,13.835305313281133,23.862921408152083,35.83237246074923,21.364639657869667,13.07950649601831,13.835305313281133
Auto,176,M1_alpha1,False,39.44886335405346,12.667754099837211,13.692140279482523,23.704105888830064,34.49964077214173,21.37535262517758,12.667754099837211,13.692140279482523
Auto,178,M1_alpha1,False,37.60502033527505,12.18910547724875,12.500144886868151,26.255116389458465,36.98579446152785,23.257459951448016,12.18910547724875,12.500144886868151
Auto,180,M1_alpha1,False,34.19079976818305,12.49334284628664,13.547676916591866,22.48169456400545,32.64046159663383,19.758248428658504,12.49334284628664,13.547676916591866
Auto,182,M1_alpha1,False,35.212588534279185,12.808144977573619,13.740531605532636,23.487172000108956,35.14975349954423,20.755385593813603,12.808144977573619,13.740531605532636
Auto,184,M1_alpha1,False,37.6895610493318,11.635535741929514,14.212146409365458,22.115780924645627,31.461512827776012,19.768214724665093,11.635535741929514,14.212146409365458
Auto,186,M1_alpha1,False,39.63545485302376,12.528758018808029,14.051827027838081,22.84323443829118,34.09078593913636,20.478391285181203,12.528758018808029,14.051827027838081
Auto,188,M1_alpha1,False,36.34047979820976,12.057125650888665,13.629086745179142,22.664757809735846,33.25856550644948,19.851001504034812,12.057125650888665,13.629086745179142
Auto,190,M1_alpha1,False,35.61690291676472,10.944402207931581,11.917593796838,22.45340376499421,28.27269269177696,20.18662273905036,10.944402207931581,11.917593796838
Auto,192,M1_alpha1,False,35.85390711730528,11.031159241671586,8.27016817013433,21.355679173912485,30.1404111794698,19.118482924640062,11.031159241671586,8.27016817013433
Auto,194,M1_alpha1,False,33.685452555423474,10.734974087332601,6.3317979117745145,21.08800959625857,27.27392415727045,18.703294366939925,10.734974087332601,6.331797911774515
Auto,196,M1_alpha1,False,32.91467674402825,8.947363444846378,7.2506194973493905,22.611074067751,27.69147246753919,20.399746304425715,8.947363444846376,7.2506194973493905
Auto,198,M1_alpha1,False,43.76360262678727,8.105057164439359,7.465807861753557,40.601347290768686,43.33400512061314,37.25149056022024,8.105057164439359,7.465807861753557
Auto,200,M1_alpha1,False,51.84529279761787,8.37505266966219,9.575555094240443,49.379868379719476,52.4951403055231,44.95116027348564,8.37505266966219,9.575555094240444
Auto,202,M1_alpha1,False,53.97589819372009,12.895862854452876,12.660605202691256,52.171594971363106,54.66171350222977,47.21998868734305,12.895862854452876,12.660605202691256
BesuchenEinmischen,210,M1_alpha1,False,32.25000185528354,17.954867841008994,15.519812936649805,23.192863023878118,32.17424212811653,20.78206700445041,17.954867841008994,15.519812936649803
BesuchenEinmischen,212,M1_alpha1,False,31.33160613283091,12.988080642820888,15.54787552380946,22.997566202288922,33.00270992714515,20.64250694686097,12.988080642820888,15.547875523809457
BesuchenEinmischen,214,M1_alpha1,False,32.48501434006145,12.798287074376946,14.89476422865428,22.389548242337344,33.62808276080509,20.29769048411511,12.798287074376947,14.894764228654278
BesuchenEinmischen,216,M1_alpha1,False,33.16855817484992,16.19142262712264,14.208842607075946,21.835711011749215,31.94922420942743,19.886043620792716,16.19142262712264,14.208842607075946
BesuchenEinmischen,218,M1_alpha1,False,33.12207963162151,18.344803905935056,13.16802756869891,24.99582455839753,34.609336462657495,22.359854870809237,18.344803905935056,13.16802756869891
BesuchenEinmischen,220,M1_alpha1,False,32.785153701161,11.49373514857372,12.051171152843697,22.51708055801163,34.260520947442714,20.170001449779075,11.493735148573718,12.051171152843695
BesuchenEinmischen,222,M1_alpha1,False,34.18397725385883,16.846641562365996,12.236541109829991,25.33948079297643,34.54347479345598,22.605609619691826,16.846641562365996,12.236541109829988
BesuchenEinmischen,224,M1_alpha1,False,32.41255809343955,13.04889139156869,12.460001838516737,20.927210697194017,31.764933744952316,18.712952521856664,13.048891391568686,12.460001838516737
BesuchenEinmischen,226,M1_alpha1,False,34.10593522952326,18.503796178967185,12.035438903430087,24.02725310721003,34.03081985103236,21.443716200301154,18.503796178967193,12.035438903430087
BesuchenEinmischen,228,M1_alpha1,False,32.93568835426002,18.229303253208094,10.421511584922941,21.872809070995118,31.307434896179544,19.47369891576981,18.229303253208094,10.42151158492294
BesuchenEinmischen,230,M1_alpha1,False,34.7302492544384,22.100745131610886,10.722491117457565,25.417371181553573,33.633441974812875,22.71885998141411,22.100745131610882,10.722491117457565
BesuchenEinmischen,232,M1_alpha1,False,33.76169832633304,17.80083931853969,10.00191129622738,22.179719434691503,32.32269684221008,19.658369808341295,17.80083931853969,10.00191129622738
BesuchenEinmischen,234,M1_alpha1,False,32.885948494692464,20.305049967084535,9.913097622612772,25.715651867866423,34.63315815605291,23.080560634780962,20.305049967084535,9.913097622612772
BesuchenEinmischen,236,M1_alpha1,False,33.69674937095967,15.693406145886248,9.00777574628534,22.639460991056104,31.99319933531873,20.35165532167662,15.693406145886248,9.00777574628534
BesuchenEinmischen,238,M1_alpha1,False,43.13570546989321,30.163305909986942,11.352460025609112,41.61238607400743,46.94513804049489,37.54588749482623,30.163305909986946,11.35246002560911
BesuchenEinmischen,240,M1_alpha1,False,41.91012577552605,31.519353709973593,11.801857128126269,39.7625234411913,47.22722270757677,35.78670589398674,31.519353709973593,11.801857128126269
BesuchenEinmischen,242,M1_alpha1,False,44.6079439569188,33.721890040077064,12.516045395235613,43.78853028562823,44.499002244978264,40.59791435212208,33.721890040077064,12.516045395235615
Blitz,179,M1_alpha1,True,42.36583611723021,,15.526981392350484,37.45127318107079,54.141825962195384,32.101664768251894,,15.526981392350478
Blitz,181,M1_alpha1,True,43.05732282473556,,15.567880570304611,41.11723424190305,57.624141011460104,35.43759042078336,,15.567880570304611
Blitz,183,M1_alpha1,True,44.84951403235845,,15.810455087803303,40.67212519886642,57.77626944449541,35.31275718542671,,15.810455087803303
Blitz,185,M1_alpha1,True,43.896384455298104,,16.156095478114356,42.93015006805761,59.39455467329484,37.1642569418739,,16.156095478114356
Blume,163,M1_alpha1,False,42.32786421486981,18.617441018461506,11.909082550763499,28.792990792732244,35.61293731647455,26.472827098871615,18.617441018461506,11.909082550763499
Blume,165,M1_alpha1,False,39.5402090331855,17.106603583477312,10.91456516774686,28.168327040032615,37.24326758786199,25.296387449819452,17.106603583477312,10.91456516774686
Blume,167,M1_alpha1,False,40.564651848984084,16.262882675277023,10.866266931705573,29.62003109060943,40.39877335447153,26.66975458491654,16.262882675277023,10.866266931705573
Blume,169,M1_alpha1,False,39.03842453595876,19.12235215578344,11.728170044691959,29.279469644989526,37.300409372439624,26.42225395129613,19.12235215578344,11.728170044691959
Blume,171,M1_alpha1,False,43.66586294295528,18.007375962501317,10.785535490491588,27.422450904069457,36.969969439863625,24.828459854891822,18.007375962501314,10.785535490491588
Blume,173,M1_alpha1,False,41.823636933487734,16.436916622612202,10.023467901539519,30.140825562766928,36.448609544137234,27.407433303928737,16.436916622612202,10.023467901539519
Blume,175,M1_alpha1,False,41.149469237040655,15.328926134472207,10.718539801251262,28.503598169255948,40.164608055675934,25.709659754840242,15.32892613447221,10.718539801251262
Blume,177,M1_alpha1,False,43.04751346530454,20.862241595463423,11.354771481314499,28.794726228891424,37.410322684843464,26.009886242110387,20.862241595463423,11.354771481314497
Blume,179,M1_alpha1,False,42.619412670722824,15.026761845910457,12.525750222082618,28.005126080121986,41.00160971325761,25.346687345382392,15.02676184591046,12.525750222082618
Blume,181,M1_alpha1,False,43.52211159329956,21.316285492394467,13.59766363632653,28.044984803039007,40.04979121094896,25.53435430235151,21.316285492394467,13.59766363632653
Blume,183,M1_alpha1,False,40.06016854019987,16.569721911939325,12.77985178624296,27.75400438639387,40.55125222143664,24.860622164648987,16.569721911939325,12.77985178624296
Blume,185,M1_alpha1,False,42.73672303207142,16.971060908953028,11.523632018128156,26.460003617146512,37.642015309744714,24.080009775729497,16.971060908953028,11.523632018128158
Blume,187,M1_alpha1,False,39.7407338417209,19.130796286154943,11.936528096398417,25.10807603488906,37.18322714470004,22.22834113696599,19.13079628615495,11.936528096398419
Blume,189,M1_alpha1,False,43.043074553310056,18.87947839107621,11.771839536632537,25.953515077031522,38.00153875635509,23.15810604197574,18.87947839107621,11.771839536632537
Blume,191,M1_alpha1,False,41.3543215725632,19.50569486740938,11.96401817615655,26.711392762195114,40.279242786592974,23.31170297064343,19.50569486740938,11.964018176156547
Blume,193,M1_alpha1,False,41.033005941568504,17.361676280707503,12.9338141804937,32.00462737901671,48.50498958664428,27.952010701571215,17.361676280707503,12.9338141804937
Blume,195,M1_alpha1,False,40.70470636808669,19.371490734023013,13.799610973152026,34.280266318789906,49.70681979907676,29.871587570586932,19.371490734023013,13.799610973152026
Blume,197,M1_alpha1,False,47.33683620027045,16.177292495050807,12.495822188911466,42.877126194420505,67.6862454375555,36.79785542194227,16.177292495050807,12.495822188911466
Boese,165,M1_alpha1,True,46.785888540772056,,17.54142622392015,36.86891043762298,52.57464660754042,32.38116514059167,,17.54142622392015
Boese,167,M1_alpha1,True,43.40164368242707,,17.53253022617858,35.397975233487024,52.88110930321965,30.693097061338214,,17.532530226178576
Boese,169,M1_alpha1,True,46.4093451554201,,17.946686176973394,37.19688374412138,55.326589079407434,32.486479595107596,,17.946686176973394
Boese,171,M1_alpha1,True,48.577876747637376,,17.652490196751902,38.652771155156024,55.565307695961295,33.82278416572146,,17.652490196751902
Boese,173,M1_alpha1,True,46.287486244261906,,15.844283560444257,34.8646088582629,53.03810494707289,30.20357004818001,,15.844283560444257
Boese,175,M1_alpha1,True,41.14581334874612,,14.053790463456977,32.26764696231173,49.270253520165845,27.939895059531732,,14.053790463456977
Boese,177,M1_alpha1,True,40.08354072502952,,17.59866369912026,31.31861286408224,47.5079233550025,26.933522912644737,,17.59866369912026
Boese,179,M1_alpha1,True,44.600799435570565,,22.247119083415257,32.25386979399484,48.012795524218696,28.325160628668108,,22.247119083415257
Boese,181,M1_alpha1,True,38.91741826218636,,24.985776272946612,29.13024515290935,45.432280135378456,25.232520909088233,,24.985776272946612
Boese,183,M1_alpha1,True,35.17329505603935,,28.37093636388263,28.363313876785703,42.92984222112702,24.676794181768088,,28.37093636388263
Boese,185,M1_alpha1,True,46.443147730324725,,27.602782897926435,42.27983161413945,63.80499764923878,36.5696108587598,,27.602782897926435
BroetchenAufschneiden,247,M1_alpha1,False,48.90162101293795,13.783372928251415,17.39859432372668,32.108455492265804,49.518449189028026,27.62871039283917,13.783372928251415,17.39859432372668
BroetchenAufschneiden,249,M1_alpha1,False,52.56279510152047,11.269151294120977,17.49212057946925,33.50787251597046,46.72958863018739,29.33060485887506,11.269151294120977,17.49212057946925
BroetchenAufschneiden,251,M1_alpha1,False,55.75691990005046,16.530301436949365,17.79803122353444,37.70900988998336,53.38104695353877,32.912672978126984,16.530301436949365,17.79803122353444
BroetchenAufschneiden,253,M1_alpha1,False,48.721317617077894,11.35228171588292,16.566941335068567,28.347279267013022,37.18636532097765,25.25504288365032,11.35228171588292,16.566941335068567
BroetchenAufschneiden,255,M1_alpha1,False,50.55583108279257,11.188494890372258,16.104985788375032,29.964890343647525,40.02897372314912,26.64395351181103,11.188494890372258,16.104985788375032
BroetchenAufschneiden,257,M1_alpha1,False,46.23974816993697,15.73425468050412,14.915199617098255,28.068245925623476,40.67294357937589,24.60994041372003,15.73425468050412,14.915199617098255
BroetchenAufschneiden,259,M1_alpha1,False,45.275314758861924,13.15060764578893,15.142812242781892,27.65876326217342,37.34834227278234,24.55644883086242,13.15060764578893,15.142812242781892
BroetchenAufschneiden,261,M1_alpha1,False,54.379905783012894,13.200425090618326,15.139135184267612,33.86733560802011,45.31564840223123,30.110110416624035,13.200425090618326,15.139135184267612
BroetchenAufschneiden,263,M1_alpha1,False,49.358951918643996,10.999354467444046,13.042082835498066,29.642633244379436,38.35742267311308,26.648159060479323,10.999354467444046,13.042082835498066
BroetchenAufschneiden,265,M1_alpha1,False,43.84078912860266,10.986033910552155,12.462620956264013,25.79586151723512,37.31676316194511,22.8479567803249,10.986033910552155,12.462620956264011
BroetchenAufschneiden,267,M1_alpha1,False,37.2510700294232,11.451606853834521,12.647430424629444,22.941703783562872,35.923481762660536,20.312718963556403,11.451606853834521,12.647430424629444
BroetchenAufschneiden,269,M1_alpha1,False,46.391036988309686,10.439723453786431,11.53791029025084,27.837071778186633,31.885044975360362,25.24566851241412,10.439723453786431,11.53791029025084
BroetchenAufschneiden,271,M1_alpha1,False,34.30275662855826,8.161074196434033,9.824380432436223,22.020992899230503,30.532285141094153,19.647715533539813,8.161074196434035,9.824380432436222
BroetchenAufschneiden,273,M1_alpha1,False,30.221188877213287,10.167844735309556,9.297177807883058,19.773177495231984,28.864944388362456,17.608504001591253,10.167844735309554,9.297177807883058
BroetchenAufschneiden,275,M1_alpha1,False,32.649224679696886,7.215363600153529,9.75832363535665,20.117516042476304,29.52609932460351,18.045800740152327,7.215363600153528,9.758323635356652
BroetchenAufschneiden,277,M1_alpha1,False,31.991619938650963,9.43924210446828,9.449758107425916,24.065160451827918,30.768439240832056,21.703458675353072,9.43924210446828,9.449758107425916
BroetchenAufschneiden,279,M1_alpha1,False,37.032615762441786,10.987028296160426,13.535965259686153,31.660770043581504,40.22823020556465,28.38434334589013,10.987028296160426,13.535965259686153
BroetchenAufschneiden,281,M1_alpha1,False,38.41727309172202,10.9276425943935,11.756241850861143,35.900898068625814,48.20753702875179,31.707937489003836,10.9276425943935,11.75624185086114
BroetchenAufschneiden,283,M1_alpha1,False,41.32658277145064,9.127267226993212,19.161450635805437,39.958168935026826,56.00045512016437,34.84669917048703,9.127267226993212,19.161450635805437
BroetchenAufschneiden,285,M1_alpha1,False,42.94124141656336,10.710860311477553,24.255669469764232,42.5443244761489,57.71376337081602,37.594587664850835,10.710860311477555,24.255669469764232
BroetchenAufschneiden,287,M1_alpha1,False,41.36874100597976,15.770280496049047,14.756067682606522,39.44094910849202,52.01557760688085,35.28977048766384,15.770280496049047,14.756067682606522
BroetchenAufschneiden,289,M1_alpha1,False,46.20684447096742,11.374564560996511,35.239491141202336,44.450028616174734,58.199385166887105,39.34179127539476,11.37456456099651,35.239491141202336
Dort,197,M1_alpha1,True,36.69836816606285,,13.221491681622865,24.71969603994445,41.35426715004166,21.0749749520792,,13.221491681622865
Dort,199,M1_alpha1,True,38.41687336762808,,13.501328711721456,26.031264753215456,43.734443690691215,22.278035342746293,,13.501328711721456
Dort,201,M1_alpha1,True,39.53535330094003,,12.601458534940098,26.863207228927642,45.11694689309559,23.236286863620705,,12.601458534940095
Dort,203,M1_alpha1,True,41.45134819394306,,12.98754229332603,28.97224910359898,48.18120653049475,25.295183075623452,,12.987542293326033
Dort,205,M1_alpha1,True,43.18602330207206,,11.857195620779557,29.839282050460238,49.5920602448035,26.03548025819023,,11.857195620779557
Dort,207,M1_alpha1,True,41.745186706135904,,10.819622712228629,29.266638920999252,48.47844064743357,25.43964239583051,,10.819622712228629
Dort,209,M1_alpha1,True,44.14037837800452,,9.34997709216621,30.63660367115033,51.71066316282856,26.527561018570847,,9.34997709216621
Dort,211,M1_alpha1,True,41.60713882123308,,7.930300882427618,30.582637822834972,48.86318763387361,26.426321267418835,,7.930300882427618
Dort,213,M1_alpha1,True,42.451932388949864,,7.099257369682552,34.55501702461743,54.40760466572827,29.614869600541454,,7.099257369682552
Dort,215,M1_alpha1,True,39.010995752051244,,7.736301511622205,34.678974315245654,54.20262799902738,29.54798560279883,,7.736301511622205
Dort,217,M1_alpha1,True,46.00084360723043,,11.36015186626198,45.83855701004931,65.04926694298086,39.55078029527549,,11.36015186626198
Duenn,202,M1_alpha1,True,40.473380780437736,,16.225273087363895,26.090102434144047,37.96471865556326,22.907736734210086,,16.225273087363895
Duenn,204,M1_alpha1,True,42.444673544521564,,16.20573568250783,26.52455892826008,40.04687850280986,23.60028389878199,,16.20573568250783
Duenn,206,M1_alpha1,True,41.65674358814343,,15.92928509139453,27.15109838595962,39.48212883647242,24.268261054282142,,15.92928509139453
Duenn,208,M1_alpha1,True,39.533025772216874,,15.981660820095167,27.036140881370294,38.572144539876,24.079859659421167,,15.981660820095167
Duenn,210,M1_alpha1,True,38.53827943857795,,15.520645444391192,27.13640825197433,37.73861078260051,23.862963859521876,,15.520645444391192
Duenn,212,M1_alpha1,True,43.04091023739259,,14.727210741724393,27.040684650463888,40.11552322949764,24.12148756717586,,14.727210741724393
Duenn,214,M1_alpha1,True,40.245797925518005,,13.773692117945297,27.989680801468797,40.331926794194956,24.647612353250096,,13.773692117945297
Duenn,216,M1_alpha1,True,44.308941029048036,,12.207423470528708,28.801531755960223,43.90428237808538,25.514738076631204,,12.207423470528708
Duenn,218,M1_alpha1,True,43.430330394697144,,12.151220615120858,31.016002989288115,46.419013559452374,27.295411238754028,,12.151220615120858
Duenn,220,M1_alpha1,True,46.92832010530295,,10.427550082198529,32.56879025379166,49.7745381798512,28.54381270886005,,10.427550082198529
Duenn,222,M1_alpha1,True,39.72271995054649,,9.130888286781015,32.021956829555506,43.035962458454264,28.06025497416325,,9.130888286781017
Duenn,224,M1_alpha1,True,45.1748817860144,,10.45629936707824,35.02826138444057,52.22359526491001,30.54794024471043,,10.45629936707824
Duenn,226,M1_alpha1,True,40.80055369962456,,10.373865885963104,29.49442311066671,45.89804061985688,25.24858440550195,,10.373865885963102
Duenn,228,M1_alpha1,True,43.23879781013657,,11.396177969818549,36.08126915444729,57.94794976943513,30.661584456348187,,11.396177969818549
Duenn,230,M1_alpha1,True,41.10835859243609,,12.136053281481425,34.10527996356807,53.54072320141501,29.24449373939661,,12.136053281481422
Einkaufen,184,M1_alpha1,False,36.45624989533086,10.417165810252282,14.882096527083949,22.077649292564924,31.58145419319285,19.289793134815323,10.417165810252282,14.88209652708395
Einkaufen,186,M1_alpha1,False,33.80574043667132,11.645429677907579,18.835589901682326,21.61027314600502,31.172300253487542,18.667151799756972,11.645429677907579,18.835589901682326
Einkaufen,188,M1_alpha1,False,40.81175213639674,12.00343203732407,22.373246970653813,26.194772177784564,38.420057027401995,22.982344137631873,12.003432037324067,22.373246970653813
Einkaufen,190,M1_alpha1,False,37.412649470285565,12.330355303818207,21.789411844439222,31.099386841178447,43.96413700289541,26.90250170886203,12.330355303818207,21.789411844439222
Einkaufen,192,M1_alpha1,False,41.50852591269996,23.8281699645393,40.93192383922971,37.93668988122157,37.48245738064632,34.86618018607436,23.8281699645393,40.93192383922971
Einkaufen,194,M1_alpha1,False,42.76637889599362,24.865558660125224,38.49526272948383,39.79196926546745,39.505127247777644,36.580759476626184,24.865558660125224,38.49526272948382
Einnehmen,223,M1_alpha1,False,34.05819927249776,16.221003304791076,15.68016971926905,22.624998309438528,32.55906032614859,20.101177534228416,16.221003304791076,15.68016971926905
Einnehmen,225,M1_alpha1,False,34.03959655016813,14.431647413990497,15.71045963927914,23.177075926857068,35.009320410852986,20.540401173986435,14.431647413990497,15.710459639279144
Einnehmen,227,M1_alpha1,False,34.06619933544506,18.195775240641055,14.623529121160997,22.127964749277808,33.636889906690655,19.650678630823318,18.195775240641055,14.623529121160997
Einnehmen,229,M1_alpha1,False,31.600745177114817,15.151982769383737,13.530867844502982,22.935439537532528,34.05172766514515,20.352801063538507,15.151982769383734,13.530867844502982
Einnehmen,231,M1_alpha1,False,34.708174097948245,13.260129563046462,12.332888992444419,25.79095371263421,37.668746804801785,22.914336978754896,13.260129563046462,12.33288899244442
Einnehmen,233,M1_alpha1,False,35.34702521913931,14.957320226426727,12.993364440640118,26.108872329857217,39.34796531410151,23.250058548032694,14.957320226426726,12.993364440640118
Einnehmen,235,M1_alpha1,False,37.224556618402225,18.365753447363517,12.965797494988566,27.61811535419881,40.920740364887365,24.574203215236185,18.365753447363517,12.965797494988566
Einnehmen,237,M1_alpha1,False,34.10615017765652,13.27875881467496,11.555384461515654,29.9830329295256,45.42297687783586,26.208825085278846,13.27875881467496,11.555384461515654
Einnehmen,239,M1_alpha1,False,47.64976880557601,29.468374571595096,18.610697853195784,48.52408133990716,49.25974030053704,44.35543764480871,29.468374571595096,18.610697853195784
EinstellenJob,208,M1_alpha1,False,37.711726632726865,11.567936568746836,9.150967467954501,28.020457332002543,35.2434133746137,24.731908534148776,11.567936568746836,9.150967467954501
EinstellenJob,210,M1_alpha1,False,37.66780272922743,10.573597702274688,8.511232033989403,26.441915109178325,38.38024987259637,22.87972119681619,10.573597702274688,8.511232033989405
EinstellenJob,212,M1_alpha1,False,38.099652639882976,11.0711621445182,7.781635935704737,28.07083147420854,40.63572455297345,24.336820510414835,11.0711621445182,7.781635935704737
EinstellenJob,214,M1_alpha1,False,42.85012662511588,13.164851638346663,7.183958348410794,31.483063734573623,50.2047793138765,27.429409686012125,13.164851638346663,7.183958348410794
EinstellenJob,216,M1_alpha1,False,47.84014315215667,11.09663763007426,6.77102280948695,33.97507601964164,55.40894809290346,29.208889417649935,11.096637630074262,6.771022809486949
EinstellenJob,218,M1_alpha1,False,44.50312598360269,12.616495424435966,6.842198533400983,35.13269637717497,57.33494042131411,30.285914499716206,12.616495424435966,6.842198533400983
EinstellenJob,220,M1_alpha1,False,42.430832767255104,11.549899872216397,6.799398177528245,38.43608541369276,64.25149170355238,32.152846910177544,11.549899872216397,6.7993981775282455
EinstellenJob,222,M1_alpha1,False,50.75056133923741,10.971533160263172,6.881834736034337,38.39244727659275,64.28507794978326,32.80224547887048,10.971533160263172,6.881834736034337
EinstellenJob,224,M1_alpha1,False,51.411245430110924,14.787916084695924,7.755042906270998,41.5584849702517,70.45248406966755,35.26325971352524,14.787916084695924,7.755042906270998
EinstellenJob,226,M1_alpha1,False,42.569572331544606,11.549302238399097,9.50423511675117,38.130072894440566,51.53555247180614,33.249742857513716,11.549302238399097,9.50423511675117
EinstellenJob,228,M1_alpha1,False,47.38955762425085,13.766391619316263,11.108881001828632,45.93893379304568,55.768427460883764,40.73026610179606,13.766391619316263,11.108881001828632
EinstellenJob,230,M1_alpha1,False,56.99204142445307,11.440636098965205,12.195097036625556,58.461548159805226,64.22933486783397,52.474686344389006,11.440636098965205,12.195097036625556
EinstellenJob,232,M1_alpha1,False,63.29590881694805,39.97477284831719,12.84388928954022,67.68006974886217,75.1477786381195,60.66500512394118,39.97477284831719,12.84388928954022
EinstellenJob,234,M1_alpha1,False,62.1630798741598,43.66181993102368,13.58944098126669,65.97355721489355,78.29274726411913,58.65410712194733,43.66181993102368,13.58944098126669
EisGefroren,242,M1_alpha1,False,42.80550937701588,10.631972832198148,13.779344084021066,29.601733465317544,40.824542404024996,25.992703269244068,10.631972832198148,13.779344084021066
EisGefroren,244,M1_alpha1,False,41.132742302282146,10.12200650152615,13.165588604576053,29.77091727373264,41.72409739166445,26.027432634311513,10.12200650152615,13.165588604576053
EisGefroren,246,M1_alpha1,False,41.63773602646435,9.10445502011179,5.718499760153947,28.944564570225094,39.543801739693684,25.496558315971843,9.10445502011179,5.718499760153947
EisGefroren,248,M1_alpha1,False,40.03365827361325,10.769031505082062,6.73681442469171,25.756608377771542,36.34276578495167,22.529172293623247,10.769031505082062,6.73681442469171
EisGefroren,250,M1_alpha1,False,40.640245804756475,9.602491899064031,7.544267485506836,24.828866285737,36.91633663442476,21.534158958581322,9.602491899064031,7.544267485506836
EisGefroren,252,M1_alpha1,False,37.26160186710083,10.87019952719186,7.7210177269488875,25.77339441484307,37.686228998121955,22.226262567163403,10.87019952719186,7.7210177269488875
EisGefroren,254,M1_alpha1,False,40.59099995167247,10.558602827443327,7.8414288925742275,24.623115816034463,37.16741423891556,21.234385943747533,10.558602827443327,7.8414288925742275
EisGefroren,256,M1_alpha1,False,37.374714265010994,12.919732883045672,10.143056141498537,26.2558872229446,39.31148709604596,22.333114517023965,12.919732883045672,10.143056141498537
EisGefroren,258,M1_alpha1,False,39.729233916374,12.689725547901261,10.103086656147779,26.731939305124328,39.66078980897539,22.659973146824026,12.68972554790126,10.103086656147779
EisGefroren,260,M1_alpha1,False,32.825500105420126,11.266955174415685,9.477938026168195,24.90814600062567,36.80831578912939,21.29455258997839,11.266955174415685,9.477938026168196
EisGefroren,262,M1_alpha1,False,39.12486716192627,13.520068358262177,10.910439633419719,35.0273420603125,50.75657371687347,30.156256484800792,13.520068358262177,10.910439633419719
EisGefroren,264,M1_alpha1,False,44.58914809906178,13.41275633941354,12.080941811831915,43.72676579836926,61.427975872714704,38.01907675991047,13.41275633941354,12.080941811831915
EisGefroren,266,M1_alpha1,False,54.898358707670134,12.308346660905562,13.514860494566207,51.366548310055954,55.69440321629071,46.28081629762391,12.308346660905562,13.514860494566207
EisGefroren,268,M1_alpha1,False,56.952921978450455,35.75255804925435,15.923860007736515,56.43419651848347,63.227800211090546,50.70656874733098,35.75255804925435,15.923860007736515
Empathie,182,M1_alpha1,False,51.037553740844224,12.751827325196368,8.275520238205123,31.156659321293425,51.59897691912884,26.651329265018013,12.751827325196365,8.275520238205118
Empathie,184,M1_alpha1,False,55.351696818415355,12.563283558050127,8.443915337216321,33.51774390745605,56.310905376314096,28.710403900502975,12.563283558050127,8.443915337216328
Empathie,186,M1_alpha1,False,46.05279222363145,15.613007449237518,8.152772711234345,31.42238483316788,49.25673162735646,26.854315673413637,15.613007449237518,8.152772711234345
Empathie,188,M1_alpha1,False,52.83000255212034,12.169755961183968,8.041230740921808,34.06120067519692,56.87549033050826,28.959825780359427,12.169755961183967,8.041230740921803
Empathie,190,M1_alpha1,False,46.953620477321444,13.717171809018403,8.356523210543438,31.7253360760002,51.1366689797431,26.999588798077827,13.717171809018403,8.356523210543445
Empathie,192,M1_alpha1,False,51.04426832718443,11.955247059213905,8.156139014076643,32.89554798259079,55.43503409512659,27.912264654367068,11.955247059213905,8.156139014076643
Empathie,194,M1_alpha1,False,47.99248973057514,13.002330879243233,8.10540492740897,30.625300861059845,49.27026011457609,26.113463418340093,13.002330879243237,8.105404927408967
Empathie,196,M1_alpha1,False,46.96432119079485,13.360803841354077,8.204728485617302,30.10061047352345,48.29020501911115,25.655351464582385,13.360803841354077,8.204728485617302
Empathie,198,M1_alpha1,False,47.09663602383121,12.516413212252681,8.311126351903509,31.54519452469713,53.536432776163025,26.6646239905921,12.51641321225268,8.311126351903512
Empathie,200,M1_alpha1,False,49.44827741928005,14.915025582187118,8.989461774221057,29.939686018855504,49.76024637621887,25.53194862187732,14.91502558218712,8.989461774221054
Empathie,202,M1_alpha1,False,43.97896656419897,14.112450876121006,8.473145283330203,30.24898115659817,47.260925509185185,25.873559562739405,14.112450876121006,8.473145283330203
Empathie,204,M1_alpha1,False,50.41493650505119,12.55213830257524,7.953478081821865,34.065497942148546,56.17002731843636,28.8150518471272,12.552138302575239,7.9534780818218636
Empathie,206,M1_alpha1,False,47.91966537566165,12.494950194490103,7.985560306930856,32.04487263972274,49.41504159956137,27.634133167403885,12.494950194490103,7.985560306930856
Empathie,208,M1_alpha1,False,52.89532520064801,16.35318809160674,7.211410134780058,33.63149302862579,55.61463130686626,28.444798611195342,16.35318809160674,7.211410134780058
Empathie,210,M1_alpha1,False,55.37353389132903,16.86628921805709,7.596899917493863,34.063762623599935,57.69788763294692,28.589179256872974,16.866289218057087,7.596899917493862
Empathie,212,M1_alpha1,False,52.348485396440225,11.707572611160277,9.319624098935316,37.40871128575796,63.37387371472231,31.492307035739632,11.707572611160277,9.319624098935314
Empathie,214,M1_alpha1,False,54.33348794293464,10.409847578157073,7.855037029835043,37.554148979496034,64.14737650736257,31.33892047589712,10.409847578157073,7.855037029835043
Empathie,216,M1_alpha1,False,53.82808858570969,10.059826676994447,9.319452420660737,38.3558986511463,65.83931354932508,31.973942224486468,10.059826676994446,9.319452420660737
Empathie,218,M1_alpha1,False,48.33001758300102,10.561249084156422,9.555676339559648,38.95207957393273,64.22303685714681,32.68929596114641,10.56124908415642,9.555676339559648
Empathie,220,M1_alpha1,False,47.17810984711581,12.316388843937968,11.176375753025715,43.6955337982898,68.66035733348868,37.14443289026129,12.316388843937968,11.176375753025715
Empathie,222,M1_alpha1,False,46.522608002349116,10.375658233118253,17.33399613217916,40.53604219252775,64.97897380703539,34.203685086227075,10.375658233118253,17.33399613217916
Empathie,224,M1_alpha1,False,48.35861851737517,11.299564662799169,23.844425337698617,46.496309901203375,69.08850569181749,39.93106066951236,11.29956466279917,23.844425337698617
Empathie,226,M1_alpha1,False,48.557374688338804,11.044584564099411,43.185392717971034,36.14006319815947,53.504628289640635,31.3410992500143,11.044584564099411,43.185392717971034
Empathie,228,M1_alpha1,False,44.89845743144172,15.228047382399202,35.485457130410445,39.076916543807734,41.96950807571551,35.93563488090353,15.228047382399202,35.485457130410445
Empathie,230,M1_alpha1,False,46.808048610942905,15.015789905679156,37.570392677219054,41.48117625580132,44.97558884002276,38.18498076582265,15.015789905679156,37.570392677219054
Empathie,232,M1_alpha1,False,47.600879197258884,13.863955657910843,36.78802555299176,44.932698279707914,51.22753906151372,41.09956505969018,13.863955657910843,36.78802555299176
Entschuldigung,191,M1_alpha1,False,37.760659413367435,11.142076617335976,14.976835644700957,24.581754671283868,36.89242010196627,22.071960866854198,11.142076617335976,14.976835644700957
Entschuldigung,193,M1_alpha1,False,40.07803951803401,9.275920774737111,14.012504542543814,27.38507900705077,42.78702604317481,24.40493987429532,9.27592077473711,14.012504542543814
Entschuldigung,195,M1_alpha1,False,37.37052213830853,12.856016333409038,13.808834116045263,25.63232788756781,37.67240105453093,22.852199976315987,12.85601633340904,13.808834116045265
Entschuldigung,197,M1_alpha1,False,40.94116405954063,8.841597940183197,13.438491668992803,26.32612563430677,40.252639981676474,23.689922889218533,8.841597940183197,13.438491668992803
Entschuldigung,199,M1_alpha1,False,40.185557907462986,11.88416060533016,14.774187203680443,26.360344403253688,39.32000744860492,23.671328754241085,11.88416060533016,14.774187203680443
Entschuldigung,201,M1_alpha1,False,41.66375161370525,11.138995518262242,14.98995883397826,26.39603714695217,38.773582543470745,23.763740546771935,11.13899551826224,14.989958833978257
Entschuldigung,203,M1_alpha1,False,45.20813734131228,16.909969159989075,14.359519925753434,32.684148041288935,49.45883320828953,28.960327300013592,16.90996915998908,14.359519925753432
Entschuldigung,205,M1_alpha1,False,43.81487899981961,10.737893458485164,10.819790771130316,40.42679980503087,62.059583733764285,35.15557406094974,10.737893458485164,10.819790771130316
Entschuldigung,207,M1_alpha1,False,44.5474991455556,11.090319904821627,10.363094168503846,43.3681783935349,66.18494978488422,37.717318951485716,11.090319904821627,10.363094168503846
Entschuldigung,209,M1_alpha1,False,46.70270139582178,12.427387659060074,11.049880507012178,42.978995844414236,48.10995015713917,38.71277239058818,12.427387659060072,11.049880507012178
FestellenDiagnose,197,M1_alpha1,False,54.55158377004362,9.773085713888461,13.686324367247401,27.980481598689536,46.331276959128495,23.826308720280398,9.773085713888461,13.686324367247401
FestellenDiagnose,199,M1_alpha1,False,55.60516749429165,9.206071733381547,13.981869315905843,25.940756628534555,43.40048763175031,22.03383880545824,9.206071733381547,13.981869315905843
FestellenDiagnose,201,M1_alpha1,False,54.711313603283614,8.69090551480614,14.19547055757632,26.314028701484492,44.29939802139146,22.347253106561837,8.69090551480614,14.19547055757632
FestellenDiagnose,203,M1_alpha1,False,51.7999549035458,10.58555989114188,13.780925685413127,28.112988407518237,47.53092225454557,23.783330921047703,10.58555989114188,13.780925685413127
FestellenDiagnose,205,M1_alpha1,False,49.15056243423858,8.369516664804292,13.301643337043684,26.36036261148857,44.30358038857999,22.22075283758,8.369516664804292,13.301643337043688
FestellenDiagnose,207,M1_alpha1,False,44.518279378901475,10.31734385324145,13.289815271720181,27.971479822838084,47.05123695209737,23.703895498530215,10.31734385324145,13.289815271720181
FestellenDiagnose,209,M1_alpha1,False,41.65411823137327,9.084532763218888,13.966983925862356,26.217406410076627,43.03296535322458,22.47729958991837,9.084532763218888,13.966983925862356
FestellenDiagnose,211,M1_alpha1,False,37.35710065277282,9.890466475039222,13.564333695584319,27.57509881873434,43.58337482569192,23.620541158161945,9.890466475039222,13.564333695584319
FestellenDiagnose,213,M1_alpha1,False,42.79142820322388,8.673929557361523,11.964529835893353,26.804546400240095,44.97975936151853,22.626255384019597,8.673929557361523,11.964529835893353
FestellenDiagnose,215,M1_alpha1,False,42.40604331455788,9.254590007017878,10.728690021947681,30.521263751888405,49.38116158859169,25.69384882585105,9.254590007017878,10.728690021947681
FestellenDiagnose,217,M1_alpha1,False,40.94935110558765,9.554551628806335,12.129316736894202,36.19938202200843,51.91944304027123,31.253456148652116,9.554551628806335,12.129316736894202
FestellenDiagnose,219,M1_alpha1,False,39.901905812956926,9.327118463445057,14.095159752873018,40.055052429828585,57.19319906497743,34.6002040526019,9.327118463445059,14.095159752873018
FestellenDiagnose,221,M1_alpha1,False,40.270533569399376,10.554034131732614,14.463556156784762,41.09306692901511,62.56374945119193,35.053538846805424,10.554034131732614,14.463556156784763
FestellenDiagnose,223,M1_alpha1,False,40.7704257501889,10.730798940731466,14.978328603547006,34.35947671606255,54.68050534799969,29.219420822828916,10.730798940731466,14.978328603547006
Frech,203,M1_alpha1,True,42.36932668316629,,13.025318034526281,29.419481467563543,40.16184644873459,26.666389530014218,,13.025318034526283
Frech,205,M1_alpha1,True,42.68655460873543,,11.815399967322971,30.633753765349972,42.63191474641157,27.67614665426503,,11.815399967322971
Frech,207,M1_alpha1,True,41.39054760122391,,10.212406402310204,29.649663857261118,42.35424551960594,26.46353530613523,,10.212406402310204
Frech,209,M1_alpha1,True,44.889573589177516,,8.908709429605219,36.61776861028965,45.1665293799129,32.97708551188643,,8.908709429605219
Frieren,190,M1_alpha1,False,38.03936847307499,11.525404158182184,14.497895293097825,26.101161583759303,37.29512564231094,23.305252420772398,11.525404158182184,14.497895293097825
Frieren,192,M1_alpha1,False,36.014687895804755,10.959210127875872,14.15026334034601,23.633370136632582,30.873669726596088,21.492881719083748,10.959210127875872,14.15026334034601
Frieren,194,M1_alpha1,False,37.55746632600795,11.884449473372381,13.948655006035889,24.859229549273717,36.033662088410985,21.988630688105513,11.884449473372381,13.948655006035887
Frieren,196,M1_alpha1,False,36.13605490245296,10.550750264114068,13.754387841384254,24.67780830630594,29.751784629825,22.571301604231618,10.55075026411407,13.754387841384254
Frieren,198,M1_alpha1,False,39.726240391273635,10.26043067953036,13.327679568120683,23.980778140357277,33.933663711203316,21.562081292704832,10.260430679530362,13.327679568120685
Frieren,200,M1_alpha1,False,37.48655050853707,10.501233815834556,13.396574077188992,24.996609009733195,35.597386491666626,22.56108689230807,10.501233815834556,13.396574077188992
Frieren,202,M1_alpha1,False,36.78819697292483,10.588916149658639,12.909698338918334,24.778795479431338,33.532191649357564,22.72225026762986,10.588916149658639,12.909698338918334
Frieren,204,M1_alpha1,False,42.09618592626896,10.383651019689836,13.073456050027938,28.67874938115852,40.110808983712104,25.5067748139636,10.383651019689836,13.073456050027938
Frieren,206,M1_alpha1,False,40.59852691172467,9.91650579520367,12.05565241769978,28.852820014717793,37.30665102621754,25.99753129939821,9.91650579520367,12.05565241769978
Frieren,208,M1_alpha1,False,41.699330448397745,8.681724030487684,11.228582953411447,29.270111681922167,35.97637431770219,26.58579505433139,8.681724030487684,11.228582953411447
Frieren,210,M1_alpha1,False,37.40379478413266,8.554179174344796,11.476857611409002,23.284234760084583,28.55245527597797,20.98496067756403,8.554179174344796,11.476857611409002
Frieren,212,M1_alpha1,False,37.7532235769005,7.6222387458161025,9.952276845438552,20.643123163958474,26.158275013827517,18.591848767894266,7.622238745816103,9.952276845438552
Frieren,214,M1_alpha1,False,40.769682929685075,7.329272502392307,9.160968518261688,22.563290593043998,29.78040668819266,20.64266791150418,7.329272502392307,9.160968518261688
Frieren,216,M1_alpha1,False,40.04540602588985,9.45508184276375,11.538350542838101,22.439820523203732,27.84222512017079,20.99278890071005,9.45508184276375,11.538350542838097
Frieren,218,M1_alpha1,False,51.32997098967978,11.02431891536517,13.645329881221139,44.9727938050948,43.41222468301776,41.480162296306275,11.02431891536517,13.645329881221139
Frieren,220,M1_alpha1,False,53.774791793518546,11.671258706632107,13.726717539769671,47.209953843684275,45.33648251022137,43.7964544503545,11.671258706632107,13.726717539769671
Frieren,222,M1_alpha1,False,48.3157061788776,10.477080872010632,18.671717297323557,40.72917233034735,41.47067921310819,37.416552812761154,10.477080872010632,18.671717297323557
Frieren,224,M1_alpha1,False,42.461771716915734,8.69954094019637,14.396422659735006,37.53131200842696,31.32441656407036,35.33956879184347,8.69954094019637,14.396422659735006
Frisch,189,M1_alpha1,False,60.29212118639552,11.277188691811483,10.739460849966624,51.33740079570596,42.04584135483266,48.81735549990856,11.277188691811485,10.739460849966624
Frisch,191,M1_alpha1,False,53.66966370046558,10.053068374727959,9.989960245999697,45.574287012884625,36.413831689137126,43.49213799402749,10.053068374727959,9.989960245999697
Frisch,193,M1_alpha1,False,56.31170421865522,12.13693936566536,10.043946583403397,49.595584621851934,41.36922254100784,47.159764511022196,12.136939365665361,10.043946583403397
Frisch,195,M1_alpha1,False,52.795984363125214,11.297690494834423,10.105650604965362,44.676735888601584,38.07075661073516,42.41318384135652,11.297690494834423,10.105650604965362
Frisch,197,M1_alpha1,False,53.82165424249452,9.546742658408613,9.674295855315167,44.95058282963098,35.79917220560924,43.08278409901341,9.546742658408611,9.674295855315169
Frisch,199,M1_alpha1,False,55.6879826501757,10.906327098148024,9.164818684366843,47.52599585269707,38.990514753589565,45.21104652092468,10.906327098148026,9.164818684366839
Frisch,201,M1_alpha1,False,51.19179183610489,8.648273870833043,10.515502371446937,40.12611254798874,32.386711788349366,38.51789243976511,8.648273870833043,10.515502371446935
Frisch,203,M1_alpha1,False,41.82613647855529,9.69172827300255,9.258641094855955,30.508321996137894,37.77694379503827,27.979274515348873,9.69172827300255,9.258641094855955
Frisch,205,M1_alpha1,False,45.91612633946364,9.51698516109663,8.510774753090804,32.83211575657881,43.77440660863295,29.408123274430075,9.516985161096628,8.510774753090802
Frisch,207,M1_alpha1,False,46.7401644338532,7.291956178288289,7.74720235132306,31.5252816706936,39.547601541969264,28.450147794073196,7.291956178288289,7.74720235132306
Frisch,209,M1_alpha1,False,48.75553913148329,5.719169135097091,6.634350557861584,32.819067045283205,41.87470311559318,29.592660308228872,5.719169135097089,6.634350557861584
Frisch,211,M1_alpha1,False,50.16788956196481,5.8527368068155425,6.212323502263176,31.730733654104572,36.29499842269025,29.190803462791212,5.8527368068155425,6.212323502263176
Frisch,213,M1_alpha1,False,43.78838548200266,5.15515389215184,6.442047773866593,32.57532670515111,44.00565807860384,28.980656563472607,5.155153892151839,6.442047773866593
Frisch,215,M1_alpha1,False,44.75120746877461,5.6364544228621565,7.166667762760801,36.37474209259223,54.24712177815695,31.57602952649915,5.6364544228621565,7.166667762760801
Froh,186,M1_alpha1,False,63.732474921335225,9.510739516520553,10.003577263316803,61.48506279196255,63.02999086500685,56.30636117269165,9.510739516520553,10.0035772633168
Froh,188,M1_alpha1,False,66.67406964164152,9.369571644088706,8.878178250027332,66.1565126141168,69.0256375173452,60.399827532343224,9.369571644088706,8.87817825002733
Froh,190,M1_alpha1,False,55.58348106363778,11.543345630219205,8.971326961243824,51.04814964047861,61.18933548216713,46.099815055705896,11.543345630219202,8.971326961243824
Froh,192,M1_alpha1,False,49.554247268421754,10.972726698559832,8.011237056730803,45.41185753977065,63.10087231601384,39.992493715315206,10.972726698559832,8.011237056730803
Froh,194,M1_alpha1,False,47.89783530308872,10.605223010517202,8.442421412365098,42.097787101045725,59.21994953449293,36.81665993175084,10.605223010517202,8.4424214123651
Froh,196,M1_alpha1,False,47.56733414143062,11.064151176692349,7.581654616916866,42.07972307706779,63.546804604411406,36.37576037120676,11.064151176692349,7.581654616916866
Froh,198,M1_alpha1,False,44.50076560835692,10.42893940157231,8.219473643619857,39.51068663166832,60.15257917894847,34.1450908797548,10.42893940157231,8.219473643619855
Froh,200,M1_alpha1,False,42.99861926847825,9.571465158558533,7.814056681477603,37.24781473218161,55.82223346919076,32.57623092897495,9.571465158558533,7.814056681477605
Froh,202,M1_alpha1,False,37.57866965536622,10.877714417157978,7.349890342183091,30.260502022394956,41.219028139685555,26.77899751343385,10.87771441715798,7.34989034218309
Froh,204,M1_alpha1,False,42.19105819799508,8.447757199607492,7.609753260942778,23.74386824488429,27.6427033175403,21.938805871738058,8.447757199607492,7.609753260942776
Froh,206,M1_alpha1,False,53.343329506742975,8.182810661411207,7.75232185373558,46.14670176679411,47.37376709301234,42.20398843323058,8.182810661411207,7.752321853735582
Froh,208,M1_alpha1,False,52.72101357752248,9.731572629250396,12.971001039931252,47.852521451996154,50.64458551343535,43.51836348879973,9.731572629250396,12.971001039931252
Froh,210,M1_alpha1,False,45.64915362172653,11.373416599939176,12.691634626187001,40.98540782471736,42.820625428939316,37.527740205719674,11.373416599939176,12.691634626187001
Glas,140,M1_alpha1,False,38.14195486833976,15.343969868894964,14.503710220783882,24.289038351348,32.06048228773495,21.750048324101964,15.343969868894964,14.503710220783878
Glas,142,M1_alpha1,False,41.75427578783776,13.630260249708266,14.383414529742083,30.837943219720742,42.18545616855577,27.322689788257872,13.630260249708266,14.383414529742083
Glas,144,M1_alpha1,False,38.32416058240847,15.221537275807638,14.216009169947615,27.47759730610376,37.49656745487209,24.431860341163002,15.221537275807638,14.216009169947615
Glas,146,M1_alpha1,False,43.25548540071269,12.9750393173668,13.769126188274093,32.55654566132142,43.40740712469384,28.969069794913636,12.9750393173668,13.76912618827409
Glas,148,M1_alpha1,False,42.588222449763826,14.073054715562472,14.505084405020924,30.215324222455504,39.70190492337902,27.001495894289928,14.073054715562472,14.505084405020925
Glas,150,M1_alpha1,False,40.61806650088874,14.050548646516964,14.003407631943986,29.58599130264132,38.39027702247711,26.358287548340687,14.050548646516964,14.003407631943986
Glas,152,M1_alpha1,False,43.97316350792637,12.608894059416349,13.805288988511073,33.58148226604945,42.00114222023222,30.04475857320767,12.608894059416349,13.805288988511075
Glas,154,M1_alpha1,False,40.699323225496265,13.871085716034626,13.758390407147443,27.72981834017777,39.192421095876675,24.539111416418,13.871085716034626,13.758390407147443
Glas,156,M1_alpha1,False,43.63645864512915,12.536358706310809,14.232843048953937,30.27975870005987,43.53212263250087,26.809637546643383,12.536358706310809,14.23284304895394
Glas,158,M1_alpha1,False,38.46506417548623,14.974499915183921,14.580974637068627,28.209684893701663,41.84723918723627,24.684335155675825,14.974499915183923,14.580974637068627
Glas,160,M1_alpha1,False,41.51903711939877,15.106014523888259,13.733305732870358,28.626179437255907,39.327790866974674,25.392615491672043,15.106014523888259,13.733305732870361
Glas,162,M1_alpha1,False,44.195118322149355,13.244593238881194,14.222759234069896,31.84161943603719,44.04399453570595,28.179131141772178,13.244593238881194,14.222759234069896
Glas,164,M1_alpha1,False,44.09879846688769,13.35297308038358,14.0804811457677,32.010480200110024,41.77277675318184,28.567539565766985,13.35297308038358,14.0804811457677
Glas,166,M1_alpha1,False,38.88275822352775,14.182650615345148,13.928092805822855,26.351593944166712,35.87628787800137,23.599396482601005,14.182650615345148,13.928092805822855
Glas,168,M1_alpha1,False,36.30610375928325,12.648270157731934,13.939673488345544,25.867108969622297,36.77977032176135,22.781404012339443,12.648270157731934,13.939673488345544
Glas,170,M1_alpha1,False,46.182947903077995,12.799183650425276,13.814931852270702,30.83123634804179,43.74595947338809,27.390712950740724,12.799183650425272,13.814931852270703
Glas,172,M1_alpha1,False,38.53094846640339,14.372529999004197,13.90033809511073,25.96309929121165,38.296267164691635,22.91635113622937,14.3725299990042,13.90033809511073
Glas,174,M1_alpha1,False,39.407429602899605,14.934747164107575,14.028867677799804,26.5982054930539,38.66750315132672,23.39206886886292,14.934747164107575,14.028867677799806
Glas,176,M1_alpha1,False,41.44131367724632,12.630628325333653,13.753066462647975,29.83069964359164,41.469933823550875,26.406578079073633,12.630628325333651,13.753066462647974
Glas,178,M1_alpha1,False,39.48600976712998,14.19576485470352,13.17479300019594,26.74210750560903,35.60901037082738,23.857174948298674,14.19576485470352,13.174793000195944
Glas,180,M1_alpha1,False,40.400830018375935,13.44776323845053,14.120884774431685,29.758580940093857,42.37679849196729,26.211198808791803,13.44776323845053,14.120884774431685
Glas,182,M1_alpha1,False,41.69131863161447,13.722797459874778,13.994327684238229,30.286752626415204,43.948560507153694,26.576036913422094,13.722797459874778,13.994327684238229
Glas,184,M1_alpha1,False,38.8646358158513,17.50056616124319,14.01911453804121,26.89488721738189,38.69483409260186,23.723488820836593,17.50056616124319,14.01911453804121
Glas,186,M1_alpha1,False,43.12462789609477,16.95508877974869,14.234896628673049,31.201646001720025,43.07456588786389,27.61106203866907,16.95508877974869,14.234896628673049
Glas,188,M1_alpha1,False,36.66257517909616,24.881988910106223,15.656364595568798,23.789831860736985,34.51989414658245,21.177821816461428,24.881988910106227,15.656364595568801
Glas,190,M1_alpha1,False,36.93883191118452,24.354252493760768,16.184847672138247,25.339123063529428,38.45617088444219,22.302252297171485,24.354252493760768,16.184847672138247
Glas,192,M1_alpha1,False,35.20229607521602,24.926632426180465,13.894285134256764,22.38953432872205,32.729296562456334,20.01420308322338,24.92663242618046,13.894285134256764
Glas,194,M1_alpha1,False,34.74216296200668,28.995906295924414,14.383371403325425,24.82919956008043,34.38703783098101,21.96096465674041,28.995906295924414,14.383371403325421
Glas,196,M1_alpha1,False,37.97783512503723,31.614317329723814,15.266828055230047,25.01464052008487,35.840102770221534,22.021719983948806,31.614317329723814,15.266828055230043
Glas,198,M1_alpha1,False,36.595678317116906,32.80346042902554,14.863026815904973,26.523115188857762,38.49568471601185,23.190756349654947,32.80346042902554,14.863026815904973
Glas,200,M1_alpha1,False,36.18210490128925,31.975856017897147,14.126049952107678,26.975322272574715,38.37291183542462,23.650434404478048,31.975856017897147,14.126049952107682
Glas,202,M1_alpha1,False,37.29434546737083,34.930180598889955,15.580991370974601,31.628723755804472,44.66877521180485,27.661825039054957,34.93018059888994,15.580991370974601
Glas,204,M1_alpha1,False,37.743040302587914,35.22685824620618,16.09889598237083,35.23012914248665,50.092554871376024,30.796914202728956,35.22685824620617,16.098895982370834
Glas,206,M1_alpha1,False,38.933578343617484,32.64236710582423,16.00397813137696,35.510869327252095,51.44757169243216,31.13462922398208,32.64236710582423,16.00397813137696
IdiomPffIgnorieren,154,M1_alpha1,False,46.263285938210515,14.477599790679703,12.658615129437273,20.482057295073496,32.287098426797336,17.623028016091904,14.477599790679703,12.658615129437273
IdiomPffIgnorieren,156,M1_alpha1,False,48.26877444921908,14.771851212317689,13.73071061206645,22.305261986311137,35.084314160391585,19.165018204182804,14.771851212317689,13.730710612066447
IdiomPffIgnorieren,158,M1_alpha1,False,51.5125606188165,15.122146176263279,12.280336034542392,23.36722664624007,36.105590767936576,19.989749483572613,15.122146176263279,12.280336034542392
IdiomPffIgnorieren,160,M1_alpha1,False,57.140681383468845,15.413307245170527,9.850430682111682,23.71178524373449,39.02302182302072,20.246220756639868,15.413307245170527,9.850430682111682
IdiomPffIgnorieren,162,M1_alpha1,False,49.887497333194084,15.031936912923696,7.735639375343332,24.13802282549187,38.38105427217007,20.71531619706365,15.031936912923697,7.735639375343335
IdiomPffIgnorieren,164,M1_alpha1,False,49.39349990062777,15.870415770199529,6.060435674290578,25.103882477917338,40.19209828916079,21.91218218815839,15.870415770199529,6.060435674290577
IdiomPffIgnorieren,166,M1_alpha1,False,46.73684179014164,15.989615904413276,6.699064493026025,21.571260615451312,35.06646631022308,18.338902340273282,15.989615904413276,6.699064493026024
IdiomPffIgnorieren,168,M1_alpha1,False,48.262371557211786,15.662281264731723,7.752780706179173,24.285470249535805,39.20720680088337,20.914119619779775,15.662281264731723,7.752780706179173
IdiomPffIgnorieren,170,M1_alpha1,False,46.56375885771054,16.919502582363183,8.542323206938526,24.00478273990956,38.571248195318205,20.908233371953777,16.919502582363183,8.542323206938526
IdiomPffIgnorieren,172,M1_alpha1,False,40.855437430233614,16.009404681368444,8.419130251251406,22.100758982946694,35.01866450904234,18.958798227947202,16.009404681368444,8.419130251251406
IdiomPffIgnorieren,174,M1_alpha1,False,40.65687303713211,15.347271202501242,8.107357955962007,27.521449154963697,44.68599037190845,23.61982168752651,15.347271202501242,8.107357955962007
IdiomPffIgnorieren,176,M1_alpha1,False,37.981952599559186,17.214052118103876,8.483648002657988,30.814782587828184,44.67940302830871,26.592389833521477,17.214052118103872,8.483648002657988
IdiomPffIgnorieren,178,M1_alpha1,False,41.93009725597945,19.429315189950305,6.815339266991087,34.686430467072576,53.76228240030118,29.6245345404891,19.429315189950305,6.815339266991087
IdiomPffIgnorieren,180,M1_alpha1,False,47.70484242702396,19.367921218012103,6.604513461635252,48.879901625845775,68.1862894670794,42.838260188229455,19.367921218012103,6.604513461635252
IdiomPffIgnorieren,182,M1_alpha1,False,50.571235266408486,37.43226128759533,32.79067953574555,50.591690195936415,46.55039610476843,47.1086078864422,37.43226128759533,32.79067953574555
IdiomPffIgnorieren,184,M1_alpha1,False,48.27423352351558,39.30130496557739,29.187120009779278,47.895099203297065,47.41878574491582,44.251253365617124,39.30130496557739,29.187120009779274
Jahr,242,M1_alpha1,True,38.268038523403526,,14.151892600311664,27.016385627058195,39.28687822951389,23.223461390856748,,14.151892600311664
Jahr,244,M1_alpha1,True,38.88019658274009,,14.069544716393866,28.129103117661334,40.18777189243275,24.419071845305396,,14.069544716393864
Jahr,246,M1_alpha1,True,44.42776555269725,,14.395063062100146,34.08428184044391,49.676987150723804,29.09835100348651,,14.395063062100146
Jahr,248,M1_alpha1,True,44.022380031456905,,14.138943357849536,38.27186841076687,55.146573861456986,32.63890429131365,,14.138943357849536
Jahr,250,M1_alpha1,True,41.39241927524877,,14.02295334296624,38.02643014797371,53.508098077995626,32.572135000338555,,14.022953342966236
Jahr,252,M1_alpha1,True,46.4863896765117,,13.470883197692398,41.35444589454248,61.04408000075938,35.287451133717134,,13.470883197692396
Jahr,254,M1_alpha1,True,43.6708355829671,,13.683207392183105,40.73753933743987,57.33128565396344,34.94083849797398,,13.683207392183103
Jahr,256,M1_alpha1,True,41.023357276898494,,13.050918758893054,41.06359346052881,57.25955176268523,35.12707023436075,,13.05091875889306
Jahr,258,M1_alpha1,True,47.28544665294954,,14.235485953134388,52.220138440713235,75.84654214529435,44.402079898614744,,14.235485953134388
Jahr,260,M1_alpha1,True,46.50735556877589,,10.123093258604953,49.10206168987597,71.05132638173102,41.74036783957933,,10.123093258604953
Klar,154,M1_alpha1,True,37.952378618866184,,9.41294844367689,29.41916021045953,39.138290154982684,25.832260714987594,,9.41294844367689
Klar,156,M1_alpha1,True,34.93594683485036,,9.388802707107722,26.97435613311396,35.71016860986954,23.739776342244628,,9.38880270710772
Klar,158,M1_alpha1,True,38.523631280696875,,8.899974698406336,29.240438166438583,35.85928757045096,25.860733887566457,,8.899974698406336
Klar,160,M1_alpha1,True,39.244182864150105,,8.764227784434457,29.20602642379226,36.64467491221764,25.8038284895892,,8.764227784434457
Klar,162,M1_alpha1,True,36.5029756572913,,8.37339249388873,28.93202945879961,36.48559953318006,25.60279087485617,,8.37339249388873
Klar,164,M1_alpha1,True,37.34650669143303,,9.2645574670108,29.508901694588143,36.667863003242566,26.06777558890771,,9.264557467010803
Klar,166,M1_alpha1,True,35.154835507387794,,10.186740806360735,26.896748277324633,34.41698823167419,23.628967455591486,,10.186740806360737
Klar,168,M1_alpha1,True,35.99807504726405,,10.42388631011311,27.042296186414063,35.268716877906535,23.66090553572182,,10.42388631011311
Klar,170,M1_alpha1,True,34.121935112595196,,9.135511627999618,25.334782067655958,33.48014537490763,22.184794595557765,,9.13551162799962
Klar,172,M1_alpha1,True,40.9743953634599,,7.743724202613322,31.694010821248266,39.12630852936499,28.215451113923848,,7.743724202613319
Klar,174,M1_alpha1,True,37.31760998606714,,7.88846739768294,28.375867649660183,36.222241342585114,25.360120255340078,,7.88846739768294
Klar,176,M1_alpha1,True,39.4414501258668,,7.900983524063357,28.72042495898667,43.536536280037154,25.340974594220565,,7.900983524063359
Klar,178,M1_alpha1,True,41.45894127252984,,8.398204713087232,30.448495865854998,47.4115110815211,26.28017987360793,,8.398204713087232
Klar,180,M1_alpha1,True,39.99966557041573,,9.300080865788154,35.3545048079874,53.5578889217475,30.169625520945786,,9.30008086578815
Kochen,227,M1_alpha1,False,38.89055893162736,18.75414251513165,15.580044930316733,24.018231689351712,30.278772770980414,22.005297126426264,18.75414251513165,15.580044930316733
Kochen,229,M1_alpha1,False,38.500232444799735,12.382869500931045,16.05560571408792,22.039468352501917,32.31909197556045,19.84445952770149,12.382869500931044,16.05560571408792
Kochen,231,M1_alpha1,False,41.717137767906586,11.612675665301797,16.1915261504399,25.84750697378164,34.723101931073494,23.455702629487703,11.612675665301799,16.1915261504399
Kochen,233,M1_alpha1,False,43.593395919775205,23.838383222507055,16.27288225449606,29.585159017157896,36.692126537962935,27.00022026593405,23.838383222507055,16.27288225449606
Kochen,235,M1_alpha1,False,37.673550357274614,11.754378957224496,13.913140793631378,22.29544846548442,32.102175514636,20.414929205408285,11.754378957224494,13.913140793631378
Kochen,237,M1_alpha1,False,37.09092031250324,13.475542640324344,13.501928454904172,21.594780877467382,30.216791266603074,19.609210476452013,13.475542640324347,13.501928454904172
Kochen,239,M1_alpha1,False,36.30275975208628,11.310420412622888,11.838659872108364,21.703586341938134,30.53155991208681,19.923897728946297,11.310420412622884,11.838659872108364
Kochen,241,M1_alpha1,False,36.30154868851709,13.674691858752432,10.166753988885766,22.534361605683927,32.78973053437837,20.23607991391404,13.674691858752432,10.166753988885766
Kochen,243,M1_alpha1,False,33.913421785027815,7.542490958552084,10.625327781518047,21.371253651683425,31.261722471898803,19.2547053312628,7.542490958552082,10.62532778151805
Kochen,245,M1_alpha1,False,35.37157197418414,8.854806000558957,10.633016564376353,21.869142178402086,30.465943193937044,19.398824218837216,8.854806000558957,10.633016564376353
Kochen,247,M1_alpha1,False,34.370075331280006,9.812096227157166,10.927252923403366,23.263267232706557,30.801403193998937,20.63807949204829,9.81209622715717,10.927252923403366
Kochen,249,M1_alpha1,False,36.8098451923369,10.990177916793519,12.430646078981551,26.320840824756797,33.99843148870211,23.536735071026524,10.990177916793519,12.430646078981551
Kochen,251,M1_alpha1,False,38.520596395426516,19.793489599549535,10.764823149446999,32.334822544397106,41.02628199980627,28.855483637439836,19.793489599549535,10.764823149446999
Kochen,253,M1_alpha1,False,35.52213002189497,22.911021204686847,14.676736632246582,31.601785580889047,41.99844995212119,27.779562500934198,22.911021204686847,14.676736632246584
Lesen,215,M1_alpha1,False,41.018612324980225,7.809085247957779,11.721222949762067,27.990899711238725,46.01289060417171,24.298814373367815,7.809085247957779,11.721222949762069
Lesen,217,M1_alpha1,False,38.11069004780344,9.161949325150418,11.658102877861054,25.634921393169297,36.858997210239544,22.368023777899392,9.161949325150418,11.658102877861053
Lesen,219,M1_alpha1,False,38.83525478511681,8.221482526207181,10.683489018165227,25.97662473676786,34.56708096913848,22.865994595575888,8.221482526207181,10.683489018165231
Lesen,221,M1_alpha1,False,42.079529041939914,8.755802826170417,8.10028178676083,26.86316532805001,43.24134441353299,23.525899179482654,8.755802826170417,8.10028178676083
Lesen,223,M1_alpha1,False,38.759634282219956,8.550441282448709,8.70241935653678,24.316174584207598,37.819977635849284,21.248313385200497,8.550441282448709,8.70241935653678
Lesen,225,M1_alpha1,False,36.16276026416554,8.121342844711219,11.816973821581584,27.08151225657544,36.31232677384826,23.775985064923457,8.121342844711219,11.816973821581584
Lesen,227,M1_alpha1,False,40.058116932839816,10.98403564271562,11.541108671531607,31.862055755882615,35.794537479210874,28.76750017815915,10.98403564271562,11.541108671531607
Lesen,229,M1_alpha1,False,35.960735503522166,8.257801761630262,10.899073240239641,26.231131983916644,34.96368940766739,22.976836213487296,8.257801761630262,10.899073240239641
Lesen,231,M1_alpha1,False,36.23638922623453,9.579679485522256,10.598926274378734,28.533189425411358,33.77764117001029,25.462422705619232,9.579679485522258,10.598926274378737
Lesen,233,M1_alpha1,False,35.85462119229223,8.622141061502543,10.91051597351408,23.728516757557024,34.04684294742609,20.874216367449286,8.622141061502543,10.910515973514084
Lesen,235,M1_alpha1,False,34.914046403296915,7.7366417425359755,11.300419160474524,26.73110711857801,35.4411932969671,23.39812932684835,7.7366417425359755,11.300419160474524
Lesen,237,M1_alpha1,False,35.89441000038159,9.70195122477405,11.323671049786261,27.35027326717038,35.18451924666067,24.07407445193854,9.70195122477405,11.323671049786261
Lesen,239,M1_alpha1,False,39.252005471378354,9.626309842092489,11.540219984690957,34.779003969631766,39.95028903644132,31.143926563931437,9.626309842092489,11.540219984690957
Lesen,241,M1_alpha1,False,38.599474757083684,8.419096928921675,10.984548066079752,32.695002237656986,41.50745598999336,28.729873962061667,8.419096928921675,10.984548066079752
Lesen,243,M1_alpha1,False,37.67430522741516,10.677323423135595,11.495390941530909,33.265193363179364,42.96643370269399,29.26351522799141,10.677323423135597,11.495390941530909
Lesen,245,M1_alpha1,False,40.79397395682185,9.929033361634607,11.877606039953998,35.342426157050525,42.75802170519677,31.350028959756187,9.929033361634607,11.877606039953998
Lesen,247,M1_alpha1,False,42.067068310549544,11.473031021095473,13.564127446734517,40.118213709093624,51.408579521857156,35.37536424014345,11.473031021095473,13.564127446734517
Lesen,249,M1_alpha1,False,45.594599879969365,14.481960822850061,16.79743579692345,47.08543057665795,60.076648667790394,41.68107885319447,14.481960822850061,16.797435796923445
LiebBitte,170,M1_alpha1,True,58.33927016781233,,13.008508263024991,48.91941321828151,58.8499464951063,43.35372030434765,,13.008508263024993
LiebBitte,172,M1_alpha1,True,47.47216038127654,,13.001356058718216,43.50489319194155,56.8115832884431,38.3834017556905,,13.001356058718216
LiebBitte,174,M1_alpha1,True,53.58962770077909,,12.554611375907733,47.59013208955484,57.299683023666844,42.303977677164426,,12.554611375907733
LiebBitte,176,M1_alpha1,True,60.4322189569347,,12.822627544290034,54.859404014114475,65.77074164615215,48.78337855546313,,12.822627544290034
LiebBitte,178,M1_alpha1,True,60.17642049516146,,12.544002286715815,53.762197374726554,64.31586152071927,47.6772461754029,,12.544002286715811
LiebBitte,180,M1_alpha1,True,52.20178551904084,,12.18898503709199,45.885058680508465,52.4532669337899,40.955755573954114,,12.18898503709199
LiebBitte,182,M1_alpha1,True,48.30877962254261,,12.658887784162124,44.28437283690908,52.55551225312375,39.13605614841656,,12.658887784162122
LiebBitte,184,M1_alpha1,True,51.77719566706807,,11.531409907746761,44.11459228907734,51.151709106739,39.18562582246442,,11.531409907746761
LiebBitte,186,M1_alpha1,True,47.91008984395883,,10.635593556502384,39.825179973106025,47.06354531787464,35.62698202357394,,10.63559355650238
LiebBitte,188,M1_alpha1,True,46.29749525793475,,9.944240309263883,42.09254867903778,50.01622187120973,37.210518666072055,,9.944240309263883
LiebBitte,190,M1_alpha1,True,37.50387991390822,,10.689223270498173,28.875326678409277,34.39817358479709,25.77244964378114,,10.689223270498173
LiebBitte,192,M1_alpha1,True,38.64267303848339,,11.111617769897604,25.389435484283254,33.90847150311087,22.748151113859393,,11.111617769897606
LiebBitte,194,M1_alpha1,True,34.633763927619874,,9.537517425108136,24.824058686141196,33.13669115290311,22.12574564201646,,9.537517425108135
LiebBitte,196,M1_alpha1,True,36.84413839614598,,9.67112350799994,33.37628690197537,43.01966703745777,29.007649600060688,,9.67112350799994
LiebBitte,198,M1_alpha1,True,44.65968484406933,,10.28621336318369,43.89199246866115,58.18564302118779,38.30954092899291,,10.28621336318369
LiebBitte,200,M1_alpha1,True,48.329020842803224,,17.241984163139318,50.85789096963232,68.41220801685873,44.16980438974053,,17.241984163139318
Luegen,149,M1_alpha1,True,41.923120012485725,,12.329465387814901,31.002883313393394,40.55772382807023,27.825307242292777,,12.329465387814903
Luegen,151,M1_alpha1,True,43.72060352269195,,13.359288446936581,33.17175516812113,42.984661717608915,29.62287998806313,,13.359288446936578
Luegen,153,M1_alpha1,True,41.99818617225586,,12.630126456085693,31.77707096589777,41.29363342364749,28.433623612684023,,12.63012645608569
Luegen,155,M1_alpha1,True,36.447012006887135,,12.27174087340779,27.32088123202209,38.10526187168349,24.352258345209826,,12.27174087340779
Luegen,157,M1_alpha1,True,37.50113032259243,,11.813928895144116,28.4570055025523,38.71302001992733,25.270604629365724,,11.813928895144116
Luegen,159,M1_alpha1,True,36.93312780610942,,11.67392822485727,29.31872382304491,37.43179185087542,26.081599816030774,,11.67392822485727
Muell,160,M1_alpha1,True,37.26434007945081,,15.54668831075659,29.371771986736853,44.115847822808995,25.56231642120669,,15.546688310756595
Muell,162,M1_alpha1,True,36.830855350118306,,13.639276122258524,26.700042843581485,39.057395482724814,23.49582256120009,,13.63927612225852
Muell,164,M1_alpha1,True,40.755775402375534,,12.72210717669101,28.617141803136306,40.20328319049371,25.50978840449218,,12.722107176691008
Muell,166,M1_alpha1,True,39.65620547239045,,8.62019734968936,29.69768606677851,39.676916856139364,26.319941337372757,,8.62019734968936
Muell,168,M1_alpha1,True,38.87446245992768,,7.890326800547142,29.391200683559873,39.02458148875552,26.334529974586204,,7.8903268005471405
Muell,170,M1_alpha1,True,41.88119402936256,,9.842518323703402,30.586796830126506,42.59287375672769,27.13214677660748,,9.842518323703402
Mutter,186,M1_alpha1,True,51.94547264669482,,8.632867360687833,46.12650517493712,59.22736243945278,40.5806644225782,,8.632867360687833
Mutter,188,M1_alpha1,True,51.85658402502595,,9.047935569449846,45.76654141524231,57.60538102953504,40.41066748581425,,9.047935569449846
Mutter,190,M1_alpha1,True,48.59104665093083,,7.536072338601655,41.81910354036186,53.22668106361775,36.90521906632247,,7.536072338601654
Mutter,192,M1_alpha1,True,49.41295302122072,,7.568806495127054,41.23511024340432,50.67437930615164,36.45397108020494,,7.568806495127054
Mutter,194,M1_alpha1,True,45.11513006303795,,8.092009828576513,34.51580571731375,43.773215032537166,30.56653995393797,,8.092009828576513
Mutter,196,M1_alpha1,True,46.821128275681225,,7.581971674383752,31.698927413018748,41.56898099154544,28.740075696664974,,7.581971674383752
Mutter,198,M1_alpha1,True,41.99621864254604,,7.987249376224007,29.33664560744002,39.26111044549367,25.957596895154428,,7.987249376224007
Mutter,200,M1_alpha1,True,41.33194190298988,,7.36663092705994,27.472840652529154,39.22403217584118,24.187464343809747,,7.366630927059941
Mutter,202,M1_alpha1,True,43.22647631725839,,7.6306653134573486,29.30324476930542,43.42827312371552,25.81045497086887,,7.630665313457348
Mutter,204,M1_alpha1,True,43.325960860042876,,9.000140453162032,35.978146252260416,54.5428160241262,30.893962626030106,,9.00014045316203
Mutter,206,M1_alpha1,True,47.414722788693474,,11.280788866306862,42.444680827700466,63.925958275194496,36.78019034049982,,11.280788866306862
Naehen,201,M1_alpha1,False,39.12367324802186,15.909950040696643,9.855003564790453,21.671109580961694,31.770279691651776,19.582360958653105,15.909950040696646,9.855003564790453
Naehen,203,M1_alpha1,False,36.0738585716236,17.65161450932627,10.410990680722959,22.411930355292476,31.89427363389988,19.86982281765433,17.651614509326272,10.41099068072296
Naehen,205,M1_alpha1,False,36.06248444382125,15.995853587769723,10.972901689893945,23.54060853090872,34.035366362680676,20.76682363964705,15.995853587769727,10.972901689893945
Naehen,207,M1_alpha1,False,36.05277001962194,16.142723086992795,10.52357861511847,23.304176819460245,33.391689748811686,20.57507441893982,16.142723086992795,10.52357861511847
Naehen,209,M1_alpha1,False,36.01334226910728,16.319806969657954,10.528988737819995,22.376280815303936,31.823748020797584,19.817719489500554,16.319806969657957,10.528988737819999
Naehen,211,M1_alpha1,False,36.57603881908815,15.942722853827679,10.711451636316033,23.26285659400473,33.370750846997794,20.605637452490736,15.942722853827675,10.711451636316033
Naehen,213,M1_alpha1,False,36.37504809069171,17.355175063768797,11.028044641011455,20.553169365570906,30.285697695035935,18.045092102086883,17.355175063768797,11.028044641011457
Naehen,215,M1_alpha1,False,37.16712048852443,16.014966154039406,10.670302774484961,23.596763144187697,34.775660333934766,20.809656475231623,16.014966154039403,10.670302774484961
Naehen,217,M1_alpha1,False,37.28394253469505,15.802687461046748,11.437060511856506,22.57754129336862,31.95986991496235,20.018268927391667,15.802687461046748,11.437060511856505
Naehen,219,M1_alpha1,False,36.13263560040575,14.142325034362536,11.33688927188759,24.893071689712688,34.20119026741092,22.209005900902394,14.142325034362536,11.33688927188759
Naehen,221,M1_alpha1,False,36.32895301058816,11.886770980158433,10.593007094507385,24.32538540527313,34.6095672306755,21.402386009070792,11.886770980158433,10.593007094507385
Naehen,223,M1_alpha1,False,35.38927016294843,12.621580372213863,10.542767786807064,24.215847344017973,32.740327472399905,21.42878836460189,12.621580372213867,10.542767786807064
Naehen,225,M1_alpha1,False,34.60922641296984,12.097688250409854,10.372952130104526,28.183854569913155,36.993323170458886,25.229546867616808,12.097688250409854,10.372952130104526
Naehen,227,M1_alpha1,False,38.81236750998143,18.84194536708003,11.187175324145421,36.463962755812766,43.024639959329484,32.55885902162044,18.84194536708003,11.187175324145421
Naehen,229,M1_alpha1,False,45.614743008799174,27.017086993501266,13.060596951509275,47.43508062568324,63.51513910674343,41.67705681985958,27.017086993501266,13.060596951509275
Nebel,196,M1_alpha1,False,43.27063023237272,10.109143856971768,7.738584336765836,35.59238727486003,57.82949505560634,30.71525710543042,10.109143856971768,7.738584336765836
Nebel,198,M1_alpha1,False,53.00781628123933,10.170646531827304,8.032478493626831,44.78846799951054,67.52725130499005,38.83000572624746,10.170646531827304,8.032478493626831
Nebel,200,M1_alpha1,False,46.88650410874439,12.163606262410466,8.781718861468367,40.544646348266845,57.26278410673626,35.55949857878835,12.163606262410466,8.781718861468367
Nebel,202,M1_alpha1,False,46.07886728871696,10.348749583061673,10.879385326292025,41.01814027024929,56.14522696344964,36.22360194179234,10.348749583061673,10.879385326292025
Nebel,204,M1_alpha1,False,41.446167728533965,10.74440314373041,11.45990866489728,34.235434409327816,46.7791429520833,30.114233594678886,10.744403143730406,11.45990866489728
Nebel,206,M1_alpha1,False,45.33134469378527,11.470523916707046,14.191810644801778,38.82544985184731,58.50004012969353,33.4907081938514,11.470523916707046,14.191810644801777
Nebel,208,M1_alpha1,False,47.451859688056544,13.607793222076083,13.006744446144326,46.35925265946297,73.95269999345577,39.59928302095219,13.607793222076083,13.006744446144324
Neu,134,M1_alpha1,False,42.1325757721407,13.852529696273487,11.298077900940205,29.22501918444553,41.39616836068882,26.185642463346017,13.852529696273487,11.298077900940205
Neu,136,M1_alpha1,False,42.95379020649862,14.212799731339366,11.587045495075252,31.632171460122205,45.811124463876496,28.038950570592913,14.212799731339366,11.587045495075252
Neu,138,M1_alpha1,False,40.10681967155648,18.646242416529443,10.118861757577202,28.04162729756103,41.812885264470125,25.44354155449303,18.646242416529443,10.118861757577202
Neu,140,M1_alpha1,False,40.155897137201094,12.206562401162072,10.032996839753963,31.212614858959114,47.03745589377732,28.049189822425824,12.206562401162069,10.032996839753963
Neu,142,M1_alpha1,False,39.40601617605299,19.304088590661593,10.067987790404755,28.496836380584142,43.03757507113446,25.765598001165007,19.304088590661596,10.067987790404755
Neu,144,M1_alpha1,False,39.338106572073045,12.743215388726865,10.594871823919048,30.773721445022655,46.17718129580037,27.309957305176777,12.743215388726865,10.594871823919048
Neu,146,M1_alpha1,False,39.354382427650286,17.915742823980175,10.448393683232778,27.34199215939789,40.75712149373525,24.863188603746973,17.915742823980175,10.448393683232778
Neu,148,M1_alpha1,False,39.67281019813693,17.98389927581828,9.56072380693962,23.350517690190067,34.45036120812946,21.110251194760234,17.98389927581828,9.56072380693962
Neu,150,M1_alpha1,False,42.34307188672571,14.570280365559226,10.855823852529538,27.7507347466845,40.906734336514035,25.259601476008477,14.570280365559226,10.85582385252954
Neu,152,M1_alpha1,False,42.38022454449017,11.786049213644816,9.609033036131299,28.521691902766257,42.9755586213607,25.728042512037256,11.786049213644816,9.609033036131299
Neu,154,M1_alpha1,False,37.42612950949141,18.79917929650401,7.820062861322328,26.318411257262685,37.445162105403604,23.48647655003671,18.79917929650401,7.820062861322328
Neu,156,M1_alpha1,False,37.82028855838258,11.731182125230859,6.498122434290355,26.74684069545135,39.98811480607676,23.871709094545956,11.731182125230859,6.498122434290355
Neu,158,M1_alpha1,False,35.4303310590736,19.215304631042798,5.922025765030789,22.830250946535127,32.3008443433519,20.282500426994787,19.215304631042798,5.922025765030789
Neu,160,M1_alpha1,False,40.517852206293526,18.160097669637175,8.876709663927304,28.24692718579784,42.7618723268561,24.767045050426677,18.160097669637175,8.876709663927306
Neu,162,M1_alpha1,False,39.82031703288148,24.927375736205846,10.582858609711792,30.048017468613793,41.09858550427306,26.456657335452203,24.927375736205846,10.582858609711792
Neu,164,M1_alpha1,False,42.43853814690643,27.373960634227217,12.987601278396893,31.91955076109586,45.97062578577977,27.790517882113082,27.373960634227206,12.987601278396893
Neu,166,M1_alpha1,False,39.98675004434039,30.652239129119923,14.906018995519196,31.790859403318105,43.365878804266174,28.36581121362669,30.652239129119923,14.906018995519196
Neu,168,M1_alpha1,False,44.22459002818692,39.96982299499419,18.505772946910113,42.624183700206316,56.69427588704387,37.69786662263955,39.96982299499419,18.505772946910113
Operieren,261,M1_alpha1,False,38.53714345769844,12.752832325576536,10.644512167969097,27.92117208276057,40.49227540212739,24.35970587728483,12.752832325576536,10.644512167969097
Operieren,263,M1_alpha1,False,38.33151026729723,15.421238920408712,10.539448490279812,25.473742897623147,38.91930644327919,22.22457106194362,15.421238920408712,10.53944849027981
Operieren,265,M1_alpha1,False,37.84663377166142,16.34212813435982,10.907504644513851,24.149385565178033,35.812326492869836,21.150742978145512,16.34212813435982,10.907504644513851
Operieren,267,M1_alpha1,False,37.74570436644952,11.876114117456332,11.034526040019884,25.065457576066272,38.02638583286957,21.756410928501328,11.876114117456332,11.034526040019884
Operieren,269,M1_alpha1,False,36.98362367828017,15.445644566186777,10.242023273828227,23.455629902205363,35.980375471578284,20.306540001241444,15.445644566186777,10.242023273828227
Operieren,271,M1_alpha1,False,41.18453937782434,12.043796236546049,9.605109414040369,26.20030464669439,40.59286389549133,22.635644083364973,12.043796236546049,9.605109414040372
Operieren,273,M1_alpha1,False,35.24541872316631,15.778663841151408,8.816398616089252,23.422558174763264,35.99022945444135,20.088998225104962,15.778663841151408,8.816398616089252
Operieren,275,M1_alpha1,False,38.62003179872006,11.935095592745014,6.842514536091629,24.263463355949504,38.36458986889083,20.780285980353245,11.935095592745014,6.842514536091629
Operieren,277,M1_alpha1,False,42.19260070623825,15.932866019320652,5.9483834765756205,24.31368591906259,37.3809129825742,20.862552432163422,15.932866019320652,5.94838347657562
Operieren,279,M1_alpha1,False,40.88545801366828,13.217901562094937,6.86796419911172,26.88826153174888,42.25196875039157,23.147724255123393,13.217901562094937,6.86796419911172
Operieren,281,M1_alpha1,False,37.21179310431391,19.928918440039798,9.014250144657504,28.224847067541745,39.46478986071034,24.55201468182533,19.928918440039798,9.014250144657504
Operieren,283,M1_alpha1,False,38.46485827492057,14.268223795671362,11.608445469436184,32.08775898455635,44.25482073694195,27.918022277398194,14.268223795671362,11.608445469436184
Operieren,285,M1_alpha1,False,38.45244584211723,13.500795404456378,11.063059814306838,31.027217531007295,40.8305672909589,27.22867309708651,13.500795404456378,11.063059814306838
Operieren,287,M1_alpha1,False,33.67370999045768,13.621684945930177,11.215514682585646,27.575669061109505,36.11361361410103,24.29812996802797,13.621684945930177,11.215514682585646
Operieren,289,M1_alpha1,False,40.327775336243036,14.199926933974742,9.937095317721933,35.9292298676814,41.40774214212093,32.21182320824059,14.199926933974742,9.937095317721933
Operieren,291,M1_alpha1,False,42.34404125963488,12.327816098752184,11.217099508969842,40.098680664697476,50.28666030660858,35.51679923001018,12.327816098752187,11.217099508969842
Operieren,293,M1_alpha1,False,41.29522922958328,15.20212680836745,12.274041112502198,41.60016808450339,51.20577665472511,36.93923485114555,15.20212680836745,12.274041112502198
Operieren,295,M1_alpha1,False,45.72927431026033,17.199485692444174,15.005782064270171,48.04081964388621,59.892839111589495,42.61669247828736,17.199485692444174,15.005782064270171
Operieren,297,M1_alpha1,False,48.65664152064732,32.49364550883769,19.617608540768575,52.33878125217581,65.71380168340666,46.420261458612316,32.493645508837695,19.617608540768575
Regen,196,M1_alpha1,False,45.31558347378226,16.359944019843894,13.57634867064424,44.70166977888325,49.83185674784126,40.285745444186965,16.359944019843894,13.57634867064424
Regen,198,M1_alpha1,False,45.44565292865406,11.199661866854104,12.69716429692629,42.53559752466485,49.68302321709953,38.11599994064794,11.199661866854104,12.697164296926292
Regen,200,M1_alpha1,False,46.277052690157014,11.403862447788834,12.324390145236938,43.12383149263395,50.88110224800218,38.55787114702695,11.403862447788834,12.324390145236938
Regen,202,M1_alpha1,False,48.56261343472893,14.243801429094566,11.216804904369816,48.23956599973076,50.64853531361356,43.72001229527422,14.243801429094566,11.216804904369816
Regen,204,M1_alpha1,False,45.89252741624464,10.884944979205134,11.409663972005056,43.92970049778418,49.10061504197943,39.66864818701929,10.884944979205137,11.409663972005056
SauerWuetend,191,M1_alpha1,True,49.08590059332331,,11.308369386101853,40.80036498942613,48.36170463075062,36.88336173090509,,11.308369386101853
SauerWuetend,193,M1_alpha1,True,50.752436566303466,,12.99635323059911,42.3655258611819,48.844998576137364,37.82673237188816,,12.99635323059911
SauerWuetend,195,M1_alpha1,True,52.04311474272755,,11.55306115329917,41.59278589628044,48.1948199539739,37.42759914173903,,11.55306115329917
SauerWuetend,197,M1_alpha1,True,49.30624817822622,,10.497057934717168,39.164179342553425,46.49141204698796,35.13322309881495,,10.497057934717166
SauerWuetend,199,M1_alpha1,True,45.69735777338935,,12.352865789838352,35.48464391803823,41.89140056055582,32.001957860727764,,12.352865789838352
SauerWuetend,201,M1_alpha1,True,40.67092070668086,,8.725259104770888,29.103317379337756,39.932760759963465,26.37338096895548,,8.725259104770888
SauerWuetend,203,M1_alpha1,True,41.23935385414534,,8.77794477817221,27.251665678024136,39.76581409545231,23.867944068591147,,8.77794477817221
SauerWuetend,205,M1_alpha1,True,40.50257312051383,,8.087968663152893,29.38677697364981,41.76695920971767,26.159064151585365,,8.087968663152893
SauerWuetend,207,M1_alpha1,True,40.1186015149267,,8.867994194848777,29.352530875780335,41.66433295527125,25.860158621854346,,8.867994194848777
SauerWuetend,209,M1_alpha1,True,37.866183488560765,,10.656114329571615,30.627931156309174,42.74186796004571,26.876137197751078,,10.656114329571615
SauerWuetend,211,M1_alpha1,True,44.94453790518246,,15.816760078345972,38.87017563794725,57.06947700503091,33.93937442961619,,15.816760078345972
Schreiben,209,M1_alpha1,False,48.00660169188105,10.142111297125133,8.008085739531197,34.12746793560548,53.776476709918825,29.04909368300566,10.142111297125133,8.008085739531195
Schreiben,211,M1_alpha1,False,46.28507397901472,12.62842246641067,8.009254543130185,32.44745726460257,52.56232741537706,27.459243841917,12.62842246641067,8.009254543130185
Schreiben,213,M1_alpha1,False,43.21038085392949,10.756148173448526,9.334998689061738,31.54991251087575,51.54845533589703,26.70522766739241,10.756148173448526,9.334998689061738
Schreiben,215,M1_alpha1,False,39.4010201154375,12.56647129533398,7.932185671869862,32.19075520006957,48.77495105916961,27.66707251925462,12.56647129533398,7.932185671869862
Schreiben,217,M1_alpha1,False,41.67758049530605,10.805390071937257,8.138514226492518,27.455190576890832,43.78475296198673,23.83760424876385,10.805390071937257,8.138514226492518
Schreiben,219,M1_alpha1,False,41.37604143092025,10.397067339760952,9.716173067882586,24.501713285758143,38.0515078572378,21.29043308580241,10.397067339760952,9.716173067882586
Schreiben,221,M1_alpha1,False,41.32473543547393,9.707007349319271,11.29439571507613,39.29395332542676,53.63406006442163,34.289507450920794,9.707007349319271,11.294395715076133
Schreiben,223,M1_alpha1,False,45.38406700111428,9.25479262018193,12.879603942646934,46.33867122279727,59.14006591245746,41.036089848965524,9.25479262018193,12.879603942646934
Schreiben,225,M1_alpha1,False,45.427996533018614,12.303941956388293,13.399934031870195,46.182749295814716,58.52156676913765,40.97460613699056,12.303941956388293,13.399934031870195
Schreiben,227,M1_alpha1,False,54.59292268550833,12.717228445933708,13.548367354927558,56.23952337911947,58.788794620880054,50.97800766711051,12.717228445933708,13.548367354927558
Schreiben,229,M1_alpha1,False,54.448928667565035,10.827606663092862,14.353537258676953,52.26641336816264,59.27750091046776,46.77910273199162,10.827606663092862,14.353537258676953
Schwach,188,M1_alpha1,False,52.06229844639247,10.247265986841757,10.315876734538172,52.28539214925954,60.3406436412057,47.3479358673244,10.247265986841757,10.315876734538172
Schwach,190,M1_alpha1,False,50.480266946026475,10.52499628460098,10.50756125092885,48.37211714977806,64.65410016306255,42.540539841925295,10.52499628460098,10.50756125092885
Schwach,192,M1_alpha1,False,50.94239160511351,10.010666002928751,10.222704172252273,51.72142996948595,58.79441358158822,46.93286485939865,10.010666002928751,10.222704172252273
Schwach,194,M1_alpha1,False,52.17978925713596,10.19625219743361,10.368530073390671,51.50182452767494,64.19835980703668,45.890731198691334,10.19625219743361,10.368530073390671
Schwach,196,M1_alpha1,False,51.47672892591615,10.16903894054008,9.985947326238096,50.41588096837591,62.413612775985364,44.923227652155845,10.16903894054008,9.985947326238094
Schwach,198,M1_alpha1,False,48.314435451913596,9.945054139406766,10.188264068601576,47.77435100148502,59.267680007616654,42.67482278156095,9.945054139406768,10.188264068601576
Schwach,200,M1_alpha1,False,51.2036013995282,10.461693291192315,9.775325894138241,49.90155737985939,60.90853527032183,44.683258341925885,10.461693291192315,9.775325894138241
Schwach,202,M1_alpha1,False,51.01602916763463,10.082714806962045,10.309143351494361,50.23101513195765,60.17671488131626,45.09589716602006,10.082714806962045,10.309143351494361
Schwach,204,M1_alpha1,False,52.1453637947452,10.33860681617557,11.399730850768,50.169610825134086,54.951319080123795,45.532038388293294,10.33860681617557,11.399730850768
Schwach,206,M1_alpha1,False,53.3437563076059,10.265085508864916,10.715967694389096,51.847328610254365,56.12647881905719,47.16956773497118,10.265085508864916,10.715967694389096
Schwach,208,M1_alpha1,False,54.38747585728603,10.543036405387788,10.374914922046235,53.427144620438895,53.97978934880706,48.80508623273864,10.543036405387788,10.374914922046235
Schwach,210,M1_alpha1,False,61.805986117330875,12.963370183762997,11.765323140238985,62.22251176515312,66.12328388898729,56.24198990721432,12.963370183762999,11.765323140238985
Schwach,212,M1_alpha1,False,59.44521979205266,13.43033465466485,11.900077303446334,60.52643722748542,62.87037102991841,54.933480340610316,13.43033465466485,11.900077303446334
Schwach,214,M1_alpha1,False,60.55906428181855,12.402381552314374,16.932658823829914,61.057494918175834,65.17556239757471,55.10307333276495,12.402381552314374,16.932658823829914
Schwer,199,M1_alpha1,False,35.207926431136315,14.820630797658671,16.030106984148915,24.23827323573482,34.46652298496014,21.274831838074636,14.820630797658671,16.030106984148915
Schwer,201,M1_alpha1,False,39.36500761657859,14.70567349323058,15.803137415209358,23.851518483219618,33.959294798998236,21.723728492551007,14.70567349323058,15.803137415209358
Schwer,203,M1_alpha1,False,40.47007923642422,14.06783010016112,16.17234343876083,23.813463719186778,34.30095822797001,21.674482467749517,14.06783010016112,16.17234343876083
Schwer,205,M1_alpha1,False,41.757318048607715,13.221682462988008,16.287108170455394,25.867560409260612,36.20721371062835,23.542938114623357,13.221682462988008,16.28710817045539
Schwer,207,M1_alpha1,False,40.65773808166732,13.948900584992764,15.960304920813371,26.57955875200402,38.19967153020684,23.967853652439796,13.948900584992764,15.960304920813371
Schwer,209,M1_alpha1,False,40.144553501165795,13.260693567490268,14.77823254403816,25.1515528203858,36.44906579281034,22.892113048747312,13.260693567490268,14.77823254403816
Schwer,211,M1_alpha1,False,37.41988502218552,13.794828234116071,14.399607582406528,27.571554492599905,32.36908372225382,24.829735106583314,13.794828234116071,14.399607582406528
Schwer,213,M1_alpha1,False,35.03367235104936,12.190495073689222,10.203799900587342,26.157823311878417,32.3605944089668,23.531910960364044,12.190495073689222,10.20379990058734
Schwer,215,M1_alpha1,False,38.11004457848738,11.094244343467995,9.961671713556642,23.70504626730872,34.8080509457774,21.371998252837457,11.094244343467995,9.961671713556642
Schwer,217,M1_alpha1,False,39.61733385011091,11.48518159123396,8.614289277926181,24.21619753584466,35.59972922704091,21.83168887012768,11.48518159123396,8.614289277926181
Schwer,219,M1_alpha1,False,35.52793144021889,10.334730697459234,7.386202965841443,24.05911398496328,32.2576315508622,21.231494396208063,10.334730697459234,7.386202965841443
Schwer,221,M1_alpha1,False,42.168078371593104,10.034125821469242,6.422940055198682,36.93047167643853,38.373105984314144,33.655409019814996,10.03412582146924,6.422940055198682
Schwer,223,M1_alpha1,False,54.78154108924664,11.57692979850818,7.012117682667773,52.539258203995914,56.45520519451864,47.52236564836965,11.57692979850818,7.012117682667773
Schwer,225,M1_alpha1,False,59.017769335047866,9.779396104301757,10.82593040038648,59.87678574576115,59.08528813328347,54.576457632426504,9.779396104301757,10.825930400386476
Sonne,198,M1_alpha1,True,42.95933873129877,,86.0603642320535,44.148299802652716,72.45482448825022,37.070092188412644,,86.0603642320535
Sonne,200,M1_alpha1,True,42.02896586832996,,85.53678562510213,38.868932214494194,69.30023715735787,32.21270179198896,,85.53678562510213
Sonne,202,M1_alpha1,True,42.62961596551083,,84.81250925606639,38.433882000807266,68.1055118518676,32.121784412567386,,84.81250925606639
Sonne,204,M1_alpha1,True,43.46937293119027,,83.1963522174633,38.03074786772207,66.99230706406958,31.485045700631396,,83.1963522174633
Sonne,206,M1_alpha1,True,43.5610410189072,,81.4121855713098,38.54664391688144,67.86485667157373,31.900808815943712,,81.41218557130982
Sonne,208,M1_alpha1,True,44.06388695984715,,78.95973755259479,39.29977224683823,69.70823561476683,32.551553228077786,,78.95973755259479
Sonne,210,M1_alpha1,True,37.040203129488525,,8.624211683321562,29.240277764797437,37.559149385503,25.69819762729909,,8.624211683321562
Sonne,212,M1_alpha1,True,36.9498175389726,,5.681795987447898,25.28663992651232,33.52182615033903,22.185996829581985,,5.681795987447898
Sonne,214,M1_alpha1,True,41.97358047964721,,6.731852976687729,28.223352698078504,38.28370144970394,24.80188505333685,,6.731852976687729
Sonne,216,M1_alpha1,True,40.68455085176711,,6.844624337050514,26.66354767483449,38.75797370069507,23.256560397285952,,6.844624337050514
Sonne,218,M1_alpha1,True,40.986995686536744,,8.374440082170763,25.87583797567369,39.197534281809,22.622105793321076,,8.374440082170763
Sonne,220,M1_alpha1,True,37.95837700630491,,8.372600313279948,28.77865268929472,40.77352486597274,24.94158822007761,,8.372600313279948
Sonne,222,M1_alpha1,True,40.8201094414414,,9.943857668704728,36.6448572806052,48.08364643651839,31.997452863740943,,9.943857668704728
Sonne,224,M1_alpha1,True,47.29706435580468,,11.76476584809074,44.15211567363238,55.55223686610292,38.9985538937824,,11.76476584809074
Sorry,196,M1_alpha1,True,49.31418039187437,,20.999385453478926,38.28240326378706,49.8791365002812,33.92266019360691,,20.999385453478926
Sorry,198,M1_alpha1,True,49.94383103477312,,17.867133994285055,42.39282616044781,54.54122930403265,37.483516766511286,,17.867133994285055
Sorry,200,M1_alpha1,True,52.156694862464654,,19.087908227506343,42.539536914718816,54.246628803812776,37.55880894319087,,19.087908227506343
Sorry,202,M1_alpha1,True,47.96687883414162,,17.08288185728662,36.21293680203643,46.37718410893232,31.94468481794393,,17.08288185728662
Sorry,204,M1_alpha1,True,44.88631937699493,,18.320046813902525,36.56532624114943,49.79530956681175,31.61455096587347,,18.320046813902525
Sorry,206,M1_alpha1,True,43.702040900364906,,13.95073791646408,34.99647724925106,44.796172796120224,30.45382124100035,,13.95073791646408
Sorry,208,M1_alpha1,True,42.52336653583419,,11.570231502267772,35.12453365990746,44.385682450409675,30.608131013374468,,11.57023150226777
Sorry,210,M1_alpha1,True,38.67203282826794,,11.580000596210926,30.81640791543873,39.96895831515092,26.892386499249124,,11.580000596210928
Sorry,212,M1_alpha1,True,41.13511894675885,,11.657291109197118,29.813299889742574,38.987820060381935,26.081525900174263,,11.657291109197116
Sorry,214,M1_alpha1,True,38.514908224460065,,11.15398638591346,28.908678740640333,38.51455228250305,25.543779245323115,,11.15398638591346
Sorry,216,M1_alpha1,True,35.9000494480092,,10.042499259339406,27.824522889109424,36.64240324805353,24.573144600731048,,10.042499259339406
Sorry,218,M1_alpha1,True,35.41779366902502,,10.47286838052852,25.946481701529265,35.74647399466697,22.72291497154707,,10.472868380528519
Sorry,220,M1_alpha1,True,38.61584414224054,,9.0626527502948,33.0065708246007,46.21040368482808,28.2642985329304,,9.0626527502948
Sorry,222,M1_alpha1,True,40.85382556490145,,8.953013309991722,39.36467249482655,54.56182162771315,33.62006799033744,,8.95301330999172
SparenSparsam,191,M1_alpha1,False,35.323026573584116,15.839417759059893,11.512894103868737,24.900120414823473,34.82310411666052,21.893924499863857,15.839417759059893,11.512894103868737
SparenSparsam,193,M1_alpha1,False,36.165176352115544,18.339722072231538,11.9928806837926,23.881351966679656,34.802798356463896,20.950360923742913,18.339722072231538,11.992880683792603
SparenSparsam,195,M1_alpha1,False,37.288510915951186,16.415732518273206,10.948426188460315,22.64766478571619,34.151733477505964,19.557783356406688,16.415732518273206,10.948426188460319
SparenSparsam,197,M1_alpha1,False,38.70838264322815,15.464616014273194,10.034609400925191,23.9472624139778,34.86591337893815,21.038463165136683,15.464616014273194,10.034609400925191
SparenSparsam,199,M1_alpha1,False,36.747177779733654,15.13980716148981,10.414671079079145,25.14023660338419,37.227019181719115,22.19617645222167,15.139807161489808,10.414671079079145
SparenSparsam,201,M1_alpha1,False,40.5235805886228,16.090073718069362,12.384622800169671,36.772549495681744,51.3934512592263,32.082154579685195,16.090073718069362,12.384622800169671
SparenSparsam,203,M1_alpha1,False,43.906127360206995,23.632810722288333,11.346213186598543,37.26556205924091,52.43009992809881,32.5369482556174,23.632810722288333,11.346213186598543
SparenSparsam,205,M1_alpha1,False,41.97014536515547,17.76974881876896,10.71055714608135,37.868084706097754,43.83586679868255,34.168879693542245,17.76974881876896,10.710557146081351
SparenSparsam,207,M1_alpha1,False,42.54072789677153,32.10302196107411,11.970039041753495,35.11449083764717,46.81402275711399,31.098372951824256,32.10302196107411,11.970039041753495
Spezial,165,M1_alpha1,False,36.58523895541024,8.978120677262533,13.838393995504653,26.28214537603914,35.109940458645035,23.600145040795383,8.978120677262533,13.838393995504653
Spezial,167,M1_alpha1,False,34.26905558096151,9.299011104765036,13.742229891170943,25.83667873832954,35.71700861472453,22.874632592060063,9.299011104765036,13.742229891170943
Spezial,169,M1_alpha1,False,35.38529533548626,9.485246886778773,13.353771745199644,25.78990328081497,35.03623086349064,22.882520092241666,9.485246886778773,13.353771745199644
Spezial,171,M1_alpha1,False,35.11099966956108,9.118231212368393,13.066697333637556,24.84106453712164,32.38908973363282,22.164139533745498,9.118231212368393,13.066697333637556
Spezial,173,M1_alpha1,False,38.6017904027755,8.796839856856321,13.5912839360984,26.312117838915427,34.84721678651261,23.70432652267698,8.796839856856321,13.5912839360984
Spezial,175,M1_alpha1,False,36.06443197563612,9.083988843015257,11.628500495811682,24.55788293962183,32.752437480779854,22.075917158253706,9.083988843015257,11.628500495811682
Spezial,177,M1_alpha1,False,37.423742130740145,9.412154885037799,11.386255023562372,25.423529060038334,34.167591659740815,22.773805640785202,9.412154885037799,11.386255023562372
Spezial,179,M1_alpha1,False,36.58440825900484,7.886978493056023,9.78443746334271,24.87780758023966,31.943187202412176,22.475866090662343,7.886978493056023,9.78443746334271
Spezial,181,M1_alpha1,False,37.43502860772002,8.826798486744897,8.157128012368641,24.008415696859945,31.47264969973247,21.554247306876402,8.826798486744897,8.157128012368641
Spezial,183,M1_alpha1,False,37.00681783783544,8.838948687686708,8.381639647734367,24.20896018126309,30.81420673237055,21.815196098086385,8.838948687686708,8.381639647734367
Spezial,185,M1_alpha1,False,34.17003942333613,9.02320970950668,8.856250524177863,24.01184282342922,28.47394416560434,21.360612665154676,9.02320970950668,8.856250524177863
Spezial,187,M1_alpha1,False,46.13693610200719,9.99822944564847,9.49210046944098,40.3084199879647,45.47998800342505,36.117643519752306,9.99822944564847,9.49210046944098
Spezial,189,M1_alpha1,False,47.3964986171178,11.472429807256304,10.605066221049174,46.69894094885066,47.46498433905961,42.61001635003799,11.472429807256304,10.605066221049174
Spezial,191,M1_alpha1,False,58.12653169622262,15.6008211333659,15.926704540091464,53.443416134007315,58.00848218939841,47.96708121234369,15.6008211333659,15.926704540091464
Tisch,169,M1_alpha1,False,36.97045425157213,12.07619421123861,15.329861383291842,28.441878648751107,43.1116110914229,24.51774262144465,12.076194211238608,15.329861383291842
Tisch,171,M1_alpha1,False,143.59570255029948,13.231178401427876,68.81136461796403,184.25440458833944,290.14744837192336,156.62667854681982,13.231178401427876,68.81136461796405
Tisch,173,M1_alpha1,False,142.41427423904526,12.300334322988965,69.01026336392273,185.18760053973733,291.9030104862639,157.36562575946593,12.300334322988965,69.01026336392273
Tisch,175,M1_alpha1,False,40.43182942574232,12.788572340736577,18.966831317462507,29.29560310510785,42.18450354453414,25.03232969826804,12.788572340736577,18.966831317462507
Tisch,177,M1_alpha1,False,43.620409099529176,15.142855082808593,19.30351827794891,34.510130824713634,49.317602208509086,29.696427341740577,15.142855082808593,19.30351827794891
Tisch,179,M1_alpha1,False,41.93664922906337,12.017554249225276,15.950304951414859,33.49259705248815,48.05391526629533,28.77368001502777,12.017554249225277,15.950304951414859
Tisch,181,M1_alpha1,False,40.7452886895982,13.460242768023255,16.184432552230586,29.87954136154391,42.022538465631044,25.745759366643828,13.460242768023255,16.184432552230586
Tisch,183,M1_alpha1,False,44.24535850723102,11.978472721019402,15.021788573782597,32.26413229488203,44.610282089020714,27.776361732351205,11.978472721019402,15.021788573782597
Tisch,185,M1_alpha1,False,42.321448885908055,11.95932935356331,16.435727182767838,33.982594510463294,45.48808509640625,29.581212371198774,11.95932935356331,16.435727182767838
Tisch,187,M1_alpha1,False,42.2825133633042,12.23937837359678,17.656244201840416,33.06922426396427,44.245909126924595,28.733182500876495,12.239378373596777,17.656244201840416
Tisch,189,M1_alpha1,False,40.89076816878299,11.671156360583968,15.276981841275688,32.349646832617736,44.134194113473306,28.045842298917222,11.671156360583968,15.276981841275688
Tisch,191,M1_alpha1,False,37.43200735461345,11.487660186048542,14.42767785864368,31.07100860850855,44.65540458386559,26.76514777087185,11.487660186048542,14.42767785864368
Tisch,193,M1_alpha1,False,43.05767720997556,11.516330400158493,11.91302712810475,34.317403663049156,49.77783576009658,29.545448944830643,11.516330400158493,11.91302712810475
Tisch,195,M1_alpha1,False,42.260904973553174,9.170015613018789,11.132986560053505,30.629768335692503,47.54815911149904,26.031259518411158,9.170015613018787,11.132986560053505
Tisch,197,M1_alpha1,False,43.01583133766211,8.083979078677574,11.80549748115153,33.32836264331146,48.64286642914977,28.70051360406346,8.083979078677574,11.80549748115153
Tisch,199,M1_alpha1,False,40.94910361485478,7.302778776840656,12.144908755791121,28.105420642637927,40.699988628466876,24.43994944888513,7.302778776840656,12.144908755791121
Tisch,201,M1_alpha1,False,42.86979510712676,7.728125800981403,13.0932152534313,32.25000132547443,42.04301601794288,28.589004581333043,7.728125800981403,13.0932152534313
Tisch,203,M1_alpha1,False,45.175260258766365,11.192259056760774,12.33860353573011,38.399480982556284,45.75527562672302,34.574495616558366,11.192259056760774,12.33860353573011
Tisch,205,M1_alpha1,False,57.70719681487723,13.618126130662827,14.022019520227314,60.236505355361366,77.16198411934806,53.81946328047396,13.618126130662827,14.022019520227314
Tisch,207,M1_alpha1,False,55.8481186382909,10.890339391558353,14.023073078141582,55.96925528818294,67.720648410177,50.52588953230785,10.890339391558353,14.023073078141582
Tisch,209,M1_alpha1,False,62.91580517647931,20.492210423566576,27.130195946532687,60.839259451242874,64.1627097472244,55.12166338794492,20.492210423566572,27.130195946532687
Treffen,188,M1_alpha1,False,43.41195408644021,13.481785389138413,9.64250058468687,20.390122746855962,32.32109139160172,17.229559913106183,13.481785389138413,9.64250058468687
Treffen,190,M1_alpha1,False,42.27175548166791,16.27147256002993,8.80068897288963,20.100708538782005,30.967402006114114,17.148794254914495,16.27147256002993,8.80068897288963
Treffen,192,M1_alpha1,False,42.563163687728235,16.69639626322747,9.080341354319378,20.29890489885767,31.078296474554406,17.304089867012628,16.69639626322747,9.080341354319378
Treffen,194,M1_alpha1,False,41.66228470592157,15.28335902614275,8.470423394919013,25.754153134418985,34.23634186581572,22.683707230125226,15.283359026142753,8.470423394919015
Treffen,196,M1_alpha1,False,43.35291503169767,14.957796803446588,8.161667972587642,21.97005005923405,29.784634360042975,19.27910541922597,14.957796803446588,8.16166797258764
Treffen,198,M1_alpha1,False,44.86550943843925,18.323828571557943,7.95619760800701,20.131366176226024,28.99539783807285,17.362419965622948,18.323828571557947,7.956197608007011
Treffen,200,M1_alpha1,False,43.662087493969544,18.424036012689278,8.932303447074393,19.887219221905028,28.927512050833446,17.12642357348328,18.424036012689278,8.932303447074394
Treffen,202,M1_alpha1,False,44.437047836370375,13.02390154454129,8.202427411925822,28.830491806160364,32.41030930695284,25.84767197033003,13.023901544541294,8.202427411925822
Treffen,204,M1_alpha1,False,44.97474615158849,12.05068426209074,7.581481479146993,32.95889792267781,35.179152601484134,29.67995219667043,12.050684262090744,7.581481479146996
Treffen,206,M1_alpha1,False,39.75853889866678,13.680359670341304,7.466278658961516,28.37576173553167,36.961698277027,25.376488672266444,13.680359670341304,7.466278658961516
Treffen,208,M1_alpha1,False,41.68439818687513,27.06736629014035,8.923371473193827,31.310843867617518,39.08136722588973,28.049087422800156,27.067366290140356,8.923371473193827
Treffen,210,M1_alpha1,False,45.89353970695397,31.08190468201215,8.678841999040012,42.20164924537815,46.418513260146305,38.441704890345264,31.08190468201215,8.678841999040012
Treffen,212,M1_alpha1,False,53.38882823444781,26.544686060290076,31.666473410513074,52.08413263721426,42.09431924280394,49.16497621375275,26.54468606029007,31.666473410513074
Treffen,214,M1_alpha1,False,51.91869235953965,32.88995286539581,25.70731187390729,50.71887178636455,43.74253529033766,47.67746864896091,32.88995286539582,25.70731187390729
Vater,205,M1_alpha1,True,48.580734168700246,,11.46416531885471,44.58671962355476,61.63050940747249,38.33977398946841,,11.46416531885471
Vater,207,M1_alpha1,True,46.554727784600175,,11.441257363125475,42.12487944226907,56.13369720249465,36.53424041354489,,11.441257363125475
Vater,209,M1_alpha1,True,46.130511292645195,,12.10778969796269,41.89077914073549,56.45809527331994,36.28601248784244,,12.10778969796269
Vater,211,M1_alpha1,True,44.88508168786698,,12.025016016290436,37.77174488628598,49.30671674565948,33.06675278071481,,12.025016016290436
Vater,213,M1_alpha1,True,40.995549026009556,,11.144468047476108,34.79166256719555,45.547393495583925,30.32683295453147,,11.144468047476108
Vater,215,M1_alpha1,True,39.63539528943335,,11.15945959474385,28.936586716922864,38.90319777392655,25.430933316134553,,11.15945959474385
Vater,217,M1_alpha1,True,35.346126208219026,,11.070888453549541,25.49923120315564,39.11666721613747,22.11707394361884,,11.070888453549543
Vater,219,M1_alpha1,True,37.93434173640233,,11.29714500759161,25.0387199935482,36.427155753952505,21.78718991630719,,11.29714500759161
Vater,221,M1_alpha1,True,38.84826045022793,,10.541687342361918,26.114307530693946,39.226554031571034,22.79691705893075,,10.541687342361918
Vater,223,M1_alpha1,True,40.72826308766835,,10.573155031562795,29.01771434925103,43.98847030740655,25.394551487095093,,10.573155031562798
Vater,225,M1_alpha1,True,40.65669771965228,,11.880482130100345,36.110694212920365,55.4702885596674,30.965915376344213,,11.880482130100342
Vater,227,M1_alpha1,True,42.76961320653203,,12.186447589993886,43.4162212855899,62.589905941053956,37.208439345419436,,12.186447589993886
Verschieden,224,M1_alpha1,False,36.3595229884488,13.853967024843296,16.366509489489818,28.7513583004959,41.67460719526781,24.67416978031202,13.853967024843296,16.366509489489818
Verschieden,226,M1_alpha1,False,38.16935609622845,14.108534890363199,16.824247158334593,30.662947355710262,41.965756272099455,26.67705108906915,14.108534890363199,16.82424715833459
Verschieden,228,M1_alpha1,False,39.88951529678227,12.36632502196624,15.21284428375049,30.96067065334408,44.124553020822546,26.827656021922405,12.366325021966238,15.212844283750492
Verschieden,230,M1_alpha1,False,40.4399436365024,13.565244707851278,13.092815895671103,36.27166486083136,47.0825345808558,31.968072584202805,13.565244707851278,13.092815895671103
Verschieden,232,M1_alpha1,False,40.82268440684097,14.114422904461891,10.639950074879247,33.5539222921234,45.87637389439265,29.561318351498638,14.11442290446189,10.639950074879247
Verschieden,234,M1_alpha1,False,46.36868339600412,14.72288588512316,11.166513943708598,45.7884882787491,61.97698475646077,40.18827670615706,14.72288588512316,11.166513943708598
Verschieden,236,M1_alpha1,False,48.19471277205988,13.285031407889003,12.708742821983904,47.866027339298384,64.98835799968181,42.043155257654526,13.285031407889,12.708742821983904
VorsichtPassAuf,171,M1_alpha1,False,32.23462653750245,8.063665835842393,12.901670922796555,23.770642122275362,33.73842562629275,20.59360887192535,8.063665835842393,12.901670922796555
VorsichtPassAuf,173,M1_alpha1,False,39.130471631068254,7.294155113142987,11.857810818130314,32.78519404078226,37.985780667882274,29.510258455382946,7.294155113142987,11.857810818130314
VorsichtPassAuf,175,M1_alpha1,False,34.08598979632977,8.513890229693594,11.507874165338382,27.076581182834737,39.605373756416924,23.557177580745243,8.513890229693594,11.507874165338382
VorsichtPassAuf,177,M1_alpha1,False,35.39989805717152,7.923320267143962,10.96080329404112,25.666526420278792,36.725650040752576,22.163451574364032,7.923320267143962,10.960803294041117
VorsichtPassAuf,179,M1_alpha1,False,37.52436288623135,8.701153105707311,11.614042736719306,27.53151684959243,39.895906843754524,23.776231120337517,8.701153105707311,11.614042736719306
VorsichtPassAuf,181,M1_alpha1,False,35.15866080921217,7.870081736674762,11.272455244010489,26.533670501527848,40.08065840520684,22.740311935357102,7.870081736674762,11.272455244010489
VorsichtPassAuf,183,M1_alpha1,False,36.78149691355704,8.22573149194572,11.604498588635236,27.234551123491496,39.74332314705554,23.546982089768008,8.22573149194572,11.604498588635234
VorsichtPassAuf,185,M1_alpha1,False,38.93739044315198,8.466862542634122,10.969105883791782,26.49864572106627,38.255991786481864,22.89508641934436,8.466862542634122,10.969105883791782
VorsichtPassAuf,187,M1_alpha1,False,37.29731280062665,8.41321492761776,11.787439808739139,26.514426461243595,38.07373902881187,22.98349895801354,8.41321492761776,11.787439808739139
VorsichtPassAuf,189,M1_alpha1,False,36.14617622773638,8.554741211047691,11.551197261791952,27.26619703262309,39.59092188474305,23.61279724427128,8.554741211047691,11.551197261791952
VorsichtPassAuf,191,M1_alpha1,False,34.947209793076034,7.940829047143466,11.338511118456744,25.9859209350085,39.993088770145725,21.984549434688812,7.940829047143466,11.338511118456744
VorsichtPassAuf,193,M1_alpha1,False,35.92852210679904,8.747666984395128,11.633213053744258,26.747721941777574,37.45988496767819,23.15196134173934,8.747666984395128,11.633213053744258
VorsichtPassAuf,195,M1_alpha1,False,36.41981703418055,7.7951709473964055,10.268191881507613,25.958298071280925,40.684836249071076,21.99221523490403,7.7951709473964055,10.268191881507613
VorsichtPassAuf,197,M1_alpha1,False,34.87410401006753,8.920791149743062,10.525437856118387,23.429198972303926,35.74387037095829,19.813005913726606,8.920791149743062,10.525437856118387
VorsichtPassAuf,199,M1_alpha1,False,31.46084441371276,9.565650554460888,8.959226040499802,22.452868806633074,31.715160352873806,19.390681516176482,9.565650554460888,8.959226040499802
VorsichtPassAuf,201,M1_alpha1,False,32.86032446874102,9.253216696151387,8.247129378564566,23.571397690689164,33.86899784938543,20.382306874803668,9.253216696151387,8.247129378564566
VorsichtPassAuf,203,M1_alpha1,False,37.54529117882165,8.262242947089248,7.286505080604937,28.629806544105826,34.7209614594428,25.613106205116683,8.262242947089248,7.286505080604937
VorsichtPassAuf,205,M1_alpha1,False,39.42008919438898,9.197803329816557,7.466374114737352,32.12957248552823,38.51634653579914,28.670032762625038,9.197803329816557,7.466374114737352
VorsichtPassAuf,207,M1_alpha1,False,61.19160631063081,8.924606792990046,8.50208222434609,61.23265639338209,61.01337980721339,55.857337256651185,8.924606792990046,8.50208222434609
VorsichtPassAuf,209,M1_alpha1,False,57.7980651802822,14.467295251803588,11.260711567001527,62.25393267722424,60.71425515886208,57.05711352820005,14.467295251803588,11.260711567001527
Waschen,189,M1_alpha1,False,42.957521316430054,21.228306937570515,14.62047616269164,23.39996458380336,36.7356182575661,20.273155747909556,21.228306937570515,14.62047616269164
Waschen,191,M1_alpha1,False,46.91002936504744,21.493720990636028,15.897713386905442,27.058990937632387,44.187935695743995,23.43315275227587,21.493720990636028,15.897713386905442
Waschen,193,M1_alpha1,False,46.23447480831465,22.548804704463446,14.672189372798398,26.373227636293418,42.45412578885364,22.860633147977772,22.548804704463446,14.672189372798398
Waschen,195,M1_alpha1,False,54.6444466959258,21.226830446078164,14.287286072087936,34.55225648127798,42.70804354069907,31.13872936048829,21.226830446078168,14.287286072087936
Waschen,197,M1_alpha1,False,48.37321283293503,18.660105625308642,14.487088924888678,25.522458280474325,40.45711911969456,22.36887079245808,18.660105625308642,14.487088924888674
Waschen,199,M1_alpha1,False,53.814340486183234,17.288348937756794,14.25995611428869,30.305113924217114,48.28230757523207,26.664636274178807,17.288348937756794,14.25995611428869
Waschen,201,M1_alpha1,False,46.85840658859145,16.735754913238715,13.905553169679791,25.175248584599025,39.822273099833986,21.87215302321198,16.735754913238715,13.905553169679791
Waschen,203,M1_alpha1,False,45.96423450435193,18.14933082185403,13.854268632803267,26.24031400957784,42.32595532316114,22.95726321703799,18.14933082185403,13.854268632803267
Waschen,205,M1_alpha1,False,48.06778077313953,16.18731658159959,13.103256499508246,27.043223445848298,43.28957646823128,23.66460650467373,16.187316581599585,13.103256499508246
Waschen,207,M1_alpha1,False,48.191779411824015,15.652044443901856,13.294103664908024,27.8451874586118,44.959044757638644,24.19589132156979,15.652044443901856,13.294103664908025
Waschen,209,M1_alpha1,False,48.16647177760795,15.871805517429172,13.19099450826794,30.261947724841708,46.21877298361602,26.066615879744756,15.871805517429172,13.19099450826794
Waschen,211,M1_alpha1,False,46.07193772747278,15.170626043014789,12.78047380604234,28.43212828991694,46.21071274429893,24.42674691176881,15.170626043014789,12.780473806042338
Waschen,213,M1_alpha1,False,46.05663952709694,15.055051636881892,13.08632554291805,27.28306317986541,44.3560393970466,23.507805485406045,15.055051636881892,13.08632554291805
Waschen,215,M1_alpha1,False,44.394350160069,15.481975671312153,12.758193684756785,28.905686128908112,46.797973514081896,24.86333338156845,15.481975671312153,12.758193684756781
Waschen,217,M1_alpha1,False,38.70482559993276,15.067538501801435,10.828297002452475,28.83443346911932,42.22665030608955,24.80361309742396,15.067538501801435,10.828297002452475
Waschen,219,M1_alpha1,False,42.49981927499622,15.317669226002872,8.409016580824423,28.883953922536502,45.69964816388693,24.74250528896635,15.317669226002874,8.409016580824423
Waschen,221,M1_alpha1,False,40.52638872177363,15.390347631536624,7.86099201290295,27.999682098936564,43.30028741455744,24.232573618058225,15.390347631536624,7.86099201290295
Waschen,223,M1_alpha1,False,39.323858952723405,13.772823942608321,8.537316062786461,35.544479479124874,50.82495543329267,30.754134346280686,13.772823942608321,8.537316062786461
Waschen,225,M1_alpha1,False,39.92935556226617,17.016418313367176,8.955668376505558,35.9772122009579,52.44681340352611,30.882285571105808,17.016418313367176,8.955668376505562
Waschen,227,M1_alpha1,False,42.07546657237685,16.687092926564905,9.802132869618257,37.56468543289785,52.954198406731265,32.60323980262305,16.687092926564905,9.802132869618257
Waschen,229,M1_alpha1,False,45.192952195740304,19.56922477796002,11.7553808543148,45.43534885214476,60.16475140098898,39.887390487028526,19.569224777960017,11.7553808543148
Waschen,231,M1_alpha1,False,50.08505567077124,19.024103828341747,15.584117897697332,54.0147312963341,75.9047971864095,47.007691059076464,19.024103828341747,15.584117897697332
Waschen,233,M1_alpha1,False,50.2905474963729,18.648013612888427,17.633280602294974,53.36053733572854,65.58727681922973,47.837551642728144,18.648013612888427,17.633280602294974
Waschen,235,M1_alpha1,False,57.11559339622199,32.54086035712787,15.892775977687526,58.89750566081971,78.45166079556576,52.01323237583315,32.54086035712787,15.892775977687526
Waschen,237,M1_alpha1,False,45.961410032040725,23.2079486356356,23.380981450671257,43.35436250078673,41.20249269979688,40.34996683740009,23.2079486356356,23.380981450671257
Waschen,239,M1_alpha1,False,48.38804328272181,31.582376937767908,9.943480478461074,46.361449116134914,48.216731593608216,42.66895803646606,31.582376937767908,9.943480478461074
Widerspruch,162,M1_alpha1,False,44.603990969073315,18.449266607918638,9.317999013032734,36.28283824167982,54.13162032082354,31.63220149801555,18.449266607918638,9.317999013032734
Widerspruch,164,M1_alpha1,False,43.890008171644205,17.99654736119094,10.017864699657022,34.25219763765011,51.43994338888594,30.010339643315184,17.99654736119094,10.017864699657022
Widerspruch,166,M1_alpha1,False,49.928178697096456,16.7623569525082,10.529409971589752,43.26593529957287,63.23809199376766,37.78360128770788,16.7623569525082,10.529409971589748
Widerspruch,168,M1_alpha1,False,48.05139146751635,18.182094177297774,11.298363031097187,38.082486474345885,57.35133764913135,33.27763939563457,18.182094177297774,11.298363031097187
Widerspruch,170,M1_alpha1,False,44.083193519329235,17.275860460424397,11.20014284733374,31.63193780510705,48.29465443365593,27.7637526190464,17.275860460424397,11.200142847333744
Widerspruch,172,M1_alpha1,False,44.20138384814443,17.238787035749937,10.625535930735634,32.79252884338663,49.709353956280054,28.65141736247594,17.238787035749937,10.625535930735634
Widerspruch,174,M1_alpha1,False,43.387790943989394,18.57573315133238,10.414924137052395,33.053282568578894,49.42788313832244,28.993782680493037,18.57573315133238,10.414924137052395
Widerspruch,176,M1_alpha1,False,47.74462930847522,18.52882301532125,10.051323681783293,39.00000482679605,57.351086917112006,34.12008746408342,18.528823015321247,10.051323681783293
Widerspruch,178,M1_alpha1,False,45.95168802285587,17.284547028880848,10.687588195697106,35.44173606163776,52.055465300515465,30.978190658672204,17.284547028880848,10.687588195697106
Widerspruch,180,M1_alpha1,False,44.4487803814349,18.530209465976203,11.042966426854049,33.456375571182285,51.21180161308824,29.31771130684901,18.530209465976203,11.042966426854049
Widerspruch,182,M1_alpha1,False,44.76812618184746,19.208645490647026,10.749990034190182,35.67098941487267,52.69858656837657,31.346880572355648,19.208645490647026,10.749990034190182
Widerspruch,184,M1_alpha1,False,41.96145826747678,18.139967460096344,9.87252660997856,32.51956184715674,51.589778827638625,28.852577005154604,18.139967460096344,9.87252660997856
Widerspruch,186,M1_alpha1,False,38.71928733615574,16.665202026430432,10.43820565848104,34.6148043839671,56.23736130171096,29.873420149432025,16.665202026430432,10.43820565848104
Widerspruch,188,M1_alpha1,False,39.1592397585068,16.954323459595408,8.81998293848049,36.42197103772773,57.00841370657056,31.396077249773107,16.954323459595408,8.81998293848049
Widerspruch,190,M1_alpha1,False,40.802139415643374,16.06520847155705,7.21554997539093,36.657851780994385,58.53174946523193,31.62873651342698,16.06520847155705,7.21554997539093
Widerspruch,192,M1_alpha1,False,43.18796971237769,42.442236083040015,38.10688126039662,40.59466933522923,38.97263630389283,37.5853769027533,42.44223608304002,38.10688126039662
Widerspruch,194,M1_alpha1,False,48.51474071396654,43.923115918398196,34.31641617230656,47.93871515268163,43.86959340680632,44.48180060033282,43.923115918398196,34.31641617230656
Widerspruch,196,M1_alpha1,False,43.380539749938556,43.8102754501579,32.051738823241585,41.665184337392574,40.91483263981034,38.536566569477884,43.8102754501579,32.051738823241585
Ziel,186,M1_alpha1,False,40.062768454212446,14.951874759902298,14.833885826092544,22.95357477296972,34.09867632314388,19.823463803513427,14.951874759902298,14.833885826092544
Ziel,188,M1_alpha1,False,37.968009222931485,14.772054234851957,15.453902375743475,23.622890232255674,32.04772726539825,20.574654705819302,14.772054234851955,15.453902375743475
Ziel,190,M1_alpha1,False,46.78191780185551,12.960028193388041,14.152659681505366,27.374473917438518,35.7693036183108,24.378693616035193,12.960028193388041,14.152659681505368
Ziel,192,M1_alpha1,False,35.017215602723375,13.318704069489804,13.589912497538473,23.323282289043405,33.404298870111866,20.249580286011916,13.318704069489806,13.589912497538473
Ziel,194,M1_alpha1,False,37.39337546748339,14.21087394073031,12.122382392046408,24.36501980014878,30.01279767495909,21.833161590233896,14.210873940730309,12.122382392046406
Ziel,196,M1_alpha1,False,42.273795206474304,12.775170000487213,11.701312583047665,22.877592364549763,31.49622795373673,20.034514072402033,12.775170000487213,11.701312583047665
Ziel,198,M1_alpha1,False,43.451311902213746,12.63064443761419,10.526454336617435,23.24951197441267,30.349571842052097,20.566260660778592,12.63064443761419,10.526454336617435
Ziel,200,M1_alpha1,False,41.21279102209869,11.609550687590229,8.340944738786112,22.475613617951396,29.46191057570873,19.95821426865743,11.609550687590229,8.340944738786112
Ziel,202,M1_alpha1,False,39.70193948575311,13.068160019883967,8.088951131947274,23.59946429859293,30.780429007734185,20.6525418804609,13.068160019883967,8.088951131947274
Ziel,204,M1_alpha1,False,35.99233247329727,12.447839936966039,7.785953795391659,24.087412534644134,32.41657034922872,21.281048048565584,12.447839936966039,7.785953795391659
Ziel,206,M1_alpha1,False,33.75296184353961,13.122749417564389,8.809503073195344,26.66198643363519,33.97359638909131,23.838868427326794,13.122749417564386,8.809503073195343
reparieren,163,M1_alpha1,False,39.99047986808314,13.64017078311555,9.450820516012831,28.18715519269352,42.87994511817019,24.647344619154776,13.64017078311555,9.450820516012831
reparieren,165,M1_alpha1,False,39.56042041310012,14.097782664877933,9.800196274470247,27.722294308887268,41.42694216249575,24.267358291171043,14.097782664877933,9.800196274470247
reparieren,167,M1_alpha1,False,42.84990675409714,14.588557503825319,9.357999928964139,31.129594398513447,49.55481501423456,26.8442305503763,14.588557503825319,9.357999928964139
reparieren,169,M1_alpha1,False,38.600602604673746,15.021018144319564,10.041867538916417,31.067171377600186,47.781683641606335,26.774295703495767,15.021018144319564,10.041867538916417
reparieren,171,M1_alpha1,False,40.55703207046942,14.763031704547066,9.673593977459731,33.21316424517501,52.28930256735124,28.25279659503623,14.763031704547066,9.673593977459733
reparieren,173,M1_alpha1,False,40.20655687223958,14.229598861339788,10.771824498551782,32.17904172086862,47.896059788217094,28.02243417237402,14.229598861339786,10.771824498551782
reparieren,175,M1_alpha1,False,40.88409386741545,16.09496585953265,11.676588652500808,38.412005648480076,53.08204512318164,33.534570751245205,16.09496585953265,11.676588652500808
reparieren,177,M1_alpha1,False,44.88028434455821,14.72084105420409,11.86795616658252,43.196748604477506,61.80956325360442,37.56034716690516,14.72084105420409,11.86795616658252
reparieren,179,M1_alpha1,False,52.10279836366176,17.081051456795606,20.16154069368823,55.81791081502763,73.82595201625952,49.26243764406483,17.081051456795603,20.16154069368823
reparieren,181,M1_alpha1,False,51.96241433529685,13.193120827361792,25.90924497164611,55.42690981253458,75.57509645932643,48.61486881162446,13.193120827361792,25.90924497164611
reparieren,183,M1_alpha1,False,47.99521587301077,12.65584721397349,27.7493553777074,47.160089046604526,61.82105827404609,41.94274322616662,12.65584721397349,27.7493553777074
