clip_id,frame_id,method,one_handed_class_0,tr_all_mm,tr_left_hand_mm,tr_right_hand_mm,tr_upper_body_minus_face_mm,tr_upper_body_minus_head_mm,tr_upper_body_mm,v2v_left_wrist_mm,v2v_right_wrist_mm
Ablehnen,149,SIGNAL4D_v6,False,45.39130399637733,9.774726290846115,19.039054287667053,27.54194575839955,38.475597890617514,24.779436022252106,9.774726290846113,19.039054287667057
Ablehnen,151,SIGNAL4D_v6,False,45.366124377660974,11.286916765932238,20.376544073753376,28.788602974919005,42.64682229390048,25.54533009341908,11.286916765932242,20.376544073753376
Ablehnen,153,SIGNAL4D_v6,False,44.470004893640635,11.180062167106522,12.122577529090819,28.218298744650582,39.18373783871783,25.292443807059353,11.180062167106525,12.122577529090817
Ablehnen,155,SIGNAL4D_v6,False,49.38928763808771,9.965268405651978,15.523034750979622,32.92767297618075,51.989814703062564,28.33921643475389,9.965268405651978,15.523034750979622
Ablehnen,157,SIGNAL4D_v6,False,48.19396884908762,9.6064743082556,13.148693287005015,34.17512133158403,57.80264521824572,28.639212085316316,9.6064743082556,13.148693287005013
Ablehnen,159,SIGNAL4D_v6,False,47.35906499963264,9.475058672108132,10.248354553455075,32.856714319743716,55.98875112376588,27.427074179247125,9.475058672108133,10.248354553455075
Ablehnen,161,SIGNAL4D_v6,False,48.19979040223181,8.738745883040494,9.042675964929874,31.50449036935412,53.141783495375996,26.5018393641991,8.738745883040496,9.042675964929872
Ablehnen,163,SIGNAL4D_v6,False,48.55727332109676,8.25057048698054,9.2124425102924,32.59398486152063,55.01337024311722,27.32315773941717,8.250570486980543,9.212442510292396
Ablehnen,165,SIGNAL4D_v6,False,44.540972435304774,9.536966231831917,8.721516570089582,28.666438081286017,46.36539140841378,24.151719259623455,9.536966231831919,8.721516570089582
Ablehnen,167,SIGNAL4D_v6,False,45.85177825531129,7.5173430857406665,8.399356390232198,29.588758791546066,48.846281186650735,24.947688323893694,7.517343085740665,8.399356390232198
Ablehnen,169,SIGNAL4D_v6,False,44.09583898457135,8.255354743513866,8.947944466968366,27.490785572740727,45.937585573726324,23.097640681836232,8.255354743513864,8.947944466968364
Ablehnen,171,SIGNAL4D_v6,False,42.84037788764775,8.061941048975653,9.371311042985056,29.021730538606423,47.16428193531305,24.464173473095947,8.061941048975653,9.371311042985056
Ablehnen,173,SIGNAL4D_v6,False,40.5300974058574,8.662916091309782,8.714145531389466,28.458709415235226,44.68357496857875,24.15289442825741,8.662916091309782,8.714145531389466
Ablehnen,175,SIGNAL4D_v6,False,43.15176197844518,7.954725910854958,9.017890518688478,30.20331298085753,49.081800845277265,25.47528152805724,7.95472591085496,9.017890518688477
Akzeptieren,124,SIGNAL4D_v6,False,35.308623908563995,6.0889221405800455,6.9012649004640325,25.98549191292869,37.99982026392981,22.223894125403568,6.088922140580046,6.9012649004640325
Akzeptieren,126,SIGNAL4D_v6,False,35.45509599077035,5.574707422809104,6.2963375176397,24.054231416315623,33.85615885716885,20.90861828104943,5.574707422809103,6.296337517639703
Akzeptieren,128,SIGNAL4D_v6,False,40.62970328249412,7.134349788730216,6.720653050868704,31.79419006298047,40.429643024591265,27.936587020116846,7.134349788730216,6.720653050868702
Akzeptieren,130,SIGNAL4D_v6,False,39.728392365292024,6.013626328330251,6.014906817301079,29.310583052970937,36.639268981725714,25.980033051356315,6.013626328330253,6.01490681730108
Akzeptieren,132,SIGNAL4D_v6,False,39.28541025357617,6.549546642709776,4.8360999615091735,30.666149584004845,38.115289591060225,27.09902316502892,6.5495466427097755,4.836099961509175
Akzeptieren,134,SIGNAL4D_v6,False,38.48302277940311,6.599568666066472,5.205217169849644,30.717914008342092,36.79445344815739,27.33911217864801,6.599568666066474,5.205217169849646
Akzeptieren,136,SIGNAL4D_v6,False,40.773872982300624,6.555016712834215,5.6805030062336135,27.955891839412484,34.52384812042384,24.720796876228505,6.555016712834214,5.6805030062336135
Akzeptieren,138,SIGNAL4D_v6,False,42.47990601306454,8.296515070228557,6.171745535504178,37.3350646992936,40.381108726552064,33.65798121713829,8.296515070228555,6.171745535504173
Akzeptieren,140,SIGNAL4D_v6,False,39.02784749638521,8.872133283657973,6.034990100366595,30.281337159620673,36.665804502403056,26.875223151697053,8.872133283657973,6.034990100366593
Akzeptieren,142,SIGNAL4D_v6,False,39.415219132437784,9.019085703612614,5.891905718424046,29.11717869676445,35.455654775127975,25.900252359994536,9.019085703612614,5.891905718424043
Akzeptieren,144,SIGNAL4D_v6,False,40.5396738523377,8.899658821939239,6.384187442050951,31.16659314942145,35.651502986116874,28.085211913981567,8.899658821939239,6.384187442050951
Akzeptieren,146,SIGNAL4D_v6,False,42.544073630265515,8.343061553689695,6.2656083151173085,33.6570475295868,36.38185788764022,30.7275248551847,8.343061553689695,6.265608315117308
Akzeptieren,148,SIGNAL4D_v6,False,42.6997264246775,7.362186580249143,6.5708306435909485,27.63339883421906,35.31380238525851,24.54487630071909,7.362186580249144,6.570830643590948
Akzeptieren,150,SIGNAL4D_v6,False,45.2931384688165,7.049202620059805,6.02123802248136,25.622487597977162,35.38883897829235,22.528205044172857,7.049202620059803,6.021238022481359
Akzeptieren,152,SIGNAL4D_v6,False,45.05017884016114,7.560376893898209,6.013384094822163,25.341940673125322,35.20800732795242,22.176826347119373,7.560376893898207,6.013384094822161
Akzeptieren,154,SIGNAL4D_v6,False,39.919003462441395,7.484085187464734,6.634133659400818,25.96341318033695,32.998602598769,23.055060159841904,7.484085187464736,6.634133659400818
Akzeptieren,156,SIGNAL4D_v6,False,40.13328387375079,7.824200956790343,6.133558189916172,23.482698709657722,30.899282382191352,20.84144246940869,7.824200956790343,6.133558189916175
Akzeptieren,158,SIGNAL4D_v6,False,39.892932147857586,8.250285488813816,5.593158600010479,24.14619561298786,30.94492409466883,21.376872424646944,8.250285488813814,5.593158600010481
Akzeptieren,160,SIGNAL4D_v6,False,40.08216008794385,7.83778969570619,6.199920839713544,25.916107608778773,30.952638363201412,23.386274266709837,7.83778969570619,6.199920839713545
Akzeptieren,162,SIGNAL4D_v6,False,40.197295030055685,7.4787783628862865,5.936935398536236,23.6495879734678,31.955141295633545,21.024304342297025,7.478778362886289,5.936935398536236
Akzeptieren,164,SIGNAL4D_v6,False,37.51519784277723,6.898628818619746,6.033226997055234,24.392874638001086,32.237864068017494,21.65953214503093,6.898628818619745,6.033226997055233
Akzeptieren,166,SIGNAL4D_v6,False,38.99605747220858,6.952449951421571,6.0596763429489355,25.483155235771452,31.41017392293689,22.807465888380523,6.952449951421571,6.059676342948937
Akzeptieren,168,SIGNAL4D_v6,False,41.424522182827616,7.232884119531274,6.059102355106022,26.10478091654276,32.65396294719206,23.444266676368716,7.232884119531274,6.059102355106021
Akzeptieren,170,SIGNAL4D_v6,False,41.76159391258609,7.455051393571646,5.8878788039416206,26.31972454265921,32.0589693264411,23.53167978497096,7.455051393571645,5.887878803941618
Akzeptieren,172,SIGNAL4D_v6,False,42.95183426294873,7.092312121434448,5.793421546708544,24.620988049281262,33.00154591808389,21.777420159345024,7.092312121434451,5.793421546708544
Akzeptieren,174,SIGNAL4D_v6,False,42.924576532354365,7.252922619719782,6.095708506660028,24.08132678460355,32.837672376063736,21.255315281838914,7.25292261971978,6.095708506660028
Akzeptieren,176,SIGNAL4D_v6,False,40.92596531869805,6.767265967581787,6.179374593881986,27.247105025683364,33.00661189678759,24.323409636992253,6.767265967581787,6.1793745938819855
Akzeptieren,178,SIGNAL4D_v6,False,41.81860282487387,6.8742087499809585,6.108353838742467,27.779067545988166,32.64904498521613,24.890901231921376,6.874208749980956,6.108353838742465
Akzeptieren,180,SIGNAL4D_v6,False,41.815584302225865,6.842724541664759,6.392746354862061,24.217594808153038,33.26813273461713,21.38679698435472,6.842724541664758,6.3927463548620596
Akzeptieren,182,SIGNAL4D_v6,False,41.88750911596064,6.920465850623535,6.3543269233444075,24.688026052624448,33.78338674095069,21.90200373406075,6.9204658506235335,6.3543269233444075
Akzeptieren,184,SIGNAL4D_v6,False,41.15957237966006,7.182859560993704,6.309103964364026,27.178451753980724,33.31685208263747,24.27733248685854,7.182859560993704,6.309103964364029
Arzt,166,SIGNAL4D_v6,False,41.143116727043285,6.998756698291971,8.747733351906849,21.46261457916367,31.1065931676556,19.493458334201804,6.998756698291973,8.747733351906852
Arzt,168,SIGNAL4D_v6,False,40.34574600047603,7.6143683511266875,7.631992740245266,21.4008849557904,30.31928739269185,19.549708702636497,7.614368351126692,7.631992740245266
Arzt,170,SIGNAL4D_v6,False,43.17118908670486,7.7437825052519775,7.8269664167759085,21.002502446414248,30.198126250088933,19.06336343976628,7.743782505251979,7.82696641677591
Arzt,172,SIGNAL4D_v6,False,43.00427727589798,8.589821999292862,7.769930131662339,20.40496873985549,29.90747028648291,18.278145853341453,8.589821999292864,7.769930131662338
Arzt,174,SIGNAL4D_v6,False,45.91300260941643,8.07067369011512,7.673700858301528,22.64841155708645,31.1594099374185,20.52900223795605,8.070673690115122,7.67370085830153
Arzt,176,SIGNAL4D_v6,False,45.9038540992624,7.958802951671215,7.35546789154535,22.075770894082147,31.651585465385843,19.956518637806965,7.958802951671215,7.355467891545352
Arzt,178,SIGNAL4D_v6,False,45.81789259342903,8.202193816829947,7.681467203207763,22.14436395674923,32.093043400708005,19.813877201554618,8.202193816829947,7.681467203207764
Arzt,180,SIGNAL4D_v6,False,44.057662911377584,8.09741506474739,7.5387995304567275,21.547762249943304,32.341782298694305,19.492263947331345,8.09741506474739,7.538799530456725
Arzt,182,SIGNAL4D_v6,False,45.454422911552165,8.666374879875178,7.8493072642966935,20.89203547493812,30.568336785330192,18.45065171981583,8.66637487987518,7.8493072642966935
Arzt,184,SIGNAL4D_v6,False,43.86007823829235,9.04067723241777,7.973757918276388,20.06600481382873,30.770058893931374,17.55529714652936,9.040677232417769,7.973757918276386
Arzt,186,SIGNAL4D_v6,False,45.33697092799452,9.493340331551197,7.892151181366896,20.68241303466773,30.60799747152018,18.07977758518392,9.493340331551197,7.892151181366894
Arzt,188,SIGNAL4D_v6,False,46.928577619257574,9.511722800635358,7.523024249672828,21.7704204561388,31.765323360950283,19.146595451475967,9.511722800635354,7.523024249672828
Arzt,190,SIGNAL4D_v6,False,47.02122481629862,9.667584283619616,7.476703954092999,21.432930826453347,30.925582385781695,18.826981372866825,9.667584283619611,7.476703954092996
Arzt,192,SIGNAL4D_v6,False,49.15846588353433,9.62991808617263,7.746410673382335,21.89010964290024,32.0842987625134,19.205406892118482,9.62991808617263,7.7464106733823375
Arzt,194,SIGNAL4D_v6,False,47.3604954438377,9.20058371509075,7.901750347590358,21.632426025075798,31.590838631488676,18.977934215642794,9.20058371509075,7.901750347590356
Arzt,196,SIGNAL4D_v6,False,45.757422214775545,9.75819397293428,7.72393172591889,21.645071219857694,31.9887340379263,19.056634750390703,9.758193972934283,7.723931725918891
Arzt,198,SIGNAL4D_v6,False,47.266418101719395,9.912361683826688,7.565813024241952,21.745056758985296,31.102598461980367,19.13890270997659,9.912361683826688,7.565813024241952
Arzt,200,SIGNAL4D_v6,False,48.880019948655246,8.686981445928097,7.498562115293786,22.23917061555551,30.897903820320057,19.659819587285593,8.686981445928092,7.4985621152937885
Arzt,202,SIGNAL4D_v6,False,48.460886462561845,9.872197151959192,7.4903022950267975,22.465670917219704,31.76210023805439,19.784007936261265,9.872197151959192,7.4903022950267975
Arzt,204,SIGNAL4D_v6,False,47.35880412344777,9.934721639738733,7.465109052716158,22.379291684595476,31.40315755566829,19.71673047012672,9.934721639738731,7.465109052716158
Arzt,206,SIGNAL4D_v6,False,50.62374670563452,9.300783491926616,7.344178615299979,22.823000286416395,31.843176826512146,20.12990879610258,9.300783491926612,7.344178615299979
AufgebenResignieren,122,SIGNAL4D_v6,False,44.2671984621209,12.954161120981574,10.046796500850522,40.322342366424365,48.37231836845683,36.21004798318217,12.954161120981574,10.046796500850522
AufgebenResignieren,124,SIGNAL4D_v6,False,51.006548205435536,13.926107135603774,12.252135295363917,45.64558795712355,49.89137182999454,41.365853542100034,13.926107135603774,12.252135295363917
AufgebenResignieren,126,SIGNAL4D_v6,False,50.700359155634075,12.976218281698587,13.817734994611813,48.05231473482351,49.07800929756953,44.06505709559428,12.976218281698584,13.817734994611817
AufgebenResignieren,128,SIGNAL4D_v6,False,51.944958892406866,13.992563741293953,14.286262873697858,46.640268952698435,50.53719051962319,42.549313132725274,13.99256374129395,14.28626287369786
AufgebenResignieren,130,SIGNAL4D_v6,False,50.363586758325425,13.123749386178615,13.47687696434964,47.69932404636028,48.63137811767635,43.81264920733243,13.123749386178615,13.47687696434964
AufgebenResignieren,132,SIGNAL4D_v6,False,34.73646673530321,12.022093604223436,13.85499550798898,22.996353932722155,25.416926185731423,21.665921518731874,12.022093604223436,13.85499550798898
AufgebenResignieren,134,SIGNAL4D_v6,False,34.5283119415653,10.778746725830867,13.668310643136804,22.61084510208943,29.246219553615447,21.414543996551902,10.778746725830867,13.668310643136804
AufgebenResignieren,136,SIGNAL4D_v6,False,34.677102648715845,9.87155606109106,12.451670032777072,22.187161575147496,30.222680900259448,20.846181899021975,9.871556061091063,12.451670032777072
AufgebenResignieren,138,SIGNAL4D_v6,False,35.00630687791345,9.302999951427134,10.469225881208294,22.776228781992987,31.25397471346151,20.86455602626043,9.302999951427134,10.469225881208294
AufgebenResignieren,140,SIGNAL4D_v6,False,35.433283803352424,8.131417998842169,9.2813478000957,22.877166557375734,30.674880701118973,20.994503247150806,8.131417998842167,9.281347800095697
AufgebenResignieren,142,SIGNAL4D_v6,False,37.133208830577814,7.679143109339957,7.407011639309931,26.332595969143867,31.63059089688388,24.164168719633533,7.679143109339957,7.407011639309933
AufgebenResignieren,144,SIGNAL4D_v6,False,39.517470145653895,7.638763022236585,7.988299776467299,31.235678248134153,33.24272157547392,28.775815583927717,7.638763022236582,7.988299776467295
AufgebenResignieren,146,SIGNAL4D_v6,False,40.01147407301435,10.06306691967032,9.743086062425611,28.715962728551773,34.945313508050944,25.556450448361065,10.063066919670318,9.743086062425608
AufgebenResignieren,148,SIGNAL4D_v6,False,44.99050524584036,9.988109219164025,11.001248368257661,31.427974094848675,39.490337191171314,27.612042782984087,9.988109219164025,11.001248368257663
AufgebenResignieren,150,SIGNAL4D_v6,False,47.763754095227,8.781495776563716,11.528629745461975,41.32073260145859,45.45402153685747,37.02679356729354,8.781495776563714,11.528629745461973
AufgebenResignieren,152,SIGNAL4D_v6,False,41.58530034143747,7.719710139644214,11.139049259210818,31.666318781498553,37.70363787109767,28.136602126201833,7.719710139644214,11.139049259210818
AufgebenResignieren,154,SIGNAL4D_v6,False,37.00856032712457,8.609053941912386,12.266042373683748,25.188323398990843,34.794786614532924,21.90010115989181,8.609053941912382,12.266042373683744
AufgebenResignieren,156,SIGNAL4D_v6,False,37.65740706180696,9.952202299995744,11.830633754825705,25.71083825694406,37.95944245322843,22.118641170767642,9.952202299995742,11.830633754825705
AufgebenResignieren,158,SIGNAL4D_v6,False,39.37327243987186,10.30503233069698,12.41991985250736,26.690312496412975,40.277485763340536,23.062216586340128,10.30503233069698,12.419919852507363
AufgebenResignieren,160,SIGNAL4D_v6,False,40.604282522383315,9.114833405801098,12.629892875077353,25.972277413657313,38.63563120720812,22.576904610995687,9.114833405801097,12.629892875077353
AufgebenResignieren,162,SIGNAL4D_v6,False,39.32122147428904,9.170376283211581,12.255149494217552,25.8363560964145,37.867806616916965,22.40037232292694,9.17037628321158,12.255149494217548
AufgebenResignieren,164,SIGNAL4D_v6,False,40.789079740860366,9.596847033651454,13.215767853536208,27.05745738794342,40.09436880702359,23.68063517770139,9.596847033651454,13.215767853536207
AufgebenResignieren,166,SIGNAL4D_v6,False,38.46922349586898,8.573063678320535,12.51043348735076,25.46449458016367,37.02561352241948,22.12787788474906,8.573063678320533,12.510433487350758
AufgebenResignieren,168,SIGNAL4D_v6,False,40.00974717076261,9.695022539259423,12.547518707223032,26.06224730227584,38.97560874285603,22.6871582142759,9.695022539259424,12.547518707223034
AufgebenResignieren,170,SIGNAL4D_v6,False,39.70558070921545,8.568977287795086,12.562593726590242,25.398338446881407,38.67399745522094,21.70249951372648,8.568977287795088,12.562593726590242
AufgebenResignieren,172,SIGNAL4D_v6,False,43.09287287628114,9.436294462275622,12.169738376515614,28.027050705283283,40.66518837492208,24.31552740190003,9.436294462275624,12.169738376515614
AufgebenResignieren,174,SIGNAL4D_v6,False,42.57077403062724,10.329254676813246,10.713735129654825,27.657537249070717,44.99461101950434,23.509305602725707,10.329254676813246,10.713735129654822
AufgebenResignieren,176,SIGNAL4D_v6,False,42.446558518834095,8.80145873784694,11.513843447740255,29.408935038911647,46.60345713850828,25.066858147356367,8.80145873784694,11.513843447740253
AufgebenResignieren,178,SIGNAL4D_v6,False,43.848682812804434,9.716020497356096,12.127744547046799,27.502969293334377,40.330760857451736,23.899666865112813,9.716020497356096,12.127744547046797
AufgebenResignieren,180,SIGNAL4D_v6,False,45.07584588261143,8.887085706038325,12.593846361605825,30.020067046111485,41.22029945487602,26.422888769934424,8.887085706038325,12.593846361605825
AufgebenResignieren,182,SIGNAL4D_v6,False,40.3312352034984,9.934433564830611,12.47034370945331,25.328865109757963,38.32612053584528,21.799950021079997,9.934433564830607,12.470343709453308
AufgebenResignieren,184,SIGNAL4D_v6,False,44.38315163821299,8.902144465960061,12.717460006033347,29.109610531681483,41.0096725948058,25.497167241244163,8.902144465960063,12.717460006033345
AufgebenResignieren,186,SIGNAL4D_v6,False,44.60689466117545,9.905434735973285,12.376586916220132,29.594210905306056,41.066145566782076,25.99627011211915,9.905434735973287,12.376586916220132
AufgebenResignieren,188,SIGNAL4D_v6,False,47.53011583226649,8.78882725811229,12.188588618756778,32.029063792483555,41.95310477735558,28.411687243677797,8.788827258112292,12.18858861875678
AusgebenGeldVerschwenden,120,SIGNAL4D_v6,False,43.84673116789023,8.573772436965495,13.20216648792326,22.93216175252315,34.81047730502298,20.37138365685275,8.573772436965497,13.20216648792326
AusgebenGeldVerschwenden,122,SIGNAL4D_v6,False,41.86139796710007,8.90002836450112,12.165655612696272,26.22428160383924,37.29350103585323,23.41393142881967,8.90002836450112,12.16565561269627
AusgebenGeldVerschwenden,124,SIGNAL4D_v6,False,40.70446779720783,8.951811319223548,11.054658193982188,31.43313437812726,42.98513406754955,27.978987479330005,8.951811319223546,11.054658193982187
AusgebenGeldVerschwenden,126,SIGNAL4D_v6,False,43.22991268746328,8.531799256187469,12.561627095948845,32.073822260694875,44.97556041202582,28.185269168896138,8.531799256187469,12.56162709594884
AusgebenGeldVerschwenden,128,SIGNAL4D_v6,False,40.98965106866807,8.357638771719731,11.13630241233695,33.42304710036167,48.539429203650265,29.065641710722133,8.357638771719733,11.13630241233695
AusgebenGeldVerschwenden,130,SIGNAL4D_v6,False,41.272582485557685,7.45734777806084,10.480624614960197,29.989721195598605,47.01875195431719,25.59634193234471,7.457347778060842,10.480624614960197
AusgebenGeldVerschwenden,132,SIGNAL4D_v6,False,42.90466513625899,7.506122499764729,11.393446009487095,26.97377639446128,43.98011795488179,22.832394266693687,7.506122499764729,11.393446009487093
AusgebenGeldVerschwenden,134,SIGNAL4D_v6,False,35.19048552099514,7.431886601019237,11.938957592243552,22.828851352546046,35.3220275894847,19.726889522713005,7.431886601019239,11.938957592243552
AusgebenGeldVerschwenden,136,SIGNAL4D_v6,False,38.34384139520466,8.531485744933391,13.336265465665555,22.772431342582966,36.19252364635619,19.743260110375115,8.53148574493339,13.336265465665555
AusgebenGeldVerschwenden,138,SIGNAL4D_v6,False,35.42946457651203,8.402776581074962,12.662087159254645,21.070846339533208,30.41151754782841,18.415864199964304,8.402776581074962,12.66208715925464
AusgebenGeldVerschwenden,140,SIGNAL4D_v6,False,39.651760710590544,8.70938715641512,13.03057806497609,21.73465450437718,28.84302601621583,19.35007376191026,8.70938715641512,13.03057806497609
AusgebenGeldVerschwenden,142,SIGNAL4D_v6,False,37.94817396601092,9.491643520913495,13.912334269982678,21.651523755082984,30.92047160429608,19.257787304496397,9.491643520913494,13.912334269982678
AusgebenGeldVerschwenden,144,SIGNAL4D_v6,False,37.52432915692119,8.838323992407975,13.946131497039389,20.738259498284794,28.953376061429996,18.401907038029638,8.838323992407974,13.946131497039385
AusgebenGeldVerschwenden,146,SIGNAL4D_v6,False,38.20974058319383,9.221910128574066,13.812036637289866,21.078475126953062,31.24282628903301,18.569976141757447,9.221910128574066,13.812036637289866
AusgebenGeldVerschwenden,148,SIGNAL4D_v6,False,41.479746563748186,8.184657490891977,14.221588089274944,25.919026893800126,38.61284135939349,22.543172636577403,8.184657490891976,14.221588089274942
AusgebenGeldVerschwenden,150,SIGNAL4D_v6,False,44.572325683995615,9.947739289743973,14.099841480379403,25.646848865533595,38.70983531149971,22.22007836538241,9.947739289743973,14.099841480379398
AusgebenGeldVerschwenden,152,SIGNAL4D_v6,False,43.282803301364254,7.047428454668474,11.602308986608648,27.91618229002798,45.01051266554557,24.044433190983796,7.047428454668472,11.602308986608646
AusgebenGeldVerschwenden,154,SIGNAL4D_v6,False,41.387023160828974,6.8960349803109455,10.16052018110908,24.44783413262314,38.1393742143276,20.956686312889076,6.8960349803109455,10.16052018110908
AusgebenGeldVerschwenden,156,SIGNAL4D_v6,False,39.391591632670746,7.32389271185313,10.84189918371629,22.502267334099987,34.34017223506543,19.303211821258763,7.32389271185313,10.84189918371629
Auto,104,SIGNAL4D_v6,False,41.00430529429852,10.682055103425414,13.485792284361901,26.98036714945872,42.05056637179448,23.506035364973858,10.682055103425414,13.485792284361901
Auto,106,SIGNAL4D_v6,False,39.05102766090551,11.034931230390454,13.610535108488756,27.170671724145205,40.335614067588146,23.8275048393668,11.034931230390454,13.610535108488756
Auto,108,SIGNAL4D_v6,False,37.39939333725809,11.717941310305712,12.24619542994191,23.22704146929728,34.05963777177788,20.758976694174933,11.717941310305712,12.246195429941913
Auto,110,SIGNAL4D_v6,False,37.66474262656018,11.20085702930611,12.706856139828755,25.553537706269687,37.874286066939575,22.69553373967507,11.20085702930611,12.706856139828753
Auto,112,SIGNAL4D_v6,False,35.51865226336207,11.198750374843788,12.94874590990967,24.3745794117258,35.43558873012453,22.026112129073166,11.198750374843788,12.948745909909672
Auto,114,SIGNAL4D_v6,False,37.75883013562113,12.29159541373223,11.64098351373742,25.709003756978476,32.20739799257906,23.551091095032188,12.291595413732228,11.64098351373742
Auto,116,SIGNAL4D_v6,False,38.284926389916315,12.469577374221052,12.051012410795206,27.63270499163228,37.268358962004875,24.825109946355113,12.469577374221053,12.05101241079521
Auto,118,SIGNAL4D_v6,False,37.8734568921749,12.765534356276481,11.379754558931978,28.19979551448113,40.2956995397593,24.881944147456647,12.765534356276483,11.379754558931978
Auto,120,SIGNAL4D_v6,False,39.185178818395386,13.579394488971307,11.500077217600259,32.29953957049033,47.16853009796178,28.36888707713319,13.579394488971303,11.500077217600259
Auto,122,SIGNAL4D_v6,False,40.62040344006189,12.757002965165155,11.901957029923718,29.845819850374756,45.80654289812241,25.972478708552984,12.757002965165155,11.901957029923718
Auto,124,SIGNAL4D_v6,False,40.92783051093303,11.4605715804957,11.917256087742784,29.688833983529648,45.325399121809866,25.726962391602733,11.4605715804957,11.917256087742784
Auto,126,SIGNAL4D_v6,False,39.88510198262486,10.868519831167355,11.655764770828386,27.99064943614307,41.33065549605803,24.24340228622963,10.868519831167356,11.655764770828384
Auto,128,SIGNAL4D_v6,False,38.26434351360694,9.834627535532267,12.071841171579496,24.275615964426365,36.223819465992165,21.741572824533094,9.834627535532269,12.071841171579502
Auto,130,SIGNAL4D_v6,False,34.97787136592445,10.062186591800167,12.099196728047822,22.6091848903589,33.3162333015206,20.08572540263277,10.062186591800167,12.099196728047819
Auto,132,SIGNAL4D_v6,False,38.85827840914654,9.827220000928762,11.818005989197648,21.9577017705872,32.800681887830024,19.71079760009465,9.827220000928762,11.818005989197648
Auto,134,SIGNAL4D_v6,False,38.82349905995756,9.698341294977933,12.87076156522636,21.143340748874593,31.95352085084921,18.724373829146504,9.698341294977931,12.87076156522636
Auto,136,SIGNAL4D_v6,False,37.28574988110656,10.418283277770394,13.284611020264864,23.405408196726324,35.25884989833221,20.40351916169986,10.418283277770394,13.284611020264865
Auto,138,SIGNAL4D_v6,False,35.66474005007039,10.504759389158517,13.157888864695247,20.659210570522955,31.932421993056735,18.06025212409662,10.504759389158517,13.15788886469525
Auto,140,SIGNAL4D_v6,False,38.417487437823155,10.25005829375557,12.981423553765886,20.992098073834008,32.00721693700697,18.236277370737298,10.25005829375557,12.981423553765886
Auto,142,SIGNAL4D_v6,False,37.861384522182334,10.366440277282717,12.603071777917483,22.13118088464024,32.84742647316785,19.485621282791268,10.366440277282718,12.603071777917481
Auto,144,SIGNAL4D_v6,False,37.208909196687515,10.627008575522527,11.808285390565727,21.858273539451716,31.33349274372239,19.822801062349065,10.627008575522526,11.808285390565723
Auto,146,SIGNAL4D_v6,False,38.761777287886964,10.98508318363583,12.319039468841774,22.34473113185852,31.72460094368952,20.062917155800942,10.985083183635831,12.319039468841774
Auto,148,SIGNAL4D_v6,False,34.260955389223646,11.360536138081487,12.563700710825929,23.835279070268548,33.27487629191736,21.073171789935287,11.360536138081486,12.563700710825929
Auto,150,SIGNAL4D_v6,False,34.47506663873565,10.718302260103753,13.471307628291699,21.55823574152429,29.721455888807053,19.017455788954802,10.718302260103753,13.471307628291699
Auto,152,SIGNAL4D_v6,False,31.84875154019768,10.872729822775137,12.464199701948145,22.432459468569824,31.40854270091624,19.842153014199983,10.872729822775137,12.464199701948145
Auto,154,SIGNAL4D_v6,False,37.710369983736825,10.664246341735277,12.276592124285498,23.9080101335573,35.181512397227145,21.370734890156104,10.664246341735279,12.276592124285498
Auto,156,SIGNAL4D_v6,False,35.95229996733325,11.01600105708132,13.44367910238171,23.961692262284288,34.59634550770535,21.149878305045913,11.01600105708132,13.44367910238171
Auto,158,SIGNAL4D_v6,False,34.37773096648528,10.966014734797898,12.058181072225466,23.12036636471186,34.26077424962402,20.454275391564334,10.966014734797897,12.058181072225466
Auto,160,SIGNAL4D_v6,False,35.437643765819644,10.845268058450989,12.80699520660599,23.02400789346894,34.349775956478176,20.463738778246984,10.845268058450989,12.806995206605992
Auto,162,SIGNAL4D_v6,False,35.12897164623035,10.897468431917904,13.278285531153088,23.165492689978375,34.57115016417133,20.35787101074149,10.897468431917904,13.278285531153088
Auto,164,SIGNAL4D_v6,False,35.72616887464017,10.800299376039936,12.028530070066198,24.683697383828587,35.958703577368674,21.72981106658415,10.800299376039936,12.028530070066198
Auto,166,SIGNAL4D_v6,False,38.72885379377247,11.357472584118016,12.74913575825384,24.238553628515845,37.025152805554846,21.451083582199395,11.357472584118018,12.74913575825384
Auto,168,SIGNAL4D_v6,False,37.01026802413521,11.194207507389738,12.850636102881754,25.246827236640573,36.611641054517456,22.23665826322979,11.194207507389736,12.850636102881754
Auto,170,SIGNAL4D_v6,False,38.06266270393616,10.919307557121487,12.594504959316147,25.227123472271177,35.79967456695325,22.33562929002557,10.919307557121487,12.594504959316147
Auto,172,SIGNAL4D_v6,False,36.70546876215102,11.073318628323022,12.411975159875556,24.415221980059478,35.869944602694375,21.5646591239683,11.073318628323022,12.411975159875553
BesuchenEinmischen,172,SIGNAL4D_v6,False,41.606184507866544,17.78006419749843,9.174022022439187,23.12632768151729,33.93611495015114,20.800863783333913,17.78006419749843,9.174022022439187
BesuchenEinmischen,174,SIGNAL4D_v6,False,40.405581870083715,11.942220083752524,8.386839403586983,26.97050617514316,39.01190126594889,24.03252816942199,11.942220083752524,8.386839403586983
BesuchenEinmischen,176,SIGNAL4D_v6,False,46.24993173222671,25.948366774473588,8.354045315239361,28.76932134084348,44.67196733082194,25.3972699668925,25.948366774473588,8.354045315239361
BesuchenEinmischen,178,SIGNAL4D_v6,False,41.021247644274666,12.786744830374252,8.79104539443483,24.18860804521,36.374039770998365,21.39626925777232,12.786744830374253,8.791045394434832
BesuchenEinmischen,180,SIGNAL4D_v6,False,40.791093411298434,9.05363887944503,7.9622149492503,23.312085624830306,34.64714247439043,20.879546323269913,9.053638879445032,7.962214949250302
BesuchenEinmischen,182,SIGNAL4D_v6,False,42.73101491861943,20.81762741917285,8.991766415172103,25.528751655586642,37.504354465418444,22.808368831768025,20.81762741917285,8.991766415172101
BesuchenEinmischen,184,SIGNAL4D_v6,False,38.116800216169395,9.448076194267736,9.286092805600042,23.612740014146375,34.08221933158275,21.318182137180486,9.448076194267736,9.286092805600042
BesuchenEinmischen,186,SIGNAL4D_v6,False,39.713008643087576,18.433606922913665,9.46476709470385,26.089797519234853,38.04285331937144,23.212208996076143,18.43360692291367,9.46476709470385
BesuchenEinmischen,188,SIGNAL4D_v6,False,38.66835542181609,9.990911034700446,10.244661510880809,22.324132867624797,30.98094554080378,20.403998362517733,9.990911034700444,10.244661510880807
BesuchenEinmischen,190,SIGNAL4D_v6,False,37.30609391248222,20.1832323810492,12.519449669838957,27.26654874330895,34.191270867615046,24.848378871204336,20.183232381049205,12.519449669838957
BesuchenEinmischen,192,SIGNAL4D_v6,False,33.153833687937855,11.802262733598733,13.22839535642501,22.028828276554314,32.6125248866819,20.01062531033022,11.802262733598733,13.22839535642501
BesuchenEinmischen,194,SIGNAL4D_v6,False,35.90559546181446,20.557541745915877,13.32669132605617,27.729898956366203,38.79619598835573,24.821943966364415,20.557541745915874,13.32669132605617
BesuchenEinmischen,196,SIGNAL4D_v6,False,33.5003029273161,11.726084515745542,13.183045694922704,22.544856026730944,32.24272754602086,20.40007529913076,11.726084515745542,13.183045694922704
BesuchenEinmischen,198,SIGNAL4D_v6,False,34.26059479937605,16.059677835388005,13.380080343008498,24.538518179112625,33.907107960084964,22.10554301947875,16.05967783538801,13.380080343008498
BesuchenEinmischen,200,SIGNAL4D_v6,False,34.27658271571107,11.664249945765441,13.336681486747839,24.75059070055351,32.11618612373515,22.737114355542555,11.66424994576544,13.336681486747839
BesuchenEinmischen,202,SIGNAL4D_v6,False,35.22578295789147,17.920333316448065,13.66123513965394,25.371642207951826,33.654184479758314,23.043618826207485,17.92033331644807,13.66123513965394
BesuchenEinmischen,204,SIGNAL4D_v6,False,32.537349320053536,13.365460611810398,11.608358407121035,21.37697801409427,30.101597403019834,19.308698869026955,13.365460611810398,11.608358407121035
BesuchenEinmischen,206,SIGNAL4D_v6,False,34.953238951410555,18.73948527940353,14.166027047428223,25.127301334000187,34.3570013498397,22.52854172854925,18.73948527940353,14.166027047428223
BesuchenEinmischen,208,SIGNAL4D_v6,False,34.88428410914316,13.402730718726293,13.105283706135715,26.969628757426815,34.87503972829439,24.517523863197418,13.402730718726296,13.105283706135719
Blitz,131,SIGNAL4D_v6,True,31.60899386074746,,14.029697687772819,27.524634469470115,38.640984909574506,23.66206280732706,,14.029697687772819
Blitz,133,SIGNAL4D_v6,True,30.971335603632653,,14.206963550207874,26.81611646583621,41.13890390343387,22.721641198502198,,14.206963550207874
Blitz,135,SIGNAL4D_v6,True,31.78891652904959,,14.604760222816264,27.78859615305286,43.911888005731356,23.443303073509913,,14.604760222816264
Blitz,137,SIGNAL4D_v6,True,36.70170356649745,,13.482564469264814,29.07037602727266,45.75047708473597,24.722896872169034,,13.482564469264812
Blitz,139,SIGNAL4D_v6,True,34.03017716096232,,12.748145133020413,25.72846375460386,41.661430423341365,21.842612403621764,,12.748145133020408
Blitz,141,SIGNAL4D_v6,True,36.7996245740216,,12.288489080853614,27.339401285659495,43.59024916613848,23.77985322639809,,12.288489080853614
Blitz,143,SIGNAL4D_v6,True,37.3548289304629,,10.91830403529743,27.385827014940418,40.65156041326875,23.55664897720353,,10.91830403529743
Blitz,145,SIGNAL4D_v6,True,39.37578865163917,,11.529831538673502,28.505094569197215,41.414502987533,25.077960814328776,,11.529831538673502
Blitz,147,SIGNAL4D_v6,True,39.186146560347105,,12.143846072828165,26.544980553954765,39.84292893691686,23.41626477840997,,12.143846072828168
Blitz,149,SIGNAL4D_v6,True,39.510801369279484,,11.482958157640303,26.109849904478953,40.53793398748335,22.804705217216945,,11.4829581576403
Blitz,151,SIGNAL4D_v6,True,38.04675179821764,,11.22483804141635,25.884395807360796,40.29451434924957,22.302356434004043,,11.22483804141635
Blitz,153,SIGNAL4D_v6,True,37.651806526496074,,11.71969948107815,28.284446659937537,40.64199401193019,24.458062295447014,,11.719699481078147
Blitz,155,SIGNAL4D_v6,True,35.1265376593604,,11.61996677453652,24.89853973401319,37.05287449917145,21.520394713235397,,11.61996677453652
Blitz,157,SIGNAL4D_v6,True,35.47124079869104,,11.979316054606192,24.61473813846978,38.427099775162205,21.333728649374617,,11.97931605460619
Blitz,159,SIGNAL4D_v6,True,38.2935302503558,,10.470004663763493,24.466678925725518,37.665197447094094,21.256915308175145,,10.470004663763492
Blitz,161,SIGNAL4D_v6,True,41.88197098111712,,11.295913971357315,30.4835321661666,44.153730968260376,26.667978079844744,,11.295913971357317
Blitz,163,SIGNAL4D_v6,True,33.950497564502214,,12.475104996451833,25.99513640426698,35.63323001256882,22.759390913931846,,12.475104996451833
Blitz,165,SIGNAL4D_v6,True,35.85380479184153,,14.168944819784052,28.21479057707926,38.63759376573693,24.572533161585937,,14.168944819784054
Blitz,167,SIGNAL4D_v6,True,37.1701155409956,,14.431776075843985,27.867030888803694,36.45216044466104,24.605852743074124,,14.431776075843985
Blitz,169,SIGNAL4D_v6,True,44.13036972587576,,15.11810105509491,35.34913487391873,49.20330798361466,30.70811830845664,,15.118101055094915
Blitz,171,SIGNAL4D_v6,True,44.168980936534076,,16.72874575274884,35.629437403179026,49.85764796450067,31.14938852469921,,16.72874575274884
Blitz,173,SIGNAL4D_v6,True,42.41617504556822,,16.049038888152673,35.956277264383495,48.628627835728224,31.495637348771858,,16.04903888815268
Blitz,175,SIGNAL4D_v6,True,41.05402097590235,,16.602588359527406,34.696056064814215,48.67822224562891,29.884591015184437,,16.602588359527406
Blitz,177,SIGNAL4D_v6,True,39.217114891283245,,16.59318643611483,34.15220888709247,45.41512739296179,29.511505919576926,,16.59318643611483
Blume,121,SIGNAL4D_v6,False,43.36360647429909,14.634119441642092,10.144285072308119,25.94433826896487,36.848995028095274,23.435223124066923,14.634119441642094,10.144285072308117
Blume,123,SIGNAL4D_v6,False,38.347458745285586,14.761766579042886,10.032477603455954,26.720897719518657,36.528483575965865,23.99366890152169,14.761766579042886,10.032477603455954
Blume,125,SIGNAL4D_v6,False,46.021829275486944,12.765996349044686,13.694736966858708,32.22877831596273,42.71663561377103,29.156955766568576,12.765996349044682,13.694736966858708
Blume,127,SIGNAL4D_v6,False,43.63364362386041,10.955497419360812,8.493391866324286,30.030794952703868,34.75673454149665,27.903307645752765,10.955497419360812,8.493391866324288
Blume,129,SIGNAL4D_v6,False,40.82962911738193,11.854634213709755,8.848999791014709,26.021264954557005,34.50260091926334,23.717380043080965,11.854634213709755,8.848999791014709
Blume,131,SIGNAL4D_v6,False,47.84629088077665,18.222651770359448,9.904160078365438,29.065464397905213,36.62116430865958,26.735097723976132,18.222651770359448,9.904160078365438
Blume,133,SIGNAL4D_v6,False,47.683639810664666,11.859955613304013,9.523918114904127,27.271424058923472,38.95626271888131,25.0354309960161,11.859955613304017,9.523918114904127
Blume,135,SIGNAL4D_v6,False,51.380145311813564,17.774690508639026,9.478844341168697,27.248416490877435,37.41906726893311,24.97953930080672,17.774690508639026,9.478844341168697
Blume,137,SIGNAL4D_v6,False,52.75751722821615,11.216701355388098,9.576337609058964,30.24132067921738,42.802247416354795,27.55383732356245,11.216701355388096,9.576337609058964
Blume,139,SIGNAL4D_v6,False,52.51794919848252,19.55828948302395,9.306208100967813,27.380205831966133,37.58337851919094,25.063520749326685,19.55828948302395,9.306208100967812
Blume,141,SIGNAL4D_v6,False,50.53351333736912,12.773668936092538,9.72877577891702,28.241543253421245,38.60322910715098,25.729089218844802,12.773668936092541,9.72877577891702
Blume,143,SIGNAL4D_v6,False,49.30990420577837,11.623590333256884,10.30953671613256,29.433742160383254,40.826927825905805,26.994472225213666,11.623590333256884,10.30953671613256
Blume,145,SIGNAL4D_v6,False,41.34821306466103,14.21273335486613,10.900276756317115,27.635978737753927,38.61526009486983,25.033935019556377,14.212733354866128,10.900276756317117
Blume,147,SIGNAL4D_v6,False,42.94851128575143,20.445966663811195,10.729184078245108,28.06797201207928,37.79711373906961,25.54625952548724,20.4459666638112,10.729184078245114
Blume,149,SIGNAL4D_v6,False,41.23943820081757,13.72741310335115,10.26618668324368,26.947489906821925,38.323807142898595,24.20891876506154,13.727413103351145,10.266186683243678
Blume,151,SIGNAL4D_v6,False,40.980706599495484,22.554981803901565,12.377830915836071,29.334483816298672,36.764836878300095,26.41600026983267,22.554981803901565,12.377830915836066
Blume,153,SIGNAL4D_v6,False,41.792859827729586,12.934933759503016,11.096383551620999,27.185293822627496,38.913757496743884,24.540878775106545,12.934933759503021,11.096383551621003
Blume,155,SIGNAL4D_v6,False,40.55231386138659,14.488593813307375,11.156340397772649,27.612350545058415,37.59866897775643,25.084310280852826,14.488593813307375,11.15634039777265
Blume,157,SIGNAL4D_v6,False,41.7819808368372,19.2003853735121,11.188129334628501,28.55103177570206,34.135637099901594,26.158094484007353,19.2003853735121,11.188129334628501
Blume,159,SIGNAL4D_v6,False,42.30148532343938,16.480734030034377,11.00735288594682,28.83390103631106,36.10743781120361,26.367362278927324,16.480734030034377,11.007352885946823
Blume,161,SIGNAL4D_v6,False,41.040728751115104,15.4341071164156,10.847725741713143,29.19655925688936,36.06152430768943,26.598101604133202,15.434107116415602,10.847725741713143
Boese,127,SIGNAL4D_v6,True,44.883467465087406,,19.110639929185893,35.37583053857353,48.93307601054186,31.169026188652424,,19.110639929185893
Boese,129,SIGNAL4D_v6,True,44.27029936671573,,23.216131654733456,36.045095049031424,50.48136323974119,31.838417824940894,,23.216131654733456
Boese,131,SIGNAL4D_v6,True,45.02695302195346,,19.742433355959044,35.26435681328146,45.961137044845294,31.504355805839033,,19.742433355959044
Boese,133,SIGNAL4D_v6,True,42.04940390675868,,19.748544983345415,37.12995827573859,52.47626323554045,32.73064527529813,,19.748544983345415
Boese,135,SIGNAL4D_v6,True,46.07514280828492,,21.733581036698514,41.665667422352556,62.32960197158474,36.40962324586357,,21.733581036698514
Boese,137,SIGNAL4D_v6,True,42.96729539117428,,22.494876027712202,39.728697570827535,63.99249284749845,33.86376157904094,,22.4948760277122
Boese,139,SIGNAL4D_v6,True,46.61938868258969,,19.54907075789266,36.0627826043967,53.89341386933101,31.56718160841124,,19.54907075789266
Boese,141,SIGNAL4D_v6,True,39.55731597511003,,22.196592483724505,33.14507968447364,49.756329255318015,29.249890083584514,,22.196592483724505
Boese,143,SIGNAL4D_v6,True,40.3323743672976,,21.400404910864708,35.92208277806244,52.30574994581079,31.3330106483598,,21.40040491086472
Boese,145,SIGNAL4D_v6,True,40.279774419682504,,18.589018799235436,33.06896958699836,48.56983118780436,28.956002641591443,,18.58901879923544
Boese,147,SIGNAL4D_v6,True,43.01510947622764,,20.348554144777395,38.22201683203299,60.37163092580742,32.850083714676934,,20.348554144777392
Boese,149,SIGNAL4D_v6,True,48.09920259730614,,22.32388043296929,41.540182744307856,64.52214757245005,35.54275893912663,,22.32388043296929
Boese,151,SIGNAL4D_v6,True,41.92516711642205,,19.69992422954513,34.06782654311791,54.346138535435614,29.04288995034044,,19.699924229545125
Boese,153,SIGNAL4D_v6,True,45.87884786835095,,20.213270899399756,35.19895581566282,50.5995992117642,30.797139232624186,,20.213270899399756
Boese,155,SIGNAL4D_v6,True,43.134625598728164,,19.78420352887277,31.653150292420065,45.177655433315756,27.887065722978985,,19.784203528872766
Boese,157,SIGNAL4D_v6,True,44.226133758077026,,18.3313865346565,33.774166384809114,48.945880395708045,29.87444636649276,,18.3313865346565
Boese,159,SIGNAL4D_v6,True,43.51235510608521,,19.533520558103127,38.4457574335232,58.390617995471224,33.016374705206545,,19.53352055810313
Boese,161,SIGNAL4D_v6,True,47.21284128624951,,18.815753881652242,38.232946853733424,57.97618741163784,33.424622595607325,,18.815753881652242
Boese,163,SIGNAL4D_v6,True,39.978077891838005,,18.10633597048638,34.829301224742345,54.39187704754019,29.93404911566711,,18.10633597048638
BroetchenAufschneiden,151,SIGNAL4D_v6,False,31.102676307323925,10.021928265036392,8.583957905342244,23.203803125519613,33.02230167994565,20.34134200706633,10.021928265036394,8.583957905342245
BroetchenAufschneiden,153,SIGNAL4D_v6,False,30.922971377403336,11.596811312371928,8.150312480314515,24.170736772977058,35.39548142662199,20.947681979481267,11.596811312371928,8.150312480314511
BroetchenAufschneiden,155,SIGNAL4D_v6,False,31.35144104413877,10.122537268876123,8.484743955909488,21.190091046520283,30.47551497988674,18.42058891579359,10.122537268876123,8.484743955909488
BroetchenAufschneiden,157,SIGNAL4D_v6,False,31.613915187116586,12.192140647893321,8.249539708297217,22.54568252593947,33.05222932335086,19.492705417329695,12.192140647893321,8.249539708297219
BroetchenAufschneiden,159,SIGNAL4D_v6,False,30.217202940197076,10.220468847624034,8.567431249606813,20.72205547943925,28.052589021386595,18.28036576845841,10.220468847624034,8.567431249606813
BroetchenAufschneiden,161,SIGNAL4D_v6,False,32.40103222590345,10.50371643937272,8.240539806518985,18.95964002453833,27.37292978651821,16.57201421574297,10.503716439372726,8.240539806518985
BroetchenAufschneiden,163,SIGNAL4D_v6,False,30.62500524877663,12.57745781937401,8.088689673732823,21.985410612403008,29.446410223202154,19.254990617363642,12.577457819374008,8.088689673732825
BroetchenAufschneiden,165,SIGNAL4D_v6,False,35.80334645670896,10.65066304662815,8.995708095739731,26.512551777050206,32.08054758408441,23.773136360971062,10.650663046628145,8.995708095739733
BroetchenAufschneiden,167,SIGNAL4D_v6,False,42.98563047394437,13.152472027356668,10.255937080462388,34.61947479760472,45.167534907038885,30.549501233524992,13.15247202735667,10.25593708046239
BroetchenAufschneiden,169,SIGNAL4D_v6,False,41.82989873330803,10.67507019011815,12.08219985116784,31.778954082015385,42.42707247422441,28.079279600615216,10.675070190118149,12.08219985116784
BroetchenAufschneiden,171,SIGNAL4D_v6,False,48.25321263458746,12.505336708335946,11.707091882942205,39.76408894771836,50.0250463988214,35.34299837739599,12.505336708335946,11.707091882942203
BroetchenAufschneiden,173,SIGNAL4D_v6,False,46.70619354929284,11.893417478848251,11.128845981368222,34.26962129714665,44.153172988558104,30.400206008024103,11.893417478848246,11.128845981368226
BroetchenAufschneiden,175,SIGNAL4D_v6,False,38.57070995760845,11.033456729763788,11.333115655323683,26.96745813700055,37.66291207879271,23.590264587441563,11.033456729763788,11.333115655323681
BroetchenAufschneiden,177,SIGNAL4D_v6,False,37.16539563060648,11.082029171913671,10.040926360951945,32.3367857886747,42.954318450514116,28.569455406223465,11.082029171913675,10.040926360951946
BroetchenAufschneiden,179,SIGNAL4D_v6,False,45.39547371514159,10.906744432328011,9.617081231286704,36.96688369584593,46.75142288741333,33.09610210965288,10.90674443232801,9.617081231286706
BroetchenAufschneiden,181,SIGNAL4D_v6,False,43.16474444266211,13.127673689155209,9.56726113459981,34.79196138813383,44.31807518840746,30.856475285996897,13.127673689155209,9.56726113459981
BroetchenAufschneiden,183,SIGNAL4D_v6,False,45.2284204074358,11.1338871359067,10.173991687402705,36.33597425833838,43.844180075996974,32.63454259431035,11.133887135906706,10.173991687402703
BroetchenAufschneiden,185,SIGNAL4D_v6,False,42.581490335021556,11.436514829307123,14.853574112211541,34.53300909614918,45.19579706108629,30.62412646223028,11.436514829307123,14.853574112211541
BroetchenAufschneiden,187,SIGNAL4D_v6,False,46.07277009534324,12.204232939107884,16.592864967668294,35.5340916200906,51.03974068230957,30.806606941200446,12.204232939107886,16.592864967668294
BroetchenAufschneiden,189,SIGNAL4D_v6,False,45.60227339174869,10.975757776911577,16.033284713444935,32.1192857152229,43.80889123519144,28.22810180057029,10.97575777691158,16.033284713444935
BroetchenAufschneiden,191,SIGNAL4D_v6,False,42.89264745480074,11.087441069409339,13.465089045275189,31.08377186664068,38.38507958183966,27.952954596956346,11.087441069409344,13.465089045275192
BroetchenAufschneiden,193,SIGNAL4D_v6,False,42.19316208427012,12.75170624361606,10.948218792312689,31.55480068265433,36.981636532114294,28.277609274409784,12.75170624361606,10.948218792312689
BroetchenAufschneiden,195,SIGNAL4D_v6,False,44.50197122025533,12.439670040542882,10.348561575829986,33.34684357251363,41.18471755822404,29.8174130664777,12.43967004054288,10.348561575829986
BroetchenAufschneiden,197,SIGNAL4D_v6,False,40.33022245409564,11.845831849958872,10.485930927303567,27.997586001872715,29.764284803541617,25.65247545539813,11.845831849958872,10.485930927303567
BroetchenAufschneiden,199,SIGNAL4D_v6,False,46.366266367004236,13.711855083925066,8.816235572390962,36.438496973106794,44.349412043829666,32.87572741628707,13.711855083925064,8.816235572390966
BroetchenAufschneiden,201,SIGNAL4D_v6,False,43.70633074825679,11.415826019582365,11.465717090242505,33.532803891813806,40.03829444637111,30.195288330345,11.415826019582365,11.465717090242505
BroetchenAufschneiden,203,SIGNAL4D_v6,False,44.4733865226163,13.43696097079863,12.16916215619953,33.571051562246815,46.545030294583775,29.260071239279426,13.436960970798626,12.16916215619953
BroetchenAufschneiden,205,SIGNAL4D_v6,False,46.51940598974611,11.151257202223455,12.36563469445997,36.32446917121528,46.275113081282775,32.22936023388276,11.151257202223455,12.36563469445997
BroetchenAufschneiden,207,SIGNAL4D_v6,False,40.499932196977106,11.140440886411685,12.42820483482803,28.102773145292666,40.25333529333121,24.392578013660515,11.140440886411687,12.42820483482803
BroetchenAufschneiden,209,SIGNAL4D_v6,False,38.47069871764823,11.325294124528602,13.316188720885137,25.79570666463266,36.6945760076452,22.35066142575405,11.325294124528599,13.316188720885137
BroetchenAufschneiden,211,SIGNAL4D_v6,False,42.76923524220941,13.702235194666475,11.47033078787092,31.752234292214855,45.4700028016645,27.580589388718987,13.702235194666475,11.47033078787092
BroetchenAufschneiden,213,SIGNAL4D_v6,False,38.351845652252514,11.122271524900391,11.362337419765199,28.25448430669852,36.723887218081096,24.98036468655276,11.122271524900393,11.362337419765199
BroetchenAufschneiden,215,SIGNAL4D_v6,False,44.109976299087776,11.094336631742364,10.886111579875564,29.387512568889953,41.055683509635216,25.612662877828168,11.09433663174236,10.886111579875564
BroetchenAufschneiden,217,SIGNAL4D_v6,False,43.75541439427771,12.629640913157079,12.151634421929025,32.29222248584352,48.8029430944736,27.698746729767805,12.629640913157079,12.151634421929025
BroetchenAufschneiden,219,SIGNAL4D_v6,False,50.708114856278186,12.807938357511956,11.804821063677778,39.005836060759464,54.7490775027974,34.004752271605,12.807938357511956,11.804821063677775
BroetchenAufschneiden,221,SIGNAL4D_v6,False,49.11450930783857,11.449914997236544,13.671731581562973,34.812862241063534,46.54375094866743,30.551540163739713,11.449914997236547,13.67173158156297
BroetchenAufschneiden,223,SIGNAL4D_v6,False,48.54387548806928,14.494224318820597,13.376208504487842,33.52973186995755,48.239739072500754,29.03277239336909,14.494224318820596,13.376208504487842
BroetchenAufschneiden,225,SIGNAL4D_v6,False,46.015506010368384,11.259846648532708,13.527601172387255,33.24068987597609,43.735085972340954,29.345037975469022,11.259846648532706,13.527601172387255
BroetchenAufschneiden,227,SIGNAL4D_v6,False,45.12482056711483,13.13198321628298,12.725938036154506,32.54299729316631,44.96992219093803,28.486196471503273,13.131983216282986,12.725938036154506
BroetchenAufschneiden,229,SIGNAL4D_v6,False,47.742655566056925,11.322967124020092,12.83947304235226,31.78908690136846,44.83684266540546,27.688760716051757,11.322967124020094,12.839473042352259
BroetchenAufschneiden,231,SIGNAL4D_v6,False,51.99518967374384,13.199054241481377,15.519500082863585,36.48086317485404,54.46505508685448,31.416360773192437,13.199054241481377,15.519500082863585
BroetchenAufschneiden,233,SIGNAL4D_v6,False,50.14154630207646,12.78940737830591,15.831811826890887,37.74288754433002,54.31024701214339,32.63113039475172,12.78940737830591,15.831811826890887
BroetchenAufschneiden,235,SIGNAL4D_v6,False,50.10628210331225,10.657310351538037,16.32833738228075,36.271866576207394,50.72497973444279,31.568436532973212,10.657310351538037,16.32833738228075
BroetchenAufschneiden,237,SIGNAL4D_v6,False,55.51587804518284,13.368972061007813,14.079781043040335,42.425331984890526,60.730062327122965,36.72905681072383,13.36897206100781,14.079781043040335
BroetchenAufschneiden,239,SIGNAL4D_v6,False,50.15458102204175,10.615142239246325,13.502077230585376,33.420550285869986,44.24108426478061,29.339094351039844,10.615142239246325,13.502077230585378
BroetchenAufschneiden,241,SIGNAL4D_v6,False,51.879397575473064,13.71740743257316,14.274539422292829,35.53056083881481,55.79199466030188,30.22135077484379,13.71740743257316,14.274539422292829
BroetchenAufschneiden,243,SIGNAL4D_v6,False,49.763449312228154,11.080564320947717,15.839632243141569,32.06455108590988,45.235278439823375,27.842032714197032,11.080564320947719,15.839632243141565
BroetchenAufschneiden,245,SIGNAL4D_v6,False,53.30391277246141,12.106420080658566,16.20089820785999,37.219499969700706,51.43519503261941,32.467668829971224,12.106420080658566,16.20089820785999
Dort,171,SIGNAL4D_v6,True,38.66569927881444,,11.299273879815054,25.65468700636541,40.30293632576129,22.006253481446475,,11.299273879815056
Dort,173,SIGNAL4D_v6,True,38.796179004120496,,11.285149718817165,25.546625551149123,40.24405004924363,22.274262423316515,,11.285149718817165
Dort,175,SIGNAL4D_v6,True,39.78859295448095,,11.026770540497866,25.692186897108233,39.93777794403264,22.625571750975638,,11.026770540497866
Dort,177,SIGNAL4D_v6,True,41.23974829718875,,12.170663489577171,30.881924934173835,47.5869067218653,26.606969618023204,,12.170663489577173
Dort,179,SIGNAL4D_v6,True,35.99008776666635,,11.572817668849464,26.66863320318145,42.12669301632325,22.63922288888997,,11.572817668849464
Dort,181,SIGNAL4D_v6,True,35.04238086294102,,11.75563521867979,26.17733639744368,41.46898290647374,22.360378823433113,,11.75563521867979
Dort,183,SIGNAL4D_v6,True,35.475242566515824,,10.831105256890055,26.72470295850788,42.56891542072448,22.81431685552262,,10.831105256890055
Dort,185,SIGNAL4D_v6,True,36.162239553185636,,11.249940691853926,28.021116098456712,42.407532494783084,24.282673777657998,,11.249940691853922
Dort,187,SIGNAL4D_v6,True,38.111298830035416,,11.413449364339431,29.604482813627794,44.12970143023871,25.69187897766864,,11.413449364339433
Dort,189,SIGNAL4D_v6,True,35.488522027471554,,10.822690388428196,26.159500015941372,40.491600360932445,22.383627236410756,,10.822690388428196
Dort,191,SIGNAL4D_v6,True,35.054930471677864,,10.860977441083815,26.919072571621985,42.50111205720912,22.824516189571742,,10.860977441083815
Dort,193,SIGNAL4D_v6,True,36.61260903510194,,10.829413689607192,26.49628991580444,41.958448749023674,22.554577341056536,,10.829413689607192
Dort,195,SIGNAL4D_v6,True,37.40371610062814,,11.492190713380682,26.415160669978313,41.86176782949207,22.478483800419216,,11.492190713380682
Duenn,156,SIGNAL4D_v6,True,38.058130563341614,,14.849381644579886,27.059014021869928,37.67769899331496,23.458382602975238,,14.849381644579886
Duenn,158,SIGNAL4D_v6,True,37.40080311327939,,15.414633291645483,27.07835774881909,38.747055531195954,23.62506034396529,,15.414633291645483
Duenn,160,SIGNAL4D_v6,True,37.22118736259248,,14.362111368655777,25.98708106706382,39.31133152459884,22.834555047282333,,14.362111368655782
Duenn,162,SIGNAL4D_v6,True,37.19480128537689,,13.939876426518747,27.572037671927134,36.93493021240381,24.489903110341345,,13.939876426518747
Duenn,164,SIGNAL4D_v6,True,39.61050732472594,,14.500986963568899,24.656453220039722,36.954673447561134,21.946672266597588,,14.500986963568902
Duenn,166,SIGNAL4D_v6,True,39.610266782306255,,14.775656890600624,26.713414444730596,40.00763397553639,23.988025021837636,,14.77565689060062
Duenn,168,SIGNAL4D_v6,True,37.1224803037012,,15.138236462995547,28.81024030713915,40.11220924177603,25.591819056003118,,15.138236462995545
Duenn,170,SIGNAL4D_v6,True,43.16006096076767,,15.637607517786478,27.772249538266784,39.497722396671655,25.268921961266997,,15.637607517786481
Duenn,172,SIGNAL4D_v6,True,42.93287215464513,,16.286305665383324,27.983187885318895,39.94471936469234,24.983201107323215,,16.286305665383328
Duenn,174,SIGNAL4D_v6,True,41.925183585888675,,15.350412741957951,26.219619129449143,38.33879558486106,23.548080492765674,,15.350412741957953
Duenn,176,SIGNAL4D_v6,True,41.85298142859149,,15.124953881884995,26.257664971356814,38.246531479929395,23.609720108698234,,15.124953881884995
Duenn,178,SIGNAL4D_v6,True,42.39257546168693,,15.148403649443319,26.892080941963492,38.6463519240497,24.3314139310768,,15.148403649443315
Duenn,180,SIGNAL4D_v6,True,37.88544184344086,,14.948816409053475,28.49228569706186,36.65831953663148,25.612298125506506,,14.948816409053475
Duenn,182,SIGNAL4D_v6,True,43.632124966184584,,14.454702232830423,27.290569657010657,40.72903148427331,24.339881831824993,,14.454702232830423
Duenn,184,SIGNAL4D_v6,True,37.612169456384734,,14.548038380859685,30.11769581882932,37.84471516460403,27.03958067564316,,14.548038380859687
Duenn,186,SIGNAL4D_v6,True,41.337653029525704,,14.818685970266747,27.873694990617228,41.585053988066086,25.07621693144246,,14.818685970266747
Duenn,188,SIGNAL4D_v6,True,41.04626021943974,,14.685201006340602,25.967877756377536,39.603539106980456,23.082009233324897,,14.6852010063406
Duenn,190,SIGNAL4D_v6,True,40.9157987078494,,14.915596909615381,29.000154137165275,40.35117177089323,25.94445447576592,,14.915596909615383
Duenn,192,SIGNAL4D_v6,True,42.09380214519531,,14.936079001894795,27.59732352804896,40.17427179032527,24.74919843683533,,14.936079001894793
Duenn,194,SIGNAL4D_v6,True,44.315223321684634,,15.103576346610977,29.65731610770562,43.60643440636096,26.2338021726029,,15.103576346610977
Duenn,196,SIGNAL4D_v6,True,41.036001530585736,,14.965145488167062,27.608175025565977,39.68211098298465,24.348915791213734,,14.965145488167067
Duenn,198,SIGNAL4D_v6,True,38.66952683060291,,15.229795036136789,28.9658739194427,38.885412653343735,25.44247827331775,,15.229795036136785
Duenn,200,SIGNAL4D_v6,True,38.23047166714439,,14.858734335096074,27.421806338862503,39.246534139359014,24.14714928917171,,14.858734335096074
Einkaufen,142,SIGNAL4D_v6,False,42.052540986722256,9.086866204541927,11.438775016858301,22.86506296451655,32.536370495334225,20.637248003961815,9.086866204541927,11.4387750168583
Einkaufen,144,SIGNAL4D_v6,False,45.40997874352342,10.120418143420329,11.236211427525056,22.676342207383975,32.96194239051553,20.36395034365541,10.12041814342033,11.236211427525058
Einkaufen,146,SIGNAL4D_v6,False,45.40817862318543,10.69690148497856,12.328104735620508,24.237277559672407,35.64517480743637,21.713897811312908,10.69690148497856,12.328104735620508
Einkaufen,148,SIGNAL4D_v6,False,43.47485535763561,9.346108570168852,14.381167453389791,25.070430425248784,35.53797206704867,22.739598698963885,9.346108570168852,14.381167453389788
Einkaufen,150,SIGNAL4D_v6,False,40.13387097334156,9.17767695030989,15.080825843723279,22.871534510094296,32.71753208424411,20.695264985645366,9.177676950309888,15.080825843723279
Einkaufen,152,SIGNAL4D_v6,False,38.596119890133906,12.104068905757517,17.28721426073702,24.314524569339888,35.34701056312092,22.04410121947433,12.104068905757522,17.287214260737017
Einkaufen,154,SIGNAL4D_v6,False,36.76697359135098,10.391749676787404,17.713423878881972,23.089708402134946,31.761133341653398,20.68306906514044,10.391749676787404,17.713423878881972
Einkaufen,156,SIGNAL4D_v6,False,34.78456109235964,10.013476853867102,17.632671517556812,21.407921752383487,28.97419942021947,19.31313505272941,10.013476853867106,17.632671517556815
Einkaufen,158,SIGNAL4D_v6,False,44.14021112448169,11.15140108299019,16.106026088359602,23.896001333004886,34.873302717926144,21.146040529230884,11.15140108299019,16.106026088359602
Einkaufen,160,SIGNAL4D_v6,False,43.130151770625,10.899541897528128,14.69105570693381,21.261203725703083,28.95211442669215,19.234799427280173,10.899541897528128,14.69105570693381
Einkaufen,162,SIGNAL4D_v6,False,44.15921850233725,9.803307435429085,13.246080979136027,20.451218428507087,27.9330625611777,18.603647084258746,9.803307435429087,13.246080979136027
Einkaufen,164,SIGNAL4D_v6,False,45.60185704977401,8.82524672877009,13.49436413828048,24.431178884799845,32.94107486031974,22.20111661825433,8.825246728770088,13.49436413828048
Einkaufen,166,SIGNAL4D_v6,False,38.72616909933731,9.242386865604972,12.859999096627464,24.338151266033236,28.54214239903115,22.423646026927432,9.242386865604974,12.859999096627464
Einkaufen,168,SIGNAL4D_v6,False,40.867131369541845,8.4756683343944,10.78962965221078,25.546392017723257,32.72217559661096,23.012017068739322,8.475668334394399,10.78962965221078
Einkaufen,170,SIGNAL4D_v6,False,39.110038857953775,8.636242623186378,12.621394155194798,21.106217653531996,29.86248836324458,18.921035493523597,8.63624262318638,12.621394155194798
Einkaufen,172,SIGNAL4D_v6,False,39.687998219980905,8.710977705877294,13.93665341474412,23.073024395757805,33.10508666720694,20.644371746806428,8.710977705877294,13.936653414744118
Einkaufen,174,SIGNAL4D_v6,False,39.76370636263276,9.680565890915515,17.725753333017423,24.991907767732744,35.840926115478055,22.377334318613,9.680565890915515,17.72575333301742
Einkaufen,176,SIGNAL4D_v6,False,33.48543935960324,11.17954460952779,17.911020712378665,22.991769260803665,31.353754202806567,20.850663357402208,11.17954460952779,17.911020712378665
Einkaufen,178,SIGNAL4D_v6,False,36.557464856267266,11.111396211375464,17.455550907002564,23.582919267807316,32.61731774333249,21.209027272578382,11.11139621137546,17.45555090700256
Einkaufen,180,SIGNAL4D_v6,False,37.18347477866168,10.196780163810686,17.28182915611626,22.415843506740032,30.56405452301729,20.354300396708677,10.196780163810683,17.28182915611626
Einkaufen,182,SIGNAL4D_v6,False,35.3942252789395,9.503360598403521,15.742493292750272,22.75055057139135,31.07034420005194,20.329380732824006,9.503360598403523,15.742493292750275
Einnehmen,161,SIGNAL4D_v6,False,38.71213555276846,10.120199094200894,10.180230081495695,26.699096818391663,35.60698344085024,24.087781103005234,10.120199094200895,10.180230081495688
Einnehmen,163,SIGNAL4D_v6,False,37.269443576332506,10.230129668687677,10.4539614362279,30.443947213245718,36.594651356956376,27.703694865554795,10.230129668687677,10.4539614362279
Einnehmen,165,SIGNAL4D_v6,False,40.99268932322127,10.114212580743253,9.869844790427987,35.12108707145482,45.229052741985186,31.529220898341684,10.114212580743251,9.869844790427987
Einnehmen,167,SIGNAL4D_v6,False,46.33178589987383,10.030951622961632,9.374439159724924,41.08662804282752,49.6163936695508,37.23207741289467,10.03095162296163,9.374439159724922
Einnehmen,169,SIGNAL4D_v6,False,42.91789258981695,10.325948283237093,10.009219771291729,38.30058378222752,46.82515090334704,34.59432151654966,10.32594828323709,10.009219771291729
Einnehmen,171,SIGNAL4D_v6,False,47.722020698664046,8.812898909106986,11.961528311112518,42.99343511614996,50.571208082480624,39.06215910437186,8.812898909106986,11.961528311112522
Einnehmen,173,SIGNAL4D_v6,False,49.386004641529176,22.827278986231192,12.194040750906025,45.369611510951216,42.474712634727034,42.50345711312638,22.827278986231185,12.194040750906023
Einnehmen,175,SIGNAL4D_v6,False,45.27282550434565,9.979882808858251,8.9741935461779,41.9662157440208,45.60255646981777,38.46948562460738,9.97988280885825,8.9741935461779
Einnehmen,177,SIGNAL4D_v6,False,44.496747017721525,16.817872718293984,8.698944810944512,38.233340517885075,34.47191852545104,35.91837509980104,16.817872718293987,8.698944810944512
Einnehmen,179,SIGNAL4D_v6,False,45.67786362385575,8.39986447684379,7.795312455564492,39.80462220432825,40.51053305466161,36.72977647341026,8.399864476843792,7.795312455564492
Einnehmen,181,SIGNAL4D_v6,False,44.02538840915743,10.730317071578016,9.229665115501247,37.64970180480094,37.75799918251817,34.780191148636305,10.73031707157802,9.229665115501247
Einnehmen,183,SIGNAL4D_v6,False,44.379731643353786,14.466918839628926,9.060297614685895,37.997255788860755,36.612806429523765,35.18102737673567,14.466918839628931,9.060297614685895
Einnehmen,185,SIGNAL4D_v6,False,41.337218298385885,10.60934594036632,9.543382222100584,34.60889060583476,37.99220028909821,31.520362802981836,10.60934594036632,9.543382222100584
Einnehmen,187,SIGNAL4D_v6,False,42.38922521427135,24.482339184330684,10.264470300369632,35.349521652952596,36.6697987161591,32.45481396103694,24.482339184330684,10.264470300369632
Einnehmen,189,SIGNAL4D_v6,False,39.305434245432174,9.663317312597844,11.532125721934193,26.230851035367216,38.7647090037422,23.0039611972726,9.663317312597847,11.532125721934193
Einnehmen,191,SIGNAL4D_v6,False,37.77762964110648,19.082698477789034,12.904017655702681,25.443603616093732,35.96388737838678,22.409048859008237,19.082698477789034,12.904017655702681
Einnehmen,193,SIGNAL4D_v6,False,38.164699970169515,9.657944480401715,14.747407414856633,26.782606305395067,39.476652983235105,23.508024993087357,9.657944480401717,14.747407414856635
Einnehmen,195,SIGNAL4D_v6,False,38.560515494014325,21.44187181174496,15.372090217397528,27.149392778952723,35.731124371638316,24.196521238503255,21.44187181174496,15.372090217397528
Einnehmen,197,SIGNAL4D_v6,False,37.8469318649392,10.613977485482499,16.777934957894114,27.607600296170496,38.4677751930611,24.49695939768864,10.613977485482495,16.77793495789411
Einnehmen,199,SIGNAL4D_v6,False,43.185721766594796,10.041118421393593,16.064180641579032,36.0555594955698,39.883735019352855,32.791476706105286,10.041118421393595,16.064180641579032
Einnehmen,201,SIGNAL4D_v6,False,43.47379540413141,14.876366509469564,14.717814737554765,36.03460213483072,34.071195913090456,33.55879327417253,14.876366509469563,14.717814737554765
Einnehmen,203,SIGNAL4D_v6,False,44.58650602548223,21.272454891934512,14.745495406937888,36.998153841383704,34.889616910695395,34.41486282007842,21.272454891934505,14.745495406937888
Einnehmen,205,SIGNAL4D_v6,False,43.518456008891675,10.53609799824625,15.542456470424062,36.30857253166961,39.05919311538365,33.14551231655933,10.53609799824625,15.542456470424064
Einnehmen,207,SIGNAL4D_v6,False,39.256552890921604,11.02874685342851,16.485269986572813,30.54828157172316,36.950007937697116,27.52848829768242,11.02874685342851,16.485269986572813
Einnehmen,209,SIGNAL4D_v6,False,41.89203923803569,29.483484344040846,15.76864393357183,33.48974107939906,40.54873717230969,30.0466817886096,29.483484344040846,15.768643933571827
Einnehmen,211,SIGNAL4D_v6,False,39.20995359245068,11.013987922469367,16.942558118565366,27.2049038361319,36.1596346519686,24.306876825130576,11.013987922469367,16.942558118565366
Einnehmen,213,SIGNAL4D_v6,False,40.15100353195305,15.279080050384785,15.875866280260837,29.576856978507312,35.61848045346484,26.577201032180888,15.279080050384785,15.87586628026084
Einnehmen,215,SIGNAL4D_v6,False,39.5671797414304,11.567068713680358,16.342630240625095,28.775091954865065,35.61720962175387,25.82359882030561,11.567068713680355,16.342630240625095
Einnehmen,217,SIGNAL4D_v6,False,39.5285777569809,25.869235091627132,16.818725797004912,29.641173400038262,36.92570143216889,26.55977832664559,25.869235091627132,16.818725797004912
Einnehmen,219,SIGNAL4D_v6,False,38.93948303148572,11.36593688338624,16.669310047433218,28.26030699542692,36.72025485617015,25.217769575032456,11.365936883386244,16.669310047433218
Einnehmen,221,SIGNAL4D_v6,False,33.43501701213362,13.240076762048123,16.799990963494057,25.2180473031158,36.92049708182384,22.324024473688088,13.240076762048123,16.799990963494057
EinstellenJob,140,SIGNAL4D_v6,False,50.55400357011882,10.551118863070437,10.532022753569347,33.681090770395556,51.26727745709099,28.850782726965683,10.551118863070439,10.532022753569347
EinstellenJob,142,SIGNAL4D_v6,False,50.591853920691065,10.282368513479092,9.288902077324533,35.21091409063761,54.29591163031361,30.341535125759798,10.282368513479092,9.288902077324533
EinstellenJob,144,SIGNAL4D_v6,False,50.894249939324965,10.170965181591326,9.77845118393212,34.45408897778951,54.31937786385737,29.53874652776378,10.170965181591328,9.778451183932122
EinstellenJob,146,SIGNAL4D_v6,False,47.483967724030386,10.177585136341909,8.366472928567221,32.27480659052557,51.79078698907246,27.774282108258934,10.177585136341909,8.36647292856722
EinstellenJob,148,SIGNAL4D_v6,False,48.74055692814278,10.023243956028864,9.247243003854187,32.66639758010555,50.52734985258945,28.24836810560282,10.023243956028864,9.247243003854187
EinstellenJob,150,SIGNAL4D_v6,False,41.25051195766809,10.303717976003309,7.4168766976029294,29.163138603824382,42.84925008223835,25.458572891293684,10.303717976003309,7.4168766976029294
EinstellenJob,152,SIGNAL4D_v6,False,40.803381975462486,9.447795611068187,5.42249473603715,30.757567940627354,39.47761224287465,27.397556893744294,9.447795611068186,5.42249473603715
EinstellenJob,154,SIGNAL4D_v6,False,35.47705891062006,8.634865080292197,5.773090446108091,25.984618444716613,36.633692544908186,22.819959018897894,8.634865080292201,5.773090446108088
EinstellenJob,156,SIGNAL4D_v6,False,40.51830767624633,8.755638928842707,5.702742876467325,27.65044032519699,38.67728717392065,24.370276727155186,8.755638928842707,5.702742876467325
EinstellenJob,158,SIGNAL4D_v6,False,40.289777112519694,9.954760261866584,6.465464142412215,21.982016596081014,33.10621730315179,19.31408259355353,9.954760261866584,6.465464142412212
EinstellenJob,160,SIGNAL4D_v6,False,37.931728358237166,13.628320426680974,7.386349335527849,28.627978025743815,35.92018766019952,25.3718944488418,13.628320426680974,7.386349335527852
EinstellenJob,162,SIGNAL4D_v6,False,36.61948313810634,11.345242999289638,7.627607471038374,26.3501977404482,36.48682832352797,23.13356848017491,11.345242999289638,7.627607471038372
EinstellenJob,164,SIGNAL4D_v6,False,37.15737386862189,10.911314273496144,7.856635146569738,24.354339555662765,35.66968309250547,21.503330691655897,10.911314273496144,7.856635146569738
EinstellenJob,166,SIGNAL4D_v6,False,37.91964156979894,16.096678992000584,9.489293588389177,24.763607261046225,36.32581334650892,21.554409452972607,16.096678992000584,9.489293588389176
EinstellenJob,168,SIGNAL4D_v6,False,34.22287724656274,11.988543784456278,8.881113920505308,22.450961004553562,32.697948075375805,19.649024518212816,11.988543784456278,8.88111392050531
EinstellenJob,170,SIGNAL4D_v6,False,37.90941409472973,11.21203408213734,8.259057823811775,22.07230213253073,32.995146287872494,19.64624656816622,11.21203408213734,8.259057823811775
EinstellenJob,172,SIGNAL4D_v6,False,37.85308522267348,14.843002882418016,8.239687257753948,23.24622388869158,33.222178129703366,20.58099184425683,14.843002882418016,8.239687257753948
EinstellenJob,174,SIGNAL4D_v6,False,38.602342924796936,12.537878084642346,8.176720821625022,23.051927347709356,33.431115559021514,20.718184833819564,12.537878084642346,8.17672082162502
EinstellenJob,176,SIGNAL4D_v6,False,36.86420044391122,13.882548236034337,7.896279296110077,22.65044305552046,32.41815097598699,20.17655499011473,13.882548236034337,7.8962792961100785
EinstellenJob,178,SIGNAL4D_v6,False,35.18367305261863,11.097868689273325,8.533896149080807,21.97073971603808,32.43676552550833,19.41346760977574,11.097868689273321,8.533896149080807
EinstellenJob,180,SIGNAL4D_v6,False,36.5152306082897,10.72016321199877,7.883235204348712,22.498597659072566,32.9129909959836,19.99913250227184,10.720163211998774,7.883235204348712
EinstellenJob,182,SIGNAL4D_v6,False,37.75554441925193,9.646262258439183,7.9483145987252515,22.746983435622155,33.579274891401035,20.281843899818615,9.646262258439183,7.94831459872525
EinstellenJob,184,SIGNAL4D_v6,False,38.585410861346304,13.017918827721019,8.323583280613482,23.429379825525352,34.42808108346517,20.54071455567309,13.017918827721017,8.323583280613482
EinstellenJob,186,SIGNAL4D_v6,False,37.714931606060595,11.817411867868334,8.133391208743703,23.33396791794154,33.483197233166344,20.49307883217976,11.817411867868335,8.1333912087437
EinstellenJob,188,SIGNAL4D_v6,False,37.40690315765851,14.436637690433864,8.428301257982431,23.72220667254531,33.043649958093305,20.869374895926896,14.436637690433859,8.428301257982431
EinstellenJob,190,SIGNAL4D_v6,False,37.35922680404646,10.669900836174374,8.750226048715431,25.744111558642704,33.736858049533375,22.746114061510585,10.669900836174373,8.75022604871543
EinstellenJob,192,SIGNAL4D_v6,False,35.868113704033675,10.370323150183683,8.336247664391067,25.009891329680766,33.35942322226341,22.073234881132514,10.370323150183683,8.336247664391069
EinstellenJob,194,SIGNAL4D_v6,False,36.28616594196243,14.268162163023613,9.50448385016679,26.048343701416727,33.52078451247002,23.011459532612925,14.268162163023613,9.504483850166789
EinstellenJob,196,SIGNAL4D_v6,False,36.43095110055708,13.342380803844556,9.798713680081523,27.115031331127028,33.60029840271753,24.02514278271151,13.342380803844556,9.798713680081521
EinstellenJob,198,SIGNAL4D_v6,False,35.94933504848961,10.907444945129214,8.85344914750043,25.07429220587561,33.680281046387975,22.05892266504583,10.907444945129214,8.85344914750043
EinstellenJob,200,SIGNAL4D_v6,False,37.373142697723694,13.854071256958823,9.41208371771927,27.069851704893473,35.580637275068746,23.772626282506067,13.854071256958823,9.41208371771927
EinstellenJob,202,SIGNAL4D_v6,False,37.316131143594134,11.386034912977262,9.198996125822816,26.11730293260094,35.144383958905905,22.951423419346153,11.386034912977266,9.198996125822818
EinstellenJob,204,SIGNAL4D_v6,False,38.80472250611393,11.307905423334502,8.888972229516623,25.172774903007046,35.728542321834425,22.045597518620237,11.307905423334496,8.888972229516618
EinstellenJob,206,SIGNAL4D_v6,False,39.21366348020955,10.477228276584128,8.482901848474063,26.915342115653903,37.54317117247843,23.571542481034903,10.477228276584128,8.482901848474063
EisGefroren,182,SIGNAL4D_v6,False,37.15727502254986,11.817469546017024,12.859450913345476,30.280434802067525,42.785972602858244,26.107143402448063,11.817469546017026,12.859450913345475
EisGefroren,184,SIGNAL4D_v6,False,41.356608550577654,11.992823848510099,10.951131993956913,37.219355157626,45.377194402241834,32.907873284461,11.992823848510099,10.951131993956913
EisGefroren,186,SIGNAL4D_v6,False,34.46197672531681,10.922827261949498,9.629701354854781,27.010651130464534,39.89404031892569,23.103674499017746,10.922827261949498,9.62970135485478
EisGefroren,188,SIGNAL4D_v6,False,36.35588021440761,9.205826929169518,10.73230161493911,25.786000187444788,41.52094501882308,21.758048143145718,9.205826929169515,10.732301614939116
EisGefroren,190,SIGNAL4D_v6,False,32.13800351939878,8.092692808511522,8.697731524004574,24.494720670754823,38.657580337206305,20.800521030304946,8.092692808511522,8.697731524004572
EisGefroren,192,SIGNAL4D_v6,False,32.64813199622337,8.4502731457284,8.30435582298156,22.88934068414217,34.55885275679248,19.642449021006733,8.450273145728396,8.304355822981561
EisGefroren,194,SIGNAL4D_v6,False,31.400598117210063,8.245046518802672,9.916705937143767,20.812471213608468,30.690602359073484,18.0745841965861,8.245046518802674,9.91670593714377
EisGefroren,196,SIGNAL4D_v6,False,34.766526933585595,9.711239469715244,10.202599721345107,23.200054006205317,35.79113258888355,19.909254426588788,9.711239469715244,10.20259972134511
EisGefroren,198,SIGNAL4D_v6,False,32.46793609864652,10.625724516528612,7.672349497322204,23.023274580994244,35.50440839410196,19.748256399947902,10.625724516528614,7.672349497322207
EisGefroren,200,SIGNAL4D_v6,False,38.50946793804479,11.994339998268963,6.525327224761918,25.824390868994882,36.46856343392661,22.51812131305696,11.994339998268968,6.525327224761917
EisGefroren,202,SIGNAL4D_v6,False,44.17003336281218,11.029679302569802,6.588208102642861,27.869255652748897,38.97132695197433,24.48246836413554,11.029679302569802,6.588208102642861
EisGefroren,204,SIGNAL4D_v6,False,42.53017609097458,10.21503866629118,6.652299015246089,27.022870242410573,35.74482796731288,23.902217784451445,10.21503866629118,6.652299015246092
EisGefroren,206,SIGNAL4D_v6,False,41.42913176715904,11.122938916659933,5.303696150286609,28.414944535659714,36.41118765096624,25.184285870877183,11.122938916659933,5.303696150286611
EisGefroren,208,SIGNAL4D_v6,False,42.998832307057135,11.251668740421346,5.808856105113336,28.323967662581865,38.51686211534777,24.872156986829623,11.251668740421348,5.808856105113335
EisGefroren,210,SIGNAL4D_v6,False,40.15009718809969,11.438242255692675,6.110365091636144,28.1046457905841,37.9722645930549,24.641893072501954,11.43824225569267,6.110365091636145
EisGefroren,212,SIGNAL4D_v6,False,42.20440975927965,9.830546855947416,5.7199174152283145,29.870120361928027,40.49006342875393,26.25883798828848,9.83054685594742,5.71991741522831
EisGefroren,214,SIGNAL4D_v6,False,43.46407366582413,9.50035739815998,5.719715341890243,30.85601624655637,39.921950824082145,27.324449178512502,9.500357398159979,5.719715341890243
EisGefroren,216,SIGNAL4D_v6,False,41.86649138021729,11.158494507224603,7.878186812024912,28.963675706908376,39.13653680026169,25.376561458590857,11.158494507224603,7.878186812024912
EisGefroren,218,SIGNAL4D_v6,False,44.016836389875444,9.090201115619143,12.408238309634118,31.034937097165816,40.69391283600287,27.421569588369767,9.090201115619143,12.408238309634118
EisGefroren,220,SIGNAL4D_v6,False,41.25101771559248,11.460981687021132,14.652920029257002,27.746165094716915,39.58982301257112,24.052178280538,11.460981687021128,14.652920029257
EisGefroren,222,SIGNAL4D_v6,False,42.51028636879879,8.879913654272313,14.330837009805071,30.76854706223479,41.11716309352789,27.08928583863912,8.879913654272313,14.330837009805071
EisGefroren,224,SIGNAL4D_v6,False,40.39305777869656,10.472367024556274,14.027418041683088,28.215069117572202,38.18404399300182,24.712518536600196,10.472367024556274,14.027418041683088
EisGefroren,226,SIGNAL4D_v6,False,41.98257900720585,9.532472688734842,13.822512405428252,29.812498426673432,39.78809519889858,26.20839055385934,9.53247268873484,13.822512405428252
EisGefroren,228,SIGNAL4D_v6,False,43.06967210380673,9.674615590424155,14.096778343922734,30.655125083375815,38.7539610545139,27.24046554897263,9.674615590424152,14.09677834392273
EisGefroren,230,SIGNAL4D_v6,False,44.322921330360856,10.578431381211317,13.697185091644213,30.72627089878957,43.54189751123565,26.766733550885796,10.57843138121132,13.697185091644213
EisGefroren,232,SIGNAL4D_v6,False,40.310509910754334,12.443733223896466,14.136077889626648,27.72873909392118,39.19177563115606,24.147619519250274,12.443733223896466,14.136077889626637
EisGefroren,234,SIGNAL4D_v6,False,40.70796679046979,9.65739037189236,13.252658508904123,30.32456220155182,42.18349312010465,26.587389009118954,9.657390371892358,13.252658508904123
EisGefroren,236,SIGNAL4D_v6,False,40.542972212101695,11.225118219544745,13.421887489595768,27.941189717180194,38.445133986541144,24.433797730416806,11.225118219544745,13.421887489595777
EisGefroren,238,SIGNAL4D_v6,False,40.3425168620788,12.533956148386837,13.620927821161827,27.45801271933346,39.75203998326938,23.829126190499554,12.533956148386839,13.620927821161827
EisGefroren,240,SIGNAL4D_v6,False,39.932305774409585,11.38547796582944,13.348636359543475,28.39977200231247,41.300135858044136,24.70447053668611,11.385477965829441,13.348636359543475
Empathie,136,SIGNAL4D_v6,False,43.61856450481571,9.745916559169524,15.405043013144068,32.23250012843283,46.35411196330095,29.171252148845475,9.745916559169524,15.405043013144068
Empathie,138,SIGNAL4D_v6,False,41.54263928387847,9.678021290009715,20.619695824536667,32.56088722384371,47.60786550422104,29.103177301057432,9.678021290009717,20.619695824536667
Empathie,140,SIGNAL4D_v6,False,46.24229310001285,8.095868068460746,14.740628225060306,39.45928225285286,61.636566994137844,34.806034800697354,8.09586806846075,14.740628225060306
Empathie,142,SIGNAL4D_v6,False,44.48110666856257,9.806438897130256,15.98338654153465,39.192156473039375,58.569237650797604,34.400740909992926,9.806438897130255,15.98338654153465
Empathie,144,SIGNAL4D_v6,False,38.34960246771298,8.543308503991277,15.200242605723513,27.022936104427306,37.0799710629189,24.467269499392167,8.543308503991277,15.200242605723513
Empathie,146,SIGNAL4D_v6,False,36.92119374816651,9.56023864493163,12.272092133098912,24.03950805683633,36.25145504917137,21.428198508085462,9.56023864493163,12.272092133098912
Empathie,148,SIGNAL4D_v6,False,37.20253146014646,10.356931257099479,11.720145424782157,27.02304025903724,39.097796972393795,23.861249477418387,10.356931257099479,11.720145424782157
Empathie,150,SIGNAL4D_v6,False,40.68107321388346,9.220365761568834,9.751911724810789,27.648928815454127,40.66965201380553,24.501016240515163,9.220365761568834,9.751911724810787
Empathie,152,SIGNAL4D_v6,False,42.50176838983678,10.198582524900065,8.920678135370093,29.059107844221135,41.23534555958184,25.414801797051688,10.198582524900067,8.920678135370093
Empathie,154,SIGNAL4D_v6,False,44.437888872577375,10.086706218372704,8.662100324533228,28.792486908683674,43.460732310218745,24.963792216211775,10.086706218372704,8.66210032453323
Empathie,156,SIGNAL4D_v6,False,50.053819331343796,10.635050425823058,7.99926536117892,36.71588689733091,43.56841376029725,32.976020460167575,10.635050425823056,7.999265361178922
Empathie,158,SIGNAL4D_v6,False,42.294528423665554,9.938378281751211,8.722445133610032,27.185819890722414,42.61018884186153,23.80560374495663,9.938378281751207,8.722445133610032
Empathie,160,SIGNAL4D_v6,False,47.410045305389495,11.210223827559476,7.961051310512227,33.886078019794645,55.06509117199853,28.86584415042072,11.210223827559474,7.9610513105122305
Empathie,162,SIGNAL4D_v6,False,49.474114046339295,10.914900614520644,7.920171221144568,37.941422787010765,60.041962072062404,32.47915127832314,10.914900614520644,7.92017122114457
Empathie,164,SIGNAL4D_v6,False,50.0894959326455,11.889073222585722,7.566727802924348,38.27938029989935,59.755906650812186,33.220574886437305,11.889073222585722,7.5667278029243485
Empathie,166,SIGNAL4D_v6,False,44.947952025695216,9.81448439520824,8.466996193098872,34.542611305141484,46.73623527428193,30.713830103446945,9.81448439520824,8.466996193098874
Empathie,168,SIGNAL4D_v6,False,45.649761995755114,13.604627083110877,8.2791199642545,34.468156577958915,43.451292873409926,31.061054447841478,13.604627083110877,8.279119964254498
Empathie,170,SIGNAL4D_v6,False,49.785507052845574,11.3386516959009,8.45709120606934,34.96953814552605,50.478714696388515,30.72455298695784,11.3386516959009,8.45709120606934
Empathie,172,SIGNAL4D_v6,False,46.34006345285212,14.400741045517496,8.557969362607379,33.5171721214674,44.815099592177106,29.675449133353126,14.400741045517496,8.557969362607379
Empathie,174,SIGNAL4D_v6,False,49.99257518356635,15.702814632584088,8.64854318066976,31.511960343276094,48.10278387704255,27.255476958639044,15.702814632584088,8.648543180669758
Empathie,176,SIGNAL4D_v6,False,53.75991641011358,12.513551149342865,8.28111876999428,34.00625994560173,56.73201088256009,28.974881810735987,12.513551149342865,8.28111876999428
Empathie,178,SIGNAL4D_v6,False,46.36785509271897,14.280900892872673,8.71629781886128,29.168951234369857,46.6663284411261,24.95068697043243,14.280900892872669,8.716297818861284
Empathie,180,SIGNAL4D_v6,False,50.440814436420574,11.840834399263162,8.526132281682113,34.570617110622614,55.29969560210541,29.52927058292555,11.840834399263159,8.526132281682111
Entschuldigung,129,SIGNAL4D_v6,False,39.845599867244985,11.151282914002664,15.067699045916212,22.691888884248254,33.92638261029469,20.469401637867797,11.151282914002664,15.067699045916212
Entschuldigung,131,SIGNAL4D_v6,False,39.57949825091225,16.9452918429031,17.403455890933106,23.8222743270206,35.289358012821396,21.50341587863502,16.945291842903103,17.40345589093311
Entschuldigung,133,SIGNAL4D_v6,False,33.90157116184954,10.380876315730152,14.74442663640811,20.505336685276824,31.02717235065206,18.25329406547058,10.380876315730154,14.74442663640811
Entschuldigung,135,SIGNAL4D_v6,False,37.44521843293624,18.72107508010142,13.177716565352489,21.02885148864636,31.442664903254563,18.64051799838372,18.721075080101418,13.177716565352487
Entschuldigung,137,SIGNAL4D_v6,False,34.08795312184693,10.820535115843922,13.903474540262602,20.144421541577906,29.720619241294326,18.276715851032094,10.820535115843924,13.903474540262605
Entschuldigung,139,SIGNAL4D_v6,False,36.173530523065445,15.98357546459623,13.618709214824808,20.66613043238319,31.206873793939284,18.426355098139425,15.98357546459623,13.618709214824813
Entschuldigung,141,SIGNAL4D_v6,False,34.917812566526834,13.996618772182979,15.490684680976667,21.028079150512287,32.09075087425479,18.902863464826023,13.99661877218298,15.490684680976665
Entschuldigung,143,SIGNAL4D_v6,False,40.54329568707759,15.912814676502217,16.400695976376284,22.69312097395254,34.101718318372406,20.611911325609857,15.912814676502217,16.400695976376284
Entschuldigung,145,SIGNAL4D_v6,False,38.604748402910936,16.202686702734333,15.873185552470336,22.70453527445004,34.07813408142947,20.48770736753456,16.202686702734336,15.873185552470336
Entschuldigung,147,SIGNAL4D_v6,False,35.59082266027627,14.116322865160269,13.4630824424351,21.88963094522338,31.860557347893607,19.370140884059133,14.116322865160269,13.4630824424351
Entschuldigung,149,SIGNAL4D_v6,False,37.68171617747926,9.942994361530602,14.296551822452075,21.288492152826613,31.12462122750605,19.384161528751363,9.942994361530602,14.296551822452075
Entschuldigung,151,SIGNAL4D_v6,False,37.69406385838285,14.713494999772632,15.783281756748684,23.6086428924464,33.828237665054495,21.233684916729295,14.713494999772632,15.783281756748684
Entschuldigung,153,SIGNAL4D_v6,False,38.80440918048803,8.820390547321646,13.11128722122484,21.703854155069685,28.746985448640267,20.08747764023276,8.820390547321649,13.111287221224844
Entschuldigung,155,SIGNAL4D_v6,False,34.25537926293936,10.348793976838097,13.888724944740455,20.544992791351515,27.643628828289227,18.7863997198269,10.34879397683809,13.888724944740455
Entschuldigung,157,SIGNAL4D_v6,False,35.54326943178724,11.222917521938243,14.178599986401439,21.15222347479892,30.787060676950276,19.483708557987015,11.222917521938237,14.178599986401439
Entschuldigung,159,SIGNAL4D_v6,False,35.87233204751757,10.896760347132584,14.916948104759392,21.363653553141923,31.301147372189078,19.602241081002013,10.896760347132586,14.91694810475939
Entschuldigung,161,SIGNAL4D_v6,False,38.345308329928706,9.20555126627723,14.626778659822055,21.167648957607177,31.055476301167612,19.33370240461021,9.20555126627723,14.626778659822055
Entschuldigung,163,SIGNAL4D_v6,False,33.728714204015986,10.548158398002743,15.027571791306894,20.424629621242463,30.35559351403269,18.382829811858763,10.548158398002744,15.027571791306897
Entschuldigung,165,SIGNAL4D_v6,False,33.86145731245027,17.705286054626672,15.420086675435975,23.614362136855345,33.25824309961333,20.894636397894004,17.705286054626676,15.420086675435973
Entschuldigung,167,SIGNAL4D_v6,False,36.83657528620694,13.207789605519274,15.140339111373313,21.821734353424286,31.90398434250196,19.90351378879652,13.207789605519274,15.14033911137331
Entschuldigung,169,SIGNAL4D_v6,False,36.74350747121227,9.813808702958676,16.087506536152247,22.123893794046776,33.018687112359835,20.073645918555886,9.813808702958676,16.087506536152247
Entschuldigung,171,SIGNAL4D_v6,False,34.7399669312388,8.740913286410633,15.783241863615602,22.13882013983505,32.54391655997137,20.09156542589683,8.740913286410633,15.783241863615602
Entschuldigung,173,SIGNAL4D_v6,False,33.34821404115828,12.40840691213403,15.399317343911022,22.18698401740475,31.99039640857039,19.677556199229038,12.408406912134028,15.399317343911022
Entschuldigung,175,SIGNAL4D_v6,False,35.84681085192299,12.322523431141278,15.879292699480615,21.997484851077918,31.995101841289273,20.114817229146123,12.322523431141278,15.879292699480615
Entschuldigung,177,SIGNAL4D_v6,False,32.25550262167301,8.76438042132046,15.531651398817779,21.16691129480678,31.44605943831256,18.813869216919617,8.76438042132046,15.531651398817777
Entschuldigung,179,SIGNAL4D_v6,False,33.319670070512345,12.987118308617976,14.683104451497066,22.56651275396855,32.170600171753975,19.90186519349599,12.987118308617974,14.68310445149706
Entschuldigung,181,SIGNAL4D_v6,False,36.00253246317719,10.904709087865518,14.821356777352833,20.7580793611488,31.444710965499507,18.30906033160344,10.904709087865518,14.821356777352833
Entschuldigung,183,SIGNAL4D_v6,False,34.22332932420668,10.098075392218961,15.043678975956889,22.06611781795639,32.80696901551502,19.397650960131276,10.098075392218963,15.043678975956889
Entschuldigung,185,SIGNAL4D_v6,False,36.50640848789386,12.880701672244413,14.662245261399502,22.143588239571883,32.39928554259528,19.859348614355127,12.88070167224441,14.662245261399503
Entschuldigung,187,SIGNAL4D_v6,False,36.985129021435505,11.092559892930375,14.056480987795108,22.98539768899248,33.63579137442052,20.71117347499584,11.092559892930375,14.056480987795108
Entschuldigung,189,SIGNAL4D_v6,False,36.10100092695963,8.775532271416843,13.813286225269291,24.32511531100717,35.853519411398814,21.375506049704164,8.775532271416843,13.813286225269293
FestellenDiagnose,141,SIGNAL4D_v6,False,46.1021861110189,6.887421092613692,11.470495554144282,30.632667892092453,35.69175310412536,27.535666057533508,6.887421092613692,11.470495554144279
FestellenDiagnose,143,SIGNAL4D_v6,False,51.1111692534773,7.898897697314401,11.941645762824109,27.5592463061023,36.7607329623291,24.148218668121334,7.898897697314399,11.941645762824107
FestellenDiagnose,145,SIGNAL4D_v6,False,46.476010421330884,6.257893380486963,10.423344847461252,28.420692824961964,34.95934722164268,25.193190759088814,6.257893380486963,10.423344847461252
FestellenDiagnose,147,SIGNAL4D_v6,False,45.32608176608211,8.554722616489405,10.838275817878749,24.658632345103502,33.85652753139757,21.42782566836267,8.554722616489407,10.838275817878745
FestellenDiagnose,149,SIGNAL4D_v6,False,47.66083913372371,7.64151066449937,11.813078349137097,23.167046392568967,33.90333797795335,19.935124309216317,7.641510664499371,11.813078349137097
FestellenDiagnose,151,SIGNAL4D_v6,False,49.305859048056995,8.458439244111247,11.83758440669284,24.786105880012858,36.67552354852884,21.42213879071163,8.458439244111247,11.837584406692837
FestellenDiagnose,153,SIGNAL4D_v6,False,45.47482128433455,7.471336865188368,10.153271143835015,24.55728611407538,34.809072369330934,21.51377492232031,7.471336865188366,10.153271143835015
FestellenDiagnose,155,SIGNAL4D_v6,False,46.210650667655706,12.8040271319654,11.418604510770336,26.121681349178164,40.841908387345924,22.40615848777072,12.804027131965402,11.418604510770338
FestellenDiagnose,157,SIGNAL4D_v6,False,50.95038455556,38.86139330608388,16.40223344741637,25.14980971211335,38.90240330202824,21.53262423009753,38.86139330608388,16.40223344741637
FestellenDiagnose,159,SIGNAL4D_v6,False,56.22250078352617,28.299977131257783,9.97529829261137,28.580751177812786,44.36615934465953,24.867503667411086,28.299977131257783,9.975298292611372
FestellenDiagnose,161,SIGNAL4D_v6,False,48.41666035615696,8.803472358918874,15.310081648245603,25.107754289237135,41.94255979330681,21.308032506788795,8.803472358918874,15.310081648245605
FestellenDiagnose,163,SIGNAL4D_v6,False,50.47976504819118,7.740336199823848,15.761255342029685,26.67383849126229,42.734792276849426,22.843667691253806,7.740336199823852,15.761255342029681
FestellenDiagnose,165,SIGNAL4D_v6,False,54.122963026435734,9.763699364808502,15.216600488163975,29.689548658091663,49.07437274248595,25.205967317180882,9.763699364808499,15.216600488163975
FestellenDiagnose,167,SIGNAL4D_v6,False,52.824298747792774,8.049112705172066,14.305172997131919,28.517880914235153,44.36168047569523,24.556961219577538,8.049112705172066,14.305172997131919
FestellenDiagnose,169,SIGNAL4D_v6,False,58.22569520062485,8.898065682810005,14.034066944281369,31.240946141363434,48.10167142604334,26.93347116363187,8.898065682810005,14.034066944281369
FestellenDiagnose,171,SIGNAL4D_v6,False,54.87096485178435,9.039808242215976,13.318378669701463,28.936803045905254,46.81067204226414,24.74703056820983,9.039808242215972,13.318378669701463
FestellenDiagnose,173,SIGNAL4D_v6,False,57.55109633486772,9.48509668372437,14.032666139147917,29.36866260767812,48.314192371707755,25.11546801262299,9.485096683724372,14.032666139147919
FestellenDiagnose,175,SIGNAL4D_v6,False,49.92827376111649,8.866701979029065,14.729808120432287,24.58530777515329,40.76568140078758,20.859014413361034,8.866701979029065,14.729808120432287
FestellenDiagnose,177,SIGNAL4D_v6,False,52.73841588280437,9.988737497774213,13.899361963929833,28.32983341824545,46.6973478693619,24.073888170145025,9.988737497774213,13.899361963929833
FestellenDiagnose,179,SIGNAL4D_v6,False,48.978676350228874,9.15624135294028,13.290802788079494,27.229372107974235,40.577695258906594,23.51374193223569,9.15624135294028,13.290802788079494
FestellenDiagnose,181,SIGNAL4D_v6,False,49.311987990136494,10.086663781962429,13.467897769789923,29.58446977090262,45.29724414004404,25.425097164938233,10.08666378196243,13.467897769789923
FestellenDiagnose,183,SIGNAL4D_v6,False,48.777744953110684,8.954988115513162,13.325707366759547,27.404119742472403,41.7018354245112,23.67462503091091,8.954988115513162,13.325707366759547
FestellenDiagnose,185,SIGNAL4D_v6,False,48.77981155690754,9.260004370790933,13.095027025053769,26.188032201218302,40.54697427867626,22.527705100999018,9.260004370790933,13.095027025053769
FestellenDiagnose,187,SIGNAL4D_v6,False,51.14816510447748,9.791857631730078,13.00621219456551,28.61049489580089,46.06766792267907,24.556002315421672,9.791857631730078,13.00621219456551
FestellenDiagnose,189,SIGNAL4D_v6,False,51.21029832158765,10.215839941894462,12.711673367386542,27.46448210992161,44.8801584002573,23.450467123688863,10.21583994189446,12.711673367386542
FestellenDiagnose,191,SIGNAL4D_v6,False,50.00191968038977,9.139931934615587,12.756778058604322,25.655888375592237,40.86332468742804,21.982200101215383,9.13993193461559,12.756778058604322
FestellenDiagnose,193,SIGNAL4D_v6,False,52.166733670515484,10.449753187024397,13.144872570837608,27.020298589874738,45.10705999051591,22.944650883587737,10.449753187024397,13.144872570837606
FestellenDiagnose,195,SIGNAL4D_v6,False,51.89091118729683,9.193959127790594,12.890310584176774,25.733072133519656,42.694049030647214,21.92562037686647,9.193959127790594,12.890310584176776
Frech,153,SIGNAL4D_v6,True,44.04497282856832,,10.99855264022391,35.55382600250582,51.34256496622773,31.114522863243156,,10.99855264022391
Frech,155,SIGNAL4D_v6,True,46.1050854800944,,11.181324190148198,42.85080185762919,57.90178471011506,37.29552837625103,,11.181324190148196
Frech,157,SIGNAL4D_v6,True,51.571324183068896,,11.694871212859976,49.18326146096518,63.26011053389835,43.18814376664335,,11.694871212859976
Frech,159,SIGNAL4D_v6,True,55.077979454964336,,13.733672110085386,50.43488888935891,61.64327250744751,44.63970312038219,,13.733672110085385
Frech,161,SIGNAL4D_v6,True,60.750090947039624,,12.946687321201717,57.5458842141337,71.96533612015199,50.81016086370449,,12.946687321201717
Frech,163,SIGNAL4D_v6,True,56.258329894566664,,12.385778966932552,54.54890806672568,71.63487092062364,47.773960007380076,,12.385778966932552
Frech,165,SIGNAL4D_v6,True,58.63332345092035,,12.848203784521925,56.25252464657528,71.96121368379107,49.47925100498595,,12.848203784521926
Frech,167,SIGNAL4D_v6,True,60.466359329869555,,11.648535401269264,57.05557081565538,69.15941589755177,50.65401550432571,,11.648535401269259
Frech,169,SIGNAL4D_v6,True,60.33229760776143,,12.564552149444696,56.06718119377267,66.20515441669554,50.0430884087048,,12.564552149444694
Frech,171,SIGNAL4D_v6,True,53.23674741189098,,11.816597978330936,50.243031969259874,60.71558260136173,44.65200646195554,,11.816597978330936
Frech,173,SIGNAL4D_v6,True,49.69038232892139,,14.2260138865343,43.734801408711434,52.60745037389363,38.82968320766947,,14.226013886534297
Frech,175,SIGNAL4D_v6,True,44.41940315447204,,13.050942667181975,37.029131329154126,44.57880541537535,32.8602567133418,,13.050942667181978
Frech,177,SIGNAL4D_v6,True,42.602174691772674,,13.668377365523293,30.865530496158193,40.65251704468815,28.02432702961217,,13.668377365523291
Frech,179,SIGNAL4D_v6,True,45.320292179642884,,12.177712653499128,31.233664338055434,39.52482590380508,28.63965955471529,,12.177712653499128
Frech,181,SIGNAL4D_v6,True,43.81069620338795,,13.44166349264026,31.830997025759707,40.95630334402182,29.100550385861535,,13.441663492640265
Frech,183,SIGNAL4D_v6,True,39.78198403868805,,12.615170086796129,30.574748775024357,39.88282362437195,27.62350407505749,,12.61517008679613
Frech,185,SIGNAL4D_v6,True,42.23301159444623,,12.992692434668593,30.93913826645071,41.58809478151795,28.213281594175623,,12.992692434668593
Frech,187,SIGNAL4D_v6,True,41.198902523791716,,12.648800856931624,30.81575581066932,40.96487881947646,28.038846383986172,,12.648800856931626
Frech,189,SIGNAL4D_v6,True,39.370830638711084,,12.434835894074832,30.84174584515387,41.340373505828566,27.729418186856687,,12.43483589407483
Frech,191,SIGNAL4D_v6,True,41.521278943011374,,12.794482761264215,31.817211400356967,42.617386655485134,28.92713011435723,,12.794482761264215
Frech,193,SIGNAL4D_v6,True,42.52324304334965,,12.404850287287022,32.42025580789407,42.10934326767626,29.50590159495244,,12.404850287287019
Frech,195,SIGNAL4D_v6,True,38.69973289353943,,12.114258069304132,30.56612481527445,40.34275793979772,27.6614790483424,,12.114258069304135
Frech,197,SIGNAL4D_v6,True,40.44997902956196,,12.178922049022663,31.10942815817657,40.448502651304366,28.403219784123866,,12.178922049022665
Frech,199,SIGNAL4D_v6,True,41.46281660665517,,13.001635463959786,30.024781915024846,39.73231583963536,27.43305062552633,,13.001635463959786
Frech,201,SIGNAL4D_v6,True,38.43545741341724,,13.293181393091272,28.217828575383795,37.42780538772032,25.761244611357608,,13.293181393091272
Frieren,152,SIGNAL4D_v6,False,37.62055866811265,10.70196299305678,13.251312310298186,22.813552955059446,32.52028713821878,20.398211839639742,10.701962993056778,13.251312310298188
Frieren,154,SIGNAL4D_v6,False,36.55223428648444,10.834658799176442,13.191120287850428,23.48540508166962,33.13752925043306,21.263717140475148,10.834658799176442,13.191120287850426
Frieren,156,SIGNAL4D_v6,False,41.48638846064999,11.112119882875565,12.878393900767641,23.613844325063138,33.664998843006366,21.11570759121441,11.112119882875563,12.878393900767641
Frieren,158,SIGNAL4D_v6,False,42.11478599624062,11.077483291784263,12.981496694621871,22.75912667684786,32.3400088716461,20.67459314669569,11.077483291784263,12.98149669462187
Frieren,160,SIGNAL4D_v6,False,38.53075447362028,11.327020380813918,12.50210643296677,23.229628680263158,33.315997086514024,20.952634341071,11.327020380813916,12.50210643296677
Frieren,162,SIGNAL4D_v6,False,38.43981561405849,10.778586213789334,13.093837232086598,23.9952990426186,33.68044922474524,21.830133490434328,10.778586213789332,13.093837232086598
Frieren,164,SIGNAL4D_v6,False,38.85157933125374,10.734322626314153,13.555208200456612,24.589124716414805,33.15248098264714,22.20509856232718,10.734322626314151,13.55520820045661
Frieren,166,SIGNAL4D_v6,False,40.460180317956954,10.325894059258166,13.37623478631754,25.653460330500398,35.574301998719555,22.945189192527568,10.325894059258163,13.37623478631754
Frieren,168,SIGNAL4D_v6,False,38.67277948822464,10.619084496973334,13.43139393463206,26.616863050597615,35.194514201083905,23.864335023586673,10.619084496973334,13.431393934632066
Frieren,170,SIGNAL4D_v6,False,38.51337074211496,10.184828409190413,13.610254214206515,26.86969753654444,36.7851481992178,24.047405506268813,10.184828409190413,13.610254214206515
Frieren,172,SIGNAL4D_v6,False,40.85724839357883,10.022184348992349,13.109557103652321,28.354163948036128,37.959328905708084,25.46232168586645,10.022184348992349,13.109557103652323
Frieren,174,SIGNAL4D_v6,False,40.88369484235086,9.927184828363096,12.44739758219997,30.83028585441746,40.052463689413635,27.679215193218386,9.927184828363098,12.44739758219997
Frieren,176,SIGNAL4D_v6,False,38.697200835786106,9.923020534611984,13.03696197813034,28.936127183069008,38.24198369562089,25.933388988654052,9.923020534611986,13.03696197813034
Frieren,178,SIGNAL4D_v6,False,39.11857709195491,10.343275544040782,12.987605229546702,27.30809096397189,36.469550771740906,24.615282222926844,10.343275544040782,12.987605229546702
Frieren,180,SIGNAL4D_v6,False,39.69886283780249,10.061669156604205,12.63621610261342,29.314850573160246,36.4340434913338,26.435129207136814,10.061669156604204,12.636216102613421
Frieren,182,SIGNAL4D_v6,False,38.23027131708654,10.242999255810235,13.025615997099306,29.76569873065609,36.745612160323866,26.705185841073757,10.242999255810236,13.025615997099308
Frieren,184,SIGNAL4D_v6,False,38.51435325311994,10.307906319077452,12.866914661257155,30.43214940374383,37.65410019645572,27.240730328126883,10.307906319077452,12.866914661257155
Frieren,186,SIGNAL4D_v6,False,36.84128604560707,10.430026322825691,12.872287735946358,27.605774185070945,35.03954378720859,24.831179923414336,10.430026322825688,12.872287735946358
Frieren,188,SIGNAL4D_v6,False,38.124874313735866,10.580433219355637,13.080555699874164,24.86392455850875,33.0549126498446,22.352933585551337,10.580433219355637,13.080555699874164
Frisch,137,SIGNAL4D_v6,False,52.773794482421145,20.97464839811805,21.365076801100177,41.14316596332301,57.108861794062186,35.754236312239996,20.974648398118045,21.365076801100173
Frisch,139,SIGNAL4D_v6,False,53.50703103813885,24.515790323299505,22.82450727318329,41.41484398419855,58.6895244694634,35.71547577792957,24.515790323299505,22.82450727318329
Frisch,141,SIGNAL4D_v6,False,53.30178121422202,19.464401993062438,22.16140088983517,41.46120713391032,60.79263129035334,35.5432185745088,19.464401993062438,22.16140088983517
Frisch,143,SIGNAL4D_v6,False,54.069301344355495,18.399176780323955,13.975125845738487,36.73663367696307,57.45994800801673,31.43563156830953,18.399176780323955,13.975125845738486
Frisch,145,SIGNAL4D_v6,False,53.449028826021966,14.452882271240345,15.146930205974613,40.43087516256639,60.775837704958015,34.56670915880869,14.45288227124034,15.146930205974613
Frisch,147,SIGNAL4D_v6,False,52.2626771304299,13.045235529957361,12.632043135075248,34.083868699241684,55.68511323913007,29.039323782212005,13.045235529957363,12.632043135075246
Frisch,149,SIGNAL4D_v6,False,40.73075895562595,11.030152747022969,10.885936135278055,25.69840147348455,42.24070898651532,21.8848180542756,11.030152747022967,10.885936135278056
Frisch,151,SIGNAL4D_v6,False,44.581818079849455,10.77017063212961,11.514192246967841,29.804029105296248,39.33250531776064,26.684887905934552,10.77017063212961,11.514192246967841
Frisch,153,SIGNAL4D_v6,False,40.759605887355406,11.420170847953711,11.250018910905492,26.93728831048639,37.453249983370625,24.498878345425265,11.420170847953711,11.250018910905492
Frisch,155,SIGNAL4D_v6,False,39.82870286325974,13.056408511281793,10.619406065086613,28.174697155147022,36.84401501857839,25.531351189288756,13.056408511281793,10.619406065086613
Frisch,157,SIGNAL4D_v6,False,52.955425747681225,13.342618585662262,10.585299335933694,43.44672546442076,38.65005882272573,41.04268859741423,13.342618585662256,10.585299335933692
Frisch,159,SIGNAL4D_v6,False,53.03676679511275,13.721049765543517,9.985302433926298,45.241046132642275,38.776412126468834,42.742438904748255,13.721049765543517,9.985302433926297
Frisch,161,SIGNAL4D_v6,False,53.14707160120753,13.27413239897113,10.0828672680319,46.20361142436371,40.40708040369282,43.619087082683954,13.27413239897113,10.0828672680319
Frisch,163,SIGNAL4D_v6,False,51.06741667686259,13.070066202790386,11.27240358591293,45.38925690163493,40.69571355160969,42.59867664895138,13.070066202790382,11.272403585912931
Frisch,165,SIGNAL4D_v6,False,48.18021086087765,12.920661094336376,10.512694092198664,39.87090620203319,36.88651184954567,37.43395468664536,12.920661094336376,10.512694092198664
Frisch,167,SIGNAL4D_v6,False,45.69122479996299,11.875770349604446,10.872398907060871,38.98123586626089,37.142773392548285,36.48378869599163,11.875770349604444,10.872398907060871
Frisch,169,SIGNAL4D_v6,False,51.33604667344495,11.212675371201705,10.672652631675268,42.379208158840235,34.770023508041206,40.3757670316114,11.212675371201705,10.672652631675273
Frisch,171,SIGNAL4D_v6,False,59.00266813433467,11.126157054882615,10.36944652274824,50.52969826693908,38.512279931362045,48.347655064365924,11.126157054882615,10.36944652274824
Frisch,173,SIGNAL4D_v6,False,52.07228934975733,10.688459010043317,10.420011963313755,44.03053119685461,38.59468039875502,41.693844388065244,10.688459010043317,10.420011963313755
Frisch,175,SIGNAL4D_v6,False,58.549398685811525,11.339074970573748,10.108672687816924,49.97851185987345,38.52234061053936,47.65185298990317,11.339074970573746,10.108672687816924
Frisch,177,SIGNAL4D_v6,False,57.98779248819988,10.980821523108794,10.013687920256025,49.18148878023489,37.521713698706286,47.03411566001524,10.980821523108796,10.013687920256023
Frisch,179,SIGNAL4D_v6,False,51.50159151874959,10.94618872767986,10.578104497327432,44.68600964611031,40.08066636604082,42.097956200979496,10.94618872767986,10.578104497327436
Frisch,181,SIGNAL4D_v6,False,49.911862835582816,11.070654473879415,10.176753252154656,43.49301233657805,39.519653797972936,40.86447295897641,11.070654473879419,10.17675325215466
Frisch,183,SIGNAL4D_v6,False,57.70812507637429,11.033517079488702,9.787655088877715,50.03126276631929,38.6671845201159,47.83267262087564,11.033517079488702,9.787655088877717
Frisch,185,SIGNAL4D_v6,False,53.837181091436065,10.816838356033225,9.97622327895712,48.330115457127825,39.23185868158921,45.97021114358174,10.816838356033227,9.976223278957118
Frisch,187,SIGNAL4D_v6,False,54.738204299942424,10.539788946140831,9.798033617297168,46.95169676477924,37.78648778699987,44.71839664825073,10.53978894614083,9.798033617297168
Froh,126,SIGNAL4D_v6,False,50.41020757811852,10.999548401148674,10.123671729354665,34.54274395923361,39.37991794976921,31.43042038480999,10.999548401148674,10.123671729354667
Froh,128,SIGNAL4D_v6,False,47.33187674635563,9.230896128354548,9.857788375615076,33.72448547158382,41.51444385145894,30.516592101727568,9.230896128354548,9.857788375615076
Froh,130,SIGNAL4D_v6,False,51.461822336883216,9.033799366488369,12.192636449734286,34.89603087614245,44.0413007996218,31.68180227332587,9.033799366488369,12.192636449734286
Froh,132,SIGNAL4D_v6,False,51.01995864102213,9.801903913251895,13.711681176039603,41.83492622982953,47.50185435452102,37.66761552529082,9.801903913251895,13.711681176039601
Froh,134,SIGNAL4D_v6,False,66.46608636120254,10.110719920701847,12.579628013326943,63.62435172574202,67.42831790360658,57.51914373034267,10.110719920701845,12.579628013326941
Froh,136,SIGNAL4D_v6,False,56.59854404515766,9.62867639254447,9.664355206596332,54.98009046512496,60.571157603332495,49.462532294263866,9.62867639254447,9.664355206596332
Froh,138,SIGNAL4D_v6,False,46.97742650975261,11.748503906577104,7.5977249821603605,40.501297554849124,48.60056600242303,36.11752299323688,11.748503906577106,7.597724982160362
Froh,140,SIGNAL4D_v6,False,43.070259885624246,10.792529374112894,8.01259943780874,34.131837079552135,42.67815143493359,30.565079393173455,10.792529374112894,8.01259943780874
Froh,142,SIGNAL4D_v6,False,51.13552872944197,10.10938653988066,7.04426702611554,43.240140687011966,48.90124013337599,39.235430589056804,10.10938653988066,7.044267026115539
Froh,144,SIGNAL4D_v6,False,42.931749963693086,10.457406345711115,7.877966750841703,32.71738341033528,41.31337516782218,29.592789108554943,10.457406345711117,7.877966750841705
Froh,146,SIGNAL4D_v6,False,42.18122779943845,10.998627775511478,7.97196866276944,27.562483140168894,38.29930453007186,24.957434610358156,10.998627775511478,7.97196866276944
Froh,148,SIGNAL4D_v6,False,46.38355554589192,9.071789913343236,8.61750068832983,29.54241819984296,36.420787518820205,27.24157927963091,9.071789913343236,8.617500688329832
Froh,150,SIGNAL4D_v6,False,45.9029632504343,11.963511953470942,12.585285574593646,30.778384477928817,37.393997467801455,27.978636633358356,11.963511953470942,12.585285574593646
Froh,152,SIGNAL4D_v6,False,49.658987634422395,7.163350993406042,13.898125500315667,34.70961339610232,40.91060301457026,31.41504173731386,7.16335099340604,13.898125500315667
Froh,154,SIGNAL4D_v6,False,54.72596133800637,8.799611267638051,15.99682223442191,42.94857730732823,46.83246169111934,39.1563883269291,8.799611267638051,15.99682223442191
Froh,156,SIGNAL4D_v6,False,46.662575336590045,8.370492362070575,15.724764402160336,34.687923654811414,46.96771248940169,31.149472015239702,8.370492362070578,15.72476440216034
Froh,158,SIGNAL4D_v6,False,49.30729672501802,10.670389451077241,13.0662531023088,40.41791157275253,53.76863945404449,35.809102258025874,10.670389451077241,13.0662531023088
Froh,160,SIGNAL4D_v6,False,51.059311299974716,11.538902027772282,9.17587417596267,45.36579616855555,50.772751451806094,40.79653358905627,11.538902027772282,9.175874175962672
Froh,162,SIGNAL4D_v6,False,47.77095119235532,10.890265768347266,7.067286374438394,39.899116484538006,40.938537108394264,36.102844977974186,10.890265768347264,7.067286374438397
Froh,164,SIGNAL4D_v6,False,56.46331844495421,9.904637786095746,7.1995415293770275,52.90995695345855,56.47381602322501,47.925077051222004,9.904637786095742,7.1995415293770275
Froh,166,SIGNAL4D_v6,False,58.76365304440302,9.23125081844886,7.427891654205263,56.43413132813209,60.31014754304714,51.21690809738919,9.23125081844886,7.427891654205265
Froh,168,SIGNAL4D_v6,False,43.43375190239421,10.545568784435531,8.008334626538042,34.04531847801345,41.93006204707,31.270155428454718,10.54556878443553,8.008334626538042
Froh,170,SIGNAL4D_v6,False,46.79992802013501,9.866189237109221,9.307314269602632,38.11972441915968,42.626933482134696,34.83339116699501,9.866189237109223,9.30731426960263
Froh,172,SIGNAL4D_v6,False,55.074417618875984,8.269960195798918,11.233270050572155,42.633670464186686,47.02193416955515,39.362641940384556,8.269960195798918,11.233270050572155
Froh,174,SIGNAL4D_v6,False,56.94952367067254,7.494052958258085,10.713708776119562,44.16594860804207,46.13573982565446,40.278413928232325,7.494052958258084,10.713708776119566
Froh,176,SIGNAL4D_v6,False,61.10193961419467,8.70283029820899,12.649103628639788,48.14961282493999,50.709881934502526,43.86909805524006,8.70283029820899,12.649103628639788
Froh,178,SIGNAL4D_v6,False,50.43759414888993,9.316929017692658,14.83646395175377,37.233270339460816,43.03455695153698,33.91895587690417,9.316929017692658,14.83646395175377
Froh,180,SIGNAL4D_v6,False,48.74756010411368,11.669953595007904,12.638586931018134,37.79081568141114,49.29353747822372,33.96377061044278,11.669953595007904,12.638586931018134
Froh,182,SIGNAL4D_v6,False,46.50658640737707,13.699183029307816,12.61113168164206,35.68911349968065,44.184360330068586,32.04396630659552,13.699183029307816,12.61113168164206
Froh,184,SIGNAL4D_v6,False,44.34765478519615,9.478051437985295,10.433326062694684,32.103751517761275,48.59273984705245,27.758983962394364,9.478051437985291,10.433326062694686
Glas,104,SIGNAL4D_v6,False,37.00412137412234,8.856331011691374,9.87643890455239,20.627393671955474,28.034920343768974,18.815073851095317,8.856331011691372,9.876438904552392
Glas,106,SIGNAL4D_v6,False,36.69143710467148,11.360340957897249,10.934056181019004,19.059006750336312,27.814431164058263,17.116626733988184,11.360340957897245,10.934056181019006
Glas,108,SIGNAL4D_v6,False,37.108268587126325,12.27088746529801,9.47321139389796,21.010421384880388,27.31419871175358,19.298374523677957,12.27088746529801,9.47321139389796
Glas,110,SIGNAL4D_v6,False,36.22114599692168,11.848056347281469,10.739204510747607,24.26280473573301,29.01658602096833,22.138086378854975,11.848056347281464,10.739204510747612
Glas,112,SIGNAL4D_v6,False,37.06766444951066,7.374465011831547,10.386842542118496,22.608491089000815,30.48307544958078,20.517220506239944,7.374465011831547,10.386842542118494
Glas,114,SIGNAL4D_v6,False,34.93137465658275,7.860157422688469,12.895855226791495,21.646926755507128,30.402542804496708,19.43607071826925,7.860157422688469,12.895855226791495
Glas,116,SIGNAL4D_v6,False,35.89909396787105,9.328114053881375,14.416217497096124,23.294986148087837,30.780858960397158,21.440907397924846,9.328114053881372,14.416217497096122
Glas,118,SIGNAL4D_v6,False,34.0321609438882,9.188960992877899,13.716331322033028,25.575521385868804,30.62758906945751,23.511037621850647,9.188960992877897,13.716331322033026
Glas,120,SIGNAL4D_v6,False,36.16580938927844,13.273396845215041,14.688467203220656,23.812299338932313,33.285404337061976,21.216042580359606,13.27339684521504,14.688467203220654
Glas,122,SIGNAL4D_v6,False,34.43693042182581,14.48566881344586,14.317243803806946,24.41377338045519,33.486003396713805,21.937749110371644,14.48566881344586,14.31724380380695
Glas,124,SIGNAL4D_v6,False,34.92524379675521,15.83085626857254,13.88044599053136,24.88426180991007,33.29917964917664,22.374476001270864,15.83085626857254,13.880445990531356
Glas,126,SIGNAL4D_v6,False,36.307557833279674,12.367161200369866,14.554607382597242,26.97910894861077,36.84463499137602,24.12023655491243,12.367161200369864,14.554607382597244
Glas,128,SIGNAL4D_v6,False,36.839454048949975,12.122332928655128,14.530127843262658,26.889019262557706,36.27957762243671,24.084840473828752,12.122332928655126,14.530127843262658
Glas,130,SIGNAL4D_v6,False,34.423993257677395,14.670482760523756,15.421656088689797,25.422603947962294,33.67380083891621,23.278146812502992,14.67048276052376,15.421656088689797
Glas,132,SIGNAL4D_v6,False,33.86730069199464,14.078574599765705,14.572850704875691,24.07004445134301,32.8336769919586,21.836602853759256,14.078574599765705,14.572850704875693
Glas,134,SIGNAL4D_v6,False,37.600731722585685,13.519279997050214,15.22563007733773,25.569499857646335,37.47965405564288,22.62392651961132,13.519279997050214,15.225630077337732
Glas,136,SIGNAL4D_v6,False,37.956830645532385,12.352461376546081,14.62683062962936,23.35600503308936,34.153303715363734,20.610409466098986,12.352461376546081,14.626830629629357
Glas,138,SIGNAL4D_v6,False,34.94468708125987,15.004108478319692,15.081140728439523,21.91353371849547,31.529079705296343,19.423962861310553,15.004108478319692,15.081140728439522
IdiomPffIgnorieren,122,SIGNAL4D_v6,False,43.730277167485035,15.880911250811765,13.210608123271548,22.751905771584422,35.71106157789702,19.664452740615193,15.880911250811765,13.210608123271546
IdiomPffIgnorieren,124,SIGNAL4D_v6,False,43.984402873825374,10.627453545396829,11.548648569009993,23.446427966386782,37.212292276924046,20.10357135783478,10.627453545396827,11.548648569009993
IdiomPffIgnorieren,126,SIGNAL4D_v6,False,45.75935391605306,9.88430571766351,11.388216735962766,21.598894798121815,33.7867845018315,18.612506215653582,9.884305717663512,11.388216735962766
IdiomPffIgnorieren,128,SIGNAL4D_v6,False,48.00547883063165,11.253791004563258,12.555279432787023,19.487323812790134,30.45205787012047,16.72841368516298,11.253791004563258,12.555279432787017
IdiomPffIgnorieren,130,SIGNAL4D_v6,False,50.059509456119414,11.941982818500197,12.789880660845553,20.756045884422523,32.72077737379266,17.739275127022694,11.941982818500197,12.78988066084555
IdiomPffIgnorieren,132,SIGNAL4D_v6,False,48.87521261752336,14.054550072372662,11.720682181747868,21.88376239628064,33.96255602413321,18.739655527936403,14.05455007237266,11.720682181747868
IdiomPffIgnorieren,134,SIGNAL4D_v6,False,54.277841476540885,14.068374792858855,11.886013426728312,21.35317990099265,33.91136288886608,18.19264789801241,14.068374792858855,11.886013426728312
IdiomPffIgnorieren,136,SIGNAL4D_v6,False,52.313712322018574,14.152779241297152,12.491125602349678,19.966326092245477,31.870728624537367,17.091168112868424,14.15277924129715,12.491125602349682
IdiomPffIgnorieren,138,SIGNAL4D_v6,False,49.01280307076682,13.697717489807927,13.100717503629857,20.305588896470443,32.231523531412364,17.415002651047374,13.697717489807928,13.100717503629857
IdiomPffIgnorieren,140,SIGNAL4D_v6,False,47.97394012555963,13.9626529860943,13.116581460294015,21.29980614812642,33.71938972494136,18.351763847844374,13.962652986094302,13.116581460294018
IdiomPffIgnorieren,142,SIGNAL4D_v6,False,45.49565351718486,14.03878467135427,13.268291378109758,20.653113799151807,32.35717763925712,17.867550473923004,14.038784671354271,13.268291378109764
IdiomPffIgnorieren,144,SIGNAL4D_v6,False,46.40655316604317,13.95827594517408,14.13815959025594,20.956792955276814,32.970145728197835,18.077125080291296,13.958275945174076,14.138159590255936
IdiomPffIgnorieren,146,SIGNAL4D_v6,False,47.06311629504419,13.589081615720763,14.737142972111172,21.489516339855005,33.586505470592,18.457745366240502,13.589081615720763,14.737142972111176
IdiomPffIgnorieren,148,SIGNAL4D_v6,False,46.17219704211891,13.789048743219963,13.604160231746159,19.91668948651359,32.14459053805634,17.06055934782722,13.789048743219968,13.604160231746159
IdiomPffIgnorieren,150,SIGNAL4D_v6,False,46.1230618014354,13.746581202425391,13.140164620438766,22.868659792264655,34.694062888226036,19.63401660352092,13.746581202425391,13.140164620438766
IdiomPffIgnorieren,152,SIGNAL4D_v6,False,45.544272357678636,12.626374267983076,13.059792322155213,19.566411761967213,30.902915084557407,16.89372928732913,12.626374267983078,13.059792322155213
Jahr,162,SIGNAL4D_v6,True,32.79555286834454,,18.043302302127188,24.689967419701922,35.110792790547,21.324613243458277,,18.043302302127188
Jahr,164,SIGNAL4D_v6,True,39.69746716047664,,17.57934853463466,30.526599326595793,40.558784753645284,26.942871034697703,,17.579348534634658
Jahr,166,SIGNAL4D_v6,True,42.52887865024981,,15.841721582028612,32.87965804593719,46.50378831971273,28.891922228869372,,15.841721582028608
Jahr,168,SIGNAL4D_v6,True,38.601754036972494,,15.200738168662493,33.77326029525695,46.976851635510805,29.35177919607053,,15.200738168662491
Jahr,170,SIGNAL4D_v6,True,52.994030996612246,,21.042181395062908,58.74090020031833,76.42036127466733,51.35229242652912,,21.04218139506291
Jahr,172,SIGNAL4D_v6,True,53.69895750992651,,19.552531253026704,57.79030185685266,76.92002669471363,50.459116991806226,,19.552531253026704
Jahr,174,SIGNAL4D_v6,True,49.16794448604748,,18.968653760221386,53.091946505511025,71.10902412788573,46.15620508667528,,18.968653760221386
Jahr,176,SIGNAL4D_v6,True,41.75478206681618,,18.806516223342275,43.70408234362473,56.92590914773358,38.168305515323944,,18.806516223342275
Jahr,178,SIGNAL4D_v6,True,39.290617323266694,,19.54625019780019,34.62457323728206,48.878749786504656,30.091589682098363,,19.546250197800195
Jahr,180,SIGNAL4D_v6,True,34.87024739796239,,10.850722003210464,29.333572263036064,46.71152301724339,25.193111592807256,,10.850722003210468
Jahr,182,SIGNAL4D_v6,True,37.34622337958098,,9.744662775807,26.81011552946437,42.84986059318133,23.078880607053648,,9.744662775807004
Jahr,184,SIGNAL4D_v6,True,39.89929102061225,,10.558224993523588,27.733415126439372,44.83219825655065,23.593447774035706,,10.558224993523584
Jahr,186,SIGNAL4D_v6,True,35.06042944678263,,9.336487508248032,24.27090888386175,39.15270297888208,20.972384768082016,,9.336487508248034
Jahr,188,SIGNAL4D_v6,True,37.978573085318715,,9.850771949443182,25.87132850244768,39.69896256250341,22.76285727752448,,9.85077194944318
Jahr,190,SIGNAL4D_v6,True,38.09313607522489,,10.97676001185388,27.991090624515063,45.17236923939497,24.450336873546092,,10.97676001185388
Jahr,192,SIGNAL4D_v6,True,32.004435947629695,,9.489510452187783,24.396170743960166,39.44487643319927,21.184830988580366,,9.489510452187783
Jahr,194,SIGNAL4D_v6,True,30.54875398371292,,13.058620971575166,23.705852111825713,37.58193071048509,20.27573604176551,,13.058620971575166
Jahr,196,SIGNAL4D_v6,True,41.87257114478518,,13.262471848186257,34.616085270664954,39.95248760489769,31.081323418020006,,13.262471848186259
Jahr,198,SIGNAL4D_v6,True,73.82628321163476,,11.818042029809842,66.77763535521797,38.55458250458903,67.13225723747001,,11.818042029809838
Jahr,200,SIGNAL4D_v6,True,27.4755133558731,,9.920559612646063,22.373964804981718,33.79381519323514,19.49476424497424,,9.920559612646063
Jahr,202,SIGNAL4D_v6,True,30.297377150033302,,11.100591280908832,25.05757165745921,39.631154830888654,21.384449499452664,,11.100591280908834
Jahr,204,SIGNAL4D_v6,True,31.47078035908328,,10.90574712780089,27.63533602011333,44.590468282252694,23.568248200893798,,10.90574712780089
Jahr,206,SIGNAL4D_v6,True,32.531805068652666,,9.779476309793736,27.663946647597147,44.39129625871938,23.27998788706234,,9.779476309793738
Jahr,208,SIGNAL4D_v6,True,35.17549184321799,,10.081264688262362,30.2135863355115,48.07678546789244,25.620681527921338,,10.08126468826236
Jahr,210,SIGNAL4D_v6,True,34.9820353850565,,9.867558962418828,31.37492911656465,50.76013127793629,26.37479005722873,,9.867558962418828
Jahr,212,SIGNAL4D_v6,True,31.72413678255484,,9.925504295819232,25.132272976072883,39.60834342267873,21.21221768398728,,9.92550429581923
Jahr,214,SIGNAL4D_v6,True,35.82409133047353,,10.234555149776106,29.436207945317857,45.52814631761389,25.136316237325197,,10.234555149776106
Jahr,216,SIGNAL4D_v6,True,36.036418142514535,,11.733203481210088,30.035381394755227,45.16304868018801,25.650203284304965,,11.733203481210083
Jahr,218,SIGNAL4D_v6,True,38.38173490882451,,11.72960765976861,31.13043058759745,48.67847607824995,26.513827149929217,,11.72960765976861
Jahr,220,SIGNAL4D_v6,True,35.06465270188462,,12.708930388968149,28.830144983290435,40.931105283466735,25.008928955008205,,12.708930388968149
Jahr,222,SIGNAL4D_v6,True,36.5420380315551,,12.614002157972529,30.318879212773545,40.291943340090626,26.479703344176972,,12.614002157972534
Jahr,224,SIGNAL4D_v6,True,35.68952648129454,,15.586651297430366,27.702079274771233,38.1114332245549,24.08149768819465,,15.586651297430368
Jahr,226,SIGNAL4D_v6,True,39.735366103002875,,14.659323738041502,28.906932548135497,41.901560021202464,24.98877189519244,,14.659323738041502
Jahr,228,SIGNAL4D_v6,True,34.69769109052143,,15.903586242871093,31.519964141588023,44.0723376566386,27.099450934540215,,15.903586242871093
Jahr,230,SIGNAL4D_v6,True,32.8016336035943,,16.797834340049565,31.117722767671964,44.77487088627814,26.44754472191008,,16.797834340049565
Jahr,232,SIGNAL4D_v6,True,38.87495768168987,,13.428648628509768,29.602387411361025,41.809620957627466,25.68455277448009,,13.428648628509764
Jahr,234,SIGNAL4D_v6,True,37.48527137835323,,13.426017191546402,29.313414555025535,41.246728344372166,25.512974162971933,,13.426017191546402
Jahr,236,SIGNAL4D_v6,True,38.63686186416586,,13.494355681305855,30.510446835302446,42.9782248259923,26.543739828154592,,13.494355681305855
Jahr,238,SIGNAL4D_v6,True,40.01496246780422,,13.52938812237291,31.918572624112574,45.62602015209264,27.775422563740886,,13.52938812237291
Jahr,240,SIGNAL4D_v6,True,36.49410526751245,,14.444788142392689,30.478547488035098,44.57204675489986,26.222211058096313,,14.444788142392689
Klar,122,SIGNAL4D_v6,True,41.54054730042996,,12.696840660971047,30.8745620149331,42.787476088953234,27.189259243918027,,12.696840660971041
Klar,124,SIGNAL4D_v6,True,39.47842453413609,,12.349664230855963,33.011139439309744,43.28539176649902,29.203394509742544,,12.349664230855964
Klar,126,SIGNAL4D_v6,True,46.71695300877539,,17.492924579982144,39.84213660093935,49.45448475827359,35.35188504702549,,17.492924579982144
Klar,128,SIGNAL4D_v6,True,45.335555124906485,,15.078103888913388,38.27442871483029,46.04902866197446,33.870711373938526,,15.07810388891339
Klar,130,SIGNAL4D_v6,True,45.22970647225622,,11.519564474356402,37.583528363320355,46.68436917689621,33.050072134853295,,11.5195644743564
Klar,132,SIGNAL4D_v6,True,45.1129157345403,,15.437423616163116,40.17554286000917,51.31887049792769,35.30686868999242,,15.437423616163116
Klar,134,SIGNAL4D_v6,True,43.248121729386675,,15.913654302743065,39.13674529240752,53.141676190989955,34.18325425827983,,15.913654302743069
Klar,136,SIGNAL4D_v6,True,43.55636825009339,,19.000826948803418,40.10671608914497,57.56487285465177,34.6312995137323,,19.000826948803425
Klar,138,SIGNAL4D_v6,True,42.00445375119613,,12.100685443614205,37.77313555766927,51.964229669789106,32.91141005914922,,12.100685443614205
Klar,140,SIGNAL4D_v6,True,42.751982869641175,,9.510318503581527,37.35901300562292,50.76540682633441,32.47065304797815,,9.510318503581527
Klar,142,SIGNAL4D_v6,True,43.761757273266504,,10.234911065417998,38.33215069228833,52.70391171873518,33.24537062266736,,10.234911065417998
Klar,144,SIGNAL4D_v6,True,41.602610304736565,,10.031758439959187,35.85280077506766,50.29892115562371,31.267351374016545,,10.03175843995919
Klar,146,SIGNAL4D_v6,True,40.969400916497726,,9.968151523676907,34.693267109589314,47.6879952054287,30.55013016986218,,9.968151523676905
Klar,148,SIGNAL4D_v6,True,41.77450088843014,,9.716938126489275,33.564715811334516,49.7457624972711,29.116463898664144,,9.716938126489277
Klar,150,SIGNAL4D_v6,True,37.56171311038973,,10.08546061401557,29.87968936560329,45.04929077649079,25.94268806675122,,10.08546061401557
Klar,152,SIGNAL4D_v6,True,38.52146309087138,,9.790187285038797,30.65806168419488,45.02104078720973,26.704646387474046,,9.790187285038796
Kochen,135,SIGNAL4D_v6,False,35.26941345638761,8.861646363656703,13.745510797254639,21.657774225067634,31.893590419507845,19.303603598430776,8.861646363656705,13.745510797254639
Kochen,137,SIGNAL4D_v6,False,35.49980354236616,7.745463728172226,16.108317053962086,21.58073582076533,31.88666439965024,19.208622647574053,7.745463728172226,16.108317053962086
Kochen,139,SIGNAL4D_v6,False,35.29040963736879,8.163776758390197,16.584687177051357,25.05889424109377,33.77966154080043,22.336441518683547,8.163776758390197,16.584687177051357
Kochen,141,SIGNAL4D_v6,False,35.69374917229457,8.2977053716752,16.99553897233812,26.19224914991261,36.02661360637668,23.140125742254735,8.2977053716752,16.995538972338117
Kochen,143,SIGNAL4D_v6,False,36.83594896627052,9.144345914072014,18.111563180716743,25.025375207272397,37.17976616928449,22.180309318674233,9.144345914072012,18.111563180716743
Kochen,145,SIGNAL4D_v6,False,38.24503792538054,10.133460447472336,18.483017921361206,30.66139848470528,43.258955243448064,26.82434763855752,10.133460447472336,18.48301792136121
Kochen,147,SIGNAL4D_v6,False,38.002144473926265,14.51808835000572,17.747283738698652,27.258185691183858,44.150418107748976,23.691653872784208,14.518088350005717,17.74728373869865
Kochen,149,SIGNAL4D_v6,False,39.8318042762449,9.919606582537602,16.971152378005126,24.543992418765374,38.45934233373716,21.788708812731358,9.919606582537604,16.97115237800513
Kochen,151,SIGNAL4D_v6,False,40.44738867809535,15.46485677283853,15.616956234194243,26.106900561872273,38.66389542243042,23.03252603953464,15.46485677283853,15.616956234194243
Kochen,153,SIGNAL4D_v6,False,40.692921021275346,8.225605504126035,16.32189115214498,25.56171791085112,37.16820943688678,22.62574602867636,8.225605504126039,16.321891152144982
Kochen,155,SIGNAL4D_v6,False,46.26097320327288,11.207061086967467,16.815003931141916,37.384556853956944,60.018495869246394,32.010163577259746,11.207061086967467,16.815003931141916
Kochen,157,SIGNAL4D_v6,False,39.21405030193521,15.740508250183531,15.530721319789585,23.90511410411717,35.332538341499166,21.124505160573815,15.740508250183531,15.530721319789585
Kochen,159,SIGNAL4D_v6,False,36.31759193247215,10.353330359931936,13.957442799198395,21.277773168838852,30.518664080319546,18.841126185691454,10.353330359931936,13.957442799198393
Kochen,161,SIGNAL4D_v6,False,33.823397274595834,13.765011721901834,12.931858894275862,19.0261188026589,28.14902484043014,16.938444642105978,13.765011721901836,12.931858894275862
Kochen,163,SIGNAL4D_v6,False,36.52037803340206,15.921377021424588,13.224239963562958,17.898833565631882,26.99986476355289,15.825220941048771,15.921377021424588,13.224239963562958
Kochen,165,SIGNAL4D_v6,False,37.72670637109128,8.121995285863656,14.061038278656778,18.849413393449097,27.962016113550558,16.79952150872281,8.121995285863658,14.061038278656778
Kochen,167,SIGNAL4D_v6,False,37.54688781251279,7.583508568932473,14.686909766880877,19.187488816293474,27.265913510330016,17.420959946132715,7.583508568932473,14.686909766880877
Kochen,169,SIGNAL4D_v6,False,33.61609289093195,8.285316860245834,15.622113119875733,19.095698130608536,27.370191606866214,17.188356194932485,8.285316860245835,15.622113119875733
Kochen,171,SIGNAL4D_v6,False,32.88750834318928,9.045343147745267,16.324729184555867,19.905442777552643,28.73771082936293,17.67558839728511,9.045343147745267,16.324729184555867
Kochen,173,SIGNAL4D_v6,False,32.54521518522652,8.542468709977333,17.238127629252602,22.266562616559803,31.67589333058507,19.706644490764337,8.542468709977335,17.238127629252602
Kochen,175,SIGNAL4D_v6,False,35.36404425039817,8.216052834001603,17.36924082541306,22.038200009385527,33.03800295849989,19.346853072835493,8.216052834001601,17.36924082541306
Kochen,177,SIGNAL4D_v6,False,37.214767380710285,8.32970457295332,16.374121291564315,21.73476494604234,32.358423971027854,19.22673848360536,8.329704572953322,16.37412129156431
Kochen,179,SIGNAL4D_v6,False,34.64594160992939,9.209483074935616,16.538613946072857,25.402135089390114,36.644371327507876,22.34513217583224,9.209483074935614,16.538613946072857
Kochen,181,SIGNAL4D_v6,False,40.96687243994657,9.091969607204597,17.32956557945828,23.319518151530964,35.31810894189436,20.364857822231,9.091969607204597,17.329565579458283
Kochen,183,SIGNAL4D_v6,False,42.604887672410044,8.326160765963774,16.013345279239864,24.974005639408162,36.68091174579237,21.847420851544296,8.326160765963772,16.013345279239864
Kochen,185,SIGNAL4D_v6,False,42.059165051052666,9.52856482937384,14.72942914829392,22.478270356988343,33.88524901431803,19.661515030404974,9.528564829373838,14.72942914829392
Kochen,187,SIGNAL4D_v6,False,40.68917586960872,13.727082459936174,14.586030713126357,23.629735874965018,35.792011489810356,20.658982494852317,13.727082459936172,14.586030713126357
Kochen,189,SIGNAL4D_v6,False,39.47432484504749,9.853894798918601,13.649268888936113,20.16710919888421,29.47595071947375,17.71447613318363,9.853894798918603,13.649268888936115
Kochen,191,SIGNAL4D_v6,False,36.57978559648989,15.191196212299696,13.822155424185421,18.7111898099163,28.529805599098953,16.317343011035593,15.191196212299698,13.822155424185421
Kochen,193,SIGNAL4D_v6,False,36.767864655804345,16.125152601509186,14.018711868289834,18.001883487147936,26.419984630975037,15.903386421154963,16.12515260150919,14.018711868289829
Kochen,195,SIGNAL4D_v6,False,36.170360753531895,9.420007180256183,13.384482968541759,18.054915125389684,27.0394768201485,15.769246006102907,9.420007180256183,13.384482968541759
Kochen,197,SIGNAL4D_v6,False,35.162733450420355,13.016428241826782,13.926724241986339,17.463918614608776,26.39582943571286,15.277739967488644,13.01642824182678,13.926724241986339
Kochen,199,SIGNAL4D_v6,False,32.43847289151,8.353417019815755,14.323064558476762,18.790080801673213,28.429628252672803,16.54210342630414,8.353417019815755,14.323064558476764
Kochen,201,SIGNAL4D_v6,False,36.772645085116146,9.923865543978467,15.026110153406988,19.356553705562714,29.243970721456865,16.966383147196947,9.923865543978467,15.026110153406988
Kochen,203,SIGNAL4D_v6,False,34.15756618619493,10.009073224484013,15.60002135266696,20.017167478492237,30.364365214661532,17.538214698556573,10.009073224484013,15.60002135266696
Kochen,205,SIGNAL4D_v6,False,35.13918013770117,9.952700281199933,15.736852638417158,20.578803419375216,31.48602749553854,18.01263353461648,9.952700281199933,15.736852638417158
Kochen,207,SIGNAL4D_v6,False,33.47976976060566,13.991037189270383,16.527658562662253,20.296540408632275,31.15568650489781,17.735892616288655,13.991037189270383,16.527658562662253
Kochen,209,SIGNAL4D_v6,False,39.163928368329984,10.140384072708738,16.003963780670432,21.280780284441956,32.58412754909418,18.778912508210873,10.14038407270874,16.003963780670432
Kochen,211,SIGNAL4D_v6,False,34.05298309977523,11.81615480686405,15.25562490372765,22.069418995971677,33.26860873851133,19.319815733186676,11.81615480686405,15.255624903727655
Kochen,213,SIGNAL4D_v6,False,41.17660967947913,12.597624899847,15.884540564301137,23.807560054376882,35.20349923150881,20.891001026259865,12.597624899846998,15.884540564301137
Kochen,215,SIGNAL4D_v6,False,39.52671821791409,12.04451960263003,15.10366762095996,21.908157544582473,33.298659716572544,19.27995521281749,12.04451960263003,15.10366762095996
Kochen,217,SIGNAL4D_v6,False,38.544875243932886,13.259847975887418,15.750897526302131,22.27858129333604,32.55328704799481,19.800760722368533,13.259847975887418,15.750897526302131
Kochen,219,SIGNAL4D_v6,False,39.66483111336589,11.14856715737571,15.426815986880138,22.295093229775723,32.076322296478395,19.830586874213825,11.148567157375714,15.426815986880138
Kochen,221,SIGNAL4D_v6,False,49.29948651799439,8.779728121713372,15.265582233790383,39.06429898964029,65.26764925949553,33.50768957085849,8.779728121713376,15.265582233790383
Kochen,223,SIGNAL4D_v6,False,53.08161098733148,9.137356127857604,15.369565948054019,39.5043612011518,65.62212378043664,33.75069948489368,9.137356127857606,15.369565948054017
Kochen,225,SIGNAL4D_v6,False,51.41459487387416,8.660582384910978,15.153043662664412,40.58682323152696,67.2343814761345,34.924546228838594,8.660582384910978,15.153043662664412
Lesen,153,SIGNAL4D_v6,False,38.96697305308425,8.986103920554326,10.450492567029817,27.86155255264028,46.19425445583598,23.492555013895355,8.986103920554328,10.450492567029817
Lesen,155,SIGNAL4D_v6,False,38.0357487992103,10.912770737900763,10.547661324031841,28.09924902004933,45.03241961009427,23.85257226990351,10.912770737900765,10.547661324031841
Lesen,157,SIGNAL4D_v6,False,44.99667076122955,10.005026792553773,10.569098066309234,27.904018022376345,46.72650805456825,23.528503536172295,10.005026792553775,10.569098066309234
Lesen,159,SIGNAL4D_v6,False,40.111256245064716,10.442131765281845,9.87340914006533,31.28771118768766,47.617484840964096,26.74372459792686,10.442131765281845,9.87340914006533
Lesen,161,SIGNAL4D_v6,False,40.03020043364207,11.334375334631162,10.139571348197865,25.25407870481891,40.289892888361855,21.417290949723647,11.334375334631162,10.139571348197865
Lesen,163,SIGNAL4D_v6,False,40.77071051787917,10.151577748101712,10.287730732574591,29.90205457380182,44.04682329225992,25.840589976304422,10.151577748101712,10.287730732574586
Lesen,165,SIGNAL4D_v6,False,40.05248453362774,10.100594415166176,10.830949736354434,29.03183789100929,42.74010720823532,25.17900280825666,10.100594415166178,10.830949736354434
Lesen,167,SIGNAL4D_v6,False,39.37123328473547,11.815325190681573,10.75359125330053,29.5572867818767,42.89234382878346,25.646765575296325,11.815325190681571,10.753591253300527
Lesen,169,SIGNAL4D_v6,False,40.03190942936151,8.540478274249516,11.403728901477104,31.20136795813328,48.12644178923373,26.739464042468207,8.540478274249518,11.403728901477104
Lesen,171,SIGNAL4D_v6,False,43.480478614571176,10.022430983598605,9.88355756930914,29.30263130980336,46.78998540219514,25.028350290912766,10.022430983598605,9.88355756930914
Lesen,173,SIGNAL4D_v6,False,44.970992681393234,8.676734338522863,10.250618284333443,26.08135102568668,42.88808519128776,22.13097993001981,8.676734338522863,10.250618284333441
Lesen,175,SIGNAL4D_v6,False,45.00504520488471,9.463282595462832,9.557101193638049,26.82340944526343,42.06040092237724,22.821784771252933,9.463282595462832,9.557101193638049
Lesen,177,SIGNAL4D_v6,False,42.31604876863167,9.677758664732977,9.87312514320177,27.205755372629056,42.75678864134147,23.462189942167793,9.677758664732977,9.87312514320177
Lesen,179,SIGNAL4D_v6,False,41.68401967550546,10.140062631619372,11.201852973596552,26.158220374692103,41.092214011607204,22.730734219293392,10.140062631619369,11.201852973596553
Lesen,181,SIGNAL4D_v6,False,40.23632777952238,9.945268848595148,10.672810715425543,30.798250165829614,44.13100551544019,26.79789120454274,9.94526884859515,10.672810715425545
Lesen,183,SIGNAL4D_v6,False,42.80608082993553,11.93623671206134,12.811674743426895,30.474253201583707,45.68221333150974,26.427870766362144,11.936236712061337,12.811674743426892
Lesen,185,SIGNAL4D_v6,False,45.12022728059855,9.891717256278254,11.048067985185908,29.005726152663748,47.04967031558684,24.92871261122959,9.89171725627825,11.048067985185908
Lesen,187,SIGNAL4D_v6,False,44.327565292371666,8.087437469871148,10.046808285391634,31.215495999508224,49.72512608603187,26.810285287399957,8.087437469871148,10.046808285391634
Lesen,189,SIGNAL4D_v6,False,43.326205338351784,8.786583270311745,10.231929829558338,29.53286347791624,44.277406234659296,25.56032128236663,8.786583270311745,10.23192982955834
Lesen,191,SIGNAL4D_v6,False,44.44278742795114,10.213672666863705,9.716729833061944,30.00037591441849,44.37511798009327,26.114771311567186,10.213672666863705,9.716729833061944
Lesen,193,SIGNAL4D_v6,False,42.52766565541749,10.605618521394302,9.985744077958039,28.362239858752847,45.30310497412995,24.121785267757296,10.605618521394302,9.98574407795804
Lesen,195,SIGNAL4D_v6,False,43.36024435149875,8.554911101566406,10.536205797181607,25.522431513367838,40.00416599068424,22.17315971282291,8.554911101566402,10.536205797181607
Lesen,197,SIGNAL4D_v6,False,45.242719431414706,10.52595810547917,11.873862308849914,29.596910569651918,48.033287186165715,25.41057398485647,10.52595810547917,11.873862308849914
Lesen,199,SIGNAL4D_v6,False,43.709399708143344,9.979232665137971,12.894377717395832,27.972171505057588,45.37209518272715,23.843639539965043,9.979232665137971,12.894377717395834
Lesen,201,SIGNAL4D_v6,False,42.14355665748181,8.011451614246113,13.297555090411151,27.045926425296646,44.498902647487014,23.250591411458725,8.011451614246113,13.297555090411151
Lesen,203,SIGNAL4D_v6,False,43.87755697734526,11.093805338281351,12.942806839910714,29.28950266940578,47.41145302697472,25.144039384521683,11.093805338281351,12.942806839910716
Lesen,205,SIGNAL4D_v6,False,41.730094643737054,8.976868698818452,11.644135997664907,27.74452446427996,46.40379455058521,23.685312845623276,8.976868698818453,11.644135997664907
Lesen,207,SIGNAL4D_v6,False,45.151156713002656,7.14983094590402,11.910339099672157,32.02247215291813,52.00044802853582,27.245596405607078,7.149830945904019,11.910339099672157
Lesen,209,SIGNAL4D_v6,False,43.84860600436642,7.865558629284201,13.122251625772778,29.481980119661824,48.28838885784684,25.33984275571509,7.865558629284197,13.122251625772778
Lesen,211,SIGNAL4D_v6,False,45.337791525477044,8.436283490234727,13.676981652318778,32.575112807073616,53.41917175130797,27.985370398322925,8.436283490234727,13.676981652318775
Lesen,213,SIGNAL4D_v6,False,42.841770507860666,8.045187253121846,12.777457924733172,29.303596742690765,48.3992092443572,25.262190248727812,8.045187253121847,12.77745792473317
LiebBitte,142,SIGNAL4D_v6,True,53.88498288556934,,11.924363221259837,52.70191878375408,66.85032233519387,46.47087360729171,,11.924363221259837
LiebBitte,144,SIGNAL4D_v6,True,53.42935805717669,,12.574411751236612,51.09016911361649,64.07564841758699,45.03728092424672,,12.574411751236612
LiebBitte,146,SIGNAL4D_v6,True,53.80021531503514,,12.911703027227098,50.78520829521874,63.70614959015975,44.86848390580942,,12.911703027227098
LiebBitte,148,SIGNAL4D_v6,True,56.7445975214537,,13.29963639542737,54.28130099990551,68.51670680728809,47.940080044718016,,13.29963639542737
LiebBitte,150,SIGNAL4D_v6,True,55.99893743159348,,16.18196269820283,53.15718505119345,66.72566085835743,46.836757370563745,,16.18196269820283
LiebBitte,152,SIGNAL4D_v6,True,52.859151202458335,,13.102457337500159,47.09108959647155,56.09810372973786,41.84164138287012,,13.102457337500159
LiebBitte,154,SIGNAL4D_v6,True,56.49212925431451,,12.678841427136529,48.5292453800551,57.022463097599264,43.49251649410727,,12.678841427136529
LiebBitte,156,SIGNAL4D_v6,True,53.39088934493692,,14.549770174515235,45.19546389788955,55.90568497739216,40.11344493129335,,14.549770174515235
LiebBitte,158,SIGNAL4D_v6,True,51.140773086582605,,14.572459589129817,43.455777915912144,53.694304721813786,38.4702466808539,,14.57245958912982
LiebBitte,160,SIGNAL4D_v6,True,52.550308927897504,,14.284979410135728,43.4602394178536,50.55026904300855,38.698948385481366,,14.284979410135728
LiebBitte,162,SIGNAL4D_v6,True,48.21947240387507,,14.477594310382685,41.48258263910463,51.28316116753161,36.58836947672084,,14.477594310382681
LiebBitte,164,SIGNAL4D_v6,True,52.49942026476006,,14.189483555491762,45.338315576480625,54.93884697512002,40.027861009477405,,14.189483555491764
LiebBitte,166,SIGNAL4D_v6,True,50.38163707904594,,14.717325027624419,43.43678029259745,54.90143599552287,38.20559288849138,,14.717325027624419
LiebBitte,168,SIGNAL4D_v6,True,55.24132799629102,,14.258627168382036,48.348032934397686,61.94895050320565,42.4306997882128,,14.258627168382034
Luegen,115,SIGNAL4D_v6,True,41.35158925794633,,15.23507892960227,31.91162790283717,45.84875243202117,27.986115136633295,,15.23507892960227
Luegen,117,SIGNAL4D_v6,True,44.64463912155809,,15.710590784324696,34.565606882168645,48.458800516539924,30.705259049571275,,15.710590784324696
Luegen,119,SIGNAL4D_v6,True,47.7697802766716,,14.37249076599354,39.89952049127795,51.267738479284276,35.365990643225864,,14.372490765993536
Luegen,121,SIGNAL4D_v6,True,53.4586281052054,,14.309406636991632,44.29495914898914,53.64844316827626,39.527350706513495,,14.309406636991632
Luegen,123,SIGNAL4D_v6,True,54.24747158378942,,12.479068138921262,45.073457503211216,56.04066974731597,39.96909235721195,,12.47906813892126
Luegen,125,SIGNAL4D_v6,True,42.466262441368784,,13.154183893330123,34.63623671989761,51.22923514444858,30.55835697479892,,13.154183893330123
Luegen,127,SIGNAL4D_v6,True,42.68897312029719,,11.311297403511043,32.50481691518587,45.65702015439394,28.99043992636308,,11.311297403511043
Luegen,129,SIGNAL4D_v6,True,40.08155132876455,,10.953816762517953,30.224967199588892,42.85613368736046,26.85860192605527,,10.953816762517954
Luegen,131,SIGNAL4D_v6,True,42.91605825258701,,12.467905501127282,31.86733970975008,44.3081668240748,28.162971931333363,,12.46790550112728
Luegen,133,SIGNAL4D_v6,True,52.398093292548786,,13.228237219297181,42.26502931697729,49.639783437180334,37.817193834265964,,13.228237219297181
Luegen,135,SIGNAL4D_v6,True,47.69910407541565,,14.291357127828215,39.89668008200994,50.68343717479676,35.37441991915162,,14.291357127828213
Luegen,137,SIGNAL4D_v6,True,50.28750099355159,,14.816175564671857,43.29908207296389,54.96913615458659,38.469803806462565,,14.816175564671857
Luegen,139,SIGNAL4D_v6,True,52.11014199501752,,15.529822129898868,42.19727249103355,53.45118565451069,37.623129830197,,15.529822129898868
Luegen,141,SIGNAL4D_v6,True,62.38485201898808,,14.39865372033875,51.525562904539065,58.853856515943775,46.00524211630665,,14.398653720338752
Luegen,143,SIGNAL4D_v6,True,49.71898557940134,,12.334803828490456,42.401322035610036,56.63778316930552,37.432944881217786,,12.334803828490456
Luegen,145,SIGNAL4D_v6,True,40.981477100379045,,11.253239273894053,33.73547805286917,45.40123746621541,30.000584031007918,,11.253239273894055
Luegen,147,SIGNAL4D_v6,True,34.49636924993927,,10.971790656590052,28.0938126742782,39.38646554209612,24.91100335020574,,10.97179065659005
Muell,116,SIGNAL4D_v6,True,43.922018433877895,,11.492968903800064,26.354478972492384,39.2812811301468,23.372873517589117,,11.492968903800069
Muell,118,SIGNAL4D_v6,True,41.09409755334986,,11.368620811363412,25.272169530663245,35.74942440038015,22.36843525718326,,11.368620811363412
Muell,120,SIGNAL4D_v6,True,39.773026496657074,,11.387691404532376,23.626838111353095,32.67129664774667,20.904791399015124,,11.387691404532378
Muell,122,SIGNAL4D_v6,True,46.2672134557079,,11.629973303170061,29.47119375079397,39.05266702681438,26.3498783611194,,11.62997330317006
Muell,124,SIGNAL4D_v6,True,41.05870203776656,,11.514497805043277,26.76387626709607,37.9569124047523,23.54917620880273,,11.514497805043277
Muell,126,SIGNAL4D_v6,True,54.16371389468955,,11.979218654267319,35.15549467811439,53.67487872311117,30.77532086834601,,11.97921865426732
Muell,128,SIGNAL4D_v6,True,46.688627911473326,,9.70492598716262,29.882965521171297,47.03058377641054,25.984711433251725,,9.704925987162623
Muell,130,SIGNAL4D_v6,True,47.86043599646347,,14.465289930815874,33.79009063589726,51.90802968035449,29.412346469961673,,14.465289930815874
Muell,132,SIGNAL4D_v6,True,45.81810979487105,,13.530150905396571,30.052731952474776,44.01050951809595,26.902592344160965,,13.530150905396571
Muell,134,SIGNAL4D_v6,True,40.50265153636754,,12.594490612479888,27.789643334431776,39.903005440723334,24.837983389546075,,12.594490612479888
Muell,136,SIGNAL4D_v6,True,37.923609014957236,,14.47958301478284,28.79889379585991,40.11644252810273,26.20931088202066,,14.479583014782841
Muell,138,SIGNAL4D_v6,True,45.19179330422808,,17.58256868115477,30.246462647993283,42.799920365681,27.304947766487036,,17.58256868115477
Muell,140,SIGNAL4D_v6,True,41.647356489102314,,26.856791636214318,30.35083962420644,43.269237571876005,26.946412866953573,,26.856791636214318
Muell,142,SIGNAL4D_v6,True,41.46432123107751,,26.29616955777152,31.03727298952729,43.209177499838226,28.189788425952848,,26.29616955777152
Muell,144,SIGNAL4D_v6,True,39.406493120819704,,26.726673405188738,29.77512253993251,41.3075282660688,27.07152954782635,,26.726673405188734
Mutter,138,SIGNAL4D_v6,True,48.13334061085284,,12.241861596639815,37.10504097744257,49.644714266971285,32.69225741972493,,12.241861596639815
Mutter,140,SIGNAL4D_v6,True,46.260508757357584,,12.958802050452967,36.29230854186676,51.00708709603154,31.665852287841314,,12.958802050452965
Mutter,142,SIGNAL4D_v6,True,48.71554658919491,,13.809010176322062,38.719158581359466,51.44181825880884,34.143574561411796,,13.809010176322058
Mutter,144,SIGNAL4D_v6,True,50.37651144589953,,13.905012148398814,38.37526798738232,53.02602283453845,33.836848550790485,,13.905012148398814
Mutter,146,SIGNAL4D_v6,True,46.05709105373557,,9.721562581950026,34.16379928709962,46.098812388305014,30.053245651911677,,9.721562581950026
Mutter,148,SIGNAL4D_v6,True,43.43555445566276,,6.969354359582225,32.121236313561695,44.4124898087857,28.313549316291805,,6.969354359582224
Mutter,150,SIGNAL4D_v6,True,41.338471161197305,,7.365901521249522,32.08941923625948,43.84797682778389,28.540261937943402,,7.365901521249522
Mutter,152,SIGNAL4D_v6,True,45.90286652226756,,8.0059603512578,34.10829512762362,45.36418792836658,30.205435873550606,,8.005960351257798
Mutter,154,SIGNAL4D_v6,True,45.85212567781395,,8.85565838880515,34.322377103509396,45.71294707262989,30.413107347933398,,8.855658388805148
Mutter,156,SIGNAL4D_v6,True,43.39745615315266,,7.462769171225619,31.56212222425092,44.32051393648073,27.726340389177132,,7.46276917122562
Mutter,158,SIGNAL4D_v6,True,44.714861686728646,,6.043743309483856,35.4145994083781,47.69063833460512,30.920548833194083,,6.043743309483858
Mutter,160,SIGNAL4D_v6,True,45.7728230590113,,8.564614612962169,36.86464922428656,50.365693491285576,32.16853499346649,,8.564614612962169
Mutter,162,SIGNAL4D_v6,True,46.90625170598537,,9.334049321547408,37.91690527284986,50.52278875394515,33.17453874667132,,9.334049321547408
Mutter,164,SIGNAL4D_v6,True,43.664452043306426,,9.372517403202211,38.88251414651882,54.32429340481468,33.77702103514036,,9.372517403202211
Mutter,166,SIGNAL4D_v6,True,46.07401231967264,,10.10448326541763,41.34556493540837,56.125084105900605,36.013047051494844,,10.10448326541763
Mutter,168,SIGNAL4D_v6,True,50.83813055467922,,9.5226459164436,43.32260281831046,59.13027391993729,37.835563227360886,,9.5226459164436
Mutter,170,SIGNAL4D_v6,True,49.684345333224954,,9.798142666263248,40.58604041635904,57.1174958641339,35.511748632164895,,9.798142666263246
Mutter,172,SIGNAL4D_v6,True,50.505670749909136,,8.887509658560353,39.64656771599615,57.52571591675527,34.70474861509199,,8.887509658560353
Mutter,174,SIGNAL4D_v6,True,50.0689334984482,,8.364996406942913,42.44633035311039,59.845037528256945,37.12567301972622,,8.364996406942915
Mutter,176,SIGNAL4D_v6,True,51.21765416599694,,8.924345557614481,43.19586873233874,59.81409769493428,37.84204218201416,,8.924345557614481
Mutter,178,SIGNAL4D_v6,True,50.42569392726278,,8.414213367992973,43.14738041429215,59.008936710002594,37.79492199710353,,8.414213367992973
Mutter,180,SIGNAL4D_v6,True,47.62986349997852,,7.47520089074147,41.122564407351675,58.07460731179565,35.84393258342245,,7.475200890741472
Mutter,182,SIGNAL4D_v6,True,48.84288515430187,,8.051681531594188,39.659637445197866,56.829301373945626,34.729581332582484,,8.051681531594188
Mutter,184,SIGNAL4D_v6,True,50.46739972774079,,7.506484686942856,42.02682208608091,57.019495147848644,36.42332882444717,,7.506484686942856
Naehen,113,SIGNAL4D_v6,False,37.08954414074964,13.654651240695477,10.212610967227322,21.380815725781225,28.864463627886522,19.23071306225077,13.654651240695474,10.212610967227318
Naehen,115,SIGNAL4D_v6,False,39.00904052482377,14.802476990364761,10.260326713035798,24.40894911696727,31.632006865355173,22.103766972262118,14.802476990364761,10.260326713035798
Naehen,117,SIGNAL4D_v6,False,38.11844603662384,15.221508382873083,10.269965794137205,21.748692558629287,31.038972980294812,19.37442487412911,15.221508382873083,10.269965794137203
Naehen,119,SIGNAL4D_v6,False,40.74448704409487,14.197811334272027,11.252953672275538,22.853387197135312,33.454734480662786,20.498688235775646,14.197811334272027,11.252953672275536
Naehen,121,SIGNAL4D_v6,False,43.76657629284531,15.116633344642652,11.447473058405857,21.357057664320266,32.3988552278957,18.793723263403905,15.116633344642652,11.447473058405857
Naehen,123,SIGNAL4D_v6,False,42.62217221704933,14.611308461718135,11.749785260196852,21.35210584825552,32.302533920294366,18.823127856260495,14.611308461718135,11.749785260196852
Naehen,125,SIGNAL4D_v6,False,40.788901760848425,15.616442901565756,11.751288209691507,21.364627459571945,32.34121173207607,18.855019910336758,15.616442901565756,11.751288209691504
Naehen,127,SIGNAL4D_v6,False,38.64218117078432,14.628691411017824,12.365375701867421,22.24172240542409,32.089174020644386,19.860042373970632,14.62869141101782,12.365375701867425
Naehen,129,SIGNAL4D_v6,False,37.342363167947596,13.944355776180098,11.42442470471018,20.525840238541857,29.592386382700074,18.395798759079526,13.9443557761801,11.424424704710178
Naehen,131,SIGNAL4D_v6,False,36.88014591974658,13.755466337215548,10.451008902871651,21.115461016850425,30.105301867298834,19.03866279380706,13.755466337215548,10.451008902871651
Naehen,133,SIGNAL4D_v6,False,36.861674569847274,13.567210369483966,9.638067073254497,21.047511434449856,29.595364747975548,18.958723814104836,13.56721036948397,9.638067073254499
Naehen,135,SIGNAL4D_v6,False,36.31928488364045,13.847199866008534,9.670476456898783,22.542525320112397,29.21741157036013,20.356085850917662,13.847199866008534,9.67047645689878
Naehen,137,SIGNAL4D_v6,False,36.52046684469583,14.582385015042886,8.150007239562377,26.833257927258426,30.598985285554775,24.596571600741193,14.582385015042886,8.150007239562376
Naehen,139,SIGNAL4D_v6,False,37.253738721008716,14.783956949208374,8.47198461590916,22.22960113307041,28.300410575462788,20.165740861039488,14.783956949208374,8.471984615909157
Naehen,141,SIGNAL4D_v6,False,39.04459440443365,14.809893596531756,9.941877778399602,27.30677780260357,31.08455615813114,24.899689338089384,14.809893596531758,9.941877778399606
Naehen,143,SIGNAL4D_v6,False,38.727584175151755,16.467037868277085,10.350932765539712,21.88098033352857,28.397998634643503,19.598274571574564,16.467037868277085,10.35093276553971
Naehen,145,SIGNAL4D_v6,False,39.95364381314939,15.762762331548567,10.898940726967778,24.5012502985977,31.292298454028597,22.033446805431034,15.762762331548563,10.898940726967778
Naehen,147,SIGNAL4D_v6,False,38.835659371733854,15.786790998456798,10.690050930767809,23.62289682432314,30.828888554328845,21.191284257075335,15.786790998456798,10.690050930767807
Naehen,149,SIGNAL4D_v6,False,39.91736640407912,14.657674498726577,10.870558231630467,20.687743879126643,29.57444294317342,18.390573332328984,14.657674498726577,10.870558231630467
Naehen,151,SIGNAL4D_v6,False,40.0298440549504,15.113465835011727,9.577123581901363,22.234747858023738,31.884856380993995,19.846674398313464,15.113465835011727,9.577123581901361
Naehen,153,SIGNAL4D_v6,False,40.363173253750304,15.163546500692366,10.366228148110148,21.536358244808632,31.169448371701222,19.17525361172303,15.163546500692366,10.366228148110148
Naehen,155,SIGNAL4D_v6,False,39.17231367330168,14.682748660923304,9.121040843027531,22.41083371667624,31.9726269902006,20.116451992607452,14.682748660923304,9.121040843027533
Naehen,157,SIGNAL4D_v6,False,37.02946312601729,14.971933457537592,10.143024481372313,21.74127746445076,30.577932941963148,19.4210492402108,14.97193345753759,10.143024481372313
Naehen,159,SIGNAL4D_v6,False,38.1279666453434,16.214699766353533,10.39933707221014,21.766403158025103,31.152304706286106,19.33357230276401,16.214699766353533,10.39933707221014
Naehen,161,SIGNAL4D_v6,False,39.15020370013641,15.349472854472092,9.580300731177365,21.270971245858014,29.478082120570672,19.015817441500147,15.34947285447209,9.580300731177365
Naehen,163,SIGNAL4D_v6,False,32.50986535319415,14.754438070187014,9.928956785054641,23.502465921774398,30.91649873885619,21.155825305946884,14.754438070187017,9.928956785054641
Naehen,165,SIGNAL4D_v6,False,33.57592897884662,15.006948184574146,8.238218733217433,22.723989710436566,29.80374032850961,20.432490241834465,15.006948184574146,8.238218733217431
Naehen,167,SIGNAL4D_v6,False,34.92323112968198,14.645916742704697,9.291538370132633,23.198004049253313,30.071841612900503,20.84808687521689,14.645916742704697,9.291538370132635
Naehen,169,SIGNAL4D_v6,False,39.15840342054904,14.676270438029379,9.58912029702275,22.878470107925484,29.40898679676986,20.57417526297844,14.676270438029377,9.589120297022752
Naehen,171,SIGNAL4D_v6,False,39.1012302791844,15.622457409672515,11.21374268422571,23.43096831055541,31.56214304145459,20.97824046336236,15.622457409672515,11.213742684225712
Naehen,173,SIGNAL4D_v6,False,37.81580817215281,15.366365481663893,11.35268238775632,22.33153380149684,29.94658313716731,19.825902729260328,15.366365481663893,11.352682387756316
Naehen,175,SIGNAL4D_v6,False,35.86562644509961,16.01895435258309,10.91787118554827,21.055456359824866,30.335797608847912,18.744115889434525,16.01895435258309,10.91787118554827
Naehen,177,SIGNAL4D_v6,False,37.23933098243784,15.856890258041506,10.981761063981418,21.340730300717073,31.484500184300025,18.809973757140217,15.856890258041506,10.981761063981418
Naehen,179,SIGNAL4D_v6,False,39.43567339428323,15.38258881289695,10.45651797254516,20.50585494881406,31.04167515386186,17.90131383205754,15.382588812896953,10.456517972545159
Naehen,181,SIGNAL4D_v6,False,39.279055803011886,17.332755766981716,10.912383829631466,21.26025363992795,32.064467509818286,18.50829297741484,17.33275576698172,10.912383829631466
Naehen,183,SIGNAL4D_v6,False,40.26251318458522,16.5711936891255,9.040591063914158,20.605776568724814,30.873722576903404,18.175680282508544,16.5711936891255,9.040591063914158
Naehen,185,SIGNAL4D_v6,False,37.09523163189181,16.616997104448654,8.604617615244432,22.14501602862308,31.210109156668008,19.595434476166687,16.61699710444865,8.604617615244432
Naehen,187,SIGNAL4D_v6,False,38.8056289907136,16.409640870401034,8.5651451998995,21.42584351526836,30.32325880753624,19.050886271909395,16.409640870401027,8.565145199899503
Naehen,189,SIGNAL4D_v6,False,40.28751546024711,16.82684873742194,8.49978509695306,23.20879414616541,31.186585027878717,20.919382892146793,16.826848737421944,8.499785096953062
Naehen,191,SIGNAL4D_v6,False,37.140014497197356,15.635797905148515,8.800533977304424,21.535795769702055,30.395383490251817,19.104785080447368,15.635797905148515,8.800533977304424
Naehen,193,SIGNAL4D_v6,False,39.8481338513882,15.246040893463853,9.09838952568311,20.97029321236158,30.095175449100594,18.696472293263135,15.24604089346385,9.098389525683109
Naehen,195,SIGNAL4D_v6,False,35.28854768675041,15.041483359388513,8.956751219989627,21.373558148247334,29.68470599332972,19.04517909509952,15.041483359388508,8.956751219989625
Naehen,197,SIGNAL4D_v6,False,40.0007519495347,15.231257434198447,9.259531424439876,21.91616101707296,30.15686557588375,19.64656565175159,15.231257434198447,9.259531424439878
Naehen,199,SIGNAL4D_v6,False,35.72449769280818,14.794732566734009,9.276691316439909,21.19784470869709,29.79396534217226,18.903779222987122,14.794732566734005,9.27669131643991
Nebel,118,SIGNAL4D_v6,False,35.96065744096204,11.25220351019946,9.579863403054187,30.354704064191665,31.5554503741782,28.023127863674986,11.252203510199461,9.579863403054185
Nebel,120,SIGNAL4D_v6,False,32.79249982258032,10.380795330333815,9.726255970432131,27.286547748059665,30.366748862940845,24.84296664530246,10.380795330333815,9.726255970432131
Nebel,122,SIGNAL4D_v6,False,36.39059389190475,12.0122505064905,10.64924423629897,30.279845900635152,35.13250686389905,27.426248775331736,12.012250506490496,10.64924423629897
Nebel,124,SIGNAL4D_v6,False,37.586362264204986,14.132190430707587,10.544798209355267,28.203565058871092,34.66788703911968,25.322519838023045,14.132190430707585,10.54479820935527
Nebel,126,SIGNAL4D_v6,False,42.34158927308616,12.159393781765516,10.018418462711244,31.094622348144515,36.971546865322935,27.964026223620266,12.159393781765514,10.018418462711244
Nebel,128,SIGNAL4D_v6,False,43.538958179270715,8.491763123444258,10.456435211615759,29.735738060263873,35.868095677325165,26.779472714769334,8.49176312344426,10.456435211615762
Nebel,130,SIGNAL4D_v6,False,37.38207577901812,8.558192653293146,10.682957674533458,23.576317763924816,37.04551230631195,20.531842301705467,8.558192653293146,10.682957674533462
Nebel,132,SIGNAL4D_v6,False,38.10157848728609,8.531812059999993,10.860628839728017,22.234990935967534,34.01695966450603,19.45804979980301,8.531812059999991,10.860628839728015
Nebel,134,SIGNAL4D_v6,False,40.112450458888944,8.791670127038936,10.659756924608077,22.510035453823242,32.9841609717849,19.91541998172796,8.791670127038937,10.659756924608079
Nebel,136,SIGNAL4D_v6,False,38.18422921566992,9.2872757160059,10.759970483094135,21.393589183861447,32.3013796356962,18.667742412179027,9.2872757160059,10.759970483094138
Nebel,138,SIGNAL4D_v6,False,37.8505222084787,10.266864227998212,11.658488772200707,23.409115161276322,34.40789950786232,20.409659711200543,10.266864227998214,11.658488772200705
Nebel,140,SIGNAL4D_v6,False,35.85387758391923,9.590668104641146,11.465057102916706,22.345988805387126,31.070371775841746,19.710131153500228,9.590668104641148,11.465057102916706
Nebel,142,SIGNAL4D_v6,False,40.023489591877606,10.346155181554618,10.464932549790493,25.85722261408905,33.57519610822146,22.86230556082038,10.346155181554616,10.464932549790497
Nebel,144,SIGNAL4D_v6,False,36.06064046080939,10.979008532011163,9.972751002659457,25.53118874116419,32.946371041851854,22.657034397019217,10.979008532011163,9.972751002659457
Nebel,146,SIGNAL4D_v6,False,42.90858289496429,10.597074445931202,9.95350486580576,30.628657640944443,31.4184624632348,28.22592165183477,10.597074445931202,9.953504865805762
Nebel,148,SIGNAL4D_v6,False,37.08765928500133,10.292747125500044,9.281470300110511,29.015441476311832,32.25481087363726,26.418163809547238,10.292747125500041,9.281470300110511
Nebel,150,SIGNAL4D_v6,False,38.904813238305536,10.092973374166865,8.836076199592389,25.71201521375324,34.06902981143907,22.734303132372588,10.092973374166863,8.83607619959239
Nebel,152,SIGNAL4D_v6,False,37.10222348599822,11.104569543874192,9.321926280438324,26.36676316055315,35.29145707392827,23.217024363759993,11.104569543874192,9.321926280438326
Nebel,154,SIGNAL4D_v6,False,44.293982872878296,9.545900348837648,8.987089494053775,29.91235074448538,34.20499548756334,27.09935132073545,9.545900348837648,8.987089494053777
Nebel,156,SIGNAL4D_v6,False,43.36047804389926,8.800060051036645,9.592731101869724,28.103614937632994,35.4739921301002,25.158111407595293,8.800060051036647,9.592731101869726
Nebel,158,SIGNAL4D_v6,False,42.40585353475894,8.395161103251551,10.76931920767732,26.920508328338844,37.4877105509368,23.851779080486423,8.395161103251551,10.76931920767732
Nebel,160,SIGNAL4D_v6,False,45.48589040518678,8.42928712634571,10.073038724892088,27.722065414880838,38.53718200681947,24.495081234373313,8.42928712634571,10.07303872489209
Nebel,162,SIGNAL4D_v6,False,38.6540928595524,9.114653991781706,10.108573315773697,28.84376493759364,36.41129502253025,25.436437547382656,9.114653991781704,10.108573315773695
Nebel,164,SIGNAL4D_v6,False,35.65658043011092,9.407396412208023,10.241984907144737,25.41447906889911,34.972640225565634,22.050845152347193,9.407396412208023,10.241984907144738
Nebel,166,SIGNAL4D_v6,False,43.39043335684519,9.454097755357179,10.173165333718234,26.45388291718302,40.23661866837291,22.726346205733808,9.45409775535718,10.173165333718236
Nebel,168,SIGNAL4D_v6,False,43.141882131416686,9.276750429947574,10.696719451650916,24.074565758906274,34.96735369910458,20.960821134496058,9.276750429947574,10.696719451650916
Nebel,170,SIGNAL4D_v6,False,38.16311010318281,9.411941918270816,11.464570957819017,23.801332043516535,34.22811479008413,20.932648650696635,9.411941918270815,11.464570957819017
Nebel,172,SIGNAL4D_v6,False,45.2183990154759,9.509149501418221,10.129336680639568,29.752885155496458,36.31302391891183,26.99906225203272,9.509149501418221,10.129336680639568
Nebel,174,SIGNAL4D_v6,False,41.866222636200916,9.405013588485497,9.697043978209976,26.68008304134623,35.119865164228706,23.904726452284898,9.405013588485495,9.697043978209976
Nebel,176,SIGNAL4D_v6,False,39.635026723560635,9.774751665935236,9.577681234070658,26.981535151728803,35.507465449938415,24.14481961751929,9.774751665935236,9.577681234070658
Nebel,178,SIGNAL4D_v6,False,38.11869709145754,8.904801391029014,9.459183505299313,25.55269408394461,32.85707241118714,22.865251615053378,8.904801391029018,9.459183505299311
Nebel,180,SIGNAL4D_v6,False,36.76987026849529,8.784172250280012,9.911655006292728,25.240454613892826,34.135375620856834,22.47405964507843,8.784172250280012,9.911655006292728
Nebel,182,SIGNAL4D_v6,False,34.995496142835286,8.837466344556324,10.709939054026481,21.66813091891547,33.266029902859856,18.633740573010396,8.837466344556322,10.709939054026481
Nebel,184,SIGNAL4D_v6,False,33.45894196169405,8.462103956171836,10.477004682293384,21.3723669338201,33.68881700478646,18.572839052995864,8.462103956171836,10.477004682293384
Nebel,186,SIGNAL4D_v6,False,35.31652613162986,9.111900343710456,10.090736276262222,25.52637447723212,36.733364476220835,22.149815496124226,9.111900343710452,10.09073627626222
Nebel,188,SIGNAL4D_v6,False,35.13108517873205,8.906904103197013,10.604989030123054,23.972920150226233,36.71323226219261,20.598342388142097,8.906904103197013,10.604989030123054
Nebel,190,SIGNAL4D_v6,False,39.213006583007356,8.769590423618762,11.768283553615579,23.214445645189286,32.44896537356068,20.375684443208645,8.769590423618759,11.768283553615575
Nebel,192,SIGNAL4D_v6,False,40.16617338197302,9.115484120225826,11.507640416917054,22.444348692434183,34.16818462783441,19.234834259532764,9.115484120225826,11.507640416917056
Nebel,194,SIGNAL4D_v6,False,36.09758332127101,8.719329610784236,11.523910382899679,29.952284958118884,39.057699630297286,26.408766730212832,8.719329610784236,11.523910382899679
Neu,108,SIGNAL4D_v6,False,42.2405145646868,11.562619415501574,8.3979597397645,33.40074713314199,37.9498763341919,30.381630581096445,11.562619415501574,8.3979597397645
Neu,110,SIGNAL4D_v6,False,37.958876440999695,8.787995099664565,7.9157171871497685,24.80812299555728,35.22798612367056,21.789799163107954,8.787995099664569,7.9157171871497685
Neu,112,SIGNAL4D_v6,False,41.27052994581022,12.180198680247088,9.31529825741391,29.788554429518296,40.21696973344498,26.485401945135138,12.180198680247088,9.31529825741391
Neu,114,SIGNAL4D_v6,False,44.228745966738686,8.64099237431725,9.34698744521288,29.459809676309956,37.87097758716294,26.74224902509114,8.64099237431725,9.34698744521288
Neu,116,SIGNAL4D_v6,False,40.17240285553185,16.62441910557871,10.0062671313579,27.625473637536906,37.54764127646234,25.082883798641653,16.624419105578706,10.0062671313579
Neu,118,SIGNAL4D_v6,False,44.48879734182895,11.892704635216596,12.252005511388091,27.828846143090516,41.055350512167614,25.07536007536007,11.892704635216596,12.252005511388091
Neu,120,SIGNAL4D_v6,False,44.651471941427936,20.114943954868533,12.576008032517416,27.741066386907967,40.69579855838208,24.753281087150903,20.114943954868533,12.576008032517416
Neu,122,SIGNAL4D_v6,False,41.45153587655692,11.678764295883761,11.022883675881555,27.481621071051194,40.78319095080028,24.667418000032395,11.67876429588376,11.022883675881555
Neu,124,SIGNAL4D_v6,False,39.28838591815332,16.105551218287317,11.694832259547052,26.332434707427012,37.949020786945404,23.923763242758458,16.105551218287317,11.694832259547052
Neu,126,SIGNAL4D_v6,False,41.07160881592979,11.535518406455873,11.952980046883473,29.546714790253947,44.380905392898256,26.455795918445713,11.535518406455877,11.952980046883473
Neu,128,SIGNAL4D_v6,False,40.95039702262338,17.844332286730516,11.543023284394991,27.212489446405176,41.01391947693179,24.364308758493582,17.844332286730513,11.543023284394991
Neu,130,SIGNAL4D_v6,False,44.264810986023505,10.850873559926805,10.384452096012382,33.00146757687952,46.75076401907526,29.282517560793995,10.850873559926805,10.384452096012382
Neu,132,SIGNAL4D_v6,False,40.68476967480259,15.783699629519289,10.822525543041873,27.9972456583023,42.08295736564727,25.002180654941206,15.783699629519289,10.822525543041872
Operieren,199,SIGNAL4D_v6,False,39.999009411746975,12.018702533058521,9.294496281589321,26.20324906792052,36.3035844922934,23.495044915893683,12.018702533058521,9.294496281589321
Operieren,201,SIGNAL4D_v6,False,46.11865530327617,12.31179662774729,9.285543561438248,24.056732705852223,34.171984487866034,21.466371314854698,12.31179662774729,9.285543561438248
Operieren,203,SIGNAL4D_v6,False,40.60094862587298,11.81073554479293,9.641705806390206,24.81650038759672,35.24028083458049,22.247444578227434,11.81073554479293,9.641705806390206
Operieren,205,SIGNAL4D_v6,False,37.28056446591444,12.414933675292355,9.471747001225614,23.65344922937202,35.03686505033635,21.23829669516662,12.414933675292355,9.471747001225614
Operieren,207,SIGNAL4D_v6,False,41.03489084624445,11.954024685049362,9.58289806421055,23.51867789737295,33.31082932380719,21.13195938400551,11.954024685049363,9.582898064210548
Operieren,209,SIGNAL4D_v6,False,38.3965789779343,12.122364183426019,9.325275980684875,23.653623165141155,33.640965111836,21.31776788043619,12.122364183426019,9.325275980684877
Operieren,211,SIGNAL4D_v6,False,37.6366632169339,11.792662848340287,9.530762399989086,23.254937369507072,33.88382224763606,20.906438453242732,11.792662848340287,9.530762399989085
Operieren,213,SIGNAL4D_v6,False,33.753872447506794,12.123944838846075,9.297283523566398,22.6974723946812,33.299145751166904,20.087719820243343,12.12394483884607,9.2972835235664
Operieren,215,SIGNAL4D_v6,False,34.410942905924244,12.450156031737759,8.710480572746569,20.58379641001825,31.6994618669238,17.957128953554687,12.450156031737755,8.710480572746572
Operieren,217,SIGNAL4D_v6,False,39.56550080580345,13.188865587299764,8.903961757040056,20.590324022026167,32.79693266163022,17.84349652633666,13.188865587299764,8.903961757040054
Operieren,219,SIGNAL4D_v6,False,37.634581737524265,12.709731331037853,8.81638473919534,21.433938151898698,34.068409545494696,18.543700638436135,12.709731331037856,8.816384739195339
Operieren,221,SIGNAL4D_v6,False,33.88590437709618,12.556018111464057,8.818856618704162,22.251708234642965,34.53314962570274,19.406148290737484,12.556018111464061,8.818856618704162
Operieren,223,SIGNAL4D_v6,False,34.102351378360325,12.366824706726524,9.192819654072872,22.600412775944005,34.24825754627825,19.794877692369163,12.366824706726527,9.192819654072869
Operieren,225,SIGNAL4D_v6,False,35.76232630391885,12.910980970876704,9.215878313490652,22.128075385204113,34.75359511009087,19.319299911607867,12.9109809708767,9.215878313490654
Operieren,227,SIGNAL4D_v6,False,36.01909939773462,12.475258184086705,9.466899689678923,21.464399160982495,33.56816799575184,18.705745143390075,12.475258184086703,9.466899689678923
Operieren,229,SIGNAL4D_v6,False,34.050243522498135,12.689399523323123,8.82663465285296,22.32874859738368,34.052642164596826,19.561397273862084,12.689399523323123,8.826634652852958
Operieren,231,SIGNAL4D_v6,False,34.081342564985746,12.925582580133531,8.772143582621297,23.498643723861388,34.54780332740229,20.597501097716837,12.925582580133531,8.772143582621297
Operieren,233,SIGNAL4D_v6,False,35.16893062625537,12.930849395225462,8.966315261330891,23.052842516527416,34.77003638622374,20.13257224146796,12.930849395225465,8.966315261330893
Operieren,235,SIGNAL4D_v6,False,36.07950263919379,12.963849215686297,9.430660077568284,24.15793206574753,35.34800377491531,21.075760874812946,12.963849215686295,9.430660077568286
Operieren,237,SIGNAL4D_v6,False,36.662104134705814,13.258406046285057,9.578602356583458,23.339999905869664,35.569163576082296,20.157751216009856,13.258406046285057,9.57860235658346
Operieren,239,SIGNAL4D_v6,False,36.880788778347345,13.401674275876763,8.9817812124579,23.394005999964346,35.56940637762703,20.4690953576546,13.401674275876758,8.981781212457902
Operieren,241,SIGNAL4D_v6,False,36.686230657418314,13.157793439934794,9.399548076826658,23.638553163239393,34.95802074636714,20.663811970287572,13.157793439934801,9.399548076826658
Operieren,243,SIGNAL4D_v6,False,36.78487423403343,13.288087140297279,9.306867283691885,23.221053736474758,34.356589450721835,20.27002388149578,13.288087140297279,9.306867283691886
Operieren,245,SIGNAL4D_v6,False,37.5315053016422,13.576017787991521,9.10378540381682,22.870163235825558,35.142083594453304,19.746785195186852,13.576017787991521,9.103785403816818
Operieren,247,SIGNAL4D_v6,False,36.110796159158085,13.060470946574483,9.192836080913496,22.35488016007843,33.88497418734467,19.40297934918728,13.060470946574492,9.192836080913494
Operieren,249,SIGNAL4D_v6,False,37.116616498375365,12.835402219905333,9.677172972886543,23.096798897991153,34.677433772590625,20.060938493669862,12.835402219905337,9.677172972886543
Operieren,251,SIGNAL4D_v6,False,38.41650039584006,13.13965478199132,9.386701337754731,23.56549967737918,34.91620772465833,20.584444579282835,13.139654781991316,9.38670133775473
Operieren,253,SIGNAL4D_v6,False,35.12902402404251,12.992693086311236,9.389249703881042,22.679523350195815,35.13568165516237,19.765195079315212,12.992693086311242,9.389249703881044
Operieren,255,SIGNAL4D_v6,False,35.47173420290811,12.882090196443466,9.463334647088471,23.594731502303762,35.25405696957803,20.680586868372746,12.882090196443466,9.463334647088471
Operieren,257,SIGNAL4D_v6,False,35.22051348604476,13.089859535803445,9.361307182391043,23.574615263088237,34.76280665099556,20.630078495236468,13.089859535803441,9.361307182391045
Operieren,259,SIGNAL4D_v6,False,33.457709772306494,13.368700104760764,9.300475779234269,23.521127417063276,34.58197776589565,20.626831480279478,13.368700104760764,9.300475779234269
Regen,112,SIGNAL4D_v6,False,41.22865669497822,7.326459937643286,10.890756450732779,42.544159803836024,47.2848855952808,38.48429769519717,7.326459937643286,10.890756450732782
Regen,114,SIGNAL4D_v6,False,38.92310024033206,6.838748234847002,10.17287706451343,39.38908489868803,43.06307831982415,35.63806480512466,6.838748234847004,10.17287706451343
Regen,116,SIGNAL4D_v6,False,36.94680943734315,10.192109321326182,8.46395662821442,34.87254005882066,36.01917378011202,31.788653161885243,10.192109321326184,8.46395662821442
Regen,118,SIGNAL4D_v6,False,34.98152228467303,9.319525341213714,11.11237015668179,31.865756951377314,34.684023339480525,29.152269334604664,9.319525341213714,11.112370156681788
Regen,120,SIGNAL4D_v6,False,39.725828995598455,8.644452051562528,12.646114359023192,36.909412879597944,36.3942522039915,34.07903678041332,8.644452051562528,12.646114359023192
Regen,122,SIGNAL4D_v6,False,43.909960240748056,7.8814948682980175,9.134495036151216,34.1926809681728,37.367323880761454,31.219444124009467,7.881494868298023,9.134495036151215
Regen,124,SIGNAL4D_v6,False,46.058004432359915,7.146920109338371,12.63650383659575,29.96482889810308,35.52633534258888,27.20460419796034,7.146920109338371,12.63650383659575
Regen,126,SIGNAL4D_v6,False,37.72557819083436,7.7406258747229915,12.077725056353167,23.3417801994776,33.76587456539666,21.448013494249434,7.7406258747229915,12.077725056353165
Regen,128,SIGNAL4D_v6,False,42.76216134169277,7.685943970540199,13.25437698636893,22.40024376077915,32.69973331760895,20.11675408954772,7.6859439705401975,13.25437698636893
Regen,130,SIGNAL4D_v6,False,64.34787975557862,6.951556888649803,17.004576617239046,54.331898541780845,74.51917322829424,47.75725430726506,6.9515568886498045,17.004576617239046
Regen,132,SIGNAL4D_v6,False,48.71115897953102,8.05163727919417,11.35951663850904,36.22702454421485,43.204613562290014,32.57699868205831,8.05163727919417,11.35951663850904
Regen,134,SIGNAL4D_v6,False,44.64893973824801,6.636824096127291,11.486695341230691,37.96504443878915,41.31882653109104,34.636201118274286,6.636824096127287,11.486695341230691
Regen,136,SIGNAL4D_v6,False,39.32859536719208,6.578127982069684,9.839701499090102,40.50365743691249,44.918935658982534,36.57571536101081,6.578127982069686,9.839701499090104
Regen,138,SIGNAL4D_v6,False,36.28705747334023,7.787115506205045,9.358601981579383,35.28895947426493,40.09636422728489,31.728027906472313,7.7871155062050486,9.358601981579385
Regen,140,SIGNAL4D_v6,False,38.48471561025966,9.209649205040058,9.473127787716917,37.65123784151695,41.07278679603448,34.07237696292324,9.20964920504006,9.47312778771692
Regen,142,SIGNAL4D_v6,False,38.33852576166543,8.979611969458993,11.133142926023078,36.51304449948175,39.21341778859985,33.07843186116513,8.979611969458995,11.133142926023078
Regen,144,SIGNAL4D_v6,False,38.086321417320896,8.803043579609906,10.96817639341771,34.29945547392618,31.628308308188316,31.893123103274856,8.803043579609906,10.96817639341771
Regen,146,SIGNAL4D_v6,False,43.25395209800351,7.593480660535494,10.472805684045118,38.79442977743229,37.706058710210485,35.70677998610211,7.5934806605354925,10.472805684045117
Regen,148,SIGNAL4D_v6,False,45.515362846629706,6.804417817279361,10.714892218941861,34.10748160815979,32.102020793282186,31.28811814220286,6.804417817279359,10.714892218941861
Regen,150,SIGNAL4D_v6,False,39.60867981298124,7.166098634369947,12.172275028158097,25.296470751986256,27.972663604596136,23.093793602846894,7.1660986343699475,12.172275028158099
Regen,152,SIGNAL4D_v6,False,39.66303921570637,11.651170190491428,9.513987431347743,22.808646464953977,31.794009394244704,20.253371965413166,11.651170190491431,9.513987431347742
Regen,154,SIGNAL4D_v6,False,36.688796005628284,11.82473914355632,8.962771506388133,21.46769161282119,28.63259313549171,19.10623422620596,11.824739143556315,8.962771506388133
Regen,156,SIGNAL4D_v6,False,36.74336991912009,12.269354403952624,9.697783405451226,20.963822673135457,31.622522640323524,18.419561373507396,12.269354403952619,9.697783405451226
Regen,158,SIGNAL4D_v6,False,42.239505161204114,11.08203758333208,13.312613744088273,22.923657245743794,33.552142183761624,20.208446616764423,11.082037583332076,13.312613744088273
Regen,160,SIGNAL4D_v6,False,40.904466519750976,7.549849872341923,13.508578744668919,26.25515861721438,41.06944179581782,22.821576647314583,7.549849872341923,13.508578744668919
Regen,162,SIGNAL4D_v6,False,45.95837951427034,7.495424980652172,10.169811078911199,34.506025347072125,37.66365215990752,31.486076967145443,7.495424980652169,10.169811078911193
Regen,164,SIGNAL4D_v6,False,46.79948345540823,6.981111144784672,10.738460727706551,38.72157740691783,37.81266541199826,35.906257851605424,6.981111144784674,10.738460727706553
Regen,166,SIGNAL4D_v6,False,40.926382869866565,7.623319341387559,8.962358195585583,37.632988679075915,36.65427164440072,34.70237384998593,7.62331934138756,8.962358195585583
Regen,168,SIGNAL4D_v6,False,39.686077836338846,7.453496414828345,9.181641784007962,37.57337281457677,35.40851307670307,34.68233783547118,7.453496414828348,9.181641784007962
Regen,170,SIGNAL4D_v6,False,43.67626138474386,8.402141189726471,8.95952319852525,36.36971938984856,36.615596265395574,33.34082071795455,8.40214118972647,8.959523198525252
Regen,172,SIGNAL4D_v6,False,42.84562123603906,8.136100099526649,9.549203958237694,34.98822605298572,35.59880810131682,32.20117165415468,8.136100099526653,9.549203958237698
Regen,174,SIGNAL4D_v6,False,40.44155865402695,7.253268307530619,9.942055435132618,29.22591676443169,30.598767237525788,26.923559245551164,7.253268307530625,9.942055435132618
Regen,176,SIGNAL4D_v6,False,34.99477698010919,6.478829071071356,10.146797389692015,22.001868330983278,26.170458421060932,20.0080101346618,6.478829071071353,10.146797389692015
Regen,178,SIGNAL4D_v6,False,30.393654994337613,7.492061432922204,8.292939736445248,19.309713845842268,27.780996158936812,17.145413153630003,7.492061432922207,8.292939736445248
Regen,180,SIGNAL4D_v6,False,38.212311217726295,10.115556771533047,9.52908537889352,19.557214061101572,26.002169687787703,17.797196215709533,10.115556771533045,9.529085378893518
Regen,182,SIGNAL4D_v6,False,35.66255282485503,9.236539406292922,10.37613938829233,24.254071764296327,29.151655064920252,22.403648667094558,9.23653940629292,10.376139388292327
Regen,184,SIGNAL4D_v6,False,37.64121008802029,11.67698109575321,11.377973677654083,26.694337135290017,37.31284263386184,24.049423522978294,11.67698109575321,11.377973677654083
Regen,186,SIGNAL4D_v6,False,43.293638791634756,11.049576012293452,11.095964491020151,34.49573517371315,41.21188881701958,31.354843348134363,11.049576012293452,11.095964491020151
Regen,188,SIGNAL4D_v6,False,43.30827965312415,19.17227693080846,17.60967355401035,36.20887118169752,44.59624916010347,32.37775178145261,19.17227693080846,17.609673554010346
SauerWuetend,147,SIGNAL4D_v6,True,43.578981567191306,,14.585455329189127,31.60602314981107,44.77217978795389,27.512125978078192,,14.585455329189124
SauerWuetend,149,SIGNAL4D_v6,True,47.24950073581955,,16.110550756748086,37.31825242241755,51.28300599796158,32.849675693301194,,16.110550756748086
SauerWuetend,151,SIGNAL4D_v6,True,48.86064348835005,,15.613395757491357,39.1298024145805,51.86837090968245,34.56644203647521,,15.613395757491357
SauerWuetend,153,SIGNAL4D_v6,True,46.35771472714396,,11.639438733041821,33.87841013774143,42.17751653938689,30.104463578271304,,11.639438733041821
SauerWuetend,155,SIGNAL4D_v6,True,44.633484767281644,,10.05334366986991,32.22236278170438,40.565434707308675,28.774084813641664,,10.053343669869909
SauerWuetend,157,SIGNAL4D_v6,True,42.55804897558181,,9.624483455844175,31.665670649364042,38.13783683656125,28.097585285390984,,9.624483455844173
SauerWuetend,159,SIGNAL4D_v6,True,47.522199937028965,,6.055084717110684,34.90572853713642,43.95072887376347,31.221412254091984,,6.055084717110682
SauerWuetend,161,SIGNAL4D_v6,True,49.98915603686531,,7.602814322706936,37.35442086189926,47.848133524905045,33.38648815600637,,7.602814322706937
SauerWuetend,163,SIGNAL4D_v6,True,46.15138044265033,,8.179705235958414,35.66063432344858,46.46120706083569,31.344057709382387,,8.179705235958414
SauerWuetend,165,SIGNAL4D_v6,True,54.28608930612788,,8.130360686157497,42.133934210016776,47.92629474611434,37.96728381385797,,8.130360686157497
SauerWuetend,167,SIGNAL4D_v6,True,49.910951945116814,,7.78745885311495,36.440913305150545,41.34395941528691,32.80821080642764,,7.78745885311495
SauerWuetend,169,SIGNAL4D_v6,True,45.6868520282459,,8.338096934792265,37.89566627039165,40.10323910861231,34.077443793010026,,8.338096934792265
SauerWuetend,171,SIGNAL4D_v6,True,49.33446749709172,,8.205748722155041,37.30063712511414,41.42206378646442,33.70809769270944,,8.20574872215504
SauerWuetend,173,SIGNAL4D_v6,True,54.842287707452705,,8.710867797626031,42.185833059657895,50.185838704507105,37.60885214913945,,8.710867797626031
SauerWuetend,175,SIGNAL4D_v6,True,51.260077054675186,,11.283447847219485,41.687243943408745,49.16983820076944,37.43045026805112,,11.283447847219485
SauerWuetend,177,SIGNAL4D_v6,True,56.54515925855863,,9.08758014261353,44.26967247441956,51.396422861342934,39.439173365402524,,9.08758014261353
SauerWuetend,179,SIGNAL4D_v6,True,51.802952726586675,,9.665521132727473,42.18081947101613,51.96215725178996,37.28754670275754,,9.665521132727472
SauerWuetend,181,SIGNAL4D_v6,True,42.869897764447664,,10.909024584899171,32.85587160114619,44.7090130325152,29.09705900111322,,10.909024584899171
SauerWuetend,183,SIGNAL4D_v6,True,54.219623610865554,,9.977191626707675,43.67958924155694,51.90486862536744,38.68477454943023,,9.977191626707677
SauerWuetend,185,SIGNAL4D_v6,True,54.72906554451265,,10.79091282397462,43.39956619144997,51.71512843817323,38.52817775003658,,10.79091282397462
SauerWuetend,187,SIGNAL4D_v6,True,47.48551694142141,,10.918577955134989,41.50517264559628,50.54263111497367,36.907221689831516,,10.918577955134989
SauerWuetend,189,SIGNAL4D_v6,True,47.88607173767235,,11.404846947567622,36.74261766199385,46.22546558136987,33.04209069404098,,11.404846947567618
Schnee,159,SIGNAL4D_v6,False,39.40207476457963,9.132340668174516,10.691666804538597,35.78303907217573,41.46946552605983,32.207819511097426,9.132340668174514,10.691666804538599
Schnee,161,SIGNAL4D_v6,False,40.47768545524394,7.235389236578631,13.041553330085604,38.18431164768864,45.26746487858694,34.254631702283255,7.235389236578633,13.041553330085604
Schnee,163,SIGNAL4D_v6,False,37.61746600728936,9.799191548511356,11.842209941384564,33.66063013648409,38.766216838476275,30.33215600001301,9.799191548511356,11.842209941384565
Schnee,165,SIGNAL4D_v6,False,36.24318649044365,8.964351534168982,11.924415943940204,33.10621307449569,39.025009146068854,29.775025920364477,8.96435153416898,11.924415943940204
Schnee,167,SIGNAL4D_v6,False,33.05311049528285,11.758483760632705,10.45294777982464,26.300184065933596,30.81179645914221,23.71173306546631,11.758483760632704,10.45294777982464
Schnee,169,SIGNAL4D_v6,False,29.71053901273993,10.31867896499763,10.303517179743642,23.105188889669186,30.193009258447443,20.557973684153232,10.31867896499763,10.303517179743647
Schnee,171,SIGNAL4D_v6,False,30.7213604385723,7.812678864765833,8.907497031158956,25.14124048145836,33.60667477981432,22.212834202775383,7.812678864765835,8.907497031158956
Schnee,173,SIGNAL4D_v6,False,34.694593427974006,6.491166438683479,8.203330936069639,27.02445059205746,29.739179052246506,24.733481680310344,6.491166438683479,8.203330936069639
Schnee,175,SIGNAL4D_v6,False,29.575658646693796,6.261553125232652,8.5304361166699,23.68648138438668,31.32322441843423,20.933834440023144,6.261553125232652,8.5304361166699
Schnee,177,SIGNAL4D_v6,False,34.12581208725511,6.407802702726097,8.64599164849663,21.721231235409203,34.03237087024771,18.938876327349913,6.407802702726097,8.645991648496627
Schnee,179,SIGNAL4D_v6,False,32.94108370337964,6.6019886592077235,8.181424643658866,22.841631655613,35.61717345556996,20.296451777037362,6.601988659207723,8.181424643658865
Schnee,181,SIGNAL4D_v6,False,30.41853230794818,7.120920583313559,8.491220243132302,21.358494766424602,34.88784501637447,18.318994807409176,7.120920583313559,8.491220243132304
Schnee,183,SIGNAL4D_v6,False,32.9135578141572,7.268889406320127,7.875091561331149,23.973133453120415,34.15433944781395,20.9512901158335,7.268889406320129,7.875091561331149
Schnee,185,SIGNAL4D_v6,False,33.46253883281694,7.138320363821748,7.667869693961812,26.197067100359302,36.09041726046819,22.995512919214846,7.138320363821746,7.667869693961814
Schnee,187,SIGNAL4D_v6,False,32.95342691137112,6.92329253954268,8.110636697407198,24.82625870966955,34.628332719495425,21.734201887608947,6.92329253954268,8.110636697407198
Schnee,189,SIGNAL4D_v6,False,30.24199636550159,7.278464576271552,8.242117975069668,22.44233964394755,31.27921901832909,19.72283265246418,7.278464576271552,8.242117975069668
Schnee,191,SIGNAL4D_v6,False,32.01531259100244,7.115972529584837,9.840901827494937,24.296587598887108,37.333306631676976,20.98466771303164,7.115972529584832,9.840901827494937
Schnee,193,SIGNAL4D_v6,False,33.91482321091632,7.238593673818693,10.755220218874456,27.946321779633834,39.638586179248215,24.342368442448397,7.238593673818691,10.755220218874456
Schnee,195,SIGNAL4D_v6,False,33.85771421271736,8.378399277646617,11.189460330502877,25.279240993324716,37.669557098757714,21.988665240744407,8.378399277646619,11.189460330502877
Schnee,197,SIGNAL4D_v6,False,36.11648111422408,7.355786270193889,10.856565260787175,26.264772656258476,32.132856103336174,23.423146769738313,7.35578627019389,10.856565260787178
Schnee,199,SIGNAL4D_v6,False,35.978471058012516,6.675564709133382,10.194020263384088,27.49152441923666,36.50532241270109,24.339430690424685,6.6755647091333845,10.19402026338409
Schnee,201,SIGNAL4D_v6,False,28.954487121918092,6.261799866298108,8.822889486331858,20.561335448276697,31.18146636066108,17.8857834803738,6.261799866298107,8.822889486331858
Schnee,203,SIGNAL4D_v6,False,30.32418306627227,6.347074497676421,9.274434060157162,19.699197953905028,27.900027242873314,17.328469864620462,6.347074497676422,9.27443406015716
Schnee,205,SIGNAL4D_v6,False,35.366723347869836,6.142317025483625,8.647527434036958,24.931802123241663,33.32239522882138,22.17477840270463,6.1423170254836235,8.647527434036958
Schnee,207,SIGNAL4D_v6,False,35.97969353446626,6.538380892942735,9.06928265252717,22.404409749137347,31.761662143207012,19.62293921912979,6.538380892942733,9.069282652527173
Schnee,209,SIGNAL4D_v6,False,35.78602287067651,6.2375470792710255,8.856589194796625,23.993998337283696,32.41779402877089,21.26071048929134,6.237547079271026,8.856589194796623
Schnee,211,SIGNAL4D_v6,False,36.41633444893847,7.930931041533944,8.723694316113752,23.8956650436801,34.739009369858685,20.869399255106174,7.930931041533938,8.723694316113752
Schnee,213,SIGNAL4D_v6,False,35.85553931098747,7.568328562374471,9.128308218333295,21.314741507225403,31.821890199903788,18.38980844225786,7.568328562374471,9.128308218333292
Schnee,215,SIGNAL4D_v6,False,32.72538340451163,7.80731086621978,8.835935326510468,20.870995840443147,31.521165119057496,18.070450594594018,7.807310866219779,8.835935326510466
Schnee,217,SIGNAL4D_v6,False,38.27170871704527,7.898985481168051,7.832688075897359,28.0485463142955,38.321836311408106,24.668390882359247,7.898985481168049,7.832688075897362
Schnee,219,SIGNAL4D_v6,False,40.31335550842015,7.635379925591787,7.923225198923195,29.7731250805711,41.10086949911779,26.181944912141553,7.6353799255917885,7.9232251989231965
Schnee,221,SIGNAL4D_v6,False,38.92092639080412,7.661978886633564,7.993927744686397,31.940478505392687,41.212849526264925,28.390309635854077,7.661978886633562,7.993927744686395
Schnee,223,SIGNAL4D_v6,False,33.305884733797875,7.807942568653525,8.943656036403285,25.08316073251423,37.95818154923634,21.753129926295998,7.807942568653525,8.943656036403283
Schnee,225,SIGNAL4D_v6,False,35.87095497492269,7.640463017826767,8.83977837548798,25.708022589822455,39.70777179637635,22.21332325635052,7.6404630178267645,8.839778375487983
Schnee,227,SIGNAL4D_v6,False,34.7676005543667,7.729976991417736,9.334943089512752,24.77136733325459,36.40235692832716,21.471217988796056,7.729976991417736,9.334943089512752
Schnee,229,SIGNAL4D_v6,False,39.268601123552514,8.133054657004697,9.581664122618468,25.055458813109606,39.16734736818187,21.50283070044081,8.133054657004697,9.58166412261847
Schnee,231,SIGNAL4D_v6,False,37.219443436959885,8.081796676468448,9.51890446780949,32.39081747960422,38.62614795002269,29.09403075966317,8.08179667646845,9.51890446780949
Schnee,233,SIGNAL4D_v6,False,39.65331328477935,7.34193019583973,8.875380753930344,32.895096759891665,40.950069180872916,29.2026270317508,7.3419301958397325,8.875380753930342
Schnee,235,SIGNAL4D_v6,False,40.434597267782564,8.646404837262672,9.306872010449922,34.43920985324518,38.05043725510701,31.33024048532619,8.646404837262669,9.306872010449926
Schnee,237,SIGNAL4D_v6,False,41.33659731098086,10.935935410077647,9.984366505528614,38.2699683636746,41.4327628777202,34.82602268876132,10.935935410077647,9.984366505528612
Schnee,239,SIGNAL4D_v6,False,42.646783472346584,13.867441360873599,13.54966626877647,40.16251566809804,47.712185765744366,36.22564985484043,13.867441360873594,13.54966626877647
Schnee,241,SIGNAL4D_v6,False,45.7878638842074,16.121741428366665,29.241474496535883,43.34587270257307,53.10479105289356,38.733766549772795,16.12174142836666,29.241474496535883
Schnee,243,SIGNAL4D_v6,False,47.10875921588597,13.26143295602289,46.17697793372851,46.748973672062064,51.9185533341563,42.443604467082984,13.26143295602289,46.17697793372851
Schreiben,121,SIGNAL4D_v6,False,41.79629515644108,8.835216493124383,8.01101562619814,25.86577411481201,36.969135145015,22.850526089693382,8.83521649312438,8.011015626198137
Schreiben,123,SIGNAL4D_v6,False,45.55806689162037,9.190561223028856,7.905887032355593,26.48665079347017,38.52790514048852,23.196588644359746,9.190561223028855,7.9058870323555945
Schreiben,125,SIGNAL4D_v6,False,38.715703577846774,9.032609763637751,7.984890126641655,22.64498962542044,35.06392183502569,19.858593286587343,9.032609763637751,7.984890126641657
Schreiben,127,SIGNAL4D_v6,False,42.51806791811193,9.069439689494347,8.4541730748699,22.297137147566332,32.81961934395608,19.595806903176857,9.069439689494345,8.454173074869901
Schreiben,129,SIGNAL4D_v6,False,47.46916769879854,9.597061073499608,8.151529893749613,24.44332095142968,36.543271287246796,21.245865368728193,9.597061073499608,8.151529893749617
Schreiben,131,SIGNAL4D_v6,False,48.80373321475018,9.023492221292585,8.632896544275912,26.217499632948222,37.191149566833374,23.04640999584774,9.023492221292585,8.632896544275914
Schreiben,133,SIGNAL4D_v6,False,45.724978427677776,12.99217826864285,8.390366426952438,21.113153846536623,31.516277619269456,18.65336916764276,12.992178268642848,8.390366426952436
Schreiben,135,SIGNAL4D_v6,False,51.32545395089829,8.998648214894178,8.468495968906526,27.41441153801788,38.21025122605506,24.11631238912019,8.998648214894178,8.468495968906527
Schreiben,137,SIGNAL4D_v6,False,51.01151700656201,9.525999978029606,8.583860952505876,25.38581598440833,37.060113700519345,22.11657073102145,9.525999978029606,8.583860952505876
Schreiben,139,SIGNAL4D_v6,False,40.65513525490284,10.990054667175261,8.600556168626438,21.096671315205604,30.044371752277296,18.758503843120117,10.990054667175261,8.600556168626438
Schreiben,141,SIGNAL4D_v6,False,48.25215891840614,9.169975482463231,8.223029311282547,25.994215193011392,38.7103358377537,22.53551206751072,9.169975482463231,8.223029311282545
Schreiben,143,SIGNAL4D_v6,False,42.644563142949394,9.227051788610073,7.913915884249974,26.01611930630519,36.92232060055609,23.109992315903504,9.227051788610074,7.913915884249974
Schreiben,145,SIGNAL4D_v6,False,44.07635953577431,9.177370184361104,7.829428915175725,25.559463000621136,37.58314355254791,22.538188951845772,9.177370184361108,7.829428915175723
Schreiben,147,SIGNAL4D_v6,False,44.52502903584333,8.785863825679321,8.037060918254957,26.76368638675867,39.62029830421571,23.3703508451899,8.78586382567932,8.037060918254957
Schreiben,149,SIGNAL4D_v6,False,44.9134670279648,8.770457126180059,8.001829739960709,26.242619449460054,38.43858146298961,22.90770942234074,8.77045712618006,8.00182973996071
Schreiben,151,SIGNAL4D_v6,False,46.12060065571265,9.885252341636628,8.335244127438216,24.821070303612984,37.175062932189356,21.691233168622993,9.885252341636626,8.335244127438218
Schreiben,153,SIGNAL4D_v6,False,47.6079552052282,9.327870582437383,8.178070265614124,25.764784803659143,38.791119304382796,22.19639660946255,9.32787058243738,8.178070265614124
Schreiben,155,SIGNAL4D_v6,False,43.2369644593644,12.333464539488954,8.432448235891638,22.10895475054914,31.645017499924524,19.37180394370541,12.333464539488956,8.432448235891634
Schreiben,157,SIGNAL4D_v6,False,47.60942746057399,9.52667232600739,8.59536763385336,26.90778346043887,41.05864720392846,23.13649316664947,9.52667232600739,8.595367633853357
Schreiben,159,SIGNAL4D_v6,False,42.310604052059176,10.113619469324643,8.375805474914385,24.89250721228667,35.121375925695745,21.934907809888195,10.113619469324643,8.375805474914388
Schreiben,161,SIGNAL4D_v6,False,47.656418464306846,9.278330808082524,7.884762336485776,28.754233222733955,42.927650267190884,25.148010690140538,9.278330808082524,7.884762336485776
Schreiben,163,SIGNAL4D_v6,False,46.692654833738416,9.483396998520055,7.647814925454632,34.12360376243192,40.04537657968869,30.624712827686388,9.483396998520053,7.647814925454632
Schreiben,165,SIGNAL4D_v6,False,40.36060065605906,13.072899782762867,7.703146481738034,23.17576870270065,33.390159563106145,20.39310004543125,13.072899782762867,7.703146481738034
Schreiben,167,SIGNAL4D_v6,False,46.09318896438964,10.99664957106836,8.171949659576832,26.864764026580048,39.030504105590886,23.318955537799443,10.996649571068358,8.171949659576832
Schreiben,169,SIGNAL4D_v6,False,42.09688426817371,14.632760449444069,8.136130267210545,21.54999399634655,30.69898167732211,18.851798835762544,14.63276044944407,8.136130267210545
Schreiben,171,SIGNAL4D_v6,False,48.87707162389064,10.763586668971591,7.987715449486546,27.096242988284544,39.62961590935063,23.470105033958824,10.763586668971591,7.987715449486546
Schreiben,173,SIGNAL4D_v6,False,43.964269564416895,10.360931419044384,8.254848427432258,23.125405661280737,34.32883209191925,20.066498839125586,10.360931419044384,8.254848427432256
Schreiben,175,SIGNAL4D_v6,False,44.78965871113283,9.680251680057156,8.162007741218355,25.85651676005398,40.0873518717149,22.117764375017938,9.680251680057154,8.162007741218355
Schreiben,177,SIGNAL4D_v6,False,44.220676820808514,9.611474552402475,7.710107303131847,28.34426498344895,43.92488244191454,24.493385209969002,9.611474552402473,7.710107303131848
Schreiben,179,SIGNAL4D_v6,False,45.79626126447507,9.674879808579682,8.210209847300579,29.034253527193588,45.553816709534544,24.75904272780555,9.67487980857968,8.21020984730058
Schreiben,181,SIGNAL4D_v6,False,42.28409788674289,9.543930656432776,7.800232477682977,28.173261802539987,44.06545834674102,24.444463116684474,9.543930656432776,7.800232477682975
Schreiben,183,SIGNAL4D_v6,False,37.81156536613242,11.343110794218854,7.581662351722795,25.523854159832705,37.15664693229975,22.45428655042277,11.343110794218857,7.581662351722794
Schreiben,185,SIGNAL4D_v6,False,39.995883879908995,9.75985991140951,7.586384672898434,31.010139138015884,44.595255871807055,26.965170991208915,9.75985991140951,7.5863846728984345
Schreiben,187,SIGNAL4D_v6,False,39.04595674467037,9.494626017831244,7.704806254838497,28.99631978223429,44.759465393562785,25.019453117066522,9.494626017831246,7.704806254838501
Schreiben,189,SIGNAL4D_v6,False,41.72639945503953,9.819755227324253,7.533979884982335,30.132268764852757,44.06340077772872,26.16928721531951,9.819755227324253,7.533979884982337
Schreiben,191,SIGNAL4D_v6,False,41.55250743395048,9.535553676611114,8.509476458441938,28.9758815874055,45.31013756267931,24.650592121368156,9.535553676611114,8.509476458441938
Schreiben,193,SIGNAL4D_v6,False,38.99339734908534,9.457912838452268,8.25645550610559,28.91288921749474,44.756046798405414,24.934285881485252,9.457912838452268,8.256455506105588
Schreiben,195,SIGNAL4D_v6,False,39.53238016529269,9.850006328273547,8.34576094499582,31.313085538623003,46.07723755775582,27.12476288623586,9.85000632827355,8.345760944995822
Schreiben,197,SIGNAL4D_v6,False,43.1482176906377,9.599674491485091,8.141180986490927,29.301863755532807,46.091041784860884,24.883610589646022,9.599674491485093,8.141180986490927
Schreiben,199,SIGNAL4D_v6,False,42.59352633247528,11.013117110044051,7.640340522327418,28.607542087017684,44.6666479695761,24.30138389303559,11.01311711004405,7.640340522327415
Schreiben,201,SIGNAL4D_v6,False,44.00906141542609,10.979393920373155,7.702052509779351,30.367745008023157,48.628649959160924,25.82995549827586,10.979393920373155,7.702052509779351
Schreiben,203,SIGNAL4D_v6,False,40.40178771744267,10.85824904005198,8.219694769559936,28.39093477148811,43.38996244153141,24.199151285448547,10.85824904005198,8.219694769559936
Schreiben,205,SIGNAL4D_v6,False,43.68136365300159,10.833448489777807,8.23445270060963,28.981972140793605,45.51571615710439,24.648259606761446,10.833448489777807,8.23445270060963
Schreiben,207,SIGNAL4D_v6,False,42.88713328355619,9.984743231995182,8.119977861049762,29.393426752988177,46.40647676756844,24.97167162682684,9.984743231995179,8.11997786104976
Schwach,138,SIGNAL4D_v6,False,37.2446586329683,6.752688749656156,7.319180219447067,26.4779033357064,34.71034418253814,23.66195322338201,6.752688749656156,7.319180219447068
Schwach,140,SIGNAL4D_v6,False,37.70714373409559,7.072815650109313,7.190989779815659,25.446967401731968,36.46989662817936,22.511503176930358,7.072815650109313,7.190989779815659
Schwach,142,SIGNAL4D_v6,False,34.91663532118125,6.651403326171836,6.802032266263002,24.757536952718187,33.46097234518777,21.862227141981784,6.651403326171839,6.8020322662630015
Schwach,144,SIGNAL4D_v6,False,38.58308535683824,6.677785848605946,6.958248654964646,23.753031116254498,35.17952480985452,20.83455989646961,6.677785848605945,6.9582486549646445
Schwach,146,SIGNAL4D_v6,False,45.12390718972413,6.584249153802382,7.543217705643828,22.262360641667154,34.47544870847951,19.548870716969112,6.584249153802382,7.543217705643831
Schwach,148,SIGNAL4D_v6,False,36.52825755043165,7.133150326351335,8.365784935989067,22.486593405168513,29.89471501343901,19.91595214143264,7.133150326351335,8.365784935989069
Schwach,150,SIGNAL4D_v6,False,40.655749109824164,7.8531158324363535,8.621869923146198,28.20642961973598,34.03816879568245,24.94305628691312,7.8531158324363535,8.621869923146196
Schwach,152,SIGNAL4D_v6,False,50.43726479581295,9.589073605388617,9.400365986951957,49.54966728308362,64.93050311978935,43.76443928329778,9.58907360538862,9.40036598695196
Schwach,154,SIGNAL4D_v6,False,56.85968746963607,9.378285835128235,14.805247078390426,51.314044385469245,55.31539221538636,46.434686203599,9.378285835128237,14.805247078390426
Schwach,156,SIGNAL4D_v6,False,52.36693390673337,17.03294524346655,14.668249218501808,51.67545340431831,52.832663177161784,47.016835444444304,17.032945243466546,14.668249218501808
Schwach,158,SIGNAL4D_v6,False,54.68758718412213,18.537979769313342,13.244874402741608,50.46080358493538,53.71838620381475,45.70952315718463,18.537979769313342,13.244874402741608
Schwach,160,SIGNAL4D_v6,False,52.46322447155293,23.637364540089997,12.438367140146058,53.38413034187007,56.1702802197058,48.65093235157902,23.637364540089997,12.43836714014606
Schwach,162,SIGNAL4D_v6,False,53.29796799739801,21.071522101058335,9.865274777126137,51.356457606038454,51.00368426346519,47.14307235769138,21.071522101058335,9.865274777126139
Schwach,164,SIGNAL4D_v6,False,57.84713560944599,13.722501457001185,14.450308104536251,57.48705068643717,58.52413741011255,52.4978870870395,13.722501457001183,14.450308104536248
Schwach,166,SIGNAL4D_v6,False,59.30879418885125,11.501385171601546,12.718927059408605,56.345837506462914,55.45713362222366,51.91445648161352,11.501385171601544,12.71892705940861
Schwach,168,SIGNAL4D_v6,False,61.362481865047954,11.40864946658243,14.08242073405747,61.156748100800776,60.163845229714305,56.261918332663356,11.40864946658243,14.082420734057472
Schwach,170,SIGNAL4D_v6,False,63.615840826833164,11.257537839100872,12.381379427091879,63.1052334006514,63.27932826953883,57.80343424493339,11.257537839100872,12.381379427091879
Schwach,172,SIGNAL4D_v6,False,47.57050494822142,9.502052137363474,10.826221094034418,46.91474870882576,50.805398217023644,42.79346026891164,9.502052137363473,10.826221094034418
Schwach,174,SIGNAL4D_v6,False,43.217173941522844,9.754760104071401,10.616942523982452,42.204835184619355,50.48096702668237,37.850706418684574,9.754760104071401,10.616942523982452
Schwach,176,SIGNAL4D_v6,False,42.23981977436966,8.939855552175198,10.861960379110538,41.90755257596001,51.49169274731748,37.3427711516523,8.939855552175198,10.861960379110538
Schwach,178,SIGNAL4D_v6,False,46.72007103839085,9.482852078719368,10.840516246616145,47.17693589656799,59.48955100271468,41.87165265537884,9.48285207871937,10.840516246616147
Schwach,180,SIGNAL4D_v6,False,46.40107897327547,9.626231859259933,9.812235207178452,48.03644517926268,60.02659180504419,42.740234270857954,9.626231859259935,9.812235207178448
Schwach,182,SIGNAL4D_v6,False,51.59267330816807,9.868382433335247,10.624996628464736,54.89419321400631,67.47839947544024,49.08085619037615,9.868382433335247,10.624996628464736
Schwach,184,SIGNAL4D_v6,False,51.05673870351155,10.725563302126954,10.770129371878259,54.54679838541109,65.95413337120081,48.96438918859604,10.725563302126954,10.770129371878259
Schwach,186,SIGNAL4D_v6,False,50.79477693234026,10.568873252608656,10.905418094472243,52.60037138169658,73.10486053925169,45.80368979745808,10.568873252608654,10.905418094472246
Schwer,157,SIGNAL4D_v6,False,53.46429832665732,11.36343037206674,17.220405391927056,52.90473822751933,52.48467164524157,48.45836222690905,11.36343037206674,17.220405391927052
Schwer,159,SIGNAL4D_v6,False,49.78457276659397,16.482740186090748,18.69744964018789,48.13014932286306,51.2512435029115,43.78634755293046,16.482740186090748,18.69744964018789
Schwer,161,SIGNAL4D_v6,False,49.54191848742444,20.72316673528747,18.620053535714018,34.78207040582279,49.5983330526056,30.496365570384548,20.72316673528747,18.620053535714018
Schwer,163,SIGNAL4D_v6,False,46.60244078792481,12.140497107009633,19.611381390116517,37.960541960616894,45.44380876926123,34.04931390052987,12.140497107009635,19.611381390116517
Schwer,165,SIGNAL4D_v6,False,44.12907733731786,12.297161330465958,20.813386004588665,39.12924550325973,43.98172235520813,35.311133827335915,12.297161330465958,20.81338600458867
Schwer,167,SIGNAL4D_v6,False,46.62558256586651,13.342922159043761,20.596627746565016,42.090660712451125,50.876305236898645,37.489324341735255,13.342922159043757,20.596627746565016
Schwer,169,SIGNAL4D_v6,False,43.91776680345633,11.144703530008133,12.940301155697068,39.78079914062081,50.008321154624625,35.1722465571498,11.144703530008135,12.940301155697068
Schwer,171,SIGNAL4D_v6,False,54.765307617411516,10.860985040617189,11.902866555840232,53.59441863906577,59.624924410918524,48.10784618112441,10.860985040617189,11.902866555840232
Schwer,173,SIGNAL4D_v6,False,53.03068804395667,10.486011621592496,12.163342939500238,44.20863463697678,60.03047786115532,38.48045230965075,10.486011621592498,12.16334293950024
Schwer,175,SIGNAL4D_v6,False,44.31475427495019,9.501073050036922,13.504525611193198,24.62762162648647,38.555397794073805,21.102312688916975,9.501073050036924,13.504525611193193
Schwer,177,SIGNAL4D_v6,False,43.90177713141142,10.534836415397024,12.896857307831128,23.171510213134354,37.89644862493675,20.017099019217294,10.534836415397026,12.896857307831128
Schwer,179,SIGNAL4D_v6,False,36.069872110691286,11.364796258218925,13.069937334693368,25.90204737161197,37.01636400653649,22.784429567501,11.364796258218925,13.069937334693368
Schwer,181,SIGNAL4D_v6,False,43.101587053872734,12.002526841167512,13.385719598607011,25.763262251027786,37.35328650010435,23.34502365829831,12.002526841167512,13.385719598607011
Schwer,183,SIGNAL4D_v6,False,47.8650443572786,14.065533606472046,15.207944631493998,25.658399638960777,37.352674119419895,23.464875197909176,14.065533606472046,15.207944631493994
Schwer,185,SIGNAL4D_v6,False,43.857548391201284,14.125846895286063,16.184186942403798,27.042395579071464,37.16455689683042,24.088177310650895,14.125846895286063,16.184186942403798
Schwer,187,SIGNAL4D_v6,False,42.80626911647514,14.28692991849266,15.960148738362687,24.351060040576456,35.19614510083912,22.31849329014811,14.286929918492659,15.960148738362687
Schwer,189,SIGNAL4D_v6,False,44.618174833445956,14.153385359581398,16.219326086114027,24.685267313854926,35.564280799126045,22.539401616769457,14.153385359581401,16.219326086114023
Schwer,191,SIGNAL4D_v6,False,40.51929292154109,14.612330358318417,16.276440432116736,24.840424684831707,35.583700346767195,22.463561305642397,14.612330358318415,16.276440432116736
Schwer,193,SIGNAL4D_v6,False,38.98170286129111,13.613358679208122,16.049363502184633,24.843103575275375,33.53543371126476,22.701553446353664,13.613358679208128,16.049363502184633
Schwer,195,SIGNAL4D_v6,False,41.51428615499345,14.296645837277174,16.137327484509086,24.517619462827483,35.91167658801395,22.284420260419072,14.296645837277174,16.13732748450909
Schwer,197,SIGNAL4D_v6,False,41.81200767344885,13.832114008012908,15.985257759110274,24.99877900841723,35.37226874983246,23.136479866676087,13.832114008012912,15.985257759110274
Sonne,148,SIGNAL4D_v6,True,31.808799048186973,,11.792127559366348,23.072203633638004,33.05841254704673,19.926516231661516,,11.792127559366348
Sonne,150,SIGNAL4D_v6,True,36.225129290028704,,11.662994496676989,25.341776247092714,37.114989955338785,22.117685295224597,,11.662994496676987
Sonne,152,SIGNAL4D_v6,True,38.02807673901376,,12.03720863992584,29.422564926035953,42.101919489627896,25.807486218529814,,12.03720863992584
Sonne,154,SIGNAL4D_v6,True,33.23879934015221,,11.759392088571252,25.456759862031618,36.50518638047469,21.913219507914064,,11.759392088571252
Sonne,156,SIGNAL4D_v6,True,30.70690283195258,,11.955545347806765,22.776134999073342,33.7475513918602,19.389975078444113,,11.955545347806765
Sonne,158,SIGNAL4D_v6,True,35.35511623684889,,10.894976632163655,24.840882555362203,36.408458925414784,21.879115236168552,,10.894976632163655
Sonne,160,SIGNAL4D_v6,True,34.16254609639281,,9.591657464649195,22.364131950512874,33.77201276697749,19.415666894416507,,9.591657464649193
Sonne,162,SIGNAL4D_v6,True,36.10014932516317,,14.51145864965542,23.63170420534947,35.76753619133521,20.527153597065336,,14.51145864965542
Sonne,164,SIGNAL4D_v6,True,32.65692783983066,,13.820844474603108,22.57511489036738,32.20901078164276,19.38950001610454,,13.820844474603108
Sonne,166,SIGNAL4D_v6,True,33.49951629173827,,15.832606214768129,25.696363402669785,38.131387778691085,22.17270837608304,,15.832606214768132
Sonne,168,SIGNAL4D_v6,True,32.1438909761566,,14.387716752497287,26.25225468884604,38.52470062074498,22.770219053621645,,14.387716752497287
Sonne,170,SIGNAL4D_v6,True,32.47553521369731,,16.079807990665252,25.10491560658925,36.66899531294981,21.852007200409904,,16.07980799066525
Sonne,172,SIGNAL4D_v6,True,30.181722741210745,,15.556964412439976,22.94952101437936,34.264228611527116,19.93903933876852,,15.556964412439976
Sonne,174,SIGNAL4D_v6,True,32.34906172287388,,15.270616682037367,22.207648134074514,32.276027007519524,19.22812477903885,,15.270616682037367
Sonne,176,SIGNAL4D_v6,True,31.77312617017501,,15.434797891359167,22.366907680310153,32.90474602113107,19.246545273231874,,15.434797891359166
Sonne,178,SIGNAL4D_v6,True,31.24241426784449,,15.316974700095283,22.1006322591409,32.25448426400409,19.010240376992513,,15.31697470009528
Sonne,180,SIGNAL4D_v6,True,33.589256375490585,,15.464809579425339,23.424980261391635,35.220137817248144,20.074422204965913,,15.464809579425342
Sonne,182,SIGNAL4D_v6,True,31.142932573323925,,15.669408987399178,21.390923335551296,32.092709847432445,18.30246598757256,,15.669408987399178
Sonne,184,SIGNAL4D_v6,True,31.750157441215126,,15.299370002463625,22.590451041126695,34.23380500232684,19.28774398821752,,15.299370002463622
Sonne,186,SIGNAL4D_v6,True,29.817100299818573,,15.674901064066546,20.85873334247691,30.441188381838316,17.961351650984618,,15.674901064066542
Sonne,188,SIGNAL4D_v6,True,32.19507143548958,,16.75662951873212,21.559156580993463,32.587268371364665,18.667086182335144,,16.756629518732115
Sonne,190,SIGNAL4D_v6,True,31.149057336556904,,16.302949951557835,22.691959879253524,33.87917561277729,19.452923964806725,,16.302949951557835
Sonne,192,SIGNAL4D_v6,True,31.452431611093296,,16.54221830422543,22.10637654316827,33.558853100533796,18.89340501431491,,16.542218304225425
Sonne,194,SIGNAL4D_v6,True,31.89780238002903,,15.9280544103076,23.32489998926682,34.91199374022214,20.000747150180484,,15.9280544103076
Sonne,196,SIGNAL4D_v6,True,31.08714763711022,,15.994428178930143,21.781896409524983,31.269896164218657,18.69391777867027,,15.994428178930143
Sorry,144,SIGNAL4D_v6,True,48.360096699508766,,16.964672932681776,40.871038672614745,51.34905260744692,36.16453812109024,,16.96467293268178
Sorry,146,SIGNAL4D_v6,True,52.666316833360106,,18.69255668682429,39.845663086818824,46.80343742243506,35.85238565846765,,18.69255668682429
Sorry,148,SIGNAL4D_v6,True,49.63439317068463,,18.912561486904476,40.03696390298999,48.253511662331974,35.936070225286194,,18.912561486904476
Sorry,150,SIGNAL4D_v6,True,52.26605435064491,,21.860319923763534,37.97910172305424,45.4838691660922,34.070177660944154,,21.860319923763534
Sorry,152,SIGNAL4D_v6,True,47.9238732844004,,20.06724447239136,37.48232389549404,42.865809923513716,33.43217859242225,,20.067244472391355
Sorry,154,SIGNAL4D_v6,True,50.54023134621976,,18.28382640904521,40.693349039631215,49.504276414092104,36.149489605474606,,18.28382640904521
Sorry,156,SIGNAL4D_v6,True,55.59454201382646,,16.85804762854295,44.18503748718649,52.25970470385873,39.615606704529675,,16.85804762854295
Sorry,158,SIGNAL4D_v6,True,46.47685431861218,,15.45782827217406,37.83634051453848,46.77615839303236,33.65831291323763,,15.457828272174057
Sorry,160,SIGNAL4D_v6,True,46.80113480252188,,15.069215836243611,38.24353358785195,48.37501624711861,34.010454491878995,,15.069215836243607
Sorry,162,SIGNAL4D_v6,True,46.00887757333691,,14.262990633168153,39.63501610479144,50.85124728315817,35.035188733874335,,14.262990633168155
Sorry,164,SIGNAL4D_v6,True,51.14677819505928,,16.122113564870734,40.10008838879019,50.65821065361494,35.754791700279064,,16.122113564870737
Sorry,166,SIGNAL4D_v6,True,53.099280186683416,,16.960421543747152,42.70737786045301,54.9238468482486,38.125080576943375,,16.960421543747152
Sorry,168,SIGNAL4D_v6,True,44.47121954424274,,15.472597561698564,36.99204750201415,47.6277694490828,33.034778545834975,,15.472597561698562
Sorry,170,SIGNAL4D_v6,True,52.876648961068916,,15.333848445028451,44.77418224909914,54.13897699817312,40.32554976562403,,15.333848445028451
Sorry,172,SIGNAL4D_v6,True,48.5059740729072,,13.961626706975611,40.86290947167262,51.49646978540877,36.34877174298527,,13.961626706975608
Sorry,174,SIGNAL4D_v6,True,56.32245090464887,,16.87873347555224,45.888541713668964,54.7599820698106,41.35316363786081,,16.878733475552245
Sorry,176,SIGNAL4D_v6,True,47.35466709847822,,17.550119935133008,38.43091929204277,46.8266173171911,34.21961631620708,,17.550119935133008
Sorry,178,SIGNAL4D_v6,True,47.72901506175304,,17.28123718299817,38.217013252475034,48.65580389556696,33.6986203083096,,17.28123718299817
Sorry,180,SIGNAL4D_v6,True,44.369894245617715,,15.285853385838756,39.43710241446537,51.158012849413474,34.774356570023905,,15.28585338583876
Sorry,182,SIGNAL4D_v6,True,50.45111684109044,,16.136083642650046,40.51366467026299,50.32338757279612,36.32301758988083,,16.136083642650046
Sorry,184,SIGNAL4D_v6,True,53.522906856736434,,16.13738767289345,44.605807023427616,54.858169600086455,40.0226910082968,,16.13738767289345
Sorry,186,SIGNAL4D_v6,True,47.498387236171794,,13.4676001661288,39.777523972945815,52.814289009286576,34.90219133483388,,13.4676001661288
Sorry,188,SIGNAL4D_v6,True,53.170131304187635,,14.162278452112004,41.347274493626514,53.90536382640117,36.69744843732158,,14.162278452112004
Sorry,190,SIGNAL4D_v6,True,50.44185870800397,,14.192555197031975,40.78261975905385,54.302165208070726,35.793911066770626,,14.192555197031979
Sorry,192,SIGNAL4D_v6,True,49.72773046217576,,14.676059033523975,36.311402362843,49.66123797505605,31.86979640976866,,14.676059033523972
Sorry,194,SIGNAL4D_v6,True,41.69977470198262,,19.19728517344239,33.19057503417009,45.86020347180332,28.95316318184434,,19.19728517344239
SparenSparsam,133,SIGNAL4D_v6,False,43.93006622362194,12.793964658480961,11.079860249898328,26.003802756347255,39.21566250837555,23.5685735062376,12.793964658480963,11.07986024989833
SparenSparsam,135,SIGNAL4D_v6,False,42.441572916265976,12.253892273333646,10.407890547692391,24.085588565744278,37.72824261785829,21.333769676937948,12.253892273333648,10.407890547692391
SparenSparsam,137,SIGNAL4D_v6,False,42.58642226457864,10.688614791122108,10.74513371555008,24.250663314767884,36.9378886458511,21.641902135032492,10.688614791122108,10.74513371555008
SparenSparsam,139,SIGNAL4D_v6,False,45.574242170943315,12.087883143887069,9.90734462980812,27.079832858970622,40.699539117929014,24.34533830228323,12.087883143887074,9.907344629808124
SparenSparsam,141,SIGNAL4D_v6,False,38.01033472455634,17.40093401068111,10.13924619953111,24.436443333765887,32.96268821797608,22.19608431580441,17.40093401068111,10.13924619953111
SparenSparsam,143,SIGNAL4D_v6,False,41.04783371140475,12.089094280099642,11.946913047550764,24.559552332856263,35.79743293415137,22.371814141061762,12.08909428009964,11.946913047550758
SparenSparsam,145,SIGNAL4D_v6,False,37.43402090835694,9.986378763548682,11.760022749629124,26.83012773700823,38.16130597257119,23.931707131546393,9.986378763548686,11.760022749629124
SparenSparsam,147,SIGNAL4D_v6,False,37.32283358144171,13.463750649275555,10.77499722194937,24.852961893369695,37.33852023091382,22.029136260427393,13.463750649275555,10.77499722194937
SparenSparsam,149,SIGNAL4D_v6,False,38.24533018508385,10.289118271011533,13.53250957237353,26.200654542240223,37.835050662209255,23.370108649770806,10.289118271011533,13.532509572373531
SparenSparsam,151,SIGNAL4D_v6,False,38.133934322336664,18.957698113495237,12.849761863966418,27.962655858025517,36.39690928541733,24.89732919056106,18.957698113495233,12.849761863966418
SparenSparsam,153,SIGNAL4D_v6,False,38.130380247142824,10.049514385473735,12.375755101683934,27.74253757108934,38.30221523451746,24.715591312424145,10.049514385473735,12.375755101683934
SparenSparsam,155,SIGNAL4D_v6,False,38.2370248768028,9.812987760096583,11.267352425837776,27.75857356641974,38.36949280073114,24.67193178706176,9.812987760096581,11.26735242583778
SparenSparsam,157,SIGNAL4D_v6,False,40.27299842846115,9.39496349091697,11.651999183069169,28.21217904277832,38.82156588897204,25.075938294894282,9.39496349091697,11.651999183069169
SparenSparsam,159,SIGNAL4D_v6,False,44.581014022072544,29.924010804407928,10.66252144473262,35.5842258451832,36.672177254765984,32.78305400420872,29.924010804407928,10.662521444732619
SparenSparsam,161,SIGNAL4D_v6,False,40.44536261102231,11.44011809029302,11.918802676983521,31.387437874942552,36.555934100474545,28.315455416232396,11.440118090293014,11.918802676983521
SparenSparsam,163,SIGNAL4D_v6,False,41.25635336707164,23.149816831098576,11.444825084511624,33.329399990090494,33.533757587751445,30.660437188789043,23.149816831098576,11.444825084511626
SparenSparsam,165,SIGNAL4D_v6,False,35.78794134281191,13.511589816722454,11.143949841967515,26.116278093681082,30.841600368838357,23.57869013488248,13.511589816722454,11.143949841967514
SparenSparsam,167,SIGNAL4D_v6,False,35.7407201631469,9.593947867378919,10.886524450107018,27.30619371292437,38.51406265222671,24.02240249888333,9.593947867378919,10.886524450107018
SparenSparsam,169,SIGNAL4D_v6,False,34.88859654835254,13.794346557386119,13.193494155392546,26.616161987455104,34.7463298164611,23.574637277029456,13.79434655738612,13.193494155392544
SparenSparsam,171,SIGNAL4D_v6,False,37.89422649674268,11.02415076974735,11.746021713425293,28.721719328221653,34.99408109788031,25.728448200833647,11.02415076974735,11.746021713425293
SparenSparsam,173,SIGNAL4D_v6,False,38.652197485836226,13.039398323145672,11.411849744985165,28.912976528706434,33.604279687715106,26.10482597007971,13.039398323145676,11.411849744985167
SparenSparsam,175,SIGNAL4D_v6,False,39.554073437817166,8.917720322631771,11.560694227451936,30.012293151406194,38.58279085334441,26.71456650313645,8.917720322631771,11.560694227451934
SparenSparsam,177,SIGNAL4D_v6,False,41.830039943164444,29.321898381591392,10.291365249996197,34.33424060948173,37.653962197621105,31.18360442239617,29.321898381591392,10.291365249996193
SparenSparsam,179,SIGNAL4D_v6,False,39.07073739902553,11.207721940895546,11.458853770327789,30.01783675417008,38.68665800694498,26.67068245104336,11.207721940895551,11.45885377032779
SparenSparsam,181,SIGNAL4D_v6,False,36.31750469294944,14.491088482493954,12.073534693594905,26.399639500964213,33.9744064679423,23.52700277020331,14.491088482493957,12.073534693594905
SparenSparsam,183,SIGNAL4D_v6,False,39.41977914027826,20.828719529621136,12.320659348897253,30.6752240914426,33.96542669977836,27.84308560569569,20.828719529621136,12.320659348897253
SparenSparsam,185,SIGNAL4D_v6,False,36.71005571103524,9.752527949214404,12.684087678828101,25.4047330924209,34.409398603017316,22.56161894974484,9.752527949214402,12.684087678828101
SparenSparsam,187,SIGNAL4D_v6,False,37.65933990371921,8.65247913457472,12.718151546000858,27.12322096993289,38.63285199795183,23.989988143934994,8.65247913457472,12.718151546000858
SparenSparsam,189,SIGNAL4D_v6,False,37.409164233449495,12.520478719701817,11.343208390382902,29.083546212321064,34.7463188835762,26.095696053697463,12.520478719701817,11.3432083903829
Spezial,125,SIGNAL4D_v6,False,65.62636564306915,12.062043891449228,11.80682772803381,61.29283811015222,62.71442739279695,56.27967388383034,12.062043891449228,11.806827728033811
Spezial,127,SIGNAL4D_v6,False,68.46523039202307,11.991373901151679,11.286086810864122,64.51761164529395,67.36750279554992,59.15473588587887,11.991373901151679,11.286086810864123
Spezial,129,SIGNAL4D_v6,False,61.81329179538811,13.712214823522604,10.787072487063229,58.01491408081007,58.28921096376534,53.391143964013324,13.712214823522604,10.787072487063229
Spezial,131,SIGNAL4D_v6,False,65.21892113251107,12.182963525328251,11.203464164024549,60.40571564283254,59.999999560945135,55.74715271053616,12.182963525328251,11.203464164024549
Spezial,133,SIGNAL4D_v6,False,61.89372452611535,11.75211550973501,10.890409036170144,53.30199678377672,52.47516190426968,49.10833897068591,11.752115509735011,10.890409036170142
Spezial,135,SIGNAL4D_v6,False,57.46087018407452,10.51086761855801,10.268085821514124,49.130896841996524,52.838647247187026,44.786538025717604,10.51086761855801,10.268085821514122
Spezial,137,SIGNAL4D_v6,False,50.99012994403335,11.782820187043914,8.570739212362666,38.09400823236703,38.25144282005484,34.92681785927326,11.782820187043914,8.570739212362666
Spezial,139,SIGNAL4D_v6,False,44.77979561515905,11.544812032346682,8.606027169218123,31.720139618247032,36.08649899748755,28.815743261140984,11.544812032346686,8.606027169218123
Spezial,141,SIGNAL4D_v6,False,35.15865930839458,9.110078284364425,9.342343945293136,27.277288075324975,30.44650883714607,24.753561539136733,9.110078284364427,9.34234394529314
Spezial,143,SIGNAL4D_v6,False,31.269377257191394,8.917695315756312,9.996897993474812,24.023752106092317,30.616006966489213,21.695074167408578,8.917695315756314,9.996897993474812
Spezial,145,SIGNAL4D_v6,False,29.94633998814375,9.684902875569607,10.675537242235377,21.501746645963973,28.04994706568105,19.40458343749835,9.684902875569604,10.675537242235377
Spezial,147,SIGNAL4D_v6,False,35.17619243692718,9.236091917043924,11.46550035085452,23.838619072033307,28.418237824179016,21.816709475506766,9.236091917043922,11.465500350854521
Spezial,149,SIGNAL4D_v6,False,37.40158710453909,9.211662343397295,11.037838041142475,25.52114681331981,32.01096595078648,23.281178713975123,9.211662343397297,11.037838041142475
Spezial,151,SIGNAL4D_v6,False,38.80972229176787,9.650815838480188,11.570180203507476,26.01142700725245,32.96342823257749,23.549186032942785,9.650815838480188,11.570180203507476
Spezial,153,SIGNAL4D_v6,False,40.02659394161717,8.914332841056117,11.369993661371904,27.31919465251969,34.24290200092538,24.78124010529255,8.914332841056119,11.369993661371904
Spezial,155,SIGNAL4D_v6,False,36.41523825323463,9.768927315497844,11.522610768451015,24.3196736709049,32.29756221766164,21.98996041223705,9.768927315497848,11.522610768451015
Spezial,157,SIGNAL4D_v6,False,36.70388866938513,9.437101947673579,11.660859730530275,24.916495742117803,33.36401016323905,22.393331539990943,9.437101947673582,11.660859730530275
Spezial,159,SIGNAL4D_v6,False,37.13776811007068,9.273698260290265,11.625867411231585,25.644167493721888,31.043000166363917,23.34476800907897,9.273698260290267,11.625867411231585
Spezial,161,SIGNAL4D_v6,False,34.20962087480021,9.593644590041416,13.544209052224288,24.406557386800944,33.05831037185727,21.733809674160803,9.593644590041418,13.544209052224286
Spezial,163,SIGNAL4D_v6,False,35.349405360715686,9.424470015866556,12.303216732617805,23.498198407388248,30.30917071603642,21.21267782078756,9.424470015866559,12.303216732617807
Tisch,143,SIGNAL4D_v6,False,43.39504588909465,9.689794258645785,7.888513244097802,23.226376384123274,36.49255062584104,19.91715260650769,9.689794258645785,7.888513244097802
Tisch,145,SIGNAL4D_v6,False,45.95128247453891,10.786053481288418,7.9985351616811124,23.50058619843811,36.37282538114431,20.363129050579765,10.786053481288416,7.9985351616811124
Tisch,147,SIGNAL4D_v6,False,46.4680397532129,10.800696485211287,8.242275073922652,24.379863023821443,37.93844501967861,20.928487151705735,10.800696485211287,8.24227507392265
Tisch,149,SIGNAL4D_v6,False,43.78971832955101,10.132825069887872,8.774170905256012,23.660354410681176,37.644862486249515,20.316369707637442,10.13282506988787,8.774170905256012
Tisch,151,SIGNAL4D_v6,False,41.701679979792296,14.519766374042478,8.863014978087893,24.997977955591992,38.09675613312688,21.291065082233306,14.519766374042478,8.863014978087893
Tisch,153,SIGNAL4D_v6,False,38.10716597846598,11.46590315637717,7.379459934897851,25.33975104798611,39.031742558475585,21.46837536194613,11.46590315637717,7.37945993489785
Tisch,155,SIGNAL4D_v6,False,38.60838930870493,10.643563270658221,6.270976825220795,30.263210489594723,42.56977297869498,26.103176096184537,10.643563270658229,6.270976825220795
Tisch,157,SIGNAL4D_v6,False,41.056584551587356,7.14181807155929,5.664864838673348,31.25442545228583,44.91117284836861,26.893529844155307,7.14181807155929,5.664864838673345
Tisch,159,SIGNAL4D_v6,False,41.73582378821736,9.287813143102163,7.704741299179943,33.63621111924041,45.31815410202116,29.26585598501679,9.287813143102165,7.704741299179944
Tisch,161,SIGNAL4D_v6,False,38.12660236203368,10.901066792992522,9.22583617289376,29.058321935868868,36.271992352391386,25.606249533680668,10.901066792992522,9.22583617289376
Tisch,163,SIGNAL4D_v6,False,39.934649167214715,9.894390773521724,10.961435162047323,34.19340898300874,38.37091653958586,30.590255482912276,9.894390773521724,10.961435162047321
Tisch,165,SIGNAL4D_v6,False,46.31880688525453,11.462944583684477,12.126861999119717,39.13084024967464,47.65243902977531,34.415938201689784,11.462944583684477,12.12686199911972
Tisch,167,SIGNAL4D_v6,False,38.555496549639706,12.196966242179137,14.567197403747583,32.971326231577514,42.92698899631524,28.72522508605441,12.196966242179133,14.567197403747583
Treffen,132,SIGNAL4D_v6,False,43.22887499914886,12.396706689549994,10.9824282159441,31.05230454739637,46.519083771729434,26.521935197267947,12.396706689549994,10.982428215944099
Treffen,134,SIGNAL4D_v6,False,41.60112973785447,13.208066282398478,10.380604344122114,29.911573882121353,40.04555353333037,26.200840333565235,13.208066282398478,10.380604344122116
Treffen,136,SIGNAL4D_v6,False,40.61934918792813,13.779186266139169,10.38602741970455,26.174980487332387,34.34638642269658,23.00117978350683,13.779186266139167,10.38602741970455
Treffen,138,SIGNAL4D_v6,False,39.86500028119805,13.817647706745829,8.993245150555772,28.57960469660623,33.73425493278231,25.593712336222815,13.817647706745829,8.993245150555769
Treffen,140,SIGNAL4D_v6,False,39.442490601673306,12.334529048068948,8.428913578457106,25.3788332944725,30.56829534623104,22.538107005712842,12.334529048068948,8.428913578457106
Treffen,142,SIGNAL4D_v6,False,44.39185883357525,13.361003460622783,8.575860315710994,28.806534655927972,31.85811689190269,25.968547574129705,13.361003460622786,8.575860315710989
Treffen,144,SIGNAL4D_v6,False,39.87337540051261,13.448067078960339,8.46979377367607,27.297936757173296,31.036137219785324,24.40526397086767,13.44806707896034,8.46979377367607
Treffen,146,SIGNAL4D_v6,False,44.01625092962114,14.093173499938311,8.165900941698357,26.48026785979604,30.59596683250454,23.59870067368785,14.093173499938311,8.165900941698355
Treffen,148,SIGNAL4D_v6,False,43.11487956946565,13.986992373702249,8.298885902662875,29.16924677580916,33.277195500603185,26.219485545243508,13.98699237370225,8.298885902662873
Treffen,150,SIGNAL4D_v6,False,45.695823557641575,15.422280988686818,9.147860778624567,24.359175348863232,31.513682778305455,21.370229135566138,15.422280988686817,9.147860778624567
Treffen,152,SIGNAL4D_v6,False,40.39579031129209,15.98411607026377,9.04129421198154,23.9724518334298,30.380185191673185,21.202643250446993,15.984116070263774,9.04129421198154
Treffen,154,SIGNAL4D_v6,False,42.74203077262634,15.799520525227116,11.365185472912893,24.962966815435376,32.26734668403518,22.117226037185063,15.799520525227116,11.365185472912895
Treffen,156,SIGNAL4D_v6,False,44.58493694563578,15.991813565281051,10.743140061793214,22.45939794811645,28.509547547174872,19.96075346889187,15.991813565281051,10.743140061793216
Treffen,158,SIGNAL4D_v6,False,45.29083397831605,15.988063242189186,10.208926743453324,24.076848951749355,30.674943682334224,21.44383125163445,15.98806324218919,10.208926743453324
Treffen,160,SIGNAL4D_v6,False,45.4655267581979,16.649664354671653,10.629842100052356,22.892932138927293,30.875778577318613,20.141865795788846,16.649664354671653,10.629842100052354
Treffen,162,SIGNAL4D_v6,False,44.119498063392804,16.75394050119295,10.4443916854187,24.051860217077564,32.59249779277508,21.06928961089151,16.753940501192954,10.444391685418703
Treffen,164,SIGNAL4D_v6,False,44.88817700186779,16.6458459301004,9.881321893421914,21.34656037524704,32.017580405519524,18.296771578434306,16.6458459301004,9.881321893421914
Treffen,166,SIGNAL4D_v6,False,44.36700540706099,16.351371882196908,9.823795388562027,20.927376880432288,32.28117828654144,17.863505272799074,16.351371882196908,9.823795388562033
Treffen,168,SIGNAL4D_v6,False,44.36365324403098,15.863685056149139,9.646407568606692,20.588109579455622,31.521137306639567,17.561953022090936,15.863685056149139,9.646407568606692
Treffen,170,SIGNAL4D_v6,False,44.58537186825133,16.358578408110482,9.423723357045327,23.35083673650974,33.16653913563465,20.14789049196226,16.358578408110482,9.423723357045327
Treffen,172,SIGNAL4D_v6,False,43.35208596136589,16.329871809406306,9.791657151073867,21.082681244036397,32.40135164723941,17.969591823051882,16.329871809406303,9.791657151073865
Treffen,174,SIGNAL4D_v6,False,43.63336252673568,15.750608076948641,9.893630934309344,20.739263366132086,31.975212267888935,17.6841106975054,15.750608076948641,9.893630934309341
Treffen,176,SIGNAL4D_v6,False,43.62805990023476,16.05251219719234,9.704724614912289,20.71629415126208,31.65518218448627,17.686265642575314,16.05251219719234,9.704724614912287
Treffen,178,SIGNAL4D_v6,False,44.32126874975625,16.000487510077846,9.879086418603865,20.654004068641107,31.536972444406008,17.642448188204053,16.000487510077846,9.879086418603867
Treffen,180,SIGNAL4D_v6,False,43.166249079633154,15.796658730611808,9.664242968190857,21.11796019191024,31.51649054266512,18.12253753928587,15.796658730611808,9.664242968190855
Treffen,182,SIGNAL4D_v6,False,44.423071617924876,16.217217947455342,9.821137989741507,21.414333840588252,32.2572687178987,18.33130349968606,16.217217947455335,9.821137989741507
Treffen,184,SIGNAL4D_v6,False,44.59780599496606,15.821630864249668,9.862077151409027,21.0593343058533,32.48982507216141,17.932723090682607,15.821630864249668,9.862077151409027
Treffen,186,SIGNAL4D_v6,False,43.0429464509782,15.318291355436935,9.662871616860246,20.594372530996985,31.46607519428834,17.586268350639514,15.318291355436937,9.662871616860246
Vater,151,SIGNAL4D_v6,True,42.504763051011125,,12.494295831011788,42.274656313031784,60.51128648923336,36.23331621041109,,12.494295831011787
Vater,153,SIGNAL4D_v6,True,47.47268237306887,,13.227549407314227,46.4495483797922,65.03611711898397,39.98379623588578,,13.227549407314227
Vater,155,SIGNAL4D_v6,True,44.419788010702575,,11.988516124530957,43.52515659366255,62.34948235186622,37.38335321600913,,11.988516124530957
Vater,157,SIGNAL4D_v6,True,43.17108825219547,,10.376184570197434,42.02494626184416,58.75074569739295,36.09616185553639,,10.376184570197434
Vater,159,SIGNAL4D_v6,True,41.327429413357706,,9.391686479826557,38.96884139678731,56.36289525187677,33.31907139301545,,9.391686479826554
Vater,161,SIGNAL4D_v6,True,40.57303263541333,,8.231280870400019,35.432562065365,52.42938823420792,30.328084619691584,,8.231280870400019
Vater,163,SIGNAL4D_v6,True,38.81388786666361,,8.270825385885388,32.13653158642918,49.5266770823308,27.417309367448674,,8.270825385885388
Vater,165,SIGNAL4D_v6,True,43.7685611114562,,7.6537967007638725,36.13084334476959,56.37743324554412,30.94323478161936,,7.653796700763876
Vater,167,SIGNAL4D_v6,True,43.66368168781004,,8.62859974870806,34.29629449505964,49.151594675697375,29.328060714111505,,8.628599748708059
Vater,169,SIGNAL4D_v6,True,38.639045060830796,,9.070811921001978,31.066683226721054,46.98591862135907,26.528890058332536,,9.070811921001976
Vater,171,SIGNAL4D_v6,True,40.22333733470589,,9.57287508859544,29.09868709486146,44.14409078617296,25.742141746305887,,9.572875088595442
Vater,173,SIGNAL4D_v6,True,38.541225074448185,,9.926668337525609,26.761548202027292,39.75697584626299,23.757517504094125,,9.926668337525609
Vater,175,SIGNAL4D_v6,True,39.178518368053226,,9.349388930331362,26.3185259901026,38.4400634503525,23.39012785901915,,9.34938893033136
Vater,177,SIGNAL4D_v6,True,40.17102988600387,,9.93708538377769,26.55655418517807,39.2493933010925,23.15898864851308,,9.937085383777694
Vater,179,SIGNAL4D_v6,True,42.75290841190598,,9.890911652266764,31.770360239770298,46.12318691137616,27.725070479887805,,9.890911652266766
Vater,181,SIGNAL4D_v6,True,44.75184416543154,,10.15420478957679,32.111766495927185,46.70794547521426,27.907561969388226,,10.154204789576793
Vater,183,SIGNAL4D_v6,True,42.58771839980312,,10.788151513169021,31.671286930824937,44.932229894966945,27.675820015802486,,10.788151513169021
Vater,185,SIGNAL4D_v6,True,47.375554432204204,,10.970505466298766,41.59493270952494,59.003274000597266,35.80676227162985,,10.970505466298766
Vater,187,SIGNAL4D_v6,True,45.06244116834623,,11.56681952506383,39.9588423340522,58.60552997635146,34.440202053130406,,11.566819525063826
Vater,189,SIGNAL4D_v6,True,48.185059843812475,,11.90489408478893,47.45306498413051,66.43814656753432,40.82801076820684,,11.90489408478893
Vater,191,SIGNAL4D_v6,True,43.72631874409822,,12.187147272896247,39.1199610472935,56.483402601922876,33.73352961035887,,12.187147272896247
Vater,193,SIGNAL4D_v6,True,45.1608657696964,,13.105841140263808,40.10175934787979,60.789254683556734,34.40997374955945,,13.105841140263808
Vater,195,SIGNAL4D_v6,True,44.12064972398198,,12.914757157922685,40.76722304494785,60.71398733960079,34.984994770679165,,12.91475715792269
Vater,197,SIGNAL4D_v6,True,49.11594871803509,,12.900048535350429,43.76330400901049,64.47953408089329,37.52112328630669,,12.900048535350429
Vater,199,SIGNAL4D_v6,True,44.705612348335734,,12.739883295379105,39.981511667698626,58.56383707626724,34.60413995301692,,12.739883295379107
Vater,201,SIGNAL4D_v6,True,44.95721514828473,,12.861588689288507,40.99568378156446,60.735194242193515,35.22680520895605,,12.861588689288507
Vater,203,SIGNAL4D_v6,True,48.2786571613535,,12.51258457129056,43.61114951216166,63.430202113889955,37.38561284651586,,12.51258457129056
Verschieden,142,SIGNAL4D_v6,False,40.99160870640247,15.357703818673226,8.168162681917984,31.661228306875532,40.28738052538092,28.011274942331625,15.357703818673226,8.168162681917988
Verschieden,144,SIGNAL4D_v6,False,41.65266350749208,14.628663236029592,9.516134595903491,30.611563319984036,39.16641127656017,26.935625196114724,14.628663236029588,9.51613459590349
Verschieden,146,SIGNAL4D_v6,False,40.875675492165314,14.431037249453363,9.974070033711802,28.074026237971722,39.3149541765033,24.276119352094046,14.431037249453363,9.974070033711802
Verschieden,148,SIGNAL4D_v6,False,44.29807699060209,12.496730613811293,10.098039025179768,28.366963887136123,41.17233445553835,24.228097140934512,12.496730613811293,10.09803902517977
Verschieden,150,SIGNAL4D_v6,False,45.62958521272464,9.76981179729448,10.409266146663608,30.066163962067755,44.496397837572324,25.675351306907196,9.769811797294484,10.409266146663608
Verschieden,152,SIGNAL4D_v6,False,43.82432738646341,9.674654387852726,12.823490453539499,29.272632202433815,43.56313251124076,24.962044198358697,9.674654387852726,12.823490453539497
Verschieden,154,SIGNAL4D_v6,False,40.335457212361774,9.18638278166193,15.190405980814495,30.875016812248237,46.46064587373952,26.14641903381152,9.18638278166193,15.190405980814495
Verschieden,156,SIGNAL4D_v6,False,38.545899115891906,9.835153382803101,15.910581599468687,30.65455012149156,45.70443046378164,26.027443005554247,9.835153382803105,15.910581599468687
Verschieden,158,SIGNAL4D_v6,False,37.825290994159644,9.688879892513459,16.139671838665333,30.306750696136174,42.7567679058048,26.089998709900048,9.688879892513457,16.139671838665333
Verschieden,160,SIGNAL4D_v6,False,37.06100847036593,11.728258499705282,16.384432223448893,30.28618773693878,40.869106421868246,26.278584555684734,11.728258499705282,16.384432223448893
Verschieden,162,SIGNAL4D_v6,False,39.2980178431653,9.699725295234716,14.052398739579745,33.55772171902668,44.79374584445518,29.488290770776146,9.699725295234716,14.052398739579745
Verschieden,164,SIGNAL4D_v6,False,37.38564037161116,10.142048292955089,14.287622756076244,29.083584079756495,40.62385438398032,25.44929311857002,10.14204829295509,14.287622756076244
Verschieden,166,SIGNAL4D_v6,False,39.86526806794096,11.104684268518117,13.126140026422444,28.4245447986288,40.54619338129121,24.784474453582533,11.104684268518117,13.126140026422444
Verschieden,168,SIGNAL4D_v6,False,39.36802751919343,11.96653828142017,10.95255647076361,29.571531038433093,39.22378275413465,26.083630442499523,11.96653828142017,10.952556470763609
Verschieden,170,SIGNAL4D_v6,False,39.69518742435059,14.266278516786654,10.668955633069633,29.872598137119468,42.01501628505358,26.06477881502335,14.266278516786654,10.668955633069633
Verschieden,172,SIGNAL4D_v6,False,38.19386888270224,14.82751621451551,11.096164304325294,26.508816130434614,37.58981478578253,22.96104677081559,14.827516214515512,11.09616430432529
Verschieden,174,SIGNAL4D_v6,False,39.68489583777923,13.1808300981344,11.726910585079255,28.954244072447267,39.91532623410724,25.221254895473354,13.180830098134402,11.72691058507926
Verschieden,176,SIGNAL4D_v6,False,40.76340648791931,13.551894021255306,11.761248923107178,27.472642580419937,39.497768550209855,23.642266589404546,13.551894021255304,11.761248923107178
Verschieden,178,SIGNAL4D_v6,False,40.23319012659455,11.543229443701978,12.740500441275245,27.283957802294132,39.655915386725916,23.4949016125743,11.543229443701977,12.740500441275243
Verschieden,180,SIGNAL4D_v6,False,38.889605730493166,10.557389821108234,13.512127132028677,28.535781889031043,41.8954406805061,24.438077777340997,10.557389821108234,13.512127132028674
Verschieden,182,SIGNAL4D_v6,False,38.97908181742489,12.246725550319582,16.018896302872044,28.950095652639508,41.87563640362824,24.828057149328874,12.246725550319582,16.018896302872044
Verschieden,184,SIGNAL4D_v6,False,36.20599074865532,11.626323643045925,15.44829099507782,26.974917036272924,38.80903595231819,23.108374875482244,11.626323643045923,15.448290995077823
Verschieden,186,SIGNAL4D_v6,False,35.161772371628395,12.730838540433895,15.540120910891456,27.18023930718228,39.07680979140574,23.284759187039946,12.730838540433895,15.540120910891456
Verschieden,188,SIGNAL4D_v6,False,38.65353711647325,12.170943703491135,14.707873761038613,28.846098287072902,40.647847950267014,24.92886658075168,12.17094370349114,14.707873761038618
Verschieden,190,SIGNAL4D_v6,False,40.20032423924923,10.952399671142194,14.109428105185243,28.444146036091286,40.986112675983435,24.594392146704404,10.952399671142192,14.109428105185243
Verschieden,192,SIGNAL4D_v6,False,37.82449612714615,10.756778278609268,13.711254967813359,26.48123593829689,38.92494742334607,22.738756691842138,10.756778278609268,13.711254967813359
Verschieden,194,SIGNAL4D_v6,False,37.94892772934786,14.058444904067068,11.522559654069985,25.738909866042984,36.39206764104516,22.313756857109976,14.058444904067068,11.522559654069985
Verschieden,196,SIGNAL4D_v6,False,39.3762051652762,13.091277744828925,10.792770676836076,28.77425384823756,39.63603322356672,25.108542749555852,13.09127774482892,10.792770676836076
Verschieden,198,SIGNAL4D_v6,False,40.43778174640148,14.240881758938011,10.451867115522312,28.474819159226435,40.63504473144182,24.667510148748136,14.240881758938016,10.451867115522306
Verschieden,200,SIGNAL4D_v6,False,42.58296897005994,13.91171283808543,10.489389631888734,31.52214188822522,41.15680776123428,27.695428128444693,13.911712838085428,10.489389631888736
Verschieden,202,SIGNAL4D_v6,False,41.46912508629716,19.5485407926821,11.498236927989884,28.997422280093975,39.7149703897688,25.145848672668812,19.5485407926821,11.498236927989884
Verschieden,204,SIGNAL4D_v6,False,43.230076619987436,12.211260759590441,11.687816071661928,27.757691363957488,38.50809823690106,24.02167291693052,12.211260759590441,11.687816071661928
Verschieden,206,SIGNAL4D_v6,False,40.304692855435974,11.224779659696997,12.738730956841577,26.848989451858536,38.93251892549188,22.901988954937654,11.224779659696997,12.738730956841575
Verschieden,208,SIGNAL4D_v6,False,42.7081653976761,11.22802359943394,13.33752385297897,33.83006292867789,45.108441479768615,29.55024996407564,11.22802359943394,13.33752385297897
Verschieden,210,SIGNAL4D_v6,False,40.84357071752467,10.654661518238527,14.647487226490586,33.76646174376867,43.804903194358104,29.686398960191365,10.654661518238527,14.647487226490586
Verschieden,212,SIGNAL4D_v6,False,40.34501756072541,10.846869043565825,16.94587397064038,30.06973821020954,39.79042019325465,26.520709685523766,10.846869043565825,16.945873970640378
Verschieden,214,SIGNAL4D_v6,False,39.14946071527425,10.836166575034252,15.903051257198253,35.71316818813148,44.48371669528508,31.654118807937586,10.836166575034255,15.903051257198253
Verschieden,216,SIGNAL4D_v6,False,37.793408850638166,10.367380467837314,16.227217829825463,33.9181491628722,43.3824399390302,29.889806339576026,10.367380467837314,16.22721782982546
Verschieden,218,SIGNAL4D_v6,False,36.84372952852364,11.734320916601513,14.803940238670354,28.33765526911741,40.379104146572985,24.383685683359086,11.734320916601513,14.803940238670354
Verschieden,220,SIGNAL4D_v6,False,36.491336366042326,11.305179325984339,15.386964706991858,29.67109263706828,41.11957429676976,25.721243766696247,11.305179325984339,15.386964706991852
Verschieden,222,SIGNAL4D_v6,False,39.22324716090508,11.475034978480423,14.934611550505506,32.32922133157279,42.79500158966995,28.27723916309799,11.475034978480423,14.93461155050551
VorsichtPassAuf,147,SIGNAL4D_v6,False,64.77131700554517,7.139720309017488,11.516684749443495,51.45509071552577,42.65993664403844,48.516892379944004,7.139720309017489,11.516684749443494
VorsichtPassAuf,149,SIGNAL4D_v6,False,65.31135662197754,12.198517056722098,9.892938148893947,50.57692321681021,46.78867317787292,47.14226959930029,12.198517056722096,9.892938148893947
VorsichtPassAuf,151,SIGNAL4D_v6,False,57.378617277701544,11.17361778451863,9.102479950881662,45.655251866305406,42.52938656850071,42.55660262984207,11.173617784518628,9.102479950881664
VorsichtPassAuf,153,SIGNAL4D_v6,False,51.30865256014055,6.983940905152409,8.669461542088815,36.68180427355397,30.693159589001088,34.4144581105432,6.983940905152407,8.669461542088817
VorsichtPassAuf,155,SIGNAL4D_v6,False,51.96728614747492,10.817789696010369,9.382855960624434,35.09251847044434,34.594728806175,32.595723837444496,10.817789696010367,9.382855960624434
VorsichtPassAuf,157,SIGNAL4D_v6,False,34.7516850807101,7.95758544004794,9.094419886169012,21.7112834138076,30.406925327277136,19.213785804540446,7.957585440047944,9.094419886169014
VorsichtPassAuf,159,SIGNAL4D_v6,False,36.445568157892566,7.724079422689655,9.888587849274298,26.199961878108123,34.791079137749676,23.46106527851275,7.724079422689655,9.888587849274298
VorsichtPassAuf,161,SIGNAL4D_v6,False,33.31222308048239,9.473062086002356,10.504372368342645,21.5416892996359,31.992977710326095,18.50893668305818,9.473062086002356,10.504372368342645
VorsichtPassAuf,163,SIGNAL4D_v6,False,34.10821997772449,8.286788674557826,10.71354762225047,22.857948661506807,34.94501732665919,19.526398405211527,8.286788674557828,10.71354762225047
VorsichtPassAuf,165,SIGNAL4D_v6,False,31.039209703903904,8.917722004139211,11.614706105606182,21.399332018532814,33.08943231143276,18.300989841745412,8.917722004139213,11.614706105606183
VorsichtPassAuf,167,SIGNAL4D_v6,False,32.96545801907695,8.853379080870264,11.584255307673276,22.72176090736977,35.11609256925243,19.247374992696574,8.853379080870264,11.58425530767328
VorsichtPassAuf,169,SIGNAL4D_v6,False,33.13191528729514,8.136480710152034,12.392423841256385,19.91675178117757,29.122573754702724,16.966741698141785,8.136480710152037,12.392423841256385
Waschen,131,SIGNAL4D_v6,False,43.25082936644818,14.740860346977898,13.299412400091695,24.199593234889626,37.68057777770181,21.104637964871287,14.740860346977898,13.299412400091695
Waschen,133,SIGNAL4D_v6,False,45.2847057285663,15.705182594176241,13.839154147500711,28.495732229722947,44.307531788367406,24.71147653624857,15.705182594176241,13.839154147500711
Waschen,135,SIGNAL4D_v6,False,47.81680636080949,15.922169147641181,13.928665776653418,25.980161034422228,42.235004663818245,22.440958989061457,15.922169147641181,13.928665776653418
Waschen,137,SIGNAL4D_v6,False,50.22645791806632,17.89226773713017,12.269938764150751,25.89191054244278,41.45233136466923,22.37159874872633,17.89226773713017,12.269938764150748
Waschen,139,SIGNAL4D_v6,False,51.55748314202654,15.504031158582471,11.868709918587411,27.978736696809545,46.247592884619,24.17131562001996,15.504031158582467,11.868709918587411
Waschen,141,SIGNAL4D_v6,False,50.44139306016861,19.228633912767112,11.852858792905039,25.696365339759094,42.21936281975083,22.15329714235953,19.228633912767112,11.852858792905039
Waschen,143,SIGNAL4D_v6,False,46.410246793807005,21.20799757108878,13.687865220673345,23.631557465462446,38.29063686730498,20.538338651518945,21.20799757108878,13.687865220673343
Waschen,145,SIGNAL4D_v6,False,46.48054772106937,20.37375425585624,14.79067221760346,23.17954347053767,37.232688461406305,20.27047214042265,20.37375425585624,14.79067221760346
Waschen,147,SIGNAL4D_v6,False,46.78784036341249,21.566252840674593,10.886854592988643,22.81415319886163,34.90885652545665,20.305382553426366,21.56625284067459,10.886854592988641
Waschen,149,SIGNAL4D_v6,False,44.67384131035447,20.817728674756097,12.754954870727506,24.175823673182368,37.249006883723695,21.45118512503727,20.817728674756093,12.754954870727508
Waschen,151,SIGNAL4D_v6,False,50.574268630216324,20.65248902386178,13.7235813956045,27.572150765210566,43.71485212275119,24.390746569380862,20.65248902386178,13.723581395604496
Waschen,153,SIGNAL4D_v6,False,49.33874805381762,20.6794021117826,13.958336357631234,29.905436593835443,48.81642445810353,25.822231241166378,20.6794021117826,13.958336357631238
Waschen,155,SIGNAL4D_v6,False,45.87952269705636,20.982185417780943,13.328374408726882,26.622407785881432,43.21949275777544,23.160230202670803,20.982185417780943,13.328374408726882
Waschen,157,SIGNAL4D_v6,False,45.05866097558185,20.85382326351774,14.142105707438699,24.507172405279597,39.67623992142204,21.36848410823731,20.853823263517743,14.142105707438699
Waschen,159,SIGNAL4D_v6,False,50.99188512157544,20.10404645654329,13.005677033916065,26.606467948613208,42.33529072173986,23.143900435968852,20.10404645654329,13.005677033916065
Waschen,161,SIGNAL4D_v6,False,47.38025404518743,20.64155909141345,14.112490636275627,22.970526047598195,36.36394774051772,20.10521118785922,20.641559091413452,14.112490636275627
Waschen,163,SIGNAL4D_v6,False,44.683383021891856,20.39115514840026,13.503660634716217,23.838307578016057,38.355537170688606,20.86885421375097,20.39115514840026,13.503660634716217
Waschen,165,SIGNAL4D_v6,False,46.139827756325374,20.322829161455875,13.247963214290618,25.637629387687042,41.07360035759954,22.2834984801374,20.32282916145587,13.24796321429062
Waschen,167,SIGNAL4D_v6,False,46.03641137528449,20.721061562523907,13.337768988152364,27.373925648138243,43.01741002026773,23.898341949503322,20.721061562523907,13.33776898815236
Waschen,169,SIGNAL4D_v6,False,45.80295325038193,20.670737662831925,12.526214645544686,27.20954643633392,42.73476774520871,23.60178955675328,20.670737662831925,12.526214645544691
Waschen,171,SIGNAL4D_v6,False,46.348385629189245,20.753923135123664,13.43601281579748,26.17556510636898,41.79530493371678,22.767217626372535,20.753923135123657,13.43601281579748
Waschen,173,SIGNAL4D_v6,False,45.66572205145778,20.580133160865024,13.973762021490938,26.305125071646458,42.124290858232015,22.69539236546029,20.580133160865024,13.973762021490936
Waschen,175,SIGNAL4D_v6,False,47.42594525372982,20.337826825760676,13.740897627233583,27.131112824392506,43.88332161816671,23.425010676206355,20.337826825760676,13.740897627233581
Waschen,177,SIGNAL4D_v6,False,46.775655145982306,20.356321286565493,13.077564642443663,23.378450057166155,37.22118985819926,20.419724583194046,20.356321286565493,13.077564642443663
Waschen,179,SIGNAL4D_v6,False,47.629474708694566,19.959812873427598,13.089516305634335,26.645226974169667,42.69067516054961,23.03199967873827,19.959812873427598,13.089516305634337
Waschen,181,SIGNAL4D_v6,False,46.48132188247525,20.610737525328307,12.635183269357874,26.222516381322144,41.774669445107584,22.67397290505994,20.610737525328307,12.635183269357874
Waschen,183,SIGNAL4D_v6,False,48.33308625575854,20.13160361774117,12.659553811578295,26.668536158093293,43.03980762176194,23.086644861792234,20.13160361774117,12.659553811578295
Waschen,185,SIGNAL4D_v6,False,45.77901607024456,20.682358477737385,12.411383948179859,23.78647775672045,38.16256851764924,20.791269972687225,20.682358477737385,12.411383948179857
Waschen,187,SIGNAL4D_v6,False,45.572077573375886,20.350304732636854,12.706511631859978,24.879707638266492,39.12016375380884,21.64262150607819,20.350304732636854,12.706511631859978
Widerspruch,134,SIGNAL4D_v6,False,42.62860991131106,13.699358713465923,12.691866180940291,18.965976042443675,29.28935815811464,16.686921489172185,13.699358713465923,12.691866180940291
Widerspruch,136,SIGNAL4D_v6,False,48.294184105268194,14.84425581441189,11.386595716652824,23.923049168171353,34.24117458536795,21.010989938984117,14.84425581441189,11.386595716652822
Widerspruch,138,SIGNAL4D_v6,False,47.043026501992934,14.103724971169857,10.276796520913058,25.265537109928832,37.5804544170678,22.379540032307666,14.103724971169857,10.276796520913056
Widerspruch,140,SIGNAL4D_v6,False,47.80335959553279,14.934451016108854,9.086158104731025,28.34655533825733,41.61867677434534,24.668126879174643,14.934451016108854,9.086158104731025
Widerspruch,142,SIGNAL4D_v6,False,55.61880930645383,16.95961257704234,9.063713468481648,39.54308953612806,47.46775589878176,35.543604210449324,16.95961257704234,9.063713468481646
Widerspruch,144,SIGNAL4D_v6,False,40.72277546169903,16.681959038167584,10.976770499543,26.07879810009082,39.83801830239913,23.106861630690258,16.68195903816758,10.976770499543006
Widerspruch,146,SIGNAL4D_v6,False,43.96380335903699,17.02266831642379,10.66826950522573,28.607814708533354,43.24790034086382,24.96689014023487,17.022668316423793,10.668269505225734
Widerspruch,148,SIGNAL4D_v6,False,40.70519124780715,16.228374752363216,9.545489770458857,28.139801986434094,39.497948797106865,25.08682935744185,16.228374752363216,9.545489770458857
Widerspruch,150,SIGNAL4D_v6,False,41.096221897922085,17.70479170242473,10.073098331370034,30.576987114813072,44.35804419139459,26.95452166775865,17.70479170242473,10.073098331370028
Widerspruch,152,SIGNAL4D_v6,False,40.6436711296625,16.029352770375084,11.067246174144275,29.16198949329522,45.988717221338355,25.36231241115475,16.029352770375084,11.067246174144278
Widerspruch,154,SIGNAL4D_v6,False,42.49602999762774,15.915876888340723,11.30274022110936,29.85918492371951,46.953336378952564,25.993075407472595,15.915876888340723,11.30274022110936
Widerspruch,156,SIGNAL4D_v6,False,45.06420358940782,17.35461540413538,11.401749523220992,36.10728684444162,57.35873638482991,31.080027284796344,17.35461540413538,11.401749523220994
Widerspruch,158,SIGNAL4D_v6,False,39.54998536163778,15.995232266351827,10.166176990207429,29.82383977021032,48.006059479776155,25.844751974492517,15.995232266351831,10.166176990207429
Widerspruch,160,SIGNAL4D_v6,False,40.772623765908506,16.602022055203545,9.5917622691518,31.345235669863637,50.46532359290444,27.106357189048293,16.602022055203545,9.5917622691518
Ziel,126,SIGNAL4D_v6,False,52.629166304225436,13.691658701953465,15.825766608800473,46.71174192505221,80.05325904182568,39.40788337294935,13.691658701953463,15.825766608800473
Ziel,128,SIGNAL4D_v6,False,47.40381871830012,14.317805763360784,15.272409901066391,40.772217170067854,68.93681487444537,34.56003425503079,14.317805763360786,15.272409901066396
Ziel,130,SIGNAL4D_v6,False,48.341083495959815,14.621920964040664,14.31073726359568,42.55031182369053,72.31484514291846,36.230178469448944,14.621920964040662,14.31073726359568
Ziel,132,SIGNAL4D_v6,False,48.66707233409489,13.369962463317567,13.79210493797776,41.53044163386276,69.00804240852598,35.220484925414965,13.369962463317565,13.79210493797776
Ziel,134,SIGNAL4D_v6,False,50.086240986441496,13.560110463176565,13.894670927816932,40.55452428627569,67.15509115671661,34.367046547013096,13.56011046317656,13.894670927816932
Ziel,136,SIGNAL4D_v6,False,48.71786777408822,12.959604967026948,12.650540946704066,37.91405462930094,62.72740223238345,32.204831490488054,12.959604967026948,12.650540946704062
Ziel,138,SIGNAL4D_v6,False,46.52627631214861,12.891499984842284,12.519139761350699,33.88510809175138,55.77509186689975,28.841836884905504,12.891499984842284,12.5191397613507
Ziel,140,SIGNAL4D_v6,False,47.04085839568333,13.269893353177999,12.363962570251868,30.984793044760508,50.32766126848511,26.55014357347898,13.269893353177995,12.363962570251868
Ziel,142,SIGNAL4D_v6,False,40.351261972193406,13.804766678271728,12.18834367320028,27.155591711286053,42.93654046840117,23.48540787911482,13.80476667827173,12.188343673200281
Ziel,144,SIGNAL4D_v6,False,43.99998102182685,13.715657690638698,11.875543638501322,29.54608849504682,47.9462621861749,25.106677364303348,13.715657690638698,11.875543638501316
Ziel,146,SIGNAL4D_v6,False,41.174591192129256,13.174178686322275,12.083824386750026,27.425182441318118,41.633731459223085,23.56826521447994,13.174178686322277,12.08382438675003
Ziel,148,SIGNAL4D_v6,False,40.84321309763035,13.177708885004895,11.628867121845785,26.90522506488458,39.80846095961347,23.23619177003866,13.177708885004895,11.628867121845786
Ziel,150,SIGNAL4D_v6,False,40.15520237226336,13.117325053699123,12.266907112888632,30.58596815595959,41.46042220318312,26.886238414453864,13.117325053699123,12.266907112888632
Ziel,152,SIGNAL4D_v6,False,39.182083511414255,13.13633952668139,12.408905995105382,26.44061633825919,38.2933948100603,22.888837807063332,13.136339526681386,12.408905995105386
Ziel,154,SIGNAL4D_v6,False,40.22900757004848,13.315930371804782,12.968579063365697,27.216664896926453,42.00997788891945,23.671354822971068,13.315930371804782,12.968579063365697
Ziel,156,SIGNAL4D_v6,False,37.77579677609592,13.240069975365765,13.066349604608437,24.82786355579667,36.436492117923116,21.518008837528374,13.240069975365763,13.066349604608435
Ziel,158,SIGNAL4D_v6,False,34.189152670978864,13.828009338463074,13.013479404184622,27.183143783361505,36.86113067185176,24.018878232804905,13.828009338463074,13.013479404184622
Ziel,160,SIGNAL4D_v6,False,37.72748595187464,13.551079120438027,12.921949754788066,24.273883070477712,35.09532504675184,21.170974761252722,13.551079120438027,12.921949754788066
Ziel,162,SIGNAL4D_v6,False,38.74173800443485,13.532248523248835,12.816904337892133,25.79665970497229,35.76312601636623,22.90068953625969,13.532248523248835,12.816904337892135
Ziel,164,SIGNAL4D_v6,False,40.062314175927554,14.049797130521092,12.481197034355047,26.15289610531137,39.805577625965434,22.744159612773824,14.049797130521092,12.481197034355048
Ziel,166,SIGNAL4D_v6,False,40.56863955010152,14.189958833708125,12.223417679747024,25.051389521275038,35.94659123542495,21.835371421285007,14.189958833708127,12.223417679747026
Ziel,168,SIGNAL4D_v6,False,41.283857463072884,13.92355576332484,12.227722050292993,24.688696920098707,34.70317899606448,21.563415990128313,13.92355576332484,12.227722050292993
Ziel,170,SIGNAL4D_v6,False,42.32780959881062,13.931908804922264,12.090228036728094,27.612329519535844,41.01471474644318,23.880476231853372,13.931908804922266,12.090228036728094
Ziel,172,SIGNAL4D_v6,False,42.80280035445722,14.040814971948441,12.021765433167857,26.191763617770178,36.66451837852125,22.822533256068628,14.040814971948441,12.02176543316786
Ziel,174,SIGNAL4D_v6,False,40.27069039710453,13.693873638295766,11.98859438304743,29.98356943485327,44.65280121332035,25.803996784136693,13.693873638295763,11.98859438304743
Ziel,176,SIGNAL4D_v6,False,39.09922071291861,13.841357449967864,11.977325314301263,24.292270046847136,35.312028091263834,21.065397230422043,13.841357449967864,11.977325314301263
Ziel,178,SIGNAL4D_v6,False,38.47358129961774,13.539876716664201,12.106700255433289,24.001417107228594,33.3121740442713,20.83728956839744,13.5398767166642,12.106700255433289
Ziel,180,SIGNAL4D_v6,False,38.746490567742676,13.685548441865036,11.851566441019575,26.29465167530325,36.92347915373444,22.775260966065453,13.685548441865036,11.851566441019578
Ziel,182,SIGNAL4D_v6,False,39.7987699298994,13.72800982581707,12.149895515341374,24.246987254831687,34.19719277321111,21.02129726179181,13.72800982581707,12.149895515341377
Ziel,184,SIGNAL4D_v6,False,39.376646872839146,13.760484355867868,12.05530046614692,23.909259469110452,34.21506649124937,20.751417158035785,13.760484355867868,12.055300466146914
reparieren,119,SIGNAL4D_v6,False,43.335645157781705,14.14760704028392,9.482197204976718,21.145561538623877,29.168802742055355,19.052196915390667,14.14760704028392,9.482197204976718
reparieren,121,SIGNAL4D_v6,False,40.88398785604126,14.444909563130402,9.72227913771188,21.446545463937856,31.722931386329098,19.277796632702714,14.444909563130398,9.72227913771188
reparieren,123,SIGNAL4D_v6,False,41.93243086937506,14.13058441127697,9.114081792142153,20.473272548111495,28.94115342238537,18.714016742961807,14.13058441127697,9.114081792142153
reparieren,125,SIGNAL4D_v6,False,40.209469990519445,12.962413789731906,9.622032518953212,23.72662512465866,34.686088921856324,21.099467911504888,12.962413789731908,9.622032518953208
reparieren,127,SIGNAL4D_v6,False,40.50190091226114,13.431285544312432,10.351016040335322,27.717910845602074,42.62227346816457,24.121378006039265,13.431285544312432,10.351016040335324
reparieren,129,SIGNAL4D_v6,False,38.16734527513581,12.895734425137492,9.482208179235094,27.135752652700585,40.61733282567298,23.90462582025096,12.895734425137492,9.482208179235096
reparieren,131,SIGNAL4D_v6,False,43.93351798585893,13.46632170952014,10.429585148544898,25.934511657252646,40.3271444045208,23.27174418727894,13.466321709520141,10.429585148544895
reparieren,133,SIGNAL4D_v6,False,43.88301037950862,13.886635926458343,10.38284000854403,25.74034652594624,40.526284015099,22.441806146353386,13.886635926458343,10.38284000854403
reparieren,135,SIGNAL4D_v6,False,49.69942069561635,14.209387263902427,9.927317214922677,26.020649728433177,40.782043397707504,22.676360781869256,14.209387263902423,9.927317214922677
reparieren,137,SIGNAL4D_v6,False,50.34348675981238,15.12288281493896,10.039256207488092,22.645403791775514,35.36122361359476,20.03691341217284,15.122882814938963,10.03925620748809
reparieren,139,SIGNAL4D_v6,False,46.462304669527775,14.354238749832861,8.752171240834805,23.90405501779927,35.08464246609163,21.08996096349969,14.354238749832863,8.752171240834802
reparieren,141,SIGNAL4D_v6,False,43.396181752575906,14.14568716387801,8.888054371999296,24.01134162565791,36.4802972636025,21.1727495243201,14.145687163878009,8.888054371999297
reparieren,143,SIGNAL4D_v6,False,41.75006875905717,14.524652745941518,10.854578339119598,26.563227194332633,39.74934006693358,23.47657416745052,14.524652745941518,10.854578339119598
reparieren,145,SIGNAL4D_v6,False,41.617388881066915,13.635165542165263,10.167109325183977,25.40273864567418,38.092221506585624,22.5363074796411,13.635165542165263,10.167109325183976
reparieren,147,SIGNAL4D_v6,False,41.34701112377802,13.693376647478594,9.851886993531606,25.165012603467325,37.46015864282902,22.35185016745029,13.693376647478596,9.851886993531606
reparieren,149,SIGNAL4D_v6,False,42.17498843139408,14.441631610516238,10.59731384061252,25.43844094165363,39.20544691070675,22.472186182834513,14.441631610516236,10.59731384061252
reparieren,151,SIGNAL4D_v6,False,44.28784516976552,14.175674242297413,10.421529137169017,25.570494292808544,37.3456709902972,22.721784137358593,14.175674242297413,10.42152913716902
reparieren,153,SIGNAL4D_v6,False,45.20969327421377,13.936357845973056,10.07929764787982,22.75339470077899,33.385698743061276,20.326820164327785,13.93635784597305,10.07929764787982
reparieren,155,SIGNAL4D_v6,False,44.50394131248765,14.083916000467667,10.087999497864837,22.7964721524433,34.73443088190895,20.227606921546624,14.083916000467665,10.087999497864832
reparieren,157,SIGNAL4D_v6,False,41.49812993272981,16.849118838808636,9.921214563498433,21.54711402110565,31.178597628046855,19.365537131505768,16.84911883880864,9.92121456349843
reparieren,159,SIGNAL4D_v6,False,43.05237405006815,14.533209116547,9.75411162044934,24.46026138554621,36.49008465245545,21.60932434348032,14.533209116547003,9.75411162044934
reparieren,161,SIGNAL4D_v6,False,44.87828271381886,14.09832107392162,11.54574673595483,25.078356561584986,37.07123071430794,22.18083072138537,14.09832107392162,11.545746735954832
